    0.000000000    0.378033306    0.378083592
    0.028345892    0.378085623    0.378089605
    0.056691784    0.378138762    0.378095498
    0.085037676    0.378177726    0.378101222
    0.113383567    0.378192150    0.378106769
    0.141729459    0.378179523    0.378112176
    0.170075351    0.378145888    0.378117508
    0.198421243    0.378103831    0.378122845
    0.226767135    0.378068438    0.378128264
    0.255113027    0.378052519    0.378133821
    0.283458919    0.378062612    0.378139540
    0.311804810    0.378097013    0.378145401
    0.340150702    0.378146426    0.378151352
    0.368496594    0.378196980    0.378157313
    0.396842486    0.378234628    0.378163201
    0.425188378    0.378249549    0.378168948
    0.453534270    0.378239144    0.378174523
    0.481880162    0.378208744    0.378179940
    0.510226053    0.378169829    0.378185259
    0.538571945    0.378136364    0.378190569
    0.566917837    0.378120421    0.378195968
    0.595263729    0.378128460    0.378201532
    0.623609621    0.378159417    0.378207291
    0.651955513    0.378205147    0.378213221
    0.680301405    0.378253058    0.378219243
    0.708647296    0.378290067    0.378225249
    0.736993188    0.378306648    0.378231131
    0.765339080    0.378299707    0.378236812
    0.793684972    0.378273434    0.378242273
    0.822030864    0.378237903    0.378247564
    0.850376756    0.378205885    0.378252786
    0.878722648    0.378188892    0.378258067
    0.907068539    0.378193671    0.378263522
    0.935414431    0.378220214    0.378269215
    0.963760323    0.378261858    0.378275140
    0.992106215    0.378307418    0.378281218
    1.020452107    0.378344663    0.378287318
    1.048797999    0.378364047    0.378293300
    1.077143891    0.378361584    0.378299055
    1.105489783    0.378339975    0.378304542
    1.133835674    0.378307711    0.378309802
    1.162181566    0.378276423    0.378314949
    1.190527458    0.378257323    0.378320136
    1.218873350    0.378257816    0.378325508
    1.247219242    0.378279303    0.378331155
    1.275565134    0.378316819    0.378337083
    1.303911026    0.378360590    0.378343209
    1.332256917    0.378399024    0.378349386
    1.360602809    0.378422223    0.378355447
    1.388948701    0.378424952    0.378361256
    1.417294593    0.378408186    0.378366757
    1.445640485    0.378378780    0.378371987
    1.473986377    0.378347379    0.378377070
    1.502332269    0.378325198    0.378382181
    1.530678160    0.378320642    0.378387487
    1.559024052    0.378336782    0.378393100
    1.587369944    0.378370440    0.378399033
    1.615715836    0.378413146    0.378405200
    1.644061728    0.378453689    0.378411439
    1.672407620    0.378481491    0.378417561
    1.700753512    0.378489796    0.378423412
    1.729099403    0.378477726    0.378428921
    1.757445295    0.378450566    0.378434124
    1.785791187    0.378418199    0.378439154
    1.814137079    0.378392146    0.378444202
    1.842482971    0.378382087    0.378449456
    1.870828863    0.378392917    0.378455040
    1.899174755    0.378423222    0.378460977
    1.927520646    0.378465647    0.378467176
    1.955866538    0.378509080    0.378473462
    1.984212430    0.378541985    0.378479633
    2.012558322    0.378555920    0.378485517
    2.040904214    0.378548141    0.378491032
    2.069250106    0.378522515    0.378496214
    2.097595998    0.378488423    0.378501202
    2.125941889    0.378457960    0.378506199
    2.154287781    0.378442271    0.378511408
    2.182633673    0.378448109    0.378516967
    2.210979565    0.378475703    0.378522901
    2.239325457    0.378518580    0.378529121
    2.267671349    0.378565461    0.378535443
    2.296017241    0.378603661    0.378541650
    2.324363132    0.378622983    0.378547560
    2.352709024    0.378618915    0.378553083
    2.381054916    0.378594119    0.378558250
    2.409400808    0.378557725    0.378563206
    2.437746700    0.378522612    0.378568162
    2.466092592    0.378501466    0.378573332
    2.494438484    0.378502837    0.378578862
    2.522784375    0.378528398    0.378584787
    2.551130267    0.378572316    0.378591016
    2.579476159    0.378622933    0.378597360
    2.607822051    0.378666310    0.378603595
    2.636167943    0.378690547    0.378609528
    2.664513835    0.378689533    0.378615061
    2.692859727    0.378664963    0.378620221
    2.721205618    0.378625939    0.378625153
    2.749551510    0.378586236    0.378630075
    2.777897402    0.378560063    0.378635207
    2.806243294    0.378557603    0.378640705
    2.834589186    0.378581750    0.378646610
    2.862935078    0.378627080    0.378652834
    2.891280970    0.378681425    0.378659188
    2.919626861    0.378729596    0.378665442
    2.947972753    0.378758123    0.378671396
    2.976318645    0.378759527    0.378676943
    3.004664537    0.378734766    0.378682104
    3.033010429    0.378693061    0.378687020
    3.061356321    0.378649109    0.378691910
    3.089702213    0.378618516    0.378697002
    3.118048104    0.378612884    0.378702458
    3.146393996    0.378636086    0.378708330
    3.174739888    0.378682939    0.378714535
    3.203085780    0.378740720    0.378720888
    3.231431672    0.378793094    0.378727154
    3.259777564    0.378825232    0.378733128
    3.288123456    0.378828526    0.378738692
    3.316469348    0.378803392    0.378743859
    3.344815239    0.378759240    0.378748762
    3.373161131    0.378711606    0.378753621
    3.401507023    0.378677295    0.378758666
    3.429852915    0.378669076    0.378764069
    3.458198807    0.378691594    0.378769892
    3.486544699    0.378739807    0.378776063
    3.514890591    0.378800493    0.378782400
    3.543236482    0.378856353    0.378788672
    3.571582374    0.378891454    0.378794663
    3.599928266    0.378896295    0.378800246
    3.628274158    0.378870870    0.378805420
    3.656620050    0.378824758    0.378810312
    3.684965942    0.378774164    0.378815134
    3.713311834    0.378736841    0.378820120
    3.741657725    0.378726475    0.378825453
    3.770003617    0.378748320    0.378831208
    3.798349509    0.378797471    0.378837326
    3.826695401    0.378860345    0.378843634
    3.855041293    0.378918931    0.378849900
    3.883387185    0.378956460    0.378855903
    3.911733077    0.378962724    0.378861503
    3.940078968    0.378937348    0.378866683
    3.968424860    0.378889962    0.378871556
    3.996770752    0.378837204    0.378876329
    4.025116644    0.378797496    0.378881239
    4.053462536    0.378785219    0.378886480
    4.081808428    0.378806150    0.378892142
    4.110154320    0.378855597    0.378898183
    4.138500211    0.378919840    0.378904442
    4.166846103    0.378980438    0.378910689
    4.195191995    0.379020034    0.378916694
    4.223537887    0.379027844    0.378922302
    4.251883779    0.379003085    0.378927476
    4.280229671    0.378955242    0.378932315
    4.308575563    0.378901108    0.378937018
    4.336921454    0.378859496    0.378941824
    4.365267346    0.378845315    0.378946942
    4.393613238    0.378864856    0.378952479
    4.421959130    0.378913803    0.378958412
    4.450305022    0.378978572    0.378964595
    4.478650914    0.379040581    0.378970798
    4.506996806    0.379082096    0.378976783
    4.535342697    0.379091811    0.378982377
    4.563688589    0.379068409    0.378987523
    4.592034481    0.379020983    0.378992300
    4.620380373    0.378966174    0.378996898
    4.648726265    0.378922947    0.379001560
    4.677072157    0.378906635    0.379006509
    4.705418049    0.378924123    0.379011874
    4.733763940    0.378971692    0.379017655
    4.762109832    0.379036196    0.379023718
    4.790455724    0.379099184    0.379029837
    4.818801616    0.379142692    0.379035765
    4.847147508    0.379154867    0.379041306
    4.875493400    0.379133671    0.379046380
    4.903839292    0.379087508    0.379051045
    4.932185183    0.379032582    0.379055482
    4.960531075    0.378987817    0.379059938
    4.988876967    0.378968942    0.379064652
    5.017222859    0.378983582    0.379069776
    5.045568751    0.379028889    0.379075335
    5.073914643    0.379092452    0.379081211
    5.102260535    0.379156184    0.379087181
    5.130606426    0.379201967    0.379092984
    5.158952318    0.379217303    0.379098404
    5.187298210    0.379199193    0.379103331
    5.215644102    0.379155051    0.379107804
    5.243989994    0.379100385    0.379111991
    5.272335886    0.379053949    0.379116144
    5.300681778    0.379031918    0.379120519
    5.329027669    0.379042856    0.379125296
    5.357373561    0.379085079    0.379130525
    5.385719453    0.379147189    0.379136104
    5.414065345    0.379211630    0.379141814
    5.442411237    0.379260140    0.379147380
    5.470757129    0.379279417    0.379152560
    5.499103021    0.379265230    0.379157218
    5.527448913    0.379223723    0.379161365
    5.555794804    0.379169496    0.379165158
    5.584140696    0.379121079    0.379168855
    5.612486588    0.379095195    0.379172730
    5.640832480    0.379101591    0.379176991
    5.669178372    0.379140025    0.379181716
    5.697524264    0.379200348    0.379186821
    5.725870156    0.379265641    0.379192089
    5.754216047    0.379317442    0.379197231
    5.782561939    0.379341446    0.379201977
    5.810907831    0.379331922    0.379206160
    5.839253723    0.379293488    0.379209763
    5.867599615    0.379239695    0.379212932
    5.895945507    0.379188852    0.379215927
    5.924291399    0.379158387    0.379219043
    5.952637290    0.379159472    0.379222518
    5.980983182    0.379193567    0.379226458
    6.009329074    0.379251947    0.379230799
    6.037674966    0.379318373    0.379235326
    6.066020858    0.379374076    0.379239735
    6.094366750    0.379403533    0.379243727
    6.122712642    0.379399264    0.379247097
    6.151058533    0.379364164    0.379249802
    6.179404425    0.379310647    0.379251970
    6.207750317    0.379256861    0.379253864
    6.236096209    0.379221116    0.379255802
    6.264442101    0.379216244    0.379258051
    6.292787993    0.379245613    0.379260749
    6.321133885    0.379302042    0.379263851
    6.349479776    0.379369960    0.379267146
    6.377825668    0.379430153    0.379270312
    6.406171560    0.379465674    0.379273018
    6.434517452    0.379467083    0.379275021
    6.462863344    0.379435410    0.379276243
    6.491209236    0.379381906    0.379276794
    6.519555128    0.379324650    0.379276939
    6.547901019    0.379283011    0.379277013
    6.576246911    0.379271679    0.379277318
    6.604592803    0.379296087    0.379278022
    6.632938695    0.379350659    0.379279106
    6.661284587    0.379420434    0.379280359
    6.689630479    0.379485619    0.379281442
    6.717976371    0.379527659    0.379281987
    6.746322262    0.379534996    0.379281707
    6.774668154    0.379506711    0.379280483
    6.803014046    0.379452912    0.379278402
    6.831359938    0.379391708    0.379275725
    6.859705830    0.379343684    0.379272807
    6.888051722    0.379325539    0.379269983
    6.916397614    0.379344868    0.379267457
    6.944743505    0.379397710    0.379265233
    6.973089397    0.379469652    0.379263104
    7.001435289    0.379540189    0.379260711
    7.029781181    0.379589026    0.379257641
    7.058127073    0.379602388    0.379253555
    7.086472965    0.379577372    0.379248286
    7.114818857    0.379522977    0.379241885
    7.143164748    0.379457444    0.379234608
    7.171510640    0.379402683    0.379226825
    7.199856532    0.379377495    0.379218906
    7.228202424    0.379391683    0.379211092
    7.256548316    0.379442888    0.379203416
    7.284894208    0.379517175    0.379195673
    7.313240100    0.379593243    0.379187477
    7.341585991    0.379648976    0.379178365
    7.369931883    0.379668335    0.379167931
    7.398277775    0.379646434    0.379155942
    7.426623667    0.379591206    0.379142404
    7.454969559    0.379521081    0.379127553
    7.483315451    0.379459355    0.379111774
    7.511661343    0.379426969    0.379095470
    7.540007234    0.379435938    0.379078926
    7.568353126    0.379485478    0.379062205
    7.596699018    0.379562101    0.379045104
    7.625044910    0.379643671    0.379027202
    7.653390802    0.379706231    0.379007969
    7.681736694    0.379731477    0.378986906
    7.710082586    0.379712556    0.378963692
    7.738428478    0.379656353    0.378938263
    7.766774369    0.379581496    0.378910820
    7.795120261    0.379512665    0.378881754
    7.823466153    0.379472929    0.378851506
    7.851812045    0.379476496    0.378820410
    7.880157937    0.379524154    0.378788565
    7.908503829    0.379602864    0.378755768
    7.936849721    0.379689686    0.378721548
    7.965195612    0.379758859    0.378685275
    7.993541504    0.379789840    0.378646320
    8.021887396    0.379773815    0.378604226
    8.050233288    0.379716594    0.378558816
    8.078579180    0.379636954    0.378510230
    8.106925072    0.379560895    0.378458855
    8.135270964    0.379513560    0.378405176
    8.163616855    0.379511335    0.378349595
    8.191962747    0.379556608    0.378292260
    8.220308639    0.379636865    0.378232967
    8.248654531    0.379728454    0.378171166
    8.277000423    0.379803888    0.378106071
    8.305346315    0.379840426    0.378036838
    8.333692207    0.379827266    0.377962774
    8.362038098    0.379769056    0.377883508
    8.390383990    0.379684598    0.377799060
    8.418729882    0.379601094    0.377709801
    8.447075774    0.379545689    0.377616298
    8.475421666    0.379536954    0.377519082
    8.503767558    0.379578968    0.377418422
    8.532113450    0.379659887    0.377314143
    8.560459341    0.379755502    0.377205572
    8.588805233    0.379836712    0.377091623
    8.617151125    0.379878601    0.376970999
    8.645497017    0.379868297    0.376842479
    8.673842909    0.379809125    0.376705206
    8.702188801    0.379719717    0.376558898
    8.730534693    0.379628312    0.376403924
    8.758880584    0.379563991    0.376241223
    8.787226476    0.379547562    0.376072065
    8.815572368    0.379584957    0.375897724
    8.843918260    0.379665227    0.375719118
    8.872264152    0.379763817    0.375536513
    8.900610044    0.379850133    0.375349341
    8.928955936    0.379897071    0.375156182
    8.957301827    0.379889536    0.374954894
    8.985647719    0.379829279    0.374742861
    9.013993611    0.379734497    0.374517299
    9.042339503    0.379634281    0.374275543
    9.070685395    0.379559598    0.374015279
    9.099031287    0.379533615    0.373734670
    9.127377179    0.379564365    0.373432388
    9.155723070    0.379642100    0.373107558
    9.184068962    0.379742172    0.372759674
    9.212414854    0.379832610    0.372388507
    9.240760746    0.379884046    0.371994039
    9.269106638    0.379878918    0.371576443
    9.297452530    0.379817064    0.371136087
    9.325798422    0.379715921    0.370673552
    9.354144313    0.379605228    0.370189630
    9.382490205    0.379517839    0.369685301
    9.410836097    0.379479478    0.369161661
    9.439181989    0.379500634    0.368619838
    9.467527881    0.379573138    0.368060914
    9.495873773    0.379672532    0.367485874
    9.524219665    0.379765553    0.366895613
    9.552565556    0.379820415    0.366291003
    9.580911448    0.379816742    0.365672990
    9.609257340    0.379752020    0.365042708
    9.637603232    0.379642544    0.364401549
    9.665949124    0.379518502    0.363751158
    9.694295016    0.379414692    0.363093336
    9.722640908    0.379359703    0.362429856
    9.750986800    0.379366931    0.361762222
    9.779332691    0.379430243    0.361091421
    9.807678583    0.379525675    0.360417744
    9.836024475    0.379618705    0.359740693
    9.864370367    0.379674883    0.359059025
    9.892716259    0.379670546    0.358370918
    9.921062151    0.379600288    0.357674202
    9.949408043    0.379478822    0.356966624
    9.977753934    0.379336606    0.356246051
   10.006099826    0.379210515    0.355510582
   10.034445718    0.379132424    0.354758530
   10.062791610    0.379119212    0.353988287
   10.091137502    0.379167317    0.353198123
   10.119483394    0.379253581    0.352385968
   10.147829286    0.379342204    0.351549261
   10.176175177    0.379395697    0.350684897
   10.204521069    0.379386500    0.349789319
   10.232866961    0.379305651    0.348858714
   10.261212853    0.379165785    0.347889289
   10.289558745    0.378997456    0.346877554
   10.317904637    0.378839850    0.345820546
   10.346250529    0.378728686    0.344715959
   10.374596420    0.378685034    0.343562159
   10.402942312    0.378708533    0.342358109
   10.431288204    0.378777162    0.341103245
   10.459634096    0.378853738    0.339797372
   10.487979988    0.378897216    0.338440619
   10.516325880    0.378875343    0.337033493
   10.544671772    0.378774780    0.335577012
   10.573017663    0.378605492    0.334072892
   10.601363555    0.378397975    0.332523705
   10.629709447    0.378194058    0.330932955
   10.658055339    0.378034035    0.329305017
   10.686401231    0.377944066    0.327644919
   10.714747123    0.377927754    0.325958003
   10.743093015    0.377964573    0.324249522
   10.771438906    0.378015773    0.322524269
   10.799784798    0.378036033    0.320786326
   10.828130690    0.377987366    0.319039006
   10.856476582    0.377850996    0.317285000
   10.884822474    0.377633484    0.315526721
   10.913168366    0.377365094    0.313766743
   10.941514258    0.377090767    0.312008258
   10.969860149    0.376856351    0.310255412
   10.998206041    0.376694270    0.308513457
   11.026551933    0.376613071    0.306788657
   11.054897825    0.376594165    0.305087979
   11.083243717    0.376596933    0.303418630
   11.111589609    0.376570775    0.301787543
   11.139935501    0.376470524    0.300200930
   11.168281392    0.376270504    0.298664007
   11.196627284    0.375972848    0.297180919
   11.224973176    0.375607348    0.295754898
   11.253319068    0.375222706    0.294388559
   11.281664960    0.374871677    0.293084266
   11.310010852    0.374594598    0.291844436
   11.338356744    0.374406345    0.290671703
   11.366702635    0.374290884    0.289568872
   11.395048527    0.374205279    0.288538672
   11.423394419    0.374092163    0.287583357
   11.451740311    0.373897028    0.286704253
   11.480086203    0.373585082    0.285901361
   11.508432095    0.373152439    0.285173116
   11.536777987    0.372627993    0.284516370
   11.565123878    0.372065148    0.283926601
   11.593469770    0.371525656    0.283398315
   11.621815662    0.371060364    0.282925547
   11.650161554    0.370692741    0.282502361
   11.678507446    0.370410387    0.282123242
   11.706853338    0.370167410    0.281783319
   11.735199230    0.369897287    0.281478393
   11.763545121    0.369532552    0.281204799
   11.791891013    0.369025453    0.280959181
   11.820236905    0.368363191    0.280738257
   11.848582797    0.367572827    0.280538676
   11.876928689    0.366713980    0.280357015
   11.905274581    0.365861090    0.280189937
   11.933620473    0.365080369    0.280034475
   11.961966365    0.364408333    0.279888363
   11.990312256    0.363838625    0.279750341
   12.018658148    0.363321538    0.279620328
   12.047004040    0.362776912    0.279499422
   12.075349932    0.362117040    0.279389701
   12.103695824    0.361272964    0.279293881
   12.132041716    0.360216260    0.279214879
   12.160387608    0.358969407    0.279155399
   12.188733499    0.357600989    0.279117625
   12.217079391    0.356206428    0.279103070
   12.245425283    0.354879305    0.279112616
   12.273771175    0.353681458    0.279146706
   12.302117067    0.352620801    0.279205607
   12.330462959    0.351643974    0.279289664
   12.358808851    0.350646950    0.279399456
   12.387154742    0.349501590    0.279535787
   12.415500634    0.348091429    0.279699507
   12.443846526    0.346346955    0.279891196
   12.472192418    0.344270304    0.280110791
   12.500538310    0.341941789    0.280357248
   12.528884202    0.339505369    0.280628333
   12.557230094    0.337135822    0.280920600
   12.585575985    0.334995402    0.281229560
   12.613921877    0.333190803    0.281550012
   12.642267769    0.331741376    0.281876434
   12.670613661    0.330566811    0.282203344
   12.698959553    0.329497524    0.282525534
   12.727305445    0.328305254    0.282838106
   12.755651337    0.326746329    0.283136332
   12.783997228    0.324607134    0.283415353
   12.812343120    0.321741187    0.283669846
   12.840689012    0.318089851    0.283893762
   12.869034904    0.313683299    0.284080235
   12.897380796    0.308623522    0.284221737
   12.925726688    0.303055549    0.284310471
   12.954072580    0.297135374    0.284338944
   12.982418471    0.291002985    0.284300607
   13.010764363    0.284766401    0.284190413
   13.039110255    0.278498761    0.284005180
   13.067456147    0.272246446    0.283743663
   13.095802039    0.266043144    0.283406320
   13.124147931    0.259923666    0.282994845
   13.152493823    0.253932229    0.282511564
   13.180839714    0.248122571    0.281958856
   13.209185606    0.242550577    0.281338743
   13.237531498    0.237262972    0.280652736
   13.265877390    0.232287148    0.279901971
   13.294223282    0.227626767    0.279087590
   13.322569174    0.223265659    0.278211237
   13.350915066    0.219179393    0.277275538
   13.379260957    0.215350839    0.276284398
   13.407606849    0.211784093    0.275243021
   13.435952741    0.208511121    0.274157630
   13.464298633    0.205587358    0.273034911
   13.492644525    0.203075911    0.271881331
   13.520990417    0.201023802    0.270702465
   13.549336309    0.199436704    0.269502515
   13.577682200    0.198259832    0.268284112
   13.606028092    0.197371543    0.267048470
   13.634373984    0.196592971    0.265795836
   13.662719876    0.195712577    0.264526112
   13.691065768    0.194520090    0.263239508
   13.719411660    0.192841258    0.261937021
   13.747757552    0.190564161    0.260620642
   13.776103443    0.187649822    0.259293206
   13.804449335    0.184123972    0.257957925
   13.832795227    0.180052071    0.256617707
   13.861141119    0.175504407    0.255274432
   13.889487011    0.170521048    0.253928343
   13.917832903    0.165086640    0.252577725
   13.946178795    0.159122395    0.251218924
   13.974524686    0.152497856    0.249846721
   14.002870578    0.145059470    0.248454970
   14.031216470    0.136668245    0.247037344
   14.059562362    0.127236199    0.245588041
   14.087908254    0.116751689    0.244102272
   14.116254146    0.105286930    0.242576476
   14.144600038    0.092986193    0.241008202
   14.172945930    0.080038732    0.239395758
   14.201291821    0.066644858    0.237737719
   14.229637713    0.052985420    0.236032459
   14.257983605    0.039203670    0.234277837
   14.286329497    0.025404525    0.232471137
   14.314675389    0.011670620    0.230609271
   14.343021281   -0.001910901    0.228689223
   14.371367173   -0.015220641    0.226708610
   14.399713064   -0.028088804    0.224666232
   14.428058956   -0.040294665    0.222562470
   14.456404848   -0.051586490    0.220399444
   14.484750740   -0.061718389    0.218180869
   14.513096632   -0.070494867    0.215911647
   14.541442524   -0.077810554    0.213597263
   14.569788416   -0.083672809    0.211243109
   14.598134307   -0.088198742    0.208853850
   14.626480199   -0.091584747    0.206432969
   14.654826091   -0.094054197    0.203982529
   14.683171983   -0.095795316    0.201503192
   14.711517875   -0.096904727    0.198994461
   14.739863767   -0.097351530    0.196455061
   14.768209659   -0.096972095    0.193883384
   14.796555550   -0.095498186    0.191277901
   14.824901442   -0.092612466    0.188637467
   14.853247334   -0.088018210    0.185961488
   14.881593226   -0.081506147    0.183249940
   14.909939118   -0.073001832    0.180503274
   14.938285010   -0.062581799    0.177722253
   14.966630902   -0.050454761    0.174907773
   14.994976793   -0.036913117    0.172060723
   15.023322685   -0.022267753    0.169181921
   15.051668577   -0.006783367    0.166272119
   15.080014469    0.009368674    0.163332087
   15.108360361    0.026127715    0.160362746
   15.136706253    0.043527174    0.157365295
   15.165052145    0.061648705    0.154341328
   15.193398036    0.080559779    0.151292884
   15.221743928    0.100251718    0.148222435
   15.250089820    0.120595101    0.145132808
   15.278435712    0.141324889    0.142027059
   15.306781604    0.162059851    0.138908325
   15.335127496    0.182351905    0.135779696
   15.363473388    0.201753306    0.132644125
   15.391819279    0.219885186    0.129504403
   15.420165171    0.236490845    0.126363203
   15.448511063    0.251461462    0.123223176
   15.476856955    0.264829264    0.120087076
   15.505202847    0.276731686    0.116957880
   15.533548739    0.287357359    0.113838864
   15.561894631    0.296889078    0.110733616
   15.590240522    0.305458965    0.107645962
   15.618586414    0.313127153    0.104579832
   15.646932306    0.319888416    0.101539080
   15.675278198    0.325703321    0.098527305
   15.703624090    0.330543725    0.095547718
   15.731969982    0.334438654    0.092603085
   15.760315874    0.337506650    0.089695764
   15.788661765    0.339964600    0.086827829
   15.817007657    0.342109599    0.084001241
   15.845353549    0.344277848    0.081218023
   15.873699441    0.346790851    0.078480383
   15.902045333    0.349902605    0.075790737
   15.930391225    0.353761186    0.073151630
   15.958737117    0.358394247    0.070565540
   15.987083008    0.363721545    0.068034640
   16.015428900    0.369590470    0.065560556
   16.043774792    0.375824556    0.063144210
   16.072120684    0.382271743    0.060785787
   16.100466576    0.388839487    0.058484860
   16.128812468    0.395507668    0.056240648
   16.157158360    0.402316380    0.054052359
   16.185504252    0.409332614    0.051919519
   16.213850143    0.416605602    0.049842213
   16.242196035    0.424123591    0.047821150
   16.270541927    0.431784478    0.045857520
   16.298887819    0.439388879    0.043952670
   16.327233711    0.446658172    0.042107651
   16.355579603    0.453273235    0.040322751
   16.383925495    0.458923947    0.038597137
   16.412271386    0.463356561    0.036928701
   16.440617278    0.466406486    0.035314176
   16.468963170    0.468007881    0.033749530
   16.497309062    0.468177667    0.032230554
   16.525654954    0.466978498    0.030753556
   16.554000846    0.464471069    0.029316002
   16.582346738    0.460669310    0.027916980
   16.610692629    0.455511595    0.026557386
   16.639038521    0.448857174    0.025239798
   16.667384413    0.440510510    0.023968063
   16.695730305    0.430268776    0.022746706
   16.724076197    0.417981361    0.021580257
   16.752422089    0.403606453    0.020472665
   16.780767981    0.387249844    0.019426878
   16.809113872    0.369174913    0.018444671
   16.837459764    0.349779588    0.017526706
   16.865805656    0.329544177    0.016672780
   16.894151548    0.308961342    0.015882156
   16.922497440    0.288464177    0.015153879
   16.950843332    0.268369208    0.014486985
   16.979189224    0.248847731    0.013880549
   17.007535115    0.229932058    0.013333570
   17.035881007    0.211554658    0.012844740
   17.064226899    0.193609898    0.012412176
   17.092572791    0.176022283    0.012033192
   17.120918683    0.158803290    0.011704208
   17.149264575    0.142081597    0.011420819
   17.177610467    0.126098139    0.011178044
   17.205956358    0.111166411    0.010970708
   17.234302250    0.097607445    0.010793889
   17.262648142    0.085675749    0.010643353
   17.290994034    0.075495241    0.010515900
   17.319339926    0.067022222    0.010409556
   17.347685818    0.060045957    0.010323604
   17.376031710    0.054228111    0.010258441
   17.404377601    0.049172428    0.010215324
   17.432723493    0.044508081    0.010196023
   17.461069385    0.039966255    0.010202471
   17.489415277    0.035430675    0.010236439
   17.517761169    0.030948927    0.010299295
   17.546107061    0.026700966    0.010391850
   17.574452953    0.022931885    0.010514322
   17.602798844    0.019865132    0.010666399
   17.631144736    0.017617559    0.010847386
   17.659490628    0.016137643    0.011056417
   17.687836520    0.015182814    0.011292699
   17.716182412    0.014342429    0.011555746
   17.744528304    0.013101743    0.011845575
   17.772874196    0.010932175    0.012162813
   17.801220087    0.007386656    0.012508708
   17.829565979    0.002177582    0.012885021
   17.857911871   -0.004780784    0.013293809
   17.886257763   -0.013374864    0.013737136
   17.914603655   -0.023337559    0.014216755
   17.942949547   -0.034325022    0.014733828
   17.971295439   -0.046004699    0.015288720
   17.999641330   -0.058132483    0.015880921
   18.027987222   -0.070599951    0.016509098
   18.056333114   -0.083440506    0.017171252
   18.084679006   -0.096793835    0.017864937
   18.113024898   -0.110838697    0.018587477
   18.141370790   -0.125712029    0.019336108
   18.169716682   -0.141435760    0.020108019
   18.198062573   -0.157870654    0.020900267
   18.226408465   -0.174709740    0.021709592
   18.254754357   -0.191513940    0.022532204
   18.283100249   -0.207782176    0.023363595
   18.311446141   -0.223039812    0.024198470
   18.339792033   -0.236925079    0.025030815
   18.368137925   -0.249253798    0.025854129
   18.396483817   -0.260048235    0.026661768
   18.424829708   -0.269524542    0.027447318
   18.453175600   -0.278042962    0.028204918
   18.481521492   -0.286033251    0.028929438
   18.509867384   -0.293912750    0.029616461
   18.538213276   -0.302015120    0.030262081
   18.566559168   -0.310544048    0.030862565
   18.594905060   -0.319559403    0.031413978
   18.623250951   -0.328995180    0.031911892
   18.651596843   -0.338701241    0.032351277
   18.679942735   -0.348496057    0.032726625
   18.708288627   -0.358216388    0.033032320
   18.736634519   -0.367752157    0.033263145
   18.764980411   -0.377059780    0.033414845
   18.793326303   -0.386153473    0.033484567
   18.821672194   -0.395079845    0.033471073
   18.850018086   -0.403884892    0.033374652
   18.878363978   -0.412583666    0.033196741
   18.906709870   -0.421141121    0.032939331
   18.935055762   -0.429468828    0.032604323
   18.963401654   -0.437437445    0.032192998
   18.991747546   -0.444900472    0.031705758
   19.020093437   -0.451722030    0.031142226
   19.048439329   -0.457800759    0.030501715
   19.076785221   -0.463083531    0.029783972
   19.105131113   -0.467565887    0.028990027
   19.133477005   -0.471279878    0.028122957
   19.161822897   -0.474273439    0.027188364
   19.190168789   -0.476587409    0.026194447
   19.218514680   -0.478236622    0.025151641
   19.246860572   -0.479199969    0.024071887
   19.275206464   -0.479421662    0.022967693
   19.303552356   -0.478822773    0.021851195
   19.331898248   -0.477319480    0.020733413
   19.360244140   -0.474842838    0.019623843
   19.388590032   -0.471354856    0.018530454
   19.416935923   -0.466856890    0.017460010
   19.445281815   -0.461388613    0.016418611
   19.473627707   -0.455018364    0.015412236
   19.501973599   -0.447827832    0.014447108
   19.530319491   -0.439895274    0.013529752
   19.558665383   -0.431281623    0.012666678
   19.587011275   -0.422022817    0.011863767
   19.615357166   -0.412129978    0.011125484
   19.643703058   -0.401597013    0.010454137
   19.672048950   -0.390413447    0.009849349
   19.700394842   -0.378579104    0.009307922
   19.728740734   -0.366116963    0.008824115
   19.757086626   -0.353081040    0.008390316
   19.785432518   -0.339557375    0.007997940
   19.813778409   -0.325657739    0.007638381
   19.842124301   -0.311507302    0.007303796
   19.870470193   -0.297228759    0.006987577
   19.898816085   -0.282926182    0.006684446
   19.927161977   -0.268671990    0.006390200
   19.955507869   -0.254499890    0.006101234
   19.983853761   -0.240405593    0.005814022
   20.012199652   -0.226355612    0.005524736
   20.040545544   -0.212302914    0.005229157
   20.068891436   -0.198206662    0.004922908
   20.097237328   -0.184052240    0.004602001
   20.125583220   -0.169867296    0.004263532
   20.153929112   -0.155729896    0.003906374
   20.182275004   -0.141766089    0.003531659
   20.210620895   -0.128136067    0.003142925
   20.238966787   -0.115010473    0.002745870
   20.267312679   -0.102540638    0.002347759
   20.295658571   -0.090828313    0.001956631
   20.324004463   -0.079901164    0.001580478
   20.352350355   -0.069699732    0.001226603
   20.380696247   -0.060079602    0.000901293
   20.409042138   -0.050829626    0.000609876
   20.437388030   -0.041703563    0.000357096
   20.465733922   -0.032459430    0.000147700
   20.494079814   -0.022898812   -0.000012985
   20.522425706   -0.012897994   -0.000118650
   20.550771598   -0.002424276   -0.000161954
   20.579117490    0.008466027   -0.000134858
   20.607463382    0.019647294   -0.000029317
   20.635809273    0.030957233    0.000161820
   20.664155165    0.042234560    0.000443908
   20.692501057    0.053352461    0.000819791
   20.720846949    0.064239597    0.001289463
   20.749192841    0.074883395    0.001850153
   20.777538733    0.085314922    0.002496813
   20.805884625    0.095579453    0.003222878
   20.834230516    0.105700834    0.004021089
   20.862576408    0.115649762    0.004884178
   20.890922300    0.125325607    0.005805248
   20.919268192    0.134558368    0.006777768
   20.947614084    0.143132450    0.007795217
   20.975959976    0.150828388    0.008850505
   21.004305868    0.157473720    0.009935375
   21.032651759    0.162991250    0.011040002
   21.060997651    0.167432766    0.012152943
   21.089343543    0.170988960    0.013261538
   21.117689435    0.173971354    0.014352697
   21.146035327    0.176768252    0.015413945
   21.174381219    0.179782721    0.016434501
   21.202727111    0.183364822    0.017406133
   21.231073002    0.187751912    0.018323618
   21.259418894    0.193029240    0.019184676
   21.287764786    0.199118810    0.019989418
   21.316110678    0.205798424    0.020739437
   21.344456570    0.212746439    0.021436772
   21.372802462    0.219602477    0.022083004
   21.401148354    0.226031320    0.022678704
   21.429494245    0.231777054    0.023223374
   21.457840137    0.236697207    0.023715884
   21.486186029    0.240771364    0.024155289
   21.514531921    0.244084473    0.024541809
   21.542877813    0.246790336    0.024877709
   21.571223705    0.249064607    0.025167845
   21.599569597    0.251058067    0.025419722
   21.627915488    0.252860038    0.025643018
   21.656261380    0.254478719    0.025848691
   21.684607272    0.255840985    0.026047848
   21.712953164    0.256809714    0.026250658
   21.741299056    0.257213120    0.026465528
   21.769644948    0.256878491    0.026698734
   21.797990840    0.255662600    0.026954554
   21.826336731    0.253472676    0.027235831
   21.854682623    0.250274625    0.027544785
   21.883028515    0.246088503    0.027883836
   21.911374407    0.240974157    0.028256183
   21.939720299    0.235011894    0.028665976
   21.968066191    0.228283569    0.029118015
   21.996412083    0.220858695    0.029617016
   22.024757974    0.212788249    0.030166648
   22.053103866    0.204106500    0.030768544
   22.081449758    0.194838888    0.031421568
   22.109795650    0.185012417    0.032121500
   22.138141542    0.174664524    0.032861252
   22.166487434    0.163847023    0.033631560
   22.194833326    0.152623362    0.034422030
   22.223179217    0.141059549    0.035222300
   22.251525109    0.129211237    0.036023082
   22.279871001    0.117110974    0.036816885
   22.308216893    0.104760091    0.037598306
   22.336562785    0.092129000    0.038363883
   22.364908677    0.079167788    0.039111619
   22.393254569    0.065826460    0.039840333
   22.421600460    0.052081418    0.040549067
   22.449946352    0.037962637    0.041236688
   22.478292244    0.023574910    0.041901812
   22.506638136    0.009107052    0.042543027
   22.534984028   -0.005175063    0.043159349
   22.563329920   -0.018952467    0.043750740
   22.591675812   -0.031891085    0.044318521
   22.620021703   -0.043687234    0.044865536
   22.648367595   -0.054111705    0.045395975
   22.676713487   -0.063042973    0.045914881
   22.705059379   -0.070481616    0.046427415
   22.733405271   -0.076541560    0.046938043
   22.761751163   -0.081418541    0.047449817
   22.790097055   -0.085341261    0.047963910
   22.818442947   -0.088514850    0.048479473
   22.846788838   -0.091068491    0.048993861
   22.875134730   -0.093018708    0.049503124
   22.903480622   -0.094256817    0.050002665
   22.931826514   -0.094563948    0.050487886
   22.960172406   -0.093650964    0.050954707
   22.988518298   -0.091214897    0.051399837
   23.016864190   -0.086999593    0.051820793
   23.045210081   -0.080847092    0.052215691
   23.073555973   -0.072728242    0.052582902
   23.101901865   -0.062745759    0.052920701
   23.130247757   -0.051109437    0.053226991
   23.158593649   -0.038089773    0.053499204
   23.186939541   -0.023961536    0.053734377
   23.215285433   -0.008951189    0.053929395
   23.243631324    0.006798792    0.054081300
   23.271977216    0.023239891    0.054187611
   23.300323108    0.040399409    0.054246548
   23.328669000    0.058338883    0.054257113
   23.357014892    0.077099799    0.054219024
   23.385360784    0.096650685    0.054132515
   23.413706676    0.116849574    0.053998085
   23.442052567    0.137432128    0.053816244
   23.470398459    0.158029453    0.053587347
   23.498744351    0.178212210    0.053311545
   23.527090243    0.197551036    0.052988858
   23.555436135    0.215679214    0.052619366
   23.583782027    0.232342890    0.052203438
   23.612127919    0.247427345    0.051741955
   23.640473810    0.260953830    0.051236464
   23.668819702    0.273048903    0.050689230
   23.697165594    0.283895080    0.050103158
   23.725511486    0.293676095    0.049481623
   23.753857378    0.302531156    0.048828231
   23.782203270    0.310529783    0.048146571
   23.810549162    0.317673081    0.047440007
   23.838895053    0.323920030    0.046711543
   23.867240945    0.329230512    0.045963794
   23.895586837    0.333612246    0.045199049
   23.923932729    0.337157668    0.044419414
   23.952278621    0.340059448    0.043626997
   23.980624513    0.342599116    0.042824088
   24.008970405    0.345110465    0.042013304
   24.037316296    0.347926326    0.041197662
   24.065662188    0.351321853    0.040380558
   24.094008080    0.355468590    0.039565657
   24.122353972    0.360410888    0.038756709
   24.150699864    0.366070442    0.037957311
   24.179045756    0.372277408    0.037170656
   24.207391648    0.378819630    0.036399316
   24.235737539    0.385496896    0.035645082
   24.264083431    0.392166007    0.034908896
   24.292429323    0.398765138    0.034190880
   24.320775215    0.405311707    0.033490464
   24.349121107    0.411875240    0.032806564
   24.377466999    0.418533470    0.032137797
   24.405812891    0.425324391    0.031482673
   24.434158782    0.432207935    0.030839722
   24.462504674    0.439048103    0.030207544
   24.490850566    0.445620623    0.029584778
   24.519196458    0.451643999    0.028969999
   24.547542350    0.456825334    0.028361613
   24.575888242    0.460908163    0.027757786
   24.604234134    0.463709035    0.027156461
   24.632580025    0.465132827    0.026555508
   24.660925917    0.465162854    0.025952993
   24.689271809    0.463829140    0.025347545
   24.717617701    0.461164645    0.024738745
   24.745963593    0.457162959    0.024127453
   24.774309485    0.451750990    0.023515996
   24.802655377    0.444786223    0.022908131
   24.831001269    0.436081437    0.022308770
   24.859347160    0.425451930    0.021723489
   24.887693052    0.412773626    0.021157878
   24.916038944    0.398036695    0.020616862
   24.944384836    0.381379679    0.020104092
   24.972730728    0.363093570    0.019621534
   25.001076620    0.343592763    0.019169319
   25.029422512    0.323358339    0.018745879
   25.057768403    0.302866490    0.018348336
   25.086114295    0.282519084    0.017973036
   25.114460187    0.262593138    0.017616144
   25.142806079    0.243221429    0.017274145
   25.171151971    0.224408563    0.016944183
   25.199497863    0.206077757    0.016624187
   25.227843755    0.188135615    0.016312780
   25.256189646    0.170537431    0.016009049
   25.284535538    0.153335388    0.015712253
   25.312881430    0.136696430    0.015421589
   25.341227322    0.120884553    0.015136082
   25.369573214    0.106211643    0.014854652
   25.397919106    0.092969438    0.014576350
   25.426264998    0.081360344    0.014300700
   25.454610889    0.071445447    0.014028069
   25.482956781    0.063123810    0.013759941
   25.511302673    0.056149206    0.013499042
   25.539648565    0.050180733    0.013249235
   25.567994457    0.044854932    0.013015221
   25.596340349    0.039861321    0.012802071
   25.624686241    0.035002174    0.012614705
   25.653032132    0.030221267    0.012457407
   25.681378024    0.025594221    0.012333479
   25.709723916    0.021282866    0.012245106
   25.738069808    0.017465381    0.012193427
   25.766415700    0.014260241    0.012178809
   25.794761592    0.011663722    0.012201224
   25.823107484    0.009517372    0.012260641
   25.851453375    0.007514284    0.012357346
   25.879799267    0.005243184    0.012492105
   25.908145159    0.002259770    0.012666140
   25.936491051   -0.001832141    0.012880935
   25.964836943   -0.007309541    0.013137922
   25.993182835   -0.014286442    0.013438128
   26.021528727   -0.022707615    0.013781870
   26.049874618   -0.032380501    0.014168573
   26.078220510   -0.043036309    0.014596755
   26.106566402   -0.054404027    0.015064180
   26.134912294   -0.066278000    0.015568144
   26.163258186   -0.078561666    0.016105818
   26.191604078   -0.091276391    0.016674573
   26.219949970   -0.104533506    0.017272212
   26.248295861   -0.118477271    0.017897035
   26.276641753   -0.133214054    0.018547744
   26.304987645   -0.148746703    0.019223178
   26.333333537   -0.164931906    0.019921962
   26.361679429   -0.181472679    0.020642124
   26.390025321   -0.197949429    0.021380783
   26.418371213   -0.213883470    0.022133962
   26.446717104   -0.228818930    0.022896594
   26.475062996   -0.242404456    0.023662693
   26.503408888   -0.254456214    0.024425691
   26.531754780   -0.264988205    0.025178837
   26.560100672   -0.274203634    0.025915610
   26.588446564   -0.282450143    0.026630030
   26.616792456   -0.290149772    0.027316835
   26.645138347   -0.297719752    0.027971472
   26.673484239   -0.305501423    0.028589928
   26.701830131   -0.313711687    0.029168463
   26.730176023   -0.322425278    0.029703301
   26.758521915   -0.331588451    0.030190391
   26.786867807   -0.341057409    0.030625301
   26.815213699   -0.350649627    0.031003276
   26.843559590   -0.360194363    0.031319478
   26.871905482   -0.369570238    0.031569340
   26.900251374   -0.378722240    0.031748960
   26.928597266   -0.387656505    0.031855435
   26.956943158   -0.396417081    0.031887039
   26.985289050   -0.405053210    0.031843210
   27.013634942   -0.413587361    0.031724315
   27.041980834   -0.421993119    0.031531260
   27.070326725   -0.430188624    0.031265039
   27.098672617   -0.438046510    0.030926333
   27.127018509   -0.445416713    0.030515285
   27.155364401   -0.452155154    0.030031519
   27.183710293   -0.458150099    0.029474436
   27.212056185   -0.463339082    0.028843743
   27.240402077   -0.467712228    0.028140099
   27.268747968   -0.471301720    0.027365758
   27.297093860   -0.474160963    0.026525032
   27.325439752   -0.476339614    0.025624489
   27.353785644   -0.477861494    0.024672799
   27.382131536   -0.478711312    0.023680271
   27.410477428   -0.478833501    0.022658149
   27.438823320   -0.478143083    0.021617830
   27.467169211   -0.476545248    0.020570152
   27.495515103   -0.473958154    0.019524895
   27.523860995   -0.470332798    0.018490578
   27.552206887   -0.465664834    0.017474554
   27.580552779   -0.459995493    0.016483342
   27.608898671   -0.453401770    0.015523044
   27.637244563   -0.445978800    0.014599708
   27.665590454   -0.437819313    0.013719489
   27.693936346   -0.428995630    0.012888534
   27.722282238   -0.419548812    0.012112570
   27.750628130   -0.409487625    0.011396297
   27.778974022   -0.398797313    0.010742704
   27.807319914   -0.387455694    0.010152500
   27.835665806   -0.375452229    0.009623803
   27.864011697   -0.362805036    0.009152182
   27.892357589   -0.349571345    0.008731080
   27.920703481   -0.335848580    0.008352536
   27.949049373   -0.321765506    0.008008050
   27.977395265   -0.307465345    0.007689434
   28.005741157   -0.293084652    0.007389456
   28.034087049   -0.278732822    0.007102180
   28.062432940   -0.264477023    0.006822957
   28.090778832   -0.250336179    0.006548131
   28.119124724   -0.236285704    0.006274580
   28.147470616   -0.222272278    0.005999275
   28.175816508   -0.208235762    0.005718995
   28.204162400   -0.194133677    0.005430315
   28.232508292   -0.179962922    0.005129883
   28.260854183   -0.165773799    0.004814936
   28.289200075   -0.151672760    0.004483899
   28.317545967   -0.137812505    0.004136927
   28.345891859   -0.124370578    0.003776211
   28.374237751   -0.111520044    0.003405973
   28.402583643   -0.099397648    0.003032122
   28.430929535   -0.088075679    0.002661650
   28.459275426   -0.077543361    0.002301919
   28.487621318   -0.067701988    0.001960003
   28.515967210   -0.058375512    0.001642258
   28.544313102   -0.049335243    0.001354197
   28.572658994   -0.040334440    0.001100702
   28.601004886   -0.031146445    0.000886466
   28.629350778   -0.021599037    0.000716530
   28.657696669   -0.011598336    0.000596723
   28.686042561   -0.001137577    0.000533843
   28.714388453    0.009710771    0.000535491
   28.742734345    0.020817481    0.000609549
   28.771080237    0.032028385    0.000763396
   28.799426129    0.043198110    0.001003040
   28.827772021    0.054217850    0.001332353
   28.856117912    0.065030632    0.001752584
   28.884463804    0.075630476    0.002262268
   28.912809696    0.086045817    0.002857526
   28.941155588    0.096311515    0.003532680
   28.969501480    0.106436909    0.004280999
   28.997847372    0.116378803    0.005095405
   29.026193264    0.126027495    0.005968937
   29.054539155    0.135211220    0.006894900
   29.082885047    0.143720044    0.007866655
   29.111230939    0.151345415    0.008877186
   29.139576831    0.157927393    0.009918568
   29.167922723    0.163398995    0.010981572
   29.196268615    0.167816926    0.012055540
   29.224614507    0.171370328    0.013128655
   29.252960399    0.174363595    0.014188580
   29.281306290    0.177174898    0.015223355
   29.309652182    0.180197494    0.016222372
   29.337998074    0.183774992    0.017177203
   29.366343966    0.188143416    0.018082095
   29.394689858    0.193391817    0.018934014
   29.423035750    0.199449492    0.019732247
   29.451381642    0.206102327    0.020477659
   29.479727533    0.213034734    0.021171809
   29.508073425    0.219888350    0.021816137
   29.536419317    0.226325345    0.022411449
   29.564765209    0.232083562    0.022957807
   29.593111101    0.237012835    0.023454845
   29.621456993    0.241086236    0.023902430
   29.649802885    0.244385557    0.024301463
   29.678148776    0.247065831    0.024654607
   29.706494668    0.249307887    0.024966730
   29.734840560    0.251269890    0.025244925
   29.763186452    0.253048323    0.025498090
   29.791532344    0.254656005    0.025736138
   29.819878236    0.256020447    0.025969034
   29.848224128    0.257001069    0.026205867
   29.876570019    0.257419773    0.026454180
   29.904915911    0.257096821    0.026719696
   29.933261803    0.255883582    0.027006478
   29.961607695    0.253685240    0.027317451
   29.989953587    0.250469584    0.027655118
   30.018299479    0.246261710    0.028022250
   30.046645371    0.241127824    0.028422338
   30.074991262    0.235153620    0.028859669
   30.103337154    0.228423422    0.029338969
   30.131683046    0.221005331    0.029864685
   30.160028938    0.212945408    0.030440080
   30.188374830    0.204271082    0.031066339
   30.216720722    0.195001305    0.031741935
   30.245066614    0.185159148    0.032462400
   30.273412505    0.174782048    0.033220570
   30.301758397    0.163925830    0.034007289
   30.330104289    0.152660654    0.034812392
   30.358450181    0.141059683    0.035625794
   30.386796073    0.129183673    0.036438451
   30.415141965    0.117066344    0.037243023
   30.443487857    0.104705679    0.038034126
   30.471833748    0.092065202    0.038808206
   30.500179640    0.079086895    0.039563099
   30.528525532    0.065714421    0.040297460
   30.556871424    0.051922326    0.041010233
   30.585217316    0.037744760    0.041700309
   30.613563208    0.023296520    0.042366468
   30.641909100    0.008780198    0.043007591
   30.670254991   -0.005524169    0.043623061
   30.698600883   -0.019286915    0.044213220
   30.726946775   -0.032169924    0.044779717
   30.755292667   -0.043873709    0.045325615
   30.783638559   -0.054180943    0.045855198
   30.811984451   -0.062987029    0.046373476
   30.840330343   -0.070310433    0.046885483
   30.868676234   -0.076279475    0.047395516
   30.897022126   -0.081097144    0.047906456
   30.925368018   -0.084990402    0.048419342
   30.953713910   -0.088154107    0.048933248
   30.982059802   -0.090701282    0.049445504
   31.010405694   -0.092630552    0.049952174
   31.038751586   -0.093818134    0.050448687
   31.067097477   -0.094036627    0.050930471
   31.095443369   -0.092996944    0.051393450
   31.123789261   -0.090404551    0.051834326
   31.152135153   -0.086017820    0.052250603
   31.180481045   -0.079695691    0.052640392
   31.208826937   -0.071424152    0.053002083
   31.237172829   -0.061315864    0.053333989
   31.265518721   -0.049583470    0.053634070
   31.293864612   -0.036493293    0.053899811
   31.322210504   -0.022310806    0.054128287
   31.350556396   -0.007251220    0.054316382
   31.378902288    0.008552708    0.054461105
   31.407248180    0.025057733    0.054559910
   31.435594072    0.042290406    0.054610939
   31.463939964    0.060305584    0.054613131
   31.492285855    0.079133801    0.054566173
   31.520631747    0.098731068    0.054470316
   31.548977639    0.118944339    0.054326113
   31.577323531    0.139502175    0.054134161
   31.605669423    0.160034012    0.053894901
   31.634015315    0.180114370    0.053608550
   31.662361207    0.199322113    0.053275159
   31.690707098    0.217301062    0.052894797
   31.719052990    0.233807888    0.052467798
   31.747398882    0.248736358    0.051995011
   31.775744774    0.262112924    0.051477983
   31.804090666    0.274065811    0.050919029
   31.832436558    0.284776361    0.050321171
   31.860782450    0.294425652    0.049687949
   31.889128341    0.303150347    0.049023158
   31.917474233    0.311018913    0.048330559
   31.945820125    0.318033744    0.047613630
   31.974166017    0.324157566    0.046875417
   32.002511909    0.329355875    0.046118490
   32.030857801    0.333642769    0.045345044
   32.059203693    0.337116474    0.044557074
   32.087549584    0.339973628    0.043756619
   32.115895476    0.342497002    0.042945983
   32.144241368    0.345018582    0.042127907
   32.172587260    0.347866593    0.041305633
   32.200933152    0.351309589    0.040482845
   32.229279044    0.355511689    0.039663509
   32.257624936    0.360510298    0.038851609
   32.285970827    0.366221844    0.038050860
   32.314316719    0.372473730    0.037264423
   32.342662611    0.379053890    0.036494686
   32.371008503    0.385764757    0.035743146
   32.399354395    0.392467473    0.035010394
   32.427700287    0.399104957    0.034296227
   32.456046179    0.405698318    0.033599820
   32.484392070    0.412318386    0.032919954
   32.512737962    0.419040948    0.032255226
   32.541083854    0.425898637    0.031604213
   32.569429746    0.432843252    0.030965547
   32.597775638    0.439729274    0.030337911
   32.626121530    0.446323358    0.029719958
   32.654467422    0.452337298    0.029110192
   32.682813313    0.457475328    0.028506873
   32.711159205    0.461482642    0.027907979
   32.739505097    0.464181612    0.027311288
   32.767850989    0.465485734    0.026714568
   32.796196881    0.465387667    0.026115890
   32.824542773    0.463925259    0.025514000
   32.852888665    0.461135939    0.024908683
   32.881234556    0.457013550    0.024301045
   32.909580448    0.451481415    0.023693640
   32.937926340    0.444391199    0.023090374
   32.966272232    0.435550042    0.022496206
   32.994618124    0.424770349    0.021916639
   33.022964016    0.411929859    0.021357106
   33.051309908    0.397025990    0.020822329
   33.079655799    0.380209101    0.020315773
   33.108001691    0.361784259    0.019839273
   33.136347583    0.342178951    0.019392917
   33.164693475    0.321883064    0.018975181
   33.193039367    0.301374883    0.018583285
   33.221385259    0.281050832    0.018213688
   33.249731151    0.261176097    0.017862634
   33.278077042    0.241868120    0.017526614
   33.306422934    0.223116596    0.017202699
   33.334768826    0.204834165    0.016888664
   33.363114718    0.186923965    0.016582944
   33.391460610    0.169345762    0.016284442
   33.419806502    0.152162699    0.015992291
   33.448152394    0.135555775    0.015705650
   33.476498286    0.119801687    0.015423609
   33.504844177    0.105219440    0.015145244
   33.533190069    0.092099499    0.014869820
   33.561535961    0.080634126    0.014597097
   33.589881853    0.070867462    0.014327645
   33.618227745    0.062678966    0.014063093
   33.646573637    0.055805239    0.013806232
   33.674919529    0.049895247    0.013560915
   33.703265420    0.044585233    0.013331769
   33.731611312    0.039574320    0.013123754
   33.759957204    0.034681534    0.012941667
   33.788303096    0.029869654    0.012789674
   33.816648988    0.025229827    0.012670982
   33.844994880    0.020931026    0.012587701
   33.873340772    0.017147523    0.012540920
   33.901686663    0.013983268    0.012530972
   33.930032555    0.011412933    0.012557810
   33.958378447    0.009255136    0.012621404
   33.986724339    0.007185142    0.012722056
   34.015070231    0.004784289    0.012860567
   34.043416123    0.001614034    0.013038209
   34.071762015   -0.002703633    0.013256525
   34.100107906   -0.008419178    0.013517000
   34.128453798   -0.015618104    0.013820690
   34.156799690   -0.024221638    0.014167911
   34.185145582   -0.034024327    0.014558047
   34.213491474   -0.044757977    0.014989546
   34.241837366   -0.056164876    0.015460083
   34.270183258   -0.068061170    0.015966874
   34.298529149   -0.080374088    0.016507036
   34.326875041   -0.093143745    0.017077938
   34.355220933   -0.106489532    0.017677428
   34.383566825   -0.120550336    0.018303893
   34.411912717   -0.135414643    0.018956134
   34.440258609   -0.151059240    0.019633081
   34.468604501   -0.167313164    0.020333399
   34.496950392   -0.183857301    0.021055097
   34.525296284   -0.200261212    0.021795205
   34.553642176   -0.216049625    0.022549610
   34.581988068   -0.230783812    0.023313088
   34.610333960   -0.244139492    0.024079514
   34.638679852   -0.255963834    0.024842232
   34.667025744   -0.266299133    0.025594474
   34.695371635   -0.275368576    0.026329775
   34.723717527   -0.283528210    0.027042267
   34.752063419   -0.291196568    0.027726817
   34.780409311   -0.298777905    0.028378980
   34.808755203   -0.306595427    0.028994808
   34.837101095   -0.314847672    0.029570551
   34.865446987   -0.323594978    0.030102367
   34.893792878   -0.332775679    0.030586104
   34.922138770   -0.342244901    0.031017229
   34.950484662   -0.351824338    0.031390936
   34.978830554   -0.361350000    0.031702407
   35.007176446   -0.370706778    0.031947182
   35.035522338   -0.379843108    0.032121537
   35.063868230   -0.388764689    0.032222784
   35.092214121   -0.397511634    0.032249404
   35.120560013   -0.406127279    0.032200985
   35.148905905   -0.414628270    0.032077954
   35.177251797   -0.422984338    0.031881184
   35.205597689   -0.431112840    0.031611554
   35.233943581   -0.438888772    0.031269591
   35.262289473   -0.446166643    0.030855296
   35.290635364   -0.452807638    0.030368216
   35.318981256   -0.458704378    0.029807779
   35.347327148   -0.463796690    0.029173827
   35.375673040   -0.468074534    0.028467259
   35.404018932   -0.471567900    0.027690619
   35.432364824   -0.474327002    0.026848522
   35.460710716   -0.476398556    0.025947783
   35.489056607   -0.477804724    0.024997233
   35.517402499   -0.478530355    0.024007229
   35.545748391   -0.478521699    0.022988965
   35.574094283   -0.477696608    0.021953713
   35.602440175   -0.475963225    0.020912153
   35.630786067   -0.473241963    0.019873922
   35.659131959   -0.469484936    0.018847441
   35.687477851   -0.464687805    0.017840027
   35.715823742   -0.458891170    0.016858215
   35.744169634   -0.452171416    0.015908146
   35.772515526   -0.444623694    0.014995900
   35.800861418   -0.436341657    0.014127614
   35.829207310   -0.427399322    0.013309339
   35.857553202   -0.417839753    0.012546621
   35.885899094   -0.407673385    0.011843902
   35.914244985   -0.396886287    0.011203868
   35.942590877   -0.385456090    0.010626913
   35.970936769   -0.373371320    0.010110870
   35.999282661   -0.360649024    0.009651089
   36.027628553   -0.347345962    0.009240881
   36.055974445   -0.333560228    0.008872231
   36.084320337   -0.319422499    0.008536663
   36.112666228   -0.305078676    0.008226056
   36.141012120   -0.290667823    0.007933263
   36.169358012   -0.276300548    0.007652423
   36.197703904   -0.262043044    0.007378934
   36.226049796   -0.247910784    0.007109150
   36.254395688   -0.233873790    0.006839937
   36.282741580   -0.219872747    0.006568241
   36.311087471   -0.205842741    0.006290827
   36.339433363   -0.191739495    0.006004290
   36.367779255   -0.177562231    0.005705348
   36.396125147   -0.163367715    0.005391357
   36.424471039   -0.149271761    0.005060914
   36.452816931   -0.135436971    0.004714377
   36.481162823   -0.122048439    0.004354148
   36.509508714   -0.109281744    0.003984647
   36.537854606   -0.097269453    0.003611937
   36.566200498   -0.086072910    0.003243114
   36.594546390   -0.075665325    0.002885579
   36.622892282   -0.065930097    0.002546395
   36.651238174   -0.056675328    0.002231869
   36.679584066   -0.047662229    0.001947452
   36.707929957   -0.038642230    0.001697975
   36.736275849   -0.029395707    0.001488108
   36.764621741   -0.019764845    0.001322907
   36.792967633   -0.009674224    0.001208246
   36.821313525    0.000864675    0.001150980
   36.849659417    0.011765518    0.001158752
   36.878005309    0.022892568    0.001239439
   36.906351200    0.034093523    0.001400347
   36.934697092    0.045232057    0.001647330
   36.963042984    0.056212519    0.001984033
   36.991388876    0.066991092    0.002411430
   37.019734768    0.077570941    0.002927767
   37.048080660    0.087982790    0.003528905
   37.076426552    0.098256059    0.004208965
   37.104772443    0.108388271    0.004961098
   37.133118335    0.118321239    0.005778187
   37.161464227    0.127931353    0.006653289
   37.189810119    0.137038165    0.007579746
   37.218156011    0.145431242    0.008550941
   37.246501903    0.152910709    0.009559825
   37.274847795    0.159333213    0.010598381
   37.303193686    0.164653048    0.011657234
   37.331539578    0.168948509    0.012725571
   37.359885470    0.172426135    0.013791450
   37.388231362    0.175399962    0.014842489
   37.416577254    0.178248200    0.015866803
   37.444923146    0.181354771    0.016853983
   37.473269038    0.185046706    0.017795899
   37.501614929    0.189539655    0.018687144
   37.529960821    0.194902436    0.019525016
   37.558306713    0.201047779    0.020309047
   37.586652605    0.207751115    0.021040229
   37.614998497    0.214693489    0.021720107
   37.643344389    0.221519780    0.022350006
   37.671690281    0.227900373    0.022930568
   37.700036172    0.233584039    0.023461714
   37.728382064    0.238431917    0.023943034
   37.756727956    0.242426802    0.024374483
   37.785073848    0.245657344    0.024757184
   37.813419740    0.248282017    0.025094116
   37.841765632    0.250481771    0.025390481
   37.870111524    0.252412143    0.025653641
   37.898457416    0.254165061    0.025892622
   37.926803307    0.255747776    0.026117287
   37.955149199    0.257082125    0.026337380
   37.983495091    0.258022587    0.026561654
   38.011840983    0.258387560    0.026797281
   38.040186875    0.257995786    0.027049669
   38.068532767    0.256699388    0.027322686
   38.096878659    0.254406515    0.027619208
   38.125224550    0.251089705    0.027941793
   38.153570442    0.246779776    0.028293299
   38.181916334    0.241548582    0.028677230
   38.210262226    0.235486317    0.029097718
   38.238608118    0.228679812    0.029559107
   38.266954010    0.221197300    0.030065257
   38.295299902    0.213082803    0.030618702
   38.323645793    0.204360298    0.031219908
   38.351991685    0.195044980    0.031866782
   38.380337577    0.185156993    0.032554582
   38.408683469    0.174732496    0.033276245
   38.437029361    0.163827907    0.034023065
   38.465375253    0.152515416    0.034785586
   38.493721145    0.140870675    0.035554514
   38.522067036    0.128956209    0.036321485
   38.550412928    0.116805846    0.037079552
   38.578758820    0.104415698    0.037823356
   38.607104712    0.091745961    0.038549004
   38.635450604    0.078735145    0.039253766
   38.663796496    0.065325049    0.039935717
   38.692142388    0.051491615    0.040593453
   38.720488279    0.037274591    0.041225977
   38.748834171    0.022798362    0.041832759
   38.777180063    0.008277562    0.042413941
   38.805525955   -0.005995903    0.042970590
   38.833871847   -0.019683772    0.043504884
   38.862217739   -0.032445373    0.044020122
   38.890563631   -0.043986304    0.044520519
   38.918909522   -0.054101791    0.045010769
   38.947255414   -0.062705174    0.045495456
   38.975601306   -0.069834603    0.045978422
   39.003947198   -0.075635435    0.046462215
   39.032293090   -0.080320999    0.046947730
   39.060638982   -0.084119258    0.047434125
   39.088984874   -0.087216238    0.047919000
   39.117330765   -0.089708205    0.048398813
   39.145676657   -0.091573005    0.048869414
   39.174022549   -0.092667050    0.049326598
   39.202368441   -0.092748948    0.049766547
   39.230714333   -0.091524916    0.050186096
   39.259060225   -0.088706248    0.050582788
   39.287406117   -0.084066325    0.050954737
   39.315752008   -0.077484716    0.051300373
   39.344097900   -0.068968785    0.051618140
   39.372443792   -0.058648406    0.051906260
   39.400789684   -0.046745547    0.052162590
   39.429135576   -0.033526395    0.052384642
   39.457481468   -0.019247729    0.052569723
   39.485827360   -0.004110616    0.052715167
   39.514173251    0.011767337    0.052818591
   39.542519143    0.028354477    0.052878108
   39.570865035    0.045681861    0.052892450
   39.599210927    0.063800240    0.052860980
   39.627556819    0.082728202    0.052783592
   39.655902711    0.102404836    0.052660541
   39.684248603    0.122659351    0.052492249
   39.712594494    0.143206094    0.052279141
   39.740940386    0.163667256    0.052021546
   39.769286278    0.183618785    0.051719693
   39.797632170    0.202649239    0.051373794
   39.825978062    0.220418083    0.050984199
   39.854323954    0.236700036    0.050551567
   39.882669846    0.251405455    0.050077028
   39.911015738    0.264572761    0.049562286
   39.939361629    0.276335773    0.049009639
   39.967707521    0.286875053    0.048421915
   39.996053413    0.296366168    0.047802318
   40.024399305    0.304938256    0.047154240
   40.052745197    0.312653290    0.046481049
   40.081091089    0.319510721    0.045785910
   40.109436981    0.325475256    0.045071667
   40.137782872    0.330519216    0.044340810
   40.166128764    0.334666877    0.043595533
   40.194474656    0.338027561    0.042837860
   40.222820548    0.340807138    0.042069829
   40.251166440    0.343293367    0.041293678
   40.279512332    0.345817546    0.040511993
   40.307858224    0.348701407    0.039727793
   40.336204115    0.352202385    0.038944506
   40.364550007    0.356471045    0.038165845
   40.392895899    0.361531490    0.037395593
   40.421241791    0.367289639    0.036637337
   40.449587683    0.373567019    0.035894187
   40.477933575    0.380151029    0.035168541
   40.506279467    0.386848359    0.034461937
   40.534625358    0.393527529    0.033775016
   40.562971250    0.400139582    0.033107607
   40.591317142    0.406711966    0.032458897
   40.619663034    0.413318015    0.031827659
   40.648008926    0.420031092    0.031212481
   40.676354818    0.426876654    0.030611936
   40.704700710    0.433795981    0.030024674
   40.733046601    0.440632026    0.029449410
   40.761392493    0.447141613    0.028884841
   40.789738385    0.453030775    0.028329523
   40.818084277    0.458003504    0.027781774
   40.846430169    0.461810341    0.027239658
   40.874776061    0.464283234    0.026701086
   40.903121953    0.465346988    0.026164045
   40.931467844    0.465004303    0.025626934
   40.959813736    0.463299114    0.025088940
   40.988159628    0.460269396    0.024550376
   41.016505520    0.455904056    0.024012911
   41.044851412    0.450117796    0.023479600
   41.073197304    0.442753147    0.022954704
   41.101543196    0.433611310    0.022443304
   41.129889087    0.422505163    0.021950755
   41.158234979    0.409321031    0.021482078
   41.186580871    0.394072541    0.021041387
   41.214926763    0.376931122    0.020631446
   41.243272655    0.358223277    0.020253431
   41.271618547    0.338393162    0.019906911
   41.299964439    0.317938195    0.019590052
   41.328310330    0.297332725    0.019299966
   41.356656222    0.276958312    0.019033144
   41.385002114    0.257057816    0.018785870
   41.413348006    0.237724521    0.018554571
   41.441693898    0.218928468    0.018336037
   41.470039790    0.200572437    0.018127526
   41.498385682    0.182562163    0.017926770
   41.526731573    0.164871584    0.017731937
   41.555077465    0.147585209    0.017541595
   41.583423357    0.130905802    0.017354724
   41.611769249    0.115124904    0.017170783
   41.640115141    0.100563733    0.016989839
   41.668461033    0.087500082    0.016812702
   41.696806925    0.076100762    0.016641035
   41.725152816    0.066377824    0.016477379
   41.753498708    0.058180589    0.016325075
   41.781844600    0.051226048    0.016188066
   41.810190492    0.045160021    0.016070604
   41.838536384    0.039633271    0.015976918
   41.866882276    0.034372798    0.015910885
   41.895228168    0.029229854    0.015875788
   41.923574059    0.024192425    0.015874177
   41.951919951    0.019359422    0.015907873
   41.980265843    0.014884015    0.015978096
   42.008611735    0.010901678    0.016085678
   42.036957627    0.007462532    0.016231310
   42.065303519    0.004486262    0.016415771
   42.093649411    0.001751775    0.016640079
   42.121995303   -0.001075581    0.016905535
   42.150341194   -0.004386410    0.017213669
   42.178687086   -0.008554401    0.017566081
   42.207032978   -0.013867238    0.017964232
   42.235378870   -0.020478972    0.018409225
   42.263724762   -0.028395594    0.018901617
   42.292070654   -0.037496428    0.019441308
   42.320416546   -0.047584330    0.020027514
   42.348762437   -0.058450023    0.020658841
   42.377108329   -0.069932305    0.021333438
   42.405454221   -0.081957303    0.022049195
   42.433800113   -0.094545909    0.022803960
   42.462146005   -0.107787431    0.023595727
   42.490491897   -0.121786929    0.024422757
   42.518837789   -0.136601090    0.025283619
   42.547183680   -0.152180892    0.026177120
   42.575529572   -0.168337846    0.027102140
   42.603875464   -0.184744668    0.028057397
   42.632221356   -0.200972373    0.029041171
   42.660567248   -0.216556435    0.030051037
   42.688913140   -0.231077136    0.031083671
   42.717259032   -0.244235472    0.032134768
   42.745604923   -0.255907017    0.033199099
   42.773950815   -0.266161407    0.034270726
   42.802296707   -0.275243401    0.035343341
   42.830642599   -0.283520501    0.036410673
   42.858988491   -0.291409665    0.037466908
   42.887334383   -0.299299913    0.038507007
   42.915680275   -0.307487635    0.039526885
   42.944026166   -0.316137452    0.040523372
   42.972372058   -0.325274658    0.041493980
   43.000717950   -0.334807465    0.042436491
   43.029063842   -0.344570481    0.043348465
   43.057409734   -0.354376680    0.044226762
   43.085755626   -0.364064431    0.045067197
   43.114101518   -0.373528790    0.045864402
   43.142447409   -0.382731434    0.046611947
   43.170793301   -0.391689629    0.047302691
   43.199139193   -0.400450000    0.047929302
   43.227485085   -0.409056235    0.048484818
   43.255830977   -0.417520483    0.048963132
   43.284176869   -0.425806236    0.049359274
   43.312522761   -0.433826560    0.049669437
   43.340868652   -0.441457046    0.049890725
   43.369214544   -0.448558793    0.050020718
   43.397560436   -0.455004420    0.050056950
   43.425906328   -0.460699800    0.049996476
   43.454252220   -0.465595938    0.049835652
   43.482598112   -0.469688542    0.049570238
   43.510944004   -0.473006308    0.049195829
   43.539289895   -0.475591958    0.048708563
   43.567635787   -0.477481678    0.048105959
   43.595981679   -0.478688609    0.047387708
   43.624327571   -0.479194558    0.046556229
   43.652673463   -0.478951580    0.045616849
   43.681019355   -0.477892361    0.044577550
   43.709365247   -0.475946092    0.043448308
   43.737711138   -0.473055352    0.042240158
   43.766057030   -0.469189592    0.040964166
   43.794402922   -0.464352008    0.039630537
   43.822748814   -0.458578521    0.038248009
   43.851094706   -0.451929665    0.036823680
   43.879440598   -0.444477871    0.035363243
   43.907786490   -0.436293586    0.033871575
   43.936132381   -0.427433677    0.032353480
   43.964478273   -0.417934775    0.030814411
   43.992824165   -0.407812857    0.029260958
   44.021170057   -0.397068841    0.027701001
   44.049515949   -0.385698591    0.026143456
   44.077861841   -0.373704856    0.024597710
   44.106207733   -0.361108300    0.023072871
   44.134553624   -0.347955097    0.021577026
   44.162899516   -0.334319269    0.020116688
   44.191245408   -0.320299038    0.018696579
   44.219591300   -0.306007643    0.017319777
   44.247937192   -0.291560188    0.015988196
   44.276283084   -0.277058969    0.014703256
   44.304628976   -0.262580211    0.013466569
   44.332974868   -0.248165133    0.012280458
   44.361320759   -0.233817671    0.011148180
   44.389666651   -0.219510102    0.010073786
   44.418012543   -0.205196245    0.009061664
   44.446358435   -0.190830255    0.008115881
   44.474704327   -0.176387484    0.007239498
   44.503050219   -0.161882905    0.006434025
   44.531396111   -0.147382495    0.005699166
   44.559742002   -0.133003907    0.005032898
   44.588087894   -0.118904728    0.004431887
   44.616433786   -0.105259250    0.003892100
   44.644779678   -0.092227467    0.003409502
   44.673125570   -0.079922295    0.002980638
   44.701471462   -0.068382107    0.002602994
   44.729817354   -0.057555232    0.002275074
   44.758163245   -0.047300980    0.001996200
   44.786509137   -0.037408321    0.001766144
   44.814855029   -0.027629433    0.001584712
   44.843200921   -0.017721668    0.001451432
   44.871546813   -0.007489230    0.001365450
   44.899892705    0.003184523    0.001325668
   44.928238597    0.014321348    0.001331109
   44.956584488    0.025852440    0.001381390
   44.984930380    0.037641574    0.001477174
   45.013276272    0.049521175    0.001620463
   45.041622164    0.061332215    0.001814632
   45.069968056    0.072957725    0.002064163
   45.098313948    0.084341323    0.002374140
   45.126659840    0.095485985    0.002749591
   45.155005731    0.106433551    0.003194848
   45.183351623    0.117230719    0.003713055
   45.211697515    0.127891275    0.004305933
   45.240043407    0.138365771    0.004973848
   45.268389299    0.148528428    0.005716131
   45.296735191    0.158186927    0.006531559
   45.325081083    0.167114873    0.007418850
   45.353426974    0.175100636    0.008377027
   45.381772866    0.182001474    0.009405553
   45.410118758    0.187789716    0.010504207
   45.438464650    0.192578842    0.011672721
   45.466810542    0.196621513    0.012910291
   45.495156434    0.200277939    0.014215099
   45.523502326    0.203959870    0.015583966
   45.551848217    0.208061368    0.017012245
   45.580194109    0.212890786    0.018493991
   45.608540001    0.218618316    0.020022342
   45.636885893    0.225250044    0.021590041
   45.665231785    0.232633505    0.023189948
   45.693577677    0.240492745    0.024815420
   45.721923569    0.248484484    0.026460458
   45.750269460    0.256262760    0.028119612
   45.778615352    0.263538209    0.029787679
   45.806961244    0.270120160    0.031459292
   45.835307136    0.275934341    0.033128552
   45.863653028    0.281014918    0.034788825
   45.891998920    0.285475393    0.036432788
   45.920344812    0.289467120    0.038052766
   45.948690703    0.293136011    0.039641295
   45.977036595    0.296587138    0.041191810
   46.005382487    0.299863876    0.042699311
   46.033728379    0.302943899    0.044160861
   46.062074271    0.305750048    0.045575817
   46.090420163    0.308170856    0.046945745
   46.118766055    0.310084086    0.048274047
   46.147111946    0.311377147    0.049565405
   46.175457838    0.311960371    0.050825158
   46.203803730    0.311771947    0.052058760
   46.232149622    0.310776003    0.053271419
   46.260495514    0.308957096    0.054467982
   46.288841406    0.306314698    0.055653025
   46.317187298    0.302860399    0.056831108
   46.345533190    0.298618680    0.058007058
   46.373879081    0.293630183    0.059186176
   46.402224973    0.287955007    0.060374268
   46.430570865    0.281673166    0.061577474
   46.458916757    0.274880217    0.062801886
   46.487262649    0.267677706    0.064053070
   46.515608541    0.260160156    0.065335566
   46.543954433    0.252401866    0.066652520
   46.572300324    0.244447436    0.068005528
   46.600646216    0.236309243    0.069394755
   46.628992108    0.227973307    0.070819313
   46.657338000    0.219412553    0.072277843
   46.685683892    0.210604117    0.073769175
   46.714029784    0.201545909    0.075292945
   46.742375676    0.192267505    0.076850055
   46.770721567    0.182831827    0.078442876
   46.799067459    0.173326599    0.080075172
   46.827413351    0.163847543    0.081751766
   46.855759243    0.154477812    0.083478019
   46.884105135    0.145269527    0.085259224
   46.912451027    0.136232895    0.087100031
   46.940796919    0.127336396    0.089003977
   46.969142810    0.118518390    0.090973221
   46.997488702    0.109707031    0.093008456
   47.025834594    0.100842748    0.095109028
   47.054180486    0.091896441    0.097273165
   47.082526378    0.082877462    0.099498284
   47.110872270    0.073828233    0.101781283
   47.139218162    0.064806287    0.104118775
   47.167564053    0.055858523    0.106507225
   47.195909945    0.046995356    0.108942995
   47.224255837    0.038173350    0.111422295
   47.252601729    0.029293305    0.113941104
   47.280947621    0.020217035    0.116495066
   47.309293513    0.010801014    0.119079423
   47.337639405    0.000940012    0.121689004
   47.365985296   -0.009389754    0.124318266
   47.394331188   -0.020099540    0.126961395
   47.422677080   -0.030978712    0.129612444
   47.451022972   -0.041712099    0.132265474
   47.479368864   -0.051922699    0.134914681
   47.507714756   -0.061231922    0.137554489
   47.536060648   -0.069324527    0.140179587
   47.564406539   -0.076003408    0.142784926
   47.592752431   -0.081220845    0.145365683
   47.621098323   -0.085077783    0.147917204
   47.649444215   -0.087789919    0.150434961
   47.677790107   -0.089627219    0.152914525
   47.706135999   -0.090840065    0.155351585
   47.734481891   -0.091588773    0.157741994
   47.762827782   -0.091892933    0.160081851
   47.791173674   -0.091612621    0.162367590
   47.819519566   -0.090466301    0.164596069
   47.847865458   -0.088081580    0.166764634
   47.876211350   -0.084067249    0.168871152
   47.904557242   -0.078089964    0.170914009
   47.932903134   -0.069937858    0.172892093
   47.961249025   -0.059556601    0.174804756
   47.989594917   -0.047050173    0.176651800
   48.017940809   -0.032647210    0.178433475
   48.046286701   -0.016642204    0.180150508
   48.074632593    0.000673152    0.181804157
   48.102978485    0.019070899    0.183396266
   48.131324377    0.038424654    0.184929303
   48.159670268    0.058714955    0.186406359
   48.188016160    0.080001055    0.187831098
   48.216362052    0.102366747    0.189207647
   48.244707944    0.125854435    0.190540457
   48.273053836    0.150404817    0.191834157
   48.301399728    0.175818187    0.193093437
   48.329745620    0.201748061    0.194322999
   48.358091511    0.227729728    0.195527590
   48.386437403    0.253237565    0.196712114
   48.414783295    0.277757794    0.197881804
   48.443129187    0.300859434    0.199042385
   48.471475079    0.322246773    0.200200189
   48.499820971    0.341781313    0.201362146
   48.528166863    0.359468948    0.202535615
   48.556512755    0.375416848    0.203728050
   48.584858646    0.389772156    0.204946518
   48.613204538    0.402659061    0.206197135
   48.641550430    0.414130998    0.207484494
   48.669896322    0.424150620    0.208811173
   48.698242214    0.432602763    0.210177401
   48.726588106    0.439336911    0.211580920
   48.754933998    0.444227741    0.213017048
   48.783279889    0.447237416    0.214478916
   48.811625781    0.448462549    0.215957829
   48.839971673    0.448152418    0.217443664
   48.868317565    0.446692249    0.218925269
   48.896663457    0.444554201    0.220390811
   48.925009349    0.442226952    0.221828080
   48.953355241    0.440140344    0.223224767
   48.981701132    0.438602882    0.224568765
   49.010047024    0.437766784    0.225848529
   49.038392916    0.437628363    0.227053518
   49.066738808    0.438062725    0.228174709
   49.095084700    0.438883165    0.229205128
   49.123430592    0.439909602    0.230140311
   49.151776484    0.441028335    0.230978609
   49.180122375    0.442227892    0.231721237
   49.208468267    0.443602151    0.232372032
   49.236814159    0.445320454    0.232936912
   49.265160051    0.447573064    0.233423105
   49.293505943    0.450506615    0.233838272
   49.321851835    0.454166710    0.234189661
   49.350197727    0.458462802    0.234483442
   49.378543618    0.463164600    0.234724343
   49.406889510    0.467930930    0.234915621
   49.435235402    0.472363608    0.235059380
   49.463581294    0.476072461    0.235157117
   49.491927186    0.478735011    0.235210390
   49.520273078    0.480136052    0.235221446
   49.548618970    0.480177976    0.235193668
   49.576964861    0.478860734    0.235131762
   49.605310753    0.476238514    0.235041663
   49.633656645    0.472366492    0.234930190
   49.662002537    0.467253606    0.234804550
   49.690348429    0.460835543    0.234671814
   49.718694321    0.452976508    0.234538480
   49.747040213    0.443500323    0.234410200
   49.775386104    0.432243175    0.234291715
   49.803731996    0.419114038    0.234186980
   49.832077888    0.404146265    0.234099409
   49.860423780    0.387525626    0.234032167
   49.888769672    0.369585907    0.233988413
   49.917115564    0.350771420    0.233971452
   49.945461456    0.331574375    0.233984759
   49.973807347    0.312461689    0.234031898
   50.002153239    0.293808727    0.234116388
   50.030499131    0.275855915    0.234241559
   50.058845023    0.258698466    0.234410464
   50.087190915    0.242311099    0.234625872
   50.115536807    0.226600739    0.234890326
   50.143882699    0.211473109    0.235206247
   50.172228590    0.196895592    0.235576028
   50.200574482    0.182939764    0.236002074
   50.228920374    0.169792261    0.236486749
   50.257266266    0.157730797    0.237032242
   50.285612158    0.147071148    0.237640365
   50.313958050    0.138098404    0.238312342
   50.342303942    0.130999952    0.239048660
   50.370649833    0.125817359    0.239849016
   50.398995725    0.122429734    0.240712393
   50.427341617    0.120573427    0.241637264
   50.455687509    0.119893969    0.242621863
   50.484033401    0.120018277    0.243664485
   50.512379293    0.120630240    0.244763716
   50.540725185    0.121532029    0.245918564
   50.569071076    0.122676997    0.247128449
   50.597416968    0.124166921    0.248393078
   50.625762860    0.126214767    0.249712233
   50.654108752    0.129082249    0.251085558
   50.682454644    0.133007008    0.252512389
   50.710800536    0.138136273    0.253991687
   50.739146428    0.144481756    0.255522094
   50.767492320    0.151905148    0.257102078
   50.795838211    0.160136149    0.258730138
   50.824184103    0.168817459    0.260404990
   50.852529995    0.177565303    0.262125688
   50.880875887    0.186031164    0.263891640
   50.909221779    0.193951033    0.265702521
   50.937567671    0.201172261    0.267558113
   50.965913563    0.207653981    0.269458133
   50.994259454    0.213443489    0.271402113
   51.022605346    0.218636423    0.273389377
   51.050951238    0.223331741    0.275419141
   51.079297130    0.227592844    0.277490705
   51.107643022    0.231423766    0.279603687
   51.135988914    0.234764938    0.281758214
   51.164334806    0.237507883    0.283954994
   51.192680697    0.239523555    0.286195216
   51.221026589    0.240696030    0.288480264
   51.249372481    0.240952554    0.290811293
   51.277718373    0.240282453    0.293188738
   51.306064265    0.238740746    0.295611885
   51.334410157    0.236436415    0.298078595
   51.362756049    0.233509118    0.300585274
   51.391101940    0.230100825    0.303127098
   51.419447832    0.226329710    0.305698478
   51.447793724    0.222272631    0.308293640
   51.476139616    0.217959984    0.310907224
   51.504485508    0.213383420    0.313534733
   51.532831400    0.208513622    0.316172753
   51.561177292    0.203323052    0.318818867
   51.589523183    0.197807573    0.321471296
   51.617869075    0.192001565    0.324128340
   51.646214967    0.185983082    0.326787749
   51.674560859    0.179868318    0.329446181
   51.702906751    0.173797428    0.332098862
   51.731252643    0.167915790    0.334739531
   51.759598535    0.162355748    0.337360692
   51.787944426    0.157223453    0.339954090
   51.816290318    0.152593839    0.342511331
   51.844636210    0.148514506    0.345024472
   51.872982102    0.145016899    0.347486476
   51.901327994    0.142131310    0.349891434
   51.929673886    0.139901383    0.352234515
   51.958019778    0.138394043    0.354511701
   51.986365669    0.137702137    0.356719391
   52.014711561    0.137939095    0.358853998
   52.043057453    0.139227024    0.360911680
   52.071403345    0.141681409    0.362888267
   52.099749237    0.145396427    0.364779458
   52.128095129    0.150434674    0.366581215
   52.156441021    0.156823854    0.368290298
   52.184786912    0.164561119    0.369904802
   52.213132804    0.173623602    0.371424574
   52.241478696    0.183981958    0.372851402
   52.269824588    0.195612779    0.374188947
   52.298170480    0.208505791    0.375442413
   52.326516372    0.222662869    0.376618043
   52.354862264    0.238087773    0.377722547
   52.383208155    0.254767686    0.378762600
   52.411554047    0.272649641    0.379744494
   52.439899939    0.291616289    0.380674018
   52.468245831    0.311465855    0.381556560
   52.496591723    0.331900550    0.382397359
   52.524937615    0.352526265    0.383201830
   52.553283507    0.372864438    0.383975816
   52.581629398    0.392375001    0.384725698
   52.609975290    0.410487661    0.385458273
   52.638321182    0.426637785    0.386180426
   52.666667074    0.440302877    0.386898646
   52.695012966    0.451036100    0.387618482
   52.723358858    0.458494118    0.388344070
   52.751704750    0.462457588    0.389077839
   52.780050641    0.462843538    0.389820465
   52.808396533    0.459709494    0.390571086
   52.836742425    0.453249560    0.391327740
   52.865088317    0.443782778    0.392087909
   52.893434209    0.431734185    0.392849073
   52.921780101    0.417609265    0.393609131
   52.950125993    0.401962999    0.394366620
   52.978471885    0.385365509    0.395120704
   53.006817776    0.368367107    0.395870939
   53.035163668    0.351466229    0.396616931
   53.063509560    0.335083924    0.397357969
   53.091855452    0.319548041    0.398092765
   53.120201344    0.305089077    0.398819376
   53.148547236    0.291847791    0.399535356
   53.176893128    0.279892722    0.400238100
   53.205239019    0.269243897    0.400925324
   53.233584911    0.259897908    0.401595555
   53.261930803    0.251849389    0.402248531
   53.290276695    0.245104916    0.402885416
   53.318622587    0.239687181    0.403508790
   53.346968479    0.235629719    0.404122422
   53.375314371    0.232964708    0.404730906
   53.403660262    0.231707993    0.405339236
   53.432006154    0.231846067    0.405952456
   53.460352046    0.233329004    0.406575448
   53.488697938    0.236071657    0.407212904
   53.517043830    0.239963022    0.407869470
   53.545389722    0.244881409    0.408549994
   53.573735614    0.250711352    0.409259779
   53.602081505    0.257357666    0.410004735
   53.630427397    0.264752811    0.410791347
   53.658773289    0.272855523    0.411626436
   53.687119181    0.281641164    0.412516724
   53.715465073    0.291086542    0.413468289
   53.743810965    0.301153637    0.414486025
   53.772156857    0.311777039    0.415573224
   53.800502748    0.322858996    0.416731379
   53.828848640    0.334273913    0.417960251
   53.857194532    0.345881490    0.419258180
   53.885540424    0.357545257    0.420622576
   53.913886316    0.369151615    0.422050452
   53.942232208    0.380624165    0.423538885
   53.970578100    0.391929279    0.425085292
   53.998923991    0.403071103    0.426687458
   54.027269883    0.414077019    0.428343332
   54.055615775    0.424977218    0.430050643
   54.083961667    0.435783699    0.431806470
   54.112307559    0.446474284    0.433606887
   54.140653451    0.456986036    0.435446795
   54.168999343    0.467220040    0.437320012
   54.197345234    0.477056591    0.439219618
   54.225691126    0.486377086    0.441138498
   54.254037018    0.495087216    0.443069950
   54.282382910    0.503135691    0.445008241
   54.310728802    0.510523897    0.446948963
   54.339074694    0.517304255    0.448889126
   54.367420586    0.523567879    0.450826950
   54.395766477    0.529424803    0.452761426
   54.424112369    0.534981767    0.454691738
   54.452458261    0.540322910    0.456616686
   54.480804153    0.545497745    0.458534258
   54.509150045    0.550518660    0.460441430
   54.537495937    0.555367661    0.462334259
   54.565841829    0.560009713    0.464208226
   54.594187720    0.564408560    0.466058762
   54.622533612    0.568540590    0.467881823
   54.650879504    0.572403238    0.469674404
   54.679225396    0.576016199    0.471434858
   54.707571288    0.579415870    0.473163000
   54.735917180    0.582645281    0.474859946
   54.764263072    0.585742893    0.476527788
   54.792608963    0.588733642    0.478169149
   54.820954855    0.591624730    0.479786764
   54.849300747    0.594407047    0.481383150
   54.877646639    0.597061393    0.482960436
   54.905992531    0.599567285    0.484520380
   54.934338423    0.601911517    0.486064519
   54.962684315    0.604093867    0.487594410
   54.991030207    0.606128378    0.489111877
   55.019376098    0.608040072    0.490619179
   55.047721990    0.609858337    0.492119076
   55.076067882    0.611609196    0.493614755
   55.104413774    0.613308885    0.495109642
   55.132759666    0.614960682    0.496607167
   55.161105558    0.616555807    0.498110511
   55.189451450    0.618077968    0.499622421
   55.217797341    0.619509995    0.501145120
   55.246143233    0.620840445    0.502680317
   55.274489125    0.622068138    0.504229321
   55.302835017    0.623203295    0.505793197
   55.331180909    0.624265042    0.507372938
   55.359526801    0.625276184    0.508969592
   55.387872693    0.626256940    0.510584311
   55.416218584    0.627219621    0.512218330
   55.444564476    0.628165866    0.513872860
   55.472910368    0.629087228    0.515548941
   55.501256260    0.629968822    0.517247297
   55.529602152    0.630794844    0.518968208
   55.557948044    0.631554197    0.520711449
   55.586293936    0.632244485    0.522476288
   55.614639827    0.632873183    0.524261546
   55.642985719    0.633455691    0.526065689
   55.671331611    0.634010945    0.527886932
   55.699677503    0.634556004    0.529723313
   55.728023395    0.635101300    0.531572738
   55.756369287    0.635648017    0.533432962
   55.784715179    0.636188359    0.535301541
   55.813061070    0.636708565    0.537175752
   55.841406962    0.637193697    0.539052514
   55.869752854    0.637632677    0.540928338
   55.898098746    0.638022023    0.542799310
   55.926444638    0.638367149    0.544661128
   55.954790530    0.638680878    0.546509181
   55.983136422    0.638979664    0.548338651
   56.011482313    0.639278751    0.550144619
   56.039828205    0.639587747    0.551922165
   56.068174097    0.639908012    0.553666415
   56.096519989    0.640232604    0.555372567
   56.124865881    0.640548789    0.557035876
   56.153211773    0.640842289    0.558651616
   56.181557665    0.641101933    0.560215060
   56.209903556    0.641323285    0.561721494
   56.238249448    0.641510126    0.563166283
   56.266595340    0.641673373    0.564545026
   56.294941232    0.641827799    0.565853781
   56.323287124    0.641987583    0.567089356
   56.351633016    0.642162094    0.568249643
   56.379978908    0.642353198    0.569333960
   56.408324799    0.642554896    0.570343354
   56.436670691    0.642755398    0.571280833
   56.465016583    0.642940955    0.572151492
   56.493362475    0.643100248    0.572962511
   56.521708367    0.643227990    0.573723020
   56.550054259    0.643326616    0.574443830
   56.578400151    0.643405572    0.575137055
   56.606746042    0.643478432    0.575815645
   56.635091934    0.643558762    0.576492865
   56.663437826    0.643656012    0.577181757
   56.691783718    0.643772703    0.577894621
   56.720129610    0.643903780    0.578642545
   56.748475502    0.644038301    0.579435014
   56.776821394    0.644162940    0.580279630
   56.805167285    0.644266196    0.581181947
   56.833513177    0.644342015    0.582145431
   56.861859069    0.644391691    0.583171548
   56.890204961    0.644423492    0.584259961
   56.918550853    0.644450110    0.585408807
   56.946896745    0.644484758    0.586615023
   56.975242637    0.644537125    0.587874692
   57.003588528    0.644610430    0.589183351
   57.031934420    0.644700500    0.590536253
   57.060280312    0.644797141    0.591928542
   57.088626204    0.644887367    0.593355355
   57.116972096    0.644959485    0.594811843
   57.145317988    0.645006754    0.596293145
   57.173663880    0.645029503    0.597794350
   57.202009772    0.645035033    0.599310453
   57.230355663    0.645035360    0.600836361
   57.258701555    0.645043493    0.602366939
   57.287047447    0.645069415    0.603897096
   57.315393339    0.645117015    0.605421907
   57.343739231    0.645182919    0.606936728
   57.372085123    0.645257587    0.608437290
   57.400431015    0.645328322    0.609919750
   57.428776906    0.645383254    0.611380682
   57.457122798    0.645415055    0.612817023
   57.485468690    0.645423234    0.614225986
   57.513814582    0.645414291    0.615604970
   57.542160474    0.645399695    0.616951497
   57.570506366    0.645392315    0.618263192
   57.598852258    0.645402419    0.619537820
   57.627198149    0.645434493    0.620773371
   57.655544041    0.645485870    0.621968162
   57.683889933    0.645547588    0.623120939
   57.712235825    0.645607219    0.624230940
   57.740581717    0.645652764    0.625297895
   57.768927609    0.645676415    0.626321962
   57.797273501    0.645676992    0.627303605
   57.825619392    0.645660317    0.628243446
   57.853965284    0.645637382    0.629142127
   57.882311176    0.645620917    0.630000208
   57.910657068    0.645621420    0.630818142
   57.939002960    0.645643880    0.631596320
   57.967348852    0.645686249    0.632335185
   57.995694744    0.645740096    0.633035376
   58.024040635    0.645793274    0.633697870
   58.052386527    0.645833732    0.634324067
   58.080732419    0.645853294    0.634915815
   58.109078311    0.645850213    0.635475332
   58.137424203    0.645829707    0.636005059
   58.165770095    0.645802316    0.636507469
   58.194115987    0.645780591    0.636984864
   58.222461878    0.645775170    0.637439214
   58.250807770    0.645791453    0.637872071
   58.279153662    0.645827934    0.638284561
   58.307499554    0.645876701    0.638677464
   58.335845446    0.645925934    0.639051345
   58.364191338    0.645963625    0.639406706
   58.392537230    0.645981344    0.639744122
   58.420883121    0.645976868    0.640064317
   58.449229013    0.645954858    0.640368185
   58.477574905    0.645925382    0.640656745
   58.505920797    0.645900737    0.640931048
   58.534266689    0.645891601    0.641192084
   58.562612581    0.645903694    0.641440692
   58.590958473    0.645936011    0.641677525
   58.619304364    0.645981169    0.641903055
   58.647650256    0.646027752    0.642117628
   58.675996148    0.646063900    0.642321546
   58.704342040    0.646081031    0.642515147
   58.732687932    0.646076513    0.642698862
   58.761033824    0.646054459    0.642873232
   58.789379716    0.646024406    0.643038885
   58.817725607    0.645998309    0.643196477
   58.846071499    0.645986786    0.643346622
   58.874417391    0.645995804    0.643489828
   58.902763283    0.646024845    0.643626468
   58.931109175    0.646067101    0.643756778
   58.959455067    0.646111648    0.643880900
   58.987800959    0.646146881    0.643998945
   59.016146850    0.646164152    0.644111057
   59.044492742    0.646160452    0.644217460
   59.072838634    0.646139318    0.644318479
   59.101184526    0.646109686    0.644414517
   59.129530418    0.646083066    0.644506013
   59.157876310    0.646069929    0.644593378
   59.186222202    0.646076449    0.644676939
   59.214568093    0.646102605    0.644756911
   59.242913985    0.646142235    0.644833397
   59.271259877    0.646185003    0.644906419
   59.299605769    0.646219653    0.644975971
   59.327951661    0.646237527    0.645042078
   59.356297553    0.646235244    0.645104842
   59.384643445    0.646215713    0.645164457
   59.412989337    0.646187179    0.645221198
   59.441335228    0.646160615    0.645275375
   59.469681120    0.646146282    0.645327287
   59.498027012    0.646150545    0.645377160
   59.526372904    0.646173925    0.645425127
   59.554718796    0.646210984    0.645471215
   59.583064688    0.646252068    0.645515381
   59.611410580    0.646286342    0.645557555
   59.639756471    0.646305165    0.645597693
   59.668102363    0.646304756    0.645635825
   59.696448255    0.646287326    0.645672067
   59.724794147    0.646260342    0.645706616
   59.753140039    0.646234164    0.645739710
   59.781485931    0.646218811    0.645771580
   59.809831823    0.646220855    0.645802401
   59.838177714    0.646241419    0.645832257
   59.866523606    0.646275873    0.645861142
   59.894869498    0.646315322    0.645888978
   59.923215390    0.646349394    0.645915661
   59.951561282    0.646369458    0.645941109
   59.979907174    0.646371284    0.645965308
   60.008253066    0.646356310    0.645988327
   60.036598957    0.646331149    0.646010314
   60.064944849    0.646305503    0.646031465
   60.093290741    0.646289144    0.646051971
   60.121636633    0.646288893    0.646071978
   60.149982525    0.646306547    0.646091548
   60.178328417    0.646338358    0.646110659
   60.206674309    0.646376239    0.646129218
   60.235020200    0.646410291    0.646147104
   60.263366092    0.646431861    0.646164215
   60.291711984    0.646436206    0.646180509
   60.320057876    0.646423916    0.646196026
   60.348403768    0.646400702    0.646210883
   60.376749660    0.646375592    0.646225246
   60.405095552    0.646358139    0.646239285
   60.433441443    0.646355476    0.646253127
   60.461787335    0.646370138    0.646266829
   60.490133227    0.646399316    0.646280361
   60.518479119    0.646435748    0.646293627
   60.546825011    0.646469982    0.646306500
   60.575170903    0.646493291    0.646318865
   60.603516795    0.646500349    0.646330665
   60.631862686    0.646490849    0.646341917
   60.660208578    0.646469573    0.646352718
   60.688554470    0.646444901    0.646363212
   60.716900362    0.646426220    0.646373556
   60.745246254    0.646421037    0.646383870
   60.773592146    0.646432686    0.646394206
   60.801938038    0.646459314    0.646404537
   60.830283929    0.646494470    0.646414770
   60.858629821    0.646529099    0.646424775
   60.886975713    0.646554328    0.646434433
   60.915321605    0.646564194    0.646443673
   60.943667497    0.646557465    0.646452500
   60.972013389    0.646538013    0.646460990
   61.000359281    0.646513618    0.646469275
   61.028705172    0.646493571    0.646477500
   61.057051064    0.646485817    0.646485782
   61.085396956    0.646494516    0.646494176
   61.113742848    0.646518759    0.646502661
   61.142088740    0.646552856    0.646511146
   61.170434632    0.646588074    0.646519505
   61.198780524    0.646615331    0.646527617
   61.227126415    0.646627989    0.646535401
   61.255472307    0.646623900    0.646542849
   61.283818199    0.646606077    0.646550025
   61.312164091    0.646581777    0.646557047
   61.340509983    0.646560267    0.646564053
   61.368855875    0.646549974    0.646571159
   61.397201767    0.646555881    0.646578425
   61.425547659    0.646577978    0.646585834
   61.453893550    0.646611249    0.646593307
   61.482239442    0.646647206    0.646600719
   61.510585334    0.646676504    0.646607948
   61.538931226    0.646691823    0.646614908
   61.567277118    0.646690147    0.646621577
   61.595623010    0.646673713    0.646628008
   61.623968902    0.646649343    0.646634308
   61.652314793    0.646626347    0.646640611
   61.680660685    0.646613649    0.646647030
   61.709006577    0.646617015    0.646653633
   61.737352469    0.646637249    0.646660411
   61.765698361    0.646669913    0.646667292
   61.794044253    0.646706686    0.646674158
   61.822390145    0.646737927    0.646680885
   61.850736036    0.646755670    0.646687381
   61.879081928    0.646756110    0.646693615
   61.907427820    0.646740816    0.646699627
   61.935773712    0.646716266    0.646705516
   61.964119604    0.646691858    0.646711409
   61.992465496    0.646676994    0.646717423
   62.020811388    0.646678145    0.646723630
   62.049157279    0.646696814    0.646730031
   62.077503171    0.646729041    0.646736563
   62.105849063    0.646766607    0.646743113
   62.134194955    0.646799582    0.646749556
   62.162540847    0.646819422    0.646755796
   62.190886739    0.646821650    0.646761791
   62.219232631    0.646807278    0.646767571
   62.247578522    0.646782525    0.646773227
   62.275924414    0.646756888    0.646778881
   62.304270306    0.646740189    0.646784652
   62.332616198    0.646739492    0.646790618
   62.360962090    0.646756875    0.646796790
   62.389307982    0.646788754    0.646803112
   62.417653874    0.646826980    0.646809477
   62.445999765    0.646861376    0.646815763
   62.474345657    0.646882927    0.646821865
   62.502691549    0.646886616    0.646827734
   62.531037441    0.646873018    0.646833390
   62.559383333    0.646848143    0.646838914
   62.587729225    0.646821566    0.646844427
   62.616075117    0.646803432    0.646850049
   62.644421008    0.646801261    0.646855863
   62.672766900    0.646817577    0.646861890
   62.701112792    0.646849093    0.646868084
   62.729458684    0.646887734    0.646874342
   62.757804576    0.646923158    0.646880541
   62.786150468    0.646946013    0.646886572
   62.814496360    0.646950883    0.646892379
   62.842842251    0.646938004    0.646897972
   62.871188143    0.646913200    0.646903424
   62.899534035    0.646886062    0.646908853
   62.927879927    0.646866926    0.646914380
   62.956225819    0.646863622    0.646920095
   62.984571711    0.646879000    0.646926029
   63.012917603    0.646910027    0.646932141
   63.041263494    0.646948739    0.646938335
   63.069609386    0.646984748    0.646944487
   63.097955278    0.647008518    0.646950487
   63.126301170    0.647014368    0.646956268
   63.154647062    0.647002266    0.646961831
   63.182992954    0.646977833    0.646967246
   63.211338846    0.646950571    0.646972624
   63.239684737    0.646930862    0.646978089
   63.268030629    0.646926695    0.646983738
   63.296376521    0.646941155    0.646989606
   63.324722413    0.646971452    0.646995664
   63.353068305    0.647009819    0.647001818
   63.381414197    0.647045963    0.647007947
   63.409760089    0.647070318    0.647013936
   63.438105980    0.647077054    0.647019710
   63.466451872    0.647065901    0.647025265
   63.494797764    0.647042221    0.647030661
   63.523143656    0.647015295    0.647036009
   63.551489548    0.646995392    0.647041433
   63.579835440    0.646990532    0.647047033
   63.608181332    0.647003974    0.647052856
   63.636527224    0.647033208    0.647058874
   63.664873115    0.647070777    0.647065003
   63.693219007    0.647106640    0.647071120
   63.721564899    0.647131345    0.647077108
   63.749910791    0.647138990    0.647082887
   63.778256683    0.647129064    0.647088444
   63.806602575    0.647106569    0.647093834
   63.834948467    0.647080417    0.647099164
   63.863294358    0.647060615    0.647104560
   63.891640250    0.647055111    0.647110125
   63.919986142    0.647067323    0.647115911
   63.948332034    0.647095097    0.647121900
   63.976677926    0.647131422    0.647128010
   64.005023818    0.647166664    0.647134121
   64.033369710    0.647191600    0.647140113
   64.061715601    0.647200300    0.647145901
   64.090061493    0.647191954    0.647151467
   64.118407385    0.647171083    0.647156860
   64.146753277    0.647146081    0.647162181
   64.175099169    0.647126559    0.647167557
   64.203445061    0.647120335    0.647173095
   64.231790953    0.647131016    0.647178852
   64.260136844    0.647156907    0.647184815
   64.288482736    0.647191593    0.647190909
   64.316828628    0.647225983    0.647197016
   64.345174520    0.647251161    0.647203013
   64.373520412    0.647261161    0.647208815
   64.401866304    0.647254789    0.647214394
   64.430212196    0.647235947    0.647219793
   64.458558087    0.647212367    0.647225113
   64.486903979    0.647193173    0.647230476
   64.515249871    0.647186041    0.647235992
   64.543595763    0.647194832    0.647241723
   64.571941655    0.647218440    0.647247663
   64.600287547    0.647251185    0.647253741
   64.628633439    0.647284622    0.647259843
   64.656979330    0.647310176    0.647265847
   64.685325222    0.647321795    0.647271662
   64.713671114    0.647317786    0.647277257
   64.742017006    0.647301295    0.647282668
   64.770362898    0.647279280    0.647287991
   64.798708790    0.647260333    0.647293345
   64.827054682    0.647252016    0.647298843
   64.855400573    0.647258547    0.647304551
   64.883746465    0.647279538    0.647310468
   64.912092357    0.647310163    0.647316529
   64.940438249    0.647342683    0.647322625
   64.968784141    0.647368849    0.647328634
   64.997130033    0.647382436    0.647334464
   65.025475925    0.647381127    0.647340077
   65.053821816    0.647367192    0.647345504
   65.082167708    0.647346746    0.647350834
   65.110513600    0.647327848    0.647356184
   65.138859492    0.647318020    0.647361666
   65.167205384    0.647321955    0.647367351
   65.195551276    0.647340104    0.647373243
   65.223897168    0.647368574    0.647379286
   65.252243059    0.647400342    0.647385374
   65.280588951    0.647427423    0.647391388
   65.308934843    0.647443308    0.647397233
   65.337280735    0.647444940    0.647402867
   65.365626627    0.647433624    0.647408313
   65.393972519    0.647414613    0.647413653
   65.422318411    0.647395481    0.647419002
   65.450664302    0.647383815    0.647424470
   65.479010194    0.647384902    0.647430130
   65.507356086    0.647400122    0.647435997
   65.535701978    0.647426544    0.647442019
   65.564047870    0.647457825    0.647448097
   65.592393762    0.647486145    0.647454116
   65.620739654    0.647504595    0.647459977
   65.649085545    0.647509276    0.647465634
   65.677431437    0.647500495    0.647471102
   65.705777329    0.647482666    0.647476456
   65.734123221    0.647462977    0.647481804
   65.762469113    0.647449195    0.647487258
   65.790815005    0.647447301    0.647492895
   65.819160897    0.647459657    0.647498734
   65.847506789    0.647484272    0.647504733
   65.875852680    0.647515392    0.647510801
   65.904198572    0.647545246    0.647516823
   65.932544464    0.647566415    0.647522702
   65.960890356    0.647574104    0.647528384
   65.989236248    0.647567628    0.647533877
   66.017582140    0.647550651    0.647539246
   66.045928032    0.647530089    0.647544595
   66.074273923    0.647514008    0.647550035
   66.102619815    0.647509152    0.647555646
   66.130965707    0.647518859    0.647561456
   66.159311599    0.647542004    0.647567431
   66.187657491    0.647573301    0.647573487
   66.216003383    0.647604906    0.647579514
   66.244349275    0.647628807    0.647585412
   66.272695166    0.647639302    0.647591121
   66.301041058    0.647634789    0.647596640
   66.329386950    0.647618300    0.647602025
   66.357732842    0.647596612    0.647607376
   66.386078734    0.647578182    0.647612800
   66.414424626    0.647570543    0.647618384
   66.442770518    0.647577947    0.647624163
   66.471116409    0.647600012    0.647630113
   66.499462301    0.647631784    0.647636158
   66.527808193    0.647665231    0.647642190
   66.556154085    0.647691715    0.647648109
   66.584499977    0.647704675    0.647653846
   66.612845869    0.647701709    0.647659392
   66.641191761    0.647685365    0.647664794
   66.669537652    0.647662405    0.647670145
   66.697883544    0.647641738    0.647675554
   66.726229436    0.647631645    0.647681109
   66.754575328    0.647637184    0.647686857
   66.782921220    0.647658561    0.647692782
   66.811267112    0.647691010    0.647698816
   66.839613004    0.647726240    0.647704855
   66.867958895    0.647754997    0.647710795
   66.896304787    0.647769970    0.647716562
   66.924650679    0.647768112    0.647722135
   66.952996571    0.647751645    0.647727553
   66.981342463    0.647727416    0.647732904
   67.009688355    0.647704785    0.647738295
   67.038034247    0.647692697    0.647743822
   67.066380138    0.647696852    0.647749538
   67.094726030    0.647717875    0.647755440
   67.123071922    0.647751070    0.647761464
   67.151417814    0.647787853    0.647767511
   67.179763706    0.647818435    0.647773473
   67.208109598    0.647834904    0.647779269
   67.236455490    0.647833752    0.647784868
   67.264801381    0.647817018    0.647790302
   67.293147273    0.647791687    0.647795651
   67.321493165    0.647767521    0.647801024
   67.349839057    0.647753977    0.647806522
   67.378184949    0.647757213    0.647812208
   67.406530841    0.647778110    0.647818087
   67.434876733    0.647811954    0.647824103
   67.463222624    0.647849902    0.647830158
   67.491568516    0.647881757    0.647836143
   67.519914408    0.647899200    0.647841967
   67.548260300    0.647898444    0.647847591
   67.576606192    0.647881455    0.647853038
   67.604952084    0.647855360    0.647858384
   67.633297976    0.647830204    0.647863739
   67.661643867    0.647815773    0.647869210
   67.689989759    0.647818484    0.647874868
   67.718335651    0.647839331    0.647880725
   67.746681543    0.647873556    0.647886735
   67.775027435    0.647912143    0.647892799
   67.803373327    0.647944669    0.647898805
   67.831719219    0.647962618    0.647904656
   67.860065110    0.647962086    0.647910302
   67.888411002    0.647945031    0.647915760
   67.916756894    0.647918657    0.647921103
   67.945102786    0.647893130    0.647926441
   67.973448678    0.647878348    0.647931886
   68.001794570    0.647880799    0.647937518
   68.030140462    0.647901499    0.647943358
   68.058486354    0.647935675    0.647949362
   68.086832245    0.647974284    0.647955435
   68.115178137    0.648006893    0.647961460
   68.143524029    0.648024989    0.647967334
   68.171869921    0.648024681    0.647973001
   68.200215813    0.648007920    0.647978468
   68.228561705    0.647981865    0.647983807
   68.256907597    0.647956594    0.647989130
   68.285253488    0.647941903    0.647994552
   68.313599380    0.647944195    0.648000162
   68.341945272    0.647964471    0.648005986
   68.370291164    0.647998037    0.648011985
   68.398637056    0.648036019    0.648018066
   68.426982948    0.648068196    0.648024108
   68.455328840    0.648086239    0.648030001
   68.483674731    0.648086340    0.648035684
   68.512020623    0.648070379    0.648041159
   68.540366515    0.648045295    0.648046496
   68.568712407    0.648020856    0.648051805
   68.597058299    0.648006550    0.648057209
   68.625404191    0.648008596    0.648062800
   68.653750083    0.648028009    0.648068611
   68.682095974    0.648060327    0.648074606
   68.710441866    0.648097064    0.648080692
   68.738787758    0.648128427    0.648086746
   68.767133650    0.648146406    0.648092655
   68.795479542    0.648147275    0.648098351
   68.823825434    0.648132722    0.648103834
   68.852171326    0.648109255    0.648109169
   68.880517217    0.648086102    0.648114470
   68.908863109    0.648072292    0.648119860
   68.937209001    0.648073819    0.648125435
   68.965554893    0.648091807    0.648131234
   68.993900785    0.648122222    0.648137224
   69.022246677    0.648157196    0.648143312
   69.050592569    0.648187543    0.648149373
   69.078938460    0.648205639    0.648155293
   69.107284352    0.648207782    0.648161000
   69.135630244    0.648195286    0.648166490
   69.163976136    0.648174000    0.648171827
   69.192322028    0.648152422    0.648177124
   69.220667920    0.648139016    0.648182505
   69.249013812    0.648139586    0.648188070
   69.277359703    0.648155521    0.648193858
   69.305705595    0.648183433    0.648199839
   69.334051487    0.648216283    0.648205924
   69.362397379    0.648245616    0.648211988
   69.390743271    0.648264194    0.648217915
   69.419089163    0.648268206    0.648223631
   69.447435055    0.648258386    0.648229130
   69.475780946    0.648239707    0.648234473
   69.504126838    0.648219786    0.648239771
   69.532472730    0.648206496    0.648245148
   69.560818622    0.648205555    0.648250704
   69.589164514    0.648218811    0.648256481
   69.617510406    0.648243744    0.648262451
   69.645856298    0.648274309    0.648268527
   69.674202189    0.648302839    0.648274588
   69.702548081    0.648322404    0.648280517
   69.730893973    0.648328908    0.648286242
   69.759239865    0.648322281    0.648291752
   69.787585757    0.648306441    0.648297107
   69.815931649    0.648288040    0.648302412
   69.844277541    0.648274413    0.648307791
   69.872623432    0.648271351    0.648313340
   69.900969324    0.648281379    0.648319104
   69.929315216    0.648303039    0.648325058
   69.957661108    0.648331383    0.648331119
   69.986007000    0.648359508    0.648337171
   70.014352892    0.648380651    0.648343100
   70.042698784    0.648390218    0.648348833
   70.071044676    0.648387135    0.648354359
   70.099390567    0.648374138    0.648359732
   70.127736459    0.648356916    0.648365051
   70.156082351    0.648342385    0.648370435
   70.184428243    0.648336615    0.648375978
   70.212774135    0.648343013    0.648381725
   70.241120027    0.648361329    0.648387657
   70.269465919    0.648387738    0.648393697
   70.297811810    0.648415998    0.648399734
   70.326157702    0.648439320    0.648405661
   70.354503594    0.648452397    0.648411406
   70.382849486    0.648452992    0.648416953
   70.411195378    0.648442609    0.648422350
   70.439541270    0.648426055    0.648427690
   70.467887162    0.648410012    0.648433082
   70.496233053    0.648401041    0.648438618
   70.524578945    0.648403616    0.648444344
   70.552924837    0.648418760    0.648450247
   70.581270729    0.648443712    0.648456258
   70.609616621    0.648472722    0.648462277
   70.637962513    0.648498755    0.648468201
   70.666308405    0.648515599    0.648473961
   70.694654296    0.648519757    0.648479537
   70.723000188    0.648511543    0.648484966
   70.751346080    0.648495038    0.648490331
   70.779691972    0.648476911    0.648495733
   70.808037864    0.648464423    0.648501259
   70.836383756    0.648463226    0.648506958
   70.864729648    0.648475605    0.648512824
   70.893075539    0.648499720    0.648518799
   70.921421431    0.648530091    0.648524796
   70.949767323    0.648559217    0.648530719
   70.978113215    0.648579842    0.648536500
   71.006459107    0.648587201    0.648542112
   71.034804999    0.648580540    0.648547581
   71.063150891    0.648563436    0.648552978
   71.091496782    0.648542773    0.648558391
   71.119842674    0.648526679    0.648563903
   71.148188566    0.648522022    0.648569566
   71.176534458    0.648532242    0.648575384
   71.204880350    0.648556206    0.648581317
   71.233226242    0.648588460    0.648587288
   71.261572134    0.648620848    0.648593214
   71.289918025    0.648645003    0.648599023
   71.318263917    0.648654975    0.648604682
   71.346609809    0.648649150    0.648610202
   71.374955701    0.648630850    0.648615635
   71.403301593    0.648607395    0.648621058
   71.431647485    0.648587875    0.648626549
   71.459993377    0.648580316    0.648632164
   71.488339268    0.648589121    0.648637924
   71.516685160    0.648613601    0.648643804
   71.545031052    0.648648090    0.648649748
   71.573376944    0.648683644    0.648655680
   71.601722836    0.648710814    0.648661530
   71.630068728    0.648722640    0.648667252
   71.658414620    0.648716912    0.648672836
   71.686760511    0.648696966    0.648678314
   71.715106403    0.648670718    0.648683746
   71.743452295    0.648648229    0.648689203
   71.771798187    0.648638529    0.648694752
   71.800144079    0.648646719    0.648700432
   71.828489971    0.648672272    0.648706244
   71.856835863    0.648709107    0.648712156
   71.885181754    0.648747447    0.648718104
   71.913527646    0.648776884    0.648724017
   71.941873538    0.648789709    0.648729832
   71.970219430    0.648783417    0.648735509
   71.998565322    0.648761591    0.648741049
   72.026911214    0.648732837    0.648746486
   72.055257106    0.648708092    0.648751885
   72.083602997    0.648697148    0.648757324
   72.111948889    0.648705488    0.648762872
   72.140294781    0.648732476    0.648768575
   72.168640673    0.648771482    0.648774439
   72.196986565    0.648811947    0.648780428
   72.225332457    0.648842733    0.648786471
   72.253678349    0.648855697    0.648792472
   72.282024241    0.648848345    0.648798340
   72.310370132    0.648824686    0.648804003
   72.338716024    0.648794007    0.648809438
   72.367061916    0.648767928    0.648814677
   72.395407808    0.648756681    0.648819815
   72.423753700    0.648765804    0.648824992
   72.452099592    0.648794323    0.648830374
   72.480445484    0.648835019    0.648836114
   72.508791375    0.648876711    0.648842308
   72.537137267    0.648907838    0.648848949
   72.565483159    0.648920177    0.648855889
   72.593829051    0.648911513    0.648862808
   72.622174943    0.648886380    0.648869198
   72.650520835    0.648854628    0.648874379
   72.678866727    0.648828266    0.648877524
   72.707212618    0.648817604    0.648877709
   72.735558510    0.648827921    0.648873977
   72.763904402    0.648857757    0.648865412
   72.792250294    0.648899367    0.648851204
   72.820596186    0.648941215    0.648830701
   72.848942078    0.648971685    0.648803447
   72.877287970    0.648982824    0.648769186
   72.905633861    0.648972904    0.648727844
   72.933979753    0.648946969    0.648679484
   72.962325645    0.648915206    0.648624253
   72.990671537    0.648889650    0.648562318
   73.019017429    0.648880307    0.648493817
   73.047363321    0.648891938    0.648418819
   73.075709213    0.648922544    0.648337316
   73.104055104    0.648964043    0.648249231
   73.132400996    0.649004891    0.648154448
   73.160746888    0.649033820    0.648052848
   73.189092780    0.649043459    0.647944347
   73.217438672    0.649032675    0.647828917
   73.245784564    0.649006896    0.647706597
   73.274130456    0.648976319    0.647577475
   73.302476347    0.648952589    0.647441661
   73.330822239    0.648945052    0.647299258
   73.359168131    0.648957775    0.647150324
   73.387514023    0.648988294    0.646994859
   73.415859915    0.649028474    0.646832806
   73.444205807    0.649067186    0.646664063
   73.472551699    0.649093903    0.646488521
   73.500897590    0.649102073    0.646306094
   73.529243482    0.649091157    0.646116745
   73.557589374    0.649066719    0.645920497
   73.585935266    0.649038557    0.645717432
   73.614281158    0.649017501    0.645507657
   73.642627050    0.649011939    0.645291278
   73.670972942    0.649025177    0.645068366
   73.699318833    0.649054478    0.644838931
   73.727664725    0.649092046    0.644602924
   73.756010617    0.649127608    0.644360247
   73.784356509    0.649151737    0.644110785
   73.812702401    0.649158836    0.643854441
   73.841048293    0.649148830    0.643591170
   73.869394185    0.649127063    0.643320987
   73.897740076    0.649102476    0.643043968
   73.926085968    0.649084680    0.642760225
   73.954431860    0.649080895    0.642469872
   73.982777752    0.649093729    0.642172987
   74.011123644    0.649120481    0.641869591
   74.039469536    0.649154150    0.641559637
   74.067815428    0.649185768    0.641243026
   74.096161319    0.649207288    0.640919640
   74.124507211    0.649214082    0.640589373
   74.152853103    0.649206282    0.640252171
   74.181198995    0.649188572    0.639908045
   74.209544887    0.649168555    0.639557072
   74.237890779    0.649154276    0.639199366
   74.266236671    0.649151689    0.638835047
   74.294582562    0.649162892    0.638464200
   74.322928454    0.649185641    0.638086849
   74.351274346    0.649214226    0.637702949
   74.379620238    0.649241398    0.637312400
   74.407966130    0.649260668    0.636915080
   74.436312022    0.649268269    0.636510878
   74.464657914    0.649264164    0.636099738
   74.493003806    0.649251868    0.635681669
   74.521349697    0.649237182    0.635256746
   74.549695589    0.649226310    0.634825086
   74.578041481    0.649223969    0.634386812
   74.606387373    0.649232063    0.633942011
   74.634733265    0.649249299    0.633490708
   74.663079157    0.649271778    0.633032859
   74.691425049    0.649294325    0.632568364
   74.719770940    0.649312087    0.632097097
   74.748116832    0.649321916    0.631618952
   74.776462724    0.649323136    0.631133868
   74.804808616    0.649317541    0.630641857
   74.833154508    0.649308687    0.630142993
   74.861500400    0.649300754    0.629637393
   74.889846292    0.649297358    0.629125176
   74.918192183    0.649300634    0.628606428
   74.946538075    0.649310807    0.628081173
   74.974883967    0.649326315    0.627549366
   75.003229859    0.649344362    0.627010910
   75.031575751    0.649361713    0.626465684
   75.059921643    0.649375496    0.625913585
   75.088267535    0.649383840    0.625354556
   75.116613426    0.649386221    0.624788610
   75.144959318    0.649383510    0.624215819
   75.173305210    0.649377733    0.623636293
   75.201651102    0.649371629    0.623050145
   75.229996994    0.649368072    0.622457455
   75.258342886    0.649369454    0.621858242
   75.286688778    0.649377122    0.621252465
   75.315034669    0.649390979    0.620640031
   75.343380561    0.649409357    0.620020831
   75.371726453    0.649429256    0.619394770
   75.400072345    0.649446949    0.618761800
   75.428418237    0.649458889    0.618121931
   75.456764129    0.649462720    0.617475232
   75.485110021    0.649458108    0.616821799
   75.513455912    0.649447129    0.616161732
   75.541801804    0.649433992    0.615495099
   75.570147696    0.649424070    0.614821918
   75.598493588    0.649422432    0.614142149
   75.626839480    0.649432241    0.613455715
   75.655185372    0.649453530    0.612762523
   75.683531264    0.649482775    0.612062495
   75.711877155    0.649513550    0.611355592
   75.740223047    0.649538175    0.610641824
   75.768568939    0.649549981    0.609921243
   75.796914831    0.649545552    0.609193928
   75.825260723    0.649526204    0.608459955
   75.853606615    0.649498148    0.607719375
   75.881952507    0.649471121    0.606972202
   75.910298398    0.649455724    0.606218408
   75.938644290    0.649460167    0.605457940
   75.966990182    0.649487362    0.604690733
   75.995336074    0.649533335    0.603916736
   76.023681966    0.649587580    0.603135921
   76.052027858    0.649635507    0.602348292
   76.080373750    0.649662452    0.601553878
   76.108719641    0.649658251    0.600752719
   76.137065533    0.649621051    0.599944854
   76.165411425    0.649559177    0.599130312
   76.193757317    0.649490250    0.598309101
   76.222103209    0.649437484    0.597481219
   76.250449101    0.649423813    0.596646653
   76.278794993    0.649465116    0.595805393
   76.307140884    0.649564134    0.594957428
   76.335486776    0.649706535    0.594102752
   76.363832668    0.649860183    0.593241351
   76.392178560    0.649977899    0.592373207
   76.420524452    0.650003248    0.591498288
   76.448870344    0.649878236    0.590616563
   76.477216236    0.649551420    0.589728010
   76.505562128    0.648984932    0.588832636
   76.533908019    0.648159219    0.587930486
   76.562253911    0.647074847    0.587021644
   76.590599803    0.645751309    0.586106218
   76.618945695    0.644223335    0.585184304
   76.647291587    0.642535537    0.584255949
   76.675637479    0.640736387    0.583321113
   76.703983371    0.638872464    0.582379651
   76.732329262    0.636983698    0.581431326
   76.760675154    0.635100093    0.580475863
   76.789021046    0.633240160    0.579513027
   76.817366938    0.631411044    0.578542731
   76.845712830    0.629610166    0.577565127
   76.874058722    0.627828033    0.576580676
   76.902404614    0.626051740    0.575590163
   76.930750505    0.624268602    0.574594652
   76.959096397    0.622469277    0.573595386
   76.987442289    0.620649842    0.572593650
   77.015788181    0.618812416    0.571590617
   77.044134073    0.616964233    0.570587220
   77.072479965    0.615115407    0.569584072
   77.100825857    0.613275971    0.568581447
   77.129171748    0.611452968    0.567579326
   77.157517640    0.609648406    0.566577489
   77.185863532    0.607858675    0.565575638
   77.214209424    0.606075618    0.564573510
   77.242555316    0.604288982    0.563570952
   77.270901208    0.602489542    0.562567963
   77.299247100    0.600671966    0.561564675
   77.327592991    0.598836526    0.560561297
   77.355938883    0.596989104    0.559558049
   77.384284775    0.595139441    0.558555091
   77.412630667    0.593298126    0.557552481
   77.440976559    0.591473268    0.556550167
   77.469322451    0.589667873    0.555548013
   77.497668343    0.587878800    0.554545847
   77.526014234    0.586097655    0.553543511
   77.554360126    0.584313388    0.552540916
   77.582706018    0.582515785    0.551538055
   77.611051910    0.580698766    0.550535001
   77.639397802    0.578862395    0.549531880
   77.667743694    0.577012956    0.548528827
   77.696089586    0.575161013    0.547525945
   77.724435477    0.573318059    0.546523279
   77.752781369    0.571492818    0.545520805
   77.781127261    0.569688391    0.544518447
   77.809473153    0.567901191    0.543516099
   77.837819045    0.566122038    0.542513661
   77.866164937    0.564339075    0.541511069
   77.894510829    0.562541592    0.540508309
   77.922856720    0.560723507    0.539505416
   77.951202612    0.558885370    0.538502459
   77.979548504    0.557034225    0.537499521
   78.007894396    0.555181359    0.536496670
   78.036240288    0.553338653    0.535493945
   78.064586180    0.551514720    0.534491346
   78.092932072    0.549712105    0.533488837
   78.121277963    0.547926438    0.532486364
   78.149623855    0.546147856    0.531483867
   78.177969747    0.544364208    0.530481297
   78.206315639    0.542565010    0.529478629
   78.234661531    0.540744857    0.528475868
   78.263007423    0.538905164    0.527473036
   78.291353315    0.537053680    0.526470177
   78.319699206    0.535201939    0.525467333
   78.348045098    0.533361480    0.524464543
   78.376390990    0.531540088    0.523461829
   78.404736882    0.529739292    0.522459195
   78.433082774    0.527953919    0.521456626
   78.461428666    0.526173842    0.520454094
   78.489774558    0.524387337    0.519451559
   78.518120449    0.522584921    0.518448985
   78.546466341    0.520762409    0.517446341
   78.574812233    0.518922210    0.516443614
   78.603158125    0.517072433    0.515440810
   78.631504017    0.515224154    0.514437956
   78.659849909    0.513387750    0.513435094
   78.688195801    0.511569529    0.512432270
   78.716541693    0.509769756    0.511429524
   78.744887584    0.507982699    0.510426879
   78.773233476    0.506198639    0.509424330
   78.801579368    0.504407139    0.508421842
   78.829925260    0.502600474    0.507419363
   78.858271152    0.500776075    0.506416830
   78.886617044    0.498937215    0.505414192
   78.914962936    0.497091757    0.504411428
   78.943308827    0.495249429    0.503408549
   78.971654719    0.493418573    0.502405607
   79.000000611    0.491603467    0.501402674
   79.028346503    0.489803086    0.500399826
   79.056692395    0.488011656    0.499397119
   79.085038287    0.486220762    0.498394568
   79.113384179    0.484422242    0.497392138
   79.141730070    0.482610859    0.496389758
   79.170075962    0.480785877    0.495387332
   79.198421854    0.478951051    0.494384774
   79.226767746    0.477113121    0.493382035
   79.255113638    0.475279378    0.492379120
   79.283459530    0.473455201    0.491376089
   79.311805422    0.471642385    0.490373045
   79.340151313    0.469838808    0.489370099
   79.368497205    0.468039462    0.488367338
   79.396843097    0.466238406    0.487364796
   79.425188989    0.464430899    0.486362436
   79.453534881    0.462614935    0.485360164
   79.481880773    0.460791677    0.484357850
   79.510226665    0.458964697    0.483355372
   79.538572556    0.457138401    0.482352652
   79.566918448    0.455316271    0.481349687
   79.595264340    0.453499626    0.480346552
   79.623610232    0.451687348    0.479343380
   79.651956124    0.449876634    0.478340322
   79.680302016    0.448064412    0.477337504
   79.708647908    0.446248812    0.476334980
   79.736993799    0.444430033    0.475332712
   79.765339691    0.442610240    0.474330581
   79.793685583    0.440792501    0.473328415
   79.822031475    0.438979210    0.472326043
   79.850377367    0.437170675    0.471323349
   79.878723259    0.435364545    0.470320311
   79.907069151    0.433556430    0.469317014
   79.935415042    0.431741589    0.468313634
   79.963760934    0.429917098    0.467310384
   79.992106826    0.428083616    0.466307456
   80.020452718    0.426245921    0.465304959
   80.048798610    0.424411799    0.464302877
   80.077144502    0.422589453    0.463301065
   80.105490394    0.420784244    0.462299272
   80.133836285    0.418995942    0.461297207
   80.162182177    0.417217665    0.460294611
   80.190528069    0.415437202    0.459291341
   80.218873961    0.413640621    0.458287425
   80.247219853    0.411817191    0.457283099
   80.275565745    0.409964016    0.456278807
   80.303911637    0.408088632    0.455275172
   80.332257528    0.406208290    0.454272951
   80.360603420    0.404345598    0.453272982
   80.388949312    0.402521464    0.452276127
   80.417295204    0.400747298    0.451283232
   80.445641096    0.399019025    0.450295090
   80.473986988    0.397315222    0.449312417
   80.502332880    0.395600723    0.448335823
   80.530678771    0.393835481    0.447365794
   80.559024663    0.391986862    0.446402676
   80.587370555    0.390042257    0.445446663
   80.615716447    0.388018484    0.444497801
   80.644062339    0.385964948    0.443556011
   80.672408231    0.383959031    0.442621127
   80.700754123    0.382094134    0.441692948
   80.729100014    0.380462837    0.440771298
   80.757445906    0.379138999    0.439856068
   80.785791798    0.378163102    0.438947249
   80.814137690    0.377534397    0.438044924
   80.842483582    0.377211746    0.437149246
   80.870829474    0.377122876    0.436260386
   80.899175366    0.377179654    0.435378484
   80.927521258    0.377295590    0.434503604
   80.955867149    0.377401348    0.433635715
   80.984213041    0.377454782    0.432774703
   81.012558933    0.377443618    0.431920406
   81.040904825    0.377380901    0.431072663
   81.069250717    0.377295176    0.430231367
   81.097596609    0.377218545    0.429396501
   81.125942501    0.377175975    0.428568136
   81.154288392    0.377178536    0.427746416
   81.182634284    0.377221853    0.426931508
   81.210980176    0.377289458    0.426123554
   81.239326068    0.377359384    0.425322617
   81.267671960    0.377411587    0.424528671
   81.296017852    0.377433877    0.423741603
   81.324363744    0.377424703    0.422961249
   81.352709635    0.377392357    0.422187451
   81.381055527    0.377351229    0.421420102
   81.409401419    0.377316647    0.420659181
   81.437747311    0.377300046    0.419904762
   81.466093203    0.377305926    0.419156990
   81.494439095    0.377331349    0.418416032
   81.522784987    0.377367795    0.417682024
   81.551130878    0.377404531    0.416955033
   81.579476770    0.377432211    0.416235029
   81.607822662    0.377445575    0.415521900
   81.636168554    0.377444468    0.414815483
   81.664514446    0.377433128    0.414115623
   81.692860338    0.377418178    0.413422216
   81.721206230    0.377406191    0.412735245
   81.749552121    0.377401670    0.412054783
   81.777898013    0.377406038    0.411380971
   81.806243905    0.377417814    0.410713971
   81.834589797    0.377433701    0.410053916
   81.862935689    0.377450041    0.409400868
   81.891281581    0.377464059    0.408754795
   81.919627473    0.377474494    0.408115590
   81.947973364    0.377481503    0.407483097
   81.976319256    0.377486055    0.406857169
   82.004665148    0.377489177    0.406237706
   82.033011040    0.377491444    0.405624694
   82.061356932    0.377492908    0.405018202
   82.089702824    0.377493457    0.404418365
   82.118048716    0.377493339    0.403825333
   82.146394607    0.377493536    0.403239232
   82.174740499    0.377495705    0.402660117
   82.203086391    0.377501652    0.402087962
   82.231432283    0.377512496    0.401522665
   82.259778175    0.377527893    0.400964085
   82.288124067    0.377545714    0.400412084
   82.316469959    0.377562417    0.399866572
   82.344815850    0.377574087    0.399327532
   82.373161742    0.377577843    0.398795029
   82.401507634    0.377573095    0.398269180
   82.429853526    0.377562134    0.397750123
   82.458199418    0.377549732    0.397237971
   82.486545310    0.377541778    0.396732778
   82.514891202    0.377543333    0.396234523
   82.543237093    0.377556757    0.395743119
   82.571582985    0.377580599    0.395258441
   82.599928877    0.377609723    0.394780369
   82.628274769    0.377636738    0.394308817
   82.656620661    0.377654350    0.393843768
   82.684966553    0.377657861    0.393385269
   82.713312445    0.377646981    0.392933421
   82.741658336    0.377626240    0.392488341
   82.770004228    0.377603783    0.392050131
   82.798350120    0.377588844    0.391618843
   82.826696012    0.377588694    0.391194469
   82.855041904    0.377606074    0.390776942
   82.883387796    0.377638022    0.390366161
   82.911733688    0.377676561    0.389962022
   82.940079579    0.377711130    0.389564446
   82.968425471    0.377731987    0.389173407
   82.996771363    0.377733512    0.388788932
   83.025117255    0.377716260    0.388411095
   83.053463147    0.377687038    0.388039992
   83.081809039    0.377656886    0.387675711
   83.110154931    0.377637568    0.387318308
   83.138500823    0.377637689    0.386967793
   83.166846714    0.377659727    0.386624128
   83.195192606    0.377699003    0.386287239
   83.223538498    0.377745002    0.385957041
   83.251884390    0.377784673    0.385633461
   83.280230282    0.377806666    0.385316456
   83.308576174    0.377805140    0.385006026
   83.336922066    0.377781832    0.384702212
   83.365267957    0.377745687    0.384405081
   83.393613849    0.377710088    0.384114711
   83.421959741    0.377688555    0.383831166
   83.450305633    0.377690294    0.383554483
   83.478651525    0.377717080    0.383284661
   83.506997417    0.377762513    0.383021661
   83.535343309    0.377813958    0.382765420
   83.563689200    0.377856576    0.382515863
   83.592035092    0.377878147    0.382272926
   83.620380984    0.377873124    0.382036570
   83.648726876    0.377844562    0.381806792
   83.677072768    0.377803248    0.381583626
   83.705418660    0.377764296    0.381367140
   83.733764552    0.377742257    0.381157413
   83.762110443    0.377746366    0.380954519
   83.790456335    0.377777449    0.380758509
   83.818802227    0.377827558    0.380569392
   83.847148119    0.377882464    0.380387130
   83.875494011    0.377926224    0.380211645
   83.903839903    0.377946362    0.380042837
   83.932185795    0.377937963    0.379880610
   83.960531686    0.377905339    0.379724898
   83.988877578    0.377860699    0.379575688
   84.017223470    0.377820242    0.379433031
   84.045569362    0.377798924    0.379297033
   84.073915254    0.377805589    0.379167832
   84.102261146    0.377840069    0.379045560
   84.130607038    0.377893191    0.378930304
   84.158952929    0.377949709    0.378822073
   84.187298821    0.377993216    0.378720786
   84.215644713    0.378011452    0.378626281
   84.243990605    0.378000283    0.378538353
   84.272336497    0.377965056    0.378456810
   84.300682389    0.377918892    0.378381532
   84.329028281    0.377878453    0.378312519
   84.357374172    0.377858575    0.378249919
   84.385720064    0.377867480    0.378194006
   84.414065956    0.377904124    0.378145127
   84.442411848    0.377958543    0.378103617
   84.470757740    0.378015070    0.378069694
   84.499103632    0.378057384    0.378043360
   84.527449524    0.378073754    0.378024336
   84.555795415    0.378060806    0.378012030
   84.584141307    0.378024570    0.378005568
   84.612487199    0.377978520    0.378003864
   84.640833091    0.377939221    0.378005731
   84.669178983    0.377921012    0.378010001
   84.697524875    0.377931419    0.378015640
   84.725870767    0.377968791    0.378021830
   84.754216658    0.378022875    0.378028017
   84.782562550    0.378078145    0.378033906
   84.810908442    0.378118794    0.378039422
   84.839254334    0.378133779    0.378044648
   84.867600226    0.378120302    0.378049744
   84.895946118    0.378084641    0.378054886
   84.924292010    0.378040076    0.378060205
   84.952637901    0.378002605    0.378065770
   84.980983793    0.377985840    0.378071572
   85.009329685    0.377996705    0.378077546
