    0.000000000    0.840896367    0.840850086
    0.028345892    0.840917180    0.840855141
    0.056691784    0.840923276    0.840859958
    0.085037676    0.840914506    0.840864534
    0.113383567    0.840895360    0.840868929
    0.141729459    0.840873571    0.840873244
    0.170075351    0.840857705    0.840877593
    0.198421243    0.840854479    0.840882061
    0.226767135    0.840866667    0.840886681
    0.255113027    0.840892232    0.840891416
    0.283458919    0.840924951    0.840896176
    0.311804811    0.840956365    0.840900839
    0.340150702    0.840978412    0.840905292
    0.368496594    0.840985949    0.840909465
    0.396842486    0.840978363    0.840913351
    0.425188378    0.840959763    0.840917009
    0.453534270    0.840937709    0.840920543
    0.481880162    0.840920846    0.840924070
    0.510226054    0.840916206    0.840927676
    0.538571946    0.840927013    0.840931394
    0.566917837    0.840951661    0.840935186
    0.595263729    0.840984217    0.840938955
    0.623609621    0.841016265    0.840942574
    0.651955513    0.841039534    0.840945921
    0.680301405    0.841048486    0.840948919
    0.708647297    0.841042051    0.840951556
    0.736993189    0.841023970    0.840953889
    0.765339080    0.841001632    0.840956022
    0.793684972    0.840983771    0.840958069
    0.822030864    0.840977735    0.840960120
    0.850376756    0.840987185    0.840962204
    0.878722648    0.841010940    0.840964279
    0.907068540    0.841043341    0.840966238
    0.935414432    0.841076008    0.840967946
    0.963760324    0.841100461    0.840969269
    0.992106215    0.841110776    0.840970122
    1.020452107    0.841105438    0.840970484
    1.048797999    0.841087835    0.840970407
    1.077143891    0.841065200    0.840969992
    1.105489783    0.841046357    0.840969350
    1.133835675    0.841038962    0.840968568
    1.162181567    0.841047097    0.840967666
    1.190527458    0.841069988    0.840966593
    1.218873350    0.841102233    0.840965230
    1.247219242    0.841135483    0.840963422
    1.275565134    0.841161055    0.840961022
    1.303911026    0.841172649    0.840957928
    1.332256918    0.841168333    0.840954108
    1.360602810    0.841151158    0.840949602
    1.388948702    0.841128212    0.840944504
    1.417294593    0.841108410    0.840938918
    1.445640485    0.841099699    0.840932919
    1.473986377    0.841106564    0.840926514
    1.502332269    0.841128612    0.840919630
    1.530678161    0.841160679    0.840912124
    1.559024053    0.841194446    0.840903814
    1.587369945    0.841221033    0.840894524
    1.615715837    0.841233792    0.840884125
    1.644061728    0.841230395    0.840872563
    1.672407620    0.841213581    0.840859860
    1.700753512    0.841190304    0.840846093
    1.729099404    0.841169563    0.840831346
    1.757445296    0.841159578    0.840815672
    1.785791188    0.841165208    0.840799047
    1.814137080    0.841186415    0.840781360
    1.842482971    0.841218259    0.840762421
    1.870828863    0.841252443    0.840741996
    1.899174755    0.841279911    0.840719857
    1.927520647    0.841293687    0.840695827
    1.955866539    0.841291082    0.840669809
    1.984212431    0.841274542    0.840641787
    2.012558323    0.841250897    0.840611802
    2.040904215    0.841229221    0.840579902
    2.069250106    0.841217988    0.840546092
    2.097595998    0.841222396    0.840510287
    2.125941890    0.841242734    0.840472302
    2.154287782    0.841274269    0.840431856
    2.182633674    0.841308728    0.840388619
    2.210979566    0.841336890    0.840342264
    2.239325458    0.841351485    0.840292523
    2.267671349    0.841349489    0.840239216
    2.296017241    0.841333081    0.840182254
    2.324363133    0.841308976    0.840121609
    2.352709025    0.841286313    0.840057254
    2.381054917    0.841273793    0.839989104
    2.409400809    0.841276925    0.839916958
    2.437746701    0.841296295    0.839840480
    2.466092593    0.841327361    0.839759216
    2.494438484    0.841361872    0.839672643
    2.522784376    0.841390460    0.839580239
    2.551130268    0.841405589    0.839481551
    2.579476160    0.841403930    0.839376237
    2.607822052    0.841387419    0.839264071
    2.636167944    0.841362663    0.839144897
    2.664513836    0.841338861    0.839018554
    2.692859728    0.841324914    0.838884788
    2.721205619    0.841326617    0.838743171
    2.749551511    0.841344821    0.838593070
    2.777897403    0.841375154    0.838433661
    2.806243295    0.841409388    0.838264004
    2.834589187    0.841438020    0.838083147
    2.862935079    0.841453268    0.837890236
    2.891280971    0.841451530    0.837684598
    2.919626862    0.841434521    0.837465755
    2.947972754    0.841408750    0.837233364
    2.976318646    0.841383473    0.836987077
    3.004664538    0.841367774    0.836726358
    3.033010430    0.841367701    0.836450284
    3.061356322    0.841384342    0.836157383
    3.089702214    0.841413476    0.835845561
    3.118048106    0.841446883    0.835512129
    3.146393997    0.841474932    0.835153941
    3.174739889    0.841489615    0.834767622
    3.203085781    0.841487077    0.834349846
    3.231431673    0.841468840    0.833897596
    3.259777565    0.841441335    0.833408380
    3.288123457    0.841413874    0.832880334
    3.316469349    0.841395718    0.832312230
    3.344815240    0.841393144    0.831703367
    3.373161132    0.841407451    0.831053398
    3.401507024    0.841434533    0.830362133
    3.429852916    0.841466162    0.829629359
    3.458198808    0.841492568    0.828854734
    3.486544700    0.841505526    0.828037761
    3.514890592    0.841500951    0.827177841
    3.543236484    0.841480201    0.826274403
    3.571582375    0.841449651    0.825327044
    3.599928267    0.841418695    0.824335664
    3.628274159    0.841396767    0.823300549
    3.656620051    0.841390356    0.822222377
    3.684965943    0.841400936    0.821102157
    3.713311835    0.841424477    0.819941102
    3.741657727    0.841452695    0.818740482
    3.770003619    0.841475655    0.817501487
    3.798349510    0.841484903    0.816225126
    3.826695402    0.841476139    0.814912200
    3.855041294    0.841450587    0.813563334
    3.883387186    0.841414613    0.812179071
    3.911733078    0.841377722    0.810759987
    3.940078970    0.841349540    0.809306794
    3.968424862    0.841336758    0.807820402
    3.996770753    0.841340981    0.806301901
    4.025116645    0.841358188    0.804752475
    4.053462537    0.841379970    0.803173238
    4.081808429    0.841396166    0.801565032
    4.110154321    0.841398062    0.799928229
    4.138500213    0.841381151    0.798262572
    4.166846105    0.841346566    0.796567102
    4.195191997    0.841300730    0.794840187
    4.223537888    0.841253325    0.793079657
    4.251883780    0.841214211    0.791283028
    4.280229672    0.841190276    0.789447777
    4.308575564    0.841183204    0.787571616
    4.336921456    0.841188890    0.785652723
    4.365267348    0.841198685    0.783689882
    4.393613240    0.841202093    0.781682520
    4.421959131    0.841190078    0.779630635
    4.450305023    0.841157916    0.777534649
    4.478650915    0.841106702    0.775395212
    4.506996807    0.841043008    0.773213022
    4.535342699    0.840976794    0.770988687
    4.563688591    0.840918223    0.768722675
    4.592034483    0.840874379    0.766415353
    4.620380375    0.840846946    0.764067099
    4.648726266    0.840831579    0.761678463
    4.677072158    0.840819196    0.759250325
    4.705418050    0.840798783    0.756784016
    4.733763942    0.840760848    0.754281364
    4.762109834    0.840700413    0.751744660
    4.790455726    0.840618591    0.749176551
    4.818801618    0.840522232    0.746579886
    4.847147510    0.840421724    0.743957566
    4.875493401    0.840327639    0.741312416
    4.903839293    0.840247274    0.738647132
    4.932185185    0.840182195    0.735964285
    4.960531077    0.840127584    0.733266386
    4.988876969    0.840073618    0.730555982
    5.017222861    0.840008463    0.727835733
    5.045568753    0.839921948    0.725108442
    5.073914644    0.839808756    0.722377023
    5.102260536    0.839670090    0.719644390
    5.130606428    0.839513271    0.716913304
    5.158952320    0.839349355    0.714186203
    5.187298212    0.839189507    0.711465067
    5.215644104    0.839041264    0.708751346
    5.243989996    0.838905902    0.706045970
    5.272335888    0.838777755    0.703349450
    5.300681779    0.838645750    0.700662024
    5.329027671    0.838496699    0.697983823
    5.357373563    0.838319336    0.695314995
    5.385719455    0.838107794    0.692655771
    5.414065347    0.837863412    0.690006439
    5.442411239    0.837594240    0.687367235
    5.470757131    0.837312350    0.684738193
    5.499103022    0.837029771    0.682118980
    5.527448914    0.836754321    0.679508775
    5.555794806    0.836486679    0.676906211
    5.584140698    0.836219669    0.674309406
    5.612486590    0.835940054    0.671716060
    5.640832482    0.835632317    0.669123603
    5.669178374    0.835283276    0.666529350
    5.697524266    0.834886059    0.663930631
    5.725870157    0.834442134    0.661324883
    5.754216049    0.833960674    0.658709704
    5.782561941    0.833455375    0.656082879
    5.810907833    0.832939660    0.653442422
    5.839253725    0.832421771    0.650786631
    5.867599617    0.831901325    0.648114187
    5.895945509    0.831368505    0.645424266
    5.924291401    0.830806252    0.642716623
    5.952637292    0.830194867    0.639991615
    5.980983184    0.829517642    0.637250110
    6.009329076    0.828765717    0.634493264
    6.037674968    0.827940583    0.631722185
    6.066020860    0.827053272    0.628937554
    6.094366752    0.826120347    0.626139274
    6.122712644    0.825157820    0.623326278
    6.151058535    0.824174847    0.620496561
    6.179404427    0.823169226    0.617647490
    6.207750319    0.822126270    0.614776378
    6.236096211    0.821021591    0.611881216
    6.264442103    0.819827172    0.608961435
    6.292787995    0.818518948    0.606018511
    6.321133887    0.817083554    0.603056251
    6.349479779    0.815522000    0.600080671
    6.377825670    0.813848854    0.597099415
    6.406171562    0.812086833    0.594120812
    6.434517454    0.810258167    0.591152709
    6.462863346    0.808375220    0.588201316
    6.491209238    0.806433303    0.585270257
    6.519555130    0.804408162    0.582360036
    6.547901022    0.802259389    0.579467987
    6.576246913    0.799939269    0.576588715
    6.604592805    0.797404838    0.573714924
    6.632938697    0.794629699    0.570838423
    6.661284589    0.791611846    0.567951135
    6.689630481    0.788374524    0.565045881
    6.717976373    0.784958869    0.562116843
    6.746322265    0.781409314    0.559159646
    6.774668157    0.777754921    0.556171138
    6.803014048    0.773991286    0.553148983
    6.831359940    0.770067998    0.550091223
    6.859705832    0.765885705    0.546995967
    6.888051724    0.761304690    0.543861296
    6.916397616    0.756164136    0.540685395
    6.944743508    0.750308562    0.537466864
    6.973089400    0.743615892    0.534205101
    7.001435292    0.736020975    0.530900623
    7.029781183    0.727529132    0.527555214
    7.058127075    0.718216473    0.524171862
    7.086472967    0.708216727    0.520754477
    7.114818859    0.697697387    0.517307482
    7.143164751    0.686830489    0.513835387
    7.171510643    0.675764513    0.510342455
    7.199856535    0.664603551    0.506832565
    7.228202426    0.653398089    0.503309279
    7.256548318    0.642148894    0.499776092
    7.284894210    0.630822397    0.496236767
    7.313240102    0.619373228    0.492695632
    7.341585994    0.607768036    0.489157744
    7.369931886    0.596004583    0.485628835
    7.398277778    0.584121508    0.482115045
    7.426623670    0.572196593    0.478622503
    7.454969561    0.560334343    0.475156849
    7.483315453    0.548646343    0.471722821
    7.511661345    0.537229592    0.468324008
    7.540007237    0.526148449    0.464962804
    7.568353129    0.515424749    0.461640562
    7.596699021    0.505038519    0.458357845
    7.625044913    0.494938936    0.455114686
    7.653390804    0.485062524    0.451910724
    7.681736696    0.475353676    0.448745150
    7.710082588    0.465781977    0.445616434
    7.738428480    0.456351507    0.442521911
    7.766774372    0.447099314    0.439457314
    7.795120264    0.438082966    0.436416415
    7.823466156    0.429359873    0.433390901
    7.851812048    0.420963313    0.430370566
    7.880157939    0.412881143    0.427343813
    7.908503831    0.405042805    0.424298417
    7.936849723    0.397318536    0.421222393
    7.965195615    0.389531950    0.418104804
    7.993541507    0.381484107    0.414936372
    8.021887399    0.372984444    0.411709792
    8.050233291    0.363882229    0.408419715
    8.078579183    0.354091880    0.405062486
    8.106925074    0.343606727    0.401635728
    8.135270966    0.332498234    0.398137943
    8.163616858    0.320900915    0.394568233
    8.191962750    0.308986300    0.390926231
    8.220308642    0.296931733    0.387212231
    8.248654534    0.284890833    0.383427459
    8.277000426    0.272971950    0.379574359
    8.305346317    0.261228995    0.375656778
    8.333692209    0.249666011    0.371679957
    8.362038101    0.238253637    0.367650284
    8.390383993    0.226952831    0.363574855
    8.418729885    0.215739647    0.359460944
    8.447075777    0.204624819    0.355315509
    8.475421669    0.193663408    0.351144858
    8.503767561    0.182952423    0.346954563
    8.532113452    0.172617475    0.342749622
    8.560459344    0.162792280    0.338534805
    8.588805236    0.153596588    0.334315056
    8.617151128    0.145118306    0.330095799
    8.645497020    0.137404313    0.325883031
    8.673842912    0.130461920    0.321683125
    8.702188804    0.124269973    0.317502369
    8.730534695    0.118795909    0.313346341
    8.758880587    0.114013483    0.309219279
    8.787226479    0.109915777    0.305123612
    8.815572371    0.106519547    0.301059790
    8.843918263    0.103859516    0.297026484
    8.872264155    0.101974238    0.293021098
    8.900610047    0.100887661    0.289040487
    8.928955939    0.100591919    0.285081677
    8.957301830    0.101036643    0.281142404
    8.985647722    0.102128346    0.277221311
    9.013993614    0.103740591    0.273317760
    9.042339506    0.105732585    0.269431288
    9.070685398    0.107971349    0.265560877
    9.099031290    0.110351525    0.261704255
    9.127377182    0.112807403    0.257857437
    9.155723074    0.115313888    0.254014706
    9.184068965    0.117876186    0.250169086
    9.212414857    0.120511136    0.246313262
    9.240760749    0.123225431    0.242440779
    9.269106641    0.125996808    0.238547264
    9.297452533    0.128763361    0.234631396
    9.325798425    0.131423755    0.230695406
    9.354144317    0.133848003    0.226744973
    9.382490208    0.135895518    0.222788527
    9.410836100    0.137435283    0.218836090
    9.439181992    0.138362747    0.214897902
    9.467527884    0.138609424    0.210983095
    9.495873776    0.138143846    0.207098690
    9.524219668    0.136965388    0.203249080
    9.552565560    0.135094827    0.199436074
    9.580911452    0.132566274    0.195659416
    9.609257343    0.129424232    0.191917643
    9.637603235    0.125727087    0.188209029
    9.665949127    0.121555164    0.184532417
    9.694295019    0.117018805    0.180887743
    9.722640911    0.112260577    0.177276193
    9.750986803    0.107446643    0.173699991
    9.779332695    0.102745275    0.170161930
    9.807678586    0.098294929    0.166664794
    9.836024478    0.094168863    0.163210838
    9.864370370    0.090346427    0.159801447
    9.892716262    0.086701743    0.156437042
    9.921062154    0.083017715    0.153117224
    9.949408046    0.079027686    0.149841078
    9.977753938    0.074479649    0.146607538
   10.006099830    0.069210740    0.143415697
   10.034445721    0.063214818    0.140264988
   10.062791613    0.056684964    0.137155194
   10.091137505    0.050016456    0.134086314
   10.119483397    0.043763678    0.131058339
   10.147829289    0.038554933    0.128071022
   10.176175181    0.034979631    0.125123707
   10.204521073    0.033470199    0.122215266
   10.232866965    0.034204070    0.119344135
   10.261212856    0.037048152    0.116508436
   10.289558748    0.041559767    0.113706111
   10.317904640    0.047045812    0.110935028
   10.346250532    0.052669022    0.108193015
   10.374596424    0.057579493    0.105477823
   10.402942316    0.061044098    0.102787045
   10.431288208    0.062547233    0.100118050
   10.459634099    0.061843468    0.097467987
   10.487979991    0.058954291    0.094833889
   10.516325883    0.054114331    0.092212908
   10.544671775    0.047683845    0.089602613
   10.573017667    0.040051117    0.087001308
   10.601363559    0.031549049    0.084408266
   10.629709451    0.022404676    0.081823802
   10.658055343    0.012730341    0.079249153
   10.686401234    0.002553505    0.076686164
   10.714747126   -0.008128058    0.074136841
   10.743093018   -0.019284960    0.071602894
   10.771438910   -0.030808463    0.069085379
   10.799784802   -0.042490765    0.066584566
   10.828130694   -0.054038716    0.064100079
   10.856476586   -0.065116125    0.061631315
   10.884822477   -0.075401343    0.059178072
   10.913168369   -0.084642552    0.056741219
   10.941514261   -0.092694204    0.054323281
   10.969860153   -0.099523995    0.051928745
   10.998206045   -0.105188770    0.049564006
   11.026551937   -0.109787078    0.047236905
   11.054897829   -0.113403092    0.044955916
   11.083243721   -0.116059080    0.042729122
   11.111589612   -0.117691009    0.040563155
   11.139935504   -0.118154860    0.038462293
   11.168281396   -0.117262036    0.036427886
   11.196627288   -0.114833522    0.034458184
   11.224973180   -0.110756857    0.032548596
   11.253319072   -0.105029149    0.030692307
   11.281664964   -0.097773577    0.028881102
   11.310010856   -0.089224801    0.027106255
   11.338356747   -0.079688116    0.025359312
   11.366702639   -0.069485170    0.023632660
   11.395048531   -0.058903181    0.021919829
   11.423394423   -0.048163634    0.020215537
   11.451740315   -0.037420475    0.018515545
   11.480086207   -0.026788715    0.016816420
   11.508432099   -0.016394605    0.015115293
   11.536777990   -0.006431292    0.013409704
   11.565123882    0.002798941    0.011697548
   11.593469774    0.010871815    0.009977138
   11.621815666    0.017265865    0.008247331
   11.650161558    0.021422672    0.006507674
   11.678507450    0.022829984    0.004758521
   11.706853342    0.021108077    0.003001083
   11.735199234    0.016077903    0.001237416
   11.763545125    0.007793641   -0.000529634
   11.791891017   -0.003468717   -0.002296513
   11.820236909   -0.017263798   -0.004059008
   11.848582801   -0.033056721   -0.005812285
   11.876928693   -0.050309996   -0.007550887
   11.905274585   -0.068555855   -0.009268745
   11.933620477   -0.087437172   -0.010959227
   11.961966368   -0.106709532   -0.012615261
   11.990312260   -0.126208205   -0.014229543
   12.018658152   -0.145793697   -0.015794833
   12.047004044   -0.165295188   -0.017304280
   12.075349936   -0.184471095   -0.018751732
   12.103695828   -0.203000126   -0.020131966
   12.132041720   -0.220506453   -0.021440798
   12.160387612   -0.236611780   -0.022675051
   12.188733503   -0.250998516   -0.023832428
   12.217079395   -0.263464447   -0.024911338
   12.245425287   -0.273951461   -0.025910761
   12.273771179   -0.282538486   -0.026830229
   12.302117071   -0.289399531   -0.027669974
   12.330462963   -0.294738491   -0.028431238
   12.358808855   -0.298719881   -0.029116697
   12.387154747   -0.301416569   -0.029730905
   12.415500638   -0.302791157   -0.030280630
   12.443846530   -0.302718093   -0.030774999
   12.472192422   -0.301041462   -0.031225345
   12.500538314   -0.297652396   -0.031644774
   12.528884206   -0.292563301   -0.032047487
   12.557230098   -0.285955870   -0.032447977
   12.585575990   -0.278186415   -0.032860222
   12.613921881   -0.269743705   -0.033297035
   12.642267773   -0.261168096   -0.033769642
   12.670613665   -0.252952384   -0.034287539
   12.698959557   -0.245451073   -0.034858601
   12.727305449   -0.238823609   -0.035489342
   12.755651341   -0.233028694   -0.036185212
   12.783997233   -0.227873051   -0.036950823
   12.812343125   -0.223102798   -0.037790003
   12.840689016   -0.218512981   -0.038705669
   12.869034908   -0.214044542   -0.039699565
   12.897380800   -0.209839961   -0.040771935
   12.925726692   -0.206238796   -0.041921276
   12.954072584   -0.203709918   -0.043144251
   12.982418476   -0.202734319   -0.044435838
   13.010764368   -0.203666415   -0.045789701
   13.039110259   -0.206608959   -0.047198724
   13.067456151   -0.211334912   -0.048655582
   13.095802043   -0.217279114   -0.050153223
   13.124147935   -0.223606000   -0.051685144
   13.152493827   -0.229341012   -0.053245401
   13.180839719   -0.233537584   -0.054828378
   13.209185611   -0.235442630   -0.056428380
   13.237531503   -0.234623596   -0.058039200
   13.265877394   -0.231029312   -0.059653798
   13.294223286   -0.224972662   -0.061264213
   13.322569178   -0.217041536   -0.062861771
   13.350915070   -0.207960846   -0.064437568
   13.379260962   -0.198438754   -0.065983140
   13.407606854   -0.189032159   -0.067491167
   13.435952746   -0.180059882   -0.068956071
   13.464298638   -0.171578822   -0.070374355
   13.492644529   -0.163422289   -0.071744630
   13.520990421   -0.155284923   -0.073067337
   13.549336313   -0.146828752   -0.074344244
   13.577682205   -0.137782173   -0.075577847
   13.606028097   -0.128008250   -0.076770840
   13.634373989   -0.117528916   -0.077925751
   13.662719881   -0.106504448   -0.079044833
   13.691065772   -0.095179299   -0.080130182
   13.719411664   -0.083813083   -0.081184009
   13.747757556   -0.072617407   -0.082208961
   13.776103448   -0.061715282   -0.083208339
   13.804449340   -0.051131693   -0.084186144
   13.832795232   -0.040814058   -0.085146885
   13.861141124   -0.030672855   -0.086095196
   13.889487016   -0.020627804   -0.087035339
   13.917832907   -0.010644919   -0.087970717
   13.946178799   -0.000754095   -0.088903516
   13.974524691    0.008955990   -0.089834561
   14.002870583    0.018361320   -0.090763410
   14.031216475    0.027334365   -0.091688646
   14.059562367    0.035772387   -0.092608275
   14.087908259    0.043612374   -0.093520117
   14.116254150    0.050828128   -0.094422059
   14.144600042    0.057411763   -0.095312122
   14.172945934    0.063347796   -0.096188304
   14.201291826    0.068591017   -0.097048273
   14.229637718    0.073058545   -0.097888977
   14.257983610    0.076641845   -0.098706315
   14.286329502    0.079237603   -0.099494962
   14.314675394    0.080789232   -0.100248409
   14.343021285    0.081325859   -0.100959242
   14.371367177    0.080984592   -0.101619599
   14.399713069    0.080005351   -0.102221716
   14.428058961    0.078694813   -0.102758463
   14.456404853    0.077365144   -0.103223757
   14.484750745    0.076261574   -0.103612811
   14.513096637    0.075497912   -0.103922184
   14.541442529    0.075019162   -0.104149690
   14.569788420    0.074604950   -0.104294208
   14.598134312    0.073917755   -0.104355480
   14.626480204    0.072588274   -0.104333965
   14.654826096    0.070319692   -0.104230767
   14.683171988    0.066986148   -0.104047645
   14.711517880    0.062700124   -0.103787069
   14.739863772    0.057829414   -0.103452283
   14.768209663    0.052955404   -0.103047316
   14.796555555    0.048778110   -0.102576935
   14.824901447    0.045986331   -0.102046538
   14.853247339    0.045120134   -0.101462022
   14.881593231    0.046455560   -0.100829658
   14.909939123    0.049936915   -0.100156028
   14.938285015    0.055171669   -0.099448041
   14.966630907    0.061488986   -0.098713001
   14.994976798    0.068048934   -0.097958705
   15.023322690    0.073978597   -0.097193493
   15.051668582    0.078506321   -0.096426189
   15.080014474    0.081067107   -0.095665900
   15.108360366    0.081360075   -0.094921659
   15.136706258    0.079350888   -0.094201957
   15.165052150    0.075224843   -0.093514241
   15.193398041    0.069306948   -0.092864487
   15.221743933    0.061971230   -0.092256921
   15.250089825    0.053561545   -0.091693977
   15.278435717    0.044340745   -0.091176472
   15.306781609    0.034475922   -0.090703968
   15.335127501    0.024057208   -0.090275211
   15.363473393    0.013139010   -0.089888533
   15.391819285    0.001787786   -0.089542090
   15.420165176   -0.009879596   -0.089233866
   15.448511068   -0.021678444   -0.088961413
   15.476856960   -0.033363997   -0.088721378
   15.505202852   -0.044660626   -0.088508936
   15.533548744   -0.055302464   -0.088317247
   15.561894636   -0.065072455   -0.088137112
   15.590240528   -0.073827951   -0.087956920
   15.618586420   -0.081505531   -0.087762961
   15.646932311   -0.088104349   -0.087540087
   15.675278203   -0.093653884   -0.087272647
   15.703624095   -0.098176604   -0.086945571
   15.731969987   -0.101657332   -0.086545450
   15.760315879   -0.104028882   -0.086061488
   15.788661771   -0.105178369   -0.085486184
   15.817007663   -0.104972277   -0.084815726
   15.845353554   -0.103292685   -0.084050044
   15.873699446   -0.100073755   -0.083192581
   15.902045338   -0.095327688   -0.082249842
   15.930391230   -0.089152723   -0.081230781
   15.958737122   -0.081721400   -0.080146122
   15.987083014   -0.073253555   -0.079007673
   16.015428906   -0.063983273   -0.077827674
   16.043774798   -0.054131033   -0.076618243
   16.072120689   -0.043890678   -0.075390929
   16.100466581   -0.033436098   -0.074156404
   16.128812473   -0.022946053   -0.072924304
   16.157158365   -0.012639195   -0.071703210
   16.185504257   -0.002807132   -0.070500752
   16.213850149    0.006167347   -0.069323796
   16.242196041    0.013816631   -0.068178652
   16.270541932    0.019622604   -0.067071236
   16.298887824    0.023074544   -0.066007124
   16.327233716    0.023739097   -0.064991467
   16.355579608    0.021326545   -0.064028746
   16.383925500    0.015737390   -0.063122422
   16.412271392    0.007077440   -0.062274534
   16.440617284   -0.004362908   -0.061485364
   16.468963176   -0.018160597   -0.060753239
   16.497309067   -0.033830606   -0.060074555
   16.525654959   -0.050898329   -0.059444043
   16.554000851   -0.068956391   -0.058855227
   16.582346743   -0.087693239   -0.058300997
   16.610692635   -0.106888699   -0.057774166
   16.639038527   -0.126380964   -0.057267876
   16.667384419   -0.146017289   -0.056775771
   16.695730311   -0.165605096   -0.056291883
   16.724076202   -0.184879738   -0.055810284
   16.752422094   -0.203500101   -0.055324607
   16.780767986   -0.221074824   -0.054827612
   16.809113878   -0.237212660   -0.054310955
   16.837459770   -0.251582994   -0.053765314
   16.865805662   -0.263968991   -0.053180936
   16.894151554   -0.274297391   -0.052548584
   16.922497445   -0.282635304   -0.051860738
   16.950843337   -0.289153607   -0.051112867
   16.979189229   -0.294066373   -0.050304512
   17.007535121   -0.297563008   -0.049439963
   17.035881013   -0.299752558   -0.048528369
   17.064226905   -0.300636771   -0.047583222
   17.092572797   -0.300120793   -0.046621292
   17.120918689   -0.298059721   -0.045661176
   17.149264580   -0.294328747   -0.044721713
   17.177610472   -0.288897162   -0.043820531
   17.205956364   -0.281884438   -0.042972946
   17.234302256   -0.273580644   -0.042191378
   17.262648148   -0.264422761   -0.041485305
   17.290994040   -0.254930574   -0.040861686
   17.319339932   -0.245617375   -0.040325683
   17.347685823   -0.236898576   -0.039881479
   17.376031715   -0.229022936   -0.039532967
   17.404377607   -0.222045991   -0.039284151
   17.432723499   -0.215854329   -0.039139196
   17.461069391   -0.210235635   -0.039102116
   17.489415283   -0.204976388   -0.039176230
   17.517761175   -0.199960531   -0.039363524
   17.546107067   -0.195240764   -0.039664100
   17.574452958   -0.191060123   -0.040075847
   17.602798850   -0.187813891   -0.040594427
   17.631144742   -0.185957529   -0.041213575
   17.659490634   -0.185881188   -0.041925646
   17.687836526   -0.187781496   -0.042722286
   17.716182418   -0.191563833   -0.043595085
   17.744528310   -0.196802383   -0.044536072
   17.772874202   -0.202772109   -0.045537979
   17.801220093   -0.208549629   -0.046594231
   17.829565985   -0.213163141   -0.047698712
   17.857911877   -0.215759185   -0.048845394
   17.886257769   -0.215749447   -0.050027948
   17.914603661   -0.212905080   -0.051239445
   17.942949553   -0.207378191   -0.052472246
   17.971295445   -0.199647113   -0.053718105
   17.999641336   -0.190399672   -0.054968480
   18.027987228   -0.180382504   -0.056214976
   18.056333120   -0.170251246   -0.057449846
   18.084679012   -0.160454652   -0.058666425
   18.113024904   -0.151176040   -0.059859447
   18.141370796   -0.142340675   -0.061025173
   18.169716688   -0.133681508   -0.062161345
   18.198062580   -0.124842323   -0.063266992
   18.226408471   -0.115489946   -0.064342159
   18.254754363   -0.105407228   -0.065387636
   18.283100255   -0.094545701   -0.066404731
   18.311446147   -0.083028791   -0.067395144
   18.339792039   -0.071109869   -0.068360930
   18.368137931   -0.059100711   -0.069304528
   18.396483823   -0.047292265   -0.070228804
   18.424829714   -0.035889711   -0.071137053
   18.453175606   -0.024977954   -0.072032918
   18.481521498   -0.014524071   -0.072920212
   18.509867390   -0.004412511   -0.073802646
   18.538213282    0.005499792   -0.074683521
   18.566559174    0.015325642   -0.075565422
   18.594905066    0.025103626   -0.076450002
   18.623250958    0.034779132   -0.077337871
   18.651596849    0.044213360   -0.078228634
   18.679942741    0.053215081   -0.079121048
   18.708288633    0.061583772   -0.080013253
   18.736634525    0.069150565   -0.080903015
   18.764980417    0.075805470   -0.081787908
   18.793326309    0.081504738   -0.082665384
   18.821672201    0.086259203   -0.083532719
   18.850018093    0.090110550   -0.084386824
   18.878363984    0.093105977   -0.085224010
   18.906709876    0.095281471   -0.086039736
   18.935055768    0.096660095   -0.086828453
   18.963401660    0.097265679   -0.087583588
   18.991747552    0.097146022   -0.088297704
   19.020093444    0.096395377   -0.088962830
   19.048439336    0.095165136   -0.089570919
   19.076785227    0.093654624   -0.090114351
   19.105131119    0.092080181   -0.090586407
   19.133477011    0.090628213   -0.090981626
   19.161822903    0.089404474   -0.091296014
   19.190168795    0.088395210   -0.091527056
   19.218514687    0.087454641   -0.091673601
   19.246860579    0.086327554   -0.091735623
   19.275206471    0.084706762   -0.091713964
   19.303552362    0.082315239   -0.091610109
   19.331898254    0.078994595   -0.091426031
   19.360244146    0.074777658   -0.091164151
   19.388590038    0.069924681   -0.090827376
   19.416935930    0.064909906   -0.090419207
   19.445281822    0.060356471   -0.089943858
   19.473627714    0.056930086   -0.089406341
   19.501973605    0.055212419   -0.088812502
   19.530319497    0.055581072   -0.088168976
   19.558665389    0.058122561   -0.087483087
   19.587011281    0.062598053   -0.086762705
   19.615357173    0.068470025   -0.086016080
   19.643703065    0.074984567   -0.085251689
   19.672048957    0.081291767   -0.084478092
   19.700394849    0.086578640   -0.083703793
   19.728740740    0.090187170   -0.082937097
   19.757086632    0.091694533   -0.082185952
   19.785432524    0.090942258   -0.081457753
   19.813778416    0.088013318   -0.080759128
   19.842124308    0.083167935   -0.080095730
   19.870470200    0.076757312   -0.079472056
   19.898816092    0.069137701   -0.078891335
   19.927161984    0.060604721   -0.078355510
   19.955507875    0.051360572   -0.077865315
   19.983853767    0.041517066   -0.077420422
   20.012199659    0.031127711   -0.077019624
   20.040545551    0.020235131   -0.076660973
   20.068891443    0.008917370   -0.076341837
   20.097237335   -0.002681318   -0.076058828
   20.125583227   -0.014343805   -0.075807588
   20.153929118   -0.025798338   -0.075582489
   20.182275010   -0.036755094   -0.075376296
   20.210620902   -0.046949367   -0.075179906
   20.238966794   -0.056178402   -0.074982257
   20.267312686   -0.064321405   -0.074770481
   20.295658578   -0.071337725   -0.074530343
   20.324004470   -0.077244823   -0.074246952
   20.352350362   -0.082083585   -0.073905679
   20.380696253   -0.085881870   -0.073493160
   20.409042145   -0.088627340   -0.072998270
   20.437388037   -0.090257369   -0.072412925
   20.465733929   -0.090668546   -0.071732610
   20.494079821   -0.089742404   -0.070956588
   20.522425713   -0.087379390   -0.070087769
   20.550771605   -0.083531067   -0.069132291
   20.579117496   -0.078221586   -0.068098885
   20.607463388   -0.071553201   -0.066998139
   20.635809280   -0.063695810   -0.065841742
   20.664155172   -0.054865474   -0.064641805
   20.692501064   -0.045300179   -0.063410309
   20.720846956   -0.035241515   -0.062158716
   20.749192848   -0.024928610   -0.060897735
   20.777538740   -0.014605988   -0.059637225
   20.805884631   -0.004541783   -0.058386211
   20.834230523    0.004951628   -0.057152954
   20.862576415    0.013504425   -0.055945057
   20.890922307    0.020692219   -0.054769550
   20.919268199    0.026059494   -0.053632933
   20.947614091    0.029162154   -0.052541156
   20.975959983    0.029621668   -0.051499507
   21.004305875    0.027178924   -0.050512432
   21.032651766    0.021734704   -0.049583292
   21.060997658    0.013366076   -0.048714107
   21.089343550    0.002313539   -0.047905325
   21.117689442   -0.011058951   -0.047155683
   21.146035334   -0.026322016   -0.046462204
   21.174381226   -0.043043097   -0.045820344
   21.202727118   -0.060838000   -0.045224301
   21.231073009   -0.079399777   -0.044667419
   21.259418901   -0.098499269   -0.044142632
   21.287764793   -0.117959545   -0.043642843
   21.316110685   -0.137613846   -0.043161166
   21.344456577   -0.157261300   -0.042690967
   21.372802469   -0.176635395   -0.042225707
   21.401148361   -0.195396472   -0.041758646
   21.429494253   -0.213152561   -0.041282506
   21.457840144   -0.229504380   -0.040789234
   21.486186036   -0.244102901   -0.040270012
   21.514531928   -0.256703539   -0.039715598
   21.542877820   -0.267201218   -0.039117038
   21.571223712   -0.275635332   -0.038466679
   21.599569604   -0.282161755   -0.037759344
   21.627915496   -0.286998365   -0.036993466
   21.656261387   -0.290358346   -0.036171933
   21.684607279   -0.292389618   -0.035302469
   21.712953171   -0.293137695   -0.034397417
   21.741299063   -0.292543317   -0.033472915
   21.769644955   -0.290476680   -0.032547582
   21.797990847   -0.286799758   -0.031640910
   21.826336739   -0.281439752   -0.030771650
   21.854682631   -0.274452763   -0.029956448
   21.883028522   -0.266058534   -0.029208961
   21.911374414   -0.256634354   -0.028539555
   21.939720306   -0.246667131   -0.027955585
   21.968066198   -0.236674289   -0.027462106
   21.996412090   -0.227113380   -0.027062812
   22.024757982   -0.218304329   -0.026760936
   22.053103874   -0.210385829   -0.026559897
   22.081449766   -0.203318868   -0.026463524
   22.109795657   -0.196937874   -0.026475852
   22.138141549   -0.191036713   -0.026600536
   22.166487441   -0.185466445   -0.026840089
   22.194833333   -0.180217239   -0.027195121
   22.223179225   -0.175459688   -0.027663827
   22.251525117   -0.171530488   -0.028241832
   22.279871009   -0.168861734   -0.028922464
   22.308216900   -0.167868306   -0.029697374
   22.336562792   -0.168820002   -0.030557379
   22.364908684   -0.171730796   -0.031493312
   22.393254576   -0.176295228   -0.032496689
   22.421600468   -0.181891730   -0.033560066
   22.449946360   -0.187657042   -0.034677007
   22.478292252   -0.192618671   -0.035841727
   22.506638144   -0.195857857   -0.037048523
   22.534984035   -0.196667487   -0.038291175
   22.563329927   -0.194669954   -0.039562491
   22.591675819   -0.189868951   -0.040854133
   22.620021711   -0.182624535   -0.042156792
   22.648367603   -0.173558589   -0.043460667
   22.676713495   -0.163413726   -0.044756155
   22.705059387   -0.152898705   -0.046034587
   22.733405278   -0.142555341   -0.047288856
   22.761751170   -0.132675248   -0.048513799
   22.790097062   -0.123281571   -0.049706275
   22.818442954   -0.114174534   -0.050864953
   22.846788846   -0.105024415   -0.051989889
   22.875134738   -0.095485164   -0.053082020
   22.903480630   -0.085298816   -0.054142712
   22.931826522   -0.074365400   -0.055173464
   22.960172413   -0.062763829   -0.056175818
   22.988518305   -0.050723001   -0.057151458
   23.016864197   -0.038555425   -0.058102431
   23.045210089   -0.026574589   -0.059031370
   23.073555981   -0.015020037   -0.059941625
   23.101901873   -0.004010157   -0.060837207
   23.130247765    0.006466372   -0.061722532
   23.158593657    0.016521038   -0.062601998
   23.186939548    0.026308991   -0.063479479
   23.215285440    0.035963563   -0.064357859
   23.243631332    0.045541159   -0.065238702
   23.271977224    0.054991689   -0.066122157
   23.300323116    0.064161518   -0.067007100
   23.328669008    0.072826166   -0.067891478
   23.357014900    0.080741707   -0.068772764
   23.385360791    0.087699132   -0.069648402
   23.413706683    0.093566262   -0.070516115
   23.442052575    0.098306506   -0.071374007
   23.470398467    0.101971475   -0.072220426
   23.498744359    0.104672545   -0.073053620
   23.527090251    0.106542513   -0.073871281
   23.555436143    0.107700687   -0.074670097
   23.583782035    0.108232553   -0.075445437
   23.612127926    0.108189415   -0.076191254
   23.640473818    0.107605968   -0.076900256
   23.668819710    0.106527195   -0.077564312
   23.697165602    0.105032336   -0.078175032
   23.725511494    0.103244332   -0.078724395
   23.753857386    0.101317896   -0.079205317
   23.782203278    0.099406919   -0.079612061
   23.810549169    0.097619816   -0.079940422
   23.838895061    0.095977143   -0.080187708
   23.867240953    0.094387352   -0.080352531
   23.895586845    0.092653033   -0.080434526
   23.923932737    0.090512144   -0.080434059
   23.952278629    0.087708533   -0.080352015
   23.980624521    0.084076452   -0.080189718
   24.008970413    0.079617556   -0.079948968
   24.037316304    0.074548181   -0.079632183
   24.065662196    0.069300142   -0.079242578
   24.094008088    0.064468728   -0.078784306
   24.122353980    0.060714584   -0.078262529
   24.150699872    0.058638285   -0.077683371
   24.179045764    0.058654501   -0.077053775
   24.207391656    0.060894284   -0.076381291
   24.235737548    0.065158653   -0.075673837
   24.264083439    0.070935412   -0.074939503
   24.292429331    0.077476712   -0.074186397
   24.320775223    0.083920947   -0.073422572
   24.349121115    0.089432538   -0.072655994
   24.377467007    0.093329611   -0.071894517
   24.405812899    0.095173261   -0.071145823
   24.434158791    0.094802028   -0.070417296
   24.462504682    0.092308712   -0.069715817
   24.490850574    0.087970346   -0.069047505
   24.519196466    0.082152381   -0.068417437
   24.547542358    0.075212664   -0.067829422
   24.575888250    0.067428597   -0.067285862
   24.604234142    0.058962804   -0.066787741
   24.632580034    0.049871267   -0.066334746
   24.660925926    0.040146189   -0.065925464
   24.689271817    0.029777093   -0.065557605
   24.717617709    0.018809949   -0.065228169
   24.745963601    0.007386226   -0.064933499
   24.774309493   -0.004249213   -0.064669169
   24.802655385   -0.015772792   -0.064429744
   24.831001277   -0.026831274   -0.064208447
   24.859347169   -0.037100290   -0.063996844
   24.887693060   -0.046335287   -0.063784644
   24.916038952   -0.054400692   -0.063559732
   24.944384844   -0.061269942   -0.063308481
   24.972730736   -0.066997679   -0.063016370
   25.001076628   -0.071673403   -0.062668846
   25.029422520   -0.075370827   -0.062252333
   25.057768412   -0.078107883   -0.061755253
   25.086114304   -0.079828639   -0.061168909
   25.114460195   -0.080411618   -0.060488113
   25.142806087   -0.079701206   -0.059711481
   25.171151979   -0.077552317   -0.058841368
   25.199497871   -0.073875124   -0.057883483
   25.227843763   -0.068667362   -0.056846267
   25.256189655   -0.062026060   -0.055740135
   25.284535547   -0.054137172   -0.054576703
   25.312881439   -0.045248370   -0.053368078
   25.341227330   -0.035635129   -0.052126302
   25.369573222   -0.025571710   -0.050862947
   25.397919114   -0.015316371   -0.049588888
   25.426265006   -0.005114810   -0.048314206
   25.454610898    0.004780823   -0.047048183
   25.482956790    0.014085847   -0.045799361
   25.511302682    0.022461631   -0.044575607
   25.539648573    0.029510017   -0.043384168
   25.567994465    0.034790483   -0.042231693
   25.596340357    0.037860202   -0.041124208
   25.624686249    0.038329846   -0.040067025
   25.653032141    0.035922402   -0.039064616
   25.681378033    0.030520086   -0.038120427
   25.709723925    0.022186572   -0.037236680
   25.738069817    0.011157602   -0.036414177
   25.766415708   -0.002198792   -0.035652166
   25.794761600   -0.017443199   -0.034948288
   25.823107492   -0.034131877   -0.034298650
   25.851453384   -0.051873310   -0.033698038
   25.879799276   -0.070360614   -0.033140225
   25.908145168   -0.089372954   -0.032618358
   25.936491060   -0.108747943   -0.032125325
   25.964836951   -0.128335296   -0.031654034
   25.993182843   -0.147947424   -0.031197549
   26.021528735   -0.167323548   -0.030749042
   26.049874627   -0.186120012   -0.030301591
   26.078220519   -0.203931783   -0.029847909
   26.106566411   -0.220340801   -0.029380102
   26.134912303   -0.234978565   -0.028889608
   26.163258195   -0.247585556   -0.028367425
   26.191604086   -0.258050228   -0.027804669
   26.219949978   -0.266415487   -0.027193473
   26.248295870   -0.272849448   -0.026528089
   26.276641762   -0.277587350   -0.025806032
   26.304987654   -0.280860005   -0.025029028
   26.333333546   -0.282828485   -0.024203560
   26.361679438   -0.283543655   -0.023340860
   26.390025330   -0.282942674   -0.022456279
   26.418371221   -0.280884478   -0.021568097
   26.446717113   -0.277215180   -0.020695973
   26.475063005   -0.271845470   -0.019859270
   26.503408897   -0.264817979   -0.019075545
   26.531754789   -0.256344534   -0.018359476
   26.560100681   -0.246800891   -0.017722351
   26.588446573   -0.236677995   -0.017172185
   26.616792464   -0.226500921   -0.016714343
   26.645138356   -0.216736113   -0.016352479
   26.673484248   -0.207711584   -0.016089515
   26.701830140   -0.199572100   -0.015928413
   26.730176032   -0.192282472   -0.015872558
   26.758521924   -0.185679254   -0.015925659
   26.786867816   -0.179557671   -0.016091237
   26.815213708   -0.173770230   -0.016371854
   26.843559599   -0.168309091   -0.016768299
   26.871905491   -0.163347372   -0.017278981
   26.900251383   -0.159224490   -0.017899674
   26.928597275   -0.156375083   -0.018623724
   26.956943167   -0.155216273   -0.019442650
   26.985289059   -0.156020035   -0.020347003
   27.013634951   -0.158802967   -0.021327278
   27.041980842   -0.163263182   -0.022374652
   27.070326734   -0.168783730   -0.023481393
   27.098672626   -0.174506442   -0.024640854
   27.127018518   -0.179463052   -0.025847094
   27.155364410   -0.182736348   -0.027094255
   27.183710302   -0.183616296   -0.028375895
   27.212056194   -0.181716775   -0.029684486
   27.240402086   -0.177027499   -0.031011221
   27.268747977   -0.169890712   -0.032346215
   27.297093869   -0.160909626   -0.033679071
   27.325439761   -0.150811035   -0.034999665
   27.353785653   -0.140294267   -0.036299002
   27.382131545   -0.129900482   -0.037569906
   27.410477437   -0.119929921   -0.038807432
   27.438823329   -0.110421983   -0.040008900
   27.467169221   -0.101197263   -0.041173584
   27.495515112   -0.091945985   -0.042302153
   27.523861004   -0.082337192   -0.043396041
   27.552206896   -0.072119968   -0.044456889
   27.580552788   -0.061192215   -0.045486210
   27.608898680   -0.049622731   -0.046485322
   27.637244572   -0.037625439   -0.047455532
   27.665590464   -0.025497209   -0.048398468
   27.693936355   -0.013539338   -0.049316430
   27.722282247   -0.001985580   -0.050212604
   27.750628139    0.009043978   -0.051091054
   27.778974031    0.019552378   -0.051956453
   27.807319923    0.029638747   -0.052813597
   27.835665815    0.039445027   -0.053666811
   27.864011707    0.049093505   -0.054519395
   27.892357599    0.058633678   -0.055373234
   27.920703490    0.068013236   -0.056228674
   27.949049382    0.077080216   -0.057084680
   27.977395274    0.085614112   -0.057939225
   28.005741166    0.093375587   -0.058789807
   28.034087058    0.100159758   -0.059633934
   28.062432950    0.105837970   -0.060469464
   28.090778842    0.110377315   -0.061294702
   28.119124733    0.113834422   -0.062108231
   28.147470625    0.116327928   -0.062908529
   28.175816517    0.118000139   -0.063693489
   28.204162409    0.118980917   -0.064459953
   28.232508301    0.119365070   -0.065203414
   28.260854193    0.119209286   -0.065917961
   28.289200085    0.118547475   -0.066596489
   28.317545977    0.117416818   -0.067231147
   28.345891868    0.115882842   -0.067813917
   28.374237760    0.114051885   -0.068337216
   28.402583652    0.112063461   -0.068794395
   28.430929544    0.110062051   -0.069180056
   28.459275436    0.108155556   -0.069490158
   28.487621328    0.106373677   -0.069721925
   28.515967220    0.104641566   -0.069873637
   28.544313112    0.102781465   -0.069944380
   28.572659003    0.100547969   -0.069933847
   28.601004895    0.097692915   -0.069842255
   28.629350787    0.094046300   -0.069670378
   28.657696679    0.089592994   -0.069419690
   28.686042571    0.084523440   -0.069092549
   28.714388463    0.079240898   -0.068692358
   28.742734355    0.074317335   -0.068223641
   28.771080246    0.070402519   -0.067692000
   28.799426138    0.068103077   -0.067103955
   28.827772030    0.067857005   -0.066466703
   28.856117922    0.069831858   -0.065787850
   28.884463814    0.073870677   -0.065075176
   28.912809706    0.079499502   -0.064336477
   28.941155598    0.085996380   -0.063579498
   28.969501490    0.092507706   -0.062811945
   28.997847381    0.098186881   -0.062041526
   29.026193273    0.102325569   -0.061275970
   29.054539165    0.104450165   -0.060522969
   29.082885057    0.104365096   -0.059790017
   29.111230949    0.102137641   -0.059084154
   29.139576841    0.098032880   -0.058411641
   29.167922733    0.092418597   -0.057777639
   29.196268624    0.085665677   -0.057185957
   29.224614516    0.078068613   -0.056638916
   29.252960408    0.069803582   -0.056137370
   29.281306300    0.060930379   -0.055680852
   29.309652192    0.051432409   -0.055267817
   29.337998084    0.041279131   -0.054895890
   29.366343976    0.030490359   -0.054562040
   29.394689868    0.019182785   -0.054262630
   29.423035759    0.007585361   -0.053993298
   29.451381651   -0.003980149   -0.053748700
   29.479727543   -0.015146906   -0.053522167
   29.508073435   -0.025564627   -0.053305392
   29.536419327   -0.034957222   -0.053088230
   29.564765219   -0.043160396   -0.052858730
   29.593111111   -0.050129395   -0.052603442
   29.621457003   -0.055915993   -0.052308013
   29.649802894   -0.060622571   -0.051958024
   29.678148786   -0.064347378   -0.051539961
   29.706494678   -0.067137076   -0.051042207
   29.734840570   -0.068959940   -0.050455912
   29.763186462   -0.069706725   -0.049775625
   29.791532354   -0.069218001   -0.048999623
   29.819878246   -0.067329341   -0.048129896
   29.848224137   -0.063921006   -0.047171825
   29.876570029   -0.058958247   -0.046133609
   29.904915921   -0.052511813   -0.045025546
   29.933261813   -0.044754647   -0.043859264
   29.961607705   -0.035938052   -0.042646990
   29.989953597   -0.026356505   -0.041400948
   30.018299489   -0.016313125   -0.040132901
   30.046645381   -0.006096668   -0.038853875
   30.074991272    0.004023636   -0.037574029
   30.103337164    0.013785686   -0.036302662
   30.131683056    0.022911292   -0.035048278
   30.160028948    0.031083130   -0.033818706
   30.188374840    0.037933615   -0.032621191
   30.216720732    0.043054184   -0.031462447
   30.245066624    0.046027343   -0.030348637
   30.273412515    0.046476481   -0.029285279
   30.301758407    0.044122199   -0.028277069
   30.330104299    0.038830745   -0.027327660
   30.358450191    0.030641083   -0.026439429
   30.386796083    0.019762170   -0.025613260
   30.415141975    0.006539693   -0.024848422
   30.443487867   -0.008600229   -0.024142544
   30.471833759   -0.025216493   -0.023491740
   30.500179650   -0.042911172   -0.022890848
   30.528525542   -0.061365925   -0.022333778
   30.556871434   -0.080348411   -0.021813879
   30.585217326   -0.099689049   -0.021324281
   30.613563218   -0.119237075   -0.020858121
   30.641909110   -0.138810939   -0.020408611
   30.670255002   -0.158159844   -0.019968955
   30.698600894   -0.176950059   -0.019532126
   30.726946785   -0.194782367   -0.019090612
   30.755292677   -0.211237681   -0.018636236
   30.783638569   -0.225939120   -0.018160164
   30.811984461   -0.238613351   -0.017653202
   30.840330353   -0.249133346   -0.017106416
   30.868676245   -0.257529326   -0.016512033
   30.897022137   -0.263963305   -0.015864522
   30.925368028   -0.268672920   -0.015161665
   30.953713920   -0.271899317   -0.014405423
   30.982059812   -0.273818898   -0.013602404
   31.010405704   -0.274498370   -0.012763791
   31.038751596   -0.273886506   -0.011904707
   31.067097488   -0.271845982   -0.011043059
   31.095443380   -0.268217292   -0.010198058
   31.123789272   -0.262897243   -0.009388632
   31.152135163   -0.255909712   -0.008632009
   31.180481055   -0.247447621   -0.007942692
   31.208826947   -0.237872439   -0.007331969
   31.237172839   -0.227668933   -0.006807994
   31.265518731   -0.217365412   -0.006376354
   31.293864623   -0.207439748   -0.006040918
   31.322210515   -0.198236255   -0.005804749
   31.350556406   -0.189916364   -0.005670833
   31.378902298   -0.182457516   -0.005642444
   31.407248190   -0.175701732   -0.005723087
   31.435594082   -0.169441541   -0.005916034
   31.463939974   -0.163519918   -0.006223620
   31.492285866   -0.157915956   -0.006646486
   31.520631758   -0.152790497   -0.007182992
   31.548977650   -0.148475691   -0.007828970
   31.577323541   -0.145406914   -0.008577883
   31.605669433   -0.144011014   -0.009421379
   31.634015325   -0.144577408   -0.010350095
   31.662361217   -0.147144620   -0.011354534
   31.690707109   -0.151432741   -0.012425785
   31.719053001   -0.156842249   -0.013555950
   31.747398893   -0.162524098   -0.014738175
   31.775744785   -0.167508751   -0.015966313
   31.804090676   -0.170867274   -0.017234349
   31.832436568   -0.171869425   -0.018535755
   31.860782460   -0.170103877   -0.019862988
   31.889128352   -0.165534410   -0.021207279
   31.917474244   -0.158480826   -0.022558810
   31.945820136   -0.149530757   -0.023907236
   31.974166028   -0.139404273   -0.025242464
   32.002511919   -0.128803180   -0.026555492
   32.030857811   -0.118279119   -0.027839116
   32.059203703   -0.108148388   -0.029088364
   32.087549595   -0.098468917   -0.030300552
   32.115895487   -0.089079111   -0.031474984
   32.144241379   -0.079683551   -0.032612400
   32.172587271   -0.069960352   -0.033714318
   32.200933163   -0.059661643   -0.034782453
   32.229279054   -0.048682745   -0.035818348
   32.257624946   -0.037085567   -0.036823289
   32.285970838   -0.025074772   -0.037798487
   32.314316730   -0.012937713   -0.038745434
   32.342662622   -0.000967845   -0.039666283
   32.371008514    0.010605849   -0.040564110
   32.399354406    0.021664279   -0.041442943
   32.427700297    0.032207743   -0.042307505
   32.456046189    0.042329530   -0.043162722
   32.484392081    0.052163712   -0.044013097
   32.512737973    0.061823914   -0.044862107
   32.541083865    0.071351377   -0.045711760
   32.569429757    0.080686952   -0.046562440
   32.597775649    0.089674049   -0.047413049
   32.626121541    0.098090300   -0.048261423
   32.654467432    0.105697631   -0.049104878
   32.682813324    0.112295734   -0.049940765
   32.711159216    0.117763793   -0.050766854
   32.739505108    0.122079632   -0.051581465
   32.767851000    0.125312703   -0.052383307
   32.796196892    0.127595259   -0.053171073
   32.824542784    0.129082268   -0.053942903
   32.852888676    0.129913318   -0.054695877
   32.881234567    0.130188177   -0.055425668
   32.909580459    0.129962472   -0.056126464
   32.937926351    0.129262821   -0.056791184
   32.966272243    0.128113953   -0.057411962
   32.994618135    0.126566112   -0.057980768
   33.022964027    0.124710748   -0.058490056
   33.051309919    0.122676303   -0.058933283
   33.079655810    0.120602784   -0.059305230
   33.108001702    0.118601565   -0.059602067
   33.136347594    0.116713144   -0.059821208
   33.164693486    0.114878174   -0.059961047
   33.193039378    0.112934974   -0.060020656
   33.221385270    0.110650126   -0.059999582
   33.249731162    0.107779378   -0.059897782
   33.278077054    0.104146431   -0.059715718
   33.306422945    0.099720139   -0.059454589
   33.334768837    0.094668440   -0.059116588
   33.363114729    0.089370954   -0.058705131
   33.391460621    0.084381101   -0.058224947
   33.419806513    0.080340711   -0.057682008
   33.448152405    0.077862360   -0.057083299
   33.476498297    0.077403909   -0.056436474
   33.504844188    0.079163241   -0.055749489
   33.533190080    0.083017974   -0.055030287
   33.561535972    0.088525447   -0.054286603
   33.589881864    0.094984773   -0.053525912
   33.618227756    0.101548576   -0.052755496
   33.646573648    0.107360627   -0.051982580
   33.674919540    0.111689911   -0.051214447
   33.703265432    0.114033030   -0.050458459
   33.731611323    0.114164947   -0.049721949
   33.759957215    0.112130761   -0.049011964
   33.788303107    0.108185260   -0.048334905
   33.816648999    0.102698843   -0.047696148
   33.844994891    0.096055172   -0.047099711
   33.873340783    0.088566030   -0.046548061
   33.901686675    0.080422558   -0.046042095
   33.930032567    0.071691230   -0.045581292
   33.958378458    0.062350559   -0.045163969
   33.986724350    0.052353960   -0.044787582
   34.015070242    0.041698122   -0.044448955
   34.043416134    0.030476077   -0.044144366
   34.071762026    0.018899667   -0.043869459
   34.100107918    0.007285595   -0.043618980
   34.128453810   -0.003990144   -0.043386420
   34.156799701   -0.014555810   -0.043163662
   34.185145593   -0.024107168   -0.042940747
   34.213491485   -0.032452830   -0.042705875
   34.241837377   -0.039529683   -0.042445692
   34.270183269   -0.045385215   -0.042145883
   34.298529161   -0.050132949   -0.041792017
   34.326875053   -0.053894553   -0.041370534
   34.355220945   -0.056745495   -0.040869754
   34.383566836   -0.058679523   -0.040280756
   34.411912728   -0.059601484   -0.039598023
   34.440258620   -0.059349674   -0.038819761
   34.468604512   -0.057740645   -0.037947890
   34.496950404   -0.054623459   -0.036987709
   34.525296296   -0.049928342   -0.035947328
   34.553642188   -0.043697101   -0.034836943
   34.581988079   -0.036088521   -0.033668078
   34.610333971   -0.027359516   -0.032452867
   34.638679863   -0.017829658   -0.031203452
   34.667025755   -0.007840983   -0.029931546
   34.695371647    0.002274710   -0.028648159
   34.723717539    0.012212254   -0.027363474
   34.752063431    0.021690543   -0.026086846
   34.780409323    0.030435104   -0.024826878
   34.808755214    0.038155281   -0.023591518
   34.837101106    0.044527649   -0.022388142
   34.865446998    0.049195579   -0.021223595
   34.893792890    0.051789792   -0.020104155
   34.922138782    0.051967831   -0.019035417
   34.950484674    0.049463745   -0.018022121
   34.978830566    0.044135091   -0.017067924
   35.007176458    0.035993884   -0.016175182
   35.035522349    0.025211789   -0.015344762
   35.063868241    0.012096552   -0.014575945
   35.092214133   -0.002955432   -0.013866437
   35.120560025   -0.019518738   -0.013212508
   35.148905917   -0.037195516   -0.012609240
   35.177251809   -0.055654641   -0.012050845
   35.205597701   -0.074643980   -0.011530998
   35.233943592   -0.093974184   -0.011043118
   35.262289484   -0.113480857   -0.010580534
   35.290635376   -0.132978469   -0.010136523
   35.318981268   -0.152222042   -0.009704211
   35.347327160   -0.170890511   -0.009276385
   35.375673052   -0.188599323   -0.008845317
   35.404018944   -0.204940957   -0.008402675
   35.432364836   -0.219543316   -0.007939633
   35.460710727   -0.232129894   -0.007447251
   35.489056619   -0.242564114   -0.006917114
   35.517402511   -0.250863997   -0.006342210
   35.545748403   -0.257181279   -0.005717903
   35.574094295   -0.261749166   -0.005042864
   35.602440187   -0.264812222   -0.004319772
   35.630786079   -0.266557567   -0.003555634
   35.659131970   -0.267067013   -0.002761621
   35.687477862   -0.266304445   -0.001952414
   35.715823754   -0.264143188   -0.001145125
   35.744169646   -0.260426712   -0.000357948
   35.772515538   -0.255046150    0.000391248
   35.800861430   -0.248012579    0.001086154
   35.829207322   -0.239502542    0.001712919
   35.857553214   -0.229862033    0.002260575
   35.885899105   -0.219565332    0.002720978
   35.914244997   -0.209137739    0.003088348
   35.942590889   -0.199061831    0.003358559
   35.970936781   -0.189692287    0.003528385
   35.999282673   -0.181202954    0.003594893
   36.027628565   -0.173581674    0.003555131
   36.055974457   -0.166675590    0.003406173
   36.084320349   -0.160275560    0.003145488
   36.112666240   -0.154216781    0.002771522
   36.141012132   -0.148467074    0.002284310
   36.169358024   -0.143176286    0.001685963
   36.197703916   -0.138669617    0.000980866
   36.226049808   -0.135382225    0.000175532
   36.254395700   -0.133748300   -0.000721873
   36.282741592   -0.134070901   -0.001702229
   36.311087483   -0.136405507   -0.002756218
   36.339433375   -0.140488571   -0.003874978
   36.367779267   -0.145732558   -0.005050490
   36.396125159   -0.151293292   -0.006275637
   36.424471051   -0.156197908   -0.007543944
   36.452816943   -0.159506684   -0.008849095
   36.481162835   -0.160473336   -0.010184376
   36.509508727   -0.158668310   -0.011542234
   36.537854618   -0.154038135   -0.012914077
   36.566200510   -0.146888920   -0.014290419
   36.594546402   -0.137799792   -0.015661331
   36.622892294   -0.127488066   -0.017017140
   36.651238186   -0.116658233   -0.018349193
   36.679584078   -0.105869178   -0.019650520
   36.707929970   -0.095447900   -0.020916261
   36.736275861   -0.085465339   -0.022143738
   36.764621753   -0.075774126   -0.023332210
   36.792967645   -0.066093150   -0.024482362
   36.821313537   -0.056113650   -0.025595685
   36.849659429   -0.045598306   -0.026673915
   36.878005321   -0.034448997   -0.027718654
   36.906351213   -0.022729072   -0.028731267
   36.934697105   -0.010639039   -0.029713032
   36.963042996    0.001542982   -0.030665481
   36.991388888    0.013536187   -0.031590771
   37.019734780    0.025125007   -0.032491952
   37.048080672    0.036201304   -0.033373011
   37.076426564    0.046770802   -0.034238623
   37.104772456    0.056924527   -0.035093665
   37.133118348    0.066786004   -0.035942569
   37.161464240    0.076451322   -0.036788696
   37.189810131    0.085940272   -0.037633867
   37.218156023    0.095172661   -0.038478190
   37.246501915    0.103975911   -0.039320215
   37.274847807    0.112120720   -0.040157383
   37.303193699    0.119373548   -0.040986638
   37.331539591    0.125550358   -0.041805054
   37.359885483    0.130556362   -0.042610283
   37.388231374    0.134401308   -0.043400719
   37.416577266    0.137187518   -0.044175322
   37.444923158    0.139075986   -0.044933163
   37.473269050    0.140242073   -0.045672801
   37.501614942    0.140834785   -0.046391679
   37.529960834    0.140951691   -0.047085701
   37.558306726    0.140635934   -0.047749130
   37.586652618    0.139894286   -0.048374830
   37.614998509    0.138728146   -0.048954824
   37.643344401    0.137165065   -0.049481026
   37.671690293    0.135278079   -0.049945980
   37.700036185    0.133184127   -0.050343452
   37.728382077    0.131019890   -0.050668735
   37.756727969    0.128901402   -0.050918648
   37.785073861    0.126880268   -0.051091269
   37.813419752    0.124912143   -0.051185514
   37.841765644    0.122851092   -0.051200735
   37.870111536    0.120477029   -0.051136458
   37.898457428    0.117553975   -0.050992364
   37.926803320    0.113907217   -0.050768519
   37.955149212    0.109500221   -0.050465789
   37.983495104    0.104489707   -0.050086299
   38.011840996    0.099240623   -0.049633801
   38.040186887    0.094291407   -0.049113809
   38.068532779    0.090271814   -0.048533449
   38.096878671    0.087787829   -0.047901024
   38.125224563    0.087297498   -0.047225408
   38.153570455    0.089005354   -0.046515396
   38.181916347    0.092800266   -0.045779183
   38.210262239    0.098252482   -0.045024083
   38.238608131    0.104672437   -0.044256548
   38.266954022    0.111219833   -0.043482443
   38.295299914    0.117039939   -0.042707478
   38.323645806    0.121398016   -0.041937640
   38.351991698    0.123783632   -0.041179459
   38.380337590    0.123964268   -0.040440019
   38.408683482    0.121979939   -0.039726660
   38.437029374    0.118084607   -0.039046443
   38.465375265    0.112652288   -0.038405496
   38.493721157    0.106073018   -0.037808410
   38.522067049    0.098664625   -0.037257842
   38.550412941    0.090620469   -0.036754412
   38.578758833    0.082002725   -0.036296929
   38.607104725    0.072778313   -0.035882841
   38.635450617    0.062883455   -0.035508794
   38.663796509    0.052296005   -0.035171101
   38.692142400    0.041093752   -0.034865978
   38.720488292    0.029481838   -0.034589461
   38.748834184    0.017781831   -0.034337012
   38.777180076    0.006386000   -0.034102913
   38.805525968   -0.004309932   -0.033879635
   38.833871860   -0.013976570   -0.033657378
   38.862217752   -0.022403856   -0.033423966
   38.890563643   -0.029523042   -0.033165193
   38.918909535   -0.035392276   -0.032865625
   38.947255427   -0.040150622   -0.032509754
   38.975601319   -0.043953982   -0.032083309
   39.003947211   -0.046911171   -0.031574507
   39.032293103   -0.049037988   -0.030975029
   39.060638995   -0.050241929   -0.030280573
   39.088984887   -0.050341507   -0.029490928
   39.117330778   -0.049114684   -0.028609602
   39.145676670   -0.046363145   -0.027643146
   39.174022562   -0.041975218   -0.026600309
   39.202368454   -0.035971127   -0.025491218
   39.230714346   -0.028519568   -0.024326691
   39.259060238   -0.019922723   -0.023117768
   39.287406130   -0.010575373   -0.021875434
   39.315752022   -0.000910359   -0.020610506
   39.344097913    0.008654498   -0.019333593
   39.372443805    0.017754525   -0.018055039
   39.400789697    0.026093241   -0.016784830
   39.429135589    0.033433695   -0.015532429
   39.457481481    0.039572795   -0.014306579
   39.485827373    0.044310319   -0.013115121
   39.514173265    0.047425515   -0.011964873
   39.542519156    0.048671384   -0.010861592
   39.570865048    0.047790773   -0.009810022
   39.599210940    0.044551169   -0.008813971
   39.627556832    0.038788787   -0.007876379
   39.655902724    0.030449110   -0.006999324
   39.684248616    0.019611543   -0.006183931
   39.712594508    0.006490101   -0.005430205
   39.740940400   -0.008591122   -0.004736837
   39.769286291   -0.025241701   -0.004101057
   39.797632183   -0.043056278   -0.003518601
   39.825978075   -0.061659950   -0.002983856
   39.854323967   -0.080735930   -0.002490172
   39.882669859   -0.100029314   -0.002030297
   39.911015751   -0.119328201   -0.001596842
   39.939361643   -0.138430481   -0.001182670
   39.967707534   -0.157109163   -0.000781112
   39.996053426   -0.175089699   -0.000385972
   40.024399318   -0.192049091    0.000008666
   40.052745210   -0.207639698    0.000408727
   40.081091102   -0.221532601    0.000820389
   40.109436994   -0.233468603    0.001250149
   40.137782886   -0.243301596    0.001704574
   40.166128778   -0.251020252    0.002189707
   40.194474669   -0.256739705    0.002710187
   40.222820561   -0.260663415    0.003268214
   40.251166453   -0.263024412    0.003862591
   40.279512345   -0.264021834    0.004488058
   40.307858237   -0.263770931    0.005135122
   40.336204129   -0.262281742    0.005790454
   40.364550021   -0.259473890    0.006437864
   40.392895913   -0.255224667    0.007059672
   40.421241804   -0.249437562    0.007638268
   40.449587696   -0.242111649    0.008157548
   40.477933588   -0.233390938    0.008604010
   40.506279480   -0.223577562    0.008967299
   40.534625372   -0.213102315    0.009240193
   40.562971264   -0.202458191    0.009418079
   40.591317156   -0.192113540    0.009498130
   40.619663047   -0.182428245    0.009478422
   40.648008939   -0.173596609    0.009357224
   40.676354831   -0.165634138    0.009132644
   40.704700723   -0.158413586    0.008802696
   40.733046615   -0.151741679    0.008365721
   40.761392507   -0.145455694    0.007821035
   40.789738399   -0.139512142    0.007169579
   40.818084291   -0.134040346    0.006414370
   40.846430182   -0.129342006    0.005560632
   40.874776074   -0.125831879    0.004615525
   40.903121966   -0.123930884    0.003587564
   40.931467858   -0.123936930    0.002485852
   40.959813750   -0.125906599    0.001319331
   40.988159642   -0.129580131    0.000096233
   41.016505534   -0.134372886   -0.001176157
   41.044851425   -0.139440637   -0.002491370
   41.073197317   -0.143807791   -0.003843345
   41.101543209   -0.146531604   -0.005225870
   41.129889101   -0.146865857   -0.006632064
   41.158234993   -0.144386921   -0.008054065
   41.186580885   -0.139053859   -0.009483038
   41.214926777   -0.131189972   -0.010909514
   41.243272669   -0.121392002   -0.012323999
   41.271618560   -0.110390216   -0.013717707
   41.299964452   -0.098893426   -0.015083232
   41.328310344   -0.087455147   -0.016415015
   41.356656236   -0.076390087   -0.017709496
   41.385002128   -0.065756130   -0.018964938
   41.413348020   -0.055399836   -0.020180996
   41.441693912   -0.045047714   -0.021358161
   41.470039804   -0.034415297   -0.022497239
   41.498385695   -0.023303758   -0.023599003
   41.526731587   -0.011659683   -0.024664096
   41.555077479    0.000414331   -0.025693192
   41.583423371    0.012695969   -0.026687322
   41.611769263    0.024911103   -0.027648254
   41.640115155    0.036810158   -0.028578759
   41.668461047    0.048229074   -0.029482652
   41.696806938    0.059117205   -0.030364557
   41.725152830    0.069525582   -0.031229408
   41.753498722    0.079561489   -0.032081789
   41.781844614    0.089325441   -0.032925266
   41.810190506    0.098851631   -0.033761866
   41.838536398    0.108071244   -0.034591833
   41.866882290    0.116810571   -0.035413715
   41.895228182    0.124824815   -0.036224776
   41.923574073    0.131857404   -0.037021604
   41.951919965    0.137706774   -0.037800803
   41.980265857    0.142280322   -0.038559559
   42.008611749    0.145619189   -0.039295973
   42.036957641    0.147886459   -0.040009081
   42.065303533    0.149322494   -0.040698555
   42.093649425    0.150181063   -0.041364183
   42.121995316    0.150665712   -0.042005246
   42.150341208    0.150885544   -0.042619977
   42.178687100    0.150843491   -0.043205199
   42.207032992    0.150459905   -0.043756265
   42.235378884    0.149623173   -0.044267272
   42.263724776    0.148250335   -0.044731538
   42.292070668    0.146337228   -0.045142191
   42.320416560    0.143980585   -0.045492777
   42.348762451    0.141363075   -0.045777752
   42.377108343    0.138704069   -0.045992790
   42.405454235    0.136190323   -0.046134882
   42.433800127    0.133908393   -0.046202260
   42.462146019    0.131801784   -0.046194214
   42.490491911    0.129670107   -0.046110890
   42.518837803    0.127215988   -0.045953147
   42.547183695    0.124131529   -0.045722506
   42.575529586    0.120203459   -0.045421203
   42.603875478    0.115408714   -0.045052304
   42.632221370    0.109972224   -0.044619815
   42.660567262    0.104366735   -0.044128737
   42.688913154    0.099248508   -0.043585000
   42.717259046    0.095339269   -0.042995282
   42.745604938    0.093279353   -0.042366712
   42.773950829    0.093485606   -0.041706541
   42.802296721    0.096047928   -0.041021827
   42.830642613    0.100689882   -0.040319210
   42.858988505    0.106803855   -0.039604832
   42.887334397    0.113553448   -0.038884386
   42.915680289    0.120019782   -0.038163297
   42.944026181    0.125358322   -0.037446948
   42.972372073    0.128931167   -0.036740899
   43.000717964    0.130386824   -0.036051025
   43.029063856    0.129673307   -0.035383510
   43.057409748    0.126987265   -0.034744706
   43.085755640    0.122677242   -0.034140842
   43.114101532    0.117129290   -0.033577647
   43.142447424    0.110665403   -0.033059939
   43.170793316    0.103479547   -0.032591227
   43.199139207    0.095624139   -0.032173394
   43.227485099    0.087045230   -0.031806474
   43.255830991    0.077651409   -0.031488544
   43.284176883    0.067393119   -0.031215725
   43.312522775    0.056327613   -0.030982270
   43.340868667    0.044650376   -0.030780745
   43.369214559    0.032684524   -0.030602261
   43.397560451    0.020832247   -0.030436778
   43.425906342    0.009503253   -0.030273452
   43.454252234   -0.000958760   -0.030101028
   43.482598126   -0.010330692   -0.029908247
   43.510944018   -0.018530964   -0.029684249
   43.539289910   -0.025602266   -0.029418943
   43.567635802   -0.031662755   -0.029103301
   43.595981694   -0.036841270   -0.028729571
   43.624327586   -0.041216257   -0.028291403
   43.652673477   -0.044776467   -0.027783895
   43.681019369   -0.047414637   -0.027203613
   43.709365261   -0.048955467   -0.026548603
   43.737711153   -0.049209216   -0.025818440
   43.766057045   -0.048034911   -0.025014321
   43.794402937   -0.045394747   -0.024139190
   43.822748829   -0.041384141   -0.023197855
   43.851094720   -0.036229242   -0.022197034
   43.879440612   -0.030253238   -0.021145262
   43.907786504   -0.023821747   -0.020052630
   43.936132396   -0.017283283   -0.018930335
   43.964478288   -0.010921804   -0.017790081
   43.992824180   -0.004934274   -0.016643407
   44.021170072    0.000561501   -0.015501062
   44.049515964    0.005492694   -0.014372517
   44.077861855    0.009782692   -0.013265717
   44.106207747    0.013303860   -0.012187093
   44.134553639    0.015847507   -0.011141828
   44.162899531    0.017121726   -0.010134273
   44.191245423    0.016779673   -0.009168412
   44.219591315    0.014472039   -0.008248211
   44.247937207    0.009910444   -0.007377784
   44.276283098    0.002925276   -0.006561287
   44.304628990   -0.006497050   -0.005802577
   44.332974882   -0.018206818   -0.005104720
   44.361320774   -0.031914916   -0.004469479
   44.389666666   -0.047240820   -0.003896917
   44.418012558   -0.063771404   -0.003385255
   44.446358450   -0.081115076   -0.002930999
   44.474704342   -0.098937954   -0.002529359
   44.503050233   -0.116974689   -0.002174818
   44.531396125   -0.135014347   -0.001861734
   44.559742017   -0.152869159   -0.001584806
   44.588087909   -0.170338816   -0.001339294
   44.616433801   -0.187183862   -0.001120934
   44.644779693   -0.203118517   -0.000925609
   44.673125585   -0.217826888   -0.000748888
   44.701471477   -0.230998954   -0.000585617
   44.729817368   -0.242376184   -0.000429729
   44.758163260   -0.251793204   -0.000274429
   44.786509152   -0.259202491   -0.000112770
   44.814855044   -0.264673680    0.000061418
   44.843200936   -0.268366294    0.000252432
   44.871546828   -0.270482501    0.000461641
   44.899892720   -0.271212581    0.000686725
   44.928238611   -0.270688332    0.000921394
   44.956584503   -0.268957778    0.001155677
   44.984930395   -0.265988818    0.001376769
   45.013276287   -0.261701261    0.001570279
   45.041622179   -0.256018525    0.001721658
   45.069968071   -0.248924271    0.001817540
   45.098313963   -0.240507370    0.001846777
   45.126659855   -0.230981327    0.001800997
   45.155005746   -0.220671127    0.001674664
   45.183351638   -0.209969449    0.001464687
   45.211697530   -0.199273005    0.001169768
   45.240043422   -0.188915781    0.000789658
   45.268389314   -0.179117497    0.000324545
   45.296735206   -0.169962056   -0.000225326
   45.325081098   -0.161412915   -0.000859724
   45.353426989   -0.153362200   -0.001578243
   45.381772881   -0.145700726   -0.002379968
   45.410118773   -0.138389443   -0.003263117
   45.438464665   -0.131511296   -0.004224799
   45.466810557   -0.125286466   -0.005260943
   45.495156449   -0.120042867   -0.006366439
   45.523502341   -0.116145247   -0.007535415
   45.551848233   -0.113897535   -0.008761563
   45.580194124   -0.113441187   -0.010038425
   45.608540016   -0.114675013   -0.011359550
   45.636885908   -0.117218471   -0.012718501
   45.665231800   -0.120431282   -0.014108737
   45.693577692   -0.123489606   -0.015523454
   45.721923584   -0.125505865   -0.016955463
   45.750269476   -0.125668808   -0.018397182
   45.778615368   -0.123375124   -0.019840797
   45.806961259   -0.118325158   -0.021278551
   45.835307151   -0.110562847   -0.022703117
   45.863653043   -0.100452034   -0.024107953
   45.891998935   -0.088595152   -0.025487530
   45.920344827   -0.075712504   -0.026837408
   45.948690719   -0.062508369   -0.028154111
   45.977036611   -0.049552035   -0.029434880
   46.005382502   -0.037197375   -0.030677377
   46.033728394   -0.025555024   -0.031879453
   46.062074286   -0.014518821   -0.033039065
   46.090420178   -0.003836103   -0.034154361
   46.118766070    0.006797670   -0.035223930
   46.147111962    0.017643532   -0.036247093
   46.175457854    0.028844795   -0.037224145
   46.203803746    0.040389281   -0.038156404
   46.232149637    0.052113422   -0.039046016
   46.260495529    0.063743263   -0.039895502
   46.288841421    0.074958888   -0.040707130
   46.317187313    0.085464230   -0.041482272
   46.345533205    0.095044422   -0.042220911
   46.373879097    0.103597495   -0.042921453
   46.402224989    0.111134870   -0.043580948
   46.430570880    0.117753598   -0.044195693
   46.458916772    0.123590489   -0.044762118
   46.487262664    0.128772265   -0.045277750
   46.515608556    0.133375946   -0.045742032
   46.543954448    0.137409871   -0.046156788
   46.572300340    0.140819375   -0.046526193
   46.600646232    0.143513996   -0.046856245
   46.628992124    0.145407028   -0.047153836
   46.657338015    0.146455061   -0.047425615
   46.685683907    0.146685365   -0.047676904
   46.714029799    0.146202731   -0.047910893
   46.742375691    0.145173256   -0.048128289
   46.770721583    0.143789200   -0.048327456
   46.799067475    0.142224446   -0.048505001
   46.827413367    0.140592848   -0.048656619
   46.855759259    0.138921202   -0.048777991
   46.884105150    0.137144812   -0.048865516
   46.912451042    0.135127697   -0.048916719
   46.940796934    0.132702961   -0.048930278
   46.969142826    0.129723520   -0.048905722
   46.997488718    0.126110524   -0.048842925
   47.025834610    0.121887262   -0.048741587
   47.054180502    0.117189906   -0.048600852
   47.082526393    0.112252229   -0.048419207
   47.110872285    0.107367823   -0.048194665
   47.139218177    0.102838874   -0.047925203
   47.167564069    0.098923621   -0.047609306
   47.195909961    0.095794679   -0.047246481
   47.224255853    0.093517377   -0.046837605
   47.252601745    0.092052038   -0.046385009
   47.280947637    0.091278090   -0.045892315
   47.309293528    0.091032585   -0.045364073
   47.337639420    0.091152458   -0.044805317
   47.365985312    0.091509459   -0.044221173
   47.394331204    0.092029105   -0.043616606
   47.422677096    0.092689592   -0.042996364
   47.451022988    0.093502045   -0.042365093
   47.479368880    0.094478406   -0.041727544
   47.507714771    0.095596408   -0.041088797
   47.536060663    0.096771653   -0.040454369
   47.564406555    0.097844849   -0.039830196
   47.592752447    0.098588198   -0.039222445
   47.621098339    0.098730067   -0.038637245
   47.649444231    0.097992469   -0.038080388
   47.677790123    0.096132891   -0.037557117
   47.706136015    0.092981146   -0.037072038
   47.734481906    0.088463452   -0.036629165
   47.762827798    0.082609246   -0.036232047
   47.791173690    0.075540471   -0.035883889
   47.819519582    0.067447072   -0.035587540
   47.847865474    0.058555225   -0.035345289
   47.876211366    0.049095784   -0.035158441
   47.904557258    0.039279449   -0.035026724
   47.932903150    0.029282685   -0.034947662
   47.961249041    0.019245129   -0.034916085
   47.989594933    0.009276245   -0.034923928
   48.017940825   -0.000533161   -0.034960461
   48.046286717   -0.010099495   -0.035012957
   48.074632609   -0.019339048   -0.035067737
   48.102978501   -0.028166836   -0.035111423
   48.131324393   -0.036501217   -0.035132159
   48.159670284   -0.044271796   -0.035120588
   48.188016176   -0.051427052   -0.035070399
   48.216362068   -0.057938247   -0.034978352
   48.244707960   -0.063797532   -0.034843842
   48.273053852   -0.069010280   -0.034668119
   48.301399744   -0.073583774   -0.034453394
   48.329745636   -0.077515962   -0.034202051
   48.358091528   -0.080788357   -0.033916150
   48.386437419   -0.083366299   -0.033597312
   48.414783311   -0.085207845   -0.033246971
   48.443129203   -0.086280043   -0.032866862
   48.471475095   -0.086579060   -0.032459580
   48.499820987   -0.086149165   -0.032028987
   48.528166879   -0.085095435   -0.031580337
   48.556512771   -0.083586316   -0.031120031
   48.584858662   -0.081844497   -0.030655066
   48.613204554   -0.080127464   -0.030192282
   48.641550446   -0.078701600   -0.029737613
   48.669896338   -0.077815369   -0.029295533
   48.698242230   -0.077677240   -0.028868826
   48.726588122   -0.078442741   -0.028458737
   48.754934014   -0.080212592   -0.028065457
   48.783279906   -0.083040901   -0.027688786
   48.811625797   -0.086949844   -0.027328799
   48.839971689   -0.091945611   -0.026986307
   48.868317581   -0.098030322   -0.026662994
   48.896663473   -0.105205947   -0.026361172
   48.925009365   -0.113468837   -0.026083228
   48.953355257   -0.122796371   -0.025830900
   48.981701149   -0.133129802   -0.025604582
   49.010047041   -0.144358833   -0.025402845
   49.038392932   -0.156313302   -0.025222321
   49.066738824   -0.168765716   -0.025057978
   49.095084716   -0.181445533   -0.024903746
   49.123430608   -0.194062925   -0.024753329
   49.151776500   -0.206337039   -0.024601033
   49.180122392   -0.218022367   -0.024442401
   49.208468284   -0.228927096   -0.024274524
   49.236814175   -0.238919256   -0.024095977
   49.265160067   -0.247919633   -0.023906424
   49.293505959   -0.255883910   -0.023706035
   49.321851851   -0.262779407   -0.023494897
   49.350197743   -0.268563311   -0.023272600
   49.378543635   -0.273168901   -0.023038160
   49.406889527   -0.276504134   -0.022790309
   49.435235419   -0.278463470   -0.022528144
   49.463581310   -0.278950066   -0.022251979
   49.491927202   -0.277902323   -0.021964216
   49.520273094   -0.275317274   -0.021670034
   49.548618986   -0.271263794   -0.021377710
   49.576964878   -0.265881134   -0.021098468
   49.605310770   -0.259362108   -0.020845847
   49.633656662   -0.251924464   -0.020634664
   49.662002553   -0.243777315   -0.020479740
   49.690348445   -0.235091120   -0.020394589
   49.718694337   -0.225979015   -0.020390270
   49.747040229   -0.216494411   -0.020474589
   49.775386121   -0.206645500   -0.020651720
   49.803732013   -0.196422662   -0.020922300
   49.832077905   -0.185831088   -0.021283908
   49.860423797   -0.174919253   -0.021731829
   49.888769688   -0.163794751   -0.022259928
   49.917115580   -0.152622204   -0.022861492
   49.945461472   -0.141602790   -0.023529892
   49.973807364   -0.130940015   -0.024258988
   50.002153256   -0.120800356   -0.025043247
   50.030499148   -0.111279133   -0.025877604
   50.058845040   -0.102380939   -0.026757139
   50.087190932   -0.094020282   -0.027676678
   50.115536823   -0.086042804   -0.028630424
   50.143882715   -0.078261860   -0.029611718
   50.172228607   -0.070500976   -0.030612988
   50.200574499   -0.062630938   -0.031625904
   50.228920391   -0.054591580   -0.032641723
   50.257266283   -0.046392443   -0.033651750
   50.285612175   -0.038092353   -0.034647839
   50.313958066   -0.029763976   -0.035622833
   50.342303958   -0.021453876   -0.036570866
   50.370649850   -0.013150333   -0.037487480
   50.398995742   -0.004769384   -0.038369537
   50.427341634    0.003835139   -0.039214957
   50.455687526    0.012838434   -0.040022360
   50.484033418    0.022395858   -0.040790682
   50.512379310    0.032590719   -0.041518866
   50.540725201    0.043392745   -0.042205688
   50.569071093    0.054639222   -0.042849764
   50.597416985    0.066045419   -0.043449730
   50.625762877    0.077243626   -0.044004545
   50.654108769    0.087842740   -0.044513831
   50.682454661    0.097494941   -0.044978171
   50.710800553    0.105953945   -0.045399263
   50.739146444    0.113111317   -0.045779878
   50.767492336    0.119002787   -0.046123604
   50.795838228    0.123784055   -0.046434404
   50.824184120    0.127683180   -0.046716055
   50.852530012    0.130942254   -0.046971574
   50.880875904    0.133763262   -0.047202723
   50.909221796    0.136271183   -0.047409687
   50.937567688    0.138502152   -0.047590985
   50.965913579    0.140417294   -0.047743620
   50.994259471    0.141935800   -0.047863435
   51.022605363    0.142975800   -0.047945619
   51.050951255    0.143490051   -0.047985267
   51.079297147    0.143485767   -0.047977912
   51.107643039    0.143023260   -0.047919943
   51.135988931    0.142194905   -0.047808875
   51.164334823    0.141092163   -0.047643440
   51.192680714    0.139772147   -0.047423521
   51.221026606    0.138235361   -0.047149950
   51.249372498    0.136422671   -0.046824221
   51.277718390    0.134233377   -0.046448171
   51.306064282    0.131559297   -0.046023656
   51.334410174    0.128324160   -0.045552250
   51.362756066    0.124515205   -0.045035009
   51.391101957    0.120195531   -0.044472278
   51.419447849    0.115491155   -0.043863572
   51.447793741    0.110554465   -0.043207530
   51.476139633    0.105513518   -0.042501938
   51.504485525    0.100422134   -0.041743830
   51.532831417    0.095227122   -0.040929659
   51.561177309    0.089765508   -0.040055536
   51.589523201    0.083797055   -0.039117501
   51.617869092    0.077067545   -0.038111814
   51.646214984    0.069388867   -0.037035224
   51.674560876    0.060715696   -0.035885191
   51.702906768    0.051197369   -0.034660030
   51.731252660    0.041188126   -0.033358973
   51.759598552    0.031208337   -0.031982138
   51.787944444    0.021861328   -0.030530437
   51.816290335    0.013721989   -0.029005425
   51.844636227    0.007221321   -0.027409135
   51.872982119    0.002553348   -0.025743917
   51.901328011   -0.000373512   -0.024012302
   51.929673903   -0.001928384   -0.022216892
   51.958019795   -0.002694096   -0.020360294
   51.986365687   -0.003361488   -0.018445076
   52.014711579   -0.004605463   -0.016473746
   52.043057470   -0.006970272   -0.014448752
   52.071403362   -0.010788624   -0.012372484
   52.099749254   -0.016150424   -0.010247299
   52.128095146   -0.022924511   -0.008075548
   52.156441038   -0.030823962   -0.005859618
   52.184786930   -0.039495562   -0.003601978
   52.213132822   -0.048609450   -0.001305211
   52.241478714   -0.057926628    0.001027974
   52.269824605   -0.067329370    0.003394772
   52.298170497   -0.076810378    0.005792364
   52.326516389   -0.086427871    0.008218053
   52.354862281   -0.096242519    0.010669437
   52.383208173   -0.106256179    0.013144606
   52.411554065   -0.116370714    0.015642319
   52.439899957   -0.126378572    0.018162141
   52.468245848   -0.135987265    0.020704510
   52.496591740   -0.144870151    0.023270718
   52.524937632   -0.152728675    0.025862816
   52.553283524   -0.159348418    0.028483468
   52.581629416   -0.164633520    0.031135774
   52.609975308   -0.168610501    0.033823113
   52.638321200   -0.171401257    0.036549020
   52.666667092   -0.173173566    0.039317112
   52.695012983   -0.174083346    0.042131067
   52.723358875   -0.174224766    0.044994616
   52.751704767   -0.173601548    0.047911526
   52.780050659   -0.172126584    0.050885540
   52.808396551   -0.169649000    0.053920242
   52.836742443   -0.166000414    0.057018860
   52.865088335   -0.161047407    0.060184004
   52.893434226   -0.154736231    0.063417410
   52.921780118   -0.147118755    0.066719709
   52.950126010   -0.138354416    0.070090296
   52.978471902   -0.128689840    0.073527313
   53.006817794   -0.118423679    0.077027776
   53.035163686   -0.107867619    0.080587804
   53.063509578   -0.097314401    0.084202917
   53.091855470   -0.087020524    0.087868343
   53.120201361   -0.077206013    0.091579262
   53.148547253   -0.068067991    0.095330951
   53.176893145   -0.059800567    0.099118801
   53.205239037   -0.052611811    0.102938228
   53.233584929   -0.046729946    0.106784518
   53.261930821   -0.042394631    0.110652660
   53.290276713   -0.039834234    0.114537242
   53.318622605   -0.039234630    0.118432444
   53.346968496   -0.040707925    0.122332158
   53.375314388   -0.044269750    0.126230222
   53.403660280   -0.049831353    0.130120709
   53.432006172   -0.057208517    0.133998226
   53.460352064   -0.066144545    0.137858141
   53.488697956   -0.076340820    0.141696694
   53.517043848   -0.087486759    0.145510964
   53.545389739   -0.099281841    0.149298720
   53.573735631   -0.111445521    0.153058184
   53.602081523   -0.123715068    0.156787786
   53.630427415   -0.135835437    0.160485977
   53.658773307   -0.147547841    0.164151153
   53.687119199   -0.158583879    0.167781706
   53.715465091   -0.168669935    0.171376193
   53.743810983   -0.177542706    0.174933571
   53.772156874   -0.184972448    0.178453420
   53.800502766   -0.190787278    0.181936091
   53.828848658   -0.194890704    0.185382721
   53.857194550   -0.197266000    0.188795089
   53.885540442   -0.197964730    0.192175351
   53.913886334   -0.197081538    0.195525692
   53.942232226   -0.194721860    0.198847980
   53.970578117   -0.190971868    0.202143508
   53.998924009   -0.185879936    0.205412871
   54.027269901   -0.179455928    0.208656007
   54.055615793   -0.171689462    0.211872374
   54.083961685   -0.162582462    0.215061216
   54.112307577   -0.152186440    0.218221822
   54.140653469   -0.140632699    0.221353714
   54.168999361   -0.128144746    0.224456696
   54.197345252   -0.115026615    0.227530755
   54.225691144   -0.101627412    0.230575844
   54.254037036   -0.088289384    0.233591607
   54.282382928   -0.075292218    0.236577152
   54.310728820   -0.062808441    0.239530935
   54.339074712   -0.050882846    0.242450844
   54.367420604   -0.039443254    0.245334454
   54.395766496   -0.028341810    0.248179459
   54.424112387   -0.017417680    0.250984154
   54.452458279   -0.006565599    0.253747888
   54.480804171    0.004207899    0.256471373
   54.509150063    0.014756666    0.259156765
   54.537495955    0.024805298    0.261807508
   54.565841847    0.033998173    0.264427959
   54.594187739    0.041977924    0.267022877
   54.622533630    0.048476246    0.269596895
   54.650879522    0.053396012    0.272154076
   54.679225414    0.056864826    0.274697644
   54.707571306    0.059246047    0.277229934
   54.735917198    0.061102708    0.279752531
   54.764263090    0.063120328    0.282266558
   54.792608982    0.066003776    0.284773002
   54.820954874    0.070369063    0.287272988
   54.849300765    0.076651785    0.289767941
   54.877646657    0.085049891    0.292259589
   54.905992549    0.095510619    0.294749840
   54.934338441    0.107761692    0.297240586
   54.962684333    0.121377624    0.299733504
   54.991030225    0.135865327    0.302229935
   55.019376117    0.150750443    0.304730887
   55.047722008    0.165647435    0.307237155
   55.076067900    0.180301657    0.309749525
   55.104413792    0.194598938    0.312268992
   55.132759684    0.208545784    0.314796915
   55.161105576    0.222229244    0.317335048
   55.189451468    0.235768721    0.319885427
   55.217797360    0.249271913    0.322450143
   55.246143252    0.262804123    0.325031065
   55.274489143    0.276375487    0.327629608
   55.302835035    0.289945488    0.330246637
   55.331180927    0.303439925    0.332882546
   55.359526819    0.316773180    0.335537529
   55.387872711    0.329868508    0.338211967
   55.416218603    0.342670938    0.340906831
   55.444564495    0.355150444    0.343623965
   55.472910387    0.367296284    0.346366145
   55.501256278    0.379106005    0.349136838
   55.529602170    0.390573774    0.351939690
   55.557948062    0.401682374    0.354777803
   55.586293954    0.412401630    0.357652993
   55.614639846    0.422693705    0.360565163
   55.642985738    0.432523501    0.363512000
   55.671331630    0.441870850    0.366489066
   55.699677521    0.450740703    0.369490321
   55.728023413    0.459168199    0.372508996
   55.756369305    0.467217008    0.375538645
   55.784715197    0.474971256    0.378574172
   55.813061089    0.482523027    0.381612630
   55.841406981    0.489958557    0.384653628
   55.869752873    0.497346405    0.387699280
   55.898098765    0.504730242    0.390753726
   55.926444656    0.512127586    0.393822347
   55.954790548    0.519534288    0.396910866
   55.983136440    0.526933194    0.400024520
   56.011482332    0.534304556    0.403167477
   56.039828224    0.541635562    0.406342585
   56.068174116    0.548926782    0.409551456
   56.096520008    0.556194303    0.412794808
   56.124865900    0.563467393    0.416072921
   56.153211791    0.570782614    0.419386052
   56.181557683    0.578176018    0.422734690
   56.209903575    0.585675324    0.426119566
   56.238249467    0.593293848    0.429541434
   56.266595359    0.601027393    0.433000698
   56.294941251    0.608854629    0.436496996
   56.323287143    0.616740705    0.440028876
   56.351633034    0.624643223    0.443593663
   56.379978926    0.632519287    0.447187560
   56.408324818    0.640332177    0.450805964
   56.436670710    0.648056353    0.454443911
   56.465016602    0.655679790    0.458096541
   56.493362494    0.663203199    0.461759460
   56.521708386    0.670636234    0.465428910
   56.550054278    0.677991385    0.469101730
   56.578400169    0.685276717    0.472775120
   56.606746061    0.692488904    0.476446293
   56.635091953    0.699608037    0.480112133
   56.663437845    0.706595448    0.483768946
   56.691783737    0.713395261    0.487412397
   56.720129629    0.719939698    0.491037642
   56.748475521    0.726157409    0.494639628
   56.776821412    0.731983409    0.498213499
   56.805167304    0.737368812    0.501755002
   56.833513196    0.742288483    0.505260815
   56.861859088    0.746745063    0.508728740
   56.890204980    0.750768509    0.512157742
   56.918550872    0.754411202    0.515547872
   56.946896764    0.757739552    0.518900115
   56.975242656    0.760823770    0.522216252
   57.003588547    0.763727813    0.525498767
   57.031934439    0.766501424    0.528750841
   57.060280331    0.769175664    0.531976414
   57.088626223    0.771762526    0.535180269
   57.116972115    0.774258297    0.538368089
   57.145318007    0.776649568    0.541546421
   57.173663899    0.778920248    0.544722522
   57.202009791    0.781057921    0.547904076
   57.230355682    0.783058157    0.551098832
   57.258701574    0.784926048    0.554314203
   57.287047466    0.786674968    0.557556902
   57.315393358    0.788323257    0.560832671
   57.343739250    0.789889949    0.564146133
   57.372085142    0.791390811    0.567500747
   57.400431034    0.792835685    0.570898870
   57.428776925    0.794227705    0.574341834
   57.457122817    0.795564380    0.577830025
   57.485468709    0.796840015    0.581362911
   57.513814601    0.798048671    0.584939024
   57.542160493    0.799186766    0.588555911
   57.570506385    0.800254657    0.592210103
   57.598852277    0.801256881    0.595897140
   57.627198169    0.802201146    0.599611691
   57.655544060    0.803096521    0.603347768
   57.683889952    0.803951422    0.607099013
   57.712235844    0.804772010    0.610859006
   57.740581736    0.805561390    0.614621532
   57.768927628    0.806319755    0.618380744
   57.797273520    0.807045303    0.622131213
   57.825619412    0.807735571    0.625867843
   57.853965303    0.808388738    0.629585728
   57.882311195    0.809004528    0.633279991
   57.910657087    0.809584516    0.636945699
   57.939002979    0.810131820    0.640577901
   57.967348871    0.810650388    0.644171814
   57.995694763    0.811144138    0.647723122
   58.024040655    0.811616238    0.651228335
   58.052386547    0.812068722    0.654685094
   58.080732438    0.812502491    0.658092351
   58.109078330    0.812917627    0.661450348
   58.137424222    0.813313858    0.664760378
   58.165770114    0.813690993    0.668024380
   58.194116006    0.814049199    0.671244455
   58.222461898    0.814389060    0.674422420
   58.250807790    0.814711472    0.677559522
   58.279153682    0.815017454    0.680656389
   58.307499573    0.815307999    0.683713246
   58.335845465    0.815584013    0.686730335
   58.364191357    0.815846368    0.689708453
   58.392537249    0.816096010    0.692649430
   58.420883141    0.816334037    0.695556437
   58.449229033    0.816561672    0.698433986
   58.477574925    0.816780115    0.701287588
   58.505920816    0.816990300    0.704123111
   58.534266708    0.817192659    0.706945935
   58.562612600    0.817387000    0.709760076
   58.590958492    0.817572581    0.712567445
   58.619304384    0.817748398    0.715367408
   58.647650276    0.817913624    0.718156722
   58.675996168    0.818068046    0.720929883
   58.704342060    0.818212370    0.723679798
   58.732687951    0.818348240    0.726398671
   58.761033843    0.818477935    0.729078926
   58.789379735    0.818603819    0.731714000
   58.817725627    0.818727687    0.734298903
   58.846071519    0.818850227    0.736830445
   58.874417411    0.818970797    0.739307166
   58.902763303    0.819087596    0.741729000
   58.931109194    0.819198240    0.744096802
   58.959455086    0.819300552    0.746411843
   58.987800978    0.819393348    0.748675376
   59.016146870    0.819476955    0.750888353
   59.044492762    0.819553269    0.753051314
   59.072838654    0.819625313    0.755164424
   59.101184546    0.819696407    0.757227621
   59.129530438    0.819769188    0.759240805
   59.157876329    0.819844800    0.761204015
   59.186222221    0.819922511    0.763117536
   59.214568113    0.819999905    0.764981945
   59.242914005    0.820073620    0.766798079
   59.271259897    0.820140405    0.768566972
   59.299605789    0.820198202    0.770289774
   59.327951681    0.820246874    0.771967695
   59.356297573    0.820288363    0.773601979
   59.384643464    0.820326192    0.775193918
   59.412989356    0.820364448    0.776744882
   59.441335248    0.820406548    0.778256354
   59.469681140    0.820454178    0.779729944
   59.498027032    0.820506737    0.781167369
   59.526372924    0.820561485    0.782570394
   59.554718816    0.820614370    0.783940741
   59.583064707    0.820661285    0.785279996
   59.611410599    0.820699381    0.786589512
   59.639756491    0.820728018    0.787870353
   59.668102383    0.820749043    0.789123267
   59.696448275    0.820766296    0.790348709
   59.724794167    0.820784474    0.791546901
   59.753140059    0.820807699    0.792717904
   59.781485951    0.820838232    0.793861705
   59.809831842    0.820875742    0.794978283
   59.838177734    0.820917369    0.796067653
   59.866523626    0.820958589    0.797129881
   59.894869518    0.820994602    0.798165067
   59.923215410    0.821021854    0.799173314
   59.951561302    0.821039182    0.800154683
   59.979907194    0.821048236    0.801109150
   60.008253085    0.821053026    0.802036586
   60.036598977    0.821058722    0.802936745
   60.064944869    0.821070068    0.803809284
   60.093290761    0.821089899    0.804653803
   60.121636653    0.821118235    0.805469893
   60.149982545    0.821152241    0.806257198
   60.178328437    0.821187076    0.807015466
   60.206674329    0.821217391    0.807744589
   60.235020220    0.821238994    0.808444618
   60.263366112    0.821250197    0.809115757
   60.291712004    0.821252376    0.809758329
   60.320057896    0.821249597    0.810372728
   60.348403788    0.821247384    0.810959365
   60.376749680    0.821251019    0.811518622
   60.405095572    0.821263892    0.812050828
   60.433441464    0.821286427    0.812556259
   60.461787355    0.821315914    0.813035177
   60.490133247    0.821347330    0.813487893
   60.518479139    0.821374884    0.813914846
   60.546825031    0.821393825    0.814316681
   60.575170923    0.821401943    0.814694307
   60.603516815    0.821400291    0.815048925
   60.631862707    0.821392898    0.815381997
   60.660208598    0.821385540    0.815695192
   60.688554490    0.821383959    0.815990276
   60.716900382    0.821392070    0.816269002
   60.745246274    0.821410728    0.816532989
   60.773592166    0.821437428    0.816783638
   60.801938058    0.821467067    0.817022077
   60.830283950    0.821493514    0.817249162
   60.858629842    0.821511523    0.817465508
   60.886975733    0.821518379    0.817671562
   60.915321625    0.821514775    0.817867681
   60.943667517    0.821504624    0.818054204
   60.972013409    0.821493863    0.818231507
   61.000359301    0.821488620    0.818400025
   61.028705193    0.821493299    0.818560247
   61.057051085    0.821509196    0.818712689
   61.085396976    0.821534070    0.818857855
   61.113742868    0.821562824    0.818996205
   61.142088760    0.821589074    0.819128133
   61.170434652    0.821607141    0.819253961
   61.198780544    0.821613828    0.819373952
   61.227126436    0.821609440    0.819488337
   61.255472328    0.821597710    0.819597336
   61.283818220    0.821584657    0.819701184
   61.312164111    0.821576724    0.819800133
   61.340510003    0.821578762    0.819894455
   61.368855895    0.821592514    0.819984423
   61.397201787    0.821616049    0.820070299
   61.425547679    0.821644348    0.820152316
   61.453893571    0.821670855    0.820230670
   61.482239463    0.821689516    0.820305527
   61.510585355    0.821696676    0.820377026
   61.538931246    0.821692234    0.820445303
   61.567277138    0.821679690    0.820510494
   61.595623030    0.821665076    0.820572753
   61.623968922    0.821655079    0.820632242
   61.652314814    0.821654961    0.820689130
   61.680660706    0.821666907    0.820743577
   61.709006598    0.821689332    0.820795722
   61.737352489    0.821717358    0.820845681
   61.765698381    0.821744326    0.820893539
   61.794044273    0.821763867    0.820939369
   61.822390165    0.821771891    0.820983236
   61.850736057    0.821767879    0.821025211
   61.879081949    0.821755053    0.821065385
   61.907427841    0.821739388    0.821103865
   61.935773733    0.821727760    0.821140768
   61.964119624    0.821725796    0.821176212
   61.992465516    0.821736120    0.821210298
   62.020811408    0.821757519    0.821243102
   62.049157300    0.821785315    0.821274674
   62.077503192    0.821812806    0.821305037
   62.105849084    0.821833361    0.821334205
   62.134194976    0.821842482    0.821362197
   62.162540867    0.821839221    0.821389048
   62.190886759    0.821826483    0.821414819
   62.219232651    0.821810133    0.821439593
   62.247578543    0.821797172    0.821463465
   62.275924435    0.821793560    0.821486527
   62.304270327    0.821802347    0.821508852
   62.332616219    0.821822719    0.821530482
   62.360962111    0.821850243    0.821551428
   62.389308002    0.821878234    0.821571678
   62.417653894    0.821899846    0.821591210
   62.445999786    0.821910198    0.821610013
   62.474345678    0.821907908    0.821628100
   62.502691570    0.821895530    0.821645513
   62.531037462    0.821878766    0.821662323
   62.559383354    0.821864696    0.821678616
   62.587729246    0.821859570    0.821694471
   62.616075137    0.821866859    0.821709948
   62.644421029    0.821886166    0.821725073
   62.672766921    0.821913342    0.821739835
   62.701112813    0.821941773    0.821754200
   62.729458705    0.821964439    0.821768124
   62.757804597    0.821976102    0.821781576
   62.786150489    0.821974942    0.821794552
   62.814496380    0.821963134    0.821807087
   62.842842272    0.821946171    0.821819242
   62.871188164    0.821931165    0.821831098
   62.899534056    0.821924626    0.821842733
   62.927879948    0.821930432    0.821854200
   62.956225840    0.821948617    0.821865517
   62.984571732    0.821975356    0.821876662
   63.012917624    0.822004146    0.821887587
   63.041263515    0.822027836    0.821898235
   63.069609407    0.822040851    0.821908559
   63.097955299    0.822040933    0.821918546
   63.126301191    0.822029853    0.821928220
   63.154647083    0.822012861    0.821937641
   63.182992975    0.821997057    0.821946888
   63.211338867    0.821989179    0.821956037
   63.239684758    0.821993504    0.821965141
   63.268030650    0.822010508    0.821974216
   63.296376542    0.822036716    0.821983235
   63.324722434    0.822065777    0.821992142
   63.353068326    0.822090443    0.822000868
   63.381414218    0.822104824    0.822009359
   63.409760110    0.822106226    0.822017591
   63.438106002    0.822095999    0.822025583
   63.466451893    0.822079115    0.822033390
   63.494797785    0.822062629    0.822041093
   63.523143677    0.822053480    0.822048769
   63.551489569    0.822056327    0.822056473
   63.579835461    0.822072096    0.822064221
   63.608181353    0.822097687    0.822071985
   63.636527245    0.822126932    0.822079704
   63.664873137    0.822152518    0.822087303
   63.693219028    0.822168261    0.822094719
   63.721564920    0.822171037    0.822101922
   63.749910812    0.822161760    0.822108923
   63.778256704    0.822145100    0.822115777
   63.806602596    0.822128036    0.822122564
   63.834948488    0.822117678    0.822129363
   63.863294380    0.822119057    0.822136233
   63.891640271    0.822133550    0.822143192
   63.919986163    0.822158447    0.822150212
   63.948332055    0.822187793    0.822157231
   63.976677947    0.822214237    0.822164169
   64.005023839    0.822231323    0.822170957
   64.033369731    0.822235503    0.822177556
   64.061715623    0.822227250    0.822183976
   64.090061515    0.822210911    0.822190266
   64.118407406    0.822193360    0.822196506
   64.146753298    0.822181856    0.822202779
   64.175099190    0.822181785    0.822209147
   64.203445082    0.822194970    0.822215633
   64.231790974    0.822219107    0.822222210
   64.260136866    0.822248473    0.822228815
   64.288482758    0.822275705    0.822235366
   64.316828649    0.822294098    0.822241787
   64.345174541    0.822299694    0.822248036
   64.373520433    0.822292520    0.822254115
   64.401866325    0.822276586    0.822260071
   64.430212217    0.822258637    0.822265984
   64.458558109    0.822246056    0.822271939
   64.486904001    0.822244563    0.822278002
   64.515249893    0.822256423    0.822284200
   64.543595784    0.822279742    0.822290511
   64.571941676    0.822309048    0.822296871
   64.600287568    0.822336994    0.822303196
   64.628633460    0.822356647    0.822309406
   64.656979352    0.822363654    0.822315454
   64.685325244    0.822357600    0.822321335
   64.713671136    0.822342145    0.822327095
   64.742017028    0.822323885    0.822332811
   64.770362919    0.822310302    0.822338571
   64.798708811    0.822307426    0.822344446
   64.827054703    0.822317955    0.822350467
   64.855400595    0.822340405    0.822356615
   64.883746487    0.822369573    0.822362829
   64.912092379    0.822398149    0.822369023
   64.940438271    0.822419003    0.822375114
   64.968784162    0.822427402    0.822381049
   64.997130054    0.822422497    0.822386818
   65.025475946    0.822407590    0.822392463
   65.053821838    0.822389109    0.822398060
   65.082167730    0.822374605    0.822403699
   65.110513622    0.822370396    0.822409455
   65.138859514    0.822379596    0.822415363
   65.167205406    0.822401131    0.822421409
   65.195551297    0.822430080    0.822427535
   65.223897189    0.822459198    0.822433654
   65.252243081    0.822481181    0.822439680
   65.280588973    0.822490943    0.822445553
   65.308934865    0.822487209    0.822451261
   65.337280757    0.822472919    0.822456840
   65.365626649    0.822454309    0.822462365
   65.393972540    0.822438974    0.822467927
   65.422318432    0.822433492    0.822473604
   65.450664324    0.822441370    0.822479438
   65.479010216    0.822461948    0.822485418
   65.507356108    0.822490595    0.822491490
   65.535702000    0.822520159    0.822497566
   65.564047892    0.822543192    0.822503558
   65.592393784    0.822554280    0.822509403
   65.620739675    0.822551737    0.822515080
   65.649085567    0.822538131    0.822520623
   65.677431459    0.822519490    0.822526104
   65.705777351    0.822503420    0.822531615
   65.734123243    0.822496728    0.822537239
   65.762469135    0.822503298    0.822543020
   65.790815027    0.822522873    0.822548956
   65.819160919    0.822551133    0.822554993
   65.847506810    0.822581039    0.822561045
   65.875852702    0.822605038    0.822567022
   65.904198594    0.822617412    0.822572855
   65.932544486    0.822616076    0.822578520
   65.960890378    0.822603225    0.822584044
   65.989236270    0.822584654    0.822589499
   66.017582162    0.822567948    0.822594976
   66.045928053    0.822560114    0.822600561
   66.074273945    0.822565388    0.822606304
   66.102619837    0.822583915    0.822612207
   66.130965729    0.822611695    0.822618220
   66.159311621    0.822641840    0.822624259
   66.187657513    0.822666716    0.822630232
   66.216003405    0.822680336    0.822636064
   66.244349297    0.822680226    0.822641728
   66.272695188    0.822668203    0.822647245
   66.301041080    0.822649806    0.822652683
   66.329386972    0.822632566    0.822658136
   66.357732864    0.822623656    0.822663692
   66.386078756    0.822627646    0.822669405
   66.414424648    0.822645075    0.822675282
   66.442770540    0.822672284    0.822681277
   66.471116431    0.822702560    0.822687309
   66.499462323    0.822728227    0.822693283
   66.527808215    0.822743053    0.822699121
   66.556154107    0.822744192    0.822704790
   66.584499999    0.822733071    0.822710306
   66.612845891    0.822714952    0.822715737
   66.641191783    0.822697279    0.822721172
   66.669537675    0.822687358    0.822726704
   66.697883566    0.822690070    0.822732391
   66.726229458    0.822706350    0.822738246
   66.754575350    0.822732895    0.822744228
   66.782921242    0.822763196    0.822750255
   66.811267134    0.822789572    0.822756233
   66.839613026    0.822805570    0.822762081
   66.867958918    0.822807981    0.822767758
   66.896304810    0.822797839    0.822773279
   66.924650701    0.822780100    0.822778705
   66.952996593    0.822762090    0.822784128
   66.981342485    0.822751215    0.822789639
   67.009688377    0.822752653    0.822795305
   67.038034269    0.822767732    0.822801140
   67.066380161    0.822793521    0.822807109
   67.094726053    0.822823747    0.822813133
   67.123071944    0.822850755    0.822819116
   67.151417836    0.822867895    0.822824975
   67.179763728    0.822871606    0.822830665
   67.208109620    0.822862518    0.822836193
   67.236455512    0.822845256    0.822841618
   67.264801404    0.822826997    0.822847031
   67.293147296    0.822815221    0.822852525
   67.321493188    0.822815384    0.822858170
   67.349839079    0.822829209    0.822863987
   67.378184971    0.822854156    0.822869944
   67.406530863    0.822884215    0.822875965
   67.434876755    0.822911785    0.822881954
   67.463222647    0.822930044    0.822887824
   67.491568539    0.822935082    0.822893527
   67.519914431    0.822927117    0.822899065
   67.548260322    0.822910422    0.822904492
   67.576606214    0.822891993    0.822909897
   67.604952106    0.822879361    0.822915376
   67.633297998    0.822878246    0.822921002
   67.661643890    0.822890769    0.822926801
   67.689989782    0.822914795    0.822932745
   67.718335674    0.822944605    0.822938763
   67.746681566    0.822972676    0.822944758
   67.775027457    0.822992034    0.822950640
   67.803373349    0.822998426    0.822956357
   67.831719241    0.822991646    0.822961906
   67.860065133    0.822975596    0.822967337
   67.888411025    0.822957066    0.822972736
   67.916756917    0.822943618    0.822978202
   67.945102809    0.822941222    0.822983809
   67.973448701    0.822952400    0.822989590
   68.001794592    0.822975438    0.822995522
   68.030140484    0.823004927    0.823001536
   68.058486376    0.823033448    0.823007536
   68.086832268    0.823053887    0.823013430
   68.115178160    0.823061653    0.823019162
   68.143524052    0.823056110    0.823024723
   68.171869944    0.823040771    0.823030159
   68.200215835    0.823022201    0.823035555
   68.228561727    0.823007970    0.823041008
   68.256907619    0.823004294    0.823046598
   68.285253511    0.823014093    0.823052361
   68.313599403    0.823036088    0.823058279
   68.341945295    0.823065198    0.823064288
   68.370291187    0.823094122    0.823070292
   68.398637079    0.823115623    0.823076198
   68.426982970    0.823124777    0.823081945
   68.455328862    0.823120511    0.823087519
   68.483674754    0.823105936    0.823092962
   68.512020646    0.823087375    0.823098355
   68.540366538    0.823072395    0.823103797
   68.568712430    0.823067444    0.823109370
   68.597058322    0.823075844    0.823115115
   68.625404213    0.823096755    0.823121020
   68.653750105    0.823125436    0.823127022
   68.682095997    0.823154723    0.823133030
   68.710441889    0.823177264    0.823138948
   68.738787781    0.823187807    0.823144709
   68.767133673    0.823184843    0.823150298
   68.795479565    0.823171072    0.823155748
   68.823825457    0.823152565    0.823161141
   68.852171348    0.823136869    0.823166572
   68.880517240    0.823130660    0.823172128
   68.908863132    0.823137654    0.823177855
   68.937209024    0.823157454    0.823183745
   68.965554916    0.823185667    0.823189740
   68.993900808    0.823215276    0.823195750
   69.022246700    0.823238826    0.823201679
   69.050592592    0.823250748    0.823207457
   69.078938483    0.823249097    0.823213060
   69.107284375    0.823236159    0.823218519
   69.135630267    0.823217745    0.823223912
   69.163976159    0.823201374    0.823229334
   69.192322051    0.823193933    0.823234874
   69.220667943    0.823199529    0.823240582
   69.249013835    0.823218202    0.823246456
   69.277359726    0.823245914    0.823252444
   69.305705618    0.823275803    0.823258456
   69.334051510    0.823300322    0.823264395
   69.362397402    0.823313597    0.823270188
   69.390743294    0.823313255    0.823275806
   69.419089186    0.823301173    0.823281276
   69.447435078    0.823282892    0.823286670
   69.475780970    0.823265893    0.823292083
   69.504126861    0.823257262    0.823297607
   69.532472753    0.823261482    0.823303296
   69.560818645    0.823279024    0.823309154
   69.589164537    0.823306203    0.823315133
   69.617510429    0.823336322    0.823321146
   69.645856321    0.823361759    0.823327095
   69.674202213    0.823376346    0.823332904
   69.702548104    0.823377300    0.823338538
   69.730893996    0.823366089    0.823344019
   69.759239888    0.823347985    0.823349414
   69.787585780    0.823330417    0.823354820
   69.815931672    0.823320651    0.823360328
   69.844277564    0.823323529    0.823365998
   69.872623456    0.823339941    0.823371840
   69.900969348    0.823366556    0.823377809
   69.929315239    0.823396847    0.823383822
   69.957661131    0.823423135    0.823389781
   69.986007023    0.823438982    0.823395606
   70.014352915    0.823441208    0.823401256
   70.042698807    0.823430886    0.823406748
   70.071044699    0.823413010    0.823412146
   70.099390591    0.823394942    0.823417545
   70.127736483    0.823384111    0.823423037
   70.156082374    0.823385690    0.823428689
   70.184428266    0.823400978    0.823434513
   70.212774158    0.823426990    0.823440473
   70.241120050    0.823457384    0.823446485
   70.269465942    0.823484444    0.823452453
   70.297811834    0.823501488    0.823458293
   70.326157726    0.823504960    0.823463960
   70.354503617    0.823495544    0.823469464
   70.382849509    0.823477957    0.823474866
   70.411195401    0.823459474    0.823480258
   70.439541293    0.823447656    0.823485735
   70.467887185    0.823447986    0.823491367
   70.496233077    0.823462153    0.823497175
   70.524578969    0.823487516    0.823503123
   70.552924861    0.823517933    0.823509135
   70.581270752    0.823545675    0.823515112
   70.609616644    0.823563844    0.823520967
   70.637962536    0.823568534    0.823526650
   70.666308428    0.823560051    0.823532167
   70.694654320    0.823542825    0.823537573
   70.723000212    0.823524021    0.823542958
   70.751346104    0.823511304    0.823548421
   70.779691995    0.823510437    0.823554035
   70.808037887    0.823523480    0.823559825
   70.836383779    0.823548138    0.823565762
   70.864729671    0.823578485    0.823571772
   70.893075563    0.823606810    0.823577757
   70.921421455    0.823626032    0.823583627
   70.949767347    0.823631917    0.823589327
   70.978113239    0.823624403    0.823594856
   71.006459130    0.823607620    0.823600267
   71.034805022    0.823588599    0.823605647
   71.063150914    0.823575074    0.823611096
   71.091496806    0.823573058    0.823616691
   71.119842698    0.823584965    0.823622463
   71.148188590    0.823608852    0.823628389
   71.176534482    0.823639027    0.823634397
   71.204880374    0.823667832    0.823640390
   71.233226265    0.823688035    0.823646274
   71.261572157    0.823695101    0.823651991
   71.289918049    0.823688601    0.823657533
   71.318263941    0.823672354    0.823662948
   71.346609833    0.823653226    0.823668323
   71.374955725    0.823638982    0.823673758
   71.403301617    0.823635858    0.823679335
   71.431647508    0.823646609    0.823685090
   71.459993400    0.823669647    0.823691005
   71.488339292    0.823699542    0.823697011
   71.516685184    0.823728723    0.823703010
   71.545031076    0.823749844    0.823708909
   71.573376968    0.823758085    0.823714641
   71.601722860    0.823752657    0.823720196
   71.630068752    0.823737046    0.823725616
   71.658414643    0.823717919    0.823730986
   71.686760535    0.823703041    0.823736408
   71.715106427    0.823698839    0.823741967
   71.743452319    0.823708400    0.823747705
   71.771798211    0.823730504    0.823753609
   71.800144103    0.823760011    0.823759613
   71.828489995    0.823789471    0.823765620
   71.856835886    0.823811455    0.823771532
   71.885181778    0.823820879    0.823777280
   71.913527670    0.823816588    0.823782846
   71.941873562    0.823801714    0.823788270
   71.970219454    0.823782695    0.823793635
   71.998565346    0.823767255    0.823799044
   72.026911238    0.823761994    0.823804586
   72.055257130    0.823770323    0.823810308
   72.083603021    0.823791404    0.823816203
   72.111948913    0.823820416    0.823822206
   72.140294805    0.823850067    0.823828222
   72.168640697    0.823872874    0.823834148
   72.196986589    0.823883499    0.823839910
   72.225332481    0.823880416    0.823845485
   72.253678373    0.823866380    0.823850908
   72.282024265    0.823847564    0.823856264
   72.310370156    0.823831623    0.823861657
   72.338716048    0.823825308    0.823867182
   72.367061940    0.823832354    0.823872894
   72.395407832    0.823852323    0.823878789
   72.423753724    0.823880743    0.823884804
   72.452099616    0.823910511    0.823890839
   72.480445508    0.823934113    0.823896782
   72.508791399    0.823945967    0.823902549
   72.537137291    0.823944165    0.823908108
   72.565483183    0.823931060    0.823913492
   72.593829075    0.823912529    0.823918793
   72.622174967    0.823896133    0.823924140
   72.650520859    0.823888757    0.823929663
   72.678866751    0.823894467    0.823935467
   72.707212643    0.823913241    0.823941608
   72.735558534    0.823940985    0.823948085
   72.763904426    0.823970813    0.823954858
   72.792250318    0.823995196    0.823961867
   72.820596210    0.824008314    0.823969062
   72.848942102    0.824007862    0.823976430
   72.877287994    0.823995768    0.823984005
   72.905633886    0.823977586    0.823991862
   72.933979777    0.823960763    0.824000097
   72.962325669    0.823952312    0.824008801
   72.990671561    0.823956633    0.824018030
   73.019017453    0.823974141    0.824027788
   73.047363345    0.824001143    0.824038026
   73.075709237    0.824030990    0.824048658
   73.104055129    0.824056153    0.824059584
   73.132401021    0.824070569    0.824070724
   73.160746912    0.824071526    0.824082042
   73.189092804    0.824060506    0.824093556
   73.217438696    0.824042720    0.824105336
   73.245784588    0.824025485    0.824117478
   73.274130480    0.824015940    0.824130076
   73.302476372    0.824018827    0.824143195
   73.330822264    0.824035013    0.824156845
   73.359168156    0.824061226    0.824170985
   73.387514047    0.824091068    0.824185529
   73.415859939    0.824117017    0.824200376
   73.444205831    0.824132763    0.824215444
   73.472551723    0.824135174    0.824230690
   73.500897615    0.824125271    0.824246128
   73.529243507    0.824107908    0.824261823
   73.557589399    0.824090265    0.824277870
   73.585935290    0.824079607    0.824294366
   73.614281182    0.824081026    0.824311379
   73.642627074    0.824095856    0.824328926
   73.670972966    0.824121253    0.824346968
   73.699318858    0.824151083    0.824365424
   73.727664750    0.824177827    0.824384192
   73.756010642    0.824194925    0.824403186
   73.784356534    0.824198815    0.824422359
   73.812702425    0.824190049    0.824441720
   73.841048317    0.824173119    0.824461331
   73.869394209    0.824155064    0.824481285
   73.897740101    0.824143280    0.824501680
   73.926085993    0.824143215    0.824522588
   73.954431885    0.824156676    0.824544031
   73.982777777    0.824181252    0.824565975
   74.011123668    0.824211071    0.824588340
   74.039469560    0.824238617    0.824611027
   74.067815452    0.824257075    0.824633947
   74.096161344    0.824262449    0.824657048
   74.124507236    0.824254819    0.824680333
   74.152853128    0.824238315    0.824703861
   74.181199020    0.824219842    0.824727723
   74.209544912    0.824206930    0.824752018
   74.237890803    0.824205387    0.824776821
   74.266236695    0.824217488    0.824802159
   74.294582587    0.824241257    0.824828003
   74.322928479    0.824271074    0.824854278
   74.351274371    0.824299423    0.824880883
   74.379620263    0.824319230    0.824907728
   74.407966155    0.824326068    0.824934756
   74.436312047    0.824319551    0.824961968
   74.464657938    0.824303457    0.824989414
   74.493003830    0.824284562    0.825017185
   74.521349722    0.824270534    0.825045380
   74.549695614    0.824267539    0.825074078
   74.578041506    0.824278314    0.825103310
   74.606387398    0.824301304    0.825133054
   74.634733290    0.824331133    0.825163236
   74.663079181    0.824360276    0.825193759
   74.691425073    0.824381401    0.825224529
   74.719770965    0.824389661    0.825255486
   74.748116857    0.824384215    0.825286624
   74.776462749    0.824368503    0.825317989
   74.804808641    0.824349186    0.825349670
   74.833154533    0.824334070    0.825381765
   74.861500425    0.824329672    0.825414358
   74.889846316    0.824339177    0.825447484
   74.918192208    0.824361431    0.825481125
   74.946538100    0.824391288    0.825515215
   74.974883992    0.824421206    0.825549655
   75.003229884    0.824443601    0.825584350
   75.031575776    0.824453217    0.825619236
   75.059921668    0.824448780    0.825654301
   75.088267559    0.824433415    0.825689587
   75.116613451    0.824413676    0.825725178
   75.144959343    0.824397512    0.825761174
   75.173305235    0.824391780    0.825797660
   75.201651127    0.824400091    0.825834679
   75.229997019    0.824421671    0.825872218
   75.258342911    0.824451581    0.825910214
   75.286688803    0.824482256    0.825948571
   75.315034694    0.824505860    0.825987192
   75.343380586    0.824516745    0.826026009
   75.371726478    0.824513232    0.826065002
   75.400072370    0.824498151    0.826104208
   75.428418262    0.824477974    0.826143710
   75.456764154    0.824460799    0.826183606
   75.485110046    0.824453814    0.826223986
   75.513455938    0.824461039    0.826264897
   75.541801829    0.824482048    0.826306332
   75.570147721    0.824512082    0.826348234
   75.598493613    0.824543525    0.826390508
   75.626839505    0.824568283    0.826433056
   75.655185397    0.824580324    0.826475803
   75.683531289    0.824577587    0.826518725
   75.711877181    0.824562647    0.826561852
   75.740223072    0.824541935    0.826605264
   75.768568964    0.824523732    0.826649060
   75.796914856    0.824515580    0.826693332
   75.825260748    0.824521900    0.826738134
   75.853606640    0.824542581    0.826783467
   75.881952532    0.824572982    0.826829275
   75.910298424    0.824605362    0.826875467
   75.938644316    0.824631295    0.826921942
   75.966990207    0.824644318    0.826968621
   75.995336099    0.824641988    0.827015472
   76.023681991    0.824626692    0.827062520
   76.052027883    0.824604948    0.827109841
   76.080373775    0.824585400    0.827157535
   76.108719667    0.824576114    0.827205698
   76.137065559    0.824582030    0.827254390
   76.165411450    0.824603345    0.827303620
   76.193757342    0.824635363    0.827353336
   76.222103234    0.824669863    0.827403449
   76.250449126    0.824697595    0.827453854
   76.278795018    0.824711146    0.827504466
   76.307140910    0.824707319    0.827555246
   76.335486802    0.824688295    0.827606213
   76.363832694    0.824661227    0.827657439
   76.392178585    0.824636393    0.827709026
   76.420524477    0.824624460    0.827761076
   76.448870369    0.824633675    0.827813658
   76.477216261    0.824667819    0.827866786
   76.505562153    0.824725502    0.827920416
   76.533908045    0.824800971    0.827974458
   76.562253937    0.824886135    0.828028802
   76.590599829    0.824973145    0.828083353
   76.618945720    0.825056720    0.828138062
   76.647291612    0.825135507    0.828192939
   76.675637504    0.825212087    0.828248053
   76.703983396    0.825291673    0.828303512
   76.732329288    0.825379964    0.828359430
   76.760675180    0.825480878    0.828415895
   76.789021072    0.825594912    0.828472936
   76.817366963    0.825718677    0.828530520
   76.845712855    0.825845747    0.828588553
   76.874058747    0.825968558    0.828646905
   76.902404639    0.826080747    0.828705444
   76.930750531    0.826179158    0.828764062
   76.959096423    0.826264875    0.828822703
   76.987442315    0.826342927    0.828881360
   77.015788207    0.826420756    0.828940071
   77.044134098    0.826505900    0.828998889
   77.072479990    0.826603642    0.829057857
   77.100825882    0.826715344    0.829116986
   77.129171774    0.826838011    0.829176243
   77.157517666    0.826965217    0.829235556
   77.185863558    0.827089105    0.829294836
   77.214209450    0.827202850    0.829354004
   77.242555341    0.827302791    0.829413012
   77.270901233    0.827389585    0.829471862
   77.299247125    0.827468003    0.829530607
   77.327593017    0.827545436    0.829589331
   77.355938909    0.827629585    0.829648127
   77.384284801    0.827726051    0.829707067
   77.412630693    0.827836579    0.829766177
   77.440976585    0.827958516    0.829825432
   77.469322476    0.828085639    0.829884759
   77.497668368    0.828210110    0.829944064
   77.526014260    0.828324919    0.830003256
   77.554360152    0.828426086    0.830062283
   77.582706044    0.828513895    0.830121139
   77.611051936    0.828592810    0.830179877
   77.639397828    0.828670067    0.830238583
   77.667743720    0.828753417    0.830297356
   77.696089611    0.828848698    0.830356274
   77.724435503    0.828958017    0.830415369
   77.752781395    0.829079092    0.830474620
   77.781127287    0.829205972    0.830533954
   77.809473179    0.829330900    0.830593274
   77.837819071    0.829446736    0.830652486
   77.866164963    0.829549186    0.830711529
   77.894510854    0.829638140    0.830770394
   77.922856746    0.829717698    0.830829130
   77.951202638    0.829794890    0.830887824
   77.979548530    0.829877473    0.830946578
   78.007894422    0.829971517    0.831005476
   78.036240314    0.830079507    0.831064557
   78.064586206    0.830199580    0.831123801
   78.092932098    0.830326106    0.831183138
   78.121277989    0.830451448    0.831242470
   78.149623881    0.830568349    0.831301698
   78.177969773    0.830672187    0.831360756
   78.206315665    0.830762417    0.831419631
   78.234661557    0.830842733    0.831478367
   78.263007449    0.830919915    0.831537052
   78.291353341    0.831001712    0.831595790
   78.319699232    0.831094430    0.831654670
   78.348045124    0.831200970    0.831713736
   78.376391016    0.831319928    0.831772972
   78.404736908    0.831446032    0.831832311
   78.433082800    0.831571793    0.831891652
   78.461428692    0.831689828    0.831950895
   78.489774584    0.831795165    0.832009967
   78.518120476    0.831886783    0.832068852
   78.546466367    0.831967930    0.832127589
   78.574812259    0.832045113    0.832186267
   78.603158151    0.832126069    0.832244992
   78.631504043    0.832217363    0.832303855
   78.659849935    0.832322345    0.832362905
   78.688195827    0.832440107    0.832422132
   78.716541719    0.832565767    0.832481471
   78.744887611    0.832691987    0.832540821
   78.773233502    0.832811246    0.832600076
   78.801579394    0.832918187    0.832659162
   78.829925286    0.833011277    0.832718056
   78.858271178    0.833093289    0.832776797
   78.886617070    0.833170442    0.832835469
   78.914962962    0.833250475    0.832894181
   78.943308854    0.833340240    0.832953029
   78.971654745    0.833443574    0.833012064
   79.000000637    0.833560099    0.833071283
   79.028346529    0.833685338    0.833130620
   79.056692421    0.833812094    0.833189975
   79.085038313    0.833932684    0.833249242
   79.113384205    0.834041326    0.833308341
   79.141730097    0.834135939    0.833367245
   79.170075989    0.834218801    0.833425989
   79.198421880    0.834295849    0.833484658
   79.226767772    0.834374847    0.833543359
   79.255113664    0.834462974    0.833602192
   79.283459556    0.834564593    0.833661213
   79.311805448    0.834679885    0.833720421
   79.340151340    0.834804776    0.833779756
   79.368497232    0.834932191    0.833839116
   79.396843123    0.835054241    0.833898394
   79.425189015    0.835164673    0.833957505
   79.453534907    0.835260826    0.834016419
   79.481880799    0.835344469    0.834075167
   79.510226691    0.835421277    0.834133832
   79.538572583    0.835499081    0.834192523
   79.566918475    0.835585443    0.834251342
   79.595264367    0.835685300    0.834310350
   79.623610258    0.835799412    0.834369549
   79.651956150    0.835924102    0.834428881
   79.680302042    0.836052372    0.834488246
   79.708647934    0.836176064    0.834547532
   79.736993826    0.836288391    0.834606654
   79.765339718    0.836386064    0.834665576
   79.793685610    0.836470339    0.834724327
   79.822031502    0.836546664    0.834782988
   79.850377393    0.836623011    0.834841670
   79.878723285    0.836707412    0.834900477
   79.907069177    0.836805453    0.834959475
   79.935415069    0.836918513    0.835018668
   79.963760961    0.837043292    0.835078001
   79.992106853    0.837172795    0.835137371
   80.020452745    0.837298478    0.835196665
   80.048798636    0.837412895    0.835255793
   80.077144528    0.837512036    0.835314714
   80.105490420    0.837596622    0.835373456
   80.133836312    0.837671932    0.835432103
   80.162182204    0.837746223    0.835490773
   80.190528096    0.837828189    0.835549577
   80.218873988    0.837924259    0.835608589
   80.247219880    0.838036553    0.835667815
   80.275565771    0.838162151    0.835727192
   80.303911663    0.838293913    0.835786600
   80.332257555    0.838422620    0.835845888
   80.360603447    0.838539803    0.835904918
   80.388949339    0.838640387    0.835963593
   80.417295231    0.838724351    0.836021876
   80.445641123    0.838796857    0.836079790
   80.473987014    0.838866815    0.836137399
   80.502332906    0.838944256    0.836194777
   80.530678798    0.839037314    0.836251977
   80.559024690    0.839149690    0.836309006
   80.587370582    0.839279369    0.836365818
   80.615716474    0.839418956    0.836422326
   80.644062366    0.839557539    0.836478425
   80.672408258    0.839683527    0.836534026
   80.700754149    0.839787627    0.836589084
   80.729100041    0.839865096    0.836643610
   80.757445933    0.839916642    0.836697670
   80.785791825    0.839947761    0.836751366
   80.814137717    0.839966766    0.836804800
   80.842483609    0.839982158    0.836858048
   80.870829501    0.840000156    0.836911131
   80.899175393    0.840023140    0.836964010
   80.927521284    0.840049432    0.837016602
   80.955867176    0.840074433    0.837068798
   80.984213068    0.840092669    0.837120505
   81.012558960    0.840100062    0.837171669
   81.040904852    0.840095650    0.837222298
   81.069250744    0.840082192    0.837272451
   81.097596636    0.840065471    0.837322229
   81.125942527    0.840052522    0.837371737
   81.154288419    0.840049377    0.837421053
   81.182634311    0.840059080    0.837470205
   81.210980203    0.840080626    0.837519160
   81.239326095    0.840109194    0.837567836
   81.267671987    0.840137625    0.837616126
   81.296017879    0.840158675    0.837663934
   81.324363771    0.840167333    0.837711202
   81.352709662    0.840162459    0.837757931
   81.381055554    0.840147203    0.837804177
   81.409401446    0.840128058    0.837850039
   81.437747338    0.840112838    0.837895621
   81.466093230    0.840108203    0.837941006
   81.494439122    0.840117531    0.837986227
   81.522785014    0.840139808    0.838031256
   81.551130905    0.840169908    0.838076016
   81.579476797    0.840200174    0.838120399
   81.607822689    0.840222827    0.838164308
   81.636168581    0.840232428    0.838207680
   81.664514473    0.840227623    0.838250509
   81.692860365    0.840211603    0.838292849
   81.721206257    0.840191131    0.838334794
   81.749552149    0.840174426    0.838376450
   81.777898040    0.840168576    0.838417904
   81.806243932    0.840177286    0.838459193
   81.834589824    0.840199687    0.838500296
   81.862935716    0.840230575    0.838541137
   81.891281608    0.840262040    0.838581613
   81.919627500    0.840285940    0.838621622
   81.947973392    0.840296479    0.838661098
   81.976319284    0.840292046    0.838700028
   82.004665175    0.840275750    0.838738461
   82.033011067    0.840254456    0.838776489
   82.061356959    0.840236642    0.838814219
   82.089702851    0.840229723    0.838851740
   82.118048743    0.840237710    0.838889096
   82.146394635    0.840259928    0.838926270
   82.174740527    0.840291213    0.838963193
   82.203086418    0.840323518    0.838999761
   82.231432310    0.840348448    0.839035870
   82.259778202    0.840359902    0.839071448
   82.288124094    0.840356010    0.839106479
   82.316469986    0.840339731    0.839141005
   82.344815878    0.840317940    0.839175115
   82.373161770    0.840299266    0.839208917
   82.401507662    0.840291382    0.839242504
   82.429853553    0.840298580    0.839275925
   82.458199445    0.840320410    0.839309170
   82.486545337    0.840351813    0.839342173
   82.514891229    0.840384700    0.839374831
   82.543237121    0.840410501    0.839407038
   82.571583013    0.840422858    0.839438718
   82.599928905    0.840419637    0.839469848
   82.628274796    0.840403603    0.839500465
   82.656620688    0.840381561    0.839530655
   82.684966580    0.840362219    0.839560527
   82.713312472    0.840353444    0.839590178
   82.741658364    0.840359790    0.839619662
   82.770004256    0.840381058    0.839648976
   82.798350148    0.840412350    0.839678056
   82.826696040    0.840445614    0.839706802
   82.855041931    0.840472167    0.839735106
   82.883387823    0.840485430    0.839762885
   82.911733715    0.840483001    0.839790111
   82.940079607    0.840467410    0.839816816
   82.968425499    0.840445327    0.839843082
   82.996771391    0.840425466    0.839869021
   83.025117283    0.840415846    0.839894731
   83.053463175    0.840421269    0.839920275
   83.081809066    0.840441812    0.839945654
   83.110154958    0.840472797    0.839970809
   83.138500850    0.840506268    0.839995639
   83.166846742    0.840533486    0.840020035
   83.195192634    0.840547679    0.840043908
   83.223538526    0.840546164    0.840067225
   83.251884418    0.840531194    0.840090011
   83.280230309    0.840509245    0.840112348
   83.308576201    0.840488981    0.840134346
   83.336922093    0.840478536    0.840156111
   83.365267985    0.840482955    0.840177709
   83.393613877    0.840502620    0.840199146
   83.421959769    0.840533125    0.840220369
   83.450305661    0.840566668    0.840241278
   83.478651553    0.840594497    0.840261758
   83.506997444    0.840609659    0.840281717
   83.535343336    0.840609180    0.840301114
   83.563689228    0.840594991    0.840319971
   83.592035120    0.840573321    0.840338368
   83.620381012    0.840552739    0.840356415
   83.648726904    0.840541465    0.840374223
   83.677072796    0.840544794    0.840391864
   83.705418687    0.840563441    0.840409350
   83.733764579    0.840593320    0.840426631
   83.762110471    0.840626829    0.840443606
   83.790456363    0.840655239    0.840460157
   83.818802255    0.840671424    0.840476187
   83.847148147    0.840672095    0.840491648
   83.875494039    0.840658825    0.840506557
   83.903839931    0.840637549    0.840520993
   83.932185822    0.840616702    0.840535069
   83.960531714    0.840604577    0.840548899
   83.988877606    0.840606728    0.840562565
   84.017223498    0.840624234    0.840576082
   84.045569390    0.840653368    0.840589402
   84.073915282    0.840686771    0.840602424
   84.102261174    0.840715754    0.840615026
   84.130607066    0.840733020    0.840627101
   84.158952957    0.840734944    0.840638595
   84.187298849    0.840722704    0.840649520
   84.215644741    0.840701906    0.840659956
   84.243990633    0.840680824    0.840670020
   84.272336525    0.840667817    0.840679835
   84.300682417    0.840668707    0.840689490
   84.329028309    0.840684970    0.840699011
   84.357374200    0.840713273    0.840708349
   84.385720092    0.840746523    0.840717398
   84.414065984    0.840776087    0.840726023
   84.442411876    0.840794491    0.840734103
   84.470757768    0.840797754    0.840741565
   84.499103660    0.840786628    0.840748415
   84.527449552    0.840766361    0.840754733
   84.555795444    0.840745054    0.840760658
   84.584141335    0.840731126    0.840766349
   84.612487227    0.840730687    0.840771950
   84.640833119    0.840745631    0.840777553
   84.669179011    0.840773044    0.840783183
   84.697524903    0.840806119    0.840788805
   84.725870795    0.840836282    0.840794343
   84.754216687    0.840855873    0.840799719
   84.782562578    0.840860536    0.840804886
   84.810908470    0.840850576    0.840809847
   84.839254362    0.840830867    0.840814659
   84.867600254    0.840809326    0.840819420
   84.895946146    0.840794443    0.840824236
   84.924292038    0.840792624    0.840829190
   84.952637930    0.840806201    0.840834308
   84.980983822    0.840832692    0.840839560
   85.009329713    0.840865586    0.840844857
