    0.000000000    0.652097867    0.532375175
    0.028345892    0.649692413    0.528999789
    0.056691784    0.647441815    0.525639265
    0.085037676    0.645226793    0.522305059
    0.113383567    0.642876353    0.519006868
    0.141729459    0.640219962    0.515751952
    0.170075351    0.637142392    0.512545154
    0.198421243    0.633623439    0.509389689
    0.226767135    0.629748724    0.506288511
    0.255113027    0.625686297    0.503245894
    0.283458919    0.621634655    0.500268707
    0.311804811    0.617757337    0.497366939
    0.340150702    0.614124637    0.494553109
    0.368496594    0.610681965    0.491840531
    0.396842486    0.607257040    0.489240655
    0.425188378    0.603606345    0.486759992
    0.453534270    0.599488557    0.484397290
    0.481880162    0.594742983    0.482141652
    0.510226054    0.589347740    0.479972092
    0.538571946    0.583436947    0.477858774
    0.566917837    0.577267730    0.475765802
    0.595263729    0.571143250    0.473655088
    0.623609621    0.565312687    0.471490615
    0.651955513    0.559878442    0.469242288
    0.680301405    0.554741444    0.466888704
    0.708647297    0.549606377    0.464418382
    0.736993189    0.544051910    0.461829362
    0.765339080    0.537651077    0.459127391
    0.793684972    0.530109571    0.456323218
    0.822030864    0.521380471    0.453429652
    0.850376756    0.511716162    0.450458992
    0.878722648    0.501632421    0.447421333
    0.907068540    0.491782592    0.444323943
    0.935414432    0.482765637    0.441171651
    0.963760324    0.474913401    0.437967968
    0.992106215    0.468113280    0.434716479
    1.020452107    0.461718785    0.431422087
    1.048797999    0.454582234    0.428091758
    1.077143891    0.445215005    0.424734614
    1.105489783    0.432048587    0.421361402
    1.133835675    0.413742499    0.417983579
    1.162181567    0.389470299    0.414612294
    1.190527458    0.359116993    0.411257580
    1.218873350    0.323339939    0.407927968
    1.247219242    0.283476652    0.404630607
    1.275565134    0.241318848    0.401371805
    1.303911026    0.198803524    0.398157797
    1.332256918    0.157690818    0.394995519
    1.360602810    0.119300065    0.391893130
    1.388948702    0.084359472    0.388860177
    1.417294593    0.052995630    0.385907352
    1.445640485    0.024854272    0.383045945
    1.473986377   -0.000687580    0.380287163
    1.502332269   -0.024277749    0.377641504
    1.530678161   -0.046376659    0.375118357
    1.559024053   -0.067127226    0.372725917
    1.587369945   -0.086332202    0.370471412
    1.615715837   -0.103534008    0.368361552
    1.644061728   -0.118164999    0.366403068
    1.672407620   -0.129719468    0.364603191
    1.700753512   -0.137896296    0.362969949
    1.729099404   -0.142673128    0.361512230
    1.757445296   -0.144294941    0.360239604
    1.785791188   -0.143185415    0.359161959
    1.814137080   -0.139811130    0.358289014
    1.842482971   -0.134540398    0.357629769
    1.870828863   -0.127537769    0.357191908
    1.899174755   -0.118722690    0.356981171
    1.927520647   -0.107800812    0.357000640
    1.955866539   -0.094355054    0.357249935
    1.984212431   -0.077967181    0.357724320
    2.012558323   -0.058333614    0.358413787
    2.040904215   -0.035343141    0.359302242
    2.069250106   -0.009097272    0.360366954
    2.097595998    0.020128267    0.361578435
    2.125941890    0.051965379    0.362900905
    2.154287782    0.086052186    0.364293381
    2.182633674    0.122119386    0.365711356
    2.210979566    0.160041930    0.367108921
    2.239325458    0.199846240    0.368441092
    2.267671349    0.241677605    0.369666061
    2.296017241    0.285743661    0.370747101
    2.324363133    0.332254557    0.371653916
    2.352709025    0.381377249    0.372363326
    2.381054917    0.433211962    0.372859280
    2.409400809    0.487786827    0.373132302
    2.437746701    0.545056678    0.373178542
    2.466092593    0.604887910    0.372998627
    2.494438484    0.667015122    0.372596505
    2.522784376    0.730966256    0.371978422
    2.551130268    0.795967755    0.371152092
    2.579476160    0.860854961    0.370126097
    2.607822052    0.924020637    0.368909469
    2.636167944    0.983432675    0.367511404
    2.664513836    1.036740070    0.365941074
    2.692859728    1.081466581    0.364207484
    2.721205619    1.115269069    0.362319401
    2.749551511    1.136218530    0.360285334
    2.777897403    1.143051795    0.358113605
    2.806243295    1.135344079    0.355812489
    2.834589187    1.113567055    0.353390419
    2.862935079    1.079020473    0.350856190
    2.891280971    1.033651780    0.348219128
    2.919626862    0.979800940    0.345489139
    2.947972754    0.919921083    0.342676645
    2.976318646    0.856326500    0.339792382
    3.004664538    0.791008315    0.336847114
    3.033010430    0.725538389    0.333851341
    3.061356322    0.661059449    0.330815073
    3.089702214    0.598340230    0.327747742
    3.118048106    0.537863611    0.324658277
    3.146393997    0.479915234    0.321555319
    3.174739889    0.424649154    0.318447534
    3.203085781    0.372121670    0.315343905
    3.231431673    0.322299512    0.312253930
    3.259777565    0.275058928    0.309187655
    3.288123457    0.230194697    0.306155522
    3.316469349    0.187452345    0.303168075
    3.344815240    0.146585175    0.300235611
    3.373161132    0.107424745    0.297367885
    3.401507024    0.069943882    0.294573960
    3.429852916    0.034289223    0.291862274
    3.458198808    0.000766735    0.289240895
    3.486544700   -0.030222803    0.286717883
    3.514890592   -0.058285101    0.284301624
    3.543236484   -0.083143442    0.282000978
    3.571582375   -0.104726371    0.279825099
    3.599928267   -0.123202787    0.277782887
    3.628274159   -0.138949050    0.275882077
    3.656620051   -0.152452565    0.274128139
    3.684965943   -0.164176418    0.272523173
    3.713311835   -0.174423608    0.271065076
    3.741657727   -0.183242356    0.269747180
    3.770003619   -0.190404286    0.268558530
    3.798349510   -0.195466971    0.267484788
    3.826695402   -0.197907055    0.266509662
    3.855041294   -0.197287410    0.265616613
    3.883387186   -0.193408577    0.264790529
    3.911733078   -0.186396000    0.264019069
    3.940078970   -0.176690753    0.263293437
    3.968424862   -0.164938804    0.262608475
    3.996770753   -0.151804958    0.261962116
    4.025116645   -0.137763332    0.261354368
    4.053462537   -0.122928632    0.260786110
    4.081808429   -0.106986843    0.260257980
    4.110154321   -0.089260635    0.259769619
    4.138500213   -0.068909195    0.259319399
    4.166846105   -0.045223573    0.258904635
    4.195191997   -0.017947617    0.258522160
    4.223537888    0.012459700    0.258169039
    4.251883780    0.044697354    0.257843161
    4.280229672    0.076679289    0.257543524
    4.308575564    0.105781135    0.257270093
    4.336921456    0.129235748    0.257023286
    4.365267348    0.144598182    0.256803217
    4.393613240    0.150180412    0.256608954
    4.421959131    0.145359795    0.256438022
    4.450305023    0.130692334    0.256286339
    4.478650915    0.107805783    0.256148641
    4.506996807    0.079097608    0.256019318
    4.535342699    0.047306422    0.255893445
    4.563688591    0.015051946    0.255767722
    4.592034483   -0.015558258    0.255641043
    4.620380375   -0.043177282    0.255514497
    4.648726266   -0.067282548    0.255390772
    4.677072158   -0.088060028    0.255273069
    4.705418050   -0.106155728    0.255163841
    4.733763942   -0.122368258    0.255063691
    4.762109834   -0.137363196    0.254970804
    4.790455726   -0.151476185    0.254881156
    4.818801618   -0.164642217    0.254789547
    4.847147510   -0.176452039    0.254691314
    4.875493401   -0.186303250    0.254584365
    4.903839293   -0.193591878    0.254471076
    4.932185185   -0.197885047    0.254359554
    4.960531077   -0.199026753    0.254263932
    4.988876969   -0.197152393    0.254203500
    5.017222861   -0.192616006    0.254200784
    5.045568753   -0.185858936    0.254278905
    5.073914644   -0.177263214    0.254458700
    5.102260536   -0.167033901    0.254756189
    5.130606428   -0.155142860    0.255180856
    5.158952320   -0.141346083    0.255735057
    5.187298212   -0.125264397    0.256414609
    5.215644104   -0.106499590    0.257210359
    5.243989996   -0.084749695    0.258110331
    5.272335888   -0.059889953    0.259101941
    5.300681779   -0.031998374    0.260173812
    5.329027671   -0.001322414    0.261316824
    5.357373563    0.031799349    0.262524273
    5.385719455    0.067034776    0.263791222
    5.414065347    0.104145721    0.265113327
    5.442411239    0.143041756    0.266485520
    5.470757131    0.183788166    0.267900948
    5.499103022    0.226570551    0.269350440
    5.527448914    0.271630367    0.270822639
    5.555794806    0.319191927    0.272304713
    5.584140698    0.369400345    0.273783432
    5.612486590    0.422282497    0.275246283
    5.640832482    0.477732482    0.276682320
    5.669178374    0.535513067    0.278082510
    5.697524266    0.595258864    0.279439515
    5.725870157    0.656467616    0.280746970
    5.754216049    0.718472595    0.281998499
    5.782561941    0.780399705    0.283186715
    5.810907833    0.841123518    0.284302520
    5.839253725    0.899243366    0.285334854
    5.867599617    0.953101011    0.286270985
    5.895945509    1.000854358    0.287097239
    5.924291401    1.040608854    0.287799974
    5.952637292    1.070592913    0.288366560
    5.980983184    1.089350314    0.288786102
    6.009329076    1.095915017    0.289049740
    6.037674968    1.089934543    0.289150469
    6.066020860    1.071717216    0.289082522
    6.094366752    1.042193792    0.288840492
    6.122712644    1.002801595    0.288418389
    6.151058535    0.955314493    0.287808859
    6.179404427    0.901651384    0.287002727
    6.207750319    0.843697005    0.285988983
    6.236096211    0.783162216    0.284755208
    6.264442103    0.721498710    0.283288392
    6.292787995    0.659868967    0.281576053
    6.321133887    0.599160237    0.279607521
    6.349479779    0.540024263    0.277375273
    6.377825670    0.482923748    0.274876218
    6.406171562    0.428171432    0.272112841
    6.434517454    0.375955844    0.269094130
    6.462863346    0.326356151    0.265836196
    6.491209238    0.279354169    0.262362524
    6.519555130    0.234852813    0.258703772
    6.547901022    0.192706894    0.254897078
    6.576246913    0.152765840    0.250984852
    6.604592805    0.114921024    0.247013127
    6.632938697    0.079145819    0.243029561
    6.661284589    0.045516022    0.239081279
    6.689630481    0.014202486    0.235212750
    6.717976373   -0.014564561    0.231463906
    6.746322265   -0.040551250    0.227868675
    6.774668157   -0.063580746    0.224454030
    6.803014048   -0.083581099    0.221239595
    6.831359940   -0.100605298    0.218237749
    6.859705832   -0.114816235    0.215454159
    6.888051724   -0.126439591    0.212888602
    6.916397616   -0.135697618    0.210535984
    6.944743508   -0.142743121    0.208387452
    6.973089400   -0.147613655    0.206431549
    7.001435292   -0.150220451    0.204655367
    7.029781183   -0.150376450    0.203045662
    7.058127075   -0.147855907    0.201589884
    7.086472967   -0.142468017    0.200277038
    7.114818859   -0.134121978    0.199098296
    7.143164751   -0.122862733    0.198047254
    7.171510643   -0.108864920    0.197119797
    7.199856535   -0.092385140    0.196313569
    7.228202426   -0.073685919    0.195627127
    7.256548318   -0.052954605    0.195058963
    7.284894210   -0.030243910    0.194606593
    7.313240102   -0.005456390    0.194265926
    7.341585994    0.021616159    0.194031085
    7.369931886    0.051202774    0.193894719
    7.398277778    0.083432357    0.193848750
    7.426623670    0.118211804    0.193885350
    7.454969561    0.155136337    0.193997892
    7.483315453    0.193459308    0.194181595
    7.511661345    0.232135386    0.194433648
    7.540007237    0.269933495    0.194752740
    7.568353129    0.305598680    0.195138083
    7.596699021    0.338029704    0.195588135
    7.625044913    0.366434856    0.196099358
    7.653390804    0.390433256    0.196665320
    7.681736696    0.410081612    0.197276390
    7.710082588    0.425823566    0.197920087
    7.738428480    0.438376093    0.198581999
    7.766774372    0.448580538    0.199246988
    7.795120264    0.457251791    0.199900318
    7.823466156    0.465056643    0.200528380
    7.851812048    0.472442700    0.201118751
    7.880157939    0.479625306    0.201659578
    7.908503831    0.486625482    0.202138467
    7.936849723    0.493340710    0.202541248
    7.965195615    0.499625022    0.202851091
    7.993541507    0.505356086    0.203048408
    8.021887399    0.510473937    0.203111817
    8.050233291    0.514986110    0.203020184
    8.078579183    0.518944216    0.202755476
    8.106925074    0.522404629    0.202305917
    8.135270966    0.525388966    0.201668780
    8.163616858    0.527858263    0.200852187
    8.191962750    0.529709011    0.199875441
    8.220308642    0.530791660    0.198767698
    8.248654534    0.530945223    0.197565139
    8.277000426    0.530037101    0.196307114
    8.305346317    0.527996427    0.195031943
    8.333692209    0.524831861    0.193773114
    8.362038101    0.520629899    0.192556535
    8.390383993    0.515535527    0.191399237
    8.418729885    0.509721796    0.190309619
    8.447075777    0.503357278    0.189289001
    8.475421669    0.496579934    0.188334011
    8.503767561    0.489483129    0.187439211
    8.532113452    0.482115409    0.186599376
    8.560459344    0.474491635    0.185811020
    8.588805236    0.466610300    0.185072963
    8.617151128    0.458471024    0.184386014
    8.645497020    0.450087313    0.183752011
    8.673842912    0.441492025    0.183172601
    8.702188804    0.432735794    0.182648138
    8.730534695    0.423880724    0.182176966
    8.758880587    0.414992685    0.181755224
    8.787226479    0.406135033    0.181377147
    8.815572371    0.397365279    0.181035667
    8.843918263    0.388734453    0.180723118
    8.872264155    0.380287728    0.180431796
    8.900610047    0.372064425    0.180154239
    8.928955939    0.364096223    0.179883174
    8.957301830    0.356403601    0.179611198
    8.985647722    0.348991932    0.179330314
    9.013993614    0.341849352    0.179031480
    9.042339506    0.334948341    0.178704294
    9.070685398    0.328251713    0.178336883
    9.099031290    0.321721968    0.177916006
    9.127377182    0.315331297    0.177427305
    9.155723074    0.309068676    0.176855654
    9.184068965    0.302940960    0.176185520
    9.212414857    0.296966598    0.175401319
    9.240760749    0.291163143    0.174487773
    9.269106641    0.285532198    0.173430286
    9.297452533    0.280046964    0.172215364
    9.325798425    0.274647441    0.170831083
    9.354144317    0.269246371    0.169267528
    9.382490208    0.263745693    0.167517137
    9.410836100    0.258059657    0.165574824
    9.439181992    0.252137858    0.163437806
    9.467527884    0.245980589    0.161105127
    9.495873776    0.239640431    0.158576952
    9.524219668    0.233207749    0.155853792
    9.552565560    0.226782757    0.152935920
    9.580911452    0.220441485    0.149823187
    9.609257343    0.214205856    0.146515431
    9.637603235    0.208027972    0.143013531
    9.665949127    0.201795364    0.139320998
    9.694295019    0.195358048    0.135445845
    9.722640911    0.188571499    0.131402375
    9.750986803    0.181343859    0.127212492
    9.779332695    0.173673102    0.122906193
    9.807678586    0.165661230    0.118521055
    9.836024478    0.157498227    0.114100717
    9.864370370    0.149416837    0.109692537
    9.892716262    0.141628311    0.105344788
    9.921062154    0.134256179    0.101103813
    9.949408046    0.127287827    0.097011543
    9.977753938    0.120560807    0.093103702
   10.006099830    0.113792797    0.089408828
   10.034445721    0.106652735    0.085948111
   10.062791613    0.098858777    0.082735854
   10.091137505    0.090279717    0.079780342
   10.119483397    0.081012990    0.077084825
   10.147829289    0.071415791    0.074648434
   10.176175181    0.062075808    0.072466924
   10.204521073    0.053722234    0.070533229
   10.232866965    0.047092767    0.068837907
   10.261212856    0.042784275    0.067369590
   10.289558748    0.041120454    0.066115493
   10.317904640    0.042067455    0.065062029
   10.346250532    0.045218425    0.064195456
   10.374596424    0.049852402    0.063502471
   10.402942316    0.055055908    0.062970621
   10.431288208    0.059881032    0.062588443
   10.459634099    0.063505437    0.062345316
   10.487979991    0.065359710    0.062231088
   10.516325883    0.065195672    0.062235597
   10.544671775    0.063083702    0.062348263
   10.573017667    0.059344037    0.062557870
   10.601363559    0.054432281    0.062852628
   10.629709451    0.048809117    0.063220477
   10.658055343    0.042826326    0.063649534
   10.686401234    0.036655341    0.064128516
   10.714747126    0.030272475    0.064646968
   10.743093018    0.023499974    0.065195206
   10.771438910    0.016088090    0.065763962
   10.799784802    0.007813894    0.066343834
   10.828130694   -0.001430199    0.066924757
   10.856476586   -0.011580884    0.067495686
   10.884822477   -0.022394184    0.068044687
   10.913168369   -0.033481577    0.068559501
   10.941514261   -0.044380273    0.069028484
   10.969860153   -0.054637747    0.069441718
   10.998206045   -0.063888263    0.069791974
   11.026551937   -0.071902675    0.070075210
   11.054897829   -0.078601099    0.070290373
   11.083243721   -0.084028524    0.070438452
   11.111589612   -0.088303187    0.070520906
   11.139935504   -0.091553964    0.070537811
   11.168281396   -0.093864707    0.070486146
   11.196627288   -0.095240158    0.070358682
   11.224973180   -0.095601094    0.070143802
   11.253319072   -0.094807846    0.069826386
   11.281664964   -0.092703765    0.069389643
   11.310010856   -0.089165513    0.068817539
   11.338356747   -0.084146421    0.068097322
   11.366702639   -0.077702385    0.067221581
   11.395048531   -0.069995618    0.066189422
   11.423394423   -0.061278225    0.065006483
   11.451740315   -0.051862958    0.063683840
   11.480086207   -0.042091154    0.062236040
   11.508432099   -0.032307227    0.060678740
   11.536777990   -0.022845536    0.059026455
   11.565123882   -0.014030291    0.057290892
   11.593469774   -0.006184185    0.055480145
   11.621815666    0.000361866    0.053598832
   11.650161558    0.005265995    0.051649008
   11.678507450    0.008185459    0.049631518
   11.706853342    0.008800801    0.047547393
   11.735199234    0.006850310    0.045398926
   11.763545125    0.002166782    0.043190192
   11.791891017   -0.005293207    0.040926965
   11.820236909   -0.015436190    0.038616156
   11.848582801   -0.028039660    0.036265016
   11.876928693   -0.042780252    0.033880401
   11.905274585   -0.059276078    0.031468339
   11.933620477   -0.077133179    0.029034019
   11.961966368   -0.095984960    0.026582193
   11.990312260   -0.115515492    0.024117827
   12.018658152   -0.135462305    0.021646769
   12.047004044   -0.155600196    0.019176223
   12.075349936   -0.175713150    0.016714828
   12.103695828   -0.195564904    0.014272329
   12.132041720   -0.214879086    0.011858895
   12.160387612   -0.233336932    0.009484264
   12.188733503   -0.250595284    0.007156947
   12.217079395   -0.266321248    0.004883664
   12.245425287   -0.280234570    0.002669144
   12.273771179   -0.292145870    0.000516270
   12.302117071   -0.301979457   -0.001573527
   12.330462963   -0.309773336   -0.003599806
   12.358808855   -0.315655245   -0.005562770
   12.387154747   -0.319800344   -0.007463170
   12.415500638   -0.322381599   -0.009302509
   12.443846530   -0.323526349   -0.011083469
   12.472192422   -0.323291161   -0.012810424
   12.500538314   -0.321662228   -0.014489838
   12.528884206   -0.318581464   -0.016130381
   12.557230098   -0.313991057   -0.017742670
   12.585575990   -0.307883756   -0.019338634
   12.613921881   -0.300344081   -0.020930621
   12.642267773   -0.291567839   -0.022530425
   12.670613665   -0.281853133   -0.024148439
   12.698959557   -0.271564152   -0.025793103
   12.727305449   -0.261076915   -0.027470736
   12.755651341   -0.250721834   -0.029185720
   12.783997233   -0.240739424   -0.030940936
   12.812343125   -0.231262379   -0.032738285
   12.840689016   -0.222330032   -0.034579105
   12.869034908   -0.213931879   -0.036464376
   12.897380800   -0.206067913   -0.038394659
   12.925726692   -0.198807559   -0.040369820
   12.954072584   -0.192327836   -0.042388648
   12.982418476   -0.186915758   -0.044448544
   13.010764368   -0.182928858   -0.046545374
   13.039110259   -0.180719082   -0.048673596
   13.067456151   -0.180536100   -0.050826625
   13.095802043   -0.182433373   -0.052997356
   13.124147935   -0.186201931   -0.055178712
   13.152493827   -0.191352068   -0.057364058
   13.180839719   -0.197152798   -0.059547396
   13.209185611   -0.202725520   -0.061723298
   13.237531503   -0.207175066   -0.063886631
   13.265877394   -0.209731611   -0.066032194
   13.294223286   -0.209873310   -0.068154406
   13.322569178   -0.207403108   -0.070247181
   13.350915070   -0.202463165   -0.072304046
   13.379260962   -0.195484375   -0.074318497
   13.407606854   -0.187083157   -0.076284503
   13.435952746   -0.177929380   -0.078197013
   13.464298638   -0.168615154   -0.080052337
   13.492644529   -0.159552907   -0.081848270
   13.520990421   -0.150923090   -0.083583963
   13.549336313   -0.142679213   -0.085259569
   13.577682205   -0.134603953   -0.086875805
   13.606028097   -0.126398342   -0.088433579
   13.634373989   -0.117779376   -0.089933809
   13.662719881   -0.108561275   -0.091377513
   13.691065772   -0.098701784   -0.092766141
   13.719411664   -0.088305383   -0.094102033
   13.747757556   -0.077587182   -0.095388842
   13.776103448   -0.066811322   -0.096631729
   13.804449340   -0.056223369   -0.097837208
   13.832795232   -0.045996145   -0.099012607
   13.861141124   -0.036203110   -0.100165210
   13.889487016   -0.026824477   -0.101301269
   13.917832907   -0.017781506   -0.102425118
   13.946178799   -0.008986582   -0.103538616
   13.974524691   -0.000392913   -0.104641093
   14.002870583    0.007971147   -0.105729824
   14.031216475    0.015992720   -0.106800949
   14.059562367    0.023491567   -0.107850621
   14.087908259    0.030257444   -0.108876111
   14.116254150    0.036095676   -0.109876576
   14.144600042    0.040867325   -0.110853321
   14.172945934    0.044512842   -0.111809449
   14.201291826    0.047053947   -0.112749007
   14.229637718    0.048575533   -0.113675823
   14.257983610    0.049195514   -0.114592312
   14.286329502    0.049033679   -0.115498551
   14.314675394    0.048189927   -0.116391838
   14.343021285    0.046738045   -0.117266824
   14.371367177    0.044734924   -0.118116174
   14.399713069    0.042239034   -0.118931583
   14.428058961    0.039328159   -0.119704880
   14.456404853    0.036106292   -0.120428975
   14.484750745    0.032693444   -0.121098424
   14.513096637    0.029198720   -0.121709529
   14.541442529    0.025684265   -0.122260009
   14.569788420    0.022133076   -0.122748384
   14.598134312    0.018435080   -0.123173287
   14.626480204    0.014402343   -0.123532932
   14.654826096    0.009816475   -0.123824896
   14.683171988    0.004501121   -0.124046273
   14.711517880   -0.001597066   -0.124194172
   14.739863772   -0.008341307   -0.124266396
   14.768209663   -0.015373652   -0.124262112
   14.796555555   -0.022135517   -0.124182337
   14.824901447   -0.027943285   -0.124030091
   14.853247339   -0.032108094   -0.123810192
   14.881593231   -0.034075960   -0.123528765
   14.909939123   -0.033556629   -0.123192591
   14.938285015   -0.030609437   -0.122808505
   14.966630907   -0.025662664   -0.122382985
   14.994976798   -0.019457617   -0.121922039
   15.023322690   -0.012926522   -0.121431402
   15.051668582   -0.007029626   -0.120916955
   15.080014474   -0.002587422   -0.120385201
   15.108360366   -0.000145731   -0.119843630
   15.136706258    0.000096290   -0.119300820
   15.165052150   -0.001719639   -0.118766191
   15.193398041   -0.005190288   -0.118249437
   15.221743933   -0.009781766   -0.117759733
   15.250089825   -0.014977599   -0.117304905
   15.278435717   -0.020406525   -0.116890744
   15.306781609   -0.025918939   -0.116520627
   15.335127501   -0.031595217   -0.116195516
   15.363473393   -0.037687512   -0.115914328
   15.391819285   -0.044513989   -0.115674556
   15.420165176   -0.052336406   -0.115472962
   15.448511068   -0.061255220   -0.115306150
   15.476856960   -0.071150459   -0.115170855
   15.505202852   -0.081683155   -0.115063864
   15.533548744   -0.092355172   -0.114981581
   15.561894636   -0.102609353   -0.114919360
   15.590240528   -0.111941532   -0.114870783
   15.618586420   -0.119993722   -0.114827092
   15.646932311   -0.126604164   -0.114776975
   15.675278203   -0.131802835   -0.114706795
   15.703624095   -0.135756685   -0.114601294
   15.731969987   -0.138682863   -0.114444681
   15.760315879   -0.140756483   -0.114221919
   15.788661771   -0.142040057   -0.113920016
   15.817007663   -0.142454417   -0.113529099
   15.845353554   -0.141798266   -0.113043110
   15.873699446   -0.139809104   -0.112460054
   15.902045338   -0.136246391   -0.111781795
   15.930391230   -0.130971884   -0.111013503
   15.958737122   -0.124003621   -0.110162889
   15.987083014   -0.115528507   -0.109239378
   16.015428906   -0.105871135   -0.108253374
   16.043774798   -0.095429678   -0.107215702
   16.072120689   -0.084599319   -0.106137244
   16.100466581   -0.073707057   -0.105028769
   16.128812473   -0.062977813   -0.103900872
   16.157158365   -0.052541791   -0.102763961
   16.185504257   -0.042480039   -0.101628213
   16.213850149   -0.032892988   -0.100503471
   16.242196041   -0.023969095   -0.099399072
   16.270541932   -0.016029867   -0.098323637
   16.298887824   -0.009533854   -0.097284867
   16.327233716   -0.005033841   -0.096289380
   16.355579608   -0.003095134   -0.095342626
   16.383925500   -0.004194500   -0.094448883
   16.412271392   -0.008625614   -0.093611304
   16.440617284   -0.016435919   -0.092831996
   16.468963176   -0.027411820   -0.092112075
   16.497309067   -0.041116364   -0.091451690
   16.525654959   -0.056969624   -0.090850003
   16.554000851   -0.074350838   -0.090305143
   16.582346743   -0.092696092   -0.089814162
   16.610692635   -0.111567418   -0.089373038
   16.639038527   -0.130677900   -0.088976733
   16.667384419   -0.149870204   -0.088619328
   16.695730311   -0.169059124   -0.088294177
   16.724076202   -0.188158531   -0.087994086
   16.752422094   -0.207016710   -0.087711426
   16.780767986   -0.225380648   -0.087438193
   16.809113878   -0.242900410   -0.087165992
   16.837459770   -0.259172246   -0.086885998
   16.865805662   -0.273807188   -0.086588961
   16.894151554   -0.286504140   -0.086265351
   16.922497445   -0.297105057   -0.085905715
   16.950843337   -0.305615186   -0.085501282
   16.979189229   -0.312181794   -0.085044799
   17.007535121   -0.317037261   -0.084531502
   17.035881013   -0.320423129   -0.083960062
   17.064226905   -0.322517563   -0.083333343
   17.092572797   -0.323387759   -0.082658764
   17.120918689   -0.322981645   -0.081948172
   17.149264580   -0.321161544   -0.081217159
   17.177610472   -0.317770038   -0.080483910
   17.205956364   -0.312708490   -0.079767734
   17.234302256   -0.306004688   -0.079087515
   17.262648148   -0.297848914   -0.078460329
   17.290994040   -0.288586795   -0.077900465
   17.319339932   -0.278669878   -0.077418963
   17.347685823   -0.268577365   -0.077023718
   17.376031715   -0.258731149   -0.076720042
   17.404377607   -0.249428630   -0.076511503
   17.432723499   -0.240812905   -0.076400808
   17.461069391   -0.232889182   -0.076390503
   17.489415283   -0.225582578   -0.076483329
   17.517761175   -0.218819892   -0.076682159
   17.546107067   -0.212610021   -0.076989580
   17.574452958   -0.207096945   -0.077407241
   17.602798850   -0.202566024   -0.077935185
   17.631144742   -0.199397017   -0.078571334
   17.659490634   -0.197972361   -0.079311308
   17.687836526   -0.198562661   -0.080148601
   17.716182418   -0.201219291   -0.081075103
   17.744528310   -0.205704111   -0.082081823
   17.772874202   -0.211478317   -0.083159633
   17.801220093   -0.217758376   -0.084299873
   17.829565985   -0.223630331   -0.085494648
   17.857911877   -0.228198945   -0.086736814
   17.886257769   -0.230738981   -0.088019646
   17.914603661   -0.230814830   -0.089336349
   17.942949553   -0.228341956   -0.090679554
   17.971295445   -0.223577388   -0.092040975
   17.999641336   -0.217043144   -0.093411350
   18.027987228   -0.209401925   -0.094780686
   18.056333120   -0.201314676   -0.096138799
   18.084679012   -0.193312449   -0.097476003
   18.113024904   -0.185709786   -0.098783801
   18.141370796   -0.178575434   -0.100055438
   18.169716688   -0.171761501   -0.101286187
   18.198062580   -0.164978264   -0.102473331
   18.226408471   -0.157891962   -0.103615892
   18.254754363   -0.150219527   -0.104714175
   18.283100255   -0.141797527   -0.105769278
   18.311446147   -0.132611459   -0.106782681
   18.339792039   -0.122783109   -0.107756002
   18.368137931   -0.112524799   -0.108690943
   18.396483823   -0.102077053   -0.109589410
   18.424829714   -0.091648747   -0.110453703
   18.453175606   -0.081375898   -0.111286707
   18.481521498   -0.071308193   -0.112091985
   18.509867390   -0.061423384   -0.112873720
   18.538213282   -0.051661618   -0.113636520
   18.566559174   -0.041966712   -0.114385111
   18.594905066   -0.032320685   -0.115124001
   18.623250958   -0.022761335   -0.115857181
   18.651596849   -0.013379009   -0.116587913
   18.679942741   -0.004295764   -0.117318641
   18.708288633    0.004364257   -0.118050976
   18.736634525    0.012502028   -0.118785745
   18.764980417    0.020058613   -0.119523016
   18.793326309    0.027012788   -0.120262087
   18.821672201    0.033362560   -0.121001403
   18.850018093    0.039097811   -0.121738455
   18.878363984    0.044174929   -0.122469685
   18.906709876    0.048504312   -0.123190479
   18.935055768    0.051957936   -0.123895292
   18.963401660    0.054397791   -0.124577912
   18.991747552    0.055718777   -0.125231846
   19.020093444    0.055893938   -0.125850752
   19.048439336    0.055007462   -0.126428828
   19.076785227    0.053262805   -0.126961063
   19.105131119    0.050959243   -0.127443308
   19.133477011    0.048438750   -0.127872139
   19.161822903    0.046013973   -0.128244585
   19.190168795    0.043894717   -0.128557796
   19.218514687    0.042132743   -0.128808780
   19.246860579    0.040601770   -0.128994305
   19.275206471    0.039021883   -0.129111024
   19.303552362    0.037026723   -0.129155809
   19.331898254    0.034260618   -0.129126244
   19.360244146    0.030484116   -0.129021132
   19.388590038    0.025662578   -0.128840904
   19.416935930    0.020014808   -0.128587801
   19.445281822    0.014006878   -0.128265787
   19.473627714    0.008288511   -0.127880206
   19.501973605    0.003582761   -0.127437263
   19.530319497    0.000551043   -0.126943477
   19.558665389   -0.000338024   -0.126405244
   19.587011281    0.001092426   -0.125828627
   19.615357173    0.004682380   -0.125219415
   19.643703065    0.009953543   -0.124583429
   19.672048957    0.016187465   -0.123926956
   19.700394849    0.022546000   -0.123257161
   19.728740740    0.028208046   -0.122582321
   19.757086632    0.032493771   -0.121911771
   19.785432524    0.034951575   -0.121255509
   19.813778416    0.035392556   -0.120623533
   19.842124308    0.033869977   -0.120025026
   19.870470200    0.030613919   -0.119467579
   19.898816092    0.025940853   -0.118956625
   19.927161984    0.020162199   -0.118495219
   19.955507875    0.013514091   -0.118084200
   19.983853767    0.006123373   -0.117722691
   20.012199659   -0.001985631   -0.117408785
   20.040545551   -0.010850042   -0.117140228
   20.068891443   -0.020508106   -0.116914900
   20.097237335   -0.030938849   -0.116730965
   20.125583227   -0.042019699   -0.116586610
   20.153929118   -0.053514065   -0.116479448
   20.182275010   -0.065091926   -0.116405717
   20.210620902   -0.076377063   -0.116359483
   20.238966794   -0.087007342   -0.116332057
   20.267312686   -0.096691234   -0.116311815
   20.295658578   -0.105245349   -0.116284493
   20.324004470   -0.112603510   -0.116233960
   20.352350362   -0.118796145   -0.116143348
   20.380696253   -0.123907097   -0.115996374
   20.409042145   -0.128021054   -0.115778622
   20.437388037   -0.131177016   -0.115478612
   20.465733929   -0.133341011   -0.115088501
   20.494079821   -0.134405405   -0.114604361
   20.522425713   -0.134214292   -0.114026060
   20.550771605   -0.132607040   -0.113356815
   20.579117496   -0.129467014   -0.112602555
   20.607463388   -0.124761454   -0.111771214
   20.635809280   -0.118561465   -0.110872065
   20.664155172   -0.111037318   -0.109915162
   20.692501064   -0.102431790   -0.108910919
   20.720846956   -0.093020858   -0.107869820
   20.749192848   -0.083074757   -0.106802229
   20.777538740   -0.072832059   -0.105718266
   20.805884631   -0.062495138   -0.104627721
   20.834230523   -0.052248356   -0.103539996
   20.862576415   -0.042292701   -0.102464051
   20.890922307   -0.032884604   -0.101408367
   20.919268199   -0.024364304   -0.100380909
   20.947614091   -0.017161079   -0.099389081
   20.975959983   -0.011768674   -0.098439644
   21.004305875   -0.008692630   -0.097538601
   21.032651766   -0.008379620   -0.096691022
   21.060997658   -0.011144914   -0.095900832
   21.089343550   -0.017115851   -0.095170594
   21.117689442   -0.026206092   -0.094501327
   21.146035334   -0.038128083   -0.093892420
   21.174381226   -0.052441595   -0.093341662
   21.202727118   -0.068626935   -0.092845423
   21.231073009   -0.086165105   -0.092398936
   21.259418901   -0.104605564   -0.091996646
   21.287764793   -0.123605842   -0.091632531
   21.316110685   -0.142935168   -0.091300321
   21.344456577   -0.162444256   -0.090993562
   21.372802469   -0.182012725   -0.090705508
   21.401148361   -0.201491657   -0.090428884
   21.429494253   -0.220659834   -0.090155614
   21.457840144   -0.239207896   -0.089876635
   21.486186036   -0.256756255   -0.089581923
   21.514531928   -0.272902520   -0.089260820
   21.542877820   -0.287285208   -0.088902698
   21.571223712   -0.299645416   -0.088497912
   21.599569604   -0.309868258   -0.088038904
   21.627915496   -0.317991379   -0.087521300
   21.656261387   -0.324177176   -0.086944784
   21.684607279   -0.328655821   -0.086313576
   21.712953171   -0.331654791   -0.085636404
   21.741299063   -0.333334853   -0.084925945
   21.769644955   -0.333750961   -0.084197809
   21.797990847   -0.332849638   -0.083469227
   21.826336739   -0.330504083   -0.082757656
   21.854682631   -0.326577251   -0.082079521
   21.883028522   -0.320994810   -0.081449276
   21.911374414   -0.313806575   -0.080878905
   21.939720306   -0.305217817   -0.080377870
   21.968066198   -0.295580110   -0.079953446
   21.996412090   -0.285342877   -0.079611300
   22.024757982   -0.274978142   -0.079356136
   22.053103874   -0.264899126   -0.079192250
   22.081449766   -0.255395615   -0.079123849
   22.109795657   -0.246604730   -0.079155091
   22.138141549   -0.238525934   -0.079289855
   22.166487441   -0.231076359   -0.079531308
   22.194833333   -0.224170478   -0.079881406
   22.223179225   -0.217800226   -0.080340455
   22.251525117   -0.212090299   -0.080906826
   22.279871009   -0.207309157   -0.081576913
   22.308216900   -0.203827915   -0.082345327
   22.336562792   -0.202033721   -0.083205287
   22.364908684   -0.202217595   -0.084149123
   22.393254576   -0.204465240   -0.085168795
   22.421600468   -0.208580599   -0.086256319
   22.449946360   -0.214065288   -0.087404052
   22.478292252   -0.220164064   -0.088604787
   22.506638144   -0.225970382   -0.089851692
   22.534984035   -0.230570975   -0.091138125
   22.563329927   -0.233198318   -0.092457416
   22.591675819   -0.233357200   -0.093802662
   22.620021711   -0.230897445   -0.095166617
   22.648367603   -0.226017353   -0.096541695
   22.676713495   -0.219198693   -0.097920093
   22.705059387   -0.211089836   -0.099294000
   22.733405278   -0.202364984   -0.100655866
   22.761751170   -0.193591751   -0.101998659
   22.790097062   -0.185135661   -0.103316091
   22.818442954   -0.177119750   -0.104602781
   22.846788846   -0.169443219   -0.105854353
   22.875134738   -0.161848785   -0.107067487
   22.903480630   -0.154017614   -0.108239943
   22.931826522   -0.145665966   -0.109370587
   22.960172413   -0.136619825   -0.110459424
   22.988518305   -0.126851724   -0.111507630
   23.016864197   -0.116475259   -0.112517571
   23.045210089   -0.105704181   -0.113492757
   23.073555981   -0.094791434   -0.114437697
   23.101901873   -0.083967067   -0.115357647
   23.130247765   -0.073392015   -0.116258233
   23.158593657   -0.063138350   -0.117144988
   23.186939548   -0.053197962   -0.118022862
   23.215285440   -0.043513308   -0.118895795
   23.243631332   -0.034018292   -0.119766400
   23.271977224   -0.024675820   -0.120635863
   23.300323116   -0.015501250   -0.121504037
   23.328669008   -0.006566577   -0.122369751
   23.357014900    0.002013171   -0.123231242
   23.385360791    0.010104369   -0.124086629
   23.413706683    0.017580445   -0.124934304
   23.442052575    0.024339946   -0.125773165
   23.470398467    0.030312036   -0.126602614
   23.498744359    0.035449750   -0.127422324
   23.527090251    0.039716288   -0.128231825
   23.555436143    0.043072422   -0.129030013
   23.583782035    0.045472756   -0.129814684
   23.612127926    0.046875104   -0.130582232
   23.640473818    0.047261878   -0.131327571
   23.668819710    0.046666849   -0.132044321
   23.697165602    0.045196989   -0.132725218
   23.725511494    0.043038778   -0.133362669
   23.753857386    0.040441825   -0.133949327
   23.782203278    0.037679138   -0.134478589
   23.810549169    0.034991086   -0.134944905
   23.838895061    0.032526684   -0.135343888
   23.867240953    0.030299084   -0.135672229
   23.895586845    0.028170719   -0.135927489
   23.923932737    0.025877319   -0.136107870
   23.952278629    0.023090387   -0.136212049
   23.980624521    0.019507007   -0.136239153
   24.008970413    0.014947173   -0.136188879
   24.037316304    0.009434494   -0.136061733
   24.065662196    0.003237928   -0.135859309
   24.094008088   -0.003140103   -0.135584522
   24.122353980   -0.009031784   -0.135241698
   24.150699872   -0.013717236   -0.134836501
   24.179045764   -0.016560574   -0.134375681
   24.207391656   -0.017139593   -0.133866713
   24.235737548   -0.015340139   -0.133317406
   24.264083439   -0.011393446   -0.132735585
   24.292429331   -0.005847207   -0.132128911
   24.320775223    0.000523970   -0.131504863
   24.349121115    0.006849427   -0.130870856
   24.377467007    0.012306330   -0.130234413
   24.405812899    0.016245939   -0.129603299
   24.434158791    0.018276599   -0.128985516
   24.462504682    0.018288636   -0.128389126
   24.490850574    0.016420309   -0.127821893
   24.519196466    0.012977611   -0.127290821
   24.547542358    0.008330620   -0.126801710
   24.575888250    0.002813074   -0.126358828
   24.604234142   -0.003350919   -0.125964821
   24.632580034   -0.010077634   -0.125620868
   24.660925926   -0.017408334   -0.125327051
   24.689271817   -0.025456145   -0.125082814
   24.717617709   -0.034332751   -0.124887354
   24.745963601   -0.044076553   -0.124739789
   24.774309493   -0.054602148   -0.124638985
   24.802655385   -0.065684210   -0.124583049
   24.831001277   -0.076978938   -0.124568544
   24.859347169   -0.088076108   -0.124589637
   24.887693060   -0.098567017   -0.124637395
   24.916038952   -0.108110112   -0.124699472
   24.944384844   -0.116477688   -0.124760341
   24.972730736   -0.123572874   -0.124802126
   25.001076628   -0.129414564   -0.124805954
   25.029422520   -0.134096505   -0.124753612
   25.057768412   -0.137733225   -0.124629228
   25.086114304   -0.140408149   -0.124420663
   25.114460195   -0.142137732   -0.124120386
   25.142806087   -0.142860269   -0.123725686
   25.171151979   -0.142450894   -0.123238230
   25.199497871   -0.140757212   -0.122663120
   25.227843763   -0.137644904   -0.122007692
   25.256189655   -0.133040819   -0.121280324
   25.284535547   -0.126962789   -0.120489509
   25.312881439   -0.119529958   -0.119643334
   25.341227330   -0.110953339   -0.118749406
   25.369573222   -0.101511810   -0.117815127
   25.397919114   -0.091522223   -0.116848141
   25.426265006   -0.081312937   -0.115856767
   25.454610898   -0.071207705   -0.114850212
   25.482956790   -0.061522503   -0.113838501
   25.511302682   -0.052572868   -0.112832092
   25.539648573   -0.044685313   -0.111841295
   25.567994465   -0.038204645   -0.110875638
   25.596340357   -0.033490041   -0.109943345
   25.624686249   -0.030896298   -0.109051040
   25.653032141   -0.030741648   -0.108203741
   25.681378033   -0.033268347   -0.107405079
   25.709723925   -0.038605508   -0.106657658
   25.738069817   -0.046744150   -0.105963385
   25.766415708   -0.057532018   -0.105323669
   25.794761600   -0.070690948   -0.104739395
   25.823107492   -0.085853717   -0.104210700
   25.851453384   -0.102612137   -0.103736620
   25.879799276   -0.120565094   -0.103314754
   25.908145168   -0.139355258   -0.102941073
   25.936491060   -0.158686374   -0.102609984
   25.964836951   -0.178318524   -0.102314651
   25.993182843   -0.198045016   -0.102047536
   26.021528735   -0.217659788   -0.101801007
   26.049874627   -0.236926972   -0.101567867
   26.078220519   -0.255563578   -0.101341660
   26.106566411   -0.273242403   -0.101116697
   26.134912303   -0.289616157   -0.100887819
   26.163258195   -0.304357317   -0.100650027
   26.191604086   -0.317203073   -0.100398157
   26.219949978   -0.327992650   -0.100126788
   26.248295870   -0.336685811   -0.099830524
   26.276641762   -0.343356251   -0.099504670
   26.304987654   -0.348160515   -0.099146230
   26.333333546   -0.351290079   -0.098755000
   26.361679438   -0.352919313   -0.098334512
   26.390025330   -0.353163623   -0.097892546
   26.418371221   -0.352059614   -0.097441043
   26.446717113   -0.349573155   -0.096995336
   26.475063005   -0.345633383   -0.096572824
   26.503408897   -0.340183119   -0.096191304
   26.531754789   -0.333231150   -0.095867286
   26.560100681   -0.324890781   -0.095614618
   26.588446573   -0.315392555   -0.095443665
   26.616792464   -0.305066132   -0.095361172
   26.645138356   -0.294295196   -0.095370753
   26.673484248   -0.283457272   -0.095473829
   26.701830140   -0.272865325   -0.095670729
   26.730176032   -0.262728148   -0.095961648
   26.758521924   -0.253141762   -0.096347228
   26.786867816   -0.244115365   -0.096828650
   26.815213708   -0.235625130   -0.097407238
   26.843559599   -0.227680227   -0.098083764
   26.871905491   -0.220380509   -0.098857658
   26.900251383   -0.213946006   -0.099726399
   26.928597275   -0.208704828   -0.100685256
   26.956943167   -0.205036936   -0.101727467
   26.985289059   -0.203283652   -0.102844810
   27.013634951   -0.203643454   -0.104028407
   27.041980842   -0.206080509   -0.105269538
   27.070326734   -0.210271605   -0.106560270
   27.098672626   -0.215609545   -0.107893745
   27.127018518   -0.221268257   -0.109264079
   27.155364410   -0.226319944   -0.110665959
   27.183710302   -0.229881422   -0.112094076
   27.212056194   -0.231258677   -0.113542603
   27.240402086   -0.230057995   -0.115004871
   27.268747977   -0.226239028   -0.116473356
   27.297093869   -0.220098302   -0.117939970
   27.325439761   -0.212187708   -0.119396559
   27.353785653   -0.203187421   -0.120835458
   27.382131545   -0.193762836   -0.122249941
   27.410477437   -0.184437857   -0.123634431
   27.438823329   -0.175511770   -0.124984443
   27.467169221   -0.167035324   -0.126296311
   27.495515112   -0.158846652   -0.127566815
   27.523861004   -0.150653151   -0.128792893
   27.552206896   -0.142135167   -0.129971557
   27.580552788   -0.133043661   -0.131100100
   27.608898680   -0.123267719   -0.132176557
   27.637244572   -0.112857501   -0.133200304
   27.665590464   -0.102001070   -0.134172611
   27.693936355   -0.090966026   -0.135096938
   27.722282247   -0.080025556   -0.135978844
   27.750628139   -0.069391245   -0.136825447
   27.778974031   -0.059171394   -0.137644506
   27.807319923   -0.049364900   -0.138443309
   27.835665815   -0.039889776   -0.139227594
   27.864011707   -0.030635277   -0.140000773
   27.892357599   -0.021520316   -0.140763615
   27.920703490   -0.012539909   -0.141514482
   27.949049382   -0.003785954   -0.142250042
   27.977395274    0.004562978   -0.142966293
   28.005741166    0.012278558   -0.143659626
   28.034087058    0.019134196   -0.144327699
   28.062432950    0.024955137   -0.144969891
   28.090778842    0.029652419   -0.145587266
   28.119124733    0.033231658   -0.146182074
   28.147470625    0.035775975   -0.146756929
   28.175816517    0.037410536   -0.147313901
   28.204162409    0.038261733   -0.147853731
   28.232508301    0.038425060   -0.148375354
   28.260854193    0.037952132   -0.148875825
   28.289200085    0.036860144   -0.149350619
   28.317545977    0.035158781   -0.149794196
   28.345891868    0.032883004   -0.150200681
   28.374237760    0.030117398   -0.150564465
   28.402583652    0.027000114   -0.150880633
   28.430929544    0.023701180   -0.151145142
   28.459275436    0.020379217   -0.151354796
   28.487621328    0.017129287   -0.151507091
   28.515967220    0.013939884   -0.151600054
   28.544313112    0.010676839   -0.151632167
   28.572659003    0.007105692   -0.151602433
   28.601004895    0.002953373   -0.151510578
   28.629350787   -0.002002385   -0.151357307
   28.657696679   -0.007837777   -0.151144543
   28.686042571   -0.014408699   -0.150875536
   28.714388463   -0.021322113   -0.150554792
   28.742734355   -0.027967891   -0.150187828
   28.771080246   -0.033611257   -0.149780798
   28.799426138   -0.037529750   -0.149340084
   28.827772030   -0.039165475   -0.148871972
   28.856117922   -0.038257119   -0.148382462
   28.884463814   -0.034918770   -0.147877267
   28.912809706   -0.029643955   -0.147361959
   28.941155598   -0.023230649   -0.146842189
   28.969501490   -0.016642136   -0.146323882
   28.997847381   -0.010834449   -0.145813332
   29.026193273   -0.006589519   -0.145317146
   29.054539165   -0.004391759   -0.144842049
   29.082885057   -0.004374973   -0.144394627
   29.111230949   -0.006348836   -0.143981083
   29.139576841   -0.009894462   -0.143607100
   29.167922733   -0.014501867   -0.143277849
   29.196268624   -0.019712721   -0.142998125
   29.224614516   -0.025232137   -0.142772515
   29.252960408   -0.030982918   -0.142605487
   29.281306300   -0.037092058   -0.142501255
   29.309652192   -0.043817693   -0.142463350
   29.337998084   -0.051440213   -0.142493888
   29.366343976   -0.060149776   -0.142592647
   29.394689868   -0.069961868   -0.142756130
   29.423035759   -0.080683341   -0.142976871
   29.451381651   -0.091936395   -0.143243193
   29.479727543   -0.103231478   -0.143539585
   29.508073435   -0.114066854   -0.143847719
   29.536419327   -0.124026130   -0.144147982
   29.564765219   -0.132846941   -0.144421301
   29.593111111   -0.140443479   -0.144650900
   29.621457003   -0.146879600   -0.144823698
   29.649802894   -0.152303688   -0.144931069
   29.678148786   -0.156867162   -0.144968863
   29.706494678   -0.160652354   -0.144936726
   29.734840570   -0.163631756   -0.144836934
   29.763186462   -0.165670369   -0.144673027
   29.791532354   -0.166569505   -0.144448589
   29.819878246   -0.166137795   -0.144166439
   29.848224137   -0.164267049   -0.143828380
   29.876570029   -0.160989411   -0.143435505
   29.904915921   -0.156498128   -0.142988909
   29.933261813   -0.151125336   -0.142490546
   29.961607705   -0.145283288   -0.141943965
   29.989953597   -0.139386371   -0.141354689
   30.018299489   -0.133776929   -0.140730113
   30.046645381   -0.128676656   -0.140078957
   30.074991272   -0.124177525   -0.139410410
   30.103337164   -0.120274286   -0.138733209
   30.131683056   -0.116928018   -0.138054891
   30.160028948   -0.114140785   -0.137381417
   30.188374840   -0.112017985   -0.136717241
   30.216720732   -0.110798338   -0.136065780
   30.245066624   -0.110840851   -0.135430111
   30.273412515   -0.112570547   -0.134813680
   30.301758407   -0.116396718   -0.134220776
   30.330104299   -0.122625460   -0.133656631
   30.358450191   -0.131389934   -0.133127071
   30.386796083   -0.142616763   -0.132637831
   30.415141975   -0.156036791   -0.132193676
   30.443487867   -0.171236070   -0.131797602
   30.471833759   -0.187732024   -0.131450301
   30.500179650   -0.205053471   -0.131150058
   30.528525542   -0.222803155   -0.130893092
   30.556871434   -0.240687666   -0.130674249
   30.585217326   -0.258509972   -0.130487860
   30.613563218   -0.276131203   -0.130328536
   30.641909110   -0.293417304   -0.130191689
   30.670255002   -0.310190161   -0.130073669
   30.698600894   -0.326200577   -0.129971516
   30.726946785   -0.341133026   -0.129882436
   30.755292677   -0.354641579   -0.129803214
   30.783638569   -0.366406234   -0.129729795
   30.811984461   -0.376192156   -0.129657214
   30.840330353   -0.383893028   -0.129579998
   30.868676245   -0.389544387   -0.129492984
   30.897022137   -0.393301862   -0.129392428
   30.925368028   -0.395389981   -0.129277154
   30.953713920   -0.396036342   -0.129149465
   30.982059812   -0.395410578   -0.129015610
   31.010405704   -0.393586334   -0.128885640
   31.038751596   -0.390537584   -0.128772669
   31.067097488   -0.386170236   -0.128691644
   31.095443380   -0.380379114   -0.128657862
   31.123789272   -0.373112454   -0.128685486
   31.152135163   -0.364423449   -0.128786337
   31.180481055   -0.354491978   -0.128969116
   31.208826947   -0.343608590   -0.129239163
   31.237172839   -0.332124307   -0.129598696
   31.265518731   -0.320380649   -0.130047408
   31.293864623   -0.308640963   -0.130583237
   31.322210515   -0.297044700   -0.131203116
   31.350556406   -0.285600269   -0.131903560
   31.378902298   -0.274221058   -0.132681001
   31.407248190   -0.262796380   -0.133531880
   31.435594082   -0.251277946   -0.134452542
   31.463939974   -0.239756484   -0.135439048
   31.492285866   -0.228504103   -0.136486999
   31.520631758   -0.217965923   -0.137591438
   31.548977650   -0.208697448   -0.138746871
   31.577323541   -0.201258629   -0.139947388
   31.605669433   -0.196087775   -0.141186826
   31.634015325   -0.193385039   -0.142458930
   31.662361217   -0.193034327   -0.143757441
   31.690707109   -0.194584293   -0.145076117
   31.719053001   -0.197295678   -0.146408683
   31.747398893   -0.200246966   -0.147748755
   31.775744785   -0.202477062   -0.149089797
   31.804090676   -0.203135612   -0.150425144
   31.832436568   -0.201610537   -0.151748105
   31.860782460   -0.197608296   -0.153052136
   31.889128352   -0.191173619   -0.154331021
   31.917474244   -0.182648943   -0.155579007
   31.945820136   -0.172586287   -0.156790847
   31.974166028   -0.161632948   -0.157961722
   32.002511919   -0.150415537   -0.159087063
   32.030857811   -0.139444401   -0.160162351
   32.059203703   -0.129053509   -0.161182971
   32.087549595   -0.119381743   -0.162144214
   32.115895487   -0.110392410   -0.163041486
   32.144241379   -0.101920923   -0.163870719
   32.172587271   -0.093737033   -0.164628923
   32.200933163   -0.085607874   -0.165314725
   32.229279054   -0.077350769   -0.165928763
   32.257624946   -0.068868890   -0.166473742
   32.285970838   -0.060167207   -0.166954072
   32.314316730   -0.051349724   -0.167375064
   32.342662622   -0.042601321   -0.167741776
   32.371008514   -0.034158653   -0.168057729
   32.399354406   -0.026274958   -0.168323736
   32.427700297   -0.019183667   -0.168537145
   32.456046189   -0.013065712   -0.168691702
   32.484392081   -0.008025252   -0.168778157
   32.512737973   -0.004077954   -0.168785553
   32.541083865   -0.001154542   -0.168703018
   32.569429757    0.000880114   -0.168521701
   32.597775649    0.002195201   -0.168236503
   32.626121541    0.002955615   -0.167847202
   32.654467432    0.003285499   -0.167358739
   32.682813324    0.003242714   -0.166780563
   32.711159216    0.002811347   -0.166125149
   32.739505108    0.001915213   -0.165405970
   32.767851000    0.000449668   -0.164635348
   32.796196892   -0.001676525   -0.163822601
   32.824542784   -0.004501350   -0.162972886
   32.852888676   -0.007984399   -0.162086940
   32.881234567   -0.012005984   -0.161161742
   32.909580459   -0.016393567   -0.160191900
   32.937926351   -0.020970361   -0.159171417
   32.966272243   -0.025613319   -0.158095399
   32.994618135   -0.030303033   -0.156961296
   33.022964027   -0.035148068   -0.155769415
   33.051309919   -0.040371590   -0.154522602
   33.079655810   -0.046257657   -0.153225232
   33.108001702   -0.053066123   -0.151881801
   33.136347594   -0.060935395   -0.150495543
   33.164693486   -0.069798355   -0.149067441
   33.193039378   -0.079336390   -0.147595940
   33.221385270   -0.088989214   -0.146077454
   33.249731162   -0.098025396   -0.144507542
   33.278077054   -0.105663335   -0.142882461
   33.306422945   -0.111218687   -0.141200676
   33.334768837   -0.114245774   -0.139463923
   33.363114729   -0.114639867   -0.137677514
   33.391460621   -0.112674887   -0.135849784
   33.419806513   -0.108965501   -0.133990812
   33.448152405   -0.104360219   -0.132110724
   33.476498297   -0.099788498   -0.130218052
   33.504844188   -0.096095798   -0.128318587
   33.533190080   -0.093903155   -0.126415091
   33.561535972   -0.093521395   -0.124507991
   33.589881864   -0.094936325   -0.122596958
   33.618227756   -0.097863687   -0.120683000
   33.646573648   -0.101855910   -0.118770603
   33.674919540   -0.106431062   -0.116869351
   33.703265432   -0.111190828   -0.114994617
   33.731611323   -0.115899368   -0.113167078
   33.759957215   -0.120507092   -0.111411094
   33.788303107   -0.125119021   -0.109752235
   33.816648999   -0.129922275   -0.108214439
   33.844994891   -0.135097257   -0.106817361
   33.873340783   -0.140739802   -0.105574393
   33.901686675   -0.146816494   -0.104491703
   33.930032567   -0.153164306   -0.103568385
   33.958378458   -0.159532072   -0.102797555
   33.986724350   -0.165649059   -0.102168065
   34.015070242   -0.171298491   -0.101666378
   34.043416134   -0.176373286   -0.101278191
   34.071762026   -0.180897364   -0.100989488
   34.100107918   -0.185006680   -0.100786918
   34.128453810   -0.188896316   -0.100657557
   34.156799701   -0.192749914   -0.100588299
   34.185145593   -0.196672582   -0.100565178
   34.213491485   -0.200646951   -0.100572924
   34.241837377   -0.204524842   -0.100594933
   34.270183269   -0.208056382   -0.100613719
   34.298529161   -0.210947563   -0.100611734
   34.326875053   -0.212929439   -0.100572348
   34.355220945   -0.213819478   -0.100480737
   34.383566836   -0.213558796   -0.100324458
   34.411912728   -0.212216825   -0.100093582
   34.440258620   -0.209964949   -0.099780398
   34.468604512   -0.207029731   -0.099378794
   34.496950404   -0.203641796   -0.098883521
   34.525296296   -0.199996762   -0.098289543
   34.553642188   -0.196239771   -0.097591634
   34.581988079   -0.192476964   -0.096784291
   34.610333971   -0.188808119   -0.095861930
   34.638679863   -0.185367619   -0.094819249
   34.667025755   -0.182358016   -0.093651594
   34.695371647   -0.180062629   -0.092355195
   34.723717539   -0.178830042   -0.090927179
   34.752063431   -0.179032175   -0.089365360
   34.780409323   -0.181005894   -0.087667889
   34.808755214   -0.184993499   -0.085832871
   34.837101106   -0.191098152   -0.083858059
   34.865446998   -0.199266228   -0.081740721
   34.893792890   -0.209300970   -0.079477655
   34.922138782   -0.220902932   -0.077065298
   34.950484674   -0.233725359   -0.074499833
   34.978830566   -0.247428867   -0.071777189
   35.007176458   -0.261720827   -0.068892897
   35.035522349   -0.276370157   -0.065841864
   35.063868241   -0.291196239   -0.062618190
   35.092214133   -0.306038793   -0.059215224
   35.120560025   -0.320721333   -0.055626062
   35.148905917   -0.335022534   -0.051844594
   35.177251809   -0.348666925   -0.047867091
   35.205597701   -0.361339826   -0.043694152
   35.233943592   -0.372723324   -0.039332699
   35.262289484   -0.382542983   -0.034797619
   35.290635376   -0.390611023   -0.030112655
   35.318981268   -0.396852258   -0.025310255
   35.347327160   -0.401303933   -0.020430297
   35.375673052   -0.404088366   -0.015517799
   35.404018944   -0.405365539   -0.010619970
   35.432364836   -0.405279090   -0.005783069
   35.460710727   -0.403911439   -0.001049590
   35.489056619   -0.401261398    0.003543783
   35.517402511   -0.397251126    0.007967222
   35.545748403   -0.391760648    0.012197755
   35.574094295   -0.384679832    0.016218435
   35.602440187   -0.375962313    0.020017023
   35.630786079   -0.365664846    0.023584612
   35.659131970   -0.353959519    0.026914549
   35.687477862   -0.341113897    0.030001872
   35.715823754   -0.327443481    0.032843296
   35.744169646   -0.313249060    0.035437598
   35.772515538   -0.298756366    0.037786127
   35.800861430   -0.284075348    0.039893149
   35.829207322   -0.269191433    0.041765805
   35.857553214   -0.253992608    0.043413583
   35.885899105   -0.238326314    0.044847391
   35.914244997   -0.222071761    0.046078451
   35.942590889   -0.205208483    0.047117297
   35.970936781   -0.187862221    0.047973136
   35.999282673   -0.170314295    0.048653746
   36.027628565   -0.152969394    0.049165908
   36.055974457   -0.136286821    0.049516214
   36.084320349   -0.120689205    0.049711991
   36.112666240   -0.106468410    0.049762041
   36.141012132   -0.093709456    0.049676950
   36.169358024   -0.082249724    0.049468890
   36.197703916   -0.071683315    0.049150946
   36.226049808   -0.061411147    0.048736210
   36.254395700   -0.050728138    0.048236924
   36.282741592   -0.038931647    0.047663953
   36.311087483   -0.025431529    0.047026784
   36.339433375   -0.009842288    0.046334044
   36.367779267    0.007958481    0.045594393
   36.396125159    0.027814672    0.044817490
   36.424471051    0.049320786    0.044014701
   36.452816943    0.071889317    0.043199264
   36.481162835    0.094843709    0.042385811
   36.509508727    0.117520129    0.041589310
   36.537854618    0.139360177    0.040823731
   36.566200510    0.159978591    0.040100818
   36.594546402    0.179194784    0.039429372
   36.622892294    0.197023865    0.038815345
   36.651238186    0.213630551    0.038262778
   36.679584078    0.229256769    0.037775416
   36.707929970    0.244139209    0.037358555
   36.736275861    0.258435469    0.037020564
   36.764621753    0.272175827    0.036773560
   36.792967645    0.285252222    0.036632848
   36.821313537    0.297447464    0.036615055
   36.849659429    0.308497842    0.036735205
   36.878005321    0.318173492    0.037003285
   36.906351213    0.326355298    0.037421027
   36.934697105    0.333086680    0.037979648
   36.963042996    0.338583829    0.038659117
   36.991388888    0.343198028    0.039429219
   37.019734780    0.347336454    0.040252301
   37.048080672    0.351359939    0.041087225
   37.076426564    0.355484350    0.041893810
   37.104772456    0.359713748    0.042636947
   37.133118348    0.363827243    0.043289685
   37.161464240    0.367428518    0.043834805
   37.189810131    0.370050159    0.044264784
   37.218156023    0.371288638    0.044580351
   37.246501915    0.370934558    0.044788138
   37.274847807    0.369060254    0.044898045
   37.303193699    0.366034557    0.044920919
   37.331539591    0.362451307    0.044866981
   37.359885483    0.358980337    0.044745182
   37.388231374    0.356171533    0.044563427
   37.416577266    0.354258349    0.044329346
   37.444923158    0.353012085    0.044051255
   37.473269050    0.351690131    0.043738894
   37.501614942    0.349101525    0.043403693
   37.529960834    0.343785869    0.043058477
   37.558306726    0.334273555    0.042716720
   37.586652618    0.319373565    0.042391569
   37.614998509    0.298425637    0.042094951
   37.643344401    0.271459243    0.041837007
   37.671690293    0.239221741    0.041626008
   37.700036185    0.203067565    0.041468741
   37.728382077    0.164732277    0.041371247
   37.756727969    0.126041698    0.041339671
   37.785073861    0.088620578    0.041380990
   37.813419752    0.053663794    0.041503434
   37.841765644    0.021816336    0.041716497
   37.870111536   -0.006819172    0.042030593
   37.898457428   -0.032559890    0.042456461
   37.926803320   -0.055944407    0.043004523
   37.955149212   -0.077513728    0.043684350
   37.983495104   -0.097627723    0.044504371
   38.011840996   -0.116359821    0.045471859
   38.040186887   -0.133489031    0.046593145
   38.068532779   -0.148581166    0.047873960
   38.096878671   -0.161127796    0.049319788
   38.125224563   -0.170698075    0.050936146
   38.153570455   -0.177058383    0.052728727
   38.181916347   -0.180226966    0.054703445
   38.210262239   -0.180451488    0.056866406
   38.238608131   -0.178120339    0.059223877
   38.266954022   -0.173637070    0.061782252
   38.295299914   -0.167296482    0.064548000
   38.323645806   -0.159198372    0.067527498
   38.351991698   -0.149222227    0.070726639
   38.380337590   -0.137067255    0.074150108
   38.408683482   -0.122342976    0.077800296
   38.437029374   -0.104681722    0.081675910
   38.465375265   -0.083839595    0.085770440
   38.493721157   -0.059757737    0.090070753
   38.522067049   -0.032568991    0.094556110
   38.550412941   -0.002551866    0.099197880
   38.578758833    0.029951097    0.103960124
   38.607104725    0.064624440    0.108801089
   38.635450617    0.101253740    0.113675456
   38.663796509    0.139763398    0.118537089
   38.692142400    0.180212098    0.123341875
   38.720488292    0.222753374    0.128050293
   38.748834184    0.267578494    0.132629363
   38.777180076    0.314861841    0.137053771
   38.805525968    0.364724276    0.141306119
   38.833871860    0.417219679    0.145376396
   38.862217752    0.472337778    0.149260876
   38.890563643    0.530007157    0.152960698
   38.918909535    0.590079587    0.156480393
   38.947255427    0.652282257    0.159826537
   38.975601319    0.716136684    0.163006653
   39.003947211    0.780858576    0.166028385
   39.032293103    0.845266363    0.168898917
   39.060638995    0.907732741    0.171624579
   39.088984887    0.966210144    0.174210603
   39.117330778    1.018347406    0.176661003
   39.145676670    1.061693907    0.178978588
   39.174022562    1.093964601    0.181165143
   39.202368454    1.113320933    0.183221773
   39.230714346    1.118614132    0.185149387
   39.259060238    1.109541727    0.186949260
   39.287406130    1.086684870    0.188623545
   39.315752022    1.051419026    0.190175632
   39.344097913    1.005717631    0.191610238
   39.372443805    0.951890304    0.192933202
   39.400789697    0.892308583    0.194151023
   39.429135589    0.829170299    0.195270258
   39.457481481    0.764339551    0.196296949
   39.485827373    0.699277279    0.197236255
   39.514173265    0.635053983    0.198092411
   39.542519156    0.572417752    0.198869048
   39.570865048    0.511882255    0.199569814
   39.599210940    0.453802271    0.200199108
   39.627556832    0.398416777    0.200762735
   39.655902724    0.345856915    0.201268254
   39.684248616    0.296132169    0.201724915
   39.712594508    0.249117498    0.202143147
   39.740940400    0.204563924    0.202533764
   39.769286291    0.162145470    0.202907075
   39.797632183    0.121539830    0.203272222
   39.825978075    0.082524383    0.203636944
   39.854323967    0.045058827    0.204007921
   39.882669859    0.009325072    0.204391628
   39.911015751   -0.024295030    0.204795507
   39.939361643   -0.055305535    0.205229079
   39.967707534   -0.083226678    0.205704631
   39.996053426   -0.107733984    0.206237124
   40.024399318   -0.128764149    0.206843168
   40.052745210   -0.146552056    0.207539102
   40.081091102   -0.161581641    0.208338498
   40.109436994   -0.174458688    0.209249557
   40.137782886   -0.185738478    0.210272962
   40.166128778   -0.195757835    0.211400727
   40.194474669   -0.204523483    0.212616366
   40.222820561   -0.211695189    0.213896466
   40.251166453   -0.216675780    0.215213438
   40.279512345   -0.218788051    0.216538961
   40.307858237   -0.217490268    0.217847475
   40.336204129   -0.212566294    0.219119069
   40.364550021   -0.204229128    0.220341236
   40.392895913   -0.193098227    0.221509229
   40.421241804   -0.180046397    0.222625055
   40.449587696   -0.165951709    0.223695416
   40.477933588   -0.151422224    0.224729154
   40.506279480   -0.136576394    0.225734775
   40.534625372   -0.120953946    0.226718617
   40.562971264   -0.103601541    0.227683975
   40.591317156   -0.083331600    0.228631270
   40.619663047   -0.059103277    0.229559069
   40.648008939   -0.030435259    0.230465568
   40.676354831    0.002257608    0.231350051
   40.704700723    0.037501653    0.232213901
   40.733046615    0.072836627    0.233060885
   40.761392507    0.105128650    0.233896661
   40.789738399    0.131069897    0.234727677
   40.818084291    0.147762225    0.235559823
   40.846430182    0.153256827    0.236397230
   40.874776074    0.146928017    0.237241595
   40.903121966    0.129595238    0.238092214
   40.931467858    0.103364939    0.238946744
   40.959813750    0.071228609    0.239802449
   40.988159642    0.036508903    0.240657592
   41.016505534    0.002278547    0.241512546
   41.044851425   -0.029121239    0.242370289
   41.073197317   -0.056364661    0.243236121
   41.101543209   -0.079180702    0.244116652
   41.129889101   -0.098161327    0.245018320
   41.158234993   -0.114405878    0.245945866
   41.186580885   -0.129103102    0.246901208
   41.214926777   -0.143158965    0.247883090
   41.243272669   -0.156957337    0.248887683
   41.271618560   -0.170298920    0.249910075
   41.299964452   -0.182513502    0.250946362
   41.328310344   -0.192695495    0.251995859
   41.356656236   -0.199984426    0.253062909
   41.385002128   -0.203806999    0.254157828
   41.413348020   -0.204015343    0.255296716
   41.441693912   -0.200890629    0.256500104
   41.470039804   -0.195021695    0.257790680
   41.498385695   -0.187103081    0.259190535
   41.526731587   -0.177716602    0.260718470
   41.555077479   -0.167160708    0.262387885
   41.583423371   -0.155373697    0.264205632
   41.611769263   -0.141966724    0.266171972
   41.640115155   -0.126349875    0.268281560
   41.668461047   -0.107908902    0.270525142
   41.696806938   -0.086178518    0.272891536
   41.725152830   -0.060962873    0.275369449
   41.753498722   -0.032372548    0.277948768
   41.781844614   -0.000773698    0.280621120
   41.810190506    0.033329378    0.283379727
   41.838536398    0.069439461    0.286218702
   41.866882290    0.107195938    0.289132112
   41.895228182    0.146453701    0.292113100
   41.923574073    0.187294635    0.295153339
   41.951919965    0.229976510    0.298242961
   41.980265857    0.274841952    0.301370920
   42.008611749    0.322219108    0.304525683
   42.036957641    0.372343168    0.307695997
   42.065303533    0.425315835    0.310871513
   42.093649425    0.481102723    0.314043104
   42.121995316    0.539552717    0.317202778
   42.150341208    0.600414333    0.320343261
   42.178687100    0.663325354    0.323457382
   42.207032992    0.727763214    0.326537435
   42.235378884    0.792961301    0.329574731
   42.263724776    0.857814487    0.332559426
   42.292070668    0.920809462    0.335480679
   42.320416560    0.980017123    0.338327070
   42.348762451    1.033173728    0.341087138
   42.377108343    1.077857003    0.343749901
   42.405454235    1.111738288    0.346305207
   42.433800127    1.132869183    0.348743860
   42.462146019    1.139947704    0.351057504
   42.490491911    1.132508901    0.353238336
   42.518837803    1.110998810    0.355278763
   42.547183695    1.076715154    0.357171085
   42.575529586    1.031627041    0.358907293
   42.603875478    0.978111548    0.360478990
   42.632221370    0.918660903    0.361877416
   42.660567262    0.855616311    0.363093523
   42.688913154    0.790973214    0.364118046
   42.717259046    0.726281699    0.364941585
   42.745604938    0.662641083    0.365554721
   42.773950829    0.600766175    0.365948291
   42.802296721    0.541090064    0.366113927
   42.830642613    0.483866867    0.366044965
   42.858988505    0.429247162    0.365737731
   42.887334397    0.377314628    0.365193145
   42.915680289    0.328089313    0.364418419
   42.944026181    0.281515278    0.363428574
   42.972372073    0.237454531    0.362247445
   43.000717964    0.195704254    0.360907900
   43.029063856    0.156042683    0.359451074
   43.057409748    0.118295051    0.357924634
   43.085755640    0.082399929    0.356380218
   43.114101532    0.048452267    0.354870387
   43.142447424    0.016704177    0.353445498
   43.170793316   -0.012483253    0.352150922
   43.199139207   -0.038727939    0.351024957
   43.227485099   -0.061731147    0.350097645
   43.255830991   -0.081367135    0.349390504
   43.284176883   -0.097728963    0.348917077
   43.312522775   -0.111112847    0.348684013
   43.340868667   -0.121941399    0.348692426
   43.369214559   -0.130645161    0.348939243
   43.397560451   -0.137535979    0.349418385
   43.425906342   -0.142710315    0.350121698
   43.454252234   -0.146013579    0.351039660
   43.482598126   -0.147079528    0.352161947
   43.510944018   -0.145436521    0.353477945
   43.539289910   -0.140651478    0.354977247
   43.567635802   -0.132469271    0.356650123
   43.595981694   -0.120904364    0.358487886
   43.624327586   -0.106253744    0.360483042
   43.652673477   -0.089022502    0.362629153
   43.681019369   -0.069779692    0.364920385
   43.709365261   -0.048984627    0.367350822
   43.737711153   -0.026835710    0.369913709
   43.766057045   -0.003191199    0.372600822
   43.794402937    0.022406144    0.375402179
   43.822748829    0.050596348    0.378306205
   43.851094720    0.081988067    0.381300355
   43.879440612    0.116914761    0.384372050
   43.907786504    0.155225327    0.387509698
   43.936132396    0.196168698    0.390703490
   43.964478288    0.238411136    0.393945726
   43.992824180    0.280192885    0.397230555
   44.021170072    0.319595889    0.400553152
   44.049515964    0.354865471    0.403908557
   44.077861855    0.384713999    0.407290492
   44.106207747    0.408537546    0.410690543
   44.134553639    0.426496798    0.414097958
   44.162899531    0.439445695    0.417500198
   44.191245423    0.448727242    0.420884120
   44.219591315    0.455886395    0.424237479
   44.247937207    0.462367335    0.427550319
   44.276283098    0.469262766    0.430815789
   44.304628990    0.477166664    0.434030092
   44.332974882    0.486153894    0.437191470
   44.361320774    0.495878068    0.440298447
   44.389666666    0.505751222    0.443347787
   44.418012558    0.515152290    0.446332793
   44.446358450    0.523609406    0.449242537
   44.474704342    0.530913426    0.452062449
   44.503050233    0.537142256    0.454776366
   44.531396125    0.542601198    0.457369769
   44.559742017    0.547706340    0.459833581
   44.588087909    0.552850535    0.462167699
   44.616433801    0.558292029    0.464383411
   44.644779693    0.564095263    0.466504016
   44.673125585    0.570135475    0.468563355
   44.701471477    0.576159279    0.470602399
   44.729817368    0.581877840    0.472664479
   44.758163260    0.587061867    0.474790038
   44.786509152    0.591609824    0.477011938
   44.814855044    0.595571114    0.479352175
   44.843200936    0.599120957    0.481820596
   44.871546828    0.602498413    0.484415720
   44.899892720    0.605929264    0.487127330
   44.928238611    0.609558471    0.489940156
   44.956584503    0.613412240    0.492837740
   44.984930395    0.617399389    0.495805662
   45.013276287    0.621349007    0.498833496
   45.041622179    0.625070515    0.501915244
   45.069968071    0.628416179    0.505048380
   45.098313963    0.631326570    0.508231973
   45.126659855    0.633845852    0.511464525
   45.155005746    0.636103805    0.514742176
   45.183351638    0.638271970    0.518057735
   45.211697530    0.640508911    0.521400756
   45.240043422    0.642912192    0.524758517
   45.268389314    0.645491736    0.528117578
   45.296735206    0.648171854    0.531465390
   45.325081098    0.650819992    0.534791513
   45.353426989    0.653292005    0.538088106
   45.381772881    0.655479096    0.541349592
   45.410118773    0.657341637    0.544571665
   45.438464665    0.658919864    0.547749957
   45.466810557    0.660319000    0.550878771
   45.495156449    0.661674506    0.553950253
   45.523502341    0.663109104    0.556954205
   45.551848233    0.664695351    0.559878568
   45.580194124    0.666435319    0.562710389
   45.608540016    0.668263119    0.565436984
   45.636885908    0.670068690    0.568046951
   45.665231800    0.671734668    0.570530781
   45.693577692    0.673174299    0.572880905
   45.721923584    0.674358488    0.575091250
   45.750269476    0.675323821    0.577156435
   45.778615368    0.676159644    0.579070884
   45.806961259    0.676978906    0.580828095
   45.835307151    0.677882410    0.582420231
   45.863653043    0.678927907    0.583838109
   45.891998935    0.680113590    0.585071512
   45.920344827    0.681380789    0.586109715
   45.948690719    0.682634459    0.586942045
   45.977036611    0.683774562    0.587558414
   46.005382502    0.684728178    0.587949759
   46.033728394    0.685472228    0.588108511
   46.062074286    0.686039925    0.588029180
   46.090420178    0.686509326    0.587709215
   46.118766070    0.686978040    0.587150168
   46.147111962    0.687532369    0.586359114
   46.175457854    0.688220730    0.585350121
   46.203803746    0.689039599    0.584145449
   46.232149637    0.689936117    0.582776164
   46.260495529    0.690826142    0.581281852
   46.288841421    0.691621741    0.579709306
   46.317187313    0.692259262    0.578110217
   46.345533205    0.692719153    0.576538135
   46.373879097    0.693031482    0.575045118
   46.402224989    0.693265714    0.573678540
   46.430570880    0.693508301    0.572478541
   46.458916772    0.693835360    0.571476435
   46.487262664    0.694289148    0.570694219
   46.515608556    0.694865623    0.570145099
   46.543954448    0.695516814    0.569834788
   46.572300340    0.696166942    0.569763201
   46.600646232    0.696736980    0.569926209
   46.628992124    0.697169774    0.570317133
   46.657338015    0.697447818    0.570927833
   46.685683907    0.697598238    0.571749376
   46.714029799    0.697683647    0.572772384
   46.742375691    0.697781998    0.573987202
   46.770721583    0.697961957    0.575384057
   46.799067475    0.698261609    0.576953265
   46.827413367    0.698677132    0.578685510
   46.855759259    0.699164820    0.580572091
   46.884105150    0.699655610    0.582605050
   46.912451042    0.700077330    0.584777079
   46.940796934    0.700377567    0.587081175
   46.969142826    0.700539956    0.589510118
   46.997488718    0.700588887    0.592055899
   47.025834610    0.700581325    0.594709283
   47.054180502    0.700588518    0.597459667
   47.082526393    0.700673498    0.600295303
   47.110872285    0.700871485    0.603203872
   47.139218177    0.701179319    0.606173259
   47.167564069    0.701557097    0.609192313
   47.195909961    0.701941322    0.612251366
   47.224255853    0.702265271    0.615342335
   47.252601745    0.702480081    0.618458363
   47.280947637    0.702569936    0.621593073
   47.309293528    0.702556655    0.624739658
   47.337639420    0.702492402    0.627890065
   47.365985312    0.702442964    0.631034543
   47.394331204    0.702466975    0.634161711
   47.422677096    0.702597657    0.637259145
   47.451022988    0.702832781    0.640314338
   47.479368880    0.703135874    0.643315756
   47.507714771    0.703448173    0.646253644
   47.536060663    0.703707400    0.649120346
   47.564406555    0.703867420    0.651909962
   47.592752447    0.703912569    0.654617448
   47.621098339    0.703862249    0.657237368
   47.649444231    0.703764454    0.659762711
   47.677790123    0.703680409    0.662184145
   47.706136015    0.703665239    0.664490068
   47.734481906    0.703750772    0.666667552
   47.762827798    0.703935875    0.668704096
   47.791173690    0.704187217    0.670589848
   47.819519582    0.704450146    0.672319794
   47.847865474    0.704666112    0.673895402
   47.876211366    0.704791115    0.675325279
   47.904557258    0.704809385    0.676624621
   47.932903150    0.704738043    0.677813504
   47.961249041    0.704621398    0.678914343
   47.989594933    0.704516779    0.679949007
   48.017940825    0.704476437    0.680936195
   48.046286717    0.704531236    0.681889559
   48.074632609    0.704681227    0.682816928
   48.102978501    0.704895978    0.683720677
   48.131324393    0.705124469    0.684599065
   48.159670284    0.705311328    0.685448145
   48.188016176    0.705414262    0.686263747
   48.216362068    0.705417209    0.687043088
   48.244707960    0.705335129    0.687785680
   48.273053852    0.705209017    0.688493436
   48.301399744    0.705092806    0.689170064
   48.329745636    0.705036347    0.689820025
   48.358091528    0.705069834    0.690447412
   48.386437419    0.705194548    0.691055072
   48.414783311    0.705382752    0.691644192
   48.443129203    0.705586681    0.692214428
   48.471475095    0.705753725    0.692764461
   48.499820987    0.705842978    0.693292782
   48.528166879    0.705837970    0.693798445
   48.556512771    0.705751605    0.694281565
   48.584858662    0.705621862    0.694743428
   48.613204554    0.705499669    0.695186223
   48.641550446    0.705432832    0.695612503
   48.669896338    0.705451092    0.696024561
   48.698242230    0.705556979    0.696423930
   48.726588122    0.705725275    0.696811140
   48.754934014    0.705911172    0.697185800
   48.783279906    0.706064503    0.697546963
   48.811625797    0.706145512    0.697893625
   48.839971689    0.706137237    0.698225215
   48.868317581    0.706050629    0.698541917
   48.896663473    0.705920892    0.698844721
   48.925009365    0.705796250    0.699135224
   48.953355257    0.705722734    0.699415237
   48.981701149    0.705729787    0.699686335
   49.010047041    0.705821183    0.699949504
   49.038392932    0.705974071    0.700204981
   49.066738824    0.706146357    0.700452327
   49.095084716    0.706290061    0.700690716
   49.123430608    0.706366398    0.700919323
   49.151776500    0.706357860    0.701137692
   49.180122392    0.706273537    0.701345975
   49.208468284    0.706146054    0.701544963
   49.236814175    0.706021172    0.701735910
   49.265160067    0.705943354    0.701920214
   49.293505959    0.705941853    0.702099063
   49.321851851    0.706021673    0.702273145
   49.350197743    0.706162194    0.702442537
   49.378543635    0.706323839    0.702606772
   49.406889527    0.706460614    0.702765082
   49.435235419    0.706534569    0.702916724
   49.463581310    0.706527625    0.703061283
   49.491927202    0.706447090    0.703198867
   49.520273094    0.706323177    0.703330122
   49.548618986    0.706199382    0.703456079
   49.576964878    0.706118759    0.703577879
   49.605310770    0.706110449    0.703696471
   49.633656662    0.706180659    0.703812369
   49.662002553    0.706310889    0.703925559
   49.690348445    0.706463909    0.704035563
   49.718694337    0.706595553    0.704141654
   49.747040229    0.706668604    0.704243138
   49.775386121    0.706664397    0.704339619
   49.803732013    0.706588534    0.704431163
   49.832077905    0.706468961    0.704518310
   49.860423797    0.706347062    0.704601938
   49.888769688    0.706264609    0.704683017
   49.917115580    0.706250684    0.704762341
   49.945461472    0.706312666    0.704840317
   49.973807364    0.706434068    0.704916881
   50.002153256    0.706579867    0.704991559
   50.030499148    0.706707599    0.705063658
   50.058845040    0.706780699    0.705132519
   50.087190932    0.706779915    0.705197756
   50.115536823    0.706709217    0.705259399
   50.143882715    0.706594401    0.705317910
   50.172228607    0.706474870    0.705374053
   50.200574499    0.706391213    0.705428680
   50.228920391    0.706372488    0.705482480
   50.257266283    0.706427207    0.705535793
   50.285612175    0.706540806    0.705588532
   50.313958066    0.706680352    0.705640233
   50.342303958    0.706804975    0.705690237
   50.370649850    0.706878707    0.705737914
   50.398995742    0.706881717    0.705782881
   50.427341634    0.706816408    0.705825142
   50.455687526    0.706706535    0.705865097
   50.484033418    0.706589628    0.705903426
   50.512379310    0.706505166    0.705940893
   50.540725201    0.706482206    0.705978118
   50.569071093    0.706530359    0.706015398
   50.597416985    0.706636895    0.706052637
   50.625762877    0.706770870    0.706089393
   50.654108769    0.706892924    0.706125036
   50.682454661    0.706967644    0.706158959
   50.710800553    0.706974631    0.706190788
   50.739146444    0.706914791    0.706220501
   50.767492336    0.706809924    0.706248449
   50.795838228    0.706695780    0.706275247
   50.824184120    0.706610789    0.706301594
   50.852530012    0.706584017    0.706328060
   50.880875904    0.706626129    0.706354917
   50.909221796    0.706726156    0.706382072
   50.937567688    0.706855055    0.706409103
   50.965913579    0.706974902    0.706435411
   50.994259471    0.707050814    0.706460412
   51.022605363    0.707061841    0.706483735
   51.050951255    0.707007451    0.706505339
   51.079297147    0.706907574    0.706525531
   51.107643039    0.706796256    0.706544878
   51.135988931    0.706710924    0.706564025
   51.164334823    0.706680655    0.706583506
   51.192680714    0.706717128    0.706603582
   51.221026606    0.706811060    0.706624165
   51.249372498    0.706935235    0.706644859
   51.277718390    0.707053110    0.706665092
   51.306064282    0.707130306    0.706684302
   51.334410174    0.707145352    0.706702120
   51.362756066    0.707096333    0.706718487
   51.391101957    0.707001384    0.706733677
   51.419447849    0.706892913    0.706748210
   51.447793741    0.706807377    0.706762695
   51.476139633    0.706773862    0.706777636
   51.504485525    0.706805016    0.706793288
   51.532831417    0.706893181    0.706809576
   51.561177309    0.707012894    0.706826129
   51.589523201    0.707128948    0.706842401
   51.617869092    0.707207459    0.706857850
   51.646214984    0.707226456    0.706872109
   51.674560876    0.707182702    0.706885102
   51.702906768    0.707092603    0.706897073
   51.731252660    0.706986981    0.706908504
   51.759598552    0.706901355    0.706919971
   51.787944444    0.706864806    0.706931960
   51.816290336    0.706890911    0.706944721
   51.844636227    0.706973572    0.706958194
   51.872982119    0.707089021    0.706972034
   51.901328011    0.707203348    0.706985720
   51.929673903    0.707283156    0.706998726
   51.958019795    0.707306007    0.707010688
   51.986365687    0.707267392    0.707021516
   52.014711579    0.707182052    0.707031424
   52.043057470    0.707079271    0.707040864
   52.071403362    0.706993650    0.707050381
   52.099749254    0.706954251    0.707060446
   52.128095146    0.706975534    0.707071310
   52.156441038    0.707052905    0.707082929
   52.184786930    0.707164238    0.707094982
   52.213132822    0.707276886    0.707106973
   52.241478714    0.707357940    0.707118393
   52.269824605    0.707384526    0.707128877
   52.298170497    0.707350918    0.707138321
   52.326516389    0.707270243    0.707146916
   52.354862281    0.707170294    0.707155081
   52.383208173    0.707084765    0.707163338
   52.411554065    0.707042682    0.707172146
   52.439899957    0.707059347    0.707181759
   52.468245848    0.707131610    0.707192149
   52.496591740    0.707238942    0.707203018
   52.524937632    0.707349931    0.707213894
   52.553283524    0.707432161    0.707224283
   52.581629416    0.707462356    0.707233820
   52.609975308    0.707433619    0.707242389
   52.638321200    0.707357522    0.707250155
   52.666667092    0.707260400    0.707257512
   52.695012983    0.707175048    0.707264959
   52.723358875    0.707130438    0.707272945
   52.751704767    0.707142667    0.707281727
   52.780050659    0.707209982    0.707291294
   52.808396551    0.707313402    0.707301372
   52.836742443    0.707422730    0.707311511
   52.865088335    0.707506051    0.707321230
   52.893434227    0.707539719    0.707330166
   52.921780118    0.707515721    0.707338189
   52.950126010    0.707444117    0.707345441
   52.978471902    0.707349817    0.707352291
   53.006817794    0.707264727    0.707359218
   53.035163686    0.707217737    0.707366663
   53.063509578    0.707225699    0.707374887
   53.091855470    0.707288203    0.707383897
   53.120201361    0.707387778    0.707393439
   53.148547253    0.707495426    0.707403086
   53.176893145    0.707579743    0.707412370
   53.205239037    0.707616747    0.707420927
   53.233584929    0.707597356    0.707428616
   53.261930821    0.707530167    0.707435557
   53.290276713    0.707438692    0.707442095
   53.318622605    0.707353948    0.707448692
   53.346968496    0.707304721    0.707455778
   53.375314388    0.707308573    0.707463622
   53.403660280    0.707366391    0.707472246
   53.432006172    0.707462176    0.707481420
   53.460352064    0.707568115    0.707490735
   53.488697956    0.707653325    0.707499735
   53.517043848    0.707693528    0.707508059
   53.545389739    0.707678619    0.707515551
   53.573735631    0.707615772    0.707522312
   53.602081523    0.707527129    0.707528665
   53.630427415    0.707442817    0.707535053
   53.658773307    0.707391492    0.707541900
   53.687119199    0.707391384    0.707549481
   53.715465091    0.707444629    0.707557832
   53.743810983    0.707536667    0.707566745
   53.772156874    0.707640856    0.707575832
   53.800502766    0.707726853    0.707584648
   53.828848658    0.707770118    0.707592831
   53.857194550    0.707759568    0.707600215
   53.885540442    0.707700997    0.707606881
   53.913886334    0.707615198    0.707613129
   53.942232226    0.707531404    0.707619388
   53.970578118    0.707478117    0.707626074
   53.998924009    0.707474189    0.707633466
   54.027269901    0.707522964    0.707641618
   54.055615793    0.707611288    0.707650342
   54.083961685    0.707713683    0.707659268
   54.112307577    0.707800359    0.707667963
   54.140653469    0.707846549    0.707676065
   54.168999361    0.707840240    0.707683398
   54.197345252    0.707785882    0.707690022
   54.225691144    0.707702942    0.707696219
   54.254037036    0.707619755    0.707702399
   54.282382928    0.707564638    0.707708974
   54.310728820    0.707557027    0.707716228
   54.339074712    0.707601430    0.707724230
   54.367420604    0.707686068    0.707732810
   54.395766496    0.707786618    0.707741619
   54.424112387    0.707873861    0.707750234
   54.452458279    0.707922843    0.707758294
   54.480804171    0.707920661    0.707765612
   54.509150063    0.707870460    0.707772229
   54.537495955    0.707790396    0.707778408
   54.565841847    0.707707905    0.707784544
   54.594187739    0.707651089    0.707791041
   54.622533630    0.707639927    0.707798190
   54.650879522    0.707680048    0.707806072
   54.679225414    0.707761022    0.707814539
   54.707571306    0.707859674    0.707823260
   54.735917198    0.707947375    0.707831822
   54.764263090    0.707999016    0.707839864
   54.792608982    0.708000849    0.707847189
   54.820954874    0.707954750    0.707853822
   54.849300765    0.707877582    0.707860005
   54.877646657    0.707795875    0.707866117
   54.905992549    0.707737489    0.707872559
   54.934338441    0.707722903    0.707879623
   54.962684333    0.707758829    0.707887407
   54.991030225    0.707836158    0.707895782
   55.019376117    0.707932857    0.707904432
   55.047722009    0.708020906    0.707912958
   55.076067900    0.708075075    0.707920998
   55.104413792    0.708080814    0.707928345
   55.132759684    0.708038765    0.707935007
   55.161105576    0.707964517    0.707941207
   55.189451468    0.707883680    0.707947311
   55.217797360    0.707823851    0.707953711
   55.246143252    0.707805968    0.707960706
   55.274489143    0.707837783    0.707968407
   55.302835035    0.707911483    0.707976702
   55.331180927    0.708006174    0.707985294
   55.359526819    0.708094460    0.707993794
   55.387872711    0.708151029    0.708001841
   55.416218603    0.708160568    0.708009218
   55.444564495    0.708122518    0.708015919
   55.472910387    0.708051210    0.708022146
   55.501256278    0.707971333    0.708028250
   55.529602170    0.707910186    0.708034619
   55.557948062    0.707889127    0.708041555
   55.586293954    0.707916915    0.708049182
   55.614639846    0.707987001    0.708057407
   55.642985738    0.708079627    0.708065948
   55.671331630    0.708168040    0.708074428
   55.699677521    0.708226881    0.708082488
   55.728023413    0.708240114    0.708089901
   55.756369305    0.708206015    0.708096644
   55.784715197    0.708137669    0.708102904
   55.813061089    0.708058839    0.708109015
   55.841406981    0.707996497    0.708115360
   55.869752873    0.707972385    0.708122244
   55.898098765    0.707996225    0.708129804
   55.926444656    0.708062713    0.708137964
   55.954790548    0.708153218    0.708146460
   55.983136440    0.708241649    0.708154924
   56.011482332    0.708302635    0.708162999
   56.039828224    0.708319458    0.708170451
   56.068174116    0.708289260    0.708177241
   56.096520008    0.708223900    0.708183536
   56.124865900    0.708146202    0.708189659
   56.153211791    0.708082789    0.708195985
   56.181557683    0.708055744    0.708202822
   56.209903575    0.708075717    0.708210320
   56.238249467    0.708138621    0.708218419
   56.266595359    0.708226949    0.708226873
   56.294941251    0.708315291    0.708235324
   56.323287143    0.708378295    0.708243416
   56.351633034    0.708398604    0.708250908
   56.379978926    0.708372258    0.708257745
   56.408324818    0.708309905    0.708264079
   56.436670710    0.708233424    0.708270217
   56.465016602    0.708169062    0.708276527
   56.493362494    0.708139206    0.708283322
   56.521708386    0.708155393    0.708290761
   56.550054278    0.708214726    0.708298802
   56.578400169    0.708300823    0.708307215
   56.606746061    0.708388967    0.708315654
   56.635091953    0.708453864    0.708323764
   56.663437845    0.708477554    0.708331296
   56.691783737    0.708455011    0.708338182
   56.720129629    0.708395685    0.708344556
   56.748475521    0.708320507    0.708350711
   56.776821412    0.708255319    0.708357008
   56.805167304    0.708222771    0.708363763
   56.833513196    0.708235251    0.708371146
   56.861859088    0.708291031    0.708379132
   56.890204980    0.708374841    0.708387506
   56.918550872    0.708462680    0.708395932
   56.946896764    0.708529344    0.708404059
   56.975242656    0.708556310    0.708411632
   57.003588547    0.708537520    0.708418567
   57.031934439    0.708481242    0.708424982
   57.060280331    0.708407452    0.708431156
   57.088626223    0.708341558    0.708437442
   57.116972115    0.708306439    0.708444160
   57.145318007    0.708315294    0.708451490
   57.173663899    0.708367535    0.708459421
   57.202009791    0.708449005    0.708467756
   57.230355682    0.708536432    0.708476170
   57.258701574    0.708604736    0.708484314
   57.287047466    0.708634874    0.708491926
   57.315393358    0.708619786    0.708498910
   57.343739250    0.708566576    0.708505366
   57.372085142    0.708494257    0.708511561
   57.400431034    0.708427780    0.708517839
   57.428776925    0.708390210    0.708524522
   57.457122817    0.708395521    0.708531800
   57.485468709    0.708444241    0.708539678
   57.513814601    0.708523316    0.708547975
   57.542160493    0.708610224    0.708556376
   57.570506385    0.708680042    0.708564536
   57.598852277    0.708713247    0.708572187
   57.627198169    0.708701810    0.708579219
   57.655544060    0.708651687    0.708585717
   57.683889952    0.708580924    0.708591933
   57.712235844    0.708513984    0.708598205
   57.740581736    0.708474084    0.708604855
   57.768927628    0.708475934    0.708612083
   57.797273520    0.708521149    0.708619909
   57.825619412    0.708597776    0.708628167
   57.853965303    0.708684058    0.708636554
   57.882311195    0.708755265    0.708644729
   57.910657087    0.708791430    0.708652417
   57.939002979    0.708783593    0.708659497
   57.967348871    0.708736577    0.708666038
   57.995694763    0.708667451    0.708672276
   58.024040655    0.708600171    0.708678544
   58.052386547    0.708558062    0.708685162
   58.080732438    0.708556531    0.708692342
   58.109078330    0.708598258    0.708700117
   58.137424222    0.708672385    0.708708336
   58.165770114    0.708757936    0.708716709
   58.194116006    0.708830405    0.708724897
   58.222461898    0.708869426    0.708732622
   58.250807790    0.708865137    0.708739749
   58.279153682    0.708821245    0.708746332
   58.307499573    0.708753841    0.708752594
   58.335845465    0.708686339    0.708758859
   58.364191357    0.708642142    0.708765448
   58.392537249    0.708637313    0.708772580
   58.420883141    0.708675570    0.708780305
   58.449229033    0.708747143    0.708788485
   58.477574925    0.708831857    0.708796842
   58.505920816    0.708905464    0.708805043
   58.534266708    0.708947235    0.708812802
   58.562612600    0.708946442    0.708819976
   58.590958492    0.708905693    0.708826601
   58.619304384    0.708840091    0.708832888
   58.647650276    0.708772489    0.708839152
   58.675996168    0.708726322    0.708845713
   58.704342060    0.708718277    0.708852799
   58.732687951    0.708753082    0.708860474
   58.761033843    0.708822051    0.708868615
   58.789379735    0.708905824    0.708876956
   58.817725627    0.708980445    0.708885167
   58.846071519    0.709024862    0.708892960
   58.874417411    0.709027513    0.708900179
   58.902763303    0.708989922    0.708906848
   58.931109194    0.708926203    0.708913160
   58.959455086    0.708858618    0.708919424
   58.987800978    0.708810601    0.708925959
   59.016146870    0.708799421    0.708933001
   59.044492762    0.708830793    0.708940626
   59.072838654    0.708897108    0.708948728
   59.101184546    0.708979838    0.708957051
   59.129530438    0.709055349    0.708965271
   59.157876329    0.709102308    0.708973097
   59.186222221    0.709108350    0.708980361
   59.214568113    0.709073934    0.708987072
   59.242914005    0.709012177    0.708993411
   59.271259897    0.708944726    0.708999676
   59.299605789    0.708894976    0.709006186
   59.327951681    0.708880743    0.709013185
   59.356297573    0.708908702    0.709020761
   59.384643464    0.708972315    0.709028823
   59.412989356    0.709053900    0.709037128
   59.441335248    0.709130180    0.709045356
   59.469681140    0.709179577    0.709053213
   59.498027032    0.709188958    0.709060521
   59.526372924    0.709157731    0.709067275
   59.554718816    0.709098011    0.709073641
   59.583064707    0.709030809    0.709079909
   59.611410599    0.708979442    0.709086397
   59.639756491    0.708962238    0.709093353
   59.668102383    0.708986805    0.709100881
   59.696448275    0.709047670    0.709108903
   59.724794167    0.709128013    0.709117188
   59.753140059    0.709204943    0.709125422
   59.781485951    0.709256676    0.709133309
   59.809831842    0.709269341    0.709140660
   59.838177734    0.709241315    0.709147457
   59.866523626    0.709183706    0.709153851
   59.894869518    0.709116865    0.709160124
   59.923215410    0.709063997    0.709166590
   59.951561302    0.709043903    0.709173506
   59.979907194    0.709065100    0.709180986
   60.008253085    0.709123174    0.709188967
   60.036598977    0.709202179    0.709197231
   60.064944869    0.709279643    0.709205470
   60.093290761    0.709333608    0.709213385
   60.121636653    0.709349503    0.709220779
   60.149982545    0.709324686    0.709227618
   60.178328437    0.709269260    0.709234042
   60.206674329    0.709202889    0.709240320
   60.235020220    0.709148634    0.709246767
   60.263366112    0.709125733    0.709253643
   60.291712004    0.709143586    0.709261076
   60.320057896    0.709198829    0.709269016
   60.348403788    0.709276403    0.709277258
   60.376749680    0.709354284    0.709285500
   60.405095572    0.709410380    0.709293442
   60.433441464    0.709429447    0.709300878
   60.461787355    0.709407846    0.709307760
   60.490133247    0.709354669    0.709314213
   60.518479139    0.709288876    0.709320499
   60.546825031    0.709233347    0.709326927
   60.575170923    0.709207722    0.709333765
   60.603516815    0.709222259    0.709341151
   60.631862707    0.709274635    0.709349051
   60.660208598    0.709350690    0.709357269
   60.688554490    0.709428874    0.709365513
   60.716900382    0.709486998    0.709373481
   60.745246274    0.709509177    0.709380957
   60.773592166    0.709490796    0.709387881
   60.801938058    0.709439932    0.709394366
   60.830283950    0.709374821    0.709400660
   60.858629842    0.709318131    0.709407072
   60.886975733    0.709289868    0.709413873
   60.915321625    0.709301119    0.709421212
   60.943667517    0.709350594    0.709429070
   60.972013409    0.709425043    0.709437265
   61.000359301    0.709503418    0.709445509
   61.028705193    0.709563467    0.709453500
   61.057051085    0.709588698    0.709461017
   61.085396976    0.709573534    0.709467984
   61.113742868    0.709525045    0.709474500
   61.142088760    0.709460718    0.709480803
   61.170434652    0.709402979    0.709487200
   61.198780544    0.709372164    0.709493966
   61.227126436    0.709380164    0.709501259
   61.255472328    0.709426710    0.709509075
   61.283818220    0.709499469    0.709517245
   61.312164111    0.709577923    0.709525488
   61.340510003    0.709639793    0.709533502
   61.368855895    0.709668011    0.709541057
   61.397201787    0.709656061    0.709548067
   61.425547679    0.709610003    0.709554615
   61.453893571    0.709546561    0.709560930
   61.482239463    0.709487885    0.709567313
   61.510585355    0.709454608    0.709574044
   61.538931246    0.709459395    0.709581292
   61.567277138    0.709502985    0.709589066
   61.595623030    0.709573974    0.709597210
   61.623968922    0.709652397    0.709605450
   61.652314814    0.709715981    0.709613485
   61.680660706    0.709747119    0.709621079
   61.709006598    0.709738375    0.709628130
   61.737352489    0.709694801    0.709634711
   61.765698381    0.709632344    0.709641039
   61.794044273    0.709572844    0.709647411
   61.822390165    0.709537197    0.709654108
   61.850736057    0.709538811    0.709661312
   61.879081949    0.709579423    0.709669043
   61.907427841    0.709648564    0.709677159
   61.935773733    0.709726845    0.709685396
   61.964119624    0.709792036    0.709693451
   61.992465516    0.709826023    0.709701081
   62.020811408    0.709820473    0.709708175
   62.049157300    0.709779435    0.709714790
   62.077503192    0.709718060    0.709721132
   62.105849084    0.709657851    0.709727492
   62.134194976    0.709619926    0.709734158
   62.162540867    0.709618412    0.709741317
   62.190886759    0.709656028    0.709749007
   62.219232651    0.709723243    0.709757094
   62.247578543    0.709801273    0.709765325
   62.275924435    0.709867962    0.709773399
   62.304270327    0.709904724    0.709781066
   62.332616219    0.709902354    0.709788202
   62.360962111    0.709863901    0.709794850
   62.389308002    0.709803705    0.709801207
   62.417653894    0.709742901    0.709807559
   62.445999786    0.709702796    0.709814193
   62.474345678    0.709698201    0.709821310
   62.502691570    0.709732803    0.709828956
   62.531037462    0.709798018    0.709837015
   62.559383354    0.709875685    0.709845239
   62.587729246    0.709943762    0.709853330
   62.616075137    0.709983223    0.709861031
   62.644421029    0.709984015    0.709868209
   62.672766921    0.709948194    0.709874892
   62.701112813    0.709889275    0.709881266
   62.729458705    0.709827991    0.709887610
   62.757804597    0.709785803    0.709894215
   62.786150489    0.709778178    0.709901288
   62.814496380    0.709809752    0.709908892
   62.842842272    0.709872892    0.709916920
   62.871188164    0.709950086    0.709925136
   62.899534056    0.710019438    0.709933243
   62.927879948    0.710061521    0.709940979
   62.956225840    0.710065455    0.709948198
   62.984571732    0.710032312    0.709954916
   63.012917624    0.709974764    0.709961307
   63.041263515    0.709913118    0.709967645
   63.069609407    0.709868948    0.709974222
   63.097955299    0.709858343    0.709981254
   63.126301191    0.709886877    0.709988814
   63.154647083    0.709947868    0.709996812
   63.182992975    0.710024479    0.710005018
   63.211338867    0.710094993    0.710013139
   63.239684758    0.710139617    0.710020908
   63.268030650    0.710146673    0.710028168
   63.296376542    0.710116251    0.710034923
   63.324722434    0.710060171    0.710041332
   63.353068326    0.709998279    0.710047666
   63.381414218    0.709952227    0.710054216
   63.409760110    0.709938697    0.710061206
   63.438106002    0.709964179    0.710068723
   63.466451893    0.710022950    0.710076689
   63.494797785    0.710098867    0.710084884
   63.523143677    0.710170430    0.710093018
   63.551489569    0.710217514    0.710100819
   63.579835461    0.710227669    0.710108120
   63.608181353    0.710200011    0.710114911
   63.636527245    0.710145493    0.710121340
   63.664873137    0.710083471    0.710127671
   63.693219028    0.710035639    0.710134195
   63.721564920    0.710019238    0.710141145
   63.749910812    0.710041659    0.710148619
   63.778256704    0.710098139    0.710156552
   63.806602596    0.710173252    0.710164735
   63.834948488    0.710245750    0.710172880
   63.863294380    0.710295213    0.710180712
   63.891640271    0.710308443    0.710188053
   63.919986163    0.710283590    0.710194881
   63.948332055    0.710230728    0.710201332
   63.976677947    0.710168692    0.710207661
   64.005023839    0.710119182    0.710214161
   64.033369731    0.710099965    0.710221071
   64.061715623    0.710119317    0.710228502
   64.090061515    0.710173435    0.710236401
   64.118407406    0.710247637    0.710244570
   64.146753298    0.710320957    0.710252725
   64.175099190    0.710372717    0.710260587
   64.203445082    0.710388997    0.710267969
   64.231790974    0.710366989    0.710274834
   64.260136866    0.710315874    0.710281307
   64.288482758    0.710253940    0.710287635
   64.316828649    0.710202853    0.710294112
   64.345174541    0.710180876    0.710300983
   64.373520433    0.710197151    0.710308371
   64.401866325    0.710248841    0.710316236
   64.430212217    0.710322024    0.710324390
   64.458558109    0.710396055    0.710332553
   64.486904001    0.710450030    0.710340444
   64.515249893    0.710469334    0.710347866
   64.543595784    0.710450209    0.710354768
   64.571941676    0.710400930    0.710361264
   64.600287568    0.710339209    0.710367594
   64.628633460    0.710286646    0.710374050
   64.656979352    0.710261966    0.710380883
   64.685325244    0.710275160    0.710388227
   64.713671136    0.710324357    0.710396058
   64.742017028    0.710396418    0.710404195
   64.770362919    0.710471048    0.710412365
   64.798708811    0.710527156    0.710420283
   64.827054703    0.710549456    0.710427744
   64.855400595    0.710533249    0.710434685
   64.883746487    0.710485893    0.710441206
   64.912092379    0.710424496    0.710447538
   64.940438271    0.710370557    0.710453973
   64.968784162    0.710343231    0.710460769
   64.997130054    0.710353341    0.710468071
   65.025475946    0.710399984    0.710475865
   65.053821838    0.710470821    0.710483985
   65.082167730    0.710545942    0.710492160
   65.110513622    0.710604101    0.710500105
   65.138859514    0.710629367    0.710507605
   65.167205406    0.710616110    0.710514584
   65.195551297    0.710570760    0.710521130
   65.223897189    0.710509796    0.710527467
   65.252243081    0.710454579    0.710533883
   65.280588973    0.710424667    0.710540642
   65.308934865    0.710431693    0.710547901
   65.337280757    0.710475723    0.710555658
   65.365626649    0.710545238    0.710563759
   65.393972540    0.710620744    0.710571939
   65.422318432    0.710680871    0.710579909
   65.450664324    0.710709072    0.710587447
   65.479010216    0.710698792    0.710594465
   65.507356108    0.710655528    0.710601038
   65.535702000    0.710595102    0.710607380
   65.564047892    0.710538705    0.710613779
   65.592393784    0.710506268    0.710620502
   65.620739675    0.710510214    0.710627718
   65.649085567    0.710551577    0.710635438
   65.677431459    0.710619676    0.710643518
   65.705777351    0.710695460    0.710651701
   65.734123243    0.710757473    0.710659695
   65.762469135    0.710788572    0.710667271
   65.790815027    0.710781295    0.710674328
   65.819160919    0.710740192    0.710680928
   65.847506810    0.710680406    0.710687278
   65.875852702    0.710622929    0.710693660
   65.904198594    0.710588028    0.710700349
   65.932544486    0.710588902    0.710707522
   65.960890378    0.710627549    0.710715204
   65.989236270    0.710694141    0.710723263
   66.017582162    0.710770099    0.710731446
   66.045928053    0.710833913    0.710739464
   66.074273945    0.710867872    0.710747077
   66.102619837    0.710863616    0.710754173
   66.130965729    0.710824746    0.710760802
   66.159311621    0.710765702    0.710767160
   66.187657513    0.710707243    0.710773528
   66.216003405    0.710669944    0.710780182
   66.244349297    0.710667759    0.710787312
   66.272695188    0.710703644    0.710794956
   66.301041080    0.710768640    0.710802992
   66.329386972    0.710844668    0.710811175
   66.357732864    0.710910196    0.710819215
   66.386078756    0.710946973    0.710826864
   66.414424648    0.710945753    0.710834000
   66.442770540    0.710909183    0.710840659
   66.471116431    0.710850981    0.710847027
   66.499462323    0.710791639    0.710853381
   66.527808215    0.710752012    0.710860003
   66.556154107    0.710746783    0.710867090
   66.584499999    0.710779866    0.710874695
   66.612845891    0.710843181    0.710882707
   66.641191783    0.710919176    0.710890888
   66.669537675    0.710986328    0.710898948
   66.697883566    0.711025877    0.710906634
   66.726229458    0.711027703    0.710913809
   66.754575350    0.710993497    0.710920499
   66.782921242    0.710936234    0.710926877
   66.811267134    0.710876112    0.710933219
   66.839613026    0.710834229    0.710939809
   66.867958918    0.710825978    0.710946854
   66.896304810    0.710856221    0.710954419
   66.924650701    0.710917770    0.710962406
   66.952996593    0.710993628    0.710970584
   66.981342485    0.711062313    0.710978664
   67.009688377    0.711104582    0.710986385
   67.038034269    0.711109462    0.710993601
   67.066380161    0.711077682    0.711000321
   67.094726053    0.711021456    0.711006713
   67.123071944    0.710960656    0.711013044
   67.151417836    0.710916593    0.711019602
   67.179763728    0.710905345    0.711026605
   67.208109620    0.710932715    0.711034130
   67.236455512    0.710992416    0.711042090
   67.264801404    0.711068031    0.711050264
   67.293147296    0.711138154    0.711058362
   67.321493188    0.711183089    0.711066118
   67.349839079    0.711191025    0.711073374
   67.378184971    0.711161731    0.711080127
   67.406530863    0.711106639    0.711086532
   67.434876755    0.711045266    0.711092853
   67.463222647    0.710999104    0.711099382
   67.491568539    0.710984887    0.711106343
   67.519914431    0.711009353    0.711113826
   67.548260322    0.711067124    0.711121759
   67.576606214    0.711142391    0.711129927
   67.604952106    0.711213853    0.711138043
   67.633297998    0.711261396    0.711145833
   67.661643890    0.711272387    0.711153129
   67.689989782    0.711245637    0.711159915
   67.718335674    0.711191778    0.711166335
   67.746681566    0.711129941    0.711172648
   67.775027457    0.711081760    0.711179147
   67.803373349    0.711064607    0.711186067
   67.831719241    0.711086139    0.711193509
   67.860065133    0.711141900    0.711201414
   67.888411025    0.711216710    0.711209574
   67.916756917    0.711289412    0.711217705
   67.945102809    0.711339501    0.711225530
   67.973448701    0.711353545    0.711232866
   68.001794592    0.711329396    0.711239685
   68.030140484    0.711276870    0.711246122
   68.058486376    0.711214676    0.711252428
   68.086832268    0.711164564    0.711258899
   68.115178160    0.711144509    0.711265777
   68.143524052    0.711163079    0.711273178
   68.171869944    0.711216747    0.711281053
   68.200215835    0.711290990    0.711289205
   68.228561727    0.711364830    0.711297351
   68.256907619    0.711417402    0.711305208
   68.285253511    0.711434496    0.711312584
   68.313599403    0.711413005    0.711319438
   68.341945295    0.711361911    0.711325892
   68.370291187    0.711299473    0.711332193
   68.398637079    0.711247516    0.711338636
   68.426982970    0.711224593    0.711345474
   68.455328862    0.711240173    0.711352832
   68.483674754    0.711291668    0.711360676
   68.512020646    0.711365234    0.711368819
   68.540366538    0.711440106    0.711376978
   68.568712430    0.711495098    0.711384867
   68.597058322    0.711515237    0.711392284
   68.625404213    0.711496462    0.711399173
   68.653750105    0.711446900    0.711405646
   68.682095997    0.711384329    0.711411942
   68.710441889    0.711330615    0.711418360
   68.738787781    0.711304861    0.711425156
   68.767133673    0.711317425    0.711432472
   68.795479565    0.711366662    0.711440285
   68.823825457    0.711439441    0.711448416
   68.852171348    0.711515243    0.711456588
   68.880517240    0.711572589    0.711464508
   68.908863132    0.711595768    0.711471965
   68.937209024    0.711579766    0.711478890
   68.965554916    0.711531836    0.711485383
   68.993900808    0.711469245    0.711491676
   69.022246700    0.711413862    0.711498068
   69.050592592    0.711385313    0.711504825
   69.078938483    0.711394832    0.711512098
   69.107284375    0.711441731    0.711519878
   69.135630267    0.711513612    0.711527997
   69.163976159    0.711590238    0.711536179
   69.192322051    0.711649874    0.711544130
   69.220667943    0.711676091    0.711551627
   69.249013835    0.711662917    0.711558589
   69.277359726    0.711616720    0.711565102
   69.305705618    0.711554220    0.711571395
   69.334051510    0.711497255    0.711577763
   69.362397402    0.711465947    0.711584479
   69.390743294    0.711472394    0.711591709
   69.419089186    0.711516873    0.711599456
   69.447435078    0.711587746    0.711607561
   69.475780970    0.711665095    0.711615753
   69.504126861    0.711726958    0.711623734
   69.532472753    0.711756206    0.711631270
   69.560818645    0.711745917    0.711638269
   69.589164537    0.711701552    0.711644805
   69.617510429    0.711639252    0.711651097
   69.645856321    0.711580791    0.711657442
   69.674202213    0.711546759    0.711664119
   69.702548104    0.711550107    0.711671306
   69.730893996    0.711592087    0.711679018
   69.759239888    0.711661845    0.711687107
   69.787585780    0.711739816    0.711695308
   69.815931672    0.711803842    0.711703318
   69.844277564    0.711836118    0.711710894
   69.872623456    0.711828769    0.711717931
   69.900969348    0.711786332    0.711724490
   69.929315239    0.711724339    0.711730783
   69.957661131    0.711664467    0.711737106
   69.986007023    0.711627744    0.711743745
   70.014352915    0.711627969    0.711750887
   70.042698807    0.711667371    0.711758564
   70.071044699    0.711735910    0.711766637
   70.099390591    0.711814403    0.711774844
   70.127736483    0.711880532    0.711782882
   70.156082374    0.711915831    0.711790498
   70.184428266    0.711911475    0.711797574
   70.212774158    0.711871058    0.711804157
   70.241120050    0.711809477    0.711810453
   70.269465942    0.711748275    0.711816754
   70.297811834    0.711708897    0.711823355
   70.326157726    0.711705974    0.711830454
   70.354503617    0.711742725    0.711838093
   70.382849509    0.711809944    0.711846148
   70.411195401    0.711888864    0.711854362
   70.439541293    0.711957035    0.711862427
   70.467887185    0.711995350    0.711870083
   70.496233077    0.711994036    0.711877197
   70.524578969    0.711955729    0.711883806
   70.552924861    0.711894661    0.711890105
   70.581270752    0.711832210    0.711896387
   70.609616644    0.711790212    0.711902950
   70.637962536    0.711784120    0.711910004
   70.666308428    0.711818150    0.711917606
   70.694654320    0.711883950    0.711925642
   70.723000212    0.711963204    0.711933860
   70.751346104    0.712033357    0.711941951
   70.779691995    0.712074679    0.711949646
   70.808037887    0.712076453    0.711956800
   70.836383779    0.712040342    0.711963436
   70.864729671    0.711979883    0.711969740
   70.893075563    0.711916263    0.711976003
   70.921421455    0.711871682    0.711982528
   70.949767347    0.711862403    0.711989538
   70.978113239    0.711893645    0.711997102
   71.006459130    0.711957935    0.712005116
   71.034805022    0.712037432    0.712013337
   71.063150914    0.712109505    0.712021454
   71.091496806    0.712153824    0.712029189
   71.119842698    0.712158726    0.712036383
   71.148188590    0.712124890    0.712043047
   71.176534482    0.712065137    0.712049357
   71.204880374    0.712000426    0.712055602
   71.233226265    0.711953301    0.712062090
   71.261572157    0.711940822    0.712069055
   71.289918049    0.711969216    0.712076579
   71.318263941    0.712031905    0.712084572
   71.346609833    0.712111554    0.712092794
   71.374955725    0.712185486    0.712100935
   71.403301617    0.712232785    0.712108709
   71.431647508    0.712240852    0.712115944
   71.459993400    0.712209369    0.712122637
   71.488339292    0.712150413    0.712128955
   71.516685184    0.712084692    0.712135183
   71.545031076    0.712035064    0.712141635
   71.573376968    0.712019377    0.712148553
   71.601722860    0.712044865    0.712156037
   71.630068752    0.712105867    0.712164006
   71.658414643    0.712185579    0.712172229
   71.686760535    0.712261305    0.712180394
   71.715106427    0.712311565    0.712188206
   71.743452319    0.712322829    0.712195483
   71.771798211    0.712293771    0.712202206
   71.800144103    0.712235704    0.712208533
   71.828489995    0.712169053    0.712214745
   71.856835886    0.712116968    0.712221160
   71.885181778    0.712098069    0.712228033
   71.913527670    0.712120599    0.712235474
   71.941873562    0.712179829    0.712243418
   71.970219454    0.712259513    0.712251639
   71.998565346    0.712336965    0.712259827
   72.026911238    0.712390163    0.712267678
   72.055257130    0.712404651    0.712274997
   72.083603021    0.712378088    0.712281751
   72.111948913    0.712321001    0.712288089
   72.140294805    0.712253504    0.712294287
   72.168640697    0.712199012    0.712300666
   72.196986589    0.712176900    0.712307491
   72.225332481    0.712196424    0.712314889
   72.253678373    0.712253798    0.712322805
   72.282024265    0.712333362    0.712331023
   72.310370156    0.712412469    0.712339231
   72.338716048    0.712468576    0.712347121
   72.367061940    0.712486312    0.712354483
   72.395407832    0.712462313    0.712361272
   72.423753724    0.712406298    0.712367624
   72.452099616    0.712338042    0.712373810
   72.480445508    0.712281196    0.712380154
   72.508791399    0.712255876    0.712386930
   72.537137291    0.712272345    0.712394277
   72.565483183    0.712327780    0.712402155
   72.593829075    0.712407130    0.712410358
   72.622174967    0.712487818    0.712418579
   72.650520859    0.712546801    0.712426510
   72.678866751    0.712567807    0.712433938
   72.707212643    0.712546440    0.712440817
   72.735558534    0.712491590    0.712447284
   72.763904426    0.712422664    0.712453618
   72.792250318    0.712363522    0.712460159
   72.820596210    0.712335000    0.712467201
   72.848942102    0.712348368    0.712474900
   72.877287994    0.712401779    0.712483232
   72.905633886    0.712480818    0.712491995
   72.933979777    0.712563007    0.712500878
   72.962325669    0.712624833    0.712509554
   72.990671561    0.712649128    0.712517787
   73.019017453    0.712630462    0.712525503
   73.047363345    0.712576873    0.712532815
   73.075709237    0.712507370    0.712539989
   73.104055129    0.712445993    0.712547359
   73.132401021    0.712414277    0.712555221
   73.160746912    0.712424498    0.712563745
   73.189092804    0.712475796    0.712572916
   73.217438696    0.712554424    0.712582541
   73.245784588    0.712638033    0.712592309
   73.274130480    0.712702665    0.712601888
   73.302476372    0.712730270    0.712611028
   73.330822264    0.712714376    0.712619641
   73.359168156    0.712662148    0.712627831
   73.387514047    0.712592164    0.712635857
   73.415859939    0.712528613    0.712644055
   73.444205831    0.712493712    0.712652734
   73.472551723    0.712500736    0.712662076
   73.500897615    0.712549831    0.712672080
   73.529243507    0.712627945    0.712682563
   73.557589399    0.712712890    0.712693214
   73.585935290    0.712780291    0.712703694
   73.614281182    0.712811227    0.712713742
   73.642627074    0.712798180    0.712723254
   73.670972966    0.712747415    0.712732321
   73.699318858    0.712677050    0.712741198
   73.727664750    0.712611387    0.712750224
   73.756010642    0.712573307    0.712759716
   73.784356534    0.712577082    0.712769874
   73.812702425    0.712623880    0.712780709
   73.841048317    0.712701372    0.712792047
   73.869394209    0.712787570    0.712803579
   73.897740101    0.712857705    0.712814960
   73.926085993    0.712891998    0.712825914
   73.954431885    0.712881875    0.712836324
   73.982777777    0.712832680    0.712846268
   74.011123668    0.712762031    0.712855994
   74.039469560    0.712694319    0.712865845
   74.067815452    0.712653062    0.712876149
   74.096161344    0.712653532    0.712887119
   74.124507236    0.712697935    0.712898781
   74.152853128    0.712774698    0.712910971
   74.181199020    0.712862063    0.712923382
   74.209544912    0.712934900    0.712935661
   74.237890803    0.712972581    0.712947520
   74.266236695    0.712965464    0.712958826
   74.294582587    0.712917946    0.712969644
   74.322928479    0.712847115    0.712980217
   74.351274371    0.712777411    0.712990890
   74.379620263    0.712732977    0.713002002
   74.407966155    0.712730080    0.713013780
   74.436312047    0.712771987    0.713026265
   74.464657938    0.712847911    0.713039303
   74.493003830    0.712936362    0.713052589
   74.521349722    0.713011873    0.713065762
   74.549695614    0.713052975    0.713078522
   74.578041506    0.713048951    0.713090721
   74.606387398    0.713003222    0.713102409
   74.634733290    0.712932306    0.713113825
   74.663079181    0.712860665    0.713125316
   74.691425073    0.712813047    0.713137230
   74.719770965    0.712806717    0.713149810
   74.748116857    0.712846022    0.713163113
   74.776462749    0.712920997    0.713176993
   74.804808641    0.713010455    0.713191148
   74.833154533    0.713088616    0.713205210
   74.861500425    0.713133179    0.713218866
   74.889846316    0.713132339    0.713231951
   74.918192208    0.713088510    0.713244505
   74.946538100    0.713017607    0.713256757
   74.974883992    0.712944081    0.713269058
   75.003229884    0.712893267    0.713281767
   75.031575776    0.712883432    0.713295141
   75.059921668    0.712920026    0.713309252
   75.088267559    0.712993941    0.713323966
   75.116613451    0.713084330    0.713338981
   75.144959343    0.713165121    0.713353924
   75.173305235    0.713213192    0.713368467
   75.201651127    0.713215631    0.713382431
   75.229997019    0.713173817    0.713395841
   75.258342911    0.713103024    0.713408920
   75.286688803    0.713027660    0.713422020
   75.315034694    0.712973631    0.713435511
   75.343380586    0.712960213    0.713449667
   75.371726478    0.712993984    0.713464574
   75.400072370    0.713066725    0.713480109
   75.428418262    0.713157965    0.713495972
   75.456764154    0.713241370    0.713511783
   75.485110046    0.713292999    0.713527201
   75.513455938    0.713298819    0.713542030
   75.541801829    0.713259142    0.713556281
   75.570147721    0.713188562    0.713570172
   75.598493613    0.713111411    0.713584055
   75.626839505    0.713054148    0.713598312
   75.655185397    0.713037062    0.713613231
   75.683531289    0.713067881    0.713628916
   75.711877181    0.713139318    0.713645253
   75.740223072    0.713231316    0.713661945
   75.768568964    0.713317310    0.713678605
   75.796914856    0.713372548    0.713694879
   75.825260748    0.713381868    0.713710552
   75.853606640    0.713344480    0.713725623
   75.881952532    0.713274250    0.713740301
   75.910298424    0.713195393    0.713754943
   75.938644316    0.713134891    0.713769941
   75.966990207    0.713114035    0.713785597
   75.995336099    0.713141726    0.713802032
   76.023681991    0.713211652    0.713819143
   76.052027883    0.713304231    0.713836635
   76.080373775    0.713392724    0.713854116
   76.108719667    0.713451617    0.713871214
   76.137065559    0.713464627    0.713887701
   76.165411450    0.713429835    0.713903559
   76.193757342    0.713360314    0.713918990
   76.222103234    0.713280050    0.713934354
   76.250449126    0.713216429    0.713950053
   76.278795018    0.713191636    0.713966407
   76.307140910    0.713215681    0.713983551
   76.335486802    0.713283255    0.714001393
   76.363832694    0.713375399    0.714019643
   76.392178585    0.713465506    0.714037898
   76.420524477    0.713527759    0.714055775
   76.448870369    0.713545359    0.714073027
   76.477216261    0.713515955    0.714089621
   76.505562153    0.713452540    0.714105754
   76.533908045    0.713379502    0.714121786
   76.562253937    0.713325056    0.714138130
   76.590599829    0.713312400    0.714155122
   76.618945720    0.713352385    0.714172913
   76.647291612    0.713439994    0.714191422
   76.675637504    0.713555771    0.714210361
   76.703983396    0.713671773    0.714229320
   76.732329288    0.713760205    0.714247902
   76.760675180    0.713802047    0.714265845
   76.789021072    0.713792970    0.714283103
   76.817366963    0.713744678    0.714299866
   76.845712855    0.713681242    0.714316495
   76.874058747    0.713631558    0.714333412
   76.902404639    0.713620273    0.714350962
   76.930750531    0.713660030    0.714369303
   76.959096423    0.713747461    0.714388352
   76.987442315    0.713864193    0.714407805
   77.015788207    0.713982579    0.714427230
   77.044134098    0.714074354    0.714446198
   77.072479990    0.714119516    0.714464416
   77.100825882    0.714112647    0.714481818
   77.129171774    0.714064663    0.714498583
   77.157517666    0.713999446    0.714515081
   77.185863558    0.713946383    0.714531757
   77.214209450    0.713931151    0.714548985
   77.242555341    0.713967630    0.714566957
   77.270901233    0.714053496    0.714585615
   77.299247125    0.714170888    0.714604669
   77.327593017    0.714291963    0.714623689
   77.355938909    0.714387609    0.714642235
   77.384284801    0.714436593    0.714660000
   77.412630693    0.714432269    0.714676903
   77.440976585    0.714384723    0.714693115
   77.469322476    0.714317673    0.714709010
   77.497668368    0.714261063    0.714725045
   77.526014260    0.714241676    0.714741612
   77.554360152    0.714274698    0.714758922
   77.582706044    0.714358894    0.714776926
   77.611051936    0.714476929    0.714795336
   77.639397828    0.714600752    0.714813712
   77.667743720    0.714700371    0.714831594
   77.696089611    0.714753280    0.714848653
   77.724435503    0.714751568    0.714864791
   77.752781395    0.714704467    0.714880172
   77.781127287    0.714635528    0.714895173
   77.809473179    0.714575267    0.714910264
   77.837819071    0.714551604    0.714925860
   77.866164963    0.714581062    0.714942186
   77.894510854    0.714663523    0.714959208
   77.922856746    0.714782192    0.714976636
   77.951202638    0.714908804    0.714994015
   77.979548530    0.715012467    0.715010866
   78.007894422    0.715069371    0.715026835
   78.036240314    0.715070308    0.715041805
   78.064586206    0.715023640    0.715055933
   78.092932098    0.714952742    0.715069600
   78.121277989    0.714888720    0.715083292
   78.149623881    0.714860653    0.715097445
   78.177969773    0.714886435    0.715112304
   78.206315665    0.714967092    0.715127844
   78.234661557    0.715086380    0.715143773
   78.263007449    0.715215814    0.715159620
   78.291353341    0.715323581    0.715174882
   78.319699232    0.715384536    0.715189177
   78.348045124    0.715388145    0.715202369
   78.376391016    0.715341877    0.715214606
   78.404736908    0.715268931    0.715226277
   78.433082800    0.715201013    0.715237884
   78.461428692    0.715168395    0.715249884
   78.489774584    0.715190373    0.715262544
   78.518120476    0.715269143    0.715275847
   78.546466367    0.715389024    0.715289495
   78.574812259    0.715521308    0.715302998
   78.603158151    0.715633234    0.715315822
   78.631504043    0.715698287    0.715327559
   78.659849935    0.715704576    0.715338049
   78.688195827    0.715658652    0.715347432
   78.716541719    0.715583539    0.715356102
   78.744887611    0.715511560    0.715364583
   78.773233502    0.715474210    0.715373356
   78.801579394    0.715492227    0.715382706
   78.829925286    0.715569006    0.715392623
   78.858271178    0.715689441    0.715402799
   78.886617070    0.715824590    0.715412721
   78.914962962    0.715940717    0.715421820
   78.943308854    0.716009897    0.715429652
   78.971654745    0.716018845    0.715436035
   79.000000637    0.715973173    0.715441098
   79.028346529    0.715895724    0.715445246
   79.056692421    0.715819465    0.715449022
   79.085038313    0.715777151    0.715452934
   79.113384205    0.715791002    0.715457284
   79.141730097    0.715865647    0.715462069
   79.170075989    0.715986568    0.715466964
   79.198421880    0.716124575    0.715471424
   79.226767772    0.716244921    0.715474838
   79.255113664    0.716318228    0.715476722
   79.283459556    0.716329772    0.715476864
   79.311805448    0.716284203    0.715475385
   79.340151340    0.716204187    0.715472700
   79.368497232    0.716123358    0.715469375
   79.396843123    0.716075779    0.715465945
   79.425189015    0.716085202    0.715462731
   79.453534907    0.716157522    0.715459728
   79.481880799    0.716278823    0.715456589
   79.510226691    0.716419645    0.715452722
   79.538572583    0.716544194    0.715447468
   79.566918475    0.716621581    0.715440291
   79.595264367    0.716635598    0.715430946
   79.623610258    0.716589909    0.715419543
   79.651956150    0.716507005    0.715406507
   79.680302042    0.716421225    0.715392432
   79.708647934    0.716367988    0.715377882
   79.736993826    0.716372632    0.715363193
   79.765339718    0.716442359    0.715348351
   79.793685610    0.716563858    0.715332974
   79.822031502    0.716707381    0.715316413
   79.850377393    0.716836031    0.715297938
   79.878723285    0.716917357    0.715276954
   79.907069177    0.716933616    0.715253171
   79.935415069    0.716887461    0.715226689
   79.963760961    0.716801223    0.715197946
   79.992106853    0.716709982    0.715167565
   80.020452745    0.716650572    0.715136141
   80.048798636    0.716649967    0.715104020
   80.077144528    0.716716709    0.715071169
   80.105490420    0.716838092    0.715037153
   80.133836312    0.716984048    0.715001241
   80.162182204    0.717116530    0.714962616
   80.190528096    0.717201470    0.714920601
   80.218873988    0.717219561    0.714874855
   80.247219880    0.717172442    0.714825460
   80.275565771    0.717082305    0.714772869
   80.303911663    0.716985015    0.714717739
   80.332257555    0.716918854    0.714660684
   80.360603447    0.716912449    0.714602049
   80.388949339    0.716975656    0.714541749
   80.417295231    0.717096333    0.714479255
   80.445641123    0.717244043    0.714413707
   80.473987014    0.717379567    0.714344149
   80.502332906    0.717467257    0.714269786
   80.530678798    0.717486346    0.714190205
   80.559024690    0.717437612    0.714105464
   80.587370582    0.717343261    0.714016044
   80.615716474    0.717240009    0.713922651
   80.644062366    0.717167485    0.713825947
   80.672408258    0.717155611    0.713726282
   80.700754149    0.717214929    0.713623519
   80.729100041    0.717332969    0.713517014
   80.757445933    0.717477886    0.713405751
   80.785791825    0.717608259    0.713288600
   80.814137717    0.717686051    0.713164624
   80.842483609    0.717688635    0.713033317
   80.870829501    0.717616102    0.712894718
   80.899175393    0.717491497    0.712749343
   80.927521284    0.717353825    0.712597963
   80.955867176    0.717245987    0.712441279
   80.984213068    0.717201381    0.712279623
   81.012558960    0.717233393    0.712112749
   81.040904852    0.717331093    0.711939814
   81.069250744    0.717462563    0.711759544
   81.097596636    0.717584844    0.711570543
   81.125942527    0.717657435    0.711371652
   81.154288419    0.717655102    0.711162235
   81.182634311    0.717575958    0.710942310
   81.210980203    0.717442227    0.710712458
   81.239326095    0.717293396    0.710473550
   81.267671987    0.717173856    0.710226353
   81.296017879    0.717118896    0.709971157
   81.324363771    0.717143465    0.709707536
   81.352709662    0.717237270    0.709434322
   81.381055554    0.717367816    0.709149822
   81.409401446    0.717490497    0.708852216
   81.437747338    0.717562597    0.708540002
   81.466093230    0.717556811    0.708212361
   81.494439122    0.717470018    0.707869313
   81.522785014    0.717324461    0.707511589
   81.551130905    0.717160926    0.707140266
   81.579476797    0.717025981    0.706756245
   81.607822689    0.716957276    0.706359760
   81.636168581    0.716971529    0.705950058
   81.664514473    0.717059031    0.705525384
   81.692860365    0.717186458    0.705083286
   81.721206257    0.717307203    0.704621170
   81.749552149    0.717375993    0.704136940
   81.777898040    0.717363239    0.703629506
   81.806243932    0.717264543    0.703099006
   81.834589824    0.717102324    0.702546608
   81.862935716    0.716918964    0.701973948
   81.891281608    0.716763552    0.701382329
   81.919627500    0.716676380    0.700771933
   81.947973392    0.716676060    0.700141302
   81.976319284    0.716753390    0.699487289
   82.004665175    0.716873964    0.698805551
   82.033011067    0.716988805    0.698091506
   82.061356959    0.717049731    0.697341503
   82.089702851    0.717024621    0.696553850
   82.118048743    0.716907764    0.695729373
   82.146394635    0.716721926    0.694871226
   82.174740527    0.716511420    0.693983878
   82.203086418    0.716328251    0.693071425
   82.231432310    0.716215674    0.692135546
   82.259778202    0.716194334    0.691173603
   82.288124094    0.716255437    0.690177345
   82.316469986    0.716363174    0.689132622
   82.344815878    0.716465756    0.688020268
   82.373161770    0.716511647    0.686818059
   82.401507662    0.716465911    0.685503402
   82.429853553    0.716321472    0.684056238
   82.458199445    0.716101669    0.682461564
   82.486545337    0.715853167    0.680711087
   82.514891229    0.715631379    0.678803703
   82.543237121    0.715482916    0.676744781
   82.571583013    0.715430623    0.674544473
   82.599928905    0.715465976    0.672215498
   82.628274796    0.715551348    0.669770928
   82.656620688    0.715631567    0.667222448
   82.684966580    0.715651195    0.664579435
   82.713312472    0.715572116    0.661848929
   82.741658364    0.715385852    0.659036378
   82.770004256    0.715116609    0.656146828
   82.798350148    0.714813957    0.653186156
   82.826696040    0.714537345    0.650161976
   82.855041931    0.714337243    0.647083976
   82.883387823    0.714238889    0.643963624
   82.911733715    0.714233824    0.640813382
   82.940079607    0.714282053    0.637645668
   82.968425499    0.714324262    0.634471920
   82.996771391    0.714300382    0.631301989
   83.025117283    0.714168657    0.628144064
   83.053463175    0.713919158    0.625005079
   83.081809066    0.713577354    0.621891490
   83.110154958    0.713196449    0.618810158
   83.138500850    0.712840748    0.615769086
   83.166846742    0.712565225    0.612777797
   83.195192634    0.712397735    0.609847275
   83.223538526    0.712329595    0.606989501
   83.251884418    0.712317671    0.604216737
   83.280230309    0.712297489    0.601540787
   83.308576201    0.712203381    0.598972413
   83.336922093    0.711989334    0.596521072
   83.365267985    0.711643927    0.594194993
   83.393613877    0.711194451    0.592001544
   83.421959769    0.710698738    0.589947744
   83.450305661    0.710227071    0.588040772
   83.478651553    0.709839790    0.586288328
   83.506997444    0.709567664    0.584698796
   83.535343336    0.709401362    0.583281207
   83.563689228    0.709293554    0.582045078
   83.592035120    0.709173199    0.581000205
   83.620381012    0.708967698    0.580156458
   83.648726904    0.708625965    0.579523590
   83.677072796    0.708135047    0.579110972
   83.705418687    0.707524855    0.578927131
   83.733764579    0.706859247    0.578978972
   83.762110471    0.706216040    0.579270611
   83.790456363    0.705662128    0.579801856
   83.818802255    0.705231572    0.580566503
   83.847148147    0.704913753    0.581550720
   83.875494039    0.704655601    0.582731862
   83.903839931    0.704377480    0.584078049
   83.932185822    0.703997960    0.585548722
   83.960531714    0.703459699    0.587096251
   83.988877606    0.702748173    0.588668457
   84.017223498    0.701897073    0.590211732
   84.045569390    0.700978307    0.591674336
   84.073915282    0.700079473    0.593009394
   84.102261174    0.699275720    0.594177215
   84.130607066    0.698604919    0.595146656
   84.158952957    0.698054189    0.595895498
   84.187298849    0.697562417    0.596409917
   84.215644741    0.697038371    0.596683334
   84.243990633    0.696388975    0.596714930
   84.272336525    0.695548919    0.596508152
   84.300682417    0.694502116    0.596069393
   84.329028309    0.693287846    0.595406972
   84.357374200    0.691989196    0.594530397
   84.385720092    0.690707009    0.593449816
   84.414065984    0.689527324    0.592175588
   84.442411876    0.688492610    0.590717862
   84.470757768    0.687586206    0.589086197
   84.499103660    0.686735376    0.587289250
   84.527449552    0.685832588    0.585334625
   84.555795444    0.684768713    0.583228980
   84.584141335    0.683467799    0.580978397
   84.612487227    0.681912237    0.578588972
   84.640833119    0.680149842    0.576067500
   84.669179011    0.678279944    0.573422041
   84.697524903    0.676422254    0.570662220
   84.725870795    0.674677957    0.567799116
   84.754216687    0.673095373    0.564844744
   84.782562578    0.671651462    0.561811237
   84.810908470    0.670255790    0.558709950
   84.839254362    0.668776541    0.555550724
   84.867600254    0.667081001    0.552341550
   84.895946146    0.665077974    0.549088755
   84.924292038    0.662748428    0.545797662
   84.952637930    0.660153893    0.542473577
   84.980983822    0.657418939    0.539122795
   85.009329713    0.654692228    0.535753341
