    0.000000000    0.959259549    0.959295189
    0.028345892    0.959310357    0.959301426
    0.056691784    0.959360846    0.959307803
    0.085037676    0.959397178    0.959313984
    0.113383567    0.959409659    0.959319698
    0.141729459    0.959395806    0.959324827
    0.170075351    0.959361244    0.959329446
    0.198421243    0.959318114    0.959333792
    0.226767135    0.959281419    0.959338187
    0.255113027    0.959264424    0.959342926
    0.283458919    0.959274491    0.959348184
    0.311804811    0.959310683    0.959353958
    0.340150702    0.959363895    0.959360068
    0.368496594    0.959419548    0.959366219
    0.396842486    0.959462048    0.959372098
    0.425188378    0.959479645    0.959377475
    0.453534270    0.959468187    0.959382275
    0.481880162    0.959432563    0.959386606
    0.510226054    0.959385330    0.959390715
    0.538571946    0.959342906    0.959394914
    0.566917837    0.959320475    0.959399472
    0.595263729    0.959327178    0.959404532
    0.623609621    0.959363132    0.959410063
    0.651955513    0.959419234    0.959415871
    0.680301405    0.959479878    0.959421663
    0.708647297    0.959527777    0.959427140
    0.736993189    0.959549399    0.959432093
    0.765339080    0.959539308    0.959436470
    0.793684972    0.959502016    0.959440387
    0.822030864    0.959450711    0.959444095
    0.850376756    0.959403209    0.959447894
    0.878722648    0.959376378    0.959452036
    0.907068540    0.959380773    0.959456645
    0.935414432    0.959417191    0.959461678
    0.963760324    0.959476283    0.959466938
    0.992106215    0.959541381    0.959472136
    1.020452107    0.959593695    0.959476984
    1.048797999    0.959618254    0.959481285
    1.077143891    0.959608723    0.959484995
    1.105489783    0.959569518    0.959488232
    1.133835675    0.959514539    0.959491239
    1.162181567    0.959462860    0.959494305
    1.190527458    0.959432714    0.959497668
    1.218873350    0.959435684    0.959501444
    1.247219242    0.959472938    0.959505583
    1.275565134    0.959534750    0.959509890
    1.303911026    0.959603482    0.959514084
    1.332256918    0.959659126    0.959517883
    1.360602810    0.959685655    0.959521095
    1.388948702    0.959676165    0.959523676
    1.417294593    0.959635157    0.959525737
    1.445640485    0.959577202    0.959527510
    1.473986377    0.959522381    0.959529270
    1.502332269    0.959489928    0.959531246
    1.530678161    0.959492099    0.959533546
    1.559024053    0.959530211    0.959536122
    1.587369945    0.959594148    0.959538783
    1.615715837    0.959665509    0.959541251
    1.644061728    0.959723414    0.959543251
    1.672407620    0.959751147    0.959544587
    1.700753512    0.959741498    0.959545207
    1.729099404    0.959699116    0.959545210
    1.757445296    0.959639087    0.959544812
    1.785791188    0.959582179    0.959544273
    1.814137080    0.959548254    0.959543813
    1.842482971    0.959549945    0.959543535
    1.870828863    0.959588602    0.959543394
    1.899174755    0.959653825    0.959543202
    1.927520647    0.959726735    0.959542683
    1.955866539    0.959785950    0.959541559
    1.984212431    0.959814385    0.959539625
    2.012558323    0.959804692    0.959536812
    2.040904215    0.959761616    0.959533198
    2.069250106    0.959700513    0.959528981
    2.097595998    0.959642480    0.959524402
    2.125941890    0.959607668    0.959519672
    2.154287782    0.959608875    0.959514890
    2.182633674    0.959647480    0.959510009
    2.210979566    0.959712998    0.959504839
    2.239325458    0.959786405    0.959499100
    2.267671349    0.959846172    0.959492500
    2.296017241    0.959875094    0.959484814
    2.324363133    0.959865740    0.959475945
    2.352709025    0.959822805    0.959465946
    2.381054917    0.959761606    0.959454984
    2.409400809    0.959703219    0.959443283
    2.437746701    0.959667800    0.959431037
    2.466092593    0.959668205    0.959418337
    2.494438484    0.959705938    0.959405126
    2.522784376    0.959770697    0.959391202
    2.551130268    0.959843659    0.959376267
    2.579476160    0.959903450    0.959359997
    2.607822052    0.959932902    0.959342133
    2.636167944    0.959924458    0.959322535
    2.664513836    0.959882536    0.959301213
    2.692859728    0.959822084    0.959278299
    2.721205619    0.959763841    0.959253986
    2.749551511    0.959727772    0.959228444
    2.777897403    0.959726782    0.959201740
    2.806243295    0.959762679    0.959173791
    2.834589187    0.959825650    0.959144362
    2.862935079    0.959897398    0.959113108
    2.891280971    0.959956928    0.959079648
    2.919626862    0.959987166    0.959043656
    2.947972754    0.959980297    0.959004926
    2.976318646    0.959940184    0.958963402
    3.004664538    0.959881094    0.958919161
    3.033010430    0.959823172    0.958872343
    3.061356322    0.959786092    0.958823075
    3.089702214    0.959782893    0.958771374
    3.118048106    0.959815926    0.958717098
    3.146393997    0.959876173    0.958659936
    3.174739889    0.959946124    0.958599448
    3.203085781    0.960005306    0.958535147
    3.231431673    0.960036694    0.958466588
    3.259777565    0.960032018    0.958393452
    3.288123457    0.959994299    0.958315577
    3.316469349    0.959936843    0.958232945
    3.344815240    0.959879036    0.958145614
    3.373161132    0.959840259    0.958053624
    3.401507024    0.959833843    0.957956897
    3.429852916    0.959862947    0.957855170
    3.458198808    0.959919619    0.957747978
    3.486544700    0.959987330    0.957634696
    3.514890592    0.960046165    0.957514626
    3.543236484    0.960079028    0.957387109
    3.571582375    0.960076955    0.957251618
    3.599928267    0.960041856    0.957107804
    3.628274159    0.959985870    0.956955493
    3.656620051    0.959927551    0.956794599
    3.684965943    0.959886071    0.956625017
    3.713311835    0.959875264    0.956446493
    3.741657727    0.959899350    0.956258529
    3.770003619    0.959951663    0.956060353
    3.798349510    0.960016749    0.955850957
    3.826695402    0.960075197    0.955629212
    3.855041294    0.960109660    0.955394009
    3.883387186    0.960110229    0.955144400
    3.911733078    0.960077479    0.954879691
    3.940078970    0.960022264    0.954599438
    3.968424862    0.959962326    0.954303361
    3.996770753    0.959916780    0.953991163
    4.025116645    0.959900193    0.953662307
    4.053462537    0.959918068    0.953315802
    4.081808429    0.959965154    0.952950044
    4.110154321    0.960027078    0.952562764
    4.138500213    0.960084794    0.952151097
    4.166846105    0.960120486    0.951711754
    4.195191997    0.960123073    0.951241282
    4.223537888    0.960091645    0.950736345
    4.251883780    0.960035739    0.950193969
    4.280229672    0.959972393    0.949611719
    4.308575564    0.959920867    0.948987768
    4.336921456    0.959896679    0.948320862
    4.365267348    0.959906780    0.947610200
    4.393613240    0.959947379    0.946855271
    4.421959131    0.960005086    0.946055691
    4.450305023    0.960061033    0.945211070
    4.478650915    0.960096701    0.944320954
    4.506996807    0.960099660    0.943384821
    4.535342699    0.960067440    0.942402148
    4.563688591    0.960008329    0.941372501
    4.592034483    0.959938833    0.940295641
    4.620380375    0.959878581    0.939171592
    4.648726266    0.959844230    0.938000690
    4.677072158    0.959844261    0.936783566
    4.705418050    0.959876288    0.935521105
    4.733763942    0.959927733    0.934214364
    4.762109834    0.959979665    0.932864491
    4.790455726    0.960012645    0.931472646
    4.818801618    0.960012768    0.930039950
    4.847147510    0.959976018    0.928567452
    4.875493401    0.959909574    0.927056131
    4.903839293    0.959829635    0.925506920
    4.932185185    0.959756414    0.923920735
    4.960531077    0.959707840    0.922298516
    4.988876969    0.959693919    0.920641242
    5.017222861    0.959713527    0.918949936
    5.045568753    0.959754652    0.917225640
    5.073914644    0.959798041    0.915469364
    5.102260536    0.959823144    0.913682017
    5.130606428    0.959814523    0.911864333
    5.158952320    0.959766708    0.910016813
    5.187298212    0.959685980    0.908139686
    5.215644104    0.959588479    0.906232929
    5.243989996    0.959495202    0.904296318
    5.272335888    0.959425424    0.902329532
    5.300681779    0.959390593    0.900332265
    5.329027671    0.959390620    0.898304340
    5.357373563    0.959413766    0.896245768
    5.385719455    0.959440182    0.894156757
    5.414065347    0.959448047    0.892037641
    5.442411239    0.959420385    0.889888747
    5.470757131    0.959350426    0.887710237
    5.499103022    0.959243800    0.885501973
    5.527448914    0.959116847    0.883263445
    5.555794806    0.958991513    0.880993802
    5.584140698    0.958888427    0.878691993
    5.612486590    0.958820307    0.876356999
    5.640832482    0.958787799    0.873988087
    5.669178374    0.958779081    0.871585020
    5.697524266    0.958773411    0.869148152
    5.725870157    0.958747533    0.866678341
    5.754216049    0.958682949    0.864176703
    5.782561941    0.958571762    0.861644225
    5.810907833    0.958419220    0.859081359
    5.839253725    0.958242106    0.856487707
    5.867599617    0.958063453    0.853861922
    5.895945509    0.957905197    0.851201913
    5.924291401    0.957781097    0.848505354
    5.952637292    0.957692165    0.845770448
    5.980983184    0.957626083    0.842996774
    6.009329076    0.957560868    0.840186049
    6.037674968    0.957471628    0.837342575
    6.066020860    0.957338343    0.834473243
    6.094366752    0.957152158    0.831587011
    6.122712644    0.956918201    0.828693908
    6.151058535    0.956653962    0.825803728
    6.179404427    0.956383698    0.822924655
    6.207750319    0.956130602    0.820062099
    6.236096211    0.955909209    0.817217972
    6.264442103    0.955720450    0.814390566
    6.292787995    0.955550994    0.811575058
    6.321133887    0.955377119    0.808764509
    6.349479779    0.955171952    0.805951164
    6.377825670    0.954913798    0.803127745
    6.406171562    0.954592912    0.800288475
    6.434517454    0.954214521    0.797429636
    6.462863346    0.953797078    0.794549578
    6.491209238    0.953366239    0.791648228
    6.519555130    0.952946424    0.788726281
    6.547901022    0.952552633    0.785784300
    6.576246913    0.952185146    0.782821987
    6.604592805    0.951828836    0.779837796
    6.632938697    0.951457408    0.776828986
    6.661284589    0.951041264    0.773792080
    6.689630481    0.950556535    0.770723587
    6.717976373    0.949992411    0.767620787
    6.746322265    0.949354361    0.764482370
    6.774668157    0.948662160    0.761308787
    6.803014048    0.947943245    0.758102215
    6.831359940    0.947223443    0.754866210
    6.859705832    0.946518006    0.751605140
    6.888051724    0.945825828    0.748323588
    6.916397616    0.945128773    0.745025886
    6.944743508    0.944396437    0.741715891
    6.973089400    0.943594931    0.738397044
    7.001435292    0.942696955    0.735072654
    7.029781183    0.941689960    0.731746286
    7.058127075    0.940579711    0.728422102
    7.086472967    0.939387992    0.725105027
    7.114818859    0.938145031    0.721800668
    7.143164751    0.936878900    0.718514984
    7.171510643    0.935605230    0.715253793
    7.199856535    0.934320529    0.712022247
    7.228202426    0.933001362    0.708824399
    7.256548318    0.931609867    0.705662985
    7.284894210    0.930104056    0.702539434
    7.313240102    0.928449774    0.699454088
    7.341585994    0.926630570    0.696406512
    7.369931886    0.924652218    0.693395779
    7.398277778    0.922540209    0.690420589
    7.426623670    0.920330665    0.687479181
    7.454969561    0.918057246    0.684569010
    7.483315453    0.915737971    0.681686306
    7.511661345    0.913366116    0.678825631
    7.540007237    0.910908295    0.675979587
    7.568353129    0.908310756    0.673138818
    7.596699021    0.905512480    0.670292332
    7.625044913    0.902461439    0.667428144
    7.653390804    0.899129235    0.664534103
    7.681736696    0.895519424    0.661598771
    7.710082588    0.891666439    0.658612156
    7.738428480    0.887624485    0.655566189
    7.766774372    0.883448652    0.652454869
    7.795120264    0.879172814    0.649274111
    7.823466156    0.874790088    0.646021375
    7.851812048    0.870241306    0.642695239
    7.880157939    0.865415179    0.639295035
    7.908503831    0.860161016    0.635820668
    7.936849723    0.854311772    0.632272637
    7.965195615    0.847712602    0.628652225
    7.993541507    0.840248674    0.624961761
    8.021887399    0.831866109    0.621204831
    8.050233291    0.822581496    0.617386335
    8.078579183    0.812478106    0.613512331
    8.106925074    0.801689958    0.609589687
    8.135270966    0.790377592    0.605625616
    8.163616858    0.778701043    0.601627205
    8.191962750    0.766795897    0.597601075
    8.220308642    0.754757218    0.593553232
    8.248654534    0.742634094    0.589489159
    8.277000426    0.730434977    0.585414069
    8.305346317    0.718141564    0.581333239
    8.333692209    0.705727248    0.577252278
    8.362038101    0.693175462    0.573177217
    8.390383993    0.680493672    0.569114380
    8.418729885    0.667720096    0.565070026
    8.447075777    0.654922139    0.561049876
    8.475421669    0.642187468    0.557058633
    8.503767561    0.629610280    0.553099668
    8.532113452    0.617276226    0.549174935
    8.560459344    0.605249519    0.545285177
    8.588805236    0.593565104    0.541430347
    8.617151128    0.582227412    0.537610108
    8.645497020    0.571215689    0.533824256
    8.673842912    0.560494360    0.530072910
    8.702188804    0.550025740    0.526356363
    8.730534695    0.539781906    0.522674622
    8.758880587    0.529752742    0.519026723
    8.787226479    0.519948063    0.515410033
    8.815572371    0.510393189    0.511819743
    8.843918263    0.501118934    0.508248757
    8.872264155    0.492148525    0.504688084
    8.900610047    0.483484878    0.501127726
    8.928955939    0.475101890    0.497557920
    8.957301830    0.466942587    0.493970499
    8.985647722    0.458925413    0.490360096
    9.013993614    0.450957848    0.486724922
    9.042339506    0.442954418    0.483066958
    9.070685398    0.434854654    0.479391515
    9.099031290    0.426636058    0.475706246
    9.127377182    0.418317997    0.472019839
    9.155723074    0.409954502    0.468340657
    9.184068965    0.401616919    0.464675592
    9.212414857    0.393370308    0.461029351
    9.240760749    0.385249782    0.457404265
    9.269106641    0.377243672    0.453800590
    9.297452533    0.369289288    0.450217177
    9.325798425    0.361283983    0.446652301
    9.354144317    0.353110109    0.443104434
    9.382490208    0.344668122    0.439572816
    9.410836100    0.335908945    0.436057697
    9.439181992    0.326855726    0.432560289
    9.467527884    0.317606946    0.429082480
    9.495873776    0.308317261    0.425626441
    9.524219668    0.299158557    0.422194266
    9.552565560    0.290269921    0.418787725
    9.580911452    0.281709822    0.415408178
    9.609257343    0.273425160    0.412056629
    9.637603235    0.265249282    0.408733854
    9.665949127    0.256934659    0.405440536
    9.694295019    0.248217082    0.402177313
    9.722640911    0.238899078    0.398944748
    9.750986803    0.228933163    0.395743208
    9.779332695    0.218482868    0.392572712
    9.807678586    0.207942184    0.389432818
    9.836024478    0.197902245    0.386322608
    9.864370370    0.189065947    0.383240773
    9.892716262    0.182124123    0.380185806
    9.921062154    0.177617627    0.377156209
    9.949408046    0.175815268    0.374150659
    9.977753938    0.176636210    0.371168047
   10.006099830    0.179637062    0.368207355
   10.034445721    0.184070101    0.365267401
   10.062791613    0.189003042    0.362346493
   10.091137505    0.193476355    0.359442125
   10.119483397    0.196664940    0.356550815
   10.147829289    0.198009488    0.353668152
   10.176175181    0.197289590    0.350789102
   10.204521073    0.194624120    0.347908501
   10.232866965    0.190401431    0.345021643
   10.261212856    0.185158178    0.342124801
   10.289558748    0.179437172    0.339215545
   10.317904640    0.173658640    0.336292756
   10.346250532    0.168034739    0.333356315
   10.374596424    0.162545331    0.330406529
   10.402942316    0.156977073    0.327443455
   10.431288208    0.151011913    0.324466289
   10.459634099    0.144339247    0.321473024
   10.487979991    0.136761232    0.318460493
   10.516325883    0.128264065    0.315424833
   10.544671775    0.119038372    0.312362304
   10.573017667    0.109446152    0.309270288
   10.601363559    0.099946061    0.306148228
   10.629709451    0.090999358    0.302998297
   10.658055343    0.082982755    0.299825581
   10.686401234    0.076131029    0.296637727
   10.714747126    0.070522659    0.293444056
   10.743093018    0.066108879    0.290254323
   10.771438910    0.062774258    0.287077343
   10.799784802    0.060408435    0.283919749
   10.828130694    0.058966559    0.280785127
   10.856476586    0.058500346    0.277673678
   10.884822477    0.059151315    0.274582449
   10.913168369    0.061109434    0.271506062
   10.941514261    0.064550791    0.268437768
   10.969860153    0.069573907    0.265370591
   10.998206045    0.076154164    0.262298347
   11.026551937    0.084129880    0.259216339
   11.054897829    0.093223509    0.256121649
   11.083243721    0.103090615    0.253013013
   11.111589612    0.113380737    0.249890365
   11.139935504    0.123790803    0.246754226
   11.168281396    0.134094317    0.243605074
   11.196627288    0.144137299    0.240442876
   11.224973180    0.153802696    0.237266855
   11.253319072    0.162955237    0.234075548
   11.281664964    0.171385524    0.230867095
   11.310010856    0.178773239    0.227639678
   11.338356747    0.184684443    0.224391996
   11.366702639    0.188608268    0.221123666
   11.395048531    0.190026782    0.217835472
   11.423394423    0.188501770    0.214529426
   11.451740315    0.183756586    0.211208656
   11.480086207    0.175731833    0.207877170
   11.508432099    0.164600249    0.204539565
   11.536777990    0.150736942    0.201200758
   11.565123882    0.134652981    0.197865788
   11.593469774    0.116909852    0.194539723
   11.621815666    0.098036759    0.191227668
   11.650161558    0.078470950    0.187934846
   11.678507450    0.058533858    0.184666720
   11.706853342    0.038445008    0.181429101
   11.735199234    0.018364719    0.178228203
   11.763545125   -0.001551267    0.175070630
   11.791891017   -0.021104657    0.171963269
   11.820236909   -0.040031011    0.168913111
   11.848582801   -0.058007494    0.165926999
   11.876928693   -0.074689399    0.163011329
   11.905274585   -0.089763479    0.160171745
   11.933620477   -0.103000675    0.157412819
   11.961966368   -0.114290920    0.154737787
   11.990312260   -0.123648362    0.152148317
   12.018658152   -0.131184715    0.149644380
   12.047004044   -0.137058595    0.147224197
   12.075349936   -0.141416538    0.144884306
   12.103695828   -0.144344253    0.142619730
   12.132041720   -0.145843741    0.140424235
   12.160387612   -0.145843921    0.138290645
   12.188733503   -0.144241821    0.136211189
   12.217079395   -0.140961461    0.134177814
   12.245425287   -0.136011439    0.132182449
   12.273771179   -0.129521984    0.130217188
   12.302117071   -0.121748052    0.128274377
   12.330462963   -0.113035418    0.126346646
   12.358808855   -0.103758462    0.124426901
   12.387154747   -0.094247922    0.122508321
   12.415500638   -0.084731204    0.120584416
   12.443846530   -0.075305269    0.118649156
   12.472192422   -0.065953139    0.116697170
   12.500538314   -0.056602063    0.114724012
   12.528884206   -0.047208115    0.112726418
   12.557230098   -0.037842360    0.110702517
   12.585575990   -0.028750931    0.108651944
   12.613921881   -0.020366503    0.106575797
   12.642267773   -0.013260756    0.104476466
   12.670613665   -0.008043408    0.102357340
   12.698959557   -0.005228875    0.100222450
   12.727305449   -0.005102305    0.098076134
   12.755651341   -0.007619368    0.095922775
   12.783997233   -0.012367822    0.093766661
   12.812343125   -0.018604799    0.091611991
   12.840689016   -0.025365590    0.089462987
   12.869034908   -0.031622086    0.087324058
   12.897380800   -0.036456592    0.085199953
   12.925726692   -0.039212740    0.083095826
   12.954072584   -0.039590747    0.081017169
   12.982418476   -0.037667757    0.078969620
   13.010764368   -0.033842026    0.076958672
   13.039110259   -0.028717485    0.074989362
   13.067456151   -0.022958251    0.073066015
   13.095802043   -0.017147882    0.071192115
   13.124147935   -0.011684423    0.069370345
   13.152493827   -0.006731205    0.067602772
   13.180839719   -0.002227987    0.065891118
   13.209185611    0.002048201    0.064237023
   13.237531503    0.006394329    0.062642189
   13.265877394    0.011091020    0.061108330
   13.294223286    0.016333925    0.059636887
   13.322569178    0.022201217    0.058228565
   13.350915070    0.028659714    0.056882773
   13.379260962    0.035600852    0.055597146
   13.407606854    0.042890281    0.054367270
   13.435952746    0.050413015    0.053186773
   13.464298638    0.058099994    0.052047800
   13.492644529    0.065929824    0.050941841
   13.520990421    0.073908649    0.049860782
   13.549336313    0.082038509    0.048797947
   13.577682205    0.090287886    0.047748928
   13.606028097    0.098576556    0.046711989
   13.634373989    0.106781038    0.045687933
   13.662719881    0.114759005    0.044679451
   13.691065772    0.122383743    0.043690063
   13.719411664    0.129575569    0.042722903
   13.747757556    0.136317580    0.041779611
   13.776103448    0.142648095    0.040859599
   13.804449340    0.148630136    0.039959882
   13.832795232    0.154306643    0.039075512
   13.861141124    0.159656070    0.038200540
   13.889487016    0.164564395    0.037329288
   13.917832907    0.168825720    0.036457639
   13.946178799    0.172175389    0.035584052
   13.974524691    0.174349352    0.034710073
   14.002870583    0.175154434    0.033840225
   14.031216475    0.174529112    0.032981318
   14.059562367    0.172575326    0.032141356
   14.087908259    0.169548740    0.031328288
   14.116254150    0.165806147    0.030548918
   14.144600042    0.161721287    0.029808199
   14.172945934    0.157590511    0.029109052
   14.201291826    0.153554473    0.028452713
   14.229637718    0.149559540    0.027839477
   14.257983610    0.145373253    0.027269595
   14.286329502    0.140654173    0.026744082
   14.314675394    0.135061416    0.026265198
   14.343021285    0.128377327    0.025836466
   14.371367177    0.120611341    0.025462237
   14.399713069    0.112055935    0.025146903
   14.428058961    0.103276219    0.024893977
   14.456404853    0.095030634    0.024705266
   14.484750745    0.088137338    0.024580360
   14.513096637    0.083314906    0.024516547
   14.541442529    0.081033139    0.024509158
   14.569788420    0.081408296    0.024552247
   14.598134312    0.084167145    0.024639401
   14.626480204    0.088688413    0.024764482
   14.654826096    0.094112418    0.024922099
   14.683171988    0.099494280    0.025107720
   14.711517880    0.103966915    0.025317420
   14.739863772    0.106878994    0.025547367
   14.768209663    0.107880277    0.025793220
   14.796555555    0.106940080    0.026049632
   14.824901447    0.104300560    0.026310022
   14.853247339    0.100381097    0.026566695
   14.881593231    0.095659765    0.026811296
   14.909939123    0.090560751    0.027035499
   14.938285015    0.085372340    0.027231762
   14.966630907    0.080210380    0.027393980
   14.994976798    0.075029761    0.027517875
   15.023322690    0.069674708    0.027601079
   15.051668582    0.063950491    0.027642913
   15.080014474    0.057696112    0.027643973
   15.108360366    0.050839984    0.027605671
   15.136706258    0.043427253    0.027529897
   15.165052150    0.035616106    0.027418911
   15.193398041    0.027648663    0.027275527
   15.221743933    0.019807692    0.027103551
   15.250089825    0.012372298    0.026908340
   15.278435717    0.005583846    0.026697353
   15.306781609   -0.000371340    0.026480488
   15.335127501   -0.005361741    0.026270095
   15.363473393   -0.009297288    0.026080586
   15.391819285   -0.012110366    0.025927656
   15.420165176   -0.013739056    0.025827215
   15.448511068   -0.014118410    0.025794174
   15.476856960   -0.013181968    0.025841282
   15.505202852   -0.010871913    0.025978150
   15.533548744   -0.007153464    0.026210629
   15.561894636   -0.002028134    0.026540562
   15.590240528    0.004458570    0.026965952
   15.618586420    0.012217004    0.027481453
   15.646932311    0.021119885    0.028079090
   15.675278203    0.031012141    0.028749101
   15.703624095    0.041719768    0.029480750
   15.731969987    0.053054036    0.030263038
   15.760315879    0.064809375    0.031085223
   15.788661771    0.076756084    0.031937125
   15.817007663    0.088631429    0.032809219
   15.845353554    0.100134038    0.033692552
   15.873699446    0.110926209    0.034578549
   15.902045338    0.120646760    0.035458788
   15.930391230    0.128934063    0.036324818
   15.958737122    0.135455707    0.037168097
   15.987083014    0.139938862    0.037980092
   16.015428906    0.142194625    0.038752542
   16.043774798    0.142130749    0.039477869
   16.072120689    0.139749886    0.040149653
   16.100466581    0.135134160    0.040763080
   16.128812473    0.128420367    0.041315280
   16.157158365    0.119772554    0.041805438
   16.185504257    0.109359229    0.042234681
   16.213850149    0.097341017    0.042605710
   16.242196041    0.083871429    0.042922284
   16.270541932    0.069109490    0.043188658
   16.298887824    0.053239373    0.043409115
   16.327233716    0.036489861    0.043587725
   16.355579608    0.019146207    0.043728397
   16.383925500    0.001548790    0.043835237
   16.412271392   -0.015923512    0.043913131
   16.440617284   -0.032883087    0.043968389
   16.468963176   -0.048970482    0.044009284
   16.497309067   -0.063890111    0.044046280
   16.525654959   -0.077436264    0.044091818
   16.554000851   -0.089503028    0.044159623
   16.582346743   -0.100075579    0.044263591
   16.610692635   -0.109204985    0.044416407
   16.639038527   -0.116972851    0.044628147
   16.667384419   -0.123454784    0.044905092
   16.695730311   -0.128691956    0.045248994
   16.724076202   -0.132677925    0.045656905
   16.752422094   -0.135363818    0.046121614
   16.780767986   -0.136679991    0.046632568
   16.809113878   -0.136567811    0.047177115
   16.837459770   -0.135012289    0.047741812
   16.865805662   -0.132065982    0.048313575
   16.894151554   -0.127856835    0.048880488
   16.922497445   -0.122577101    0.049432189
   16.950843337   -0.116455918    0.049959829
   16.979189229   -0.109723034    0.050455730
   17.007535121   -0.102574302    0.050912871
   17.035881013   -0.095149699    0.051324388
   17.064226905   -0.087531777    0.051683230
   17.092572797   -0.079766927    0.051982040
   17.120918689   -0.071905235    0.052213289
   17.149264580   -0.064048505    0.052369607
   17.177610472   -0.056392183    0.052444215
   17.205956364   -0.049246574    0.052431366
   17.234302256   -0.043026401    0.052326697
   17.262648148   -0.038204788    0.052127448
   17.290994040   -0.035236688    0.051832525
   17.319339932   -0.034465465    0.051442441
   17.347685823   -0.036032451    0.050959167
   17.376031715   -0.039811215    0.050385936
   17.404377607   -0.045384949    0.049727037
   17.432723499   -0.052077346    0.048987605
   17.461069391   -0.059036134    0.048173418
   17.489415283   -0.065356497    0.047290686
   17.517761175   -0.070221877    0.046345848
   17.546107067   -0.073034418    0.045345375
   17.574452958   -0.073508228    0.044295627
   17.602798850   -0.071705587    0.043202784
   17.631144742   -0.068008023    0.042072876
   17.659490634   -0.063028049    0.040911924
   17.687836526   -0.057480246    0.039726150
   17.716182418   -0.052039132    0.038522211
   17.744528310   -0.047213887    0.037307363
   17.772874202   -0.043265707    0.036089500
   17.801220093   -0.040183434    0.034877006
   17.829565985   -0.037719448    0.033678411
   17.857911877   -0.035474034    0.032501911
   17.886257769   -0.033005709    0.031354830
   17.914603661   -0.029939998    0.030243136
   17.942949553   -0.026050950    0.029171125
   17.971295445   -0.021297675    0.028141345
   17.999641336   -0.015810333    0.027154752
   18.027987228   -0.009833028    0.026211066
   18.056333120   -0.003641737    0.025309216
   18.084679012    0.002539042    0.024447724
   18.113024904    0.008598067    0.023624947
   18.141370796    0.014561565    0.022839068
   18.169716688    0.020574809    0.022087878
   18.198062580    0.026847983    0.021368399
   18.226408471    0.033583032    0.020676501
   18.254754363    0.040903146    0.020006656
   18.283100255    0.048805368    0.019351981
   18.311446147    0.057149938    0.018704615
   18.339792039    0.065689345    0.018056429
   18.368137931    0.074128650    0.017399953
   18.396483823    0.082199695    0.016729338
   18.424829714    0.089727749    0.016041162
   18.453175606    0.096671208    0.015334894
   18.481521498    0.103122564    0.014612925
   18.509867390    0.109269848    0.013880134
   18.538213282    0.115329107    0.013143113
   18.566559174    0.121466957    0.012409194
   18.594905066    0.127735452    0.011685497
   18.623250958    0.134038401    0.010978190
   18.651596849    0.140139713    0.010292074
   18.679942741    0.145712586    0.009630556
   18.708288633    0.150416710    0.008995933
   18.736634525    0.153982407    0.008389885
   18.764980417    0.156278110    0.007814009
   18.793326309    0.157341744    0.007270238
   18.821672201    0.157366286    0.006761068
   18.850018093    0.156642518    0.006289540
   18.878363984    0.155474294    0.005859032
   18.906709876    0.154089962    0.005472935
   18.935055768    0.152575617    0.005134334
   18.963401660    0.150850761    0.004845775
   18.991747552    0.148695899    0.004609158
   19.020093444    0.145827536    0.004425765
   19.048439336    0.142002538    0.004296342
   19.076785227    0.137124719    0.004221187
   19.105131119    0.131324265    0.004200156
   19.133477011    0.124986114    0.004232565
   19.161822903    0.118715363    0.004316991
   19.190168795    0.113243329    0.004451049
   19.218514687    0.109292980    0.004631204
   19.246860579    0.107433314    0.004852737
   19.275206471    0.107955956    0.005109872
   19.303552362    0.110802850    0.005396097
   19.331898254    0.115562370    0.005704597
   19.360244146    0.121535412    0.006028697
   19.388590038    0.127856886    0.006362213
   19.416935930    0.133645566    0.006699605
   19.445281822    0.138149355    0.007035907
   19.473627714    0.140855165    0.007366463
   19.501973605    0.141541930    0.007686567
   19.530319497    0.140269402    0.007991148
   19.558665389    0.137310626    0.008274628
   19.587011281    0.133048617    0.008531048
   19.615357173    0.127864788    0.008754479
   19.643703065    0.122046568    0.008939647
   19.672048957    0.115734862    0.009082637
   19.700394849    0.108920541    0.009181488
   19.728740740    0.101486104    0.009236534
   19.757086632    0.093277500    0.009250381
   19.785432524    0.084184430    0.009227511
   19.813778416    0.074206800    0.009173618
   19.842124308    0.063490126    0.009094848
   19.870470200    0.052321917    0.008997139
   19.898816092    0.041091801    0.008885872
   19.927161984    0.030227454    0.008765916
   19.955507875    0.020123983    0.008642071
   19.983853767    0.011085001    0.008519792
   20.012199659    0.003289422    0.008405958
   20.040545551   -0.003209644    0.008309452
   20.068891443   -0.008456342    0.008241313
   20.097237335   -0.012543908    0.008214333
   20.125583227   -0.015561367    0.008242093
   20.153929118   -0.017549907    0.008337590
   20.182275010   -0.018480035    0.008511684
   20.210620902   -0.018254316    0.008771705
   20.238966794   -0.016733273    0.009120478
   20.267312686   -0.013776001    0.009555999
   20.295658578   -0.009283753    0.010071802
   20.324004470   -0.003234882    0.010657956
   20.352350362    0.004297241    0.011302442
   20.380696253    0.013146370    0.011992650
   20.409042145    0.023072944    0.012716659
   20.437388037    0.033793924    0.013464079
   20.465733929    0.045013665    0.014226340
   20.494079821    0.056447347    0.014996427
   20.522425713    0.067831656    0.015768243
   20.550771605    0.078921934    0.016535801
   20.579117496    0.089479494    0.017292540
   20.607463388    0.099255865    0.018030939
   20.635809280    0.107981526    0.018742576
   20.664155172    0.115365124    0.019418601
   20.692501064    0.121105674    0.020050512
   20.720846956    0.124916071    0.020631034
   20.749192848    0.126552541    0.021154874
   20.777538740    0.125842658    0.021619164
   20.805884631    0.122704742    0.022023502
   20.834230523    0.117153835    0.022369588
   20.862576415    0.109293202    0.022660587
   20.890922307    0.099294380    0.022900376
   20.919268199    0.087371850    0.023092923
   20.947614091    0.073759633    0.023241931
   20.975959983    0.058696060    0.023350881
   21.004305875    0.042419963    0.023423429
   21.032651766    0.025177579    0.023464069
   21.060997658    0.007235635    0.023478856
   21.089343550   -0.011106281    0.023475979
   21.117689442   -0.029511144    0.023465979
   21.146035334   -0.047612686    0.023461502
   21.174381226   -0.065037399    0.023476551
   21.202727118   -0.081436878    0.023525345
   21.231073009   -0.096523202    0.023620958
   21.259418901   -0.110098210    0.023773973
   21.287764793   -0.122068235    0.023991388
   21.316110685   -0.132439227    0.024275972
   21.344456577   -0.141292211    0.024626156
   21.372802469   -0.148744470    0.025036486
   21.401148361   -0.154906050    0.025498500
   21.429494253   -0.159842945    0.026001885
   21.457840144   -0.163556947    0.026535667
   21.486186036   -0.165987883    0.027089250
   21.514531928   -0.167037938    0.027653126
   21.542877820   -0.166611506    0.028219184
   21.571223712   -0.164659451    0.028780620
   21.599569604   -0.161215007    0.029331534
   21.627915496   -0.156410584    0.029866353
   21.656261387   -0.150469899    0.030379243
   21.684607279   -0.143676906    0.030863658
   21.712953171   -0.136329890    0.031312132
   21.741299063   -0.128693928    0.031716356
   21.769644955   -0.120966032    0.032067509
   21.797990847   -0.113264282    0.032356786
   21.826336739   -0.105645584    0.032575977
   21.854682631   -0.098148194    0.032718023
   21.883028522   -0.090847042    0.032777414
   21.911374414   -0.083904625    0.032750390
   21.939720306   -0.077599527    0.032634940
   21.968066198   -0.072319028    0.032430620
   21.996412090   -0.068511011    0.032138262
   22.024757982   -0.066601320    0.031759663
   22.053103874   -0.066893149    0.031297308
   22.081449766   -0.069471952    0.030754193
   22.109795657   -0.074140734    0.030133750
   22.138141549   -0.080405604    0.029439853
   22.166487441   -0.087520959    0.028676881
   22.194833333   -0.094590098    0.027849759
   22.223179225   -0.100703558    0.026963963
   22.251525117   -0.105087561    0.026025433
   22.279871009   -0.107231291    0.025040421
   22.308216900   -0.106965311    0.024015292
   22.336562792   -0.104473861    0.022956309
   22.364908684   -0.100238393    0.021869479
   22.393254576   -0.094925238    0.020760463
   22.421600468   -0.089242785    0.019634596
   22.449946360   -0.083800042    0.018496972
   22.478292252   -0.078997267    0.017352597
   22.506638144   -0.074970946    0.016206521
   22.534984035   -0.071601761    0.015063919
   22.563329927   -0.068579011    0.013930077
   22.591675819   -0.065501801    0.012810254
   22.620021711   -0.061989662    0.011709451
   22.648367603   -0.057774723    0.010632103
   22.676713495   -0.052754108    0.009581767
   22.705059387   -0.046992936    0.008560844
   22.733405278   -0.040681833    0.007570409
   22.761751170   -0.034064735    0.006610151
   22.790097062   -0.027359680    0.005678451
   22.818442954   -0.020695771    0.004772560
   22.846788846   -0.014083484    0.003888862
   22.875134738   -0.007425015    0.003023155
   22.903480630   -0.000559388    0.002170937
   22.931826522    0.006672957    0.001327655
   22.960172413    0.014366606    0.000488911
   22.988518305    0.022508303   -0.000349374
   23.016864197    0.030967781   -0.001190823
   23.045210089    0.039524936   -0.002038477
   23.073555981    0.047924939   -0.002894688
   23.101901873    0.055944448   -0.003761006
   23.130247765    0.063448639   -0.004638099
   23.158593657    0.070421444   -0.005525689
   23.186939548    0.076959269   -0.006422552
   23.215285440    0.083229426   -0.007326561
   23.243631332    0.089405148   -0.008234792
   23.271977224    0.095596422   -0.009143666
   23.300323116    0.101797567   -0.010049116
   23.328669008    0.107868060   -0.010946748
   23.357014900    0.113553625   -0.011831978
   23.385360791    0.118542839   -0.012700128
   23.413706683    0.122543828   -0.013546488
   23.442052575    0.125359148   -0.014366337
   23.470398467    0.126936808   -0.015154949
   23.498744359    0.127381668   -0.015907610
   23.527090251    0.126922598   -0.016619639
   23.555436143    0.125843746   -0.017286444
   23.583782035    0.124399202   -0.017903607
   23.612127926    0.122736227   -0.018466990
   23.640473818    0.120850928   -0.018972860
   23.668819710    0.118592070   -0.019418020
   23.697165602    0.115715538   -0.019799939
   23.725511494    0.111977411   -0.020116871
   23.753857386    0.107241612   -0.020367967
   23.782203278    0.101572244   -0.020553355
   23.810549169    0.095282720   -0.020674197
   23.838895061    0.088923603   -0.020732696
   23.867240953    0.083206164   -0.020732050
   23.895586845    0.078875359   -0.020676345
   23.923932737    0.076559681   -0.020570376
   23.952278629    0.076632611   -0.020419438
   23.980624521    0.079118944   -0.020229094
   24.008970413    0.083669501   -0.020004963
   24.037316304    0.089611796   -0.019752578
   24.065662196    0.096066313   -0.019477331
   24.094008088    0.102102531   -0.019184529
   24.122353980    0.106899728   -0.018879526
   24.150699872    0.109877080   -0.018567906
   24.179045764    0.110765736   -0.018255639
   24.207391656    0.109610141   -0.017949159
   24.235737548    0.106703194   -0.017655291
   24.264083439    0.102475336   -0.017381020
   24.292429331    0.097367634   -0.017133108
   24.320775223    0.091720946   -0.016917619
   24.349121115    0.085707193   -0.016739439
   24.377467007    0.079316424   -0.016601894
   24.405812899    0.072398263   -0.016506538
   24.434158791    0.064742397   -0.016453170
   24.462504682    0.056173638   -0.016440064
   24.490850574    0.046634806   -0.016464351
   24.519196466    0.036235559   -0.016522443
   24.547542358    0.025255639   -0.016610389
   24.575888250    0.014103813   -0.016724034
   24.604234142    0.003245479   -0.016858940
   24.632580034   -0.006880495   -0.017010059
   24.660925926   -0.015933503   -0.017171250
   24.689271817   -0.023713743   -0.017334768
   24.717617709   -0.030166721   -0.017490900
   24.745963601   -0.035351698   -0.017627905
   24.774309493   -0.039385603   -0.017732357
   24.802655385   -0.042379830   -0.017789915
   24.831001277   -0.044388049   -0.017786448
   24.859347169   -0.045378854   -0.017709343
   24.887693060   -0.045239257   -0.017548792
   24.916038952   -0.043806066   -0.017298815
   24.944384844   -0.040914583   -0.016957845
   24.972730736   -0.036450029   -0.016528752
   25.001076628   -0.030387330   -0.016018323
   25.029422520   -0.022809288   -0.015436296
   25.057768412   -0.013900030   -0.014794134
   25.086114304   -0.003917930   -0.014103787
   25.114460195    0.006842251   -0.013376654
   25.142806087    0.018085947   -0.012622917
   25.171151979    0.029543562   -0.011851316
   25.199497871    0.040977470   -0.011069346
   25.227843763    0.052171505   -0.010283736
   25.256189655    0.062909037   -0.009501059
   25.284535547    0.072949407   -0.008728248
   25.312881439    0.082012984   -0.007972875
   25.341227330    0.089782277   -0.007243113
   25.369573222    0.095921367   -0.006547353
   25.397919114    0.100110000   -0.005893594
   25.426265006    0.102083862   -0.005288727
   25.454610898    0.101670298   -0.004737900
   25.482956790    0.098809732   -0.004244099
   25.511302682    0.093556997   -0.003808053
   25.539648573    0.086062489   -0.003428458
   25.567994465    0.076538816   -0.003102460
   25.596340357    0.065222683   -0.002826268
   25.624686249    0.052342893   -0.002595726
   25.653032141    0.038103235   -0.002406703
   25.681378033    0.022684233   -0.002255197
   25.709723925    0.006261716   -0.002137127
   25.738069817   -0.010965250   -0.002047869
   25.766415708   -0.028747796   -0.001981672
   25.794761600   -0.046772718   -0.001931116
   25.823107492   -0.064667373   -0.001886792
   25.851453384   -0.082025644   -0.001837340
   25.879799276   -0.098450206   -0.001769910
   25.908145168   -0.113600966   -0.001671022
   25.936491060   -0.127237039   -0.001527719
   25.964836951   -0.139240627   -0.001328832
   25.993182843   -0.149615635   -0.001066150
   26.021528735   -0.158460547   -0.000735303
   26.049874627   -0.165922132   -0.000336190
   26.078220519   -0.172142011    0.000127088
   26.106566411   -0.177210321    0.000646797
   26.134912303   -0.181138977    0.001212511
   26.163258195   -0.183861768    0.001812264
   26.191604086   -0.185261139    0.002433704
   26.219949978   -0.185213970    0.003065070
   26.248295870   -0.183643227    0.003695840
   26.276641762   -0.180560547    0.004316997
   26.304987654   -0.176087197    0.004920914
   26.333333546   -0.170446945    0.005500956
   26.361679438   -0.163932448    0.006050935
   26.390025330   -0.156854598    0.006564569
   26.418371221   -0.149489576    0.007035096
   26.446717113   -0.142039551    0.007455118
   26.475063005   -0.134619454    0.007816730
   26.503408897   -0.127274963    0.008111882
   26.531754789   -0.120027526    0.008332896
   26.560100681   -0.112933611    0.008473027
   26.588446573   -0.106139863    0.008526952
   26.616792464   -0.099915186    0.008491086
   26.645138356   -0.094645538    0.008363698
   26.673484248   -0.090786390    0.008144803
   26.701830140   -0.088779143    0.007835907
   26.730176032   -0.088948481    0.007439647
   26.758521924   -0.091404574    0.006959445
   26.786867816   -0.095975395    0.006399215
   26.815213708   -0.102189255    0.005763179
   26.843559599   -0.109317162    0.005055803
   26.871905491   -0.116470990    0.004281815
   26.900251383   -0.122740071    0.003446262
   26.928597275   -0.127339049    0.002554565
   26.956943167   -0.129736103    0.001612513
   26.985289059   -0.129734129    0.000626199
   27.013634951   -0.127487489   -0.000398111
   27.041980842   -0.123451101   -0.001454131
   27.070326734   -0.118273689   -0.002535705
   27.098672626   -0.112659288   -0.003636904
   27.127018518   -0.107227590   -0.004752064
   27.155364410   -0.102403095   -0.005875744
   27.183710302   -0.098355287   -0.007002651
   27.212056194   -0.094999415   -0.008127560
   27.240402086   -0.092052970   -0.009245269
   27.268747977   -0.089130198   -0.010350640
   27.297093869   -0.085849157   -0.011438723
   27.325439761   -0.081924543   -0.012504967
   27.353785653   -0.077224950   -0.013545475
   27.382131545   -0.071783712   -0.014557277
   27.410477437   -0.065765130   -0.015538536
   27.438823329   -0.059399327   -0.016488687
   27.467169221   -0.052906346   -0.017408455
   27.495515112   -0.046431535   -0.018299776
   27.523861004   -0.040009748   -0.019165629
   27.552206896   -0.033566739   -0.020009812
   27.580552788   -0.026955154   -0.020836703
   27.608898680   -0.020012701   -0.021651032
   27.637244572   -0.012624141   -0.022457660
   27.665590464   -0.004768239   -0.023261389
   27.693936355    0.003464243   -0.024066767
   27.722282247    0.011886612   -0.024877888
   27.750628139    0.020261279   -0.025698183
   27.778974031    0.028360095   -0.026530193
   27.807319923    0.036021857   -0.027375374
   27.835665815    0.043189627   -0.028233932
   27.864011707    0.049916474   -0.029104763
   27.892357599    0.056337502   -0.029985482
   27.920703490    0.062616057   -0.030872586
   27.949049382    0.068879771   -0.031761703
   27.977395274    0.075165425   -0.032647918
   28.005741166    0.081389405   -0.033526097
   28.034087058    0.087353362   -0.034391173
   28.062432950    0.092784582   -0.035238336
   28.090778842    0.097400321   -0.036063114
   28.119124733    0.100978049   -0.036861339
   28.147470625    0.103411250   -0.037629027
   28.175816517    0.104734032   -0.038362234
   28.204162409    0.105106418   -0.039056918
   28.232508301    0.104763460   -0.039708870
   28.260854193    0.103942178   -0.040313743
   28.289200085    0.102807509   -0.040867172
   28.317545977    0.101399903   -0.041364981
   28.345891868    0.099622106   -0.041803437
   28.374237760    0.097272365   -0.042179500
   28.402583652    0.094118232   -0.042491050
   28.430929544    0.089993044   -0.042737033
   28.459275436    0.084889305   -0.042917538
   28.487621328    0.079021947   -0.043033788
   28.515967220    0.072840522   -0.043088060
   28.544313112    0.066981390   -0.043083562
   28.572659003    0.062165975   -0.043024269
   28.601004895    0.059065395   -0.042914755
   28.629350787    0.058161368   -0.042760020
   28.657696679    0.059635747   -0.042565337
   28.686042571    0.063315416   -0.042336120
   28.714388463    0.068686947   -0.042077838
   28.742734355    0.074979262   -0.041795976
   28.771080246    0.081296685   -0.041496043
   28.799426138    0.086773105   -0.041183637
   28.827772030    0.090713405   -0.040864528
   28.856117922    0.092691992   -0.040544747
   28.884463814    0.092589111   -0.040230624
   28.912809706    0.090560877   -0.039928738
   28.941155598    0.086954754   -0.039645767
   28.969501490    0.082194491   -0.039388208
   28.997847381    0.076664510   -0.039162013
   29.026193273    0.070621927   -0.038972176
   29.054539165    0.064155712   -0.038822362
   29.082885057    0.057199324   -0.038714638
   29.111230949    0.049589053   -0.038649369
   29.139576841    0.041148986   -0.038625319
   29.167922733    0.031777714   -0.038639902
   29.196268624    0.021512918   -0.038689554
   29.224614516    0.010557157   -0.038770105
   29.252960408   -0.000740539   -0.038877042
   29.281306300   -0.011940672   -0.039005595
   29.309652192   -0.022590517   -0.039150594
   29.337998084   -0.032301495   -0.039306124
   29.366343976   -0.040806645   -0.039465081
   29.394689868   -0.047984557   -0.039618757
   29.423035759   -0.053845931   -0.039756623
   29.451381651   -0.058489120   -0.039866438
   29.479727543   -0.062039051   -0.039934761
   29.508073435   -0.064587484   -0.039947854
   29.536419327   -0.066151123   -0.039892867
   29.564765219   -0.066658152   -0.039759128
   29.593111111   -0.065965275   -0.039539295
   29.621457003   -0.063898823   -0.039230180
   29.649802894   -0.060307174   -0.038833051
   29.678148786   -0.055109488   -0.038353375
   29.706494678   -0.048327717   -0.037800032
   29.734840570   -0.040094508   -0.037184160
   29.763186462   -0.030636862   -0.036517856
   29.791532354   -0.020242340   -0.035812975
   29.819878246   -0.009219015   -0.035080255
   29.848224137    0.002138750   -0.034328878
   29.876570029    0.013569460   -0.033566516
   29.904915921    0.024844779   -0.032799761
   29.933261813    0.035753523   -0.032034768
   29.961607705    0.046077217   -0.031277905
   29.989953597    0.055567685   -0.030536203
   30.018299489    0.063936437   -0.029817476
   30.046645381    0.070861731   -0.029130054
   30.074991272    0.076013535   -0.028482193
   30.103337164    0.079090812   -0.027881316
   30.131683056    0.079861471   -0.027333252
   30.160028948    0.078194168   -0.026841672
   30.188374840    0.074073286   -0.026407854
   30.216720732    0.067593169   -0.026030819
   30.245066624    0.058933637   -0.025707796
   30.273412515    0.048324178   -0.025434884
   30.301758407    0.036007289   -0.025207719
   30.330104299    0.022211400   -0.025021985
   30.358450191    0.007140568   -0.024873620
   30.386796083   -0.009017342   -0.024758669
   30.415141975   -0.026068244   -0.024672823
   30.443487867   -0.043784249   -0.024610779
   30.471833759   -0.061881940   -0.024565613
   30.500179650   -0.080016168   -0.024528354
   30.528525542   -0.097794521   -0.024487936
   30.556871434   -0.114811352   -0.024431597
   30.585217326   -0.130694007   -0.024345731
   30.613563218   -0.145149542   -0.024217066
   30.641909110   -0.157999195   -0.024033986
   30.670255002   -0.169190551   -0.023787763
   30.698600894   -0.178783045   -0.023473498
   30.726946785   -0.186909735   -0.023090597
   30.755292677   -0.193724950   -0.022642717
   30.783638569   -0.199351638   -0.022137202
   30.811984461   -0.203842645   -0.021584136
   30.840330353   -0.207166568   -0.020995187
   30.868676245   -0.209222117   -0.020382445
   30.897022137   -0.209876955   -0.019757457
   30.925368028   -0.209019963   -0.019130588
   30.953713920   -0.206611903   -0.018510760
   30.982059812   -0.202719673   -0.017905570
   31.010405704   -0.197523810   -0.017321676
   31.038751596   -0.191296562   -0.016765326
   31.067097488   -0.184356371   -0.016242873
   31.095443380   -0.177011788   -0.015761146
   31.123789272   -0.169511390   -0.015327604
   31.152135163   -0.162015069   -0.014950212
   31.180481055   -0.154596243   -0.014637106
   31.208826947   -0.147275628   -0.014396103
   31.237172839   -0.140077476   -0.014234159
   31.265518731   -0.133091568   -0.014156893
   31.293864623   -0.126520896   -0.014168256
   31.322210515   -0.120697210   -0.014270387
   31.350556406   -0.116054046   -0.014463669
   31.378902298   -0.113057941   -0.014746950
   31.407248190   -0.112110261   -0.015117861
   31.435594082   -0.113441478   -0.015573163
   31.463939974   -0.117024040   -0.016109051
   31.492285866   -0.122527830   -0.016721372
   31.520631758   -0.129333707   -0.017405735
   31.548977650   -0.136607738   -0.018157536
   31.577323541   -0.143424440   -0.018971912
   31.605669433   -0.148915208   -0.019843682
   31.634015325   -0.152411230   -0.020767314
   31.662361217   -0.153550461   -0.021736944
   31.690707109   -0.152325609   -0.022746458
   31.719053001   -0.149063141   -0.023789612
   31.747398893   -0.144338663   -0.024860191
   31.775744785   -0.138848225   -0.025952135
   31.804090676   -0.133264516   -0.027059637
   31.832436568   -0.128109458   -0.028177173
   31.860782460   -0.123669781   -0.029299484
   31.889128352   -0.119971110   -0.030421512
   31.917474244   -0.116811763   -0.031538347
   31.945820136   -0.113843476   -0.032645192
   31.974166028   -0.110675971   -0.033737403
   32.002511919   -0.106978218   -0.034810601
   32.030857811   -0.102552053   -0.035860859
   32.059203703   -0.097362614   -0.036884932
   32.087549595   -0.091522242   -0.037880498
   32.115895487   -0.085236807   -0.038846363
   32.144241379   -0.078732712   -0.039782587
   32.172587271   -0.072186613   -0.040690512
   32.200933163   -0.065677645   -0.041572680
   32.229279054   -0.059174302   -0.042432645
   32.257624946   -0.052557582   -0.043274724
   32.285970838   -0.045671457   -0.044103695
   32.314316730   -0.038384173   -0.044924493
   32.342662622   -0.030641338   -0.045741929
   32.371008514   -0.022494722   -0.046560448
   32.399354406   -0.014098362   -0.047383918
   32.427700297   -0.005673401   -0.048215482
   32.456046189    0.002547511   -0.049057426
   32.484392081    0.010379399   -0.049911092
   32.512737973    0.017729775   -0.050776820
   32.541083865    0.024615375   -0.051653921
   32.569429757    0.031145397   -0.052540702
   32.597775649    0.037475758   -0.053434535
   32.626121541    0.043747632   -0.054331979
   32.654467432    0.050028442   -0.055228942
   32.682813324    0.056273171   -0.056120877
   32.711159216    0.062318260   -0.057002974
   32.739505108    0.067911032   -0.057870335
   32.767851000    0.072767211   -0.058718105
   32.796196892    0.076640596   -0.059541542
   32.824542784    0.079384888   -0.060336043
   32.852888676    0.080989349   -0.061097112
   32.881234567    0.081577023   -0.061820316
   32.909580459    0.081364909   -0.062501250
   32.937926351    0.080596670   -0.063135533
   32.966272243    0.079467108   -0.063718859
   32.994618135    0.078061055   -0.064247103
   33.022964027    0.076326400   -0.064716488
   33.051309919    0.074092156   -0.065123781
   33.079655810    0.071130116   -0.065466499
   33.108001702    0.067245888   -0.065743091
   33.136347594    0.062375601   -0.065953081
   33.164693486    0.056661046   -0.066097137
   33.193039378    0.050479690   -0.066177069
   33.221385270    0.044416277   -0.066195746
   33.249731162    0.039177098   -0.066156951
   33.278077054    0.035462840   -0.066065191
   33.306422945    0.033827419   -0.065925481
   33.334768837    0.034555139   -0.065743132
   33.363114729    0.037585566   -0.065523582
   33.391460621    0.042505154   -0.065272270
   33.419806513    0.048609338   -0.064994590
   33.448152405    0.055022443   -0.064695921
   33.476498297    0.060849229   -0.064381712
   33.504844188    0.065324766   -0.064057611
   33.533190080    0.067930252   -0.063729579
   33.561535972    0.068451063   -0.063403964
   33.589881864    0.066967604   -0.063087478
   33.618227756    0.063785622   -0.062787047
   33.646573648    0.059326637   -0.062509545
   33.674919540    0.054007553   -0.062261420
   33.703265432    0.048139378   -0.062048266
   33.731611323    0.041868413   -0.061874425
   33.759957215    0.035171144   -0.061742672
   33.788303107    0.027899724   -0.061654066
   33.816648999    0.019862150   -0.061607989
   33.844994891    0.010913155   -0.061602360
   33.873340783    0.001030452   -0.061633981
   33.901686675   -0.009643738   -0.061698910
   33.930032567   -0.020805699   -0.061792774
   33.958378458   -0.032035217   -0.061910922
   33.986724350   -0.042869006   -0.062048364
   34.015070242   -0.052882117   -0.062199500
   34.043416134   -0.061755873   -0.062357711
   34.071762026   -0.069315588   -0.062514922
   34.100107918   -0.075530351   -0.062661299
   34.128453810   -0.080477729   -0.062785214
   34.156799701   -0.084285534   -0.062873587
   34.185145593   -0.087068217   -0.062912619
   34.213491485   -0.088875861   -0.062888865
   34.241837377   -0.089669172   -0.062790486
   34.270183269   -0.089325906   -0.062608484
   34.298529161   -0.087675172   -0.062337686
   34.326875053   -0.084548549   -0.061977305
   34.355220945   -0.079833025   -0.061530943
   34.383566836   -0.073511206   -0.061006048
   34.411912728   -0.065678808   -0.060412912
   34.440258620   -0.056536497   -0.059763417
   34.468604512   -0.046360586   -0.059069751
   34.496950404   -0.035462769   -0.058343349
   34.525296296   -0.024151345   -0.057594220
   34.553642188   -0.012704884   -0.056830758
   34.581988079   -0.001364492   -0.056059998
   34.610333971    0.009655491   -0.055288187
   34.638679863    0.020144594   -0.054521469
   34.667025755    0.029871149   -0.053766478
   34.695371647    0.038565678   -0.053030647
   34.723717539    0.045920480   -0.052322143
   34.752063431    0.051607954   -0.051649419
   34.780409323    0.055314123   -0.051020512
   34.808755214    0.056778863   -0.050442224
   34.837101106    0.055832024   -0.049919417
   34.865446998    0.052415534   -0.049454580
   34.893792890    0.046585602   -0.049047768
   34.922138782    0.038494823   -0.048696920
   34.950484674    0.028359823   -0.048398466
   34.978830566    0.016424125   -0.048148049
   35.007176458    0.002927008   -0.047941170
   35.035522349   -0.011913071   -0.047773588
   35.063868241   -0.027896771   -0.047641359
   35.092214133   -0.044826183   -0.047540510
   35.120560025   -0.062478798   -0.047466438
   35.148905917   -0.080583786   -0.047413212
   35.177251809   -0.098810917   -0.047372981
   35.205597701   -0.116778856   -0.047335694
   35.233943592   -0.134083688   -0.047289270
   35.262289484   -0.150342065   -0.047220256
   35.290635376   -0.165238330   -0.047114907
   35.318981268   -0.178562891   -0.046960516
   35.347327160   -0.190230728   -0.046746770
   35.375673052   -0.200273938   -0.046466891
   35.404018944   -0.208809219   -0.046118352
   35.432364836   -0.215988275   -0.045703054
   35.460710727   -0.221944160   -0.045226948
   35.489056619   -0.226748063   -0.044699183
   35.517402511   -0.230388453   -0.044130965
   35.545748403   -0.232778446   -0.043534340
   35.574094295   -0.233789333   -0.042921111
   35.602440187   -0.233300770   -0.042302073
   35.630786079   -0.231253162   -0.041686642
   35.659131970   -0.227686918   -0.041082889
   35.687477862   -0.222756780   -0.040497891
   35.715823754   -0.216716489   -0.039938266
   35.744169646   -0.209877666   -0.039410718
   35.772515538   -0.202554579   -0.038922453
   35.800861430   -0.195011005   -0.038481351
   35.829207322   -0.187425420   -0.038095866
   35.857553214   -0.179885867   -0.037774668
   35.885899105   -0.172417381   -0.037526116
   35.914244997   -0.165035040   -0.037357682
   35.942590889   -0.157807230   -0.037275427
   35.970936781   -0.150909197   -0.037283643
   35.999282673   -0.144647863   -0.037384701
   36.027628565   -0.139445237   -0.037579119
   36.055974457   -0.135778311   -0.037865809
   36.084320349   -0.134085242   -0.038242428
   36.112666240   -0.134657936   -0.038705758
   36.141012132   -0.137546873   -0.039252025
   36.169358024   -0.142503437   -0.039877131
   36.197703916   -0.148977915   -0.040576752
   36.226049808   -0.156179184   -0.041346339
   36.254395700   -0.163187824   -0.042181052
   36.282741592   -0.169101385   -0.043075673
   36.311087483   -0.173182178   -0.044024561
   36.339433375   -0.174976368   -0.045021660
   36.367779267   -0.174378918   -0.046060594
   36.396125159   -0.171630749   -0.047134806
   36.424471051   -0.167249564   -0.048237747
   36.452816943   -0.161910551   -0.049363029
   36.481162835   -0.156303970   -0.050504557
   36.509508727   -0.151001020   -0.051656571
   36.537854618   -0.146356324   -0.052813636
   36.566200510   -0.142465744   -0.053970569
   36.594546402   -0.139184570   -0.055122358
   36.622892294   -0.136196861   -0.056264103
   36.651238186   -0.133115285   -0.057391010
   36.679584078   -0.129585025   -0.058498476
   36.707929970   -0.125366323   -0.059582252
   36.736275861   -0.120377473   -0.060638668
   36.764621753   -0.114691498   -0.061664891
   36.792967645   -0.108492155   -0.062659162
   36.821313537   -0.102005134   -0.063620976
   36.849659429   -0.095425718   -0.064551164
   36.878005321   -0.088863580   -0.065451865
   36.906351213   -0.082319249   -0.066326389
   36.934697105   -0.075696968   -0.067178988
   36.963042996   -0.068847986   -0.068014569
   36.991388888   -0.061629835   -0.068838371
   37.019734780   -0.053963025   -0.069655660
   37.048080672   -0.045867962   -0.070471440
   37.076426564   -0.037471143   -0.071290211
   37.104772456   -0.028979028   -0.072115769
   37.133118348   -0.020627577   -0.072951043
   37.161464240   -0.012622682   -0.073797981
   37.189810131   -0.005089407   -0.074657459
   37.218156023    0.001954581   -0.075529242
   37.246501915    0.008593068   -0.076411982
   37.274847807    0.014974047   -0.077303278
   37.303193699    0.021251682   -0.078199783
   37.331539591    0.027524355   -0.079097377
   37.359885483    0.033787205   -0.079991373
   37.388231374    0.039913780   -0.080876743
   37.416577266    0.045673318   -0.081748341
   37.444923158    0.050779935   -0.082601084
   37.473269050    0.054960607   -0.083430075
   37.501614942    0.058022960   -0.084230651
   37.529960834    0.059903304   -0.084998376
   37.558306726    0.060680405   -0.085728967
   37.586652618    0.060549928   -0.086418216
   37.614998509    0.059765734   -0.087061917
   37.643344401    0.058564136   -0.087655850
   37.671690293    0.057092981   -0.088195831
   37.700036185    0.055367209   -0.088677842
   37.728382077    0.053266106   -0.089098245
   37.756727969    0.050576428   -0.089454023
   37.785073861    0.047072690   -0.089743048
   37.813419752    0.042614718   -0.089964306
   37.841765644    0.037236162   -0.090118052
   37.870111536    0.031198072   -0.090205862
   37.898457428    0.024988967   -0.090230569
   37.926803320    0.019265560   -0.090196097
   37.955149212    0.014743179   -0.090107201
   37.983495104    0.012058285   -0.089969176
   38.011840996    0.011633678   -0.089787564
   38.040186887    0.013577888   -0.089567920
   38.068532779    0.017643299   -0.089315674
   38.096878671    0.023254473   -0.089036100
   38.125224563    0.029601909   -0.088734412
   38.153570455    0.035781303   -0.088415924
   38.181916347    0.040947873   -0.088086270
   38.210262239    0.044452122   -0.087751577
   38.238608131    0.045928384   -0.087418563
   38.266954022    0.045319173   -0.087094496
   38.295299914    0.042833891   -0.086786986
   38.323645806    0.038855906   -0.086503631
   38.351991698    0.033823498   -0.086251555
   38.380337590    0.028115061   -0.086036910
   38.408683482    0.021966090   -0.085864435
   38.437029374    0.015435973   -0.085737153
   38.465375265    0.008428990   -0.085656258
   38.493721157    0.000759889   -0.085621220
   38.522067049   -0.007756510   -0.085630070
   38.550412941   -0.017217318   -0.085679786
   38.578758833   -0.027568999   -0.085766683
   38.607104725   -0.038586132   -0.085886685
   38.635450617   -0.049895714   -0.086035409
   38.663796509   -0.061038955   -0.086208006
   38.692142400   -0.071552984   -0.086398798
   38.720488292   -0.081050459   -0.086600810
   38.748834184   -0.089276682   -0.086805318
   38.777180076   -0.096130853   -0.087001596
   38.805525968   -0.101648259   -0.087176988
   38.833871860   -0.105950841   -0.087317389
   38.862217752   -0.109181567   -0.087408136
   38.890563643   -0.111441589   -0.087435201
   38.918909535   -0.112747313   -0.087386528
   38.947255427   -0.113018145   -0.087253264
   38.975601319   -0.112096741   -0.087030680
   39.003947211   -0.109794582   -0.086718595
   39.032293103   -0.105949201   -0.086321217
   39.060638995   -0.100476969   -0.085846433
   39.088984887   -0.093407536   -0.085304681
   39.117330778   -0.084891923   -0.084707625
   39.145676670   -0.075184035   -0.084066887
   39.174022562   -0.064602728   -0.083393059
   39.202368454   -0.053486442   -0.082695173
   39.230714346   -0.042153541   -0.081980655
   39.259060238   -0.030878752   -0.081255728
   39.287406130   -0.019890469   -0.080526074
   39.315752022   -0.009386926   -0.079797565
   39.344097913    0.000436506   -0.079076832
   39.372443805    0.009359904   -0.078371494
   39.400789697    0.017121912   -0.077690001
   39.429135589    0.023420592   -0.077041092
   39.457481481    0.027933509   -0.076433007
   39.485827373    0.030352620   -0.075872656
   39.514173265    0.030424997   -0.075364918
   39.542519156    0.027988671   -0.074912262
   39.570865048    0.022994369   -0.074514746
   39.599210940    0.015508088   -0.074170397
   39.627556832    0.005694998   -0.073875846
   39.655902724   -0.006209618   -0.073627049
   39.684248616   -0.019933399   -0.073419895
   39.712594508   -0.035194516   -0.073250554
   39.740940400   -0.051716955   -0.073115454
   39.769286291   -0.069231214   -0.073010923
   39.797632183   -0.087463334   -0.072932580
   39.825978075   -0.106119335   -0.072874658
   39.854323967   -0.124873864   -0.072829460
   39.882669859   -0.143370622   -0.072787133
   39.911015751   -0.161238223   -0.072735868
   39.939361643   -0.178119849   -0.072662556
   39.967707534   -0.193709922   -0.072553825
   39.996053426   -0.207787839   -0.072397294
   40.024399318   -0.220238563   -0.072182843
   40.052745210   -0.231052866   -0.071903675
   40.081091102   -0.240305493   -0.071557006
   40.109436994   -0.248115834   -0.071144281
   40.137782886   -0.254601088   -0.070670891
   40.166128778   -0.259834594   -0.070145484
   40.194474669   -0.263821090   -0.069578995
   40.222820561   -0.266496296   -0.068983581
   40.251166453   -0.267751402   -0.068371635
   40.279512345   -0.267475872   -0.067755016
   40.307858237   -0.265606374   -0.067144583
   40.336204129   -0.262167425   -0.066550048
   40.364550021   -0.257291315   -0.065980096
   40.392895913   -0.251210541   -0.065442691
   40.421241804   -0.244223924   -0.064945436
   40.449587696   -0.236645542   -0.064495883
   40.477933588   -0.228751174   -0.064101710
   40.506279480   -0.220738492   -0.063770701
   40.534625372   -0.212713917   -0.063510536
   40.562971264   -0.204711732   -0.063328443
   40.591317156   -0.196741512   -0.063230760
   40.619663047   -0.188850861   -0.063222517
   40.648008939   -0.181184504   -0.063307116
   40.676354831   -0.174019796   -0.063486155
   40.704700723   -0.167763475   -0.063759454
   40.733046615   -0.162903839   -0.064125247
   40.761392507   -0.159924417   -0.064580505
   40.789738399   -0.159196417   -0.065121334
   40.818084291   -0.160874775   -0.065743340
   40.846430182   -0.164824223   -0.066441925
   40.874776074   -0.170596718   -0.067212437
   40.903121966   -0.177470753   -0.068050188
   40.931467858   -0.184548962   -0.068950342
   40.959813750   -0.190896534   -0.069907744
   40.988159642   -0.195692686   -0.070916759
   41.016505534   -0.198363459   -0.071971174
   41.044851425   -0.198667612   -0.073064231
   41.073197317   -0.196717553   -0.074188793
   41.101543209   -0.192931761   -0.075337618
   41.129889101   -0.187930463   -0.076503683
   41.158234993   -0.182398766   -0.077680485
   41.186580885   -0.176947973   -0.078862231
   41.214926777   -0.172005020   -0.080043886
   41.243272669   -0.167752106   -0.081221049
   41.271618560   -0.164125835   -0.082389705
   41.299964452   -0.160870748   -0.083545925
   41.328310344   -0.157629679   -0.084685612
   41.356656236   -0.154045855   -0.085804386
   41.385002128   -0.149850825   -0.086897675
   41.413348020   -0.144917984   -0.087961012
   41.441693912   -0.139271924   -0.088990518
   41.470039804   -0.133056143   -0.089983447
   41.498385695   -0.126472466   -0.090938686
   41.526731587   -0.119712050   -0.091857077
   41.555077479   -0.112898625   -0.092741475
   41.583423371   -0.106059594   -0.093596494
   41.611769263   -0.099131538   -0.094427991
   41.640115155   -0.091996196   -0.095242370
   41.668461047   -0.084534121   -0.096045853
   41.696806938   -0.076678424   -0.096843840
   41.725152830   -0.068451549   -0.097640506
   41.753498722   -0.059973606   -0.098438662
   41.781844614   -0.051439670   -0.099239887
   41.810190506   -0.043073012   -0.100044855
   41.838536398   -0.035068659   -0.100853737
   41.866882290   -0.027544746   -0.101666552
   41.895228182   -0.020516988   -0.102483361
   41.923574073   -0.013904816   -0.103304252
   41.951919965   -0.007568241   -0.104129123
   41.980265857   -0.001365162   -0.104957346
   42.008611749    0.004787716   -0.105787404
   42.036957641    0.010868856   -0.106616624
   42.065303533    0.016735502   -0.107441094
   42.093649425    0.022143423   -0.108255800
   42.121995316    0.026798797   -0.109054948
   42.150341208    0.030428610   -0.109832413
   42.178687100    0.032849869   -0.110582188
   42.207032992    0.034017439   -0.111298730
   42.235378884    0.034035677   -0.111977140
   42.263724776    0.033128970   -0.112613134
   42.292070668    0.031578118   -0.113202859
   42.320416560    0.029639866   -0.113742636
   42.348762451    0.027472836   -0.114228735
   42.377108343    0.025092587   -0.114657276
   42.405454235    0.022371504   -0.115024332
   42.433800127    0.019087271   -0.115326214
   42.462146019    0.015009866   -0.115559901
   42.490491911    0.010005235   -0.115723502
   42.518837803    0.004127238   -0.115816634
   42.547183695   -0.002329649   -0.115840620
   42.575529586   -0.008835996   -0.115798446
   42.603875478   -0.014696519   -0.115694484
   42.632221370   -0.019171436   -0.115534047
   42.660567262   -0.021624694   -0.115322885
   42.688913154   -0.021665301   -0.115066735
   42.717259046   -0.019247796   -0.114771049
   42.745604938   -0.014706290   -0.114440933
   42.773950829   -0.008711546   -0.114081305
   42.802296721   -0.002158573   -0.113697214
   42.830642613    0.003991228   -0.113294202
   42.858988505    0.008878497   -0.112878603
   42.887334397    0.011887625   -0.112457679
   42.915680289    0.012731110   -0.112039527
   42.944026181    0.011460012   -0.111632781
   42.972372073    0.008401834   -0.111246134
   43.000717964    0.004044389   -0.110887800
   43.029063856   -0.001103549   -0.110565001
   43.057409748   -0.006639765   -0.110283582
   43.085755640   -0.012353873   -0.110047798
   43.114101532   -0.018251948   -0.109860291
   43.142447424   -0.024518414   -0.109722208
   43.170793316   -0.031429189   -0.109633408
   43.199139207   -0.039241940   -0.109592672
   43.227485099   -0.048093976   -0.109597851
   43.255830991   -0.057934786   -0.109645921
   43.284176883   -0.068509846   -0.109732941
   43.312522775   -0.079397949   -0.109853929
   43.340868667   -0.090090018   -0.110002725
   43.369214559   -0.100086902   -0.110171881
   43.397560451   -0.108989662   -0.110352636
   43.425906342   -0.116559183   -0.110535000
   43.454252234   -0.122731368   -0.110707968
   43.482598126   -0.127586872   -0.110859847
   43.510944018   -0.131286773   -0.110978693
   43.539289910   -0.133994267   -0.111052807
   43.567635802   -0.135805286   -0.111071285
   43.595981694   -0.136707248   -0.111024574
   43.624327586   -0.136576326   -0.110905004
   43.652673477   -0.135212272   -0.110707246
   43.681019369   -0.132399295   -0.110428659
   43.709365261   -0.127974669   -0.110069471
   43.737711153   -0.121885401   -0.109632748
   43.766057045   -0.114217607   -0.109124143
   43.794402937   -0.105191774   -0.108551429
   43.822748829   -0.095127154   -0.107923867
   43.851094720   -0.084387257   -0.107251494
   43.879440612   -0.073323272   -0.106544440
   43.907786504   -0.062231939   -0.105812378
   43.936132396   -0.051339219   -0.105064193
   43.964478288   -0.040812734   -0.104307910
   43.992824180   -0.030796925   -0.103550857
   44.021170072   -0.021457866   -0.102799994
   44.049515964   -0.013021796   -0.102062273
   44.077861855   -0.005793371   -0.101344920
   44.106207747   -0.000145766   -0.100655505
   44.134553639    0.003516770   -0.100001767
   44.162899531    0.004815114   -0.099391179
   44.191245423    0.003455828   -0.098830369
   44.219591315   -0.000719614   -0.098324501
   44.247937207   -0.007709442   -0.097876784
   44.276283098   -0.017355797   -0.097488234
   44.304628990   -0.029376063   -0.097157753
   44.332974882   -0.043411665   -0.096882506
   44.361320774   -0.059080477   -0.096658504
   44.389666666   -0.076019089   -0.096481231
   44.418012558   -0.093905273   -0.096346140
   44.446358450   -0.112457825   -0.096248875
   44.474704342   -0.131418301   -0.096185151
   44.503050233   -0.150524768   -0.096150312
   44.531396125   -0.169489831   -0.096138702
   44.559742017   -0.187993270   -0.096143048
   44.588087909   -0.205694306   -0.096154075
   44.616433801   -0.222261480   -0.096160535
   44.644779693   -0.237411713   -0.096149767
   44.673125585   -0.250946324   -0.096108743
   44.701471477   -0.262771947   -0.096025480
   44.729817368   -0.272898440   -0.095890554
   44.758163260   -0.281412730   -0.095698438
   44.786509152   -0.288435147   -0.095448394
   44.814855044   -0.294070579   -0.095144729
   44.843200936   -0.298369027   -0.094796358
   44.871546828   -0.301307837   -0.094415754
   44.899892720   -0.302801753   -0.094017494
   44.928238611   -0.302738519   -0.093616675
   44.956584503   -0.301029748   -0.093227508
   44.984930395   -0.297661570   -0.092862316
   45.013276287   -0.292728880   -0.092531075
   45.041622179   -0.286441320   -0.092241520
   45.069968071   -0.279097337   -0.091999672
   45.098313963   -0.271032362   -0.091810618
   45.126659855   -0.262555621   -0.091679280
   45.155005746   -0.253894591   -0.091610976
   45.183351638   -0.245165011   -0.091611644
   45.211697530   -0.236377839   -0.091687679
   45.240043422   -0.227483995   -0.091845469
   45.268389314   -0.218446210   -0.092090756
   45.296735206   -0.209317992   -0.092428007
   45.325081098   -0.200305568   -0.092859950
   45.353426989   -0.191791135   -0.093387372
   45.381772881   -0.184304582   -0.094009216
   45.410118773   -0.178443979   -0.094722909
   45.438464665   -0.174759201   -0.095524818
   45.466810557   -0.173624234   -0.096410699
   45.495156449   -0.175128918   -0.097376034
   45.523502341   -0.179018379   -0.098416169
   45.551848233   -0.184698556   -0.099526274
   45.580194124   -0.191311328   -0.100701162
   45.608540016   -0.197866342   -0.101935081
   45.636885908   -0.203403028   -0.103221559
   45.665231800   -0.207148709   -0.104553410
   45.693577692   -0.208639283   -0.105922897
   45.721923584   -0.207777479   -0.107322062
   45.750269476   -0.204818011   -0.108743113
   45.778615368   -0.200285593   -0.110178798
   45.806961259   -0.194846576   -0.111622650
   45.835307151   -0.189164365   -0.113069057
   45.863653043   -0.183770734   -0.114513127
   45.891998935   -0.178979422   -0.115950413
   45.920344827   -0.174856790   -0.117376572
   45.948690719   -0.171249923   -0.118787067
   45.977036611   -0.167859184   -0.120177008
   46.005382502   -0.164332980   -0.121541185
   46.033728394   -0.160359548   -0.122874294
   46.062074286   -0.155734079   -0.124171311
   46.090420178   -0.150388143   -0.125427914
   46.118766070   -0.144379479   -0.126640855
   46.147111962   -0.137850730   -0.127808192
   46.175457854   -0.130972863   -0.128929334
   46.203803746   -0.123891240   -0.130004897
   46.232149637   -0.116689423   -0.131036439
   46.260495529   -0.109379016   -0.132026150
   46.288841421   -0.101915394   -0.132976597
   46.317187313   -0.094231566   -0.133890597
   46.345533205   -0.086277686   -0.134771234
   46.373879097   -0.078053119   -0.135622010
   46.402224989   -0.069621214   -0.136447039
   46.430570880   -0.061102973   -0.137251187
   46.458916772   -0.052652574   -0.138040057
   46.487262664   -0.044423196   -0.138819752
   46.515608556   -0.036534316   -0.139596405
   46.543954448   -0.029050781   -0.140375537
   46.572300340   -0.021980040   -0.141161335
   46.600646232   -0.015288164   -0.141956012
   46.628992124   -0.008929477   -0.142759378
   46.657338015   -0.002880469   -0.143568723
   46.685683907    0.002832634   -0.144379061
   46.714029799    0.008121390   -0.145183684
   46.742375691    0.012842074   -0.145974942
   46.770721583    0.016820673   -0.146745083
   46.799067475    0.019889365   -0.147487004
   46.827413367    0.021924518   -0.148194781
   46.855759259    0.022875776   -0.148863886
   46.884105150    0.022778164   -0.149491104
   46.912451042    0.021743857   -0.150074194
   46.940796934    0.019935757   -0.150611416
   46.969142826    0.017530036   -0.151101065
   46.997488718    0.014677761   -0.151541120
   47.025834610    0.011476032   -0.151929104
   47.054180502    0.007956524   -0.152262184
   47.082526393    0.004094796   -0.152537464
   47.110872285   -0.000161740   -0.152752424
   47.139218177   -0.004854197   -0.152905368
   47.167564069   -0.009971078   -0.152995824
   47.195909961   -0.015416415   -0.153024796
   47.224255853   -0.020995983   -0.152994852
   47.252601745   -0.026426309   -0.152910059
   47.280947637   -0.031366060   -0.152775789
   47.309293528   -0.035464355   -0.152598479
   47.337639420   -0.038416787   -0.152385364
   47.365985312   -0.040018226   -0.152144253
   47.394331204   -0.040202079   -0.151883333
   47.422677096   -0.039058433   -0.151611014
   47.451022988   -0.036827662   -0.151335792
   47.479368880   -0.033870817   -0.151066110
   47.507714771   -0.030622364   -0.150810233
   47.536060663   -0.027533893   -0.150576114
   47.564406555   -0.025018674   -0.150371309
   47.592752447   -0.023406301   -0.150202929
   47.621098339   -0.022914360   -0.150077652
   47.649444231   -0.023640551   -0.150001769
   47.677790123   -0.025574776   -0.149981230
   47.706136015   -0.028627014   -0.150021612
   47.734481906   -0.032664117   -0.150127971
   47.762827798   -0.037547372   -0.150304515
   47.791173690   -0.043163018   -0.150554120
   47.819519582   -0.049439788   -0.150877723
   47.847865474   -0.056350566   -0.151273718
   47.876211366   -0.063898788   -0.151737472
   47.904557258   -0.072093586   -0.152261115
   47.932903150   -0.080920127   -0.152833703
   47.961249041   -0.090312654   -0.153441793
   47.989594933   -0.100137099   -0.154070388
   48.017940825   -0.110187980   -0.154704121
   48.046286717   -0.120201007   -0.155328485
   48.074632609   -0.129879175   -0.155930903
   48.102978501   -0.138926954   -0.156501453
   48.131324393   -0.147085218   -0.157033117
   48.159670284   -0.154159280   -0.157521571
   48.188016176   -0.160033996   -0.157964569
   48.216362068   -0.164672872   -0.158361127
   48.244707960   -0.168101937   -0.158710701
   48.273053852   -0.170382774   -0.159012564
   48.301399744   -0.171581705   -0.159265532
   48.329745636   -0.171743069   -0.159468078
   48.358091528   -0.170873491   -0.159618759
   48.386437419   -0.168941373   -0.159716823
   48.414783311   -0.165892038   -0.159762788
   48.443129203   -0.161675176   -0.159758811
   48.471475095   -0.156278146   -0.159708716
   48.499820987   -0.149757308   -0.159617655
   48.528166879   -0.142259961   -0.159491471
   48.556512771   -0.134031693   -0.159335922
   48.584858662   -0.125407299   -0.159155957
   48.613204554   -0.116787081   -0.158955246
   48.641550446   -0.108603415   -0.158736053
   48.669896338   -0.101284191   -0.158499499
   48.698242230   -0.095219808   -0.158246110
   48.726588122   -0.090738923   -0.157976494
   48.754934014   -0.088095608   -0.157691941
   48.783279906   -0.087467651   -0.157394766
   48.811625797   -0.088963346   -0.157088298
   48.839971689   -0.092632633   -0.156776490
   48.868317581   -0.098478335   -0.156463275
   48.896663473   -0.106464243   -0.156151821
   48.925009365   -0.116518570   -0.155843906
   48.953355257   -0.128533171   -0.155539576
   48.981701149   -0.142360466   -0.155237182
   49.010047041   -0.157810623   -0.154933780
   49.038392932   -0.174651378   -0.154625774
   49.066738824   -0.192611893   -0.154309630
   49.095084716   -0.211390750   -0.153982427
   49.123430608   -0.230667013   -0.153642120
   49.151776500   -0.250112563   -0.153287419
   49.180122392   -0.269403869   -0.152917350
   49.208468284   -0.288231865   -0.152530635
   49.236814175   -0.306309426   -0.152125125
   49.265160067   -0.323376761   -0.151697492
   49.293505959   -0.339205464   -0.151243360
   49.321851851   -0.353601982   -0.150757914
   49.350197743   -0.366410769   -0.150236929
   49.378543635   -0.377516761   -0.149678005
   49.406889527   -0.386846294   -0.149081747
   49.435235419   -0.394365459   -0.148452609
   49.463581310   -0.400075349   -0.147799184
   49.491927202   -0.404004497   -0.147133829
   49.520273094   -0.406199850   -0.146471666
   49.548618986   -0.406718403   -0.145829137
   49.576964878   -0.405621765   -0.145222373
   49.605310770   -0.402975317   -0.144665678
   49.633656662   -0.398852294   -0.144170390
   49.662002553   -0.393341412   -0.143744282
   49.690348445   -0.386555225   -0.143391549
   49.718694337   -0.378635659   -0.143113300
   49.747040229   -0.369753572   -0.142908369
   49.775386121   -0.360100768   -0.142774234
   49.803732013   -0.349875284   -0.142707824
   49.832077905   -0.339263279   -0.142706089
   49.860423797   -0.328422675   -0.142766241
   49.888769688   -0.317474149   -0.142885727
   49.917115580   -0.306503701   -0.143062019
   49.945461472   -0.295578069   -0.143292340
   49.973807364   -0.284770364   -0.143573457
   50.002153256   -0.274189523   -0.143901601
   50.030499148   -0.264004666   -0.144272536
   50.058845040   -0.254455240   -0.144681728
   50.087190932   -0.245840187   -0.145124548
   50.115536823   -0.238484060   -0.145596440
   50.143882715   -0.232684014   -0.146092985
   50.172228607   -0.228647325   -0.146609868
   50.200574499   -0.226433092   -0.147142777
   50.228920391   -0.225912603   -0.147687290
   50.257266283   -0.226760169   -0.148238816
   50.285612175   -0.228480234   -0.148792640
   50.313958066   -0.230468635   -0.149344077
   50.342303958   -0.232097860   -0.149888691
   50.370649850   -0.232810055   -0.150422525
   50.398995742   -0.232198951   -0.150942255
   50.427341634   -0.230063721   -0.151445212
   50.455687526   -0.226423665   -0.151929260
   50.484033418   -0.221491238   -0.152392553
   50.512379310   -0.215610333   -0.152833269
   50.540725201   -0.209174399   -0.153249383
   50.569071093   -0.202543245   -0.153638610
   50.597416985   -0.195976976   -0.153998528
   50.625762877   -0.189600714   -0.154326895
   50.654108769   -0.183405695   -0.154622060
   50.682454661   -0.177283179   -0.154883357
   50.710800553   -0.171079631   -0.155111330
   50.739146444   -0.164656937   -0.155307678
   50.767492336   -0.157941091   -0.155474871
   50.795838228   -0.150946869   -0.155615457
   50.824184120   -0.143773272   -0.155731202
   50.852530012   -0.136572989   -0.155822223
   50.880875904   -0.129506426   -0.155886332
   50.909221796   -0.122695059   -0.155918769
   50.937567688   -0.116188788   -0.155912416
   50.965913579   -0.109957721   -0.155858508
   50.994259471   -0.103911536   -0.155747719
   51.022605363   -0.097941365   -0.155571431
   51.050951255   -0.091972243   -0.155322962
   51.079297147   -0.086010620   -0.154998495
   51.107643039   -0.080172174   -0.154597559
   51.135988931   -0.074680200   -0.154122969
   51.164334823   -0.069832787   -0.153580265
   51.192680714   -0.065945684   -0.152976770
   51.221026606   -0.063284939   -0.152320458
   51.249372498   -0.062006879   -0.151618854
   51.277718390   -0.062121886   -0.150878132
   51.306064282   -0.063492736   -0.150102551
   51.334410174   -0.065869476   -0.149294255
   51.362756066   -0.068953135   -0.148453406
   51.391101957   -0.072472551   -0.147578563
   51.419447849   -0.076254401   -0.146667160
   51.447793741   -0.080267407   -0.145715989
   51.476139633   -0.084627594   -0.144721585
   51.504485525   -0.089560962   -0.143680467
   51.532831417   -0.095330827   -0.142589256
   51.561177309   -0.102146480   -0.141444683
   51.589523201   -0.110075468   -0.140243557
   51.617869092   -0.118982068   -0.138982733
   51.646214984   -0.128509220   -0.137659122
   51.674560876   -0.138111536   -0.136269744
   51.702906768   -0.147135156   -0.134811820
   51.731252660   -0.154929066   -0.133282885
   51.759598552   -0.160964714   -0.131680893
   51.787944444   -0.164938188   -0.130004304
   51.816290335   -0.166832547   -0.128252147
   51.844636227   -0.166926441   -0.126424069
   51.872982119   -0.165746747   -0.124520388
   51.901328011   -0.163975149   -0.122542135
   51.929673903   -0.162328348   -0.120491119
   51.958019795   -0.161436856   -0.118369976
   51.986365687   -0.161746905   -0.116182190
   52.014711579   -0.163464135   -0.113932074
   52.043057470   -0.166547893   -0.111624683
   52.071403362   -0.170753555   -0.109265674
   52.099749254   -0.175709985   -0.106861114
   52.128095146   -0.181012319   -0.104417272
   52.156441038   -0.186308276   -0.101940430
   52.184786930   -0.191359306   -0.099436744
   52.213132822   -0.196065139   -0.096912156
   52.241478714   -0.200449796   -0.094372374
   52.269824605   -0.204616478   -0.091822878
   52.298170497   -0.208685722   -0.089268924
   52.326516389   -0.212734257   -0.086715508
   52.354862281   -0.216750576   -0.084167253
   52.383208173   -0.220617962   -0.081628222
   52.411554065   -0.224128041   -0.079101662
   52.439899957   -0.227019950   -0.076589720
   52.468245848   -0.229033859   -0.074093189
   52.496591740   -0.229964463   -0.071611319
   52.524937632   -0.229700679   -0.069141748
   52.553283524   -0.228241931   -0.066680561
   52.581629416   -0.225687731   -0.064222483
   52.609975308   -0.222204202   -0.061761146
   52.638321200   -0.217976820   -0.059289423
   52.666667092   -0.213161699   -0.056799752
   52.695012983   -0.207847559   -0.054284413
   52.723358875   -0.202037244   -0.051735760
   52.751704767   -0.195652398   -0.049146369
   52.780050659   -0.188559050   -0.046509152
   52.808396551   -0.180606913   -0.043817437
   52.836742443   -0.171672439   -0.041065060
   52.865088335   -0.161695589   -0.038246465
   52.893434226   -0.150702709   -0.035356850
   52.921780118   -0.138812039   -0.032392306
   52.950126010   -0.126222988   -0.029349979
   52.978471902   -0.113194112   -0.026228185
   53.006817794   -0.100016776   -0.023026489
   53.035163686   -0.086991419   -0.019745721
   53.063509578   -0.074411306   -0.016387921
   53.091855470   -0.062555468   -0.012956241
   53.120201361   -0.051689256   -0.009454801
   53.148547253   -0.042068464   -0.005888526
   53.176893145   -0.033942132   -0.002262983
   53.205239037   -0.027549967    0.001415772
   53.233584929   -0.023112503    0.005141334
   53.261930821   -0.020814976    0.008907069
   53.290276713   -0.020788273    0.012706218
   53.318622605   -0.023091741    0.016531989
   53.346968496   -0.027702452    0.020377633
   53.375314388   -0.034513878    0.024236515
   53.403660280   -0.043344450    0.028102168
   53.432006172   -0.053953796    0.031968350
   53.460352064   -0.066062570    0.035829091
   53.488697956   -0.079371201    0.039678752
   53.517043848   -0.093573766    0.043512093
   53.545389739   -0.108365275    0.047324350
   53.573735631   -0.123443172    0.051111312
   53.602081523   -0.138505977    0.054869397
   53.630427415   -0.153253052    0.058595690
   53.658773307   -0.167388958    0.062287958
   53.687119199   -0.180634061    0.065944598
   53.715465091   -0.192740378    0.069564557
   53.743810983   -0.203509155    0.073147224
   53.772156874   -0.212805077    0.076692335
   53.800502766   -0.220562128    0.080199926
   53.828848658   -0.226777902    0.083670362
   53.857194550   -0.231496307    0.087104462
   53.885540442   -0.234782132    0.090503691
   53.913886334   -0.236693791    0.093870392
   53.942232226   -0.237261718    0.097207974
   53.970578117   -0.236478890    0.100520998
   53.998924009   -0.234306843    0.103815070
   54.027269901   -0.230696191    0.107096533
   54.055615793   -0.225616184    0.110371948
   54.083961685   -0.219084711    0.113647425
   54.112307577   -0.211189325    0.116927924
   54.140653469   -0.202091855    0.120216625
   54.168999361   -0.192013566    0.123514527
   54.197345252   -0.181203455    0.126820328
   54.225691144   -0.169897674    0.130130661
   54.254037036   -0.158281413    0.133440626
   54.282382928   -0.146464918    0.136744536
   54.310728820   -0.134482120    0.140036730
   54.339074712   -0.122314355    0.143312307
   54.367420604   -0.109934351    0.146567632
   54.395766496   -0.097359038    0.149800552
   54.424112387   -0.084695791    0.153010280
   54.452458279   -0.072166767    0.156197044
   54.480804171   -0.060100390    0.159361565
   54.509150063   -0.048886964    0.162504554
   54.537495955   -0.038904839    0.165626305
   54.565841847   -0.030432242    0.168726515
   54.594187739   -0.023565273    0.171804328
   54.622533630   -0.018163152    0.174858573
   54.650879522   -0.013836951    0.177888111
   54.679225414   -0.009988861    0.180892166
   54.707571306   -0.005897500    0.183870555
   54.735917198   -0.000833716    0.186823726
   54.764263090    0.005816417    0.189752621
   54.792608982    0.014447204    0.192658402
   54.820954874    0.025169778    0.195542133
   54.849300765    0.037802779    0.198404531
   54.877646657    0.051918649    0.201245882
   54.905992549    0.066934569    0.204066152
   54.934338441    0.082227468    0.206865289
   54.962684333    0.097247825    0.209643650
   54.991030225    0.111608348    0.212402416
   55.019376117    0.125130480    0.215143894
   55.047722008    0.137842261    0.217871596
   55.076067900    0.149932654    0.220590059
   55.104413792    0.161677121    0.223304430
   55.132759684    0.173354769    0.226019903
   55.161105576    0.185177610    0.228741155
   55.189451468    0.197247584    0.231471906
   55.217797360    0.209548633    0.234214732
   55.246143252    0.221971525    0.236971171
   55.274489143    0.234360913    0.239742100
   55.302835035    0.246569326    0.242528286
   55.331180927    0.258502379    0.245330950
   55.359526819    0.270143382    0.248152184
   55.387872711    0.281552222    0.250995097
   55.416218603    0.292841076    0.253863597
   55.444564495    0.304135827    0.256761852
   55.472910387    0.315535499    0.259693515
   55.501256278    0.327081765    0.262660886
   55.529602170    0.338746876    0.265664214
   55.557948062    0.350442556    0.268701296
   55.586293954    0.362046158    0.271767512
   55.614639846    0.373435548    0.274856293
   55.642985738    0.384522048    0.277959977
   55.671331630    0.395271816    0.281070879
   55.699677521    0.405709775    0.284182382
   55.728023413    0.415905536    0.287289841
   55.756369305    0.425945972    0.290391135
   55.784715197    0.435902812    0.293486770
   55.813061089    0.445804793    0.296579547
   55.841406981    0.455622334    0.299673870
   55.869752873    0.465268904    0.302774868
   55.898098765    0.474618462    0.305887505
   55.926444656    0.483533895    0.309015846
   55.954790548    0.491898537    0.312162615
   55.983136440    0.499642319    0.315329079
   56.011482332    0.506755919    0.318515249
   56.039828224    0.513289844    0.321720279
   56.068174116    0.519339559    0.324942959
   56.096520008    0.525021409    0.328182151
   56.124865900    0.530446233    0.331437064
   56.153211791    0.535697587    0.334707309
   56.181557683    0.540819740    0.337992749
   56.209903575    0.545817462    0.341293187
   56.238249467    0.550666242    0.344608005
   56.266595359    0.555328845    0.347935842
   56.294941251    0.559772754    0.351274413
   56.323287143    0.563983389    0.354620515
   56.351633034    0.567969742    0.357970212
   56.379978926    0.571761644    0.361319162
   56.408324818    0.575400445    0.364663002
   56.436670710    0.578926707    0.367997701
   56.465016602    0.582369061    0.371319802
   56.493362494    0.585737676    0.374626501
   56.521708386    0.589024048    0.377915552
   56.550054278    0.592206719    0.381185049
   56.578400169    0.595260693    0.384433123
   56.606746061    0.598167318    0.387657654
   56.635091953    0.600921471    0.390856067
   56.663437845    0.603533918    0.394025254
   56.691783737    0.606028377    0.397161658
   56.720129629    0.608434526    0.400261476
   56.748475521    0.610779393    0.403320972
   56.776821412    0.613079945    0.406336805
   56.805167304    0.615339198    0.409306337
   56.833513196    0.617546902    0.412227873
   56.861859088    0.619684392    0.415100803
   56.890204980    0.621731872    0.417925651
   56.918550872    0.623675719    0.420704065
   56.946896764    0.625513491    0.423438757
   56.975242656    0.627255133    0.426133442
   57.003588547    0.628920170    0.428792779
   57.031934439    0.630531907    0.431422330
   57.060280331    0.632110615    0.434028503
   57.088626223    0.633667885    0.436618485
   57.116972115    0.635203910    0.439200112
   57.145318007    0.636708453    0.441781695
   57.173663899    0.638165068    0.444371772
   57.202009791    0.639557136    0.446978822
   57.230355682    0.640873740    0.449610972
   57.258701574    0.642113523    0.452275713
   57.287047466    0.643285378    0.454979671
   57.315393358    0.644405841    0.457728443
   57.343739250    0.645494113    0.460526501
   57.372085142    0.646566362    0.463377154
   57.400431034    0.647631123    0.466282548
   57.428776925    0.648687233    0.469243684
   57.457122817    0.649724874    0.472260439
   57.485468709    0.650729324    0.475331588
   57.513814601    0.651686148    0.478454845
   57.542160493    0.652586157    0.481626928
   57.570506385    0.653428566    0.484843675
   57.598852277    0.654221395    0.488100212
   57.627198169    0.654979056    0.491391165
   57.655544060    0.655717953    0.494710901
   57.683889952    0.656451539    0.498053744
   57.712235844    0.657186398    0.501414142
   57.740581736    0.657920589    0.504786756
   57.768927628    0.658644712    0.508166449
   57.797273520    0.659345314    0.511548206
   57.825619412    0.660009501    0.514927012
   57.853965303    0.660629276    0.518297744
   57.882311195    0.661204232    0.521655132
   57.910657087    0.661741772    0.524993815
   57.939002979    0.662254841    0.528308496
   57.967348871    0.662757927    0.531594188
   57.995694763    0.663262629    0.534846467
   58.024040655    0.663774214    0.538061692
   58.052386547    0.664290232    0.541237109
   58.080732438    0.664801602    0.544370828
   58.109078330    0.665295779    0.547461646
   58.137424222    0.665760976    0.550508793
   58.165770114    0.666190070    0.553511658
   58.194116006    0.666582972    0.556469593
   58.222461898    0.666946716    0.559381874
   58.250807790    0.667293273    0.562247840
   58.279153682    0.667635821    0.565067212
   58.307499573    0.667984666    0.567840498
   58.335845465    0.668344125    0.570569388
   58.364191357    0.668711345    0.573256980
   58.392537249    0.669077421    0.575907755
   58.420883141    0.669430421    0.578527229
   58.449229033    0.669759343    0.581121293
   58.477574925    0.670057728    0.583695353
   58.505920816    0.670325792    0.586253411
   58.534266708    0.670570395    0.588797286
   58.562612600    0.670802897    0.591326142
   58.590958492    0.671035582    0.593836436
   58.619304384    0.671277823    0.596322332
   58.647650276    0.671533202    0.598776506
   58.675996168    0.671798494    0.601191194
   58.704342060    0.672064835    0.603559285
   58.732687951    0.672320681    0.605875252
   58.761033843    0.672555596    0.608135738
   58.789379735    0.672763660    0.610339717
   58.817725627    0.672945410    0.612488224
   58.846071519    0.673107698    0.614583748
   58.874417411    0.673261535    0.616629441
   58.902763303    0.673418602    0.618628344
   58.931109194    0.673587580    0.620582771
   58.959455086    0.673771440    0.622493986
   58.987800978    0.673966587    0.624362193
   59.016146870    0.674164097    0.626186797
   59.044492762    0.674352657    0.627966829
   59.072838654    0.674522258    0.629701397
   59.101184546    0.674667447    0.631390043
   59.129530438    0.674789108    0.633032917
   59.157876329    0.674894206    0.634630739
   59.186222221    0.674993575    0.636184586
   59.214568113    0.675098483    0.637695588
   59.242914005    0.675217057    0.639164627
   59.271259897    0.675351732    0.640592137
   59.299605789    0.675498534    0.641978057
   59.327951681    0.675648405    0.643321942
   59.356297573    0.675790171    0.644623189
   59.384643464    0.675914164    0.645881317
   59.412989356    0.676015358    0.647096201
   59.441335248    0.676095005    0.648268205
   59.469681140    0.676160248    0.649398170
   59.498027032    0.676221852    0.650487276
   59.526372924    0.676290771    0.651536820
   59.554718816    0.676374665    0.652547984
   59.583064707    0.676475479    0.653521658
   59.611410599    0.676588860    0.654458376
   59.639756491    0.676705593    0.655358388
   59.668102383    0.676814600    0.656221832
   59.696448275    0.676906519    0.657048973
   59.724794167    0.676976729    0.657840427
   59.753140059    0.677026853    0.658597308
   59.781485951    0.677064241    0.659321271
   59.809831842    0.677099629    0.660014412
   59.838177734    0.677143708    0.660679081
   59.866523626    0.677203717    0.661317638
   59.894869518    0.677281151    0.661932223
   59.923215410    0.677371307    0.662524584
   59.951561302    0.677464831    0.663096019
   59.979907194    0.677550740    0.663647409
   60.008253085    0.677619970    0.664179344
   60.036598977    0.677668288    0.664692280
   60.064944869    0.677697663    0.665186694
   60.093290761    0.677715632    0.665663188
   60.121636653    0.677732895    0.666122515
   60.149982545    0.677759887    0.666565547
   60.178328437    0.677803457    0.666993181
   60.206674329    0.677864695    0.667406248
   60.235020220    0.677938609    0.667805430
   60.263366112    0.678015753    0.668191229
   60.291712004    0.678085277    0.668563991
   60.320057896    0.678138413    0.668923969
   60.348403788    0.678171286    0.669271413
   60.376749680    0.678186159    0.669606644
   60.405095572    0.678190697    0.669930095
   60.433441464    0.678195513    0.670242312
   60.461787355    0.678210777    0.670543905
   60.490133247    0.678242980    0.670835480
   60.518479139    0.678292873    0.671117562
   60.546825031    0.678355265    0.671390552
   60.575170923    0.678420701    0.671654711
   60.603516815    0.678478511    0.671910192
   60.631862707    0.678520224    0.672157101
   60.660208598    0.678542275    0.672395564
   60.688554490    0.678547135    0.672625788
   60.716900382    0.678542501    0.672848083
   60.745246274    0.678538839    0.673062856
   60.773592166    0.678546036    0.673270559
   60.801938058    0.678570267    0.673471627
   60.830283950    0.678612044    0.673666421
   60.858629842    0.678666085    0.673855187
   60.886975733    0.678723029    0.674038057
   60.915321625    0.678772436    0.674215076
   60.943667517    0.678806121    0.674386262
   60.972013409    0.678820750    0.674551668
   61.000359301    0.678818885    0.674711424
   61.028705193    0.678808146    0.674865761
   61.057051085    0.678798776    0.675014992
   61.085396976    0.678800374    0.675159467
   61.113742868    0.678818865    0.675299518
   61.142088760    0.678854638    0.675435400
   61.170434652    0.678902457    0.675567267
   61.198780544    0.678953158    0.675695171
   61.227126436    0.678996572    0.675819093
   61.255472328    0.679024759    0.675938997
   61.283818220    0.679034512    0.676054889
   61.312164111    0.679028351    0.676166851
   61.340510003    0.679013697    0.676275060
   61.368855895    0.679000501    0.676379769
   61.397201787    0.678998093    0.676481259
   61.425547679    0.679012239    0.676579792
   61.453893571    0.679043345    0.676675557
   61.482239463    0.679086364    0.676768648
   61.510585355    0.679132421    0.676859065
   61.538931246    0.679171639    0.676946750
   61.567277138    0.679196256    0.677031635
   61.595623030    0.679203065    0.677113694
   61.623968922    0.679194395    0.677192978
   61.652314814    0.679177352    0.677269630
   61.680660706    0.679161555    0.677343860
   61.709006598    0.679156106    0.677415905
   61.737352489    0.679166729    0.677485979
   61.765698381    0.679193999    0.677554228
   61.794044273    0.679233192    0.677620705
   61.822390165    0.679275800    0.677685380
   61.850736057    0.679312222    0.677748168
   61.879081949    0.679334783    0.677808981
   61.907427841    0.679340129    0.677867773
   61.935773733    0.679330255    0.677924576
   61.964119624    0.679311855    0.677979508
   61.992465516    0.679294202    0.678032751
   62.020811408    0.679286239    0.678084510
   62.049157300    0.679293788    0.678134969
   62.077503192    0.679317742    0.678184242
   62.105849084    0.679353819    0.678232357
   62.134194976    0.679393920    0.678279263
   62.162540867    0.679428676    0.678324860
   62.190886759    0.679450382    0.678369045
   62.219232651    0.679455387    0.678411762
   62.247578543    0.679445221    0.678453028
   62.275924435    0.679426102    0.678492942
   62.304270327    0.679406977    0.678531668
   62.332616219    0.679396730    0.678569390
   62.360962111    0.679401421    0.678606266
   62.389308002    0.679422403    0.678642394
   62.417653894    0.679455923    0.678677784
   62.445999786    0.679494297    0.678712373
   62.474345678    0.679528315    0.678746049
   62.502691570    0.679550108    0.678778704
   62.531037462    0.679555588    0.678810270
   62.559383354    0.679545722    0.678840755
   62.587729246    0.679526219    0.678870246
   62.616075137    0.679505755    0.678898891
   62.644421029    0.679493273    0.678926860
   62.672766921    0.679495210    0.678954297
   62.701112813    0.679513495    0.678981284
   62.729458705    0.679544949    0.679007824
   62.757804597    0.679582276    0.679033844
   62.786150489    0.679616322    0.679059229
   62.814496380    0.679638921    0.679083862
   62.842842272    0.679645434    0.679107671
   62.871188164    0.679636196    0.679130655
   62.899534056    0.679616421    0.679152891
   62.927879948    0.679594595    0.679174517
   62.956225840    0.679579846    0.679195691
   62.984571732    0.679579111    0.679216548
   63.012917624    0.679594967    0.679237162
   63.041263515    0.679624822    0.679257530
   63.069609407    0.679661696    0.679277575
   63.097955299    0.679696383    0.679297178
   63.126301191    0.679720300    0.679316220
   63.154647083    0.679728168    0.679334622
   63.182992975    0.679719671    0.679352377
   63.211338867    0.679699579    0.679369553
   63.239684758    0.679676291    0.679386280
   63.268030650    0.679659237    0.679402708
   63.296376542    0.679655942    0.679418965
   63.324722434    0.679669669    0.679435123
   63.353068326    0.679698373    0.679451176
   63.381414218    0.679735303    0.679467045
   63.409760110    0.679771084    0.679482610
   63.438106002    0.679796624    0.679497748
   63.466451893    0.679805963    0.679512375
   63.494797785    0.679798158    0.679526479
   63.523143677    0.679777616    0.679540120
   63.551489569    0.679752759    0.679553420
   63.579835461    0.679733411    0.679566525
   63.608181353    0.679727741    0.679579560
   63.636527245    0.679739679    0.679592595
   63.664873137    0.679767657    0.679605625
   63.693219028    0.679805049    0.679618571
   63.721564920    0.679842214    0.679631312
   63.749910812    0.679869494    0.679643722
   63.778256704    0.679880255    0.679655714
   63.806602596    0.679872989    0.679667266
   63.834948488    0.679851844    0.679678434
   63.863294380    0.679825360    0.679689335
   63.891640271    0.679803824    0.679700109
   63.919986163    0.679796045    0.679710882
   63.948332055    0.679806566    0.679721726
   63.976677947    0.679834195    0.679732635
   64.005023839    0.679872331    0.679743533
   64.033369731    0.679910996    0.679754299
   64.061715623    0.679939959    0.679764804
   64.090061515    0.679951961    0.679774955
   64.118407406    0.679945032    0.679784724
   64.146753298    0.679923160    0.679794162
   64.175099190    0.679895084    0.679803379
   64.203445082    0.679871569    0.679812516
   64.231790974    0.679862021    0.679821699
   64.260136866    0.679871497    0.679831000
   64.288482758    0.679899074    0.679840420
   64.316828649    0.679938087    0.679849883
   64.345174541    0.679978200    0.679859268
   64.373520433    0.680008643    0.679868443
   64.401866325    0.680021629    0.679877309
   64.430212217    0.680014838    0.679885833
   64.458558109    0.679992196    0.679894059
   64.486904001    0.679962680    0.679902094
   64.515249893    0.679937501    0.679910078
   64.543595784    0.679926570    0.679918140
   64.571941676    0.679935341    0.679926355
   64.600287568    0.679963051    0.679934728
   64.628633460    0.680002923    0.679943186
   64.656979352    0.680044275    0.679951606
   64.685325244    0.680075891    0.679959854
   64.713671136    0.680089578    0.679967825
   64.742017028    0.680082784    0.679975479
   64.770362919    0.680059444    0.679982856
   64.798708811    0.680028763    0.679990061
   64.827054703    0.680002321    0.679997233
   64.855400595    0.679990405    0.680004503
   64.883746487    0.679998737    0.680011952
   64.912092379    0.680026630    0.680019589
   64.940438271    0.680067182    0.680027342
   64.968784162    0.680109439    0.680035090
   64.997130054    0.680141863    0.680042692
   65.025475946    0.680155996    0.680050041
   65.053821838    0.680149158    0.680057090
   65.082167730    0.680125320    0.680063873
   65.110513622    0.680093860    0.680070493
   65.138859514    0.680066604    0.680077091
   65.167205406    0.680054067    0.680083801
   65.195551297    0.680062117    0.680090710
   65.223897189    0.680090092    0.680097827
   65.252243081    0.680131005    0.680105088
   65.280588973    0.680173745    0.680112366
   65.308934865    0.680206608    0.680119521
   65.337280757    0.680221009    0.680126438
   65.365626649    0.680214211    0.680133065
   65.393972540    0.680190204    0.680139432
   65.422318432    0.680158437    0.680145641
   65.450664324    0.680130821    0.680151834
   65.479010216    0.680117949    0.680158147
   65.507356108    0.680125738    0.680164672
   65.535702000    0.680153547    0.680171425
   65.564047892    0.680194390    0.680178339
   65.592393784    0.680237157    0.680185292
   65.620739675    0.680270138    0.680192136
   65.649085567    0.680284741    0.680198754
   65.677431459    0.680278207    0.680205088
   65.705777351    0.680254471    0.680211165
   65.734123243    0.680222907    0.680217085
   65.762469135    0.680195341    0.680222990
   65.790815027    0.680182306    0.680229022
   65.819160919    0.680189706    0.680235276
   65.847506810    0.680216969    0.680241770
   65.875852702    0.680257245    0.680248442
   65.904198594    0.680299597    0.680255167
   65.932544486    0.680332471    0.680261796
   65.960890378    0.680347350    0.680268207
   65.989236270    0.680341429    0.680274339
   66.017582162    0.680318478    0.680280215
   66.045928053    0.680287620    0.680285932
   66.074273945    0.680260425    0.680291634
   66.102619837    0.680247253    0.680297466
   66.130965729    0.680253993    0.680303526
   66.159311621    0.680280234    0.680309836
   66.187657513    0.680319429    0.680316336
   66.216003405    0.680360996    0.680322902
   66.244349297    0.680393667    0.680329382
   66.272695188    0.680409036    0.680335651
   66.301041080    0.680404186    0.680341645
   66.329386972    0.680382562    0.680347381
   66.357732864    0.680352851    0.680352957
   66.386078756    0.680326218    0.680358517
   66.414424648    0.680312785    0.680364206
   66.442770540    0.680318470    0.680370127
   66.471116431    0.680343162    0.680376305
   66.499462323    0.680380803    0.680382682
   66.527808215    0.680421330    0.680389134
   66.556154107    0.680453851    0.680395511
   66.584499999    0.680470057    0.680401683
   66.612845891    0.680466796    0.680407582
   66.641191783    0.680447013    0.680413225
   66.669537675    0.680418783    0.680418704
   66.697883566    0.680392748    0.680424165
   66.726229458    0.680378786    0.680429752
   66.754575350    0.680382936    0.680435572
   66.782921242    0.680405558    0.680441653
   66.811267134    0.680441264    0.680447940
   66.839613026    0.680480643    0.680454311
   66.867958918    0.680513218    0.680460615
   66.896304810    0.680530706    0.680466721
   66.924650701    0.680529565    0.680472559
   66.952996593    0.680512055    0.680478140
   66.981342485    0.680485491    0.680483556
   67.009688377    0.680459932    0.680488947
   67.038034269    0.680445054    0.680494462
   67.066380161    0.680447158    0.680500207
   67.094726053    0.680467251    0.680506214
   67.123071944    0.680500778    0.680512432
   67.151417836    0.680539065    0.680518742
   67.179763728    0.680572029    0.680524995
   67.208109620    0.680591293    0.680531058
   67.236455512    0.680592755    0.680536858
   67.264801404    0.680577822    0.680542402
   67.293147296    0.680552942    0.680547778
   67.321493188    0.680527590    0.680553124
   67.349839079    0.680511336    0.680558586
   67.378184971    0.680510905    0.680564272
   67.406530863    0.680528127    0.680570220
   67.434876755    0.680559396    0.680576383
   67.463222647    0.680596804    0.680582646
   67.491568539    0.680630585    0.680588863
   67.519914431    0.680652116    0.680594899
   67.548260322    0.680656562    0.680600680
   67.576606214    0.680644344    0.680606206
   67.604952106    0.680620997    0.680611560
   67.633297998    0.680595467    0.680616875
   67.661643890    0.680577357    0.680622298
   67.689989782    0.680573989    0.680627937
   67.718335674    0.680588155    0.680633836
   67.746681566    0.680617265    0.680639952
   67.775027457    0.680654140    0.680646177
   67.803373349    0.680689207    0.680652367
   67.831719241    0.680713431    0.680658390
   67.860065133    0.680721091    0.680664164
   67.888411025    0.680711542    0.680669687
   67.916756917    0.680689426    0.680675032
   67.945102809    0.680663267    0.680680328
   67.973448701    0.680642865    0.680685720
   68.001794592    0.680636292    0.680691319
   68.030140484    0.680647401    0.680697172
   68.058486376    0.680674619    0.680703246
   68.086832268    0.680711396    0.680709440
   68.115178160    0.680748197    0.680715613
   68.143524052    0.680775416    0.680721631
   68.171869944    0.680786338    0.680727411
   68.200215835    0.680779234    0.680732940
   68.228561727    0.680757933    0.680738286
   68.256907619    0.680730689    0.680743571
   68.285253511    0.680707662    0.680748936
   68.313599403    0.680697796    0.680754497
   68.341945295    0.680706037    0.680760308
   68.370291187    0.680731759    0.680766344
   68.398637079    0.680768904    0.680772510
   68.426982970    0.680807806    0.680778672
   68.455328862    0.680838153    0.680784695
   68.483674754    0.680852187    0.680790489
   68.512020646    0.680847149    0.680796034
   68.540366538    0.680826191    0.680801387
   68.568712430    0.680797465    0.680806664
   68.597058322    0.680771636    0.680812005
   68.625404213    0.680758588    0.680817530
   68.653750105    0.680764320    0.680823299
   68.682095997    0.680789030    0.680829298
   68.710441889    0.680826975    0.680835441
   68.738787781    0.680868202    0.680841598
   68.767133673    0.680901611    0.680847633
   68.795479565    0.680918421    0.680853448
   68.823825457    0.680914961    0.680859014
   68.852171348    0.680893879    0.680864378
   68.880517240    0.680863395    0.680869650
   68.908863132    0.680834782    0.680874967
   68.937209024    0.680818860    0.680880454
   68.965554916    0.680822578    0.680886182
   68.993900808    0.680846778    0.680892146
   69.022246700    0.680885855    0.680898271
   69.050592592    0.680929446    0.680904428
   69.078938483    0.680965643    0.680910481
   69.107284375    0.680984738    0.680916323
   69.135630267    0.680982318    0.680921914
   69.163976159    0.680960721    0.680927291
   69.192322051    0.680928378    0.680932556
   69.220667943    0.680897212    0.680937849
   69.249013835    0.680878900    0.680943297
   69.277359726    0.680881173    0.680948984
   69.305705618    0.680905317    0.680954917
   69.334051510    0.680945699    0.680961026
   69.362397402    0.680991479    0.680967189
   69.390743294    0.681029999    0.680973265
   69.419089186    0.681050784    0.680979137
   69.447435078    0.681048888    0.680984755
   69.475780970    0.681026525    0.680990144
   69.504126861    0.680992431    0.680995403
   69.532472753    0.680959146    0.681000668
   69.560818645    0.680939058    0.681006078
   69.589164537    0.680940462    0.681011725
   69.617510429    0.680964885    0.681017629
   69.645856321    0.681006542    0.681023728
   69.674202213    0.681054122    0.681029902
   69.702548104    0.681094348    0.681036003
   69.730893996    0.681116190    0.681041909
   69.759239888    0.681114396    0.681047553
   69.787585780    0.681091209    0.681052953
   69.815931672    0.681055694    0.681058201
   69.844277564    0.681020898    0.681063438
   69.872623456    0.680999712    0.681068809
   69.900969348    0.681000757    0.681074419
   69.929315239    0.681025616    0.681080297
   69.957661131    0.681068295    0.681086391
   69.986007023    0.681117092    0.681092580
   70.014352915    0.681158312    0.681098710
   70.042698807    0.681180619    0.681104648
   70.071044699    0.681178665    0.681110317
   70.099390591    0.681154817    0.681115725
   70.127736483    0.681118420    0.681120960
   70.156082374    0.681082845    0.681126167
   70.184428266    0.681061227    0.681131500
   70.212774158    0.681062283    0.681137076
   70.241120050    0.681087519    0.681142934
   70.269465942    0.681130743    0.681149028
   70.297811834    0.681180027    0.681155235
   70.326157726    0.681221509    0.681161395
   70.354503617    0.681243805    0.681167364
   70.382849509    0.681241639    0.681173053
   70.411195401    0.681217525    0.681178464
   70.439541293    0.681180956    0.681183683
   70.467887185    0.681145380    0.681188859
   70.496233077    0.681123910    0.681194158
   70.524578969    0.681125149    0.681199704
   70.552924861    0.681150464    0.681205549
   70.581270752    0.681193564    0.681211647
   70.609616644    0.681242526    0.681217874
   70.637962536    0.681283601    0.681224064
   70.666308428    0.681305591    0.681230060
   70.694654320    0.681303400    0.681235764
   70.723000212    0.681279627    0.681241172
   70.751346104    0.681243705    0.681246372
   70.779691995    0.681208877    0.681251519
   70.808037887    0.681187969    0.681256787
   70.836383779    0.681189326    0.681262311
   70.864729671    0.681214193    0.681268148
   70.893075563    0.681256362    0.681274256
   70.921421455    0.681304192    0.681280506
   70.949767347    0.681344331    0.681286722
   70.978113239    0.681365953    0.681292738
   71.006459130    0.681364165    0.681298451
   71.034805022    0.681341508    0.681303851
   71.063150914    0.681307085    0.681309029
   71.091496806    0.681273637    0.681314148
   71.119842698    0.681253484    0.681319391
   71.148188590    0.681254641    0.681324901
   71.176534482    0.681278341    0.681330740
   71.204880374    0.681318707    0.681336863
   71.233226265    0.681364684    0.681343136
   71.261572157    0.681403567    0.681349374
   71.289918049    0.681425016    0.681355402
   71.318263941    0.681424277    0.681361112
   71.346609833    0.681403605    0.681366496
   71.374955725    0.681371477    0.681371650
   71.403301617    0.681339850    0.681376745
   71.431647508    0.681320383    0.681381972
   71.459993400    0.681320787    0.681387480
   71.488339292    0.681342470    0.681393332
   71.516685184    0.681380185    0.681399477
   71.545031076    0.681423755    0.681405773
   71.573376968    0.681461320    0.681412025
   71.601722860    0.681483048    0.681418053
   71.630068752    0.681484165    0.681423747
   71.658414643    0.681466364    0.681429102
   71.686760535    0.681437179    0.681434227
   71.715106427    0.681407564    0.681439301
   71.743452319    0.681388446    0.681444525
   71.771798211    0.681387347    0.681450052
   71.800144103    0.681406116    0.681455936
   71.828489995    0.681440444    0.681462117
   71.856835886    0.681481296    0.681468438
   71.885181778    0.681517762    0.681474693
   71.913527670    0.681540443    0.681480697
   71.941873562    0.681544311    0.681486344
   71.970219454    0.681530182    0.681491645
   71.998565346    0.681504369    0.681496725
   72.026911238    0.681476669    0.681501784
   72.055257130    0.681457311    0.681507033
   72.083603021    0.681453836    0.681512622
   72.111948913    0.681468837    0.681518589
   72.140294805    0.681499246    0.681524846
   72.168640697    0.681537354    0.681531205
   72.196986589    0.681573213    0.681537437
   72.225332481    0.681597684    0.681543349
   72.253678373    0.681605193    0.681548854
   72.282024265    0.681595363    0.681554004
   72.310370156    0.681573067    0.681558980
   72.338716048    0.681546891    0.681564036
   72.367061940    0.681526507    0.681569414
   72.395407832    0.681519746    0.681575257
   72.423753724    0.681530268    0.681581548
   72.452099616    0.681556497    0.681588092
   72.480445508    0.681592143    0.681594563
   72.508791399    0.681628123    0.681600604
   72.537137291    0.681655301    0.681605950
   72.565483183    0.681667233    0.681610557
   72.593829075    0.681662074    0.681614691
   72.622174967    0.681643123    0.681618958
   72.650520859    0.681617816    0.681624265
   72.678866751    0.681595493    0.681631722
   72.707212643    0.681584601    0.681642506
   72.735558534    0.681590166    0.681657718
   72.763904426    0.681612274    0.681678268
   72.792250318    0.681646036    0.681704814
   72.820596210    0.681683032    0.681737753
   72.848942102    0.681713815    0.681777270
   72.877287994    0.681730750    0.681823418
   72.905633886    0.681730319    0.681876197
   72.933979777    0.681714223    0.681935627
   72.962325669    0.681688915    0.682001772
   72.990671561    0.681663712    0.682074741
   73.019017453    0.681648011    0.682154649
   73.047363345    0.681648444    0.682241580
   73.075709237    0.681666827    0.682335544
   73.104055129    0.681699537    0.682436470
   73.132401021    0.681738523    0.682544225
   73.160746912    0.681773684    0.682658648
   73.189092804    0.681795918    0.682779609
   73.217438696    0.681799923    0.682907044
   73.245784588    0.681785899    0.683040985
   73.274130480    0.681759591    0.683181545
   73.302476372    0.681730645    0.683328889
   73.330822264    0.681709714    0.683483177
   73.359168156    0.681705192    0.683644515
   73.387514047    0.681720570    0.683812920
   73.415859939    0.681753241    0.683988319
   73.444205831    0.681795168    0.684170564
   73.472551723    0.681835257    0.684359485
   73.500897615    0.681862739    0.684554940
   73.529243507    0.681870538    0.684756865
   73.557589399    0.681857571    0.684965285
   73.585935290    0.681829232    0.685180316
   73.614281182    0.681795859    0.685402121
   73.642627074    0.681769609    0.685630862
   73.670972966    0.681760680    0.685866649
   73.699318858    0.681774052    0.686109503
   73.727664750    0.681807787    0.686359355
   73.756010642    0.681853476    0.686616063
   73.784356534    0.681898737    0.686879458
   73.812702425    0.681931037    0.687149399
   73.841048317    0.681941667    0.687425815
   73.869394209    0.681928593    0.687708727
   73.897740101    0.681897262    0.687998241
   73.926085993    0.681859049    0.688294516
   73.954431885    0.681827769    0.688597712
   73.982777777    0.681815335    0.688907941
   74.011123668    0.681827909    0.689225234
   74.039469560    0.681863807    0.689549530
   74.067815452    0.681913855    0.689880696
   74.096161344    0.681964165    0.690218568
   74.124507236    0.682000472    0.690563002
   74.152853128    0.682012702    0.690913920
   74.181199020    0.681998295    0.691271331
   74.209544912    0.681963180    0.691635332
   74.237890803    0.681920052    0.692006074
   74.266236695    0.681884427    0.692383716
   74.294582587    0.681869708    0.692768378
   74.322928479    0.681882825    0.693160102
   74.351274371    0.681921882    0.693558839
   74.379620263    0.681976590    0.693964465
   74.407966155    0.682031433    0.694376821
   74.436312047    0.682070577    0.694795757
   74.464657938    0.682082977    0.695221185
   74.493003830    0.682066033    0.695653101
   74.521349722    0.682026579    0.696091587
   74.549695614    0.681978835    0.696536789
   74.578041506    0.681939934    0.696988868
   74.606387398    0.681924416    0.697447954
   74.634733290    0.681939481    0.697914103
   74.663079181    0.681982532    0.698387281
   74.691425073    0.682041869    0.698867375
   74.719770965    0.682100340    0.699354224
   74.748116857    0.682140829    0.699847673
   74.776462749    0.682151814    0.700347617
   74.804808641    0.682131194    0.700854036
   74.833154533    0.682087104    0.701367001
   74.861500425    0.682035414    0.701886653
   74.889846316    0.681994666    0.702413159
   74.918192208    0.681980078    0.702946662
   74.946538100    0.681998543    0.703487236
   74.974883992    0.682046272    0.704034861
   75.003229884    0.682109900    0.704589432
   75.031575776    0.682170725    0.705150787
   75.059921668    0.682210747    0.705718756
   75.088267559    0.682218553    0.706293218
   75.116613451    0.682193127    0.706874136
   75.144959343    0.682144297    0.707461569
   75.173305235    0.682089647    0.708055658
   75.201651127    0.682048849    0.708656581
   75.229997019    0.682037238    0.709264497
   75.258342911    0.682060743    0.709879499
   75.286688803    0.682113839    0.710501583
   75.315034694    0.682181233    0.711130646
   75.343380586    0.682242788    0.711766519
   75.371726478    0.682280084    0.712409015
   75.400072370    0.682282506    0.713057993
   75.428418262    0.682250823    0.713713398
   75.456764154    0.682197059    0.714375283
   75.485110046    0.682140655    0.715043793
   75.513455938    0.682102127    0.715719122
   75.541801829    0.682096289    0.716401450
   75.570147721    0.682127276    0.717090892
   75.598493613    0.682187034    0.717787453
   75.626839505    0.682257834    0.718491029
   75.655185397    0.682318038    0.719201434
   75.683531289    0.682349262    0.719918462
   75.711877181    0.682342568    0.720641947
   75.740223072    0.682301619    0.721371819
   75.768568964    0.682241683    0.722108131
   75.796914856    0.682184723    0.722851040
   75.825260748    0.682152133    0.723600764
   75.853606640    0.682157484    0.724357511
   75.881952532    0.682201716    0.725121413
   75.910298424    0.682272442    0.725892482
   75.938644316    0.682347759    0.726670602
   75.966990207    0.682403405    0.727455561
   75.995336099    0.682421020    0.728247121
   76.023681991    0.682394764    0.729045092
   76.052027883    0.682333986    0.729849393
   76.080373775    0.682260868    0.730660087
   76.108719667    0.682203522    0.731477360
   76.137065559    0.682186576    0.732301466
   76.165411450    0.682222201    0.733132648
   76.193757342    0.682304574    0.733971056
   76.222103234    0.682409876    0.734816695
   76.250449126    0.682502329    0.735669418
   76.278795018    0.682544962    0.736528967
   76.307140910    0.682512281    0.737395056
   76.335486802    0.682401324    0.738267463
   76.363832694    0.682237837    0.739146106
   76.392178585    0.682075572    0.740031080
   76.420524477    0.681988527    0.740922634
   76.448870369    0.682057846    0.741821093
   76.477216261    0.682356565    0.742726758
   76.505562153    0.682935903    0.743639798
   76.533908045    0.683816394    0.744560186
   76.562253937    0.684985795    0.745487691
   76.590599829    0.686403911    0.746421941
   76.618945720    0.688012726    0.747362539
   76.647291612    0.689748983    0.748309196
   76.675637504    0.691555976    0.749261843
   76.703983396    0.693391825    0.750220685
   76.732329288    0.695232709    0.751186166
   76.760675180    0.697071063    0.752158859
   76.789021072    0.698910091    0.753139283
   76.817366963    0.700756819    0.754127719
   76.845712855    0.702615987    0.755124047
   76.874058747    0.704486542    0.756127672
   76.902404639    0.706361398    0.757137548
   76.930750531    0.708230048    0.758152299
   76.959096423    0.710082675    0.759170419
   76.987442315    0.711914075    0.760190490
   77.015788207    0.713725898    0.761211372
   77.044134098    0.715526416    0.762232322
   77.072479990    0.717327934    0.763253011
   77.100825882    0.719142755    0.764273458
   77.129171774    0.720979121    0.765293887
   77.157517666    0.722838464    0.766314571
   77.185863558    0.724714911    0.767335693
   77.214209450    0.726597149    0.768357270
   77.242555341    0.728472044    0.769379151
   77.270901233    0.730328815    0.770401071
   77.299247125    0.732162418    0.771422758
   77.327593017    0.733975089    0.772444023
   77.355938909    0.735775569    0.773464831
   77.384284801    0.737576308    0.774485308
   77.412630693    0.739389552    0.775505693
   77.440976585    0.741223549    0.776526258
   77.469322476    0.743080051    0.777547210
   77.497668368    0.744953861    0.778568622
   77.526014260    0.746834524    0.779590410
   77.554360152    0.748709604    0.780612359
   77.582706044    0.750568512    0.781634202
   77.611051936    0.752405716    0.782655705
   77.639397828    0.754222358    0.783676751
   77.667743720    0.756025825    0.784697375
   77.696089611    0.757827435    0.785717755
   77.724435503    0.759638966    0.786738151
   77.752781395    0.761469093    0.787758820
   77.781127287    0.763320802    0.788779925
   77.809473179    0.765190537    0.789801489
   77.837819071    0.767069323    0.790823378
   77.866164963    0.768945496    0.791845353
   77.894510854    0.770808221    0.792867143
   77.922856746    0.772650736    0.793888539
   77.951202638    0.774472371    0.794909460
   77.979548530    0.776278740    0.795929983
   78.007894422    0.778080058    0.796950315
   78.036240314    0.779888093    0.797970727
   78.064586206    0.781712639    0.798991465
   78.092932098    0.783558575    0.800012668
   78.121277989    0.785424367    0.801034323
   78.149623881    0.787302478    0.802056268
   78.177969773    0.789181578    0.803078248
   78.206315665    0.791049904    0.804099993
   78.234661557    0.792898806    0.805121311
   78.263007449    0.794725397    0.806142150
   78.291353341    0.796533519    0.807162611
   78.319699232    0.798332695    0.808182922
   78.348045124    0.800135346    0.809203358
   78.376391016    0.801953074    0.810224153
   78.404736908    0.803793108    0.811245427
   78.433082800    0.805655997    0.812267141
   78.461428692    0.807535284    0.813289114
   78.489774584    0.809419316    0.814311082
   78.518120476    0.811294685    0.815332782
   78.546466367    0.813150322    0.816354037
   78.574812259    0.814980980    0.817374816
   78.603158151    0.816789024    0.818395242
   78.631504043    0.818583921    0.819415553
   78.659849935    0.820379505    0.820436021
   78.688195827    0.822189795    0.821456870
   78.716541719    0.824024616    0.822478198
   78.744887611    0.825886387    0.823499949
   78.773233502    0.827769124    0.824521929
   78.801579394    0.829660052    0.825543871
   78.829925286    0.831543415    0.826565522
   78.858271178    0.833405360    0.827586722
   78.886617070    0.835238388    0.828607459
   78.914962962    0.837043952    0.829627870
   78.943308854    0.838832286    0.830648196
   78.971654745    0.840619448    0.831668707
   79.000000637    0.842422383    0.832689608
   79.028346529    0.844253531    0.833710981
   79.056692421    0.846116692    0.834732751
   79.085038313    0.848005511    0.835754720
   79.113384205    0.849905177    0.836776623
   79.141730097    0.851796911    0.837798219
   79.170075989    0.853663883    0.838819368
   79.198421880    0.855496724    0.839840074
   79.226767772    0.857296802    0.840860486
   79.255113664    0.859076149    0.841880844
   79.283459556    0.860853908    0.842901408
   79.311805448    0.862650358    0.843922365
   79.340151340    0.864480344    0.844943777
   79.368497232    0.866348266    0.845965557
   79.396843123    0.868246281    0.846987499
   79.425189015    0.870156462    0.848009348
   79.453534907    0.872056320    0.849030878
   79.481880799    0.873926020    0.850051971
   79.510226691    0.875754982    0.851072650
   79.538572583    0.877545666    0.852093072
   79.566918475    0.879313210    0.853113479
   79.595264367    0.881080875    0.854134113
   79.623610258    0.882872652    0.855155143
   79.651956150    0.884705364    0.856176606
   79.680302042    0.886582849    0.857198396
   79.708647934    0.888494233    0.858220301
   79.736993826    0.890417017    0.859242070
   79.765339718    0.892324123    0.860263501
   79.793685610    0.894192740    0.861284502
   79.822031502    0.896012077    0.862305127
   79.850377393    0.897787420    0.863325556
   79.878723285    0.899538982    0.864346038
   79.907069177    0.901295727    0.865366803
   79.935415069    0.903086018    0.866387987
   79.963760961    0.904928065    0.867409582
   79.992106853    0.906823371    0.868431433
   80.020452745    0.908755489    0.869453287
   80.048798636    0.910694754    0.870474879
   80.077144528    0.912607691    0.871496028
   80.105490420    0.914468165    0.872516710
   80.133836312    0.916266630    0.873537082
   80.162182204    0.918014268    0.874557448
   80.190528096    0.919740353    0.875578168
   80.218873988    0.921483340    0.876599528
   80.247219880    0.923278286    0.877621611
   80.275565771    0.925144622    0.878644193
   80.303911663    0.927078356    0.879666703
   80.332257555    0.929051662    0.880688251
   80.360603447    0.931020502    0.881707724
   80.388949339    0.932938359    0.882723919
   80.417295231    0.934772034    0.883735697
   80.445641123    0.936514461    0.884742103
   80.473987014    0.938190083    0.885742444
   80.502332906    0.939850357    0.886736307
   80.530678798    0.941559836    0.887723514
   80.559024690    0.943376243    0.888704045
   80.587370582    0.945330002    0.889677943
   80.615716474    0.947409231    0.890645237
   80.644062366    0.949554952    0.891605898
   80.672408258    0.951668599    0.892559830
   80.700754149    0.953630473    0.893506900
   80.729100041    0.955324709    0.894446985
   80.757445933    0.956664369    0.895380022
   80.785791825    0.957610139    0.896306029
   80.814137717    0.958177810    0.897225108
   80.842483609    0.958432757    0.898137415
   80.870829501    0.958473161    0.899043111
   80.899175393    0.958406693    0.899942309
   80.927521284    0.958326971    0.900835042
   80.955867176    0.958295888    0.901721246
   80.984213068    0.958335950    0.902600783
   81.012558960    0.958433786    0.903473483
   81.040904852    0.958552756    0.904339195
   81.069250744    0.958650178    0.905197834
   81.097596636    0.958693733    0.906049409
   81.125942527    0.958672244    0.906894020
   81.154288419    0.958598156    0.907731825
   81.182634311    0.958501739    0.908562995
   81.210980203    0.958419644    0.909387659
   81.239326095    0.958381988    0.910205866
   81.267671987    0.958402353    0.911017568
   81.296017879    0.958473863    0.911822637
   81.324363771    0.958572323    0.912620901
   81.352709662    0.958665062    0.913412200
   81.381055554    0.958722297    0.914196431
   81.409401446    0.958727121    0.914973584
   81.437747338    0.958680855    0.915743743
   81.466093230    0.958602121    0.916507059
   81.494439122    0.958520147    0.917263709
   81.522785014    0.958464692    0.918013837
   81.551130905    0.958456039    0.918757514
   81.579476797    0.958498378    0.919494712
   81.607822689    0.958578708    0.920225313
   81.636168581    0.958671485    0.920949147
   81.664514473    0.958747365    0.921666038
   81.692860365    0.958783044    0.922375866
   81.721206257    0.958768930    0.923078596
   81.749552149    0.958712128    0.923774296
   81.777898040    0.958633847    0.924463114
   81.806243932    0.958562173    0.925145235
   81.834589824    0.958522679    0.925820823
   81.862935716    0.958529999    0.926489972
   81.891281608    0.958583138    0.927152672
   81.919627500    0.958665992    0.927808816
   81.947973392    0.958752843    0.928458229
   81.976319284    0.958816938    0.929100719
   82.004665175    0.958839296    0.929736142
   82.033011067    0.958814840    0.930364442
   82.061356959    0.958753899    0.930985671
   82.089702851    0.958678633    0.931599980
   82.118048743    0.958615639    0.932207564
   82.146394635    0.958587209    0.932808611
   82.174740527    0.958604100    0.933403237
   82.203086418    0.958662173    0.933991451
   82.231432310    0.958743929    0.934573151
   82.259778202    0.958824374    0.935148151
   82.288124094    0.958879240    0.935716242
   82.316469986    0.958892861    0.936277254
   82.344815878    0.958863136    0.936831111
   82.373161770    0.958802032    0.937377857
   82.401507662    0.958731515    0.937917645
   82.429853553    0.958676303    0.938450688
   82.458199445    0.958655843    0.938977197
   82.486545337    0.958678103    0.939497311
   82.514891229    0.958737175    0.940011052
   82.543237121    0.958815382    0.940518319
   82.571583013    0.958889146    0.941018913
   82.599928905    0.958936666    0.941512603
   82.628274796    0.958944888    0.941999193
   82.656620688    0.958913562    0.942478592
   82.684966580    0.958855108    0.942950839
   82.713312472    0.958790436    0.943416096
   82.741658364    0.958742104    0.943874597
   82.770004256    0.958727086    0.944326576
   82.798350148    0.958751440    0.944772191
   82.826696040    0.958808577    0.945211476
   82.855041931    0.958881580    0.945644321
   82.883387823    0.958948781    0.946070511
   82.911733715    0.958990741    0.946489791
   82.940079607    0.958996382    0.946901944
   82.968425499    0.958966344    0.947306867
   82.996771391    0.958912553    0.947704598
   83.025117283    0.958854227    0.948095316
   83.053463175    0.958811649    0.948479276
   83.081809066    0.958799741    0.948856736
   83.110154958    0.958823460    0.949227872
   83.138500850    0.958876449    0.949592716
   83.166846742    0.958943270    0.949951150
   83.195192634    0.959004455    0.950302936
   83.223538526    0.959042701    0.950647794
   83.251884418    0.959048253    0.950985489
   83.280230309    0.959021792    0.951315909
   83.308576201    0.958973993    0.951639106
   83.336922093    0.958921963    0.951955274
   83.365267985    0.958883764    0.952264698
   83.393613877    0.958872759    0.952567657
   83.421959769    0.958893570    0.952864335
   83.450305661    0.958940837    0.953154761
   83.478651553    0.959001112    0.953438796
   83.506997444    0.959057216    0.953716175
   83.535343336    0.959093637    0.953986592
   83.563689228    0.959101282    0.954249797
   83.592035120    0.959080128    0.954505681
   83.620381012    0.959039023    0.954754313
   83.648726904    0.958992754    0.954995918
   83.677072796    0.958957370    0.955230811
   83.705418687    0.958945236    0.955459293
   83.733764579    0.958961334    0.955681550
   83.762110471    0.959001909    0.955897594
   83.790456363    0.959055816    0.956107253
   83.818802255    0.959108076    0.956310223
   83.847148147    0.959144521    0.956506168
   83.875494039    0.959156075    0.956694828
   83.903839931    0.959141394    0.956876110
   83.932185822    0.959107116    0.957050118
   83.960531714    0.959065685    0.957217127
   83.988877606    0.959031478    0.957377497
   84.017223498    0.959016436    0.957531550
   84.045569390    0.959026516    0.957679466
   84.073915282    0.959060005    0.957821216
   84.102261174    0.959108172    0.957956561
   84.130607066    0.959158003    0.958085132
   84.158952957    0.959196169    0.958206541
   84.187298849    0.959213022    0.958320521
   84.215644741    0.959205427    0.958427017
   84.243990633    0.959177615    0.958526223
   84.272336525    0.959139833    0.958618526
   84.300682417    0.959105214    0.958704387
   84.329028309    0.959085833    0.958784188
   84.357374200    0.959089109    0.958858084
   84.385720092    0.959115631    0.958925930
   84.414065984    0.959159023    0.958987292
   84.442411876    0.959207883    0.959041560
   84.470757768    0.959249208    0.959088138
   84.499103660    0.959272278    0.959126660
   84.527449552    0.959271859    0.959157170
   84.555795444    0.959249764    0.959180227
   84.584141335    0.959214315    0.959196890
   84.612487227    0.959177872    0.959208586
   84.640833119    0.959153134    0.959216898
   84.669179011    0.959149332    0.959223326
   84.697524903    0.959169436    0.959229062
   84.725870795    0.959209220    0.959234867
   84.754216687    0.959258476    0.959241038
   84.782562578    0.959304045    0.959247495
   84.810908470    0.959333764    0.959253938
   84.839254362    0.959340158    0.959260026
   84.867600254    0.959322759    0.959265538
   84.895946146    0.959288338    0.959270458
   84.924292038    0.959248937    0.959274979
   84.952637930    0.959218277    0.959279428
   84.980983822    0.959207587    0.959284149
   85.009329713    0.959222142    0.959289383
