    0.000000000    0.813092659    0.813029934
    0.028345892    0.813109796    0.813035505
    0.056691784    0.813105421    0.813040778
    0.085037676    0.813082613    0.813045775
    0.113383567    0.813050207    0.813050603
    0.141729459    0.813020048    0.813055418
    0.170075351    0.813003306    0.813060372
    0.198421243    0.813006989    0.813065573
    0.226767135    0.813031753    0.813071045
    0.255113027    0.813071676    0.813076723
    0.283458919    0.813116100    0.813082472
    0.311804811    0.813152936    0.813088126
    0.340150702    0.813172437    0.813093545
    0.368496594    0.813170236    0.813098651
    0.396842486    0.813148729    0.813103460
    0.425188378    0.813116333    0.813108069
    0.453534270    0.813084884    0.813112634
    0.481880162    0.813065949    0.813117314
    0.510226054    0.813067220    0.813122226
    0.538571946    0.813090105    0.813127405
    0.566917837    0.813129277    0.813132794
    0.595263729    0.813174313    0.813138261
    0.623609621    0.813212939    0.813143639
    0.651955513    0.813234846    0.813148775
    0.680301405    0.813234913    0.813153581
    0.708647297    0.813214819    0.813158061
    0.736993189    0.813182531    0.813162305
    0.765339080    0.813149842    0.813166465
    0.793684972    0.813128700    0.813170706
    0.822030864    0.813127483    0.813175154
    0.850376756    0.813148377    0.813179855
    0.878722648    0.813186677    0.813184761
    0.907068540    0.813232239    0.813189744
    0.935414432    0.813272622    0.813194633
    0.963760324    0.813296968    0.813199268
    0.992106215    0.813299390    0.813203547
    1.020452107    0.813280820    0.813207461
    1.048797999    0.813248741    0.813211089
    1.077143891    0.813214869    0.813214581
    1.105489783    0.813191513    0.813218104
    1.133835675    0.813187738    0.813221793
    1.162181567    0.813206525    0.813225705
    1.190527458    0.813243829    0.813229803
    1.218873350    0.813289814    0.813233962
    1.247219242    0.813331910    0.813238008
    1.275565134    0.813358719    0.813241772
    1.303911026    0.813363577    0.813245138
    1.332256918    0.813346645    0.813248079
    1.360602810    0.813314883    0.813250666
    1.388948702    0.813279894    0.813253041
    1.417294593    0.813254325    0.813255373
    1.445640485    0.813247922    0.813257804
    1.473986377    0.813264482    0.813260404
    1.502332269    0.813300650    0.813263143
    1.530678161    0.813346943    0.813265900
    1.559024053    0.813390690    0.813268501
    1.587369945    0.813419971    0.813270764
    1.615715837    0.813427339    0.813272557
    1.644061728    0.813412159    0.813273836
    1.672407620    0.813380824    0.813274656
    1.700753512    0.813344788    0.813275151
    1.729099404    0.813317006    0.813275488
    1.757445296    0.813307900    0.813275817
    1.785791188    0.813322098    0.813276215
    1.814137080    0.813356973    0.813276663
    1.842482971    0.813403436    0.813277043
    1.870828863    0.813448752    0.813277177
    1.899174755    0.813480501    0.813276870
    1.927520647    0.813490448    0.813275971
    1.955866539    0.813477133    0.813274415
    1.984212431    0.813446342    0.813272235
    2.012558323    0.813409334    0.813269553
    2.040904215    0.813379340    0.813266532
    2.069250106    0.813367447    0.813263322
    2.097595998    0.813379132    0.813260010
    2.125941890    0.813412532    0.813256582
    2.154287782    0.813459000    0.813252925
    2.182633674    0.813505782    0.813248851
    2.210979566    0.813539977    0.813244151
    2.239325458    0.813552563    0.813238647
    2.267671349    0.813541224    0.813232247
    2.296017241    0.813511093    0.813224957
    2.324363133    0.813473183    0.813216879
    2.352709025    0.813440965    0.813208163
    2.381054917    0.813426180    0.813198958
    2.409400809    0.813435169    0.813189353
    2.437746701    0.813466873    0.813179338
    2.466092593    0.813513142    0.813168797
    2.494438484    0.813561248    0.813157532
    2.522784376    0.813597839    0.813145309
    2.551130268    0.813613101    0.813131918
    2.579476160    0.813603832    0.813117228
    2.607822052    0.813574461    0.813101206
    2.636167944    0.813535700    0.813083921
    2.664513836    0.813501219    0.813065503
    2.692859728    0.813483396    0.813046088
    2.721205619    0.813489455    0.813025759
    2.749551511    0.813519188    0.813004501
    2.777897403    0.813564998    0.812982190
    2.806243295    0.813614237    0.812958605
    2.834589187    0.813653132    0.812933476
    2.862935079    0.813671076    0.812906546
    2.891280971    0.813663946    0.812877624
    2.919626862    0.813635411    0.812846622
    2.947972754    0.813595818    0.812813556
    2.976318646    0.813558990    0.812778513
    3.004664538    0.813537929    0.812741600
    3.033010430    0.813540757    0.812702880
    3.061356322    0.813568169    0.812662319
    3.089702214    0.813613183    0.812619767
    3.118048106    0.813663290    0.812574963
    3.146393997    0.813704332    0.812527580
    3.174739889    0.813724904    0.812477286
    3.203085781    0.813719924    0.812423802
    3.231431673    0.813692236    0.812366946
    3.259777565    0.813651758    0.812306647
    3.288123457    0.813612411    0.812242919
    3.316469349    0.813587802    0.812175808
    3.344815240    0.813586976    0.812105329
    3.373161132    0.813611582    0.812031406
    3.401507024    0.813655327    0.811953835
    3.429852916    0.813705906    0.811872286
    3.458198808    0.813748809    0.811786334
    3.486544700    0.813771835    0.811695521
    3.514890592    0.813768897    0.811599424
    3.543236484    0.813741947    0.811497706
    3.571582375    0.813700393    0.811390141
    3.599928267    0.813658202    0.811276609
    3.628274159    0.813629564    0.811157041
    3.656620051    0.813624471    0.811031360
    3.684965943    0.813645589    0.810899402
    3.713311835    0.813687390    0.810760871
    3.741657727    0.813737845    0.810615310
    3.770003619    0.813782134    0.810462129
    3.798349510    0.813807253    0.810300649
    3.826695402    0.813806064    0.810130181
    3.855041294    0.813779545    0.809950098
    3.883387186    0.813736513    0.809759885
    3.911733078    0.813690914    0.809559155
    3.940078970    0.813657499    0.809347625
    3.968424862    0.813647233    0.809125052
    3.996770753    0.813663864    0.808891141
    4.025116645    0.813702718    0.808645455
    4.053462537    0.813752118    0.808387332
    4.081808429    0.813796980    0.808115843
    4.110154321    0.813823490    0.807829777
    4.138500213    0.813823404    0.807527674
    4.166846105    0.813796636    0.807207893
    4.195191997    0.813751317    0.806868687
    4.223537888    0.813701299    0.806508298
    4.251883780    0.813661870    0.806125030
    4.280229672    0.813644995    0.805717315
    4.308575564    0.813655579    0.805283752
    4.336921456    0.813689900    0.804823128
    4.365267348    0.813736721    0.804334412
    4.393613240    0.813780742    0.803816746
    4.421959131    0.813807333    0.803269415
    4.450305023    0.813807082    0.802691818
    4.478650915    0.813778740    0.802083432
    4.506996807    0.813729642    0.801443775
    4.535342699    0.813673464    0.800772382
    4.563688591    0.813625999    0.800068779
    4.592034483    0.813600243    0.799332475
    4.620380375    0.813602343    0.798562972
    4.648726266    0.813629634    0.797759785
    4.677072158    0.813671418    0.796922477
    4.705418050    0.813712234    0.796050691
    4.733763942    0.813736628    0.795144186
    4.762109834    0.813733946    0.794202848
    4.790455726    0.813701654    0.793226677
    4.818801618    0.813646167    0.792215747
    4.847147510    0.813580883    0.791170141
    4.875493401    0.813522056    0.790089862
    4.903839293    0.813483748    0.788974751
    4.932185185    0.813473434    0.787824403
    4.960531077    0.813489630    0.786638129
    4.988876969    0.813522287    0.785414937
    5.017222861    0.813555847    0.784153568
    5.045568753    0.813574018    0.782852569
    5.073914644    0.813564816    0.781510391
    5.102260536    0.813524287    0.780125504
    5.130606428    0.813457765    0.778696507
    5.158952320    0.813378254    0.777222214
    5.187298212    0.813302419    0.775701714
    5.215644104    0.813245413    0.774134375
    5.243989996    0.813216147    0.772519813
    5.272335888    0.813214461    0.770857815
    5.300681779    0.813231089    0.769148234
    5.329027671    0.813250444    0.767390869
    5.357373563    0.813255388    0.765585353
    5.385719455    0.813232501    0.763731068
    5.414065347    0.813176235    0.761827109
    5.442411239    0.813090658    0.759872315
    5.470757131    0.812988222    0.757865380
    5.499103022    0.812885927    0.755805021
    5.527448914    0.812800048    0.753690221
    5.555794806    0.812741046    0.751520478
    5.584140698    0.812710247    0.749296053
    5.612486590    0.812699318    0.747018149
    5.640832482    0.812692732    0.744688985
    5.669178374    0.812672473    0.742311740
    5.697524266    0.812623547    0.739890341
    5.725870157    0.812538587    0.737429124
    5.754216049    0.812420140    0.734932389
    5.782561941    0.812279896    0.732403930
    5.810907833    0.812135078    0.729846586
    5.839253725    0.812003098    0.727261905
    5.867599617    0.811896097    0.724649978
    5.895945509    0.811817082    0.722009463
    5.924291401    0.811758838    0.719337816
    5.952637292    0.811705997    0.716631702
    5.980983184    0.811639631    0.713887511
    6.009329076    0.811542982    0.711101916
    6.037674968    0.811406567    0.708272393
    6.066020860    0.811231077    0.705397622
    6.094366752    0.811027150    0.702477717
    6.122712644    0.810812074    0.699514270
    6.151058535    0.810604401    0.696510204
    6.179404427    0.810418116    0.693469463
    6.207750319    0.810258152    0.690396609
    6.236096211    0.810118652    0.687296362
    6.264442103    0.809984530    0.684173175
    6.292787995    0.809835881    0.681030865
    6.321133887    0.809653920    0.677872370
    6.349479779    0.809426615    0.674699641
    6.377825670    0.809152304    0.671513663
    6.406171562    0.808840140    0.668314612
    6.434517454    0.808507211    0.665102096
    6.462863346    0.808173174    0.661875457
    6.491209238    0.807854033    0.658634083
    6.519555130    0.807556959    0.655377676
    6.547901022    0.807277747    0.652106464
    6.576246913    0.807001732    0.648821299
    6.604592805    0.806707903    0.645523658
    6.632938697    0.806375010    0.642215548
    6.661284589    0.805987799    0.638899334
    6.689630481    0.805541480    0.635577542
    6.717976373    0.805043028    0.632252677
    6.746322265    0.804508888    0.628927089
    6.774668157    0.803959733    0.625602921
    6.803014048    0.803413837    0.622282150
    6.831359940    0.802881064    0.618966682
    6.859705832    0.802359321    0.615658494
    6.888051724    0.801834583    0.612359755
    6.916397616    0.801284529    0.609072885
    6.944743508    0.800684755    0.605800519
    6.973089400    0.800015685    0.602545366
    7.001435292    0.799268120    0.599309972
    7.029781183    0.798445698    0.596096434
    7.058127075    0.797563470    0.592906129
    7.086472967    0.796642966    0.589739498
    7.114818859    0.795705157    0.586595962
    7.143164751    0.794763414    0.583473971
    7.171510643    0.793818579    0.580371193
    7.199856535    0.792857671    0.577284798
    7.228202426    0.791856688    0.574211784
    7.256548318    0.790786756    0.571149277
    7.284894210    0.789621856    0.568094745
    7.313240102    0.788345836    0.565046094
    7.341585994    0.786956633    0.562001645
    7.369931886    0.785466334    0.558960002
    7.398277778    0.783896975    0.555919884
    7.426623670    0.782273186    0.552879946
    7.454969561    0.780613751    0.549838662
    7.483315453    0.778924541    0.546794286
    7.511661345    0.777194912    0.543744893
    7.540007237    0.775398739    0.540688481
    7.568353129    0.773499952    0.537623092
    7.596699021    0.771461128    0.534546907
    7.625044913    0.769252815    0.531458293
    7.653390804    0.766860947    0.528355772
    7.681736696    0.764290166    0.525237954
    7.710082588    0.761561924    0.522103440
    7.738428480    0.758707589    0.518950762
    7.766774372    0.755758128    0.515778387
    7.795120264    0.752732876    0.512584808
    7.823466156    0.749630174    0.509368715
    7.851812048    0.746422270    0.506129215
    7.880157939    0.743055844    0.502866047
    7.908503831    0.739458168    0.499579733
    7.936849723    0.735547636    0.496271618
    7.965195615    0.731246359    0.492943776
    7.993541507    0.726492190    0.489598805
    8.021887399    0.721247730    0.486239535
    8.050233291    0.715504684    0.482868742
    8.078579183    0.709283019    0.479488899
    8.106925074    0.702625560    0.476102060
    8.135270966    0.695589485    0.472709871
    8.163616858    0.688236734    0.469313699
    8.191962750    0.680625252    0.465914857
    8.220308642    0.672802594    0.462514816
    8.248654534    0.664802658    0.459115372
    8.277000426    0.656645582    0.455718679
    8.305346317    0.648340183    0.452327148
    8.333692209    0.639887930    0.448943212
    8.362038101    0.631287391    0.445569020
    8.390383993    0.622538223    0.442206130
    8.418729885    0.613644145    0.438855299
    8.447075777    0.604614601    0.435516407
    8.475421669    0.595465174    0.432188585
    8.503767561    0.586216862    0.428870509
    8.532113452    0.576894424    0.425560823
    8.560459344    0.567523932    0.422258613
    8.588805236    0.558129624    0.418963830
    8.617151128    0.548730226    0.415677581
    8.645497020    0.539335008    0.412402232
    8.673842912    0.529940039    0.409141292
    8.702188804    0.520525305    0.405899095
    8.730534695    0.511053444    0.402680333
    8.758880587    0.501470803    0.399489517
    8.787226479    0.491711233    0.396330440
    8.815572371    0.481702630    0.393205725
    8.843918263    0.471375600    0.390116515
    8.872264155    0.460673116    0.387062345
    8.900610047    0.449559574    0.384041193
    8.928955939    0.438027501    0.381049725
    8.957301830    0.426100350    0.378083665
    8.985647722    0.413830340    0.375138281
    9.013993614    0.401291118    0.372208908
    9.042339506    0.388566006    0.369291462
    9.070685398    0.375733554    0.366382880
    9.099031290    0.362852853    0.363481443
    9.127377182    0.349951467    0.360586937
    9.155723074    0.337018648    0.357700626
    9.184068965    0.324005883    0.354825041
    9.212414857    0.310835630    0.351963617
    9.240760749    0.297417678    0.349120217
    9.269106641    0.283671016    0.346298625
    9.297452533    0.269547783    0.343502069
    9.325798425    0.255055035    0.340732867
    9.354144317    0.240269910    0.337992224
    9.382490208    0.225344473    0.335280228
    9.410836100    0.210497915    0.332596010
    9.439181992    0.195995850    0.329938035
    9.467527884    0.182118724    0.327304459
    9.495873776    0.169123491    0.324693474
    9.524219668    0.157204317    0.322103568
    9.552565560    0.146458769    0.319533667
    9.580911452    0.136865518    0.316983130
    9.609257343    0.128278086    0.314451622
    9.637603235    0.120436769    0.311938915
    9.665949127    0.112997946    0.309444649
    9.694295019    0.105577105    0.306968143
    9.722640911    0.097799533    0.304508267
    9.750986803    0.089351217    0.302063425
    9.779332695    0.080022315    0.299631626
    9.807678586    0.069736639    0.297210639
    9.836024478    0.058562756    0.294798172
    9.864370370    0.046705145    0.292392058
    9.892716262    0.034476917    0.289990396
    9.921062154    0.022258327    0.287591633
    9.949408046    0.010447289    0.285194567
    9.977753938   -0.000590897    0.282798283
   10.006099830   -0.010567573    0.280402029
   10.034445721   -0.019302648    0.278005053
   10.062791613   -0.026740533    0.275606429
   10.091137505   -0.032948605    0.273204887
   10.119483397   -0.038099266    0.270798689
   10.147829289   -0.042438851    0.268385566
   10.176175181   -0.046248388    0.265962742
   10.204521073   -0.049802118    0.263527075
   10.232866965   -0.053329794    0.261075289
   10.261212856   -0.056988046    0.258604313
   10.289558748   -0.060844564    0.256111664
   10.317904640   -0.064876849    0.253595812
   10.346250532   -0.068984907    0.251056474
   10.374596424   -0.073015079    0.248494735
   10.402942316   -0.076790338    0.245912958
   10.431288208   -0.080141388    0.243314471
   10.459634099   -0.082932843    0.240703034
   10.487979991   -0.085079842    0.238082188
   10.516325883   -0.086552392    0.235454582
   10.544671775   -0.087367345    0.232821424
   10.573017667   -0.087570548    0.230182150
   10.601363559   -0.087213906    0.227534417
   10.629709451   -0.086333267    0.224874407
   10.658055343   -0.084932918    0.222197410
   10.686401234   -0.082980996    0.219498548
   10.714747126   -0.080417509    0.216773504
   10.743093018   -0.077173613    0.214019090
   10.771438910   -0.073197854    0.211233532
   10.799784802   -0.068483129    0.208416432
   10.828130694   -0.063087581    0.205568417
   10.856476586   -0.057143757    0.202690590
   10.884822477   -0.050852916    0.199783938
   10.913168369   -0.044464778    0.196848855
   10.941514261   -0.038246465    0.193884923
   10.969860153   -0.032447013    0.190891029
   10.998206045   -0.027264993    0.187865779
   11.026551937   -0.022826095    0.184808147
   11.054897829   -0.019175213    0.181718152
   11.083243721   -0.016284151    0.178597424
   11.111589612   -0.014072400    0.175449480
   11.139935504   -0.012435500    0.172279619
   11.168281396   -0.011273980    0.169094454
   11.196627288   -0.010516151    0.165901154
   11.224973180   -0.010130040    0.162706555
   11.253319072   -0.010122852    0.159516346
   11.281664964   -0.010529740    0.156334486
   11.310010856   -0.011396366    0.153162966
   11.338356747   -0.012761073    0.150001965
   11.366702639   -0.014642073    0.146850314
   11.395048531   -0.017033104    0.143706166
   11.423394423   -0.019908096    0.140567686
   11.451740315   -0.023232379    0.137433617
   11.480086207   -0.026975842    0.134303603
   11.508432099   -0.031122727    0.131178231
   11.536777990   -0.035673810    0.128058820
   11.565123882   -0.040639128    0.124947057
   11.593469774   -0.046022550    0.121844595
   11.621815666   -0.051802407    0.118752738
   11.650161558   -0.057914110    0.115672279
   11.678507450   -0.064240736    0.112603529
   11.706853342   -0.070615747    0.109546487
   11.735199234   -0.076838841    0.106501081
   11.763545125   -0.082702248    0.103467380
   11.791891017   -0.088021611    0.100445708
   11.820236909   -0.092663925    0.097436606
   11.848582801   -0.096565322    0.094440669
   11.876928693   -0.099733840    0.091458307
   11.905274585   -0.102236134    0.088489515
   11.933620477   -0.104171283    0.085533740
   11.961966368   -0.105638442    0.082589902
   11.990312260   -0.106706870    0.079656586
   12.018658152   -0.107396469    0.076732377
   12.047004044   -0.107674338    0.073816242
   12.075349936   -0.107468633    0.070907896
   12.103695828   -0.106696349    0.068008045
   12.132041720   -0.105297732    0.065118455
   12.160387612   -0.103267908    0.062241857
   12.188733503   -0.100676604    0.059381697
   12.217079395   -0.097669532    0.056541832
   12.245425287   -0.094449383    0.053726235
   12.273771179   -0.091239456    0.050938781
   12.302117071   -0.088237366    0.048183149
   12.330462963   -0.085569020    0.045462841
   12.358808855   -0.083253401    0.042781253
   12.387154747   -0.081186620    0.040141753
   12.415500638   -0.079149703    0.037547693
   12.443846530   -0.076839550    0.035002316
   12.472192422   -0.073917776    0.032508564
   12.500538314   -0.070068510    0.030068818
   12.528884206   -0.065054632    0.027684651
   12.557230098   -0.058762471    0.025356653
   12.585575990   -0.051227396    0.023084419
   12.613921881   -0.042636434    0.020866686
   12.642267773   -0.033308126    0.018701639
   12.670613665   -0.023653466    0.016587284
   12.698959557   -0.014124449    0.014521835
   12.727305449   -0.005158018    0.012503996
   12.755651341    0.002876821    0.010533093
   12.783997233    0.009722024    0.008609029
   12.812343125    0.015258787    0.006732090
   12.840689016    0.019518315    0.004902686
   12.869034908    0.022674453    0.003121104
   12.897380800    0.025019566    0.001387365
   12.925726692    0.026926810   -0.000298758
   12.954072584    0.028803412   -0.001937575
   12.982418476    0.031040665   -0.003529207
   13.010764368    0.033966885   -0.005073305
   13.039110259    0.037809483   -0.006568859
   13.067456151    0.042671327   -0.008014182
   13.095802043    0.048524748   -0.009407109
   13.124147935    0.055224022   -0.010745389
   13.152493827    0.062534245   -0.012027177
   13.180839719    0.070171767   -0.013251526
   13.209185611    0.077849292   -0.014418720
   13.237531503    0.085317906   -0.015530367
   13.265877394    0.092398901   -0.016589200
   13.294223286    0.099000262   -0.017598595
   13.322569178    0.105115771   -0.018561925
   13.350915070    0.110808099   -0.019481868
   13.379260962    0.116180378   -0.020359837
   13.407606854    0.121342825   -0.021195654
   13.435952746    0.126381606   -0.021987532
   13.464298638    0.131336179   -0.022732372
   13.492644529    0.136189176   -0.023426282
   13.520990421    0.140869913   -0.024065203
   13.549336313    0.145269700   -0.024645477
   13.577682205    0.149264785   -0.025164250
   13.606028097    0.152741543   -0.025619636
   13.634373989    0.155618517   -0.026010630
   13.662719881    0.157861041   -0.026336863
   13.691065772    0.159485978   -0.026598287
   13.719411664    0.160556200   -0.026794943
   13.747757556    0.161166282   -0.026926892
   13.776103448    0.161422269   -0.026994371
   13.804449340    0.161419112   -0.026998135
   13.832795232    0.161219525   -0.026939894
   13.861141124    0.160837734   -0.026822709
   13.889487016    0.160230982   -0.026651201
   13.917832907    0.159300793   -0.026431467
   13.946178799    0.157904902   -0.026170652
   13.974524691    0.155879380   -0.025876230
   14.002870583    0.153068823   -0.025555106
   14.031216475    0.149360694   -0.025212709
   14.059562367    0.144718290   -0.024852275
   14.087908259    0.139205817   -0.024474473
   14.116254150    0.132999158   -0.024077462
   14.144600042    0.126377435   -0.023657387
   14.172945934    0.119693480   -0.023209217
   14.201291826    0.113325460   -0.022727771
   14.229637718    0.107616356   -0.022208720
   14.257983610    0.102811762   -0.021649394
   14.286329502    0.099008459   -0.021049238
   14.314675394    0.096125586   -0.020409877
   14.343021285    0.093906754   -0.019734802
   14.371367177    0.091955571   -0.019028790
   14.399713069    0.089799868   -0.018297221
   14.428058961    0.086973159   -0.017545441
   14.456404853    0.083097107   -0.016778317
   14.484750745    0.077947555   -0.016000054
   14.513096637    0.071489457   -0.015214276
   14.541442529    0.063872530   -0.014424293
   14.569788420    0.055388317   -0.013633460
   14.598134312    0.046398391   -0.012845462
   14.626480204    0.037250594   -0.012064455
   14.654826096    0.028203423   -0.011294972
   14.683171988    0.019377039   -0.010541608
   14.711517880    0.010743082   -0.009808565
   14.739863772    0.002155929   -0.009099150
   14.768209663   -0.006582413   -0.008415373
   14.796555555   -0.015640366   -0.007757754
   14.824901447   -0.025079095   -0.007125397
   14.853247339   -0.034799823   -0.006516343
   14.881593231   -0.044531003   -0.005928122
   14.909939123   -0.053860446   -0.005358395
   14.938285015   -0.062306244   -0.004805535
   14.966630907   -0.069410472   -0.004269008
   14.994976798   -0.074833695   -0.003749473
   15.023322690   -0.078427834   -0.003248550
   15.051668582   -0.080270020   -0.002768317
   15.080014474   -0.080649513   -0.002310639
   15.108360366   -0.080011017   -0.001876466
   15.136706258   -0.078868066   -0.001465280
   15.165052150   -0.077706861   -0.001074786
   15.193398041   -0.076902474   -0.000700959
   15.221743933   -0.076665385   -0.000338410
   15.250089825   -0.077028128    0.000018969
   15.278435717   -0.077871582    0.000377228
   15.306781609   -0.078980931    0.000741596
   15.335127501   -0.080114916    0.001115876
   15.363473393   -0.081070208    0.001502120
   15.391819285   -0.081725855    0.001900607
   15.420165176   -0.082059452    0.002310126
   15.448511068   -0.082135191    0.002728466
   15.476856960   -0.082071539    0.003152987
   15.505202852   -0.082001112    0.003581141
   15.533548744   -0.082036081    0.004010827
   15.561894636   -0.082249216    0.004440507
   15.590240528   -0.082674643    0.004869083
   15.618586420   -0.083325549    0.005295578
   15.646932311   -0.084220414    0.005718731
   15.675278203   -0.085406757    0.006136611
   15.703624095   -0.086972308    0.006546369
   15.731969987   -0.089037847    0.006944213
   15.760315879   -0.091732035    0.007325616
   15.788661771   -0.095154668    0.007685735
   15.817007663   -0.099338919    0.008019971
   15.845353554   -0.104224031    0.008324540
   15.873699446   -0.109647325    0.008596962
   15.902045338   -0.115359048    0.008836368
   15.930391230   -0.121057119    0.009043571
   15.958737122   -0.126433155    0.009220890
   15.987083014   -0.131218029    0.009371790
   16.015428906   -0.135215473    0.009500389
   16.043774798   -0.138315907    0.009610939
   16.072120689   -0.140488526    0.009707362
   16.100466581   -0.141756054    0.009792901
   16.128812473   -0.142161500    0.009869919
   16.157158365   -0.141738270    0.009939826
   16.185504257   -0.140493508    0.010003121
   16.213850149   -0.138410085    0.010059480
   16.242196041   -0.135466428    0.010107862
   16.270541932   -0.131667537    0.010146585
   16.298887824   -0.127076601    0.010173384
   16.327233716   -0.121836010    0.010185446
   16.355579608   -0.116169416    0.010179468
   16.383925500   -0.110361930    0.010151759
   16.412271392   -0.104722087    0.010098416
   16.440617284   -0.099534709    0.010015578
   16.468963176   -0.095016744    0.009899734
   16.497309067   -0.091287545    0.009748039
   16.525654959   -0.088361056    0.009558584
   16.554000851   -0.086161180    0.009330561
   16.582346743   -0.084555053    0.009064267
   16.610692635   -0.083393989    0.008760946
   16.639038527   -0.082550060    0.008422468
   16.667384419   -0.081938075    0.008050901
   16.695730311   -0.081517720    0.007648039
   16.724076202   -0.081277184    0.007214976
   16.752422094   -0.081205742    0.006751798
   16.780767986   -0.081266527    0.006257446
   16.809113878   -0.081380879    0.005729785
   16.837459770   -0.081432005    0.005165859
   16.865805662   -0.081289228    0.004562297
   16.894151554   -0.080846840    0.003915802
   16.922497445   -0.080065641    0.003223648
   16.950843337   -0.079002730    0.002484111
   16.979189229   -0.077816961    0.001696787
   17.007535121   -0.076743486    0.000862740
   17.035881013   -0.076039469   -0.000015490
   17.064226905   -0.075911980   -0.000934043
   17.092572797   -0.076445697   -0.001887989
   17.120918689   -0.077550226   -0.002871656
   17.149264580   -0.078943676   -0.003878979
   17.177610472   -0.080181103   -0.004903830
   17.205956364   -0.080725460   -0.005940306
   17.234302256   -0.080047580   -0.006982958
   17.262648148   -0.077733387   -0.008026950
   17.290994040   -0.073573453   -0.009068144
   17.319339932   -0.067613056   -0.010103127
   17.347685823   -0.060149660   -0.011129183
   17.376031715   -0.051677031   -0.012144231
   17.404377607   -0.042788036   -0.013146742
   17.432723499   -0.034058242   -0.014135651
   17.461069391   -0.025937206   -0.015110288
   17.489415283   -0.018672466   -0.016070339
   17.517761175   -0.012283224   -0.017015838
   17.546107067   -0.006588500   -0.017947186
   17.574452958   -0.001281208   -0.018865181
   17.602798850    0.003971481   -0.019771022
   17.631144742    0.009427223   -0.020666274
   17.659490634    0.015192404   -0.021552731
   17.687836526    0.021189576   -0.022432210
   17.716182418    0.027175941   -0.023306242
   17.744528310    0.032807519   -0.024175734
   17.772874202    0.037732335   -0.025040640
   17.801220093    0.041688965   -0.025899731
   17.829565985    0.044585776   -0.026750536
   17.857911877    0.046541236   -0.027589509
   17.886257769    0.047875391   -0.028412430
   17.914603661    0.049054510   -0.029215007
   17.942949553    0.050601938   -0.029993584
   17.971295445    0.052995861   -0.030745822
   17.999641336    0.056577102   -0.031471201
   18.027987228    0.061486997   -0.032171213
   18.056333120    0.067647719   -0.032849161
   18.084679012    0.074787225   -0.033509549
   18.113024904    0.082500856   -0.034157145
   18.141370796    0.090333866   -0.034795874
   18.169716688    0.097865552   -0.035427745
   18.198062580    0.104776767   -0.036052050
   18.226408471    0.110887853   -0.036664998
   18.254754363    0.116161901   -0.037259902
   18.283100255    0.120676727   -0.037827907
   18.311446147    0.124575894   -0.038359136
   18.339792039    0.128013069   -0.038844039
   18.368137931    0.131104179   -0.039274665
   18.396483823    0.133898476   -0.039645620
   18.424829714    0.136373834   -0.039954482
   18.453175606    0.138454897   -0.040201629
   18.481521498    0.140046853   -0.040389510
   18.509867390    0.141073909   -0.040521546
   18.538213282    0.141510886   -0.040600937
   18.566559174    0.141398653   -0.040629659
   18.594905066    0.140838756   -0.040607902
   18.623250958    0.139968313   -0.040534090
   18.651596849    0.138921620   -0.040405495
   18.679942741    0.137788646   -0.040219289
   18.708288633    0.136581815   -0.039973788
   18.736634525    0.135220806   -0.039669571
   18.764980417    0.133541090   -0.039310188
   18.793326309    0.131326269   -0.038902250
   18.821672201    0.128358465   -0.038454850
   18.850018093    0.124476227   -0.037978400
   18.878363984    0.119626922   -0.037483132
   18.906709876    0.113900880   -0.036977569
   18.935055768    0.107537845   -0.036467299
   18.963401660    0.100901854   -0.035954305
   18.991747552    0.094427391   -0.035436999
   19.020093444    0.088546178   -0.034910916
   19.048439336    0.083608705   -0.034369923
   19.076785227    0.079816554   -0.033807649
   19.105131119    0.077180067   -0.033218838
   19.133477011    0.075511194   -0.032600340
   19.161822903    0.074454244   -0.031951566
   19.190168795    0.073549317   -0.031274365
   19.218514687    0.072316040   -0.030572411
   19.246860579    0.070340546   -0.029850296
   19.275206471    0.067347622   -0.029112584
   19.303552362    0.063242817   -0.028363044
   19.331898254    0.058115728   -0.027604226
   19.360244146    0.052204147   -0.026837425
   19.388590038    0.045827520   -0.026062984
   19.416935930    0.039305131   -0.025280773
   19.445281822    0.032878031   -0.024490683
   19.473627714    0.026652933   -0.023692952
   19.501973605    0.020581359   -0.022888240
   19.530319497    0.014479141   -0.022077428
   19.558665389    0.008081945   -0.021261250
   19.587011281    0.001123948   -0.020439869
   19.615357173   -0.006578846   -0.019612603
   19.643703065   -0.015060503   -0.018777888
   19.672048957   -0.024168815   -0.017933570
   19.700394849   -0.033570100   -0.017077463
   19.728740740   -0.042795133   -0.016208061
   19.757086632   -0.051316788   -0.015325224
   19.785432524   -0.058642804   -0.014430641
   19.813778416   -0.064403759   -0.013527944
   19.842124308   -0.068417606   -0.012622414
   19.870470200   -0.070717624   -0.011720316
   19.898816092   -0.071538974   -0.010828024
   19.927161984   -0.071268186   -0.009951116
   19.955507875   -0.070367737   -0.009093667
   19.983853767   -0.069292569   -0.008257881
   20.012199659   -0.068416100   -0.007444164
   20.040545551   -0.067979925   -0.006651595
   20.068891443   -0.068075151   -0.005878676
   20.097237335   -0.068655723   -0.005124169
   20.125583227   -0.069577109   -0.004387818
   20.153929118   -0.070648942   -0.003670769
   20.182275010   -0.071688539   -0.002975615
   20.210620902   -0.072563856   -0.002306037
   20.238966794   -0.073218459   -0.001666154
   20.267312686   -0.073676439   -0.001059748
   20.295658578   -0.074030192   -0.000489537
   20.324004470   -0.074417498    0.000043328
   20.352350362   -0.074995567    0.000539418
   20.380696253   -0.075918722    0.001000836
   20.409042145   -0.077323701    0.001430705
   20.437388037   -0.079323209    0.001832484
   20.465733929   -0.082005482    0.002209245
   20.494079821   -0.085435975    0.002563082
   20.522425713   -0.089657369    0.002894752
   20.550771605   -0.094685566    0.003203615
   20.579117496   -0.100501699    0.003487860
   20.607463388   -0.107042482    0.003744963
   20.635809280   -0.114192637    0.003972272
   20.664155172   -0.121783234    0.004167621
   20.692501064   -0.129598421    0.004329863
   20.720846956   -0.137390723    0.004459262
   20.749192848   -0.144902546    0.004557687
   20.777538740   -0.151889577    0.004628610
   20.805884631   -0.158141012    0.004676894
   20.834230523   -0.163492380    0.004708422
   20.862576415   -0.167828694    0.004729576
   20.890922307   -0.171078429    0.004746626
   20.919268199   -0.173201371    0.004765082
   20.947614091   -0.174175009    0.004789066
   20.975959983   -0.173984342    0.004820795
   21.004305875   -0.172618706    0.004860235
   21.032651766   -0.170076816    0.004905022
   21.060997658   -0.166378472    0.004950652
   21.089343550   -0.161579072    0.004990979
   21.117689442   -0.155781969    0.005018935
   21.146035334   -0.149144082    0.005027395
   21.174381226   -0.141871974    0.005010033
   21.202727118   -0.134208245    0.004962019
   21.231073009   -0.126410793    0.004880434
   21.259418901   -0.118729452    0.004764319
   21.287764793   -0.111385090    0.004614339
   21.316110685   -0.104555364    0.004432147
   21.344456577   -0.098369188    0.004219571
   21.372802469   -0.092909331    0.003977806
   21.401148361   -0.088220236    0.003706788
   21.429494253   -0.084316891    0.003404894
   21.457840144   -0.081190809    0.003069029
   21.486186036   -0.078810845    0.002695088
   21.514531928   -0.077119133    0.002278685
   21.542877820   -0.076024994    0.001815986
   21.571223712   -0.075401407    0.001304455
   21.599569604   -0.075088733    0.000743346
   21.627915496   -0.074908744    0.000133839
   21.656261387   -0.074688875   -0.000521221
   21.684607279   -0.074292880   -0.001217886
   21.712953171   -0.073650863   -0.001951864
   21.741299063   -0.072780078   -0.002719273
   21.769644955   -0.071788607   -0.003517218
   21.797990847   -0.070857259   -0.004344081
   21.826336739   -0.070200108   -0.005199431
   21.854682631   -0.070009776   -0.006083621
   21.883028522   -0.070398533   -0.006997150
   21.911374414   -0.071348890   -0.007939947
   21.939720306   -0.072686825   -0.008910760
   21.968066198   -0.074086848   -0.009906772
   21.996412090   -0.075111502   -0.010923529
   22.024757982   -0.075279989   -0.011955196
   22.053103874   -0.074153391   -0.012995071
   22.081449766   -0.071419117   -0.014036235
   22.109795657   -0.066956168   -0.015072213
   22.138141549   -0.060866027   -0.016097497
   22.166487441   -0.053460923   -0.017107862
   22.194833333   -0.045210355   -0.018100432
   22.223179225   -0.036656114   -0.019073533
   22.251525117   -0.028313334   -0.020026409
   22.279871009   -0.020578620   -0.020958906
   22.308216900   -0.013665069   -0.021871205
   22.336562792   -0.007578226   -0.022763684
   22.364908684   -0.002137932   -0.023636911
   22.393254576    0.002959324   -0.024491746
   22.421600468    0.008052142   -0.025329465
   22.449946360    0.013420571   -0.026151836
   22.478292252    0.019208879   -0.026961056
   22.506638144    0.025382749   -0.027759527
   22.534984035    0.031731025   -0.028549470
   22.563329927    0.037911798   -0.029332457
   22.591675819    0.043532384   -0.030108957
   22.620021711    0.048244843   -0.030878036
   22.648367603    0.051834997   -0.031637295
   22.676713495    0.054284273   -0.032383125
   22.705059387    0.055789783   -0.033111251
   22.733405278    0.056737480   -0.033817500
   22.761751170    0.057633760   -0.034498626
   22.790097062    0.059010191   -0.035153036
   22.818442954    0.061321932   -0.035781223
   22.846788846    0.064861602   -0.036385791
   22.875134738    0.069706691   -0.036971026
   22.903480630    0.075710863   -0.037542057
   22.931826522    0.082539671   -0.038103751
   22.960172413    0.089741446   -0.038659559
   22.988518305    0.096836760   -0.039210550
   23.016864197    0.103406445   -0.039754836
   23.045210089    0.109159458   -0.040287536
   23.073555981    0.113967350   -0.040801307
   23.101901873    0.117860470   -0.041287344
   23.130247765    0.120990073   -0.041736667
   23.158593657    0.123568229   -0.042141429
   23.186939548    0.125801858   -0.042495977
   23.215285440    0.127837539   -0.042797445
   23.243631332    0.129729926   -0.043045768
   23.271977224    0.131439759   -0.043243104
   23.300323116    0.132859407   -0.043392838
   23.328669008    0.133856677   -0.043498364
   23.357014900    0.134323092   -0.043561965
   23.385360791    0.134212140   -0.043584043
   23.413706683    0.133556193   -0.043562882
   23.442052575    0.132457099   -0.043495023
   23.470398467    0.131053050   -0.043376160
   23.498744359    0.129471355   -0.043202361
   23.527090251    0.127781118   -0.042971326
   23.555436143    0.125960503   -0.042683401
   23.583782035    0.123889810   -0.042342077
   23.612127926    0.121374935   -0.041953871
   23.640473818    0.118197552   -0.041527568
   23.668819710    0.114180657   -0.041072995
   23.697165602    0.109253052   -0.040599562
   23.725511494    0.103495325   -0.040114887
   23.753857386    0.097153367   -0.039623778
   23.782203278    0.090612741   -0.039127775
   23.810549169    0.084336597   -0.038625319
   23.838895061    0.078779053   -0.038112494
   23.867240953    0.074292652   -0.037584151
   23.895586845    0.071050962   -0.037035155
   23.923932737    0.069004849   -0.036461499
   23.952278629    0.067883781   -0.035861053
   23.980624521    0.067243498   -0.035233845
   24.008970413    0.066550666   -0.034581845
   24.037316304    0.065286447   -0.033908386
   24.065662196    0.063046283   -0.033217372
   24.094008088    0.059613813   -0.032512498
   24.122353980    0.054992664   -0.031796645
   24.150699872    0.049389506   -0.031071568
   24.179045764    0.043152966   -0.030337893
   24.207391656    0.036683181   -0.029595362
   24.235737548    0.030333437   -0.028843209
   24.264083439    0.024326975   -0.028080520
   24.292429331    0.018708255   -0.027306467
   24.320775223    0.013339748   -0.026520375
   24.349121115    0.007944499   -0.025721597
   24.377467007    0.002184066   -0.024909323
   24.405812899   -0.004246779   -0.024082383
   24.434158791   -0.011530850   -0.023239196
   24.462504682   -0.019665651   -0.022377910
   24.490850574   -0.028441311   -0.021496755
   24.519196466   -0.037464391   -0.020594546
   24.547542358   -0.046222232   -0.019671216
   24.575888250   -0.054173564   -0.018728240
   24.604234142   -0.060845695   -0.017768819
   24.632580034   -0.065917707   -0.016797747
   24.660925926   -0.069272877   -0.015820962
   24.689271817   -0.071010812   -0.014844858
   24.717617709   -0.071418780   -0.013875506
   24.745963601   -0.070910377   -0.012917952
   24.774309493   -0.069945947   -0.011975760
   24.802655385   -0.068951933   -0.011050900
   24.831001277   -0.068255211   -0.010144017
   24.859347169   -0.068043908   -0.009255009
   24.887693060   -0.068359642   -0.008383777
   24.916038952   -0.069119140   -0.007530961
   24.944384844   -0.070157338   -0.006698500
   24.972730736   -0.071280606   -0.005889846
   25.001076628   -0.072318135   -0.005109807
   25.029422520   -0.073161518   -0.004364023
   25.057768412   -0.073786489   -0.003658197
   25.086114304   -0.074255359   -0.002997255
   25.114460195   -0.074702894   -0.002384601
   25.142806087   -0.075311229   -0.001821641
   25.171151979   -0.076280544   -0.001307666
   25.199497871   -0.077801580   -0.000840106
   25.227843763   -0.080034287   -0.000415103
   25.256189655   -0.083094447   -0.000028267
   25.284535547   -0.087047947    0.000324541
   25.312881439   -0.091910844    0.000646553
   25.341227330   -0.097652809    0.000939694
   25.369573222   -0.104201839    0.001204488
   25.397919114   -0.111448982    0.001440276
   25.426265006   -0.119252833    0.001645691
   25.454610898   -0.127444264    0.001819266
   25.482956790   -0.135832130    0.001960068
   25.511302682   -0.144210447    0.002068241
   25.539648573   -0.152366942    0.002145361
   25.567994465   -0.160092276    0.002194560
   25.596340357   -0.167188805    0.002220407
   25.624686249   -0.173477743    0.002228566
   25.653032141   -0.178803991    0.002225293
   25.681378033   -0.183038552    0.002216829
   25.709723925   -0.186079167    0.002208777
   25.738069817   -0.187850255    0.002205514
   25.766415708   -0.188303298    0.002209732
   25.794761600   -0.187418428    0.002222126
   25.823107492   -0.185207253    0.002241301
   25.851453384   -0.181716214    0.002263896
   25.879799276   -0.177029147    0.002284922
   25.908145168   -0.171267642    0.002298296
   25.936491060   -0.164588120    0.002297491
   25.964836951   -0.157175349    0.002276228
   25.993182843   -0.149233084    0.002229114
   26.021528735   -0.140973327    0.002152109
   26.049874627   -0.132606055    0.002042760
   26.078220519   -0.124331073    0.001900147
   26.106566411   -0.116332855    0.001724551
   26.134912303   -0.108778115    0.001516903
   26.163258195   -0.101814821    0.001278115
   26.191604086   -0.095570695    0.001008433
   26.219949978   -0.090149374    0.000706954
   26.248295870   -0.085623274    0.000371397
   26.276641762   -0.082023690   -0.000001785
   26.304987654   -0.079330367   -0.000416979
   26.333333546   -0.077464053   -0.000878744
   26.361679438   -0.076285987   -0.001391029
   26.390025330   -0.075607483   -0.001956428
   26.418371221   -0.075210751   -0.002575653
   26.446717113   -0.074879271   -0.003247303
   26.475063005   -0.074433003   -0.003968010
   26.503408897   -0.073761369   -0.004732917
   26.531754789   -0.072846031   -0.005536393
   26.560100681   -0.071766475   -0.006372835
   26.588446573   -0.070684397   -0.007237380
   26.616792464   -0.069807291   -0.008126402
   26.645138356   -0.069336650   -0.009037658
   26.673484248   -0.069410514   -0.009970107
   26.701830140   -0.070052670   -0.010923415
   26.730176032   -0.071140742   -0.011897298
   26.758521924   -0.072402458   -0.012890842
   26.786867816   -0.073443968   -0.013901963
   26.815213708   -0.073807277   -0.014927127
   26.843559599   -0.073047110   -0.015961392
   26.871905491   -0.070812445   -0.016998753
   26.900251383   -0.066915870   -0.018032722
   26.928597275   -0.061375453   -0.019056989
   26.956943167   -0.054418937   -0.020066059
   26.985289059   -0.046447722   -0.021055709
   27.013634951   -0.037966731   -0.022023210
   27.041980842   -0.029493885   -0.022967293
   27.070326734   -0.021467794   -0.023887906
   27.098672626   -0.014173149   -0.024785846
   27.127018518   -0.007699823   -0.025662385
   27.155364410   -0.001944544   -0.026518968
   27.183710302    0.003345368   -0.027357046
   27.212056194    0.008496104   -0.028178044
   27.240402086    0.013816590   -0.028983426
   27.268747977    0.019513679   -0.029774764
   27.297093869    0.025632969   -0.030553758
   27.325439761    0.032039247   -0.031322123
   27.353785653    0.038441564   -0.032081341
   27.382131545    0.044457690   -0.032832321
   27.410477437    0.049703521   -0.033575056
   27.438823329    0.053887055   -0.034308385
   27.467169221    0.056885238   -0.035029960
   27.495515112    0.058785649   -0.035736494
   27.523861004    0.059882821   -0.036424274
   27.552206896    0.060629252   -0.037089859
   27.580552788    0.061551377   -0.037730833
   27.608898680    0.063148693   -0.038346415
   27.637244572    0.065797949   -0.038937778
   27.665590464    0.069682996   -0.039507943
   27.693936355    0.074764933   -0.040061234
   27.722282247    0.080797907   -0.040602361
   27.750628139    0.087385658   -0.041135298
   27.778974031    0.094064939   -0.041662200
   27.807319923    0.100396450   -0.042182585
   27.835665815    0.106043049   -0.042692991
   27.864011707    0.110818910   -0.043187205
   27.892357599    0.114700837   -0.043657046
   27.920703490    0.117802323   -0.044093551
   27.949049382    0.120319686   -0.044488336
   27.977395274    0.122465748   -0.044834830
   28.005741166    0.124408561   -0.045129134
   28.034087058    0.126230213   -0.045370308
   28.062432950    0.127914644   -0.045560045
   28.090778842    0.129365235   -0.045701799
   28.119124733    0.130444907   -0.045799586
   28.147470625    0.131025695   -0.045856739
   28.175816517    0.131032642   -0.045874913
   28.204162409    0.130468972   -0.045853568
   28.232508301    0.129415131   -0.045790071
   28.260854193    0.128001992   -0.045680376
   28.289200085    0.126366112   -0.045520148
   28.317545977    0.124600411   -0.045306041
   28.345891868    0.122715429   -0.045036861
   28.374237760    0.120623947   -0.044714311
   28.402583652    0.118155672   -0.044343157
   28.430929544    0.115100533   -0.043930758
   28.459275436    0.111271001   -0.043486051
   28.487621328    0.106567861   -0.043018220
   28.515967220    0.101031809   -0.042535315
   28.544313112    0.094865674   -0.042043115
   28.572659003    0.088418619   -0.041544471
   28.601004895    0.082132758   -0.041039219
   28.629350787    0.076462059   -0.040524680
   28.657696679    0.071780808   -0.039996586
   28.686042571    0.068302344   -0.039450219
   28.714388463    0.066027315   -0.038881509
   28.742734355    0.064734529   -0.038287879
   28.771080246    0.064017998   -0.037668663
   28.799426138    0.063363198   -0.037025086
   28.827772030    0.062246421   -0.036359838
   28.856117922    0.060235606   -0.035676413
   28.884463814    0.057070482   -0.034978360
   28.912809706    0.052704515   -0.034268656
   28.941155598    0.047299821   -0.033549292
   28.969501490    0.041176980   -0.032821146
   28.997847381    0.034731941   -0.032084105
   29.026193273    0.028339602   -0.031337345
   29.054539165    0.022266450   -0.030579668
   29.082885057    0.016612275   -0.029809772
   29.111230949    0.011293975   -0.029026396
   29.139576841    0.006074615   -0.028228327
   29.167922733    0.000630418   -0.027414302
   29.196268624   -0.005360208   -0.026582900
   29.224614516   -0.012126371   -0.025732505
   29.252960408   -0.019733872   -0.024861406
   29.281306300   -0.028049931   -0.023968066
   29.309652192   -0.036751320   -0.023051515
   29.337998084   -0.045374023   -0.022111781
   29.366343976   -0.053393455   -0.021150258
   29.394689868   -0.060317912   -0.020169881
   29.423035759   -0.065775580   -0.019175057
   29.451381651   -0.069577458   -0.018171310
   29.479727543   -0.071744295   -0.017164717
   29.508073435   -0.072493706   -0.016161227
   29.536419327   -0.072192052   -0.015166026
   29.564765219   -0.071282648   -0.014183079
   29.593111111   -0.070205976   -0.013214954
   29.621457003   -0.069328056   -0.012262992
   29.649802894   -0.068890255   -0.011327757
   29.678148786   -0.068988317   -0.010409685
   29.706494678   -0.069581827   -0.009509766
   29.734840570   -0.070529043   -0.008630099
   29.763186462   -0.071637452   -0.007774185
   29.791532354   -0.072718306   -0.006946869
   29.819878246   -0.073633915   -0.006153947
   29.848224137   -0.074329301   -0.005401496
   29.876570029   -0.074843996   -0.004695081
   29.904915921   -0.075304243   -0.004038994
   29.933261813   -0.075899719   -0.003435683
   29.961607705   -0.076851260   -0.002885494
   29.989953597   -0.078376816   -0.002386759
   30.018299489   -0.080661913   -0.001936224
   30.046645381   -0.083838884   -0.001529695
   30.074991272   -0.087976596   -0.001162798
   30.103337164   -0.093079980   -0.000831670
   30.131683056   -0.099096977   -0.000533473
   30.160028948   -0.105929647   -0.000266631
   30.188374840   -0.113446306   -0.000030769
   30.216720732   -0.121492288    0.000173623
   30.245066624   -0.129898084    0.000345710
   30.273412515   -0.138484674    0.000484906
   30.301758407   -0.147066744    0.000591427
   30.330104299   -0.155454886    0.000666710
   30.358450191   -0.163457862    0.000713612
   30.386796083   -0.170885765    0.000736370
   30.415141975   -0.177554422    0.000740343
   30.443487867   -0.183290986    0.000731557
   30.471833759   -0.187940329    0.000716143
   30.500179650   -0.191371672    0.000699730
   30.528525542   -0.193484852    0.000686866
   30.556871434   -0.194215643    0.000680553
   30.585217326   -0.193539619    0.000681920
   30.613563218   -0.191474117    0.000690101
   30.641909110   -0.188077978    0.000702314
   30.670255002   -0.183448921    0.000714136
   30.698600894   -0.177718618    0.000719967
   30.726946785   -0.171045934    0.000713604
   30.755292677   -0.163609047    0.000688879
   30.783638569   -0.155597479    0.000640255
   30.811984461   -0.147205053    0.000563314
   30.840330353   -0.138624612    0.000455042
   30.868676245   -0.130044789    0.000313867
   30.897022137   -0.121648454    0.000139449
   30.925368028   -0.113611761   -0.000067762
   30.953713920   -0.106102270   -0.000307102
   30.982059812   -0.099274576   -0.000578307
   31.010405704   -0.093262460   -0.000882026
   31.038751596   -0.088167583   -0.001220124
   31.067097488   -0.084046174   -0.001595709
   31.095443380   -0.080896456   -0.002012837
   31.123789272   -0.078650456   -0.002475961
   31.152135163   -0.077173852   -0.002989206
   31.180481055   -0.076276522   -0.003555629
   31.208826947   -0.075734438   -0.004176594
   31.237172839   -0.075320892   -0.004851411
   31.265518731   -0.074842320   -0.005577311
   31.293864623   -0.074171883   -0.006349769
   31.322210515   -0.073273200   -0.007163111
   31.350556406   -0.072207547   -0.008011282
   31.378902298   -0.071120565   -0.008888618
   31.407248190   -0.070208600   -0.009790462
   31.435594082   -0.069669465   -0.010713490
   31.463939974   -0.069646585   -0.011655712
   31.492285866   -0.070178116   -0.012616134
   31.520631758   -0.071162898   -0.013594194
   31.548977650   -0.072352653   -0.014589095
   31.577323541   -0.073375008   -0.015599199
   31.605669433   -0.073785536   -0.016621629
   31.634015325   -0.073140473   -0.017652153
   31.662361217   -0.071076501   -0.018685390
   31.690707109   -0.067381433   -0.019715278
   31.719053001   -0.062040425   -0.020735694
   31.747398893   -0.055246719   -0.021741102
   31.775744785   -0.047372919   -0.022727078
   31.804090676   -0.038907216   -0.023690625
   31.832436568   -0.030366680   -0.024630239
   31.860782460   -0.022205231   -0.025545732
   31.889128352   -0.014735576   -0.026437902
   31.917474244   -0.008081848   -0.027308139
   31.945820136   -0.002173291   -0.028158075
   31.974166028    0.003219613   -0.028989346
   32.002511919    0.008414647   -0.029803500
   32.030857811    0.013728933   -0.030602017
   32.059203703    0.019391917   -0.031386386
   32.087549595    0.025480428   -0.032158146
   32.115895487    0.031891134   -0.032918843
   32.144241379    0.038357288   -0.033669850
   32.172587271    0.044506488   -0.034412085
   32.200933163    0.049946614   -0.035145691
   32.229279054    0.054360378   -0.035869783
   32.257624946    0.057586704   -0.036582367
   32.285970838    0.059669847   -0.037280499
   32.314316730    0.060864434   -0.037960715
   32.342662622    0.061594512   -0.038619655
   32.371008514    0.062375194   -0.039254785
   32.399354406    0.063713917   -0.039865019
   32.427700297    0.066012910   -0.040451099
   32.456046189    0.069493992   -0.041015585
   32.484392081    0.074161519   -0.041562422
   32.512737973    0.079810464   -0.042096113
   32.541083865    0.086076311   -0.042620663
   32.569429757    0.092514158   -0.043138493
   32.597775649    0.098688323   -0.043649581
   32.626121541    0.104252206   -0.044151016
   32.654467432    0.109001403   -0.044637112
   32.682813324    0.112890198   -0.045100072
   32.711159216    0.116010778   -0.045531086
   32.739505108    0.118543408   -0.045921659
   32.767851000    0.120692311   -0.046264873
   32.796196892    0.122624503   -0.046556327
   32.824542784    0.124426909   -0.046794549
   32.852888676    0.126091339   -0.046980795
   32.881234567    0.127528930   -0.047118296
   32.909580459    0.128607642   -0.047211123
   32.937926351    0.129200380   -0.047262944
   32.966272243    0.129228846   -0.047275970
   32.994618135    0.128689970   -0.047250321
   33.022964027    0.127657055   -0.047183986
   33.051309919    0.126255286   -0.047073367
   33.079655810    0.124618796   -0.046914289
   33.108001702    0.122842149   -0.046703239
   33.136347594    0.120941134   -0.046438543
   33.164693486    0.118835741   -0.046121195
   33.193039378    0.116362456   -0.045755162
   33.221385270    0.113315056   -0.045347055
   33.249731162    0.109505017   -0.044905260
   33.278077054    0.104826579   -0.044438698
   33.306422945    0.099309146   -0.043955478
   33.334768837    0.093141790   -0.043461732
   33.363114729    0.086660759   -0.042960868
   33.391460621    0.080299687   -0.042453364
   33.419806513    0.074511489   -0.041937131
   33.448152405    0.069678391   -0.041408329
   33.476498297    0.066030249   -0.040862442
   33.504844188    0.063590319   -0.040295360
   33.533190080    0.062161932   -0.039704257
   33.561535972    0.061360514   -0.039088097
   33.589881864    0.060685107   -0.038447702
   33.618227756    0.059614407   -0.037785428
   33.646573648    0.057706583   -0.037104552
   33.674919540    0.054681141   -0.036408566
   33.703265432    0.050465065   -0.035700519
   33.731611323    0.045193578   -0.034982560
   33.759957215    0.039166156   -0.034255737
   33.788303107    0.032768516   -0.033520055
   33.816648999    0.026378911   -0.032774708
   33.844994891    0.020280322   -0.032018400
   33.873340783    0.014598519   -0.031249629
   33.901686675    0.009279736   -0.030466883
   33.930032567    0.004112459   -0.029668692
   33.958378458   -0.001212273   -0.028853597
   33.986724350   -0.007016352   -0.028020071
   34.015070242   -0.013545448   -0.027166490
   34.043416134   -0.020895569   -0.026291220
   34.071762026   -0.028971873   -0.025392843
   34.100107918   -0.037488888   -0.024470499
   34.128453810   -0.046012007   -0.023524279
   34.156799701   -0.054031193   -0.022555568
   34.185145593   -0.061051063   -0.021567227
   34.213491485   -0.066678480   -0.020563553
   34.241837377   -0.070689874   -0.019549972
   34.270183269   -0.073065388   -0.018532529
   34.298529161   -0.073984348   -0.017517245
   34.326875053   -0.073784733   -0.016509496
   34.355220945   -0.072896553   -0.015513532
   34.383566836   -0.071763704   -0.014532266
   34.411912728   -0.070770268   -0.013567361
   34.440258620   -0.070185170   -0.012619626
   34.468604512   -0.070134363   -0.011689602
   34.496950404   -0.070603404   -0.010778229
   34.525296296   -0.071466966   -0.009887416
   34.553642188   -0.072536769   -0.009020387
   34.581988079   -0.073616555   -0.008181709
   34.610333971   -0.074552525   -0.007376976
   34.638679863   -0.075269830   -0.006612224
   34.667025755   -0.075789537   -0.005893173
   34.695371647   -0.076225057   -0.005224464
   34.723717539   -0.076761187   -0.004609043
   34.752063431   -0.077621906   -0.004047816
   34.780409323   -0.079034413   -0.003539643
   34.808755214   -0.081196449   -0.003081661
   34.837101106   -0.084252186   -0.002669870
   34.865446998   -0.088279334   -0.002299848
   34.893792890   -0.093287442   -0.001967473
   34.922138782   -0.099225136   -0.001669485
   34.950484674   -0.105992749   -0.001403812
   34.978830566   -0.113456551   -0.001169602
   35.007176458   -0.121461398   -0.000966973
   35.035522349   -0.129839915   -0.000796547
   35.063868241   -0.138417717   -0.000658874
   35.092214133   -0.147015431   -0.000553857
   35.120560025   -0.155449040   -0.000480286
   35.148905917   -0.163530307   -0.000435575
   35.177251809   -0.171068679   -0.000415728
   35.205597701   -0.177875475   -0.000415547
   35.233943592   -0.183770336   -0.000429058
   35.262289484   -0.188589305   -0.000450057
   35.290635376   -0.192193396   -0.000472746
   35.318981268   -0.194476466   -0.000492329
   35.347327160   -0.195371288   -0.000505524
   35.375673052   -0.194853108   -0.000510919
   35.404018944   -0.192940381   -0.000509125
   35.432364836   -0.189692792   -0.000502721
   35.460710727   -0.185207009   -0.000495979
   35.489056619   -0.179610831   -0.000494415
   35.517402511   -0.173056506   -0.000504206
   35.545748403   -0.165713985   -0.000531559
   35.574094295   -0.157764800   -0.000582096
   35.602440187   -0.149397035   -0.000660360
   35.630786079   -0.140801588   -0.000769505
   35.659131970   -0.132169538   -0.000911226
   35.687477862   -0.123690050   -0.001085937
   35.715823754   -0.115547909   -0.001293182
   35.744169646   -0.107919645   -0.001532186
   35.772515538   -0.100967309   -0.001802468
   35.800861430   -0.094829509   -0.002104376
   35.829207322   -0.089610055   -0.002439437
   35.857553214   -0.085365642   -0.002810444
   35.885899105   -0.082094915   -0.003221236
   35.914244997   -0.079731925   -0.003676202
   35.942590889   -0.078146931   -0.004179598
   35.970936781   -0.077156749   -0.004734799
   35.999282673   -0.076545165   -0.005343638
   36.027628565   -0.076091764   -0.006005969
   36.055974457   -0.075605141   -0.006719549
   36.084320349   -0.074954570   -0.007480265
   36.112666240   -0.074093308   -0.008282672
   36.141012132   -0.073067275   -0.009120724
   36.169358024   -0.072005024   -0.009988564
   36.197703916   -0.071088431   -0.010881193
   36.226049808   -0.070507770   -0.011794891
   36.254395700   -0.070408885   -0.012727314
   36.282741592   -0.070843035   -0.013677245
   36.311087483   -0.071730778   -0.014644082
   36.339433375   -0.072849566   -0.015627180
   36.367779267   -0.073850609   -0.016625209
   36.396125159   -0.074304682   -0.017635682
   36.424471051   -0.073770146   -0.018654754
   36.452816943   -0.071870938   -0.019677349
   36.481162835   -0.068368997   -0.020697572
   36.509508727   -0.063215549   -0.021709316
   36.537854618   -0.056569147   -0.022706930
   36.566200510   -0.048774791   -0.023685806
   36.594546402   -0.040306559   -0.024642753
   36.622892294   -0.031684311   -0.025576128
   36.651238186   -0.023381118   -0.026485694
   36.679584078   -0.015740775   -0.027372293
   36.707929970   -0.008923167   -0.028237418
   36.736275861   -0.002889575   -0.029082820
   36.764621753    0.002568619   -0.029910207
   36.792967645    0.007764114   -0.030721114
   36.821313537    0.013025539   -0.031516903
   36.849659429    0.018607173   -0.032298863
   36.878005321    0.024617520   -0.033068299
   36.906351213    0.030983701   -0.033826546
   36.934697105    0.037460542   -0.034574849
   36.963042996    0.043682925   -0.035314121
   36.991388888    0.049249850   -0.036044616
   37.019734780    0.053821017   -0.036765649
   37.048080672    0.057203533   -0.037475439
   37.076426564    0.059408346   -0.038171199
   37.104772456    0.060662753   -0.038849492
   37.133118348    0.061375357   -0.039506831
   37.161464240    0.062060749   -0.040140392
   37.189810131    0.063240393   -0.040748708
   37.218156023    0.065341582   -0.041332126
   37.246501915    0.068616582   -0.041892904
   37.274847807    0.073099215   -0.042434869
   37.303193699    0.078607332   -0.042962642
   37.331539591    0.084789025   -0.043480583
   37.359885483    0.091200599   -0.043991652
   37.388231374    0.097397574   -0.044496445
   37.416577266    0.103017842   -0.044992627
   37.444923158    0.107839011   -0.045474920
   37.473269050    0.111798990   -0.045935679
   37.501614942    0.114978241   -0.046365962
   37.529960834    0.117551415   -0.046756879
   37.558306726    0.119723024   -0.047100939
   37.586652618    0.121664734   -0.047393112
   37.614998509    0.123470197   -0.047631375
   37.643344401    0.125137686   -0.047816622
   37.671690293    0.126582747   -0.047951985
   37.700036185    0.127674813   -0.048041708
   37.728382077    0.128285435   -0.048089859
   37.756727969    0.128333047   -0.048099181
   37.785073861    0.127810743   -0.048070345
   37.813419752    0.126788751   -0.048001783
   37.841765644    0.125390854   -0.047890145
   37.870111536    0.123751707   -0.047731263
   37.898457428    0.121967812   -0.047521389
   37.926803320    0.120057195   -0.047258432
   37.955149212    0.117940932   -0.046942878
   37.983495104    0.115454052   -0.046578196
   38.011840996    0.112385403   -0.046170615
   38.040186887    0.108537930   -0.045728323
   38.068532779    0.103794610   -0.045260261
   38.096878671    0.098172713   -0.044774763
   38.125224563    0.091850918   -0.044278341
   38.153570455    0.085159750   -0.043774851
   38.181916347    0.078534412   -0.043265196
   38.210262239    0.072438353   -0.042747609
   38.238608131    0.067273461   -0.042218403
   38.266954022    0.063296702   -0.041673022
   38.295299914    0.060562412   -0.041107140
   38.323645806    0.058904145   -0.040517581
   38.351991698    0.057961348   -0.039902904
   38.380337590    0.057246096   -0.039263548
   38.408683482    0.056236023   -0.038601582
   38.437029374    0.054473572   -0.037920148
   38.465375265    0.051650224   -0.037222766
   38.493721157    0.047657689   -0.036512669
   38.522067049    0.042595524   -0.035792292
   38.550412941    0.036734391   -0.035063014
   38.578758833    0.030444072   -0.034325139
   38.607104725    0.024103112   -0.033578077
   38.635450617    0.018010750   -0.032820626
   38.663796509    0.012320988   -0.032051257
   38.692142400    0.007013296   -0.031268329
   38.720488292    0.001905987   -0.030470201
   38.748834184   -0.003291402   -0.029655244
   38.777180076   -0.008899089   -0.028821818
   38.805525968   -0.015179534   -0.027968274
   38.833871860   -0.022261259   -0.027093041
   38.862217752   -0.030091044   -0.026194831
   38.890563643   -0.038425095   -0.025272939
   38.918909535   -0.046861166   -0.024327594
   38.947255427   -0.054904741   -0.023360264
   38.975601319   -0.062055262   -0.022373826
   39.003947211   -0.067894447   -0.021372536
   39.032293103   -0.072158739   -0.020361765
   39.060638995   -0.074781797   -0.019347533
   39.088984887   -0.075899536   -0.018335915
   39.117330778   -0.075818211   -0.017332439
   39.145676670   -0.074953494   -0.016341606
   39.174022562   -0.073753968   -0.015366619
   39.202368454   -0.072624842   -0.014409408
   39.230714346   -0.071866631   -0.013470928
   39.259060238   -0.071639561   -0.012551679
   39.287406130   -0.071958475   -0.011652320
   39.315752022   -0.072716487   -0.010774256
   39.344097913   -0.073730005   -0.009920041
   39.372443805   -0.074794067   -0.009093514
   39.400789697   -0.075735897   -0.008299623
   39.429135589   -0.076456192   -0.007543953
   39.457481481   -0.076951220   -0.006832062
   39.485827373   -0.077313515   -0.006168744
   39.514173265   -0.077713577   -0.005557368
   39.542519156   -0.078368552   -0.004999430
   39.570865048   -0.079505682   -0.004494394
   39.599210940   -0.081328290   -0.004039869
   39.627556832   -0.083990225   -0.003632069
   39.655902724   -0.087581948   -0.003266472
   39.684248616   -0.092128326   -0.002938550
   39.712594508   -0.097595655   -0.002644431
   39.740940400   -0.103903898   -0.002381368
   39.769286291   -0.110939905   -0.002147942
   39.797632183   -0.118568255   -0.001943967
   39.825978075   -0.126637982   -0.001770123
   39.854323967   -0.134985270   -0.001627407
   39.882669859   -0.143433623   -0.001516501
   39.911015751   -0.151793773   -0.001437179
   39.939361643   -0.159865444   -0.001387870
   39.967707534   -0.167442314   -0.001365447
   39.996053426   -0.174320249   -0.001365282
   40.024399318   -0.180307786   -0.001381571
   40.052745210   -0.185236989   -0.001407864
   40.081091102   -0.188972683   -0.001437737
   40.109436994   -0.191418480   -0.001465501
   40.137782886   -0.192518913   -0.001486859
   40.166128778   -0.192258002   -0.001499400
   40.194474669   -0.190655405   -0.001502892
   40.222820561   -0.187761728   -0.001499320
   40.251166453   -0.183654401   -0.001492656
   40.279512345   -0.178435014   -0.001488412
   40.307858237   -0.172228168   -0.001493020
   40.336204129   -0.165181163   -0.001513117
   40.364550021   -0.157463412   -0.001554849
   40.392895913   -0.149264381   -0.001623273
   40.421241804   -0.140789283   -0.001721959
   40.449587696   -0.132252325   -0.001852840
   40.477933588   -0.123867987   -0.002016340
   40.506279480   -0.115841244   -0.002211762
   40.534625372   -0.108357763   -0.002437857
   40.562971264   -0.101574953   -0.002693491
   40.591317156   -0.095614310   -0.002978267
   40.619663047   -0.090555201   -0.003292986
   40.648008939   -0.086430072   -0.003639851
   40.676354831   -0.083221266   -0.004022357
   40.704700723   -0.080860121   -0.004444864
   40.733046615   -0.079229532   -0.004911945
   40.761392507   -0.078171429   -0.005427601
   40.789738399   -0.077500339   -0.005994520
   40.818084291   -0.077023230   -0.006613517
   40.846430182   -0.076564190   -0.007283279
   40.874776074   -0.075990594   -0.008000472
   40.903121966   -0.075235786   -0.008760194
   40.931467858   -0.074312526   -0.009556688
   40.959813750   -0.073312095   -0.010384157
   40.988159642   -0.072386140   -0.011237520
   41.016505534   -0.071711856   -0.012112948
   41.044851425   -0.071445279   -0.013008065
   41.073197317   -0.071671250   -0.013921772
   41.101543209   -0.072360966   -0.014853766
   41.129889101   -0.073348098   -0.015803848
   41.158234993   -0.074331748   -0.016771196
   41.186580885   -0.074909471   -0.017753786
   41.214926777   -0.074637002   -0.018748084
   41.243272669   -0.073104750   -0.019749089
   41.271618560   -0.070016191   -0.020750725
   41.299964452   -0.065251322   -0.021746477
   41.328310344   -0.058900225   -0.022730141
   41.356656236   -0.051257326   -0.023696517
   41.385002128   -0.042775142   -0.024641903
   41.413348020   -0.033985370   -0.025564296
   41.441693912   -0.025402993   -0.026463296
   41.470039804   -0.017433632   -0.027339748
   41.498385695   -0.010304484   -0.028195259
   41.526731587   -0.004034431   -0.029031700
   41.555077479    0.001549585   -0.029850834
   41.583423371    0.006753399   -0.030654114
   41.611769263    0.011927143   -0.031442683
   41.640115155    0.017368031   -0.032217511
   41.668461047    0.023237360   -0.032979562
   41.696806938    0.029511679   -0.033729914
   41.725152830    0.035980180   -0.034469722
   41.753498722    0.042289554   -0.035200013
   41.781844614    0.048026219   -0.035921364
   41.810190506    0.052816818   -0.036633541
   41.838536398    0.056423299   -0.037335235
   41.866882290    0.058809975   -0.038024025
   41.895228182    0.060166380   -0.038696624
   41.923574073    0.060880036   -0.039349414
   41.951919965    0.061464913   -0.039979176
   41.980265857    0.062461621   -0.040583855
   42.008611749    0.064331728   -0.041163161
   42.036957641    0.067369648   -0.041718837
   42.065303533    0.071651039   -0.042254465
   42.093649425    0.077027823   -0.042774806
   42.121995316    0.083169001   -0.043284765
   42.150341208    0.089636023   -0.043788199
   42.178687100    0.095974136   -0.044286798
   42.207032992    0.101798457   -0.044779328
   42.235378884    0.106856047   -0.045261405
   42.263724776    0.111052117   -0.045725887
   42.292070668    0.114437834   -0.046163838
   42.320416560    0.117166574   -0.046565865
   42.348762451    0.119432600   -0.046923558
   42.377108343    0.121409320   -0.047230728
   42.405454235    0.123202921   -0.047484176
   42.433800127    0.124831845   -0.047683839
   42.462146019    0.126234881   -0.047832280
   42.490491911    0.127302648   -0.047933668
   42.518837803    0.127921160   -0.047992477
   42.547183695    0.128013377   -0.048012211
   42.575529586    0.127565973   -0.047994462
   42.603875478    0.126633326   -0.047938506
   42.632221370    0.125317668   -0.047841535
   42.660567262    0.123731481   -0.047699456
   42.688913154    0.121953624   -0.047508084
   42.717259046    0.119992843   -0.047264427
   42.745604938    0.117770709   -0.046967787
   42.773950829    0.115131025   -0.046620408
   42.802296721    0.111875636   -0.046227518
   42.830642613    0.107819243   -0.045796765
   42.858988505    0.102850159   -0.045337147
   42.887334397    0.096981448   -0.044857676
   42.915680289    0.090378306   -0.044366046
   42.944026181    0.083352536   -0.043867569
   42.972372073    0.076322499   -0.043364595
   43.000717964    0.069745046   -0.042856485
   43.029063856    0.064032888   -0.042340134
   43.057409748    0.059474812   -0.041810885
   43.085755640    0.056176202   -0.041263645
   43.114101532    0.054033401   -0.040693956
   43.142447424    0.052748376   -0.040098828
   43.170793316    0.051881522   -0.039477191
   43.199139207    0.050932201   -0.038829931
   43.227485099    0.049430570   -0.038159545
   43.255830991    0.047021795   -0.037469536
   43.284176883    0.043525357   -0.036763701
   43.312522775    0.038957560   -0.036045467
   43.340868667    0.033513222   -0.035317391
   43.369214559    0.027511306   -0.034580894
   43.397560451    0.021316862   -0.033836228
   43.425906342    0.015256603   -0.033082638
   43.454252234    0.009546540   -0.032318637
   43.482598126    0.004247332   -0.031542307
   43.510944018   -0.000743238   -0.030751576
   43.539289910   -0.005659351   -0.029944410
   43.567635802   -0.010804885   -0.029118946
   43.595981694   -0.016473642   -0.028273572
   43.624327586   -0.022869648   -0.027407013
   43.652673477   -0.030045032   -0.026518439
   43.681019369   -0.037869185   -0.025607633
   43.709365261   -0.046036125   -0.024675180
   43.737711153   -0.054108886   -0.023722663
   43.766057045   -0.061591903   -0.022752792
   43.794402937   -0.068016588   -0.021769417
   43.822748829   -0.073022711   -0.020777387
   43.851094720   -0.076419352   -0.019782242
   43.879440612   -0.078213738   -0.018789779
   43.907786504   -0.078603205   -0.017805550
   43.936132396   -0.077933172   -0.016834397
   43.964478288   -0.076630906   -0.015880111
   43.992824180   -0.075129289   -0.014945281
   44.021170072   -0.073796132   -0.014031396
   44.049515964   -0.072882490   -0.013139161
   44.077861855   -0.072498662   -0.012268980
   44.106207747   -0.072620164   -0.011421505
   44.134553639   -0.073119601   -0.010598118
   44.162899531   -0.073815286   -0.009801254
   44.191245423   -0.074524847   -0.009034462
   44.219591315   -0.075112167   -0.008302197
   44.247937207   -0.075518793   -0.007609349
   44.276283098   -0.075775274   -0.006960616
   44.304628990   -0.075992873   -0.006359821
   44.332974882   -0.076340278   -0.005809321
   44.361320774   -0.077012556   -0.005309628
   44.389666666   -0.078200087   -0.004859314
   44.418012558   -0.080063789   -0.004455234
   44.446358450   -0.082720152   -0.004093022
   44.474704342   -0.086236410   -0.003767780
   44.503050233   -0.090633433   -0.003474813
   44.531396125   -0.095892424   -0.003210302
   44.559742017   -0.101961451   -0.002971764
   44.588087909   -0.108759093   -0.002758233
   44.616433801   -0.116174508   -0.002570138
   44.644779693   -0.124065262   -0.002408889
   44.673125585   -0.132255612   -0.002276267
   44.701471477   -0.140538209   -0.002173726
   44.729817368   -0.148681263   -0.002101726
   44.758163260   -0.156441486   -0.002059226
   44.786509152   -0.163581153   -0.002043424
   44.814855044   -0.169886041   -0.002049787
   44.843200936   -0.175180449   -0.002072373
   44.871546828   -0.179336064   -0.002104407
   44.899892720   -0.182273059   -0.002139025
   44.928238611   -0.183953975   -0.002170084
   44.956584503   -0.184372935   -0.002192914
   44.984930395   -0.183544040   -0.002204922
   45.013276287   -0.181492879   -0.002205942
   45.041622179   -0.178253951   -0.002198293
   45.069968071   -0.173874826   -0.002186512
   45.098313963   -0.168425531   -0.002176819
   45.126659855   -0.162009802   -0.002176359
   45.155005746   -0.154773978   -0.002192348
   45.183351638   -0.146909681   -0.002231238
   45.211697530   -0.138648068   -0.002298037
   45.240043422   -0.130245678   -0.002395891
   45.268389314   -0.121964225   -0.002525990
   45.296735206   -0.114048325   -0.002687828
   45.325081098   -0.106705615   -0.002879752
   45.353426989   -0.100092931   -0.003099703
   45.381772881   -0.094310436   -0.003346014
   45.410118773   -0.089403385   -0.003618087
   45.438464665   -0.085369303   -0.003916829
   45.466810557   -0.082167401   -0.004244740
   45.495156449   -0.079727198   -0.004605629
   45.523502341   -0.077954662   -0.005004020
   45.551848233   -0.076736018   -0.005444357
   45.580194124   -0.075941108   -0.005930177
   45.608540016   -0.075429101   -0.006463432
   45.636885908   -0.075058909   -0.007044097
   45.665231800   -0.074704985   -0.007670157
   45.693577692   -0.074276634   -0.008337958
   45.721923584   -0.073736404   -0.009042865
   45.750269476   -0.073111580   -0.009780053
   45.778615368   -0.072492918   -0.010545269
   45.806961259   -0.072016960   -0.011335379
   45.835307151   -0.071832165   -0.012148597
   45.863653043   -0.072053821   -0.012984334
   45.891998935   -0.072716949   -0.013842723
   45.920344827   -0.073738817   -0.014723934
   45.948690719   -0.074902319   -0.015627453
   45.977036611   -0.075867964   -0.016551490
   46.005382502   -0.076216199   -0.017492672
   46.033728394   -0.075514472   -0.018446072
   46.062074286   -0.073396725   -0.019405582
   46.090420178   -0.069638619   -0.020364535
   46.118766070   -0.064211173   -0.021316428
   46.147111962   -0.057299068   -0.022255609
   46.175457854   -0.049277087   -0.023177760
   46.203803746   -0.040647460   -0.024080125
   46.232149637   -0.031950091   -0.024961446
   46.260495529   -0.023664435   -0.025821679
   46.288841421   -0.016124445   -0.026661583
   46.317187313   -0.009465615   -0.027482305
   46.345533205   -0.003616189   -0.028285069
   46.373879097    0.001665472   -0.029071016
   46.402224989    0.006716061   -0.029841198
   46.430570880    0.011872600   -0.030596683
   46.458916772    0.017380136   -0.031338663
   46.487262664    0.023323704   -0.032068493
   46.515608556    0.029600664   -0.032787605
   46.543954448    0.035940020   -0.033497263
   46.572300340    0.041964187   -0.034198233
   46.600646232    0.047278639   -0.034890449
   46.628992124    0.051568411   -0.035572796
   46.657338015    0.054678873   -0.036243102
   46.685683907    0.056662037   -0.036898406
   46.714029799    0.057777810   -0.037535482
   46.742375691    0.058450054   -0.038151525
   46.770721583    0.059187571   -0.038744862
   46.799067475    0.060487790   -0.039315503
   46.827413367    0.062744232   -0.039865390
   46.855759259    0.066177263   -0.040398226
   46.884105150    0.070801604   -0.040918889
   46.912451042    0.076435383   -0.041432503
   46.940796934    0.082746127   -0.041943336
   46.969142826    0.089321375   -0.042453749
   46.997488718    0.095747175   -0.042963413
   47.025834610    0.101677410   -0.043468970
   47.054180502    0.106880527   -0.043964224
   47.082526393    0.111256603   -0.044440856
   47.110872285    0.114825079   -0.044889517
   47.139218177    0.117690132   -0.045301107
   47.167564069    0.119994927   -0.045667988
   47.195909961    0.121877109   -0.045984894
   47.224255853    0.123435956   -0.046249380
   47.252601745    0.124717204   -0.046461722
   47.280947637    0.125716202   -0.046624318
   47.309293528    0.126395062   -0.046740734
   47.337639420    0.126706179   -0.046814591
   47.365985312    0.126613591   -0.046848552
   47.394331204    0.126105215   -0.046843613
   47.422677096    0.125192417   -0.046798843
   47.451022988    0.123897686   -0.046711628
   47.479368880    0.122235056   -0.046578365
   47.507714771    0.120190449   -0.046395444
   47.536060663    0.117709487   -0.046160328
   47.564406555    0.114698555   -0.045872487
   47.592752447    0.111041392   -0.045533990
   47.621098339    0.106629145   -0.045149630
   47.649444231    0.101397773   -0.044726539
   47.677790123    0.095363938   -0.044273346
   47.706136015    0.088649846   -0.043799055
   47.734481906    0.081489129   -0.043311808
   47.762827798    0.074209536   -0.042817803
   47.791173690    0.067193144   -0.042320524
   47.819519582    0.060819941   -0.041820445
   47.847865474    0.055404833   -0.041315236
   47.876211366    0.051140368   -0.040800429
   47.904557258    0.048057202   -0.040270396
   47.932903150    0.046011410   -0.039719472
   47.961249041    0.044702785   -0.039142982
   47.989594933    0.043722113   -0.038538019
   48.017940825    0.042619418   -0.037903829
   48.046286717    0.040980547   -0.037241760
   48.074632609    0.038497319   -0.036554830
   48.102978501    0.035017320   -0.035847015
   48.131324393    0.030563206   -0.035122426
   48.159670284    0.025317445   -0.034384550
   48.188016176    0.019575527   -0.033635686
   48.216362068    0.013677293   -0.032876680
   48.244707960    0.007930817   -0.032106963
   48.273053852    0.002545031   -0.031324849
   48.301399744   -0.002414381   -0.030527994
   48.329745636   -0.007036132   -0.029713884
   48.358091528   -0.011538871   -0.028880255
   48.386437419   -0.016216171   -0.028025355
   48.414783311   -0.021362710   -0.027148038
   48.443129203   -0.027197634   -0.026247720
   48.471475095   -0.033801821   -0.025324264
   48.499820987   -0.041082847   -0.024377887
   48.528166879   -0.048775549   -0.023409158
   48.556512771   -0.056478399   -0.022419115
   48.584858662   -0.063718291   -0.021409499
   48.613204554   -0.070030350   -0.020383028
   48.641550446   -0.075036461   -0.019343625
   48.669896338   -0.078506842   -0.018296493
   48.698242230   -0.080393011   -0.017247978
   48.726588122   -0.080826903   -0.016205193
   48.754934014   -0.080088146   -0.015175444
   48.783279906   -0.078547938   -0.014165557
   48.811625797   -0.076602254   -0.013181249
   48.839971689   -0.074608317   -0.012226672
   48.868317581   -0.072836363   -0.011304232
   48.896663473   -0.071444396   -0.010414742
   48.925009365   -0.070477985   -0.009557865
   48.953355257   -0.069891665   -0.008732756
   48.981701149   -0.069584368   -0.007938746
   49.010047041   -0.069439386   -0.007175907
   49.038392932   -0.069359882   -0.006445370
   49.066738824   -0.069293366   -0.005749309
   49.095084716   -0.069242251   -0.005090600
   49.123430608   -0.069261211   -0.004472249
   49.151776500   -0.069444949   -0.003896715
   49.180122392   -0.069911327   -0.003365325
   49.208468284   -0.070784621   -0.002877898
   49.236814175   -0.072182187   -0.002432716
   49.265160067   -0.074205751   -0.002026827
   49.293505959   -0.076936629   -0.001656638
   49.321851851   -0.080432939   -0.001318647
   49.350197743   -0.084726711   -0.001010150
   49.378543635   -0.089819565   -0.000729748
   49.406889527   -0.095676979   -0.000477537
   49.435235419   -0.102222507   -0.000254914
   49.463581310   -0.109334168   -0.000064041
   49.491927202   -0.116845233    0.000092920
   49.520273094   -0.124550763    0.000214652
   49.548618986   -0.132219816    0.000301400
   49.576964878   -0.139611690    0.000355439
   49.605310770   -0.146493358    0.000381149
   49.633656662   -0.152654939    0.000384699
   49.662002553   -0.157920536    0.000373382
   49.690348445   -0.162153122    0.000354705
   49.718694337   -0.165253783    0.000335410
   49.747040229   -0.167157133    0.000320584
   49.775386121   -0.167825574    0.000312996
   49.803732013   -0.167245085    0.000312773
   49.832077905   -0.165424308    0.000317445
   49.860423797   -0.162397318    0.000322339
   49.888769688   -0.158228897    0.000321252
   49.917115580   -0.153020039    0.000307280
   49.945461472   -0.146911048    0.000273695
   49.973807364   -0.140080102    0.000214726
   50.002153256   -0.132736371    0.000126158
   50.030499148   -0.125108268    0.000005671
   50.058845040   -0.117428752   -0.000147111
   50.087190932   -0.109920294   -0.000330847
   50.115536823   -0.102782037   -0.000542937
   50.143882715   -0.096180809   -0.000780126
   50.172228607   -0.090246409   -0.001039161
   50.200574499   -0.085070300   -0.001317383
   50.228920391   -0.080706130   -0.001613176
   50.257266283   -0.077170486   -0.001926181
   50.285612175   -0.074443035   -0.002257255
   50.313958066   -0.072466470   -0.002608179
   50.342303958   -0.071147850   -0.002981176
   50.370649850   -0.070363575   -0.003378333
   50.398995742   -0.069969959   -0.003801046
   50.427341634   -0.069820019   -0.004249598
   50.455687526   -0.069785040   -0.004722969
   50.484033418   -0.069777239   -0.005218917
   50.512379310   -0.069768209   -0.005734321
   50.540725201   -0.069797411   -0.006265715
   50.569071093   -0.069966223   -0.006809902
   50.597416985   -0.070415851   -0.007364511
   50.625762877   -0.071291209   -0.007928365
   50.654108769   -0.072696798   -0.008501582
   50.682454661   -0.074653577   -0.009085369
   50.710800553   -0.077066927   -0.009681556
   50.739146444   -0.079714529   -0.010291969
   50.767492336   -0.082259448   -0.010917779
   50.795838228   -0.084288537   -0.011558986
   50.824184120   -0.085370635   -0.012214155
   50.852530012   -0.085124249   -0.012880474
   50.880875904   -0.083281698   -0.013554134
   50.909221796   -0.079736696   -0.014230950
   50.937567688   -0.074565335   -0.014907100
   50.965913579   -0.068015626   -0.015579818
   50.994259471   -0.060467139   -0.016247908
   51.022605363   -0.052368430   -0.016911959
   51.050951255   -0.044164401   -0.017574245
   51.079297147   -0.036227691   -0.018238331
   51.107643039   -0.028807077   -0.018908503
   51.135988931   -0.022002132   -0.019589129
   51.164334823   -0.015767837   -0.020284105
   51.192680714   -0.009946746   -0.020996493
   51.221026606   -0.004320893   -0.021728371
   51.249372498    0.001327860   -0.022480919
   51.277718390    0.007161523   -0.023254628
   51.306064282    0.013244787   -0.024049562
   51.334410174    0.019526559   -0.024865548
   51.362756066    0.025847126   -0.025702234
   51.391101957    0.031968829   -0.026558985
   51.419447849    0.037623825   -0.027434673
   51.447793741    0.042569544   -0.028327432
   51.476139633    0.046641310   -0.029234516
   51.504485525    0.049792340   -0.030152337
   51.532831417    0.052113661   -0.031076756
   51.561177309    0.053830053   -0.032003613
   51.589523201    0.055272226   -0.032929394
   51.617869092    0.056829482   -0.033851907
   51.646214984    0.058890530   -0.034770784
   51.674560876    0.061782237   -0.035687638
   51.702906768    0.065716759   -0.036605806
   51.731252660    0.070756282   -0.037529642
   51.759598552    0.076801854   -0.038463477
   51.787944444    0.083608638   -0.039410428
   51.816290335    0.090825251   -0.040371288
   51.844636227    0.098050292   -0.041343750
   51.872982119    0.104895805   -0.042322152
   51.901328011    0.111045842   -0.043297807
   51.929673903    0.116299176   -0.044259914
   51.958019795    0.120588273   -0.045196846
   51.986365687    0.123971572   -0.046097593
   52.014711579    0.126601778   -0.046953056
   52.043057470    0.128678029   -0.047756938
   52.071403362    0.130393281   -0.048506047
   52.099749254    0.131889058   -0.049199987
   52.128095146    0.133227655   -0.049840306
   52.156441038    0.134387321   -0.050429337
   52.184786930    0.135280027   -0.050968987
   52.213132822    0.135785549   -0.051459786
   52.241478714    0.135791452   -0.051900398
   52.269824605    0.135227140   -0.052287710
   52.298170497    0.134082047   -0.052617476
   52.326516389    0.132402745   -0.052885347
   52.354862281    0.130270064   -0.053088034
   52.383208173    0.127763529   -0.053224325
   52.411554065    0.124924695   -0.053295701
   52.439899957    0.121732002   -0.053306391
   52.468245848    0.118097108   -0.053262838
   52.496591740    0.113886790   -0.053172699
   52.524937632    0.108967012   -0.053043555
   52.553283524    0.103258572   -0.052881648
   52.581629416    0.096789101   -0.052690863
   52.609975308    0.089725460   -0.052472194
   52.638321200    0.082374330   -0.052223742
   52.666667092    0.075146326   -0.051941250
   52.695012983    0.068488368   -0.051618995
   52.723358875    0.062797945   -0.051250848
   52.751704767    0.058338835   -0.050831255
   52.780050659    0.055178988   -0.050355948
   52.808396551    0.053167047   -0.049822269
   52.836742443    0.051955308   -0.049229091
   52.865088335    0.051065686   -0.048576409
   52.893434226    0.049984513   -0.047864742
   52.921780118    0.048264399   -0.047094520
   52.950126010    0.045609103   -0.046265597
   52.978471902    0.041921191   -0.045376989
   53.006817794    0.037301281   -0.044426866
   53.035163686    0.031999764   -0.043412736
   53.063509578    0.026333943   -0.042331756
   53.091855470    0.020592408   -0.041181037
   53.120201361    0.014951822   -0.039957862
   53.148547253    0.009428174   -0.038659772
   53.176893145    0.003875698   -0.037284512
   53.205239037   -0.001965772   -0.035829899
   53.233584929   -0.008386922   -0.034293684
   53.261930821   -0.015610275   -0.032673503
   53.290276713   -0.023702638   -0.030966948
   53.318622605   -0.032522266   -0.029171803
   53.346968496   -0.041715796   -0.027286388
   53.375314388   -0.050767711   -0.025309948
   53.403660280   -0.059091895   -0.023243000
   53.432006172   -0.066144334   -0.021087552
   53.460352064   -0.071530716   -0.018847142
   53.488697956   -0.075083908   -0.016526680
   53.517043848   -0.076893679   -0.014132147
   53.545389739   -0.077282592   -0.011670189
   53.573735631   -0.076734797   -0.009147716
   53.602081523   -0.075795216   -0.006571560
   53.630427415   -0.074962834   -0.003948250
   53.658773307   -0.074601960   -0.001283903
   53.687119199   -0.074889825    0.001415772
   53.715465091   -0.075809124    0.004145436
   53.743810983   -0.077183005    0.006900072
   53.772156874   -0.078740176    0.009674996
   53.800502766   -0.080191820    0.012465924
   53.828848658   -0.081300984    0.015269107
   53.857194550   -0.081929049    0.018081488
   53.885540442   -0.082051330    0.020900828
   53.913886334   -0.081742576    0.023725782
   53.942232226   -0.081140850    0.026555864
   53.970578117   -0.080402792    0.029391334
   53.998924009   -0.079663922    0.032232995
   54.027269901   -0.079014348    0.035081973
   54.055615793   -0.078494420    0.037939497
   54.083961685   -0.078108351    0.040806737
   54.112307577   -0.077848484    0.043684701
   54.140653469   -0.077720242    0.046574207
   54.168999361   -0.077758415    0.049475892
   54.197345252   -0.078028911    0.052390243
   54.225691144   -0.078615159    0.055317617
   54.254037036   -0.079593444    0.058258241
   54.282382928   -0.081004991    0.061212199
   54.310728820   -0.082833553    0.064179417
   54.339074712   -0.084995513    0.067159689
   54.367420604   -0.087345634    0.070152740
   54.395766496   -0.089696910    0.073158348
   54.424112387   -0.091848916    0.076176495
   54.452458279   -0.093616884    0.079207493
   54.480804171   -0.094854004    0.082252060
   54.509150063   -0.095462066    0.085311257
   54.537495955   -0.095389526    0.088386297
   54.565841847   -0.094620254    0.091478205
   54.594187739   -0.093159071    0.094587393
   54.622533630   -0.091020995    0.097713224
   54.650879522   -0.088229477    0.100853674
   54.679225414   -0.084825410    0.104005168
   54.707571306   -0.080884452    0.107162677
   54.735917198   -0.076536567    0.110320066
   54.764263090   -0.071979886    0.113470668
   54.792608982   -0.067481669    0.116607978
   54.820954874   -0.063362296    0.119726359
   54.849300765   -0.059962894    0.122821603
   54.877646657   -0.057602148    0.125891260
   54.905992549   -0.056531528    0.128934673
   54.934338441   -0.056899448    0.131952710
   54.962684333   -0.058733236    0.134947267
   54.991030225   -0.061943619    0.137920651
   55.019376117   -0.066350795    0.140874967
   55.047722008   -0.071725583    0.143811650
   55.076067900   -0.077835275    0.146731209
   55.104413792   -0.084482743    0.149633243
   55.132759684   -0.091529380    0.152516697
   55.161105576   -0.098897193    0.155380287
   55.189451468   -0.106551344    0.158222991
   55.217797360   -0.114470096    0.161044496
   55.246143252   -0.122612714    0.163845488
   55.274489143   -0.130896413    0.166627741
   55.302835035   -0.139190645    0.169393962
   55.331180927   -0.147331654    0.172147448
   55.359526819   -0.155153769    0.174891587
   55.387872711   -0.162528262    0.177629329
   55.416218603   -0.169397398    0.180362695
   55.444564495   -0.175791694    0.183092429
   55.472910387   -0.181822359    0.185817831
   55.501256278   -0.187647550    0.188536826
   55.529602170   -0.193418646    0.191246227
   55.557948062   -0.199219164    0.193942173
   55.586293954   -0.205012293    0.196620665
   55.614639846   -0.210612307    0.199278107
   55.642985738   -0.215690118    0.201911796
   55.671331630   -0.219815245    0.204520258
   55.699677521   -0.222527296    0.207103408
   55.728023413   -0.223422179    0.209662500
   55.756369305   -0.222233676    0.212199894
   55.784715197   -0.218891160    0.214718678
   55.813061089   -0.213539167    0.217222234
   55.841406981   -0.206513192    0.219713808
   55.869752873   -0.198276398    0.222196180
   55.898098765   -0.189331330    0.224671480
   55.926444656   -0.180126824    0.227141168
   55.954790548   -0.170981551    0.229606174
   55.983136440   -0.162041620    0.232067144
   56.011482332   -0.153281324    0.234524720
   56.039828224   -0.144545527    0.236979782
   56.068174116   -0.135621947    0.239433591
   56.096520008   -0.126324244    0.241887805
   56.124865900   -0.116564287    0.244344373
   56.153211791   -0.106394780    0.246805356
   56.181557683   -0.096010967    0.249272729
   56.209903575   -0.085710530    0.251748248
   56.238249467   -0.075821349    0.254233422
   56.266595359   -0.066615014    0.256729604
   56.294941251   -0.058227726    0.259238182
   56.323287143   -0.050608617    0.261760791
   56.351633034   -0.043508976    0.264299477
   56.379978926   -0.036516050    0.266856717
   56.408324818   -0.029124369    0.269435260
   56.436670710   -0.020828683    0.272037772
   56.465016602   -0.011217564    0.274666367
   56.493362494   -0.000046856    0.277322109
   56.521708386    0.012722796    0.280004622
   56.550054278    0.026931444    0.282711926
   56.578400169    0.042265329    0.285440579
   56.606746061    0.058330316    0.288186129
   56.635091953    0.074735363    0.290943802
   56.663437845    0.091166796    0.293709303
   56.691783737    0.107437469    0.296479560
   56.720129629    0.123501857    0.299253237
   56.748475521    0.139436802    0.302030909
   56.776821412    0.155395914    0.304814857
   56.805167304    0.171551333    0.307608529
   56.833513196    0.188038551    0.310415805
   56.861859088    0.204917905    0.313240244
   56.890204980    0.222160936    0.316084488
   56.918550872    0.239662754    0.318949975
   56.946896764    0.257274570    0.321837018
   56.975242656    0.274845697    0.324745201
   57.003588547    0.292262519    0.327673988
   57.031934439    0.309473583    0.330623350
   57.060280331    0.326494496    0.333594229
   57.088626223    0.343392180    0.336588685
   57.116972115    0.360253853    0.339609670
   57.145318007    0.377150049    0.342660452
   57.173663899    0.394102326    0.345743828
   57.202009791    0.411064603    0.348861299
   57.230355682    0.427923097    0.352012443
   57.258701574    0.444514591    0.355194614
   57.287047466    0.460657900    0.358403088
   57.315393358    0.476190067    0.361631627
   57.343739250    0.490997952    0.364873341
   57.372085142    0.505037469    0.368121675
   57.400431034    0.518336392    0.371371306
   57.428776925    0.530981081    0.374618765
   57.457122817    0.543091661    0.377862658
   57.485468709    0.554792781    0.381103485
   57.513814601    0.566187670    0.384343106
   57.542160493    0.577341585    0.387584015
   57.570506385    0.588277636    0.390828588
   57.598852277    0.598984256    0.394078484
   57.627198169    0.609430384    0.397334298
   57.655544060    0.619582625    0.400595524
   57.683889952    0.629418672    0.403860780
   57.712235844    0.638932993    0.407128210
   57.740581736    0.648133647    0.410395928
   57.768927628    0.657032094    0.413662387
   57.797273520    0.665630180    0.416926603
   57.825619412    0.673909378    0.420188189
   57.853965303    0.681826603    0.423447242
   57.882311195    0.689318819    0.426704145
   57.910657087    0.696315804    0.429959366
   57.939002979    0.702757800    0.433213326
   57.967348871    0.708613071    0.436466382
   57.995694763    0.713890205    0.439718906
   58.024040655    0.718641316    0.442971429
   58.052386547    0.722954799    0.446224782
   58.080732438    0.726939227    0.449480167
   58.109078330    0.730702419    0.452739120
   58.137424222    0.734331100    0.456003350
   58.165770114    0.737876372    0.459274499
   58.194116006    0.741348577    0.462553852
   58.222461898    0.744722552    0.465842102
   58.250807790    0.747951413    0.469139190
   58.279153682    0.750984782    0.472444279
   58.307499573    0.753786291    0.475755840
   58.335845465    0.756345665    0.479071830
   58.364191357    0.758682352    0.482389896
   58.392537249    0.760840213    0.485707556
   58.420883141    0.762875329    0.489022321
   58.449229033    0.764840809    0.492331745
   58.477574925    0.766773186    0.495633430
   58.505920816    0.768684294    0.498925026
   58.534266708    0.770560739    0.502204278
   58.562612600    0.772370784    0.505469150
   58.590958492    0.774076278    0.508718043
   58.619304384    0.775645888    0.511950081
   58.647650276    0.777065645    0.515165392
   58.675996168    0.778343784    0.518365339
   58.704342060    0.779508651    0.521552599
   58.732687951    0.780600572    0.524731080
   58.761033843    0.781660347    0.527905645
   58.789379735    0.782717949    0.531081703
   58.817725627    0.783784817    0.534264727
   58.846071519    0.784851963    0.537459808
   58.874417411    0.785894266    0.540671315
   58.902763303    0.786879476    0.543902728
   58.931109194    0.787779062    0.547156655
   58.959455086    0.788577561    0.550434994
   58.987800978    0.789277652    0.553739175
   59.016146870    0.789899530    0.557070399
   59.044492762    0.790474922    0.560429790
   59.072838654    0.791037727    0.563818424
   59.101184546    0.791614188    0.567237225
   59.129530438    0.792215621    0.570686781
   59.157876329    0.792835850    0.574167148
   59.186222221    0.793454006    0.577677721
   59.214568113    0.794041729    0.581217239
   59.242914005    0.794572465    0.584783948
   59.271259897    0.795029983    0.588375897
   59.299605789    0.795413525    0.591991287
   59.327951681    0.795738087    0.595628786
   59.356297573    0.796029861    0.599287695
   59.384643464    0.796318319    0.602967910
   59.412989356    0.796627427    0.606669636
   59.441335248    0.796968714    0.610392917
   59.469681140    0.797338262    0.614137063
   59.498027032    0.797718473    0.617900112
   59.526372924    0.798083993    0.621678472
   59.554718816    0.798409881    0.625466830
   59.583064707    0.798679503    0.629258393
   59.611410599    0.798889721    0.633045422
   59.639756491    0.799051835    0.636819973
   59.668102383    0.799188069    0.640574683
   59.696448275    0.799324745    0.644303467
   59.724794167    0.799484297    0.648001952
   59.753140059    0.799678608    0.651667598
   59.781485951    0.799905676    0.655299473
   59.809831842    0.800150598    0.658897771
   59.838177734    0.800390500    0.662463176
   59.866523626    0.800601833    0.665996257
   59.894869518    0.800767766    0.669497015
   59.923215410    0.800883395    0.672964703
   59.951561302    0.800957198    0.676397938
   59.979907194    0.801008351    0.679795063
   60.008253085    0.801060768    0.683154651
   60.036598977    0.801135775    0.686476006
   60.064944869    0.801245659    0.689759511
   60.093290761    0.801390094    0.693006715
   60.121636653    0.801556488    0.696220117
   60.149982545    0.801724109    0.699402673
   60.178328437    0.801870656    0.702557125
   60.206674329    0.801979234    0.705685302
   60.235020220    0.802043565    0.708787540
   60.263366112    0.802069867    0.711862361
   60.291712004    0.802074845    0.714906469
   60.320057896    0.802080468    0.717915092
   60.348403788    0.802107187    0.720882568
   60.376749680    0.802167688    0.723803072
   60.405095572    0.802263117    0.726671332
   60.433441464    0.802382903    0.729483180
   60.461787355    0.802508199    0.732235857
   60.490133247    0.802617839    0.734928020
   60.518479139    0.802694940    0.737559483
   60.546825031    0.802732115    0.740130780
   60.575170923    0.802733688    0.742642657
   60.603516815    0.802714276    0.745095630
   60.631862707    0.802694193    0.747489684
   60.660208598    0.802693149    0.749824187
   60.688554490    0.802724190    0.752097991
   60.716900382    0.802789761    0.754309690
   60.745246274    0.802881083    0.756457934
   60.773592166    0.802981000    0.758541711
   60.801938058    0.803069392    0.760560530
   60.830283950    0.803129448    0.762514454
   60.858629842    0.803152858    0.764403990
   60.886975733    0.803142323    0.766229876
   60.915321625    0.803110643    0.767992848
   60.943667517    0.803076677    0.769693429
   60.972013409    0.803059474    0.771331843
   61.000359301    0.803072395    0.772908040
   61.028705193    0.803119040    0.774421858
   61.057051085    0.803192239    0.775873257
   61.085396976    0.803276377    0.777262568
   61.113742868    0.803352315    0.778590696
   61.142088760    0.803403359    0.779859207
   61.170434652    0.803420422    0.781070291
   61.198780544    0.803404785    0.782226597
   61.227126436    0.803367627    0.783330986
   61.255472328    0.803326492    0.784386257
   61.283818220    0.803299816    0.785394911
   61.312164111    0.803301219    0.786358999
   61.340510003    0.803335330    0.787280080
   61.368855895    0.803396438    0.788159285
   61.397201787    0.803470344    0.788997459
   61.425547679    0.803538842    0.789795326
   61.453893571    0.803585390    0.790553647
   61.482239463    0.803600237    0.791273316
   61.510585355    0.803583399    0.791955389
   61.538931246    0.803544586    0.792601053
   61.567277138    0.803500129    0.793211559
   61.595623030    0.803467876    0.793788147
   61.623968922    0.803461650    0.794332012
   61.652314814    0.803487003    0.794844316
   61.680660706    0.803539553    0.795326241
   61.709006598    0.803606424    0.795779081
   61.737352489    0.803670299    0.796204332
   61.765698381    0.803714824    0.796603734
   61.794044273    0.803729681    0.796979267
   61.822390165    0.803713747    0.797333063
   61.850736057    0.803675385    0.797667272
   61.879081949    0.803629789    0.797983891
   61.907427841    0.803594230    0.798284617
   61.935773733    0.803582686    0.798570746
   61.964119624    0.803601533    0.798843148
   61.992465516    0.803647619    0.799102330
   62.020811408    0.803709304    0.799348565
   62.049157300    0.803770134    0.799582052
   62.077503192    0.803813973    0.799803069
   62.105849084    0.803830018    0.800012081
   62.134194976    0.803816111    0.800209772
   62.162540867    0.803779365    0.800397009
   62.190886759    0.803733897    0.800574738
   62.219232651    0.803696405    0.800743860
   62.247578543    0.803680973    0.800905117
   62.275924435    0.803694718    0.801059017
   62.304270327    0.803735622    0.801205834
   62.332616219    0.803793217    0.801345659
   62.360962111    0.803851887    0.801478504
   62.389308002    0.803895745    0.801604413
   62.417653894    0.803913570    0.801723560
   62.445999786    0.803902262    0.801836291
   62.474345678    0.803867765    0.801943111
   62.502691570    0.803823162    0.802044624
   62.531037462    0.803784579    0.802141427
   62.559383354    0.803766161    0.802234020
   62.587729246    0.803775688    0.802322732
   62.616075137    0.803812202    0.802407701
   62.644421029    0.803866348    0.802488909
   62.672766921    0.803923330    0.802566259
   62.701112813    0.803967536    0.802639669
   62.729458705    0.803987392    0.802709157
   62.757804597    0.803978936    0.802774890
   62.786150489    0.803947006    0.802837184
   62.814496380    0.803903694    0.802896459
   62.842842272    0.803864550    0.802953149
   62.871188164    0.803843735    0.803007624
   62.899534056    0.803849630    0.803060118
   62.927879948    0.803882261    0.803110701
   62.956225840    0.803933341    0.803159302
   62.984571732    0.803988879    0.803205768
   63.012917624    0.804033564    0.803249951
   63.041263515    0.804055525    0.803291785
   63.069609407    0.804050004    0.803331335
   63.097955299    0.804020798    0.803368808
   63.126301191    0.803979035    0.803404514
   63.154647083    0.803939686    0.803438797
   63.182992975    0.803916889    0.803471953
   63.211338867    0.803919561    0.803504169
   63.239684758    0.803948656    0.803535483
   63.268030650    0.803996905    0.803565804
   63.296376542    0.804051116    0.803594956
   63.324722434    0.804096300    0.803622759
   63.353068326    0.804120340    0.803649098
   63.381414218    0.804117745    0.803673978
   63.409760110    0.804091321    0.803697537
   63.438106002    0.804051264    0.803720018
   63.466451893    0.804011957    0.803741708
   63.494797785    0.803987476    0.803762863
   63.523143677    0.803987225    0.803783644
   63.551489569    0.804013025    0.803804082
   63.579835461    0.804058590    0.803824080
   63.608181353    0.804111512    0.803843458
   63.636527245    0.804157150    0.803862020
   63.664873137    0.804183189    0.803879625
   63.693219028    0.804183457    0.803896239
   63.721564920    0.804159820    0.803911955
   63.749910812    0.804121564    0.803926972
   63.778256704    0.804082479    0.803941540
   63.806602596    0.804056550    0.803955891
   63.834948488    0.804053609    0.803970176
   63.863294380    0.804076298    0.803984425
   63.891640271    0.804119274    0.803998548
   63.919986163    0.804170909    0.804012368
   63.948332055    0.804216926    0.804025684
   63.976677947    0.804244855    0.804038341
   64.005023839    0.804247899    0.804050279
   64.033369731    0.804227025    0.804061559
   64.061715623    0.804190634    0.804072348
   64.090061515    0.804151916    0.804082871
   64.118407406    0.804124732    0.804093344
   64.146753298    0.804119297    0.804103914
   64.175099190    0.804139022    0.804114618
   64.203445082    0.804179478    0.804125375
   64.231790974    0.804229804    0.804136016
   64.260136866    0.804276109    0.804146343
   64.288482758    0.804305808    0.804156189
   64.316828649    0.804311525    0.804165478
   64.345174541    0.804293373    0.804174247
   64.373520433    0.804258887    0.804182637
   64.401866325    0.804220654    0.804190855
   64.430212217    0.804192380    0.804199107
   64.458558109    0.804184619    0.804207539
   64.486904001    0.804201506    0.804216196
   64.515249893    0.804239491    0.804225009
   64.543595784    0.804288474    0.804233820
   64.571941676    0.804334967    0.804242434
   64.600287568    0.804366307    0.804250680
   64.628633460    0.804374588    0.804258469
   64.656979352    0.804359107    0.804265817
   64.685325244    0.804326554    0.804272847
   64.713671136    0.804288910    0.804279749
   64.742017028    0.804259696    0.804286721
   64.770362919    0.804249764    0.804293912
   64.798708811    0.804263926    0.804301376
   64.827054703    0.804299482    0.804309055
   64.855400595    0.804347084    0.804316805
   64.883746487    0.804393663    0.804324434
   64.912092379    0.804426515    0.804331770
   64.940438271    0.804437248    0.804338711
   64.968784162    0.804424381    0.804345261
   64.997130054    0.804393783    0.804351523
   65.025475946    0.804356822    0.804357675
   65.053821838    0.804326808    0.804363908
   65.082167730    0.804314847    0.804370373
   65.110513622    0.804326390    0.804377133
   65.138859514    0.804359553    0.804384144
   65.167205406    0.804405731    0.804391271
   65.195551297    0.804452292    0.804398332
   65.223897189    0.804486524    0.804405151
   65.252243081    0.804499595    0.804411620
   65.280588973    0.804489284    0.804417727
   65.308934865    0.804460656    0.804423560
   65.337280757    0.804424464    0.804429286
   65.365626649    0.804393783    0.804435090
   65.393972540    0.804379931    0.804441125
   65.422318432    0.804388954    0.804447462
   65.450664324    0.804419757    0.804454072
   65.479010216    0.804464467    0.804460829
   65.507356108    0.804510905    0.804467559
   65.535702000    0.804546389    0.804474087
   65.564047892    0.804561684    0.804480296
   65.592393784    0.804553868    0.804486162
   65.620739675    0.804527224    0.804491761
   65.649085567    0.804491886    0.804497247
   65.677431459    0.804460666    0.804502800
   65.705777351    0.804445056    0.804508576
   65.734123243    0.804451655    0.804514654
   65.762469135    0.804480127    0.804521015
   65.790815027    0.804523326    0.804527548
   65.819160919    0.804569538    0.804534083
   65.847506810    0.804606143    0.804540448
   65.875852702    0.804623549    0.804546519
   65.904198594    0.804618168    0.804552262
   65.932544486    0.804593521    0.804557739
   65.960890378    0.804559119    0.804563092
   65.989236270    0.804527484    0.804568498
   66.017582162    0.804510245    0.804574114
   66.045928053    0.804514514    0.804580027
   66.074273945    0.804540684    0.804586230
   66.102619837    0.804582326    0.804592621
   66.130965729    0.804628208    0.804599040
   66.159311621    0.804665807    0.804605316
   66.187657513    0.804685212    0.804611319
   66.216003405    0.804682208    0.804617004
   66.244349297    0.804659570    0.804622422
   66.272695188    0.804626182    0.804627706
   66.301041080    0.804594254    0.804633026
   66.329386972    0.804575512    0.804638540
   66.357732864    0.804577539    0.804644343
   66.386078756    0.804601433    0.804650438
   66.414424648    0.804641472    0.804656737
   66.442770540    0.804686922    0.804663084
   66.471116431    0.804725388    0.804669312
   66.499462323    0.804746685    0.804675286
   66.527808215    0.804745999    0.804680951
   66.556154107    0.804725381    0.804686348
   66.584499999    0.804693086    0.804691597
   66.612845891    0.804660985    0.804696867
   66.641191783    0.804640861    0.804702313
   66.669537675    0.804640735    0.804708039
   66.697883566    0.804662375    0.804714058
   66.726229458    0.804700767    0.804720291
   66.754575350    0.804745684    0.804726592
   66.782921242    0.804784896    0.804732795
   66.811267134    0.804807977    0.804738762
   66.839613026    0.804809554    0.804744429
   66.867958918    0.804790969    0.804749825
   66.896304810    0.804759842    0.804755063
   66.924650701    0.804727684    0.804760302
   66.952996593    0.804706296    0.804765702
   66.981342485    0.804704099    0.804771371
   67.009688377    0.804723510    0.804777331
   67.038034269    0.804760208    0.804783514
   67.066380161    0.804804495    0.804789784
   67.094726053    0.804844333    0.804795975
   67.123071944    0.804869096    0.804801946
   67.151417836    0.804872883    0.804807627
   67.179763728    0.804856343    0.804813035
   67.208109620    0.804826458    0.804818273
   67.236455512    0.804794352    0.804823495
   67.264801404    0.804771815    0.804828861
   67.293147296    0.804767627    0.804834484
   67.321493188    0.804784830    0.804840396
   67.349839079    0.804819791    0.804846540
   67.378184971    0.804863355    0.804852785
   67.406530863    0.804903704    0.804858971
   67.434876755    0.804930050    0.804864953
   67.463222647    0.804935995    0.804870654
   67.491568539    0.804921512    0.804876081
   67.519914431    0.804892939    0.804881327
   67.548260322    0.804860993    0.804886540
   67.576606214    0.804837415    0.804891880
   67.604952106    0.804831313    0.804897465
   67.633297998    0.804846329    0.804903336
   67.661643890    0.804879513    0.804909445
   67.689989782    0.804922264    0.804915670
   67.718335674    0.804963015    0.804921854
   67.746681566    0.804990850    0.804927851
   67.775027457    0.804998902    0.804933574
   67.803373349    0.804986485    0.804939024
   67.831719241    0.804959290    0.804944282
   67.860065133    0.804927604    0.804949492
   67.888411025    0.804903090    0.804954812
   67.916756917    0.804895149    0.804960363
   67.945102809    0.804907999    0.804966197
   67.973448701    0.804939370    0.804972274
   68.001794592    0.804981223    0.804978481
   68.030140484    0.805022272    0.804984665
   68.058486376    0.805051505    0.804990677
   68.086832268    0.805061615    0.804996425
   68.115178160    0.805051269    0.805001899
   68.143524052    0.805025513    0.805007173
   68.171869944    0.804994183    0.805012384
   68.200215835    0.804968831    0.805017687
   68.228561727    0.804959125    0.805023209
   68.256907619    0.804969834    0.805029007
   68.285253511    0.804999358    0.805035055
   68.313599403    0.805040236    0.805041245
   68.341945295    0.805081485    0.805047427
   68.370291187    0.805112027    0.805053455
   68.398637079    0.805124143    0.805059229
   68.426982970    0.805115872    0.805064729
   68.455328862    0.805091609    0.805070020
   68.483674754    0.805060723    0.805075234
   68.512020646    0.805034630    0.805080523
   68.540366538    0.805023230    0.805086017
   68.568712430    0.805031825    0.805091784
   68.597058322    0.805059476    0.805097802
   68.625404213    0.805099308    0.805103975
   68.653750105    0.805140663    0.805110156
   68.682095997    0.805172427    0.805116199
   68.710441889    0.805186498    0.805121998
   68.738787781    0.805180299    0.805127524
   68.767133673    0.805157576    0.805132835
   68.795479565    0.805127218    0.805138053
   68.823825457    0.805100476    0.805143330
   68.852171348    0.805087455    0.805148800
   68.880517240    0.805093967    0.805154535
   68.908863132    0.805119725    0.805160525
   68.937209024    0.805158446    0.805166680
   68.965554916    0.805199817    0.805172860
   68.993900808    0.805232718    0.805178917
   69.022246700    0.805248687    0.805184740
   69.050592592    0.805244551    0.805190293
   69.078938483    0.805223410    0.805195624
   69.107284375    0.805193658    0.805200849
   69.135630267    0.805166357    0.805206116
   69.163976159    0.805151791    0.805211563
   69.192322051    0.805156255    0.805217268
   69.220667943    0.805180106    0.805223229
   69.249013835    0.805217657    0.805229366
   69.277359726    0.805258959    0.805235544
   69.305705618    0.805292911    0.805241613
   69.334051510    0.805310718    0.805247460
   69.362397402    0.805308630    0.805253040
   69.390743294    0.805289106    0.805258392
   69.419089186    0.805260032    0.805263625
   69.447435078    0.805232262    0.805268885
   69.475780970    0.805216228    0.805274309
   69.504126861    0.805218688    0.805279984
   69.532472753    0.805240625    0.805285918
   69.560818645    0.805276952    0.805292036
   69.589164537    0.805318101    0.805298210
   69.617510429    0.805353015    0.805304291
   69.645856321    0.805372596    0.805310161
   69.674202213    0.805372535    0.805315768
   69.702548104    0.805354655    0.805321141
   69.730893996    0.805326331    0.805326383
   69.759239888    0.805298182    0.805331637
   69.787585780    0.805280762    0.805337041
   69.815931672    0.805281264    0.805342688
   69.844277564    0.805301287    0.805348593
   69.872623456    0.805336341    0.805354692
   69.900969348    0.805377254    0.805360861
   69.929315239    0.805413039    0.805366952
   69.957661131    0.805434323    0.805372845
   69.986007023    0.805436262    0.805378478
   70.014352915    0.805420051    0.805383874
   70.042698807    0.805392544    0.805389126
   70.071044699    0.805364107    0.805394375
   70.099390591    0.805345387    0.805399760
   70.127736483    0.805343986    0.805405378
   70.156082374    0.805362099    0.805411256
   70.184428266    0.805395832    0.805417335
   70.212774158    0.805436426    0.805423497
   70.241120050    0.805472989    0.805429598
   70.269465942    0.805495900    0.805435512
   70.297811834    0.805499806    0.805441172
   70.326157726    0.805485284    0.805446590
   70.354503617    0.805458662    0.805451854
   70.382849509    0.805430031    0.805457099
   70.411195401    0.805410101    0.805462466
   70.439541293    0.805406856    0.805468057
   70.467887185    0.805423068    0.805473907
   70.496233077    0.805455436    0.805479965
   70.524578969    0.805495626    0.805486121
   70.552924861    0.805532869    0.805492230
   70.581270752    0.805557327    0.805498164
   70.609616644    0.805563162    0.805503850
   70.637962536    0.805550348    0.805509291
   70.666308428    0.805524678    0.805514567
   70.694654320    0.805495950    0.805519809
   70.723000212    0.805474905    0.805525160
   70.751346104    0.805469879    0.805530725
   70.779691995    0.805484200    0.805536546
   70.808037887    0.805515159    0.805542584
   70.836383779    0.805554858    0.805548731
   70.864729671    0.805592679    0.805554847
   70.893075563    0.805618601    0.805560801
   70.921421455    0.805626326    0.805566512
   70.949767347    0.805615236    0.805571976
   70.978113239    0.805590588    0.805577266
   71.006459130    0.805561862    0.805582507
   71.034805022    0.805539801    0.805587842
   71.063150914    0.805533059    0.805593382
   71.091496806    0.805545502    0.805599175
   71.119842698    0.805575006    0.805605191
   71.148188590    0.805614125    0.805611329
   71.176534482    0.805652420    0.805617451
   71.204880374    0.805679719    0.805623424
   71.233226265    0.805689292    0.805629160
   71.261572157    0.805679945    0.805634648
   71.289918049    0.805656389    0.805639951
   71.318263941    0.805627766    0.805645192
   71.346609833    0.805604789    0.805650512
   71.374955725    0.805596399    0.805656028
   71.403301617    0.805606976    0.805661794
   71.431647508    0.805634979    0.805667788
   71.459993400    0.805673427    0.805673916
   71.488339292    0.805712090    0.805680042
   71.516685184    0.805740679    0.805686032
   71.545031076    0.805752059    0.805691793
   71.573376968    0.805744472    0.805697304
   71.601722860    0.805722081    0.805702623
   71.630068752    0.805693665    0.805707865
   71.658414643    0.805669873    0.805713171
   71.686760535    0.805659902    0.805718662
   71.715106427    0.805668625    0.805724401
   71.743452319    0.805695078    0.805730373
   71.771798211    0.805732764    0.805736490
   71.800144103    0.805771689    0.805742620
   71.828489995    0.805801480    0.805748627
   71.856835886    0.805814627    0.805754413
   71.885181778    0.805808820    0.805759947
   71.913527670    0.805787667    0.805765281
   71.941873562    0.805759561    0.805770524
   71.970219454    0.805735054    0.805775818
   71.998565346    0.805723566    0.805781286
   72.026911238    0.805730445    0.805786998
   72.055257130    0.805755299    0.805792947
   72.083603021    0.805792132    0.805799053
   72.111948913    0.805831213    0.805805187
   72.140294805    0.805862121    0.805811210
   72.168640697    0.805876997    0.805817020
   72.196986589    0.805872992    0.805822577
   72.225332481    0.805853150    0.805827925
   72.253678373    0.805825455    0.805833170
   72.282024265    0.805800332    0.805838451
   72.310370156    0.805787391    0.805843895
   72.338716048    0.805792432    0.805849581
   72.367061940    0.805815639    0.805855509
   72.395407832    0.805851528    0.805861606
   72.423753724    0.805890663    0.805867747
   72.452099616    0.805922607    0.805873789
   72.480445508    0.805939177    0.805879622
   72.508791399    0.805936994    0.805885201
   72.537137291    0.805918536    0.805890556
   72.565483183    0.805891351    0.805895791
   72.593829075    0.805865704    0.805901045
   72.622174967    0.805851369    0.805906457
   72.650520859    0.805854580    0.805912120
   72.678866751    0.805876092    0.805918060
   72.707212643    0.805910950    0.805924227
   72.735558534    0.805950041    0.805930517
   72.763904426    0.805982943    0.805936809
   72.792250318    0.806001173    0.805943003
   72.820596210    0.806000835    0.805949059
   72.848942102    0.805983827    0.805955009
   72.877287994    0.805957246    0.805960951
   72.905633886    0.805931165    0.805967018
   72.933979777    0.805915492    0.805973341
   72.962325669    0.805916879    0.805980005
   72.990671561    0.805936650    0.805987026
   73.019017453    0.805970396    0.805994345
   73.047363345    0.806009352    0.806001844
   73.075709237    0.806043138    0.806009387
   73.104055129    0.806062997    0.806016858
   73.132401021    0.806064523    0.806024201
   73.160746912    0.806049029    0.806031434
   73.189092804    0.806023138    0.806038645
   73.217438696    0.805996706    0.806045966
   73.245784588    0.805979748    0.806053527
   73.274130480    0.805979318    0.806061422
   73.302476372    0.805997308    0.806069675
   73.330822264    0.806029867    0.806078233
   73.359168156    0.806068603    0.806086985
   73.387514047    0.806103205    0.806095795
   73.415859939    0.806124662    0.806104544
   73.444205831    0.806128066    0.806113168
   73.472551723    0.806114144    0.806121677
   73.500897615    0.806089022    0.806130154
   73.529243507    0.806062316    0.806138726
   73.557589399    0.806044124    0.806147527
   73.585935290    0.806041887    0.806156654
   73.614281182    0.806058062    0.806166138
   73.642627074    0.806089367    0.806175937
   73.670972966    0.806127804    0.806185942
   73.699318858    0.806163157    0.806196018
   73.727664750    0.806186179    0.806206043
   73.756010642    0.806191472    0.806215948
   73.784356534    0.806179170    0.806225734
   73.812702425    0.806154889    0.806235477
   73.841048317    0.806127980    0.806245302
   73.869394209    0.806108606    0.806255343
   73.897740101    0.806104575    0.806265702
   73.926085993    0.806118909    0.806276419
   73.954431885    0.806148902    0.806287457
   73.982777777    0.806186970    0.806298713
   74.011123668    0.806223011    0.806310054
   74.039469560    0.806247563    0.806321356
   74.067815452    0.806254748    0.806332540
   74.096161344    0.806244104    0.806343604
   74.124507236    0.806220727    0.806354615
   74.152853128    0.806193683    0.806365694
   74.181199020    0.806173177    0.806376976
   74.209544912    0.806167373    0.806388569
   74.237890803    0.806179848    0.806400517
   74.266236695    0.806208482    0.806412793
   74.294582587    0.806246115    0.806425299
   74.322928479    0.806282783    0.806437904
   74.351274371    0.806308827    0.806450480
   74.379620263    0.806317897    0.806462945
   74.407966155    0.806308941    0.806475287
   74.436312047    0.806286523    0.806487567
   74.464657938    0.806259408    0.806499901
   74.493003830    0.806237824    0.806512426
   74.521349722    0.806230272    0.806525252
   74.549695614    0.806240881    0.806538433
   74.578041506    0.806268116    0.806551945
   74.606387398    0.806305256    0.806565700
   74.634733290    0.806342491    0.806579568
   74.663079181    0.806369981    0.806593418
   74.691425073    0.806380923    0.806607163
   74.719770965    0.806373673    0.806620783
   74.748116857    0.806352263    0.806634333
   74.776462749    0.806325138    0.806647925
   74.804808641    0.806302531    0.806661693
   74.833154533    0.806293267    0.806675753
   74.861500425    0.806302012    0.806690165
   74.889846316    0.806327817    0.806704914
   74.918192208    0.806364409    0.806719916
   74.946538100    0.806402150    0.806735045
   74.974883992    0.806431037    0.806750169
   75.003229884    0.806443828    0.806765194
   75.031575776    0.806438296    0.806780093
   75.059921668    0.806417931    0.806794914
   75.088267559    0.806390854    0.806809764
   75.116613451    0.806367283    0.806824777
   75.144959343    0.806356347    0.806840071
   75.173305235    0.806363239    0.806855714
   75.201651127    0.806387592    0.806871699
   75.229997019    0.806423590    0.806887948
   75.258342911    0.806461778    0.806904336
   75.286688803    0.806492011    0.806920733
   75.315034694    0.806506621    0.806937038
   75.343380586    0.806502807    0.806953217
   75.371726478    0.806483520    0.806969310
   75.400072370    0.806456541    0.806985419
   75.428418262    0.806432059    0.807001677
   75.456764154    0.806419492    0.807018207
   75.485110046    0.806424549    0.807035080
   75.513455938    0.806447441    0.807052300
   75.541801829    0.806482811    0.807069794
   75.570147721    0.806521401    0.807087441
   75.598493613    0.806552937    0.807105110
   75.626839505    0.806569335    0.807122695
   75.655185397    0.806567231    0.807140155
   75.683531289    0.806549030    0.807157521
   75.711877181    0.806522173    0.807174890
   75.740223072    0.806496809    0.807192395
   75.768568964    0.806482639    0.807210159
   75.796914856    0.806485882    0.807228263
   75.825260748    0.806507329    0.807246716
   75.853606640    0.806542084    0.807265454
   75.881952532    0.806581086    0.807284361
   75.910298424    0.806613928    0.807303301
   75.938644316    0.806632108    0.807322166
   75.966990207    0.806631679    0.807340907
   75.995336099    0.806614503    0.807359547
   76.023681991    0.806587676    0.807378177
   76.052027883    0.806561334    0.807396929
   76.080373775    0.806545493    0.807415928
   76.108719667    0.806546930    0.807435262
   76.137065559    0.806567051    0.807454948
   76.165411450    0.806601436    0.807474930
   76.193757342    0.806641183    0.807495094
   76.222103234    0.806675661    0.807515306
   76.250449126    0.806695804    0.807535452
   76.278795018    0.806696927    0.807555475
   76.307140910    0.806680218    0.807575389
   76.335486802    0.806652409    0.807595281
   76.363832694    0.806623771    0.807615279
   76.392178585    0.806605031    0.807635512
   76.420524477    0.806604175    0.807656075
   76.448870369    0.806624122    0.807676993
   76.477216261    0.806661990    0.807698218
   76.505562153    0.806710138    0.807719641
   76.533908045    0.806758682    0.807741126
   76.562253937    0.806798643    0.807762556
   76.590599829    0.806824770    0.807783863
   76.618945720    0.806837141    0.807805052
   76.647291612    0.806841043    0.807826204
   76.675637504    0.806845188    0.807847443
   76.703983396    0.806858835    0.807868905
   76.732329288    0.806888739    0.807890690
   76.760675180    0.806936879    0.807912837
   76.789021072    0.806999714    0.807935309
   76.817366963    0.807069180    0.807958002
   76.845712855    0.807135150    0.807980781
   76.874058747    0.807188548    0.808003516
   76.902404639    0.807224184    0.808026122
   76.930750531    0.807242373    0.808048582
   76.959096423    0.807248855    0.808070948
   76.987442315    0.807253018    0.808093319
   77.015788207    0.807264981    0.808115809
   77.044134098    0.807292437    0.808138506
   77.072479990    0.807338254    0.808161439
   77.100825882    0.807399576    0.808184570
   77.129171774    0.807468706    0.808207801
   77.157517666    0.807535508    0.808231001
   77.185863558    0.807590570    0.808254051
   77.214209450    0.807628138    0.808276878
   77.242555341    0.807647918    0.808299478
   77.270901233    0.807655169    0.808321916
   77.299247125    0.807659062    0.808344309
   77.327593017    0.807669822    0.808366788
   77.355938909    0.807695529    0.808389458
   77.384284801    0.807739601    0.808412364
   77.412630693    0.807799721    0.808435477
   77.440976585    0.807868560    0.808458704
   77.469322476    0.807936068    0.808481918
   77.497668368    0.807992606    0.808504993
   77.526014260    0.808031960    0.808527847
   77.554360152    0.808053280    0.808550467
   77.582706044    0.808061348    0.808572914
   77.611051936    0.808065082    0.808595300
   77.639397828    0.808074755    0.808617759
   77.667743720    0.808098786    0.808640402
   77.696089611    0.808141112    0.808663281
   77.724435503    0.808199960    0.808686376
   77.752781395    0.808268396    0.808709600
   77.781127287    0.808336496    0.808732824
   77.809473179    0.808394440    0.808755920
   77.837819071    0.808435576    0.808778800
   77.866164963    0.808458502    0.808801441
   77.894510854    0.808467496    0.808823897
   77.922856746    0.808471187    0.808846279
   77.951202638    0.808479857    0.808868721
   77.979548530    0.808502235    0.808891338
   78.007894422    0.808542772    0.808914191
   78.036240314    0.808600249    0.808937267
   78.064586206    0.808668166    0.808960485
   78.092932098    0.808736761    0.808983718
   78.121277989    0.808796063    0.809006834
   78.149623881    0.808839000    0.809029738
   78.177969773    0.808863608    0.809052400
   78.206315665    0.808873639    0.809074868
   78.234661557    0.808877393    0.809097247
   78.263007449    0.808885130    0.809119672
   78.291353341    0.808905864    0.809142264
   78.319699232    0.808944557    0.809165092
   78.348045124    0.809000569    0.809188149
   78.376391016    0.809067857    0.809211360
   78.404736908    0.809136861    0.809234599
   78.433082800    0.809197487    0.809257733
   78.461428692    0.809242252    0.809280661
   78.489774584    0.809268620    0.809303345
   78.518120476    0.809279790    0.809325825
   78.546466367    0.809283703    0.809348203
   78.574812259    0.809290562    0.809370614
   78.603158151    0.809309653    0.809393182
   78.631504043    0.809346449    0.809415984
   78.659849935    0.809400904    0.809439021
   78.688195827    0.809467466    0.809462223
   78.716541719    0.809536807    0.809485468
   78.744887611    0.809598731    0.809508620
   78.773233502    0.809645353    0.809531571
   78.801579394    0.809673554    0.809554277
   78.829925286    0.809685957    0.809576770
   78.858271178    0.809690111    0.809599148
   78.886617070    0.809696139    0.809621545
   78.914962962    0.809713581    0.809644091
   78.943308854    0.809748426    0.809666866
   78.971654745    0.809801240    0.809689883
   79.000000637    0.809866990    0.809713075
   79.028346529    0.809936608    0.809736324
   79.056692421    0.809999815    0.809759492
   79.085038313    0.810048326    0.809782466
   79.113384205    0.810078429    0.809805194
   79.141730097    0.810092148    0.809827701
   79.170075989    0.810096612    0.809850081
   79.198421880    0.810101841    0.809872466
   79.226767772    0.810117622    0.809894990
   79.255113664    0.810150463    0.809917739
   79.283459556    0.810201563    0.809940734
   79.311805448    0.810266429    0.809963916
   79.340151340    0.810336278    0.809987168
   79.368497232    0.810400764    0.810010351
   79.396843123    0.810451201    0.810033347
   79.425189015    0.810483272    0.810056098
   79.453534907    0.810498376    0.810078620
   79.481880799    0.810503202    0.810101002
   79.510226691    0.810507648    0.810123377
   79.538572583    0.810521743    0.810145878
   79.566918475    0.810552526    0.810168603
   79.595264367    0.810601843    0.810191576
   79.623610258    0.810665771    0.810214746
   79.651956150    0.810735828    0.810237999
   79.680302042    0.810801609    0.810261196
   79.708647934    0.810854023    0.810284215
   79.736993826    0.810888128    0.810306988
   79.765339718    0.810904676    0.810329526
   79.793685610    0.810909891    0.810351911
   79.822031502    0.810913538    0.810374275
   79.850377393    0.810925893    0.810396756
   79.878723285    0.810954541    0.810419455
   79.907069177    0.811002008    0.810442406
   79.935415069    0.811064966    0.810465564
   79.963760961    0.811135252    0.810488819
   79.992106853    0.811202400    0.810512031
   80.020452745    0.811256894    0.810535071
   80.048798636    0.811293127    0.810557866
   80.077144528    0.811311167    0.810580417
   80.105490420    0.811316743    0.810602803
   80.133836312    0.811319485    0.810625154
   80.162182204    0.811329939    0.810647614
   80.190528096    0.811356290    0.810670290
   80.218873988    0.811401808    0.810693227
   80.247219880    0.811463815    0.810716384
   80.275565771    0.811534491    0.810739654
   80.303911663    0.811603285    0.810762889
   80.332257555    0.811660176    0.810785946
   80.360603447    0.811698786    0.810808729
   80.388949339    0.811718371    0.810831216
   80.417295231    0.811724085    0.810853459
   80.445641123    0.811725413    0.810875568
   80.473987014    0.811733270    0.810897669
   80.502332906    0.811756645    0.810919866
   80.530678798    0.811799833    0.810942201
   80.559024690    0.811861089    0.810964640
   80.587370582    0.811933128    0.810987085
   80.615716474    0.812005302    0.811009399
   80.644062366    0.812066776    0.811031450
   80.672408258    0.812109729    0.811053152
   80.700754149    0.812131588    0.811074492
   80.729100041    0.812135631    0.811095534
   80.757445933    0.812129781    0.811116398
   80.785791825    0.812123991    0.811137226
   80.814137717    0.812127066    0.811158134
   80.842483609    0.812143891    0.811179178
   80.870829501    0.812173973    0.811200336
   80.899175393    0.812211706    0.811221516
   80.927521284    0.812248288    0.811242581
   80.955867176    0.812274660    0.811263397
   80.984213068    0.812284531    0.811283868
   81.012558960    0.812276525    0.811303974
   81.040904852    0.812254754    0.811323770
   81.069250744    0.812227645    0.811343374
   81.097596636    0.812205359    0.811362927
   81.125942527    0.812196638    0.811382552
   81.154288419    0.812206055    0.811402311
   81.182634311    0.812232549    0.811422192
   81.210980203    0.812269716    0.811442108
   81.239326095    0.812307778    0.811461924
   81.267671987    0.812336621    0.811481502
   81.296017879    0.812348959    0.811500742
   81.324363771    0.812342625    0.811519614
   81.352709662    0.812321279    0.811538165
   81.381055554    0.812293292    0.811556510
   81.409401446    0.812269145    0.811574789
   81.437747338    0.812258169    0.811593130
   81.466093230    0.812265612    0.811611605
   81.494439122    0.812290989    0.811630207
   81.522785014    0.812328207    0.811648857
   81.551130905    0.812367447    0.811667423
   81.579476797    0.812398224    0.811685764
   81.607822689    0.812412658    0.811703772
   81.636168581    0.812407952    0.811721410
   81.664514473    0.812387283    0.811738718
   81.692860365    0.812358825    0.811755804
   81.721206257    0.812333218    0.811772810
   81.749552149    0.812320241    0.811789868
   81.777898040    0.812325759    0.811807057
   81.806243932    0.812349869    0.811824379
   81.834589824    0.812386860    0.811841762
   81.862935716    0.812426974    0.811859076
   81.891281608    0.812459451    0.811876178
   81.919627500    0.812475886    0.811892955
   81.947973392    0.812472866    0.811909360
   81.976319284    0.812453050    0.811925426
   82.004665175    0.812424358    0.811941255
   82.033011067    0.812397503    0.811956989
   82.061356959    0.812382654    0.811972763
   82.089702851    0.812386253    0.811988664
   82.118048743    0.812408990    0.812004705
   82.146394635    0.812445572    0.812020819
   82.174740527    0.812486366    0.812036879
   82.203086418    0.812520397    0.812052742
   82.231432310    0.812538778    0.812068288
   82.259778202    0.812537493    0.812083461
   82.288124094    0.812518668    0.812098285
   82.316469986    0.812489915    0.812112858
   82.344815878    0.812461971    0.812127320
   82.373161770    0.812445340    0.812141810
   82.401507662    0.812447018    0.812156423
   82.429853553    0.812468287    0.812171180
   82.458199445    0.812504308    0.812186023
   82.486545337    0.812545620    0.812200828
   82.514891229    0.812581087    0.812215450
   82.543237121    0.812601375    0.812229765
   82.571583013    0.812601879    0.812243706
   82.599928905    0.812584169    0.812257290
   82.628274796    0.812555513    0.812270607
   82.656620688    0.812526615    0.812283796
   82.684966580    0.812508278    0.812297001
   82.713312472    0.812508022    0.812310324
   82.741658364    0.812527730    0.812323796
   82.770004256    0.812563047    0.812337365
   82.798350148    0.812604730    0.812350913
   82.826696040    0.812641527    0.812364293
   82.855041931    0.812663695    0.812377375
   82.883387823    0.812666045    0.812390084
   82.911733715    0.812649573    0.812402427
   82.940079607    0.812621162    0.812414489
   82.968425499    0.812591440    0.812426406
   82.996771391    0.812571460    0.812438324
   83.025117283    0.812569252    0.812450355
   83.053463175    0.812587304    0.812462538
   83.081809066    0.812621775    0.812474830
   83.110154958    0.812663686    0.812487118
   83.138500850    0.812701718    0.812499254
   83.166846742    0.812725745    0.812511102
   83.195192634    0.812730002    0.812522578
   83.223538526    0.812714893    0.812533680
   83.251884418    0.812686874    0.812544485
   83.280230309    0.812656448    0.812555127
   83.308576201    0.812634883    0.812565758
   83.336922093    0.812630698    0.812576493
   83.365267985    0.812646994    0.812587384
   83.393613877    0.812680478    0.812598395
   83.421959769    0.812722480    0.812609419
   83.450305661    0.812761656    0.812620307
   83.478651553    0.812787529    0.812630918
   83.506997444    0.812793760    0.812641158
   83.535343336    0.812780139    0.812651017
   83.563689228    0.812752657    0.812660562
   83.592035120    0.812721641    0.812669928
   83.620381012    0.812698542    0.812679266
   83.648726904    0.812692349    0.812688701
   83.677072796    0.812706789    0.812698294
   83.705418687    0.812739146    0.812708018
   83.733764579    0.812781106    0.812717772
   83.762110471    0.812821343    0.812727407
   83.790456363    0.812849053    0.812736776
   83.818802255    0.812857329    0.812745776
   83.847148147    0.812845321    0.812754386
   83.875494039    0.812818514    0.812762668
   83.903839931    0.812787020    0.812770750
   83.932185822    0.812762430    0.812778788
   83.960531714    0.812754196    0.812786915
   83.988877606    0.812766677    0.812795201
   84.017223498    0.812797770    0.812803630
   84.045569390    0.812839560    0.812812106
   84.073915282    0.812880780    0.812820479
   84.102261174    0.812910324    0.812828598
   84.130607066    0.812920715    0.812836351
   84.158952957    0.812910443    0.812843703
   84.187298849    0.812884447    0.812850710
   84.215644741    0.812852578    0.812857496
   84.243990633    0.812826538    0.812864221
   84.272336525    0.812816227    0.812871026
   84.300682417    0.812826648    0.812877992
   84.329028309    0.812856345    0.812885113
   84.357374200    0.812897843    0.812892300
   84.385720092    0.812939971    0.812899404
   84.414065984    0.812971347    0.812906263
   84.442411876    0.812983923    0.812912754
   84.470757768    0.812975505    0.812918830
   84.499103660    0.812950449    0.812924533
   84.527449552    0.812918306    0.812929987
   84.555795444    0.812890854    0.812935358
   84.584141335    0.812878430    0.812940804
   84.612487227    0.812886696    0.812946434
   84.640833119    0.812914869    0.812952271
   84.669179011    0.812955956    0.812958255
   84.697524903    0.812998922    0.812964262
   84.725870795    0.813032126    0.812970148
   84.754216687    0.813046953    0.812975794
   84.782562578    0.813040503    0.812981153
   84.810908470    0.813016512    0.812986258
   84.839254362    0.812984190    0.812991221
   84.867600254    0.812955365    0.812996195
   84.895946146    0.812940795    0.813001327
   84.924292038    0.812946812    0.813006714
   84.952637930    0.812973340    0.813012369
   84.980983822    0.813013902    0.813018219
   85.009329713    0.813057633    0.813024128
