    0.000000000    0.622195671    0.622240407
    0.040944066    0.622221605    0.622248784
    0.081888132    0.622265533    0.622257369
    0.122832198    0.622304859    0.622265882
    0.163776264    0.622319649    0.622274083
    0.204720330    0.622305376    0.622281927
    0.245664396    0.622275983    0.622289593
    0.286608462    0.622255214    0.622297376
    0.327552528    0.622261588    0.622305500
    0.368496594    0.622296542    0.622313977
    0.409440660    0.622343312    0.622322595
    0.450384726    0.622377414    0.622331049
    0.491328792    0.622382160    0.622339135
    0.532272858    0.622359380    0.622346876
    0.573216924    0.622328465    0.622354517
    0.614160990    0.622314205    0.622362367
    0.655105056    0.622331052    0.622370608
    0.696049122    0.622373798    0.622379177
    0.736993188    0.622420676    0.622387799
    0.777937254    0.622447050    0.622396165
    0.818881320    0.622441079    0.622404121
    0.859825386    0.622411398    0.622411772
    0.900769452    0.622381840    0.622419417
    0.941713518    0.622376412    0.622427363
    0.982657584    0.622404009    0.622435730
    1.023601650    0.622452583    0.622444372
    1.064545716    0.622496600    0.622452966
    1.105489783    0.622513159    0.622461215
    1.146433849    0.622496606    0.622469036
    1.187377915    0.622462315    0.622476617
    1.228321981    0.622437115    0.622484301
    1.269266047    0.622442322    0.622492367
    1.310210113    0.622480112    0.622500858
    1.351154179    0.622531935    0.622509547
    1.392098245    0.622570117    0.622518075
    1.433042311    0.622575387    0.622526183
    1.473986377    0.622549230    0.622533873
    1.514930443    0.622513155    0.622541414
    1.555874509    0.622495199    0.622549169
    1.596818575    0.622512147    0.622557374
    1.637762641    0.622558737    0.622565978
    1.678706707    0.622610784    0.622574678
    1.719650773    0.622640391    0.622583103
    1.760594839    0.622633664    0.622591053
    1.801538905    0.622599695    0.622598626
    1.842482971    0.622565003    0.622606159
    1.883427037    0.622556828    0.622614020
    1.924371103    0.622585804    0.622622371
    1.965315169    0.622639029    0.622631065
    2.006259235    0.622688045    0.622639735
    2.047203301    0.622706795    0.622648021
    2.088147367    0.622688223    0.622655804
    2.129091433    0.622648948    0.622663281
    2.170035499    0.622618923    0.622670845
    2.210979565    0.622622504    0.622678837
    2.251923631    0.622662908    0.622687332
    2.292867697    0.622719957    0.622696083
    2.333811763    0.622762692    0.622704675
    2.374755829    0.622768960    0.622712791
    2.415699895    0.622739588    0.622720407
    2.456643961    0.622698076    0.622727816
    2.497588027    0.622675873    0.622735447
    2.538532093    0.622692448    0.622743590
    2.579476159    0.622742797    0.622752212
    2.620420225    0.622800392    0.622760973
    2.661364291    0.622833842    0.622769441
    2.702308357    0.622826810    0.622777358
    2.743252423    0.622788539    0.622784815
    2.784196489    0.622748223    0.622792191
    2.825140555    0.622736637    0.622799922
    2.866084621    0.622766581    0.622808219
    2.907028687    0.622824579    0.622816936
    2.947972753    0.622879190    0.622825654
    2.988916819    0.622900827    0.622833944
    3.029860885    0.622880580    0.622841643
    3.070804951    0.622836074    0.622848954
    3.111749017    0.622800524    0.622856330
    3.152693083    0.622801769    0.622864183
    3.193637149    0.622844527    0.622872623
    3.234581215    0.622907181    0.622881386
    3.275525281    0.622955260    0.622889994
    3.316469348    0.622963225    0.622898056
    3.357413414    0.622930783    0.622905518
    3.398357480    0.622883314    0.622912701
    3.439301546    0.622855991    0.622920104
    3.480245612    0.622871522    0.622928084
    3.521189678    0.622925608    0.622936633
    3.562133744    0.622989409    0.622945374
    3.603077810    0.623027634    0.622953794
    3.644021876    0.623020900    0.622961572
    3.684965942    0.622978197    0.622968780
    3.725910008    0.622931453    0.622975847
    3.766854074    0.622915473    0.622983288
    3.807798140    0.622945858    0.622991378
    3.848742206    0.623008908    0.622999974
    3.889686272    0.623070040    0.623008599
    3.930630338    0.623095548    0.623016737
    3.971574404    0.623074023    0.623024166
    4.012518470    0.623023816    0.623031095
    4.053462536    0.622981676    0.623038042
    4.094406602    0.622979589    0.623045506
    4.135350668    0.623024423    0.623053651
    4.176294734    0.623093311    0.623062192
    4.217238800    0.623147883    0.623070573
    4.258182866    0.623158475    0.623078311
    4.299126932    0.623123055    0.623085306
    4.340070998    0.623068788    0.623091907
    4.381015064    0.623035080    0.623098698
    4.421959130    0.623048679    0.623106126
    4.462903196    0.623106564    0.623114216
    4.503847262    0.623177563    0.623122546
    4.544791328    0.623221854    0.623130506
    4.585735394    0.623216169    0.623137681
    4.626679460    0.623168727    0.623144118
    4.667623526    0.623114345    0.623150297
    4.708567592    0.623092604    0.623156835
    4.749511658    0.623122771    0.623164092
    4.790455724    0.623191355    0.623171935
    4.831399790    0.623260334    0.623179813
    4.872343856    0.623291033    0.623187097
    4.913287922    0.623268669    0.623193474
    4.954231988    0.623211988    0.623199150
    4.995176054    0.623161720    0.623204725
    5.036120120    0.623154954    0.623210811
    5.077064186    0.623201557    0.623217644
    5.118008252    0.623277621    0.623224919
    5.158952318    0.623340276    0.623231974
    5.199896384    0.623354695    0.623238196
    5.240840450    0.623316288    0.623243410
    5.281784516    0.623253946    0.623247989
    5.322728582    0.623212066    0.623252624
    5.363672648    0.623222543    0.623257884
    5.404616714    0.623284386    0.623263843
    5.445560780    0.623363985    0.623270021
    5.486504846    0.623416078    0.623275668
    5.527448913    0.623412350    0.623280228
    5.568392979    0.623359594    0.623283689
    5.609337045    0.623295793    0.623286591
    5.650281111    0.623266370    0.623289685
    5.691225177    0.623295440    0.623293448
    5.732169243    0.623370262    0.623297765
    5.773113309    0.623448902    0.623301976
    5.814057375    0.623486507    0.623305274
    5.855001441    0.623463739    0.623307201
    5.895945507    0.623399344    0.623307932
    5.936889573    0.623338705    0.623308161
    5.977833639    0.623325347    0.623308657
    6.018777705    0.623373298    0.623309757
    6.059721771    0.623457827    0.623311125
    6.100665837    0.623530679    0.623311929
    6.141609903    0.623550414    0.623311339
    6.182553969    0.623508790    0.623309031
    6.223498035    0.623436396    0.623305381
    6.264442101    0.623383718    0.623301217
    6.305386167    0.623389337    0.623297276
    6.346330233    0.623455296    0.623293700
    6.387274299    0.623545350    0.623289904
    6.428218365    0.623607484    0.623284892
    6.469162431    0.623606728    0.623277843
    6.510106497    0.623547566    0.623268602
    6.551050563    0.623471593    0.623257752
    6.591994629    0.623431591    0.623246221
    6.632938695    0.623458169    0.623234653
    6.673882761    0.623540049    0.623222937
    6.714826827    0.623630675    0.623210204
    6.755770893    0.623677294    0.623195295
    6.796714959    0.623654360    0.623177432
    6.837659025    0.623580102    0.623156653
    6.878603091    0.623505547    0.623133746
    6.919547157    0.623482563    0.623109694
    6.960491223    0.623530952    0.623084970
    7.001435289    0.623625435    0.623059133
    7.042379355    0.623711082    0.623030980
    7.083323421    0.623737761    0.622999180
    7.124267487    0.623692029    0.622963014
    7.165211553    0.623606175    0.622922733
    7.206155619    0.623538363    0.622879317
    7.247099685    0.623536078    0.622833745
    7.288043751    0.623605820    0.622786221
    7.328987817    0.623708389    0.622735860
    7.369931883    0.623783098    0.622681032
    7.410875949    0.623785989    0.622620186
    7.451820015    0.623717977    0.622552657
    7.492764081    0.623624929    0.622478930
    7.533708147    0.623569208    0.622400171
    7.574652213    0.623590322    0.622317289
    7.615596279    0.623679485    0.622230077
    7.656540345    0.623784457    0.622136999
    7.697484411    0.623842038    0.622035788
    7.738428478    0.623818023    0.621924522
    7.779372544    0.623729363    0.621802550
    7.820316610    0.623634195    0.621670653
    7.861260676    0.623595569    0.621530284
    7.902204742    0.623641474    0.621382284
    7.943148808    0.623746495    0.621225808
    7.984092874    0.623847079    0.621058162
    8.025036940    0.623881262    0.620875738
    8.065981006    0.623828037    0.620675626
    8.106925072    0.623721361    0.620457049
    8.147869138    0.623629490    0.620221803
    8.188813204    0.623612187    0.619973359
    8.229757270    0.623682605    0.619714977
    8.270701336    0.623798114    0.619447690
    8.311645402    0.623886408    0.619169079
    8.352589468    0.623890896    0.618873357
    8.393533534    0.623806910    0.618552656
    8.434477600    0.623685564    0.618198856
    8.475421666    0.623602256    0.617805165
    8.516365732    0.623609172    0.617366912
    8.557309798    0.623701687    0.616881477
    8.598253864    0.623820233    0.616347760
    8.639197930    0.623887106    0.615765639
    8.680141996    0.623855471    0.615135749
    8.721086062    0.623739670    0.614459548
    8.762030128    0.623607233    0.613739381
    8.802974194    0.623536942    0.612978322
    8.843918260    0.623568940    0.612179727
    8.884862326    0.623678418    0.611346770
    8.925806392    0.623790054    0.610482272
    8.966750458    0.623824837    0.609589003
    9.007694524    0.623750160    0.608670279
    9.048638590    0.623601433    0.607730395
    9.089582656    0.623460909    0.606774452
    9.130526722    0.623406297    0.605807401
    9.171470788    0.623461189    0.604832610
    9.212414854    0.623578842    0.603850602
    9.253358920    0.623670310    0.602858608
    9.294302986    0.623660006    0.601851193
    9.335247052    0.623533973    0.600821671
    9.376191118    0.623350023    0.599763566
    9.417135184    0.623202477    0.598671379
    9.458079250    0.623162889    0.597540283
    9.499023316    0.623233889    0.596364996
    9.539967382    0.623345788    0.595138534
    9.580911448    0.623399074    0.593851656
    9.621855514    0.623326869    0.592493393
    9.662799580    0.623138112    0.591052496
    9.703743646    0.622913557    0.589519119
    9.744687712    0.622755981    0.587886003
    9.785631778    0.622725145    0.586148757
    9.826575844    0.622798461    0.584305415
    9.867519910    0.622883031    0.582355855
    9.908463976    0.622872712    0.580301706
    9.949408043    0.622715085    0.578146940
    9.990352109    0.622446003    0.575898793
   10.031296175    0.622168891    0.573568269
   10.072240241    0.621990451    0.571169580
   10.113184307    0.621952482    0.568718415
   10.154128373    0.622003046    0.566229654
   10.195072439    0.622026453    0.563715559
   10.236016505    0.621914668    0.561185407
   10.276960571    0.621635936    0.558646863
   10.317904637    0.621256892    0.556108497
   10.358848703    0.620902667    0.553582233
   10.399792769    0.620678475    0.551084477
   10.440736835    0.620601336    0.548635273
   10.481680901    0.620585714    0.546255848
   10.522624967    0.620493937    0.543965642
   10.563569033    0.620221490    0.541780210
   10.604513099    0.619764069    0.539710844
   10.645457165    0.619223109    0.537765862
   10.686401231    0.618744082    0.535952646
   10.727345297    0.618424409    0.534279095
   10.768289363    0.618248445    0.532753555
   10.809233429    0.618091933    0.531383091
   10.850177495    0.617795764    0.530170915
   10.891121561    0.617264865    0.529114243
   10.932065627    0.616530287    0.528203705
   10.973009693    0.615733478    0.527424655
   11.013953759    0.615039373    0.526759833
   11.054897825    0.614530466    0.526192221
   11.095841891    0.614148346    0.525706944
   11.136785957    0.613722111    0.525291653
   11.177730023    0.613069758    0.524935669
   11.218674089    0.612111751    0.524628768
   11.259618155    0.610925197    0.524360621
   11.300562221    0.609701040    0.524121424
   11.341506287    0.608626024    0.523903512
   11.382450353    0.607759979    0.523703116
   11.423394419    0.606985917    0.523521289
   11.464338485    0.606069133    0.523363381
   11.505282551    0.604795057    0.523237200
   11.546226617    0.603104197    0.523150627
   11.587170683    0.601138830    0.523109737
   11.628114749    0.599165333    0.523118148
   11.669058815    0.597410765    0.523177680
   11.710002881    0.595908415    0.523289673
   11.750946947    0.594448966    0.523456000
   11.791891013    0.592677479    0.523678993
   11.832835079    0.590291844    0.523960143
   11.873779145    0.587234474    0.524298157
   11.914723211    0.583764390    0.524687351
   11.955667277    0.580357018    0.525117242
   11.996611343    0.577472134    0.525573592
   12.037555409    0.575304776    0.526040369
   12.078499475    0.573647447    0.526501623
   12.119443542    0.571936448    0.526942281
   12.160387608    0.569460899    0.527347532
   12.201331674    0.565631833    0.527701263
   12.242275740    0.560183941    0.527984662
   12.283219806    0.553225136    0.528176146
   12.324163872    0.545132290    0.528253131
   12.365107938    0.536367387    0.528195221
   12.406052004    0.527316269    0.527987553
   12.446996070    0.518221458    0.527622824
   12.487940136    0.509214938    0.527101073
   12.528884202    0.500398387    0.526427349
   12.569828268    0.491901128    0.525608418
   12.610772334    0.483876019    0.524650153
   12.651716400    0.476446399    0.523556858
   12.692660466    0.469655667    0.522332735
   12.733604532    0.463469004    0.520984530
   12.774548598    0.457836191    0.519523699
   12.815492664    0.452774118    0.517966641
   12.856436730    0.448403375    0.516332529
   12.897380796    0.444895141    0.514639573
   12.938324862    0.442341349    0.512901452
   12.979268928    0.440617681    0.511125631
   13.020212994    0.439326820    0.509314389
   13.061157060    0.437872836    0.507467994
   13.102101126    0.435644278    0.505588298
   13.143045192    0.432216351    0.503680817
   13.183989258    0.427463434    0.501754067
   13.224933324    0.421517392    0.499816361
   13.265877390    0.414592054    0.497871605
   13.306821456    0.406771426    0.495916155
   13.347765522    0.397882742    0.493938349
   13.388709588    0.387529556    0.491920981
   13.429653654    0.375269936    0.489845569
   13.470597720    0.360842347    0.487696448
   13.511541786    0.344315586    0.485462890
   13.552485852    0.326084841    0.483138562
   13.593429918    0.306726678    0.480718997
   13.634373984    0.286807171    0.478198767
   13.675318050    0.266760286    0.475570087
   13.716262116    0.246903747    0.472823764
   13.757206182    0.227567152    0.469952102
   13.798150248    0.209229315    0.466952329
   13.839094314    0.192548656    0.463828792
   13.880038380    0.178233617    0.460592743
   13.920982446    0.166804214    0.457259706
   13.961926512    0.158378047    0.453845452
   14.002870578    0.152621016    0.450362223
   14.043814644    0.148923767    0.446816571
   14.084758710    0.146739745    0.443209384
   14.125702776    0.145920420    0.439537713
   14.166646842    0.146868063    0.435797331
   14.207590908    0.150411295    0.431984919
   14.248534974    0.157451395    0.428099152
   14.289479040    0.168551260    0.424140634
   14.330423107    0.183674441    0.420111140
   14.371367173    0.202206375    0.416012815
   14.412311239    0.223242128    0.411847808
   14.453255305    0.245983968    0.407618466
   14.494199371    0.270034668    0.403327874
   14.535143437    0.295430468    0.398980407
   14.576087503    0.322399992    0.394581983
   14.617031569    0.350984978    0.390139939
   14.657975635    0.380734293    0.385662590
   14.698919701    0.410643869    0.381158704
   14.739863767    0.439383904    0.376637075
   14.780807833    0.465702538    0.372106338
   14.821751899    0.488804448    0.367575074
   14.862695965    0.508520826    0.363052094
   14.903640031    0.525201669    0.358546784
   14.944584097    0.539408396    0.354069291
   14.985528163    0.551584251    0.349630413
   15.026472229    0.561880033    0.345241148
   15.067416295    0.570216614    0.340912022
   15.108360361    0.576529173    0.336652467
   15.149304427    0.581036951    0.332470527
   15.190248493    0.584370958    0.328373059
   15.231192559    0.587474303    0.324366329
   15.272136625    0.591318071    0.320456654
   15.313080691    0.596578368    0.316650661
   15.354024757    0.603441482    0.312954897
   15.394968823    0.611633815    0.309374876
   15.435912889    0.620651464    0.305914032
   15.476856955    0.630058356    0.302573233
   15.517801021    0.639689146    0.299351264
   15.558745087    0.649650175    0.296246223
   15.599689153    0.660125983    0.293257193
   15.640633219    0.671107186    0.290385265
   15.681577285    0.682198744    0.287633199
   15.722521351    0.692622894    0.285003654
   15.763465417    0.701423288    0.282496722
   15.804409483    0.707765281    0.280108022
   15.845353549    0.711173025    0.277828527
   15.886297615    0.711577013    0.275646567
   15.927241681    0.709148981    0.273551425
   15.968185747    0.704019189    0.271537112
   16.009129813    0.696039938    0.269604713
   16.050073879    0.684740056    0.267762270
   16.091017945    0.669515753    0.266022272
   16.131962011    0.649974622    0.264397850
   16.172906077    0.626259600    0.262899294
   16.213850143    0.599177817    0.261532220
   16.254794209    0.570049843    0.260297788
   16.295738275    0.540333808    0.259194359
   16.336682341    0.511195364    0.258219344
   16.377626407    0.483227079    0.257370084
   16.418570473    0.456450000    0.256643299
   16.459514539    0.430589292    0.256033586
   16.500458605    0.405475918    0.255532010
   16.541402672    0.381359706    0.255125875
   16.582346738    0.358962481    0.254800127
   16.623290804    0.339233621    0.254539993
   16.664234870    0.322927466    0.254333832
   16.705178936    0.310221164    0.254175053
   16.746123002    0.300579182    0.254062394
   16.787067068    0.292949745    0.253998616
   16.828011134    0.286208450    0.253988270
   16.868955200    0.279632265    0.254035493
   16.909899266    0.273163139    0.254142580
   16.950843332    0.267320402    0.254309631
   16.991787398    0.262797094    0.254535096
   17.032731464    0.259938628    0.254816799
   17.073675530    0.258368207    0.255152983
   17.114619596    0.256956006    0.255543118
   17.155563662    0.254160143    0.255988323
   17.196507728    0.248581633    0.256491387
   17.237451794    0.239467575    0.257056355
   17.278395860    0.226922424    0.257687706
   17.319339926    0.211733923    0.258389241
   17.360283992    0.194913384    0.259162960
   17.401228058    0.177190817    0.260008293
   17.442172124    0.158722320    0.260921937
   17.483116190    0.139152392    0.261898318
   17.524060256    0.117987578    0.262930351
   17.565004322    0.095076212    0.264009998
   17.605948388    0.070934591    0.265128247
   17.646892454    0.046738868    0.266274475
   17.687836520    0.023972051    0.267435622
   17.728780586    0.003888677    0.268595800
   17.769724652   -0.012951304    0.269736829
   17.810668718   -0.026865248    0.270839697
   17.851612784   -0.038873328    0.271886349
   17.892556850   -0.050262529    0.272860997
   17.933500916   -0.062098409    0.273750259
   17.974444982   -0.074899431    0.274542132
   18.015389048   -0.088591427    0.275224468
   18.056333114   -0.102715955    0.275784004
   18.097277180   -0.116751196    0.276206742
   18.138221246   -0.130371704    0.276479739
   18.179165312   -0.143531041    0.276593475
   18.220109378   -0.156359609    0.276543492
   18.261053444   -0.168967502    0.276330290
   18.301997510   -0.181279677    0.275957331
   18.342941576   -0.192995586    0.275428157
   18.383885642   -0.203684927    0.274744224
   18.424829708   -0.212953729    0.273904906
   18.465773774   -0.220582181    0.272910036
   18.506717840   -0.226560567    0.271764035
   18.547661906   -0.231012747    0.270479696
   18.588605972   -0.234059485    0.269079711
   18.629550038   -0.235702201    0.267595015
   18.670494104   -0.235789465    0.266060533
   18.711438170   -0.234078095    0.264510192
   18.752382237   -0.230348706    0.262973303
   18.793326303   -0.224509958    0.261473661
   18.834270369   -0.216637676    0.260031186
   18.875214435   -0.206934119    0.258664560
   18.916158501   -0.195635551    0.257392831
   18.957102567   -0.182920140    0.256234561
   18.998046633   -0.168863086    0.255204573
   19.038990699   -0.153457709    0.254309782
   19.079934765   -0.136686813    0.253546275
   19.120878831   -0.118605385    0.252899315
   19.161822897   -0.099392902    0.252346531
   19.202766963   -0.079349882    0.251862998
   19.243711029   -0.058839059    0.251426017
   19.284655095   -0.038195262    0.251017684
   19.325599161   -0.017640975    0.250624566
   19.366543227    0.002756798    0.250235386
   19.407487293    0.023067117    0.249838628
   19.448431359    0.043414892    0.249421901
   19.489375425    0.063866484    0.248973805
   19.530319491    0.084326099    0.248487530
   19.571263557    0.104491489    0.247964315
   19.612207623    0.123900936    0.247414850
   19.653151689    0.142069254    0.246857714
   19.694095755    0.158669761    0.246315467
   19.735039821    0.173690053    0.245810235
   19.775983887    0.187488685    0.245360871
   19.816927953    0.200713682    0.244982871
   19.857872019    0.214101620    0.244690722
   19.898816085    0.228232684    0.244500992
   19.939760151    0.243343867    0.244434031
   19.980704217    0.259282261    0.244512876
   20.021648283    0.275618176    0.244759419
   20.062592349    0.291861846    0.245189404
   20.103536415    0.307675429    0.245808487
   20.144480481    0.322972975    0.246611111
   20.185424547    0.337857833    0.247582550
   20.226368613    0.352433421    0.248702918
   20.267312679    0.366595182    0.249951043
   20.308256745    0.379929886    0.251306295
   20.349200811    0.391799825    0.252747759
   20.390144877    0.401595533    0.254251667
   20.431088943    0.409047856    0.255789098
   20.472033009    0.414446928    0.257325906
   20.512977075    0.418646947    0.258825677
   20.553921141    0.422829395    0.260254909
   20.594865207    0.428109466    0.261588253
   20.635809273    0.435146565    0.262811511
   20.676753339    0.443922422    0.263921010
   20.717697405    0.453777901    0.264919764
   20.758641471    0.463686448    0.265812359
   20.799585537    0.472641606    0.266601128
   20.840529603    0.479994005    0.267285493
   20.881473669    0.485605962    0.267864687
   20.922417735    0.489780277    0.268342331
   20.963361802    0.493019861    0.268730359
   21.004305868    0.495740664    0.269050082
   21.045249934    0.498065501    0.269329657
   21.086194000    0.499774910    0.269598982
   21.127138066    0.500412651    0.269884367
   21.168082132    0.499476646    0.270205323
   21.209026198    0.496599810    0.270574692
   21.249970264    0.491645766    0.271001570
   21.290914330    0.484695816    0.271495025
   21.331858396    0.475957336    0.272066255
   21.372802462    0.465654335    0.272727713
   21.413746528    0.453957007    0.273489396
   21.454690594    0.440975477    0.274354051
   21.495634660    0.426802909    0.275313738
   21.536578726    0.411566318    0.276349578
   21.577522792    0.395442685    0.277435033
   21.618466858    0.378622403    0.278541397
   21.659410924    0.361237860    0.279643249
   21.700354990    0.343302567    0.280721798
   21.741299056    0.324709921    0.281765260
   21.782243122    0.305316078    0.282766907
   21.823187188    0.285088284    0.283722467
   21.864131254    0.264258709    0.284628605
   21.905075320    0.243406036    0.285483298
   21.946019386    0.223405968    0.286287646
   21.986963452    0.205243763    0.287047661
   22.027907518    0.189746591    0.287774505
   22.068851584    0.177340807    0.288482446
   22.109795650    0.167943454    0.289185031
   22.150739716    0.161050143    0.289890998
   22.191683782    0.155998941    0.290601663
   22.232627848    0.152307610    0.291310838
   22.273571914    0.149939343    0.292007174
   22.314515980    0.149374533    0.292677719
   22.355460046    0.151448109    0.293311059
   22.396404112    0.157018515    0.293898793
   22.437348178    0.166615202    0.294435059
   22.478292244    0.180225304    0.294914818
   22.519236310    0.197316544    0.295332110
   22.560180376    0.217080416    0.295679335
   22.601124442    0.238771804    0.295947905
   22.642068508    0.261973103    0.296129824
   22.683012574    0.286648877    0.296219262
   22.723956640    0.312964148    0.296213296
   22.764900706    0.340962279    0.296111515
   22.805844772    0.370273973    0.295914817
   22.846788838    0.400016799    0.295624155
   22.887732904    0.428949686    0.295239932
   22.928676970    0.455816877    0.294762332
   22.969621036    0.479718499    0.294192351
   23.010565102    0.500331209    0.293532942
   23.051509168    0.517880001    0.292789651
   23.092453234    0.532890430    0.291970437
   23.133397301    0.545861658    0.291084783
   23.174341367    0.557035808    0.290142502
   23.215285433    0.566380189    0.289152741
   23.256229499    0.573778238    0.288123527
   23.297173565    0.579308370    0.287061918
   23.338117631    0.583440630    0.285974583
   23.379061697    0.587025916    0.284868517
   23.420005763    0.591066862    0.283751575
   23.460949829    0.596380569    0.282632646
   23.501893895    0.603324919    0.281521349
   23.542837961    0.611728280    0.280427315
   23.583782027    0.621054548    0.279359190
   23.624726093    0.630710602    0.278323602
   23.665670159    0.640329642    0.277324388
   23.706614225    0.649881551    0.276362318
   23.747558291    0.659559793    0.275435400
   23.788502357    0.669518812    0.274539654
   23.829446423    0.679617366    0.273670007
   23.870390489    0.689316952    0.272820975
   23.911334555    0.697794781    0.271986941
   23.952278621    0.704208265    0.271162112
   23.993222687    0.707962042    0.270340565
   24.034166753    0.708827873    0.269516802
   24.075110819    0.706853282    0.268687019
   24.116054885    0.702118762    0.267850848
   24.156998951    0.694495284    0.267012888
   24.197943017    0.683560266    0.266183154
   24.238887083    0.668744648    0.265375902
   24.279831149    0.649651832    0.264606853
   24.320775215    0.626383807    0.263889608
   24.361719281    0.599691419    0.263232451
   24.402663347    0.570848254    0.262636693
   24.443607413    0.541289628    0.262097066
   24.484551479    0.512184092    0.261603896
   24.525495545    0.484145720    0.261146043
   24.566439611    0.457226590    0.260713426
   24.607383677    0.431184453    0.260298312
   24.648327743    0.405876396    0.259895273
   24.689271809    0.381562399    0.259500401
   24.730215875    0.358950186    0.259110682
   24.771159941    0.338950922    0.258724177
   24.812104007    0.322271563    0.258341078
   24.853048073    0.309060702    0.257965042
   24.893992139    0.298801065    0.257603919
   24.934936205    0.290514451    0.257269228
   24.975880271    0.283180394    0.256974312
   25.016824337    0.276155205    0.256731806
   25.057768403    0.269374782    0.256551445
   25.098712469    0.263235649    0.256439082
   25.139656535    0.258216646    0.256397259
   25.180600601    0.254440473    0.256426926
   25.221544667    0.251407787    0.256529386
   25.262488733    0.248048659    0.256707492
   25.303432799    0.243072477    0.256965533
   25.344376866    0.235443291    0.257307897
   25.385320932    0.224743539    0.257737216
   25.426264998    0.211248180    0.258252878
   25.467209064    0.195682169    0.258850647
   25.508153130    0.178797678    0.259523544
   25.549097196    0.160998181    0.260263571
   25.590041262    0.142207654    0.261063487
   25.630985328    0.122050606    0.261917822
   25.671929394    0.100242226    0.262822683
   25.712873460    0.076974543    0.263774411
   25.753817526    0.053082639    0.264767660
   25.794761592    0.029885095    0.265793695
   25.835705658    0.008757541    0.266839598
   25.876649724   -0.009366783    0.267888711
   25.917593790   -0.024337993    0.268922141
   25.958537856   -0.036817266    0.269920746
   25.999481922   -0.047986187    0.270866857
   26.040425988   -0.059079123    0.271745179
   26.081370054   -0.070951703    0.272542676
   26.122314120   -0.083864647    0.273247742
   26.163258186   -0.097546166    0.273849254
   26.204202252   -0.111460697    0.274336125
   26.245146318   -0.125124844    0.274697671
   26.286090384   -0.138311384    0.274924625
   26.327034450   -0.151060770    0.275010241
   26.367978516   -0.163529010    0.274950815
   26.408922582   -0.175782208    0.274745231
   26.449866648   -0.187662278    0.274393700
   26.490810714   -0.198794828    0.273896366
   26.531754780   -0.208724133    0.273252695
   26.572698846   -0.217090553    0.272462294
   26.613642912   -0.223748783    0.271527099
   26.654586978   -0.228765586    0.270454175
   26.695531044   -0.232306544    0.269257875
   26.736475110   -0.234482000    0.267960269
   26.777419176   -0.235240242    0.266589473
   26.818363242   -0.234364660    0.265176405
   26.859307308   -0.231571340    0.263751274
   26.900251374   -0.226649092    0.262341108
   26.941195440   -0.219564244    0.260969120
   26.982139506   -0.210475861    0.259655626
   27.023083572   -0.199658111    0.258419468
   27.064027638   -0.187376185    0.257278544
   27.104971704   -0.173784274    0.256248648
   27.145915770   -0.158898786    0.255340783
   27.186859836   -0.142657660    0.254558123
   27.227803902   -0.125030847    0.253894198
   27.268747968   -0.106121474    0.253333436
   27.309692034   -0.086203431    0.252854123
   27.350636100   -0.065674155    0.252432716
   27.391580166   -0.044943664    0.252047791
   27.432524232   -0.024311690    0.251682193
   27.473468298   -0.003890612    0.251322920
   27.514412364    0.016388739    0.250959464
   27.555356431    0.036688015    0.250582104
   27.596300497    0.057125384    0.250181521
   27.637244563    0.077650681    0.249750247
   27.678188629    0.097987918    0.249285292
   27.719132695    0.117676782    0.248790485
   27.760076761    0.136206259    0.248277124
   27.801020827    0.153195246    0.247762384
   27.841964893    0.168551720    0.247266119
   27.882908959    0.182544184    0.246807597
   27.923853025    0.195748427    0.246403709
   27.964797091    0.208880158    0.246069400
   28.005741157    0.222571694    0.245819760
   28.046685223    0.237178125    0.245672267
   28.087629289    0.252690487    0.245647479
   28.128573355    0.268790542    0.245767281
   28.169517421    0.285019895    0.246051088
   28.210461487    0.300983248    0.246511552
   28.251405553    0.316487915    0.247151652
   28.292349619    0.331551197    0.247964373
   28.333293685    0.346273057    0.248934938
   28.374237751    0.360643209    0.250044252
   28.415181817    0.374392928    0.251271801
   28.456125883    0.386988449    0.252596648
   28.497069949    0.397796944    0.253996452
   28.538014015    0.406367123    0.255445604
   28.578958081    0.412698404    0.256914206
   28.619902147    0.417361897    0.258369209
   28.660846213    0.421393181    0.259777811
   28.701790279    0.425977553    0.261111953
   28.742734345    0.432046355    0.262351979
   28.783678411    0.439950387    0.263487857
   28.824622477    0.449348613    0.264517487
   28.865566543    0.459358647    0.265443079
   28.906510609    0.468902007    0.266267484
   28.947454675    0.477094836    0.266992364
   28.988398741    0.483521328    0.267619003
   29.029342807    0.488286805    0.268151169
   29.070286873    0.491849905    0.268598309
   29.111230939    0.494729330    0.268977157
   29.152175005    0.497226240    0.269310698
   29.193119071    0.499281327    0.269624765
   29.234063137    0.500511686    0.269943811
   29.275007203    0.500386105    0.270287762
   29.315951269    0.498440240    0.270671254
   29.356895335    0.494429330    0.271105263
   29.397839401    0.488361278    0.271599852
   29.438783467    0.480419451    0.272166178
   29.479727533    0.470836707    0.272816323
   29.520671599    0.459795494    0.273560684
   29.561615665    0.447401084    0.274404015
   29.602559731    0.433725319    0.275342027
   29.643503797    0.418875798    0.276360239
   29.684447863    0.403033295    0.277435838
   29.725391929    0.386423523    0.278541864
   29.766335996    0.369233883    0.279652118
   29.807280062    0.351525812    0.280744965
   29.848224128    0.333205604    0.281804929
   29.889168194    0.314092482    0.282822116
   29.930112260    0.294072863    0.283790511
   29.971056326    0.273278809    0.284706526
   30.012000392    0.252203514    0.285568717
   30.052944458    0.231682765    0.286378687
   30.093888524    0.212725213    0.287142271
   30.134832590    0.196243255    0.287869821
   30.175776656    0.182788892    0.288574776
   30.216720722    0.172408557    0.289270623
   30.257664788    0.164688987    0.289967265
   30.298608854    0.158987663    0.290668214
   30.339552920    0.154759382    0.291369765
   30.380496986    0.151842543    0.292062419
   30.421441052    0.150579489    0.292733846
   30.462385118    0.151713556    0.293372064
   30.503329184    0.156103387    0.293967528
   30.544273250    0.164378433    0.294513490
   30.585217316    0.176688508    0.295004847
   30.626161382    0.192658461    0.295436419
   30.667105448    0.211563620    0.295801713
   30.708049514    0.232636601    0.296092866
   30.748993580    0.255352505    0.296301730
   30.789937646    0.279550101    0.296421453
   30.830881712    0.305328544    0.296447704
   30.871825778    0.332773386    0.296378931
   30.912769844    0.361655186    0.296215603
   30.953713910    0.391262493    0.295958952
   30.994657976    0.420466884    0.295609936
   31.035602042    0.448001906    0.295168984
   31.076546108    0.472828885    0.294636650
   31.117490174    0.494417118    0.294014774
   31.158434240    0.512808678    0.293307536
   31.199378306    0.528447704    0.292521818
   31.240322372    0.541873646    0.291666688
   31.281266438    0.553444498    0.290752222
   31.322210504    0.563233906    0.289788198
   31.363154570    0.571146970    0.288783193
   31.404098636    0.577176893    0.287744419
   31.445042702    0.581645080    0.286678258
   31.485986768    0.585274667    0.285591181
   31.526930834    0.589038557    0.284490588
   31.567874900    0.593848180    0.283385197
   31.608818966    0.600239838    0.282284793
   31.649763032    0.608220846    0.281199422
   31.690707098    0.617354018    0.280138280
   31.731651164    0.627031499    0.279108636
   31.772595230    0.636787888    0.278115083
   31.813539296    0.646483825    0.277159284
   31.854483362    0.656265601    0.276240218
   31.895427428    0.666332611    0.275354759
   31.936371494    0.676652158    0.274498360
   31.977315561    0.686789843    0.273665605
   32.018259627    0.695957086    0.272850533
   32.059203693    0.703252782    0.272046802
   32.100147759    0.707964181    0.271247949
   32.141091825    0.709757112    0.270448007
   32.182035891    0.708648818    0.269642624
   32.222979957    0.704783260    0.268830522
   32.263924023    0.698147174    0.268014848
   32.304868089    0.688406520    0.267203773
   32.345812155    0.674980802    0.266409834
   32.386756221    0.657338900    0.265647898
   32.427700287    0.635368170    0.264932162
   32.468644353    0.609613935    0.264273068
   32.509588419    0.581243105    0.263675102
   32.550532485    0.551726541    0.263136185
   32.591476551    0.522384971    0.262648789
   32.632420617    0.494020483    0.262202219
   32.673364683    0.466815487    0.261785181
   32.714308749    0.440542472    0.261387754
   32.755252815    0.414964005    0.261002298
   32.796196881    0.390201328    0.260623445
   32.837140947    0.366867013    0.260247724
   32.878085013    0.345884605    0.259873430
   32.919029079    0.328088110    0.259501074
   32.959973145    0.313815489    0.259134173
   33.000917211    0.302717080    0.258779841
   33.041861277    0.293887791    0.258448527
   33.082805343    0.286260285    0.258152678
   33.123749409    0.279057024    0.257904613
   33.164693475    0.272066467    0.257714401
   33.205637541    0.265600777    0.257588612
   33.246581607    0.260160226    0.257530440
   33.287525673    0.255984233    0.257541096
   33.328469739    0.252728766    0.257621732
   33.369413805    0.249443572    0.257774921
   33.410357871    0.244865937    0.258004940
   33.451301937    0.237883419    0.258316704
   33.492246003    0.227932338    0.258713862
   33.533190069    0.215135514    0.259197002
   33.574134135    0.200121012    0.259762834
   33.615078201    0.183629640    0.260404776
   33.656022267    0.166125602    0.261114662
   33.696966333    0.147617309    0.261884782
   33.737910399    0.127779577    0.262709303
   33.778854465    0.106306271    0.263584404
   33.819798531    0.083298806    0.264507067
   33.860742597    0.059474304    0.265473053
   33.901686663    0.036067463    0.266474937
   33.942630729    0.014454626    0.267501016
   33.983574795   -0.004332005    0.268535522
   34.024518861   -0.019977144    0.269560001
   34.065462927   -0.032973952    0.270555274
   34.106406993   -0.044399967    0.271503238
   34.147351060   -0.055487791    0.272387914
   34.188295126   -0.067186102    0.273195559
   34.229239192   -0.079894943    0.273914085
   34.270183258   -0.093462993    0.274532305
   34.311127324   -0.107406441    0.275039516
   34.352071390   -0.121213369    0.275425699
   34.393015456   -0.134577292    0.275682189
   34.433959522   -0.147460975    0.275802433
   34.474903588   -0.159990262    0.275782313
   34.515847654   -0.172264033    0.275619787
   34.556791720   -0.184198292    0.275313963
   34.597735786   -0.195489472    0.274864121
   34.638679852   -0.205708070    0.274269338
   34.679623918   -0.214461398    0.273529209
   34.720567984   -0.221531420    0.272645644
   34.761512050   -0.226914286    0.271625177
   34.802456116   -0.230746670    0.270480836
   34.843400182   -0.233166450    0.269232715
   34.884344248   -0.234187829    0.267906819
   34.925288314   -0.233658566    0.266532512
   34.966232380   -0.231319060    0.265139484
   35.007176446   -0.226927296    0.263755321
   35.048120512   -0.220380157    0.262404432
   35.089064578   -0.211766689    0.261108320
   35.130008644   -0.201327832    0.259886495
   35.170952710   -0.189347626    0.258756931
   35.211896776   -0.176036092    0.257735285
   35.252840842   -0.161466189    0.256832800
   35.293784908   -0.145596871    0.256053703
   35.334728974   -0.128368120    0.255393355
   35.375673040   -0.109816123    0.254838279
   35.416617106   -0.090146230    0.254368379
   35.457561172   -0.069722613    0.253960666
   35.498505238   -0.048975322    0.253593115
   35.539449304   -0.028267051    0.253247225
   35.580393370   -0.007783244    0.252908599
   35.621337436    0.012499728    0.252565865
   35.662281502    0.032748550    0.252209107
   35.703225568    0.053134482    0.251829156
   35.744169634    0.073682799    0.251418465
   35.785113700    0.094179771    0.250973293
   35.826057766    0.114185517    0.250496036
   35.867001832    0.133157634    0.249996305
   35.907945898    0.150642610    0.249489964
   35.948889964    0.166459868    0.248996394
   35.989834030    0.180801202    0.248535223
   36.030778096    0.194198827    0.248124083
   36.071722162    0.207367131    0.247778380
   36.112666228    0.220975701    0.247512941
   36.153610294    0.235441589    0.247344288
   36.194554360    0.250822810    0.247291865
   36.235498426    0.266852987    0.247377038
   36.276442492    0.283095906    0.247619859
   36.317386558    0.299145259    0.248034831
   36.358330625    0.314774273    0.248627495
   36.399274691    0.329964016    0.249393338
   36.440218757    0.344798982    0.250319329
   36.481162823    0.359287149    0.251387137
   36.522106889    0.373205690    0.252576303
   36.563050955    0.386068916    0.253865839
   36.603995021    0.397260235    0.255233780
   36.644939087    0.406288171    0.256655511
   36.685883153    0.413056601    0.258102467
   36.726827219    0.418017271    0.259542675
   36.767771285    0.422113344    0.260943617
   36.808715351    0.426511277    0.262276485
   36.849659417    0.432215315    0.263520079
   36.890603483    0.439718411    0.264662568
   36.931547549    0.448835403    0.265700411
   36.972491615    0.458789758    0.266635075
   37.013435681    0.468517029    0.267469355
   37.054379747    0.477055722    0.268205164
   37.095323813    0.483862173    0.268843870
   37.136267879    0.488925281    0.269388805
   37.177211945    0.492650031    0.269848388
   37.218156011    0.495581171    0.270237972
   37.259100077    0.498102657    0.270579198
   37.300044143    0.500246954    0.270896957
   37.340988209    0.501685752    0.271215354
   37.381932275    0.501883896    0.271554504
   37.422876341    0.500325809    0.271929556
   37.463820407    0.496701665    0.272352043
   37.504764473    0.490974982    0.272832448
   37.545708539    0.483321783    0.273382172
   37.586652605    0.473996313    0.274013498
   37.627596671    0.463206847    0.274737192
   37.668540737    0.451065930    0.275558743
   37.709484803    0.437627226    0.276475013
   37.750428869    0.422967390    0.277472969
   37.791372935    0.407246371    0.278531227
   37.832317001    0.390696590    0.279623871
   37.873261067    0.373539658    0.280725053
   37.914205133    0.355880375    0.281812685
   37.955149199    0.337651458    0.282870197
   37.996093265    0.318663249    0.283886327
   38.037037331    0.298758375    0.284853851
   38.077981397    0.278009560    0.285768455
   38.118925463    0.256863001    0.286628533
   38.159869529    0.236141556    0.287435922
   38.200813595    0.216879912    0.288196777
   38.241757661    0.200042450    0.288921585
   38.282701727    0.186236288    0.289623656
   38.323645793    0.175545392    0.290316230
   38.364589859    0.167566734    0.291009115
   38.405533925    0.161643845    0.291706114
   38.446477991    0.157204578    0.292404221
   38.487422057    0.154059547    0.293094825
   38.528366123    0.152530598    0.293766330
   38.569310190    0.153351216    0.294407035
   38.610254256    0.157381561    0.295007160
   38.651198322    0.165264024    0.295559407
   38.692142388    0.177171855    0.296058174
   38.733086454    0.192759861    0.296498152
   38.774030520    0.211331603    0.296873184
   38.814974586    0.232135861    0.297176027
   38.855918652    0.254644800    0.297399082
   38.896862718    0.278677015    0.297535652
   38.937806784    0.304306414    0.297581068
   38.978750850    0.331605535    0.297533118
   39.019694916    0.360356849    0.297391645
   39.060638982    0.389884880    0.297157598
   39.101583048    0.419104801    0.296832087
   39.142527114    0.446776734    0.296415951
   39.183471180    0.471852215    0.295910058
   39.224415246    0.493752460    0.295316156
   39.265359312    0.512451670    0.294637838
   39.306303378    0.528336506    0.293881094
   39.347247444    0.541924864    0.293054159
   39.388191510    0.553595319    0.292166675
   39.429135576    0.563467010    0.291228501
   39.470079642    0.571484303    0.290248659
   39.511023708    0.577646474    0.289234823
   39.551967774    0.582241266    0.288193513
   39.592911840    0.585936907    0.287130860
   39.633855906    0.589663402    0.286053544
   39.674799972    0.594329938    0.284969464
   39.715744038    0.600518005    0.283887815
   39.756688104    0.608307740    0.282818485
   39.797632170    0.617326950    0.281770954
   39.838576236    0.626994116    0.280753074
   39.879520302    0.636823020    0.279770119
   39.920464368    0.646624675    0.278824380
   39.961408434    0.656500703    0.277915339
   40.002352500    0.666639418    0.277040262
   40.043296566    0.677036900    0.276194886
   40.084240632    0.687307826    0.275373970
   40.125184698    0.696700127    0.274571575
   40.166128764    0.704311286    0.273781219
   40.207072830    0.709387704    0.272996161
   40.248016896    0.711538857    0.272210086
   40.288960962    0.710745005    0.271418297
   40.329905028    0.707156387    0.270619192
   40.370849094    0.700806178    0.269815572
   40.411793160    0.691416999    0.269015192
   40.452737226    0.678435306    0.268230120
   40.493681292    0.661301201    0.267474834
   40.534625358    0.639822259    0.266763444
   40.575569424    0.614447794    0.266106802
   40.616513490    0.586278929    0.265510344
   40.657457556    0.556783243    0.264973286
   40.698401622    0.527340415    0.264489329
   40.739345688    0.498840655    0.264048510
   40.780289755    0.471536111    0.263639496
   40.821233821    0.445215019    0.263251596
   40.862177887    0.419597616    0.262876018
   40.903121953    0.394733781    0.262506336
   40.944066019    0.371180896    0.262138506
   40.985010085    0.349859097    0.261770841
   41.025954151    0.331656991    0.261404246
   41.066898217    0.316999097    0.261042639
   41.107842283    0.305611096    0.260693204
   41.148786349    0.296615878    0.260366040
   41.189730415    0.288916999    0.260073002
   41.230674481    0.281671468    0.259825905
   41.271618547    0.274604446    0.259634674
   41.312562613    0.268001525    0.259506148
   41.353506679    0.262385655    0.259444021
   41.394450745    0.258053646    0.259449926
   41.435394811    0.254721876    0.259525128
   41.476338877    0.251472871    0.259671999
   41.517282943    0.247035334    0.259894515
   41.558227009    0.240255270    0.260197487
   41.599171075    0.230517844    0.260584849
   41.640115141    0.217909272    0.261057823
   41.681059207    0.203047819    0.261613845
   41.722003273    0.186687152    0.262246815
   41.762947339    0.169311406    0.262948610
   41.803891405    0.150939311    0.263711174
   41.844835471    0.131237805    0.264528205
   41.885779537    0.109877509    0.265395643
   41.926723603    0.086932197    0.266310677
   41.967667669    0.063099290    0.267269693
   42.008611735    0.039609542    0.268266057
   42.049555801    0.017852212    0.269288700
   42.090499867   -0.001114894    0.270322109
   42.131443933   -0.016944674    0.271347705
   42.172387999   -0.030098948    0.272345994
   42.213332065   -0.041630605    0.273298614
   42.254276131   -0.052759938    0.274189537
   42.295220197   -0.064439700    0.275005155
   42.336164263   -0.077090607    0.275733525
   42.377108329   -0.090593029    0.276363413
   42.418052395   -0.104494909    0.276883802
   42.458996461   -0.118303746    0.277284160
   42.499940527   -0.131712339    0.277555321
   42.540884593   -0.144664199    0.277690435
   42.581828659   -0.157258581    0.277685370
   42.622772725   -0.169575829    0.277538275
   42.663716791   -0.181532579    0.277248453
   42.704660857   -0.192845189    0.276815195
   42.745604923   -0.203111871    0.276237313
   42.786548989   -0.211958657    0.275513906
   42.827493055   -0.219165132    0.274646290
   42.868437121   -0.224704152    0.273640435
   42.909381187   -0.228681161    0.272508916
   42.950325253   -0.231213232    0.271271466
   42.991269320   -0.232316856    0.269953796
   43.032213386   -0.231864124    0.268585031
   43.073157452   -0.229627080    0.267194718
   43.114101518   -0.225382828    0.265810470
   43.155045584   -0.219021900    0.264456924
   43.195989650   -0.210603702    0.263155993
   43.236933716   -0.200332725    0.261927678
   43.277877782   -0.188470849    0.260790442
   43.318821848   -0.175233115    0.259760391
   43.359765914   -0.160721192    0.258849228
   43.400709980   -0.144928234    0.258061738
   43.441654046   -0.127811805    0.257393988
   43.482598112   -0.109396564    0.256833284
   43.523542178   -0.089852398    0.256360218
   43.564486244   -0.069504386    0.255952181
   43.605430310   -0.048763435    0.255587086
   43.646374376   -0.028005663    0.255245975
   43.687318442   -0.007456142    0.254913786
   43.728262508    0.012865150    0.254578520
   43.769206574    0.033102736    0.254229839
   43.810150640    0.053440938    0.253858336
   43.851094706    0.073947178    0.253456250
   43.892038772    0.094456039    0.253019445
   43.932982838    0.114555211    0.252549661
   43.973926904    0.133693177    0.252055704
   44.014870970    0.151374249    0.251552752
   44.055815036    0.167363277    0.251059874
   44.096759102    0.181811018    0.250596850
   44.137703168    0.195239350    0.250181769
   44.178647234    0.208383180    0.249830475
   44.219591300    0.221948333    0.249557899
   44.260535366    0.236383355    0.249380247
   44.301479432    0.251758991    0.249316428
   44.342423498    0.267801962    0.249387462
   44.383367564    0.284060147    0.249613618
   44.424311630    0.300116301    0.250010311
   44.465255696    0.315746069    0.250584480
   44.506199762    0.330944774    0.251333026
   44.547143828    0.345813960    0.252243906
   44.588087894    0.360371571    0.253299140
   44.629031960    0.374393087    0.254478119
   44.669976026    0.387381878    0.255759606
   44.710920092    0.398707276    0.257121686
   44.751864158    0.407865199    0.258540242
   44.792808224    0.414748546    0.259987452
   44.833752290    0.419796881    0.261431908
   44.874696356    0.423938820    0.262841048
   44.915640422    0.428328216    0.264185283
   44.956584488    0.433967780    0.265442122
   44.997528554    0.441368329    0.266598434
   45.038472620    0.450382238    0.267649839
   45.079416686    0.460278775    0.268597646
   45.120360752    0.470028005    0.269444982
   45.161304819    0.478673788    0.270194155
   45.202248885    0.485643248    0.270846537
   45.243192951    0.490873565    0.271404894
   45.284137017    0.494720367    0.271876690
   45.325081083    0.497706433    0.272276359
   45.366025149    0.500232557    0.272625087
   45.406969215    0.502377769    0.272947947
   45.447913281    0.503864932    0.273269681
   45.488857347    0.504187205    0.273611100
   45.529801413    0.502819907    0.273987710
   45.570745479    0.499413043    0.274410928
   45.611689545    0.493882112    0.274890833
   45.652633611    0.486373593    0.275438551
   45.693577677    0.477144770    0.276066581
   45.734521743    0.466433590    0.276786519
   45.775465809    0.454387248    0.277605078
   45.816409875    0.441075494    0.278520306
   45.857353941    0.426561888    0.279519900
   45.898298007    0.410973111    0.280582578
   45.939242073    0.394511091    0.281682024
   45.980186139    0.377391915    0.282791834
   46.021130205    0.359746461    0.283889547
   46.062074271    0.341550648    0.284958536
   46.103018337    0.322646978    0.285987672
   46.143962403    0.302873887    0.286969758
   46.184906469    0.282257084    0.287900123
   46.225850535    0.261171094    0.288776353
   46.266794601    0.240376992    0.289599191
   46.307738667    0.220890337    0.290373778
   46.348682733    0.203711980    0.291110000
   46.389626799    0.189526482    0.291821164
   46.430570865    0.178500886    0.292521045
   46.471514931    0.170282751    0.293220292
   46.512458997    0.164211982    0.293923564
   46.553403063    0.159663627    0.294628511
   46.594347129    0.156374502    0.295326903
   46.635291195    0.154607906    0.296007274
   46.676235261    0.155080279    0.296657891
   46.717179327    0.158680758    0.297268847
   46.758123393    0.166109641    0.297832651
   46.799067459    0.177598923    0.298343472
   46.840011525    0.192838670    0.298795768
   46.880955591    0.211134672    0.299183198
   46.921899657    0.231712508    0.299498423
   46.962843723    0.254014254    0.299733831
   47.003787789    0.277840631    0.299882736
   47.044731855    0.303270576    0.299940408
   47.085675921    0.330403268    0.299904448
   47.126619987    0.359058414    0.299774407
   47.167564053    0.388593515    0.299550929
   47.208508119    0.417940006    0.299234927
   47.249452185    0.445851582    0.298827224
   47.290396251    0.471252385    0.298328804
   47.331340317    0.493523364    0.297741543
   47.372284384    0.512597154    0.297069025
   47.413228450    0.528828762    0.296317035
   47.454172516    0.542721357    0.295493480
   47.495116582    0.554655657    0.294607717
   47.536060648    0.564762350    0.293669534
   47.577004714    0.572994885    0.292688161
   47.617948780    0.579348677    0.291671666
   47.658892846    0.584091679    0.290626945
   47.699836912    0.587863885    0.289560286
   47.740780978    0.591573927    0.288478229
   47.781725044    0.596131841    0.287388342
   47.822669110    0.602148382    0.286299524
   47.863613176    0.609753171    0.285221614
   47.904557242    0.618623614    0.284164380
   47.945501308    0.628205852    0.283136186
   47.986445374    0.638007707    0.282142824
   48.027389440    0.647806986    0.281186883
   48.068333506    0.657667012    0.280267856
   48.109277572    0.667758906    0.279382833
   48.150221638    0.678097700    0.278527422
   48.191165704    0.688347360    0.277696481
   48.232109770    0.697810784    0.276884444
   48.273053836    0.705616053    0.276085310
   48.313997902    0.710997923    0.275292654
   48.354941968    0.713517571    0.274500087
   48.395886034    0.713097143    0.273702381
   48.436830100    0.709851727    0.272897123
   48.477774166    0.703821170    0.272086313
   48.518718232    0.694769029    0.271277206
   48.559662298    0.682185907    0.270481811
   48.600606364    0.665522454    0.269714918
   48.641550430    0.644543252    0.268991127
   48.682494496    0.619612115    0.268321739
   48.723438562    0.591740575    0.267712493
   48.764382628    0.562347993    0.267162787
   48.805326694    0.532833717    0.266666509
   48.846270760    0.504166516    0.266213989
   48.887214826    0.476694712    0.265794306
   48.928158892    0.450268938    0.265397180
   48.969102958    0.424605476    0.265014068
   49.010047024    0.399689354    0.264638503
   49.050991090    0.375993505    0.264266070
   49.091935156    0.354388167    0.263894481
   49.132879222    0.335782472    0.263523956
   49.173823288    0.320688066    0.263157795
   49.214767354    0.308941812    0.262802725
   49.255711420    0.299743949    0.262468599
   49.296655486    0.292001119    0.262167240
   49.337599552    0.284799727    0.261910649
   49.378543618    0.277762701    0.261709143
   49.419487684    0.271102129    0.261570094
   49.460431750    0.265340793    0.261497751
   49.501375816    0.260851950    0.261494151
   49.542319882    0.257464499    0.261560681
   49.583263949    0.254347408    0.261699517
   49.624208015    0.250240487    0.261914247
   49.665152081    0.243916582    0.262209348
   49.706096147    0.234639779    0.262588729
   49.747040213    0.222388763    0.263053997
   49.787984279    0.207740441    0.263603291
   49.828928345    0.191488414    0.264231243
   49.869872411    0.174207979    0.264930165
   49.910816477    0.156002281    0.265691955
   49.951760543    0.136562315    0.266509840
   49.992704609    0.115502512    0.267379156
   50.033648675    0.092784651    0.268296720
   50.074592741    0.068993849    0.269259028
   50.115536807    0.045305521    0.270260019
   50.156480873    0.023140410    0.271289405
   50.197424939    0.003663173    0.272332296
   50.238369005   -0.012642100    0.273370316
   50.279313071   -0.026125422    0.274383733
   50.320257137   -0.037792095    0.275353730
   50.361201203   -0.048886069    0.276263911
   50.402145269   -0.060431556    0.277100572
   50.443089335   -0.072930357    0.277851895
   50.484033401   -0.086320648    0.278506716
   50.524977467   -0.100170995    0.279053698
   50.565921533   -0.113979063    0.279481453
   50.606865599   -0.127415941    0.279779562
   50.647809665   -0.140409435    0.279939940
   50.688753731   -0.153057350    0.279957708
   50.729697797   -0.165450016    0.279831016
   50.770641863   -0.177516525    0.279559825
   50.811585929   -0.188979982    0.279144280
   50.852529995   -0.199436674    0.278583670
   50.893474061   -0.208504374    0.277876760
   50.934418127   -0.215952687    0.277023673
   50.975362193   -0.221746339    0.276028682
   51.016306259   -0.225985666    0.274902744
   51.057250325   -0.228785170    0.273664591
   51.098194391   -0.230160677    0.272339782
   51.139138457   -0.229985283    0.270957992
   51.180082523   -0.228033156    0.269549605
   51.221026589   -0.224082748    0.268142916
   51.261970655   -0.218022146    0.266762860
   51.302914721   -0.209902254    0.265431345
   51.343858787   -0.199913852    0.264168405
   51.384802853   -0.188304766    0.262992970
   51.425746919   -0.175282428    0.261922280
   51.466690985   -0.160951899    0.260969786
   51.507635051   -0.145319237    0.260142307
   51.548579117   -0.128356486    0.259437780
   51.589523183   -0.110093985    0.258844834
   51.630467249   -0.090692267    0.258344665
   51.671411315   -0.070454977    0.257914634
   51.712355381   -0.049771503    0.257532249
   51.753299447   -0.029011150    0.257178056
   51.794243514   -0.008415272    0.256836591
   51.835187580    0.011961405    0.256495564
   51.876131646    0.032227256    0.256144311
   51.917075712    0.052550067    0.255772883
   51.958019778    0.073013085    0.255372625
   51.998963844    0.093494640    0.254938183
   52.039907910    0.113632611    0.254469940
   52.080851976    0.132903700    0.253975489
   52.121796042    0.150798326    0.253469197
   52.162740108    0.167025426    0.252969849
   52.203684174    0.181659896    0.252497389
   52.244628240    0.195161733    0.252070282
   52.285572306    0.208246737    0.251704658
   52.326516372    0.221653177    0.251415464
   52.367460438    0.235897751    0.251218658
   52.408404504    0.251122778    0.251132883
   52.449348570    0.267097982    0.251179211
   52.490292636    0.283370224    0.251378575
   52.531236702    0.299485505    0.251747708
   52.572180768    0.315173498    0.252295294
   52.613124834    0.330404164    0.253019985
   52.654068900    0.345291239    0.253911086
   52.695012966    0.359897535    0.254951353
   52.735957032    0.374052053    0.256120415
   52.776901098    0.387289641    0.257397096
   52.817845164    0.398967174    0.258759716
   52.858789230    0.408521905    0.260184690
   52.899733296    0.415760354    0.261644834
   52.940677362    0.421039087    0.263109029
   52.981621428    0.425237595    0.264544223
   53.022565494    0.429512436    0.265919388
   53.063509560    0.434920193    0.267209920
   53.104453626    0.442058791    0.268400499
   53.145397692    0.450872929    0.269485147
   53.186341758    0.460701073    0.270464520
   53.227285824    0.470539680    0.271341922
   53.268229890    0.479410982    0.272120102
   53.309173956    0.486683016    0.272800460
   53.350118022    0.492219260    0.273384954
   53.391062088    0.496314531    0.273879512
   53.432006154    0.499466093    0.274296897
   53.472950220    0.502093121    0.274657246
   53.513894286    0.504327716    0.274985736
   53.554838352    0.505956670    0.275308323
   53.595782418    0.506519388    0.275647561
   53.636726484    0.505499271    0.276020403
   53.677670550    0.502513457    0.276438808
   53.718614616    0.497419906    0.276912451
   53.759558682    0.490310004    0.277451658
   53.800502748    0.481412383    0.278068585
   53.841446814    0.470971247    0.278775615
   53.882390880    0.459164057    0.279581482
   53.923334946    0.446091736    0.280486930
   53.964279012    0.431828924    0.281482094
   54.005223079    0.416487511    0.282547012
   54.046167145    0.400241965    0.283655249
   54.087111211    0.383291879    0.284779159
   54.128055277    0.365780402    0.285894686
   54.168999343    0.347722235    0.286984017
   54.209943409    0.329000301    0.288035592
   54.250887475    0.309459872    0.289042300
   54.291831541    0.289075751    0.289999451
   54.332775607    0.268119228    0.290903878
   54.373719673    0.247234403    0.291754651
   54.414663739    0.227362333    0.292554679
   54.455607805    0.209517308    0.293311863
   54.496551871    0.194493429    0.294038580
   54.537495937    0.182624766    0.294749146
   54.578440003    0.173712523    0.295456021
   54.619384069    0.167166765    0.296166248
   54.660328135    0.162315115    0.296879572
   54.701272201    0.158750298    0.297588948
   54.742216267    0.156562791    0.298283043
   54.783160333    0.156350304    0.298949532
   54.824104399    0.158994732    0.299577729
   54.865048465    0.165304440    0.300159640
   54.905992531    0.175683749    0.300689357
   54.946936597    0.189979602    0.301161520
   54.987880663    0.207571155    0.301569927
   55.028824729    0.227651051    0.301907074
   55.069768795    0.249554492    0.302164842
   55.110712861    0.272970419    0.302335856
   55.151656927    0.297930007    0.302414766
   55.192600993    0.324581779    0.302398791
   55.233545059    0.352872717    0.302287352
   55.274489125    0.382304868    0.302081087
   55.315433191    0.411900887    0.301780855
   55.356377257    0.440407495    0.301387263
   55.397321323    0.466645883    0.300900938
   55.438265389    0.489844265    0.300323359
   55.479209455    0.509797916    0.299657785
   55.520153521    0.526790812    0.298909819
   55.561097587    0.541334000    0.298087314
   55.602041653    0.553865971    0.297199654
   55.642985719    0.564572750    0.296256699
   55.683929785    0.573414464    0.295267791
   55.724873851    0.580329348    0.294241173
   55.765817917    0.585487777    0.293183980
   55.806761983    0.589440909    0.292102755
   55.847706049    0.593065746    0.291004244
   55.888650115    0.597319906    0.289896124
   55.929594181    0.602924652    0.288787323
   55.970538247    0.610136439    0.287687734
   56.011482313    0.618722442    0.286607328
   56.052426379    0.628148238    0.285554892
   56.093370445    0.637874037    0.284536810
   56.134314511    0.647600420    0.283556289
   56.175258578    0.657335501    0.282613289
   56.216202644    0.667255786    0.281705133
   56.257146710    0.677447444    0.280827485
   56.298090776    0.687680214    0.279975264
   56.339034842    0.697346375    0.279143132
   56.379978908    0.705603210    0.278325515
   56.420922974    0.711641612    0.277516439
   56.461867040    0.714931114    0.276709667
   56.502811106    0.715304389    0.275899533
   56.543755172    0.712836199    0.275082503
   56.584699238    0.707592195    0.274259003
   56.625643304    0.699403511    0.273434738
   56.666587370    0.687816060    0.272620711
   56.707531436    0.672269285    0.271831602
   56.748475502    0.652427585    0.271082791
   56.789419568    0.628491571    0.270386922
   56.830363634    0.601311728    0.269751140
   56.871307700    0.572221062    0.269175910
   56.912251766    0.542648657    0.268655680
   56.953195832    0.513695085    0.268180972
   56.994139898    0.485877373    0.267740967
   57.035083964    0.459167713    0.267325628
   57.076028030    0.433298086    0.266926816
   57.116972096    0.408162422    0.266538399
   57.157916162    0.384094872    0.266155907
   57.198860228    0.361867713    0.265776347
   57.239804294    0.342402686    0.265398600
   57.280748360    0.326345781    0.265024277
   57.321692426    0.313733580    0.264658555
   57.362636492    0.303935621    0.264310322
   57.403580558    0.295913461    0.263991280
   57.444524624    0.288668642    0.263714104
   57.485468690    0.281648865    0.263490276
   57.526412756    0.274900317    0.263328403
   57.567356822    0.268886008    0.263233647
   57.608300888    0.264066073    0.263208448
   57.649244954    0.260463020    0.263254084
   57.690189020    0.257445073    0.263372318
   57.731133086    0.253847972    0.263566304
   57.772077152    0.248379216    0.263840341
   57.813021218    0.240101682    0.264198580
   57.853965284    0.228753366    0.264643299
   57.894909350    0.214747306    0.265173561
   57.935853416    0.198863823    0.265784904
   57.976797482    0.181806937    0.266470230
   58.017741548    0.163864195    0.267221515
   58.058685614    0.144849570    0.268031586
   58.099629680    0.124355213    0.268895132
   58.140573746    0.102171398    0.269808472
   58.181517812    0.078642414    0.270768096
   58.222461878    0.054756567    0.271768594
   58.263405944    0.031903673    0.272800837
   58.304350010    0.011402630    0.273851210
   58.345294076   -0.005982245    0.274902265
   58.386238143   -0.020311880    0.275934529
   58.427182209   -0.032410555    0.276928767
   58.468126275   -0.043510684    0.277867769
   58.509070341   -0.054775799    0.278737049
   58.550014407   -0.066915679    0.279524333
   58.590958473   -0.080045422    0.280218351
   58.631902539   -0.093811931    0.280807729
   58.672846605   -0.107685045    0.281280697
   58.713790671   -0.121248209    0.281625871
   58.754734737   -0.134349251    0.281833691
   58.795678803   -0.147063138    0.281897747
   58.836622869   -0.159522002    0.281815168
   58.877566935   -0.171729126    0.281585769
   58.918511001   -0.183466041    0.281210354
   58.959455067   -0.194337377    0.280689100
   59.000399133   -0.203916911    0.280021101
   59.041343199   -0.211905665    0.279205614
   59.082287265   -0.218214006    0.278244739
   59.123231331   -0.222928827    0.277146463
   59.164175397   -0.226192855    0.275926670
   59.205119463   -0.228068935    0.274609094
   59.246063529   -0.228464794    0.273223068
   59.287007595   -0.227155614    0.271799931
   59.327951661   -0.223886544    0.270369528
   59.368895727   -0.218495849    0.268958126
   59.409839793   -0.210992484    0.267588266
   59.450783859   -0.201550329    0.266280017
   59.491727925   -0.190427287    0.265052371
   59.532671991   -0.177855897    0.263923437
   59.573616057   -0.163963787    0.262908827
   59.614560123   -0.148763532    0.262018695
   59.655504189   -0.132213915    0.261254775
   59.696448255   -0.114318233    0.260608964
   59.737392321   -0.095207596    0.260064396
   59.778336387   -0.075165406    0.259598782
   59.819280453   -0.054577950    0.259188757
   59.860224519   -0.033831182    0.258813534
   59.901168585   -0.013199478    0.258456592
   59.942112651    0.007222439    0.258105191
   59.983056717    0.027510243    0.257748632
   60.024000783    0.047821656    0.257376771
   60.064944849    0.068262324    0.256980014
   60.105888915    0.088762590    0.256551090
   60.146832981    0.109023087    0.256087757
   60.187777047    0.128563565    0.255594956
   60.228721113    0.146868298    0.255085104
   60.269665179    0.163578196    0.254576169
   60.310609245    0.178653149    0.254088333
   60.351553311    0.192431903    0.253640811
   60.392497377    0.205553421    0.253250314
   60.433441443    0.218760296    0.252931727
   60.474385509    0.232657656    0.252700312
   60.515329575    0.247524976    0.252573874
   60.556273641    0.263259117    0.252573232
   60.597217708    0.279470236    0.252720225
   60.638161774    0.295682348    0.253033774
   60.679105840    0.311540508    0.253525624
   60.720049906    0.326922921    0.254197608
   60.760993972    0.341903272    0.255041586
   60.801938038    0.356585657    0.256041871
   60.842882104    0.370903921    0.257178773
   60.883826170    0.384502838    0.258431441
   60.924770236    0.396784361    0.259778725
   60.965714302    0.407121675    0.261198038
   61.006658368    0.415155225    0.262663427
   61.047602434    0.421032735    0.264144595
   61.088546500    0.425467899    0.265608200
   61.129490566    0.429567468    0.267021441
   61.170434632    0.434480216    0.268356689
   61.211378698    0.441005091    0.269595132
   61.252322764    0.449319343    0.270727815
   61.293266830    0.458938509    0.271753668
   61.334210896    0.468921088    0.272675608
   61.375154962    0.478227054    0.273496758
   61.416099028    0.486078302    0.274218715
   61.457043094    0.492176678    0.274842650
   61.497987160    0.496705058    0.275372509
   61.538931226    0.500134410    0.275818410
   61.579875292    0.502939542    0.276198189
   61.620819358    0.505354212    0.276536037
   61.661763424    0.507264333    0.276858652
   61.702707490    0.508266254    0.277190666
   61.743651556    0.507841778    0.277551451
   61.784595622    0.505557280    0.277954650
   61.825539688    0.501197520    0.278410304
   61.866483754    0.494788301    0.278928047
   61.907427820    0.486520665    0.279519245
   61.948371886    0.476633135    0.280196564
   61.989315952    0.465318327    0.280970799
   62.030260018    0.452695267    0.281846382
   62.071204084    0.438845550    0.282817734
   62.112148150    0.423874356    0.283868387
   62.153092216    0.407945809    0.284973479
   62.194036282    0.391261329    0.286104725
   62.234980348    0.373988252    0.287235819
   62.275924414    0.356182432    0.288346254
   62.316868480    0.337761877    0.289422402
   62.357812546    0.318569101    0.290456170
   62.398756612    0.298515088    0.291442614
   62.439700678    0.277748937    0.292378210
   62.480644744    0.256770002    0.293260769
   62.521588810    0.236411266    0.294090864
   62.562532876    0.217673098    0.294873572
   62.603476942    0.201455541    0.295619056
   62.644421008    0.188292934    0.296341077
   62.685365074    0.178207875    0.297053618
   62.726309140    0.170760624    0.297766873
   62.767253206    0.165288737    0.298484238
   62.808197273    0.161244717    0.299201553
   62.849141339    0.158488127    0.299908781
   62.890085405    0.157400422    0.300593242
   62.931029471    0.158765045    0.301242914
   62.971973537    0.163460658    0.301848417
   63.012917603    0.172102942    0.302403146
   63.053861669    0.184796844    0.302901911
   63.094805735    0.201110878    0.303339160
   63.135749801    0.220279712    0.303707886
   63.176693867    0.241530878    0.303999806
   63.217637933    0.264370839    0.304206634
   63.258581999    0.288686494    0.304321698
   63.299526065    0.314612037    0.304341025
   63.340470131    0.342231780    0.304263383
   63.381414197    0.371276053    0.304089363
   63.422358263    0.400974443    0.303820107
   63.463302329    0.430153304    0.303456400
   63.504246395    0.457541261    0.302998608
   63.545190461    0.482140460    0.302447460
   63.586134527    0.503487667    0.301805214
   63.627078593    0.521686011    0.301076582
   63.668022659    0.537205751    0.300268928
   63.708966725    0.550569378    0.299391631
   63.749910791    0.562091057    0.298454891
   63.790854857    0.571804248    0.297468500
   63.831798923    0.579604199    0.296441040
   63.872742989    0.585511961    0.295379795
   63.913687055    0.589898566    0.294291302
   63.954631121    0.593529156    0.293182238
   63.995575187    0.597385515    0.292060243
   64.036519253    0.602348006    0.290934289
   64.077463319    0.608897215    0.289814431
   64.118407385    0.616988026    0.288710948
   64.159351451    0.626158192    0.287633144
   64.200295517    0.635808958    0.286588149
   64.241239583    0.645505027    0.285580092
   64.282183649    0.655134447    0.284609898
   64.323127715    0.664849169    0.283675723
   64.364071781    0.674829716    0.282773798
   64.405015847    0.685014449    0.281899341
   64.445959913    0.694951702    0.281047159
   64.486903979    0.703861906    0.280211819
   64.527848045    0.710876824    0.279387532
   64.568792111    0.715321959    0.278568137
   64.609736177    0.716883456    0.277747640
   64.650680243    0.715567395    0.276921483
   64.691624309    0.711480418    0.276088306
   64.732568375    0.704567839    0.275251568
   64.773512441    0.694476657    0.274420198
   64.814456507    0.680645744    0.273607692
   64.855400573    0.662597490    0.272829635
   64.896344639    0.640284588    0.272100283
   64.937288705    0.614301045    0.271429304
   64.978232771    0.585826236    0.270819796
   65.019176838    0.556306342    0.270268192
   65.060120904    0.527017249    0.269765968
   65.101064970    0.498720712    0.269302325
   65.142009036    0.471582207    0.268866779
   65.182953102    0.445384650    0.268450778
   65.223897168    0.419917136    0.268048063
   65.264841234    0.395324883    0.267654166
   65.305785300    0.372226602    0.267265805
   65.346729366    0.351529719    0.266880852
   65.387673432    0.334036972    0.266499097
   65.428617498    0.320053088    0.266123420
   65.469561564    0.309204968    0.265760627
   65.510505630    0.300579132    0.265421264
   65.551449696    0.293113227    0.265118174
   65.592393762    0.286042626    0.264864208
   65.633337828    0.279171236    0.264669958
   65.674281894    0.272825581    0.264542412
   65.715225960    0.267516644    0.264485039
   65.756170026    0.263487820    0.264499149
   65.797114092    0.260388691    0.264585799
   65.838058158    0.257250383    0.264747284
   65.879002224    0.252782463    0.264987489
   65.919946290    0.245845090    0.265310943
   65.960890356    0.235860459    0.265721063
   66.001834422    0.222960759    0.266218447
   66.042778488    0.207807824    0.266800032
   66.083722554    0.191189598    0.267459548
   66.124666620    0.173611540    0.268189044
   66.165610686    0.155098945    0.268980808
   66.206554752    0.135311008    0.269828765
   66.247498818    0.113900606    0.270728723
   66.288442884    0.090922265    0.271677297
   66.329386950    0.067062612    0.272669970
   66.370331016    0.043556236    0.273699097
   66.411275082    0.021808708    0.274752729
   66.452219148    0.002895996    0.275814752
   66.493163214   -0.012828591    0.276866328
   66.534107280   -0.025841149    0.277888028
   66.575051346   -0.037226333    0.278861832
   66.615995412   -0.048239428    0.279772230
   66.656939478   -0.059853406    0.280606137
   66.697883544   -0.072483385    0.281351866
   66.738827610   -0.085981572    0.281997896
   66.779771676   -0.099861759    0.282532204
   66.820715742   -0.113611841    0.282942622
   66.861659808   -0.126931700    0.283218134
   66.902603874   -0.139794556    0.283350432
   66.943547940   -0.152333620    0.283334881
   66.984492006   -0.164645670    0.283170287
   67.025436072   -0.176634536    0.282857484
   67.066380138   -0.187980598    0.282397448
   67.107324204   -0.198243677    0.281790045
   67.148268270   -0.207032038    0.281034305
   67.189212337   -0.214139206    0.280130462
   67.230156403   -0.219575483    0.279083056
   67.271100469   -0.223484245    0.277903781
   67.312044535   -0.225996890    0.276612705
   67.352988601   -0.227110362    0.275237141
   67.393932667   -0.226653573    0.273808496
   67.434876733   -0.224356816    0.272358345
   67.475820799   -0.219981758    0.270915285
   67.516764865   -0.213439368    0.269503690
   67.557708931   -0.204833550    0.268144415
   67.598652997   -0.194411097    0.266856505
   67.639597063   -0.182449202    0.265658373
   67.680541129   -0.169143059    0.264567282
   67.721485195   -0.154552991    0.263596924
   67.762429261   -0.138636657    0.262754065
   67.803373327   -0.121346371    0.262035919
   67.844317393   -0.102738123    0.261429733
   67.885261459   -0.083033686    0.260915085
   67.926205525   -0.062601385    0.260468129
   67.967149591   -0.041861712    0.260066071
   68.008093657   -0.021160955    0.259690158
   68.049037723   -0.000672240    0.259326247
   68.089981789    0.019627959    0.258963335
   68.130925855    0.039893045    0.258591483
   68.171869921    0.060274943    0.258200745
   68.212813987    0.080784077    0.257782071
   68.253758053    0.101204009    0.257329889
   68.294702119    0.121104794    0.256845002
   68.335646185    0.139960244    0.256336140
   68.376590251    0.157330512    0.255819137
   68.417534317    0.173040385    0.255313969
   68.458478383    0.187279205    0.254841027
   68.499422449    0.200574557    0.254418426
   68.540366515    0.213640439    0.254061580
   68.581310581    0.227152864    0.253784966
   68.622254647    0.241539104    0.253604779
   68.663198713    0.256864713    0.253540566
   68.704142779    0.272862857    0.253614448
   68.745086845    0.289088625    0.253847797
   68.786030911    0.305124130    0.254256632
   68.826974977    0.320735957    0.254847760
   68.867919043    0.335908773    0.255617353
   68.908863109    0.350740212    0.256552474
   68.949807175    0.365254324    0.257634573
   68.990751241    0.379238427    0.258843065
   69.031695307    0.392204831    0.260157240
   69.072639373    0.403522408    0.261555816
   69.113583439    0.412677816    0.263014900
   69.154527505    0.419553409    0.264506139
   69.195471571    0.424586058    0.265996802
   69.236415637    0.428713471    0.267452528
   69.277359703    0.433105697    0.268841959
   69.318303769    0.438777973    0.270141344
   69.359247835    0.446240178    0.271337041
   69.400191902    0.455328403    0.272424832
   69.441135968    0.465288363    0.273406500
   69.482080034    0.475072781    0.274285514
   69.523024100    0.483724899    0.275064033
   69.563968166    0.490688640    0.275742730
   69.604912232    0.495925530    0.276323357
   69.645856298    0.499808660    0.276812514
   69.686800364    0.502861431    0.277224419
   69.727744430    0.505469165    0.277580955
   69.768688496    0.507690159    0.277908727
   69.809632562    0.509235101    0.278234398
   69.850576628    0.509601376    0.278580446
   69.891520694    0.508281831    0.278963254
   69.932464760    0.504945504    0.279394141
   69.973408826    0.499515901    0.279882403
   70.014352892    0.492131512    0.280438334
   70.055296958    0.483031324    0.281074243
   70.096241024    0.472436881    0.281802545
   70.137185090    0.460491089    0.282631623
   70.178129156    0.447272860    0.283561398
   70.219073222    0.432860368    0.284580820
   70.260017288    0.417389402    0.285668662
   70.300961354    0.401060176    0.286797466
   70.341905420    0.384080868    0.287939074
   70.382849486    0.366579100    0.289069556
   70.423793552    0.348539447    0.290171808
   70.464737618    0.329819790    0.291235342
   70.505681684    0.310262438    0.292254144
   70.546625750    0.289864491    0.293224286
   70.587569816    0.268931705    0.294142788
   70.628513882    0.248133340    0.295008277
   70.669457948    0.228409635    0.295822786
   70.710402014    0.210746571    0.296593276
   70.751346080    0.195897117    0.297331504
   70.792290146    0.184163392    0.298051737
   70.833234212    0.175339963    0.298766929
   70.874178278    0.168856436    0.299484880
   70.915122344    0.164071829    0.300205956
   70.956066410    0.160601960    0.300923278
   70.997010476    0.158538622    0.301625158
   71.037954542    0.158460196    0.302298585
   71.078898608    0.161222825    0.302932211
   71.119842674    0.167620281    0.303517705
   71.160786740    0.178062887    0.304049218
   71.201730806    0.192419516    0.304521678
   71.242674872    0.210091772    0.304929072
   71.283618938    0.230279453    0.305263743
   71.324563004    0.252303953    0.305517036
   71.365507070    0.275827772    0.305680884
   71.406451136    0.300860030    0.305749428
   71.447395202    0.327546172    0.305719822
   71.488339268    0.355851600    0.305591878
   71.529283334    0.385306801    0.305366835
   71.570227400    0.414954664    0.305046009
   71.611171467    0.443540718    0.304630075
   71.652115533    0.469864118    0.304119355
   71.693059599    0.493124582    0.303514927
   71.734003665    0.513101633    0.302819938
   71.774947731    0.530087879    0.302040397
   71.815891797    0.544623573    0.301185029
   71.856835863    0.557179539    0.300264224
   71.897779929    0.567956794    0.299288549
   71.938723995    0.576902543    0.298267487
   71.979668061    0.583920589    0.297208903
   72.020612127    0.589145357    0.296119393
   72.061556193    0.593112095    0.295005268
   72.102500259    0.596711707    0.293873660
   72.143444325    0.600937115    0.292733215
   72.184388391    0.606544304    0.291594058
   72.225332457    0.613801327    0.290466987
   72.266276523    0.622454330    0.289362194
   72.307220589    0.631924687    0.288287916
   72.348164655    0.641628363    0.287249475
   72.389108721    0.651245142    0.286248947
   72.430052787    0.660796345    0.285285498
   72.470996853    0.670497842    0.284356172
   72.511940919    0.680480452    0.283456774
   72.552884985    0.690542477    0.282582519
   72.593829051    0.700078762    0.281728266
   72.634773117    0.708228964    0.280888430
   72.675717183    0.714162208    0.280056886
   72.716661249    0.717337306    0.279227277
   72.757605315    0.717592097    0.278394000
   72.798549381    0.715015027    0.277553817
   72.839493447    0.709680775    0.276707602
   72.880437513    0.701415912    0.275861523
   72.921381579    0.689750241    0.275026940
   72.962325645    0.674107437    0.274218700
   73.003269711    0.654149959    0.273452143
   73.044213777    0.630095651    0.272739654
   73.085157843    0.602823964    0.272087908
   73.126101909    0.573692284    0.271496722
   73.167045975    0.544134391    0.270959848
   73.207990041    0.515231934    0.270467277
   73.248934107    0.487469753    0.270008078
   73.289878173    0.460793393    0.269572687
   73.330822239    0.434929472    0.269153972
   73.371766305    0.409790651    0.268747054
   73.412710371    0.385741801    0.268348486
   73.453654437    0.363578179    0.267955657
   73.494598503    0.344221555    0.267567002
   73.535542569    0.328293750    0.267183059
   73.576486635    0.315796451    0.266807784
   73.617430701    0.306073517    0.266449270
   73.658374767    0.298084225    0.266119211
   73.699318833    0.290851242    0.265831067
   73.740262899    0.283853064    0.265597530
   73.781206965    0.277157811    0.265428300
   73.822151032    0.271229716    0.265329097
   73.863095098    0.266511098    0.265302229
   73.904039164    0.263000709    0.265348372
   73.944983230    0.260052326    0.265468598
   73.985927296    0.256503810    0.265665645
   74.026871362    0.251076352    0.265943800
   74.067815428    0.242845201    0.266307495
   74.108759494    0.231548490    0.266759314
   74.149703560    0.217586626    0.267298432
   74.190647626    0.201725259    0.267920247
   74.231591692    0.184666079    0.268617386
   74.272535758    0.166713441    0.269381623
   74.313479824    0.147709587    0.270205766
   74.354423890    0.127267064    0.271084635
   74.395367956    0.105169515    0.272014648
   74.436312022    0.081722359    0.272992180
   74.477256088    0.057858098    0.274011418
   74.518200154    0.034923740    0.275062657
   74.559144220    0.014236757    0.276131762
   74.600088286   -0.003389055    0.277201043
   74.641032352   -0.017931562    0.278251157
   74.681976418   -0.030135494    0.279263255
   74.722920484   -0.041195120    0.280220546
   74.763864550   -0.052295455    0.281108751
   74.804808616   -0.064215723    0.281915472
   74.845752682   -0.077153151    0.282629001
   74.886696748   -0.090809817    0.283237343
   74.927640814   -0.104661230    0.283728076
   74.968584880   -0.118252773    0.284089226
   75.009528946   -0.131379490    0.284310749
   75.050473012   -0.144082988    0.284385878
   75.091417078   -0.156500628    0.284311548
   75.132361144   -0.168673404    0.284087608
   75.173305210   -0.180426951    0.283715125
   75.214249276   -0.191387332    0.283194695
   75.255193342   -0.201113194    0.282525776
   75.296137408   -0.209263206    0.281707693
   75.337081474   -0.215704201    0.280742176
   75.378025540   -0.220504360    0.279636474
   75.418969606   -0.223822211    0.278405653
   75.459913672   -0.225758579    0.277072943
   75.500857738   -0.226255190    0.275667773
   75.541801804   -0.225093968    0.274222181
   75.582745870   -0.221993782    0.272767019
   75.623689936   -0.216748810    0.271329410
   75.664634002   -0.209332524    0.269932237
   75.705578068   -0.199912898    0.268595355
   75.746522134   -0.188774032    0.267337294
   75.787466200   -0.176189547    0.266175962
   75.828410266   -0.162317200    0.265127449
   75.869354332   -0.147170588    0.264203119
   75.910298398   -0.130681186    0.263406300
   75.951242464   -0.112815488    0.262730279
   75.992186530   -0.093682961    0.262158853
   76.033130597   -0.073575256    0.261669517
   76.074074663   -0.052912390    0.261238099
   76.115018729   -0.032119020    0.260842974
   76.155962795   -0.011489850    0.260467271
   76.196906861    0.008889750    0.260098559
   76.237850927    0.029126659    0.259726846
   76.278794993    0.049409968    0.259342562
   76.319739059    0.069855394    0.258936067
   76.360683125    0.090374700    0.258499282
   76.401627191    0.110632812    0.258028680
   76.442571257    0.130119624    0.257527981
   76.483515323    0.148315013    0.257008961
   76.524459389    0.164884539    0.256489696
   76.565403455    0.179826922    0.255990997
   76.606347521    0.193510136    0.255532744
   76.647291587    0.206575348    0.255131922
   76.688235653    0.219740559    0.254803160
   76.729179719    0.233577327    0.254561183
   76.770123785    0.248346474    0.254423414
   76.811067851    0.263955572    0.254410806
   76.852011917    0.280050207    0.254545909
   76.892955983    0.296193510    0.254848642
   76.933900049    0.312049426    0.255331590
   76.974844115    0.327483663    0.255996925
   77.015788181    0.342535374    0.256836314
   77.056732247    0.357276278    0.257833643
   77.097676313    0.371633331    0.258968974
   77.138620379    0.385276365    0.260221675
   77.179564445    0.397648134    0.261571238
   77.220508511    0.408148270    0.262995799
   77.261452577    0.416403949    0.264469742
   77.302396643    0.422506460    0.265962419
   77.343340709    0.427093290    0.267439463
   77.384284775    0.431214184    0.268866708
   77.425228841    0.436013210    0.270215267
   77.466172907    0.442344749    0.271465508
   77.507116973    0.450478374    0.272608160
   77.548061039    0.460016043    0.273642131
   77.589005105    0.470056960    0.274570296
   77.629949171    0.479540187    0.275395483
   77.670893237    0.487620636    0.276118702
   77.711837303    0.493924434    0.276740397
   77.752781369    0.498588199    0.277263864
   77.793725435    0.502085108    0.277698806
   77.834669501    0.504932353    0.278062932
   77.875613567    0.507418099    0.278380553
   77.916557633    0.509464323    0.278678675
   77.957501699    0.510669399    0.278982381
   77.998445765    0.510488744    0.279311576
   78.039389831    0.508454423    0.279680378
   78.080333897    0.504329961    0.280099011
   78.121277963    0.498141645    0.280576748
   78.162222029    0.490095280    0.281123966
   78.203166096    0.480441770    0.281751933
   78.244110162    0.469370045    0.282470210
   78.285054228    0.456978051    0.283282851
   78.325998294    0.443320706    0.284185253
   78.366942360    0.428488011    0.285163229
   78.407886426    0.412651700    0.286194823
   78.448830492    0.396041847    0.287254165
   78.489774558    0.378861469    0.288315864
   78.530718624    0.361190668    0.289358416
   78.571662690    0.342947075    0.290365778
   78.612606756    0.323946271    0.291327265
   78.653550822    0.304054590    0.292236623
   78.694494888    0.283372961    0.293091246
   78.735438954    0.262362412    0.293892077
   78.776383020    0.241836395    0.294643978
   78.817327086    0.222798864    0.295355854
   78.858271152    0.206177216    0.296039766
   78.899215218    0.192553610    0.296708779
   78.940159284    0.182009702    0.297373982
   78.981103350    0.174159773    0.298041688
   79.022047416    0.168370035    0.298711858
   79.062991482    0.164080202    0.299378368
   79.103935548    0.161094013    0.300030945
   79.144879614    0.159712851    0.300657933
   79.185823680    0.160650716    0.301248768
   79.226767746    0.164763539    0.301795284
   79.267711812    0.172709173    0.302291577
   79.308655878    0.184687307    0.302732831
   79.349599944    0.200373542    0.303113920
   79.390544010    0.219072623    0.303428587
   79.431488076    0.240012806    0.303669609
   79.472432142    0.262635802    0.303829797
   79.513376208    0.286738644    0.303903283
   79.554320274    0.312396843    0.303886442
   79.595264340    0.339708280    0.303778026
   79.636208406    0.368490398    0.303578530
   79.677152472    0.398091758    0.303289182
   79.718096538    0.427426115    0.302911121
   79.759040604    0.455227434    0.302445190
   79.799984670    0.480412348    0.301892446
   79.840928736    0.502380247    0.301255110
   79.881872802    0.521110898    0.300537453
   79.922816868    0.537021536    0.299746166
   79.963760934    0.550667357    0.298889963
   80.004705000    0.562447393    0.297978583
   80.045649066    0.572469756    0.297021560
   80.086593132    0.580639886    0.296027305
   80.127537198    0.586910625    0.295002845
   80.168481264    0.591541387    0.293954295
   80.209425330    0.595205991    0.292887818
   80.250369396    0.598870326    0.291810593
   80.291313462    0.603488324    0.290731327
   80.332257528    0.609667868    0.289660032
   80.373201594    0.617479684    0.288607089
   80.414145661    0.626508675    0.287581909
   80.455089727    0.636117756    0.286591673
   80.496033793    0.645780208    0.285640547
   80.536977859    0.655301146    0.284729593
   80.577921925    0.664812359    0.283857274
   80.618865991    0.674552464    0.283020274
   80.659810057    0.684564812    0.282214235
   80.700754123    0.694491024    0.281434193
   80.741698189    0.703582370    0.280674690
   80.782642255    0.710925665    0.279929800
   80.823586321    0.715756399    0.279193412
   80.864530387    0.717680795    0.278460034
   80.905474453    0.716681041    0.277726092
   80.946418519    0.712905244    0.276991424
   80.987362585    0.706373244    0.276260398
   81.028306651    0.696785502    0.275542096
   81.069250717    0.683569699    0.274849271
   81.110194783    0.666164964    0.274196163
   81.151138849    0.644401627    0.273595705
   81.192082915    0.618766619    0.273056905
   81.233026981    0.590393119    0.272583131
   81.273971047    0.560754978    0.272171747
   81.314915113    0.531205646    0.271815070
   81.355859179    0.502589429    0.271502256
   81.396803245    0.475119225    0.271221453
   81.437747311    0.448574988    0.270961694
   81.478691377    0.422706087    0.270714193
   81.519635443    0.397611684    0.270473053
   81.560579509    0.373886560    0.270235585
   81.601523575    0.352448988    0.270002453
   81.642467641    0.334142129    0.269777704
   81.683411707    0.319325531    0.269568600
   81.724355773    0.307680130    0.269385032
   81.765299839    0.298335200    0.269238438
   81.806243905    0.290251898    0.269140323
   81.847187971    0.282660427    0.269100774
   81.888132037    0.275321007    0.269127435
   81.929076103    0.268476480    0.269225302
   81.970020169    0.262532182    0.269397421
   82.010964235    0.257644799    0.269646140
   82.051908301    0.253447555    0.269974373
   82.092852367    0.249061201    0.270386265
   82.133796433    0.243383440    0.270886955
   82.174740499    0.235500152    0.271481493
   82.215684565    0.225000827    0.272173383
   82.256628631    0.212038944    0.272963369
   82.297572697    0.197121173    0.273848997
   82.338516763    0.180757334    0.274825151
   82.379460829    0.163175149    0.275885351
   82.420404895    0.144262189    0.277023277
   82.461348961    0.123766585    0.278233909
   82.502293027    0.101640746    0.279513799
   82.543237093    0.078328529    0.280860349
   82.584181159    0.054820794    0.282270334
   82.625125226    0.032423037    0.283738187
   82.666069292    0.012328290    0.285254715
   82.707013358   -0.004809567    0.286806724
   82.747957424   -0.019104054    0.288377812
   82.788901490   -0.031363021    0.289950128
   82.829845556   -0.042753737    0.291506544
   82.870789622   -0.054362777    0.293032502
   82.911733688   -0.066843594    0.294516817
   82.952677754   -0.080287820    0.295951067
   82.993621820   -0.094341215    0.297327746
   83.034565886   -0.108472397    0.298637835
   83.075509952   -0.122246128    0.299868812
   83.116454018   -0.135474065    0.301003958
   83.157398084   -0.148195165    0.302023379
   83.198342150   -0.160529364    0.302906391
   83.239286216   -0.172504968    0.303634288
   83.280230282   -0.183958444    0.304192298
   83.321174348   -0.194553493    0.304569844
   83.362118414   -0.203897029    0.304759057
   83.403062480   -0.211680712    0.304752356
   83.444006546   -0.217770699    0.304540499
   83.484950612   -0.222203353    0.304112400
   83.525894678   -0.225098075    0.303457233
   83.566838744   -0.226540669    0.302568244
   83.607782810   -0.226501208    0.301446753
   83.648726876   -0.224827081    0.300104572
   83.689670942   -0.221309899    0.298563629
   83.730615008   -0.215787182    0.296852781
   83.771559074   -0.208224719    0.295002996
   83.812503140   -0.198738681    0.293042801
   83.853447206   -0.187549170    0.290995705
   83.894391272   -0.174891556    0.288880346
   83.935335338   -0.160931835    0.286712820
   83.976279404   -0.145728675    0.284509722
   84.017223470   -0.129260660    0.282290220
   84.058167536   -0.111504555    0.280076143
   84.099111602   -0.092524711    0.277890160
   84.140055668   -0.072526880    0.275753114
   84.180999734   -0.051845166    0.273681966
   84.221943800   -0.030862004    0.271689357
   84.262887866   -0.009894170    0.269784914
   84.303831932    0.010902373    0.267977458
   84.344775998    0.031559846    0.266276853
   84.385720064    0.052237124    0.264694478
   84.426664130    0.073089074    0.263242084
   84.467608196    0.094122625    0.261929663
   84.508552262    0.115108753    0.260763429
   84.549496328    0.135601362    0.259744909
   84.590440394    0.155069268    0.258871478
   84.631384460    0.173094828    0.258137970
   84.672328526    0.189556526    0.257538494
   84.713272592    0.204712132    0.257067637
   84.754216658    0.219137368    0.256720755
   84.795160724    0.233537360    0.256493600
   84.836104791    0.248506309    0.256381952
   84.877048857    0.264336617    0.256381831
   84.917992923    0.280957778    0.256490423
   84.958936989    0.298025732    0.256707343
   84.999881055    0.315112492    0.257035531
   85.040825121    0.331898446    0.257481186
   85.081769187    0.348270179    0.258052629
   85.122713253    0.364276529    0.258758457
   85.163657319    0.379971189    0.259605742
   85.204601385    0.395233714    0.260598922
   85.245545451    0.409678843    0.261739674
   85.286489517    0.422724805    0.263027534
   85.327433583    0.433811784    0.264460731
   85.368377649    0.442680283    0.266036667
   85.409321715    0.449577138    0.267751788
   85.450265781    0.455277745    0.269600992
   85.491209847    0.460890044    0.271576969
   85.532153913    0.467504147    0.273669903
   85.573097979    0.475824933    0.275867714
   85.614042045    0.485937968    0.278156689
   85.654986111    0.497304470    0.280522170
   85.695930177    0.508983486    0.282948915
   85.736874243    0.519983890    0.285421043
   85.777818309    0.529598589    0.287921694
   85.818762375    0.537589669    0.290432768
   85.859706441    0.544165884    0.292935111
   85.900650507    0.549786663    0.295409335
   85.941594573    0.554896549    0.297837184
   85.982538639    0.559710814    0.300203160
   86.023482705    0.564134320    0.302496032
   86.064426771    0.567825197    0.304709878
   86.105370837    0.570349223    0.306844493
   86.146314903    0.571340314    0.308905117
   86.187258969    0.570596988    0.310901593
   86.228203035    0.568090325    0.312847104
   86.269147101    0.563907766    0.314756717
   86.310091167    0.558183135    0.316645958
   86.351035233    0.551056227    0.318529609
   86.391979299    0.542674309    0.320420907
   86.432923365    0.533215100    0.322331160
   86.473867431    0.522896769    0.324269724
   86.514811497    0.511952804    0.326244167
   86.555755563    0.500578544    0.328260475
   86.596699629    0.488881584    0.330323210
   86.637643695    0.476872339    0.332435669
   86.678587761    0.464509527    0.334600188
   86.719531827    0.451780694    0.336818688
   86.760475893    0.438771833    0.339093453
   86.801419959    0.425680635    0.341427938
   86.842364025    0.412757335    0.343827297
   86.883308091    0.400199937    0.346298320
   86.924252157    0.388061505    0.348848659
   86.965196223    0.376225959    0.351485472
   87.006140289    0.364472952    0.354213856
   87.047084356    0.352600415    0.357035544
   87.088028422    0.340535122    0.359948247
   87.128972488    0.328361824    0.362945809
   87.169916554    0.316244111    0.366019076
   87.210860620    0.304274509    0.369157176
   87.251804686    0.292341468    0.372348850
   87.292748752    0.280105554    0.375583496
   87.333692818    0.267127802    0.378851746
   87.374636884    0.253111457    0.382145513
   87.415580950    0.238146584    0.385457599
   87.456525016    0.222826509    0.388781049
   87.497469082    0.208152996    0.392108478
   87.538413148    0.195245056    0.395431631
   87.579357214    0.184967367    0.398741352
   87.620301280    0.177645868    0.402027992
   87.661245346    0.173009517    0.405282103
   87.702189412    0.170397355    0.408495111
   87.743133478    0.169144907    0.411659631
   87.784077544    0.168974945    0.414769247
   87.825021610    0.170210473    0.417817833
   87.865965676    0.173708704    0.420798807
   87.906909742    0.180545923    0.423704777
   87.947853808    0.191600691    0.426527907
   87.988797874    0.207228872    0.429260981
   88.029741940    0.227175619    0.431898676
   88.070686006    0.250751004    0.434438402
   88.111630072    0.277166750    0.436880151
   88.152574138    0.305856109    0.439225302
   88.193518204    0.336614291    0.441474906
   88.234462270    0.369494050    0.443628343
   88.275406336    0.404519460    0.445683191
   88.316350402    0.441374941    0.447636594
   88.357294468    0.479238551    0.449487635
   88.398238534    0.516853553    0.451239588
   88.439182600    0.552809726    0.452900831
   88.480126666    0.585899591    0.454483698
   88.521070732    0.615379189    0.456001475
   88.562014798    0.641015878    0.457464673
   88.602958864    0.662918390    0.458878094
   88.643902930    0.681257658    0.460239954
   88.684846996    0.696041315    0.461543396
   88.725791062    0.707071700    0.462779712
   88.766735128    0.714114059    0.463941830
   88.807679194    0.717182792    0.465026656
   88.848623260    0.716782138    0.466035434
   88.889567326    0.713952588    0.466972362
   88.930511392    0.710069729    0.467842474
   88.971455458    0.706469794    0.468650076
   89.012399524    0.704069891    0.469398608
   89.053343590    0.703160929    0.470091948
   89.094287656    0.703470312    0.470736334
   89.135231722    0.704459359    0.471341712
   89.176175788    0.705703898    0.471921528
   89.217119855    0.707165621    0.472490761
   89.258063921    0.709218212    0.473062801
   89.299007987    0.712418062    0.473646395
   89.339952053    0.717140384    0.474243852
   89.380896119    0.723270543    0.474851247
   89.421840185    0.730111741    0.475460530
   89.462784251    0.736558544    0.476062783
   89.503728317    0.741449190    0.476651470
   89.544672383    0.743919260    0.477224641
   89.585616449    0.743582516    0.477785494
   89.626560515    0.740459696    0.478341275
   89.667504581    0.734712538    0.478901034
   89.708448647    0.726345532    0.479473003
   89.749392713    0.715055092    0.480062439
   89.790336779    0.700324669    0.480670518
   89.831280845    0.681727191    0.481294572
   89.872224911    0.659276315    0.481929557
   89.913168977    0.633630761    0.482570292
   89.954113043    0.606023971    0.483213800
   89.995057109    0.577930918    0.483861051
   90.036001175    0.550622531    0.484517570
   90.076945241    0.524821969    0.485192767
   90.117889307    0.500630187    0.485898229
   90.158833373    0.477752984    0.486645575
   90.199777439    0.455907168    0.487444582
   90.240721505    0.435190125    0.488302148
   90.281665571    0.416214421    0.489222306
   90.322609637    0.399929288    0.490207072
   90.363553703    0.387212703    0.491257661
   90.404497769    0.378438059    0.492375517
   90.445441835    0.373236453    0.493562760
   90.486385901    0.370580954    0.494822003
   90.527329967    0.369161493    0.496155728
   90.568274033    0.367878216    0.497565599
   90.609218099    0.366227025    0.499052022
   90.650162165    0.364407844    0.500614142
   90.691106231    0.363121909    0.502250226
   90.732050297    0.363169154    0.503958249
   90.772994363    0.365039978    0.505736449
   90.813938429    0.368681498    0.507583658
   90.854882495    0.373521565    0.509499327
   90.895826561    0.378708485    0.511483287
   90.936770627    0.383433553    0.513535370
   90.977714693    0.387186601    0.515655125
   91.018658759    0.389849844    0.517841789
   91.059602825    0.391625293    0.520094640
   91.100546891    0.392866200    0.522413651
   91.141490957    0.393909334    0.524800194
   91.182435023    0.394978603    0.527257369
   91.223379089    0.396176189    0.529789600
   91.264323155    0.397529579    0.532401345
   91.305267221    0.399045768    0.535095158
   91.346211287    0.400739118    0.537869733
   91.387155353    0.402629417    0.540718729
   91.428099420    0.404728635    0.543630981
   91.469043486    0.407036090    0.546592192
   91.509987552    0.409546254    0.549587541
   91.550931618    0.412256866    0.552604147
   91.591875684    0.415162197    0.555632298
   91.632819750    0.418229806    0.558664826
   91.673763816    0.421378021    0.561694840
   91.714707882    0.424479059    0.564712817
   91.755651948    0.427400134    0.567704388
   91.796596014    0.430067669    0.570649904
   91.837540080    0.432516466    0.573526041
   91.878484146    0.434884933    0.576308757
   91.919428212    0.437344874    0.578976299
   91.960372278    0.439996363    0.581510979
   92.001316344    0.442788696    0.583899108
   92.042260410    0.445524742    0.586129463
   92.083204476    0.447964499    0.588191394
   92.124148542    0.449984458    0.590073882
   92.165092608    0.451706891    0.591766300
   92.206036674    0.453515807    0.593260684
   92.246980740    0.455928602    0.594554487
   92.287924806    0.459369664    0.595652456
   92.328868872    0.463952366    0.596566679
   92.369812938    0.469383177    0.597314753
   92.410757004    0.475047635    0.597916937
   92.451701070    0.480248223    0.598393597
   92.492645136    0.484485851    0.598763995
   92.533589202    0.487652297    0.599046648
   92.574533268    0.490045078    0.599260559
   92.615477334    0.492205977    0.599426127
   92.656421400    0.494672037    0.599564680
   92.697365466    0.497766703    0.599696398
   92.738309532    0.501529310    0.599837331
   92.779253598    0.505801401    0.599996848
   92.820197664    0.510403471    0.600176781
   92.861141730    0.515292249    0.600372785
   92.902085796    0.520608407    0.600577363
   92.943029862    0.526593530    0.600783232
   92.983973928    0.533432099    0.600985571
   93.024917994    0.541115405    0.601182264
   93.065862060    0.549408095    0.601372333
   93.106806126    0.557936627    0.601553640
   93.147750192    0.566349546    0.601721299
   93.188694258    0.574462169    0.601867841
   93.229638324    0.582312263    0.601985225
   93.270582390    0.590107197    0.602067836
   93.311526456    0.598102925    0.602115102
   93.352470522    0.606485809    0.602132548
   93.393414588    0.615314518    0.602130943
   93.434358654    0.624533451    0.602124120
   93.475302720    0.634022939    0.602126664
   93.516246786    0.643634532    0.602152643
   93.557190852    0.653181533    0.602215846
   93.598134918    0.662398944    0.602331116
   93.639078985    0.670921737    0.602515664
   93.680023051    0.678329877    0.602789214
   93.720967117    0.684269645    0.603172408
   93.761911183    0.688606244    0.603683855
   93.802855249    0.691527490    0.604336973
   93.843799315    0.693528274    0.605138007
   93.884743381    0.695260125    0.606086089
   93.925687447    0.697301325    0.607175281
   93.966631513    0.699950590    0.608397580
   94.007575579    0.703142298    0.609745443
   94.048519645    0.706523490    0.611212661
   94.089463711    0.709652194    0.612793305
   94.130407777    0.712216537    0.614479461
   94.171351843    0.714167089    0.616259141
   94.212295909    0.715704297    0.618115699
   94.253239975    0.717140870    0.620029359
   94.294184041    0.718722605    0.621980402
   94.335128107    0.720506508    0.623952720
   94.376072173    0.722356164    0.625936218
   94.417016239    0.724045382    0.627927032
   94.457960305    0.725402100    0.629925525
   94.498904371    0.726407581    0.631932987
   94.539848437    0.727198068    0.633948512
   94.580792503    0.727975889    0.635967356
   94.621736569    0.728888625    0.637981359
   94.662680635    0.729949283    0.639981060
   94.703624701    0.731041448    0.641958471
   94.744568767    0.732000579    0.643909257
   94.785512833    0.732718348    0.645833507
   94.826456899    0.733206568    0.647734966
   94.867400965    0.733585074    0.649619233
   94.908345031    0.734005299    0.651491791
   94.949289097    0.734559046    0.653356615
   94.990233163    0.735228111    0.655215691
   95.031177229    0.735902912    0.657069340
   95.072121295    0.736455313    0.658916928
   95.113065361    0.736818899    0.660757533
   95.154009427    0.737027718    0.662590298
   95.194953493    0.737192014    0.664414470
   95.235897559    0.737428627    0.666229268
   95.276841625    0.737790463    0.668033754
   95.317785691    0.738238018    0.669826800
   95.358729757    0.738668495    0.671607150
   95.399673823    0.738982302    0.673373527
   95.440617889    0.739144765    0.675124765
   95.481561955    0.739205515    0.676859956
   95.522506021    0.739265389    0.678578626
   95.563450087    0.739413167    0.680280879
   95.604394153    0.739672083    0.681967406
   95.645338219    0.739988560    0.683639297
   95.686282285    0.740268525    0.685297629
   95.727226351    0.740437264    0.686943023
   95.768170417    0.740485209    0.688575383
   95.809114483    0.740471965    0.690194042
   95.850058550    0.740487569    0.691798296
   95.891002616    0.740596269    0.693388079
   95.931946682    0.740798070    0.694964366
   95.972890748    0.741031140    0.696528960
   96.013834814    0.741212298    0.698083591
   96.054778880    0.741289363    0.699628680
   96.095722946    0.741272692    0.701162377
   96.136667012    0.741227072    0.702680456
   96.177611078    0.741230193    0.704177320
   96.218555144    0.741324384    0.705647796
   96.259499210    0.741491646    0.707089001
   96.300443276    0.741666758    0.708501419
   96.341387342    0.741779212    0.709888679
   96.382331408    0.741797220    0.711256091
   96.423275474    0.741746466    0.712608590
   96.464219540    0.741692699    0.713948986
   96.505163606    0.741699974    0.715277240
   96.546107672    0.741791066    0.716590947
   96.587051738    0.741934568    0.717886613
   96.627995804    0.742065933    0.719160965
   96.668939870    0.742128531    0.720411624
   96.709883936    0.742108692    0.721636895
   96.750828002    0.742043167    0.722834939
   96.791772068    0.741995064    0.724002987
   96.832716134    0.742014030    0.725137119
   96.873660200    0.742105790    0.726232857
   96.914604266    0.742229751    0.727286256
   96.955548332    0.742325450    0.728294924
   96.996492398    0.742350711    0.729258425
   97.037436464    0.742307487    0.730177846
   97.078380530    0.742239626    0.731054776
   97.119324596    0.742204623    0.731890199
   97.160268662    0.742237546    0.732683829
   97.201212728    0.742329768    0.733434102
   97.242156794    0.742435401    0.734138702
   97.283100860    0.742500774    0.734795271
   97.324044926    0.742498081    0.735401966
   97.364988992    0.742442142    0.735957761
   97.405933058    0.742380228    0.736462611
   97.446877124    0.742361894    0.736917691
   97.487821190    0.742408060    0.737325794
   97.528765256    0.742498628    0.737691698
   97.569709322    0.742585944    0.738022161
   97.610653388    0.742625134    0.738325232
   97.651597454    0.742602056    0.738608888
   97.692541520    0.742541471    0.738879389
   97.733485586    0.742490771    0.739140013
   97.774429652    0.742489939    0.739390761
   97.815373718    0.742546768    0.739629228
   97.856317784    0.742632695    0.739852295
   97.897261850    0.742701403    0.740057900
   97.938205916    0.742718125    0.740246113
   97.979149982    0.742681118    0.740419087
   98.020094048    0.742622082    0.740580026
   98.061038115    0.742585679    0.740731776
   98.101982181    0.742601383    0.740875788
   98.142926247    0.742665387    0.741011947
   98.183870313    0.742743666    0.741139251
   98.224814379    0.742793854    0.741256878
   98.265758445    0.742791890    0.741365008
   98.306702511    0.742746697    0.741464962
   98.347646577    0.742693948    0.741558644
   98.388590643    0.742673250    0.741647663
   98.429534709    0.742703305    0.741732685
   98.470478775    0.742770640    0.741813359
   98.511422841    0.742838665    0.741888846
   98.552366907    0.742871007    0.741958569
   98.593310973    0.742854260    0.742022755
   98.634255039    0.742805921    0.742082433
   98.675199105    0.742762856    0.742138948
   98.716143171    0.742757867    0.742193291
   98.757087237    0.742799259    0.742245676
   98.798031303    0.742866111    0.742295592
   98.838975369    0.742921929    0.742342283
   98.879919435    0.742937780    0.742385348
   98.920863501    0.742910254    0.742425077
   98.961807567    0.742863119    0.742462353
   99.002751633    0.742831933    0.742498179
   99.043695699    0.742841571    0.742533158
   99.084639765    0.742890858    0.742567222
   99.125583831    0.742953790    0.742599785
   99.166527897    0.742996285    0.742630197
   99.207471963    0.742997668    0.742658215
   99.248416029    0.742963366    0.742684199
   99.289360095    0.742921032    0.742708928
   99.330304161    0.742902814    0.742733160
   99.371248227    0.742925145    0.742757219
   99.412192293    0.742978743    0.742780857
   99.453136359    0.743034896    0.742803476
   99.494080425    0.743063806    0.742824546
   99.535024491    0.743053271    0.742843972
   99.575968557    0.743016008    0.742862171
   99.616912623    0.742981231    0.742879833
   99.657856689    0.742976049    0.742897516
   99.698800755    0.743008525    0.742915335
   99.739744821    0.743062970    0.742932934
   99.780688887    0.743110208    0.742949743
   99.821632953    0.743126098    0.742965364
   99.862577019    0.743106571    0.742979833
   99.903521085    0.743069817    0.742993604
   99.944465151    0.743044484    0.743007278
   99.985409217    0.743051534    0.743021241
  100.026353283    0.743091252    0.743035450
  100.067297349    0.743143438    0.743049486
  100.108241415    0.743180435    0.743062841
  100.149185481    0.743184601    0.743075247
  100.190129547    0.743159184    0.743086851
  100.231073614    0.743125908    0.743098120
  100.272017680    0.743111028    0.743109558
  100.312961746    0.743128790    0.743121402
  100.353905812    0.743172720    0.743133488
  100.394849878    0.743220052    0.743145376
  100.435793944    0.743246295    0.743156637
  100.476738010    0.743240612    0.743167128
  100.517682076    0.743212372    0.743177081
  100.558626142    0.743184914    0.743186954
  100.599570208    0.743180661    0.743197152
  100.640514274    0.743207086    0.743207777
  100.681458340    0.743252291    0.743218582
  100.722402406    0.743292818    0.743229135
  100.763346472    0.743308558    0.743239098
  100.804290538    0.743295302    0.743248443
  100.845234604    0.743267094    0.743257461
  100.886178670    0.743247095    0.743266581
  100.927122736    0.743252903    0.743276104
  100.968066802    0.743285618    0.743286019
  101.009010868    0.743329450    0.743296023
  101.049954934    0.743361921    0.743305719
  101.090899000    0.743368079    0.743314866
  101.131843066    0.743349736    0.743323531
  101.172787132    0.743324030    0.743332043
  101.213731198    0.743312407    0.743340783
  101.254675264    0.743327094    0.743349947
  101.295619330    0.743363604    0.743359435
  101.336563396    0.743403847    0.743368913
  101.377507462    0.743427719    0.743378037
  101.418451528    0.743425740    0.743386662
  101.459395594    0.743404806    0.743394936
  101.500339660    0.743383571    0.743403197
  101.541283726    0.743380540    0.743411767
  101.582227792    0.743402471    0.743420745
  101.623171858    0.743440350    0.743429957
  101.664115924    0.743475329    0.743439068
  101.705059990    0.743490718    0.743447796
  101.746004056    0.743482409    0.743456088
  101.786948122    0.743461220    0.743464151
  101.827892188    0.743445849    0.743472316
  101.868836254    0.743451005    0.743480832
  101.909780320    0.743478266    0.743489712
  101.950724386    0.743515324    0.743498730
  101.991668452    0.743543955    0.743507567
  102.032612518    0.743551545    0.743516013
  102.073556584    0.743538899    0.743524098
  102.114500650    0.743519485    0.743532067
  102.155444716    0.743510770    0.743540226
  102.196388782    0.743523197    0.743548748
  102.237332848    0.743553770    0.743557569
  102.278276914    0.743588176    0.743566432
  102.319220980    0.743609961    0.743575053
  102.360165046    0.743610878    0.743583296
  102.401109112    0.743595905    0.743591260
  102.442053179    0.743579885    0.743599211
  102.482997245    0.743578046    0.743607413
  102.523941311    0.743596454    0.743615965
  102.564885377    0.743628379    0.743624739
  102.605829443    0.743658748    0.743633468
  102.646773509    0.743673734    0.743641911
  102.687717575    0.743669400    0.743650009
  102.728661641    0.743653980    0.743657915
  102.769605707    0.743642503    0.743665896
  102.810549773    0.743647254    0.743674166
  102.851493839    0.743670130    0.743682752
  102.892437905    0.743701644    0.743691477
  102.933381971    0.743727069    0.743700081
  102.974326037    0.743735762    0.743708378
  103.015270103    0.743727746    0.743716376
  103.056214169    0.743713509    0.743724269
  103.097158235    0.743707242    0.743732310
  103.138102301    0.743717891    0.743740656
  103.179046367    0.743743646    0.743749267
  103.219990433    0.743773277    0.743757935
  103.260934499    0.743793327    0.743766420
  103.301878565    0.743796580    0.743774595
  103.342822631    0.743786464    0.743782531
  103.383766697    0.743774713    0.743790445
  103.424710763    0.743773874    0.743798565
  103.465654829    0.743789439    0.743806983
  103.506598895    0.743816536    0.743815604
  103.547542961    0.743843164    0.743824204
  103.588487027    0.743857826    0.743832575
  103.629431093    0.743856719    0.743840653
  103.670375159    0.743845972    0.743848559
  103.711319225    0.743837639    0.743856520
  103.752263291    0.743842050    0.743864724
  103.793207357    0.743861383    0.743873204
  103.834151423    0.743888440    0.743881819
  103.875095489    0.743911316    0.743890341
  103.916039555    0.743920929    0.743898605
  103.956983621    0.743916649    0.743906608
  103.997927687    0.743906549    0.743914511
  104.038871753    0.743902201    0.743922536
  104.079815819    0.743911386    0.743930826
  104.120759885    0.743933285    0.743939354
  104.161703951    0.743959142    0.743947943
  104.202648017    0.743977872    0.743956380
  104.243592083    0.743983032    0.743964546
  104.284536149    0.743976771    0.743972496
  104.325480215    0.743968348    0.743980420
  104.366424281    0.743968220    0.743988522
  104.407368347    0.743981489    0.743996892
  104.448312413    0.744004794    0.744005451
  104.489256479    0.744028553    0.744013998
  104.530200545    0.744043050    0.744022342
  104.571144611    0.744044514    0.744030421
  104.612088677    0.744037385    0.744038339
  104.653032744    0.744031407    0.744046304
  104.693976810    0.744035456    0.744054492
  104.734920876    0.744052003    0.744062935
  104.775864942    0.744075664    0.744071506
  104.816809008    0.744096685    0.744079995
  104.857753074    0.744107104    0.744088243
  104.898697140    0.744105708    0.744096245
  104.939641206    0.744098691    0.744104153
  104.980585272    0.744095676    0.744112177
  105.021529338    0.744103651    0.744120455
  105.062473404    0.744122630    0.744128962
  105.103417470    0.744145742    0.744137527
  105.144361536    0.744163619    0.744145941
  105.185305602    0.744170292    0.744154090
  105.226249668    0.744166879    0.744162028
  105.267193734    0.744160800    0.744169945
  105.308137800    0.744161051    0.744178046
  105.349081866    0.744172557    0.744186420
  105.390025932    0.744193139    0.744194980
  105.430969998    0.744214954    0.744203519
  105.471914064    0.744229478    0.744211841
  105.512858130    0.744232846    0.744219886
  105.553802196    0.744228225    0.744227770
  105.594746262    0.744223756    0.744235718
  105.635690328    0.744227404    0.744243916
  105.676634394    0.744241965    0.744252394
  105.717578460    0.744263367    0.744260999
  105.758522526    0.744283282    0.744269491
  105.799466592    0.744294389    0.744277697
  105.840410658    0.744294955    0.744285623
  105.881354724    0.744289878    0.744293460
  105.922298790    0.744287563    0.744301464
  105.963242856    0.744294615    0.744309795
  106.004186922    0.744311709    0.744318402
  106.045130988    0.744333205    0.744327050
  106.086075054    0.744350731    0.744335462
  106.127019120    0.744358461    0.744343498
  106.167963186    0.744356761    0.744351260
  106.208907252    0.744351933    0.744359042
  106.249851318    0.744352214    0.744367153
  106.290795384    0.744362589    0.744375712
  106.331739450    0.744381667    0.744384544
  106.372683516    0.744402574    0.744393263
  106.413627582    0.744417305    0.744401500
  106.454571648    0.744421772    0.744409158
  106.495515714    0.744418372    0.744416527
  106.536459780    0.744414463    0.744424179
  106.577403846    0.744417715    0.744432649
  106.618347912    0.744431267    0.744442059
  106.659291978    0.744451745    0.744451872
  106.700236044    0.744471395    0.744460902
  106.741180110    0.744482982    0.744467598
  106.782124176    0.744484369    0.744470481
  106.823068242    0.744479876    0.744468529
  106.864012309    0.744477557    0.744461356
  106.904956375    0.744484107    0.744449133
  106.945900441    0.744500616    0.744432302
  106.986844507    0.744521854    0.744411263
  107.027788573    0.744539568    0.744386167
  107.068732639    0.744547706    0.744356895
  107.109676705    0.744546274    0.744323190
  107.150620771    0.744541369    0.744284841
  107.191564837    0.744541333    0.744241798
  107.232508903    0.744551465    0.744194177
  107.273452969    0.744570618    0.744142155
  107.314397035    0.744591884    0.744085852
  107.355341101    0.744606948    0.744025260
  107.396285167    0.744611381    0.743960271
  107.437229233    0.744607507    0.743890754
  107.478173299    0.744602983    0.743816647
  107.519117365    0.744605967    0.743737987
  107.560061431    0.744619900    0.743654880
  107.601005497    0.744641247    0.743567419
  107.641949563    0.744661676    0.743475627
  107.682893629    0.744673332    0.743379447
  107.723837695    0.744673885    0.743278783
  107.764781761    0.744668107    0.743173569
  107.805725827    0.744664913    0.743063813
  107.846669893    0.744671696    0.742949584
  107.887613959    0.744689547    0.742830965
  107.928558025    0.744712442    0.742707998
  107.969502091    0.744730995    0.742580654
  108.010446157    0.744738446    0.742448856
  108.051390223    0.744735076    0.742312534
  108.092334289    0.744728165    0.742171669
  108.133278355    0.744727438    0.742026308
  108.174222421    0.744738828    0.741876528
  108.215166487    0.744760550    0.741722385
  108.256110553    0.744784080    0.741563878
  108.297054619    0.744799511    0.741400948
  108.337998685    0.744801946    0.741233520
  108.378942751    0.744794809    0.741061553
  108.419886817    0.744787841    0.740885065
  108.460830883    0.744790945    0.740704125
  108.501774949    0.744807751    0.740518802
  108.542719015    0.744833059    0.740329122
  108.583663081    0.744855962    0.740135051
  108.624607147    0.744866774    0.739936515
  108.665551213    0.744863391    0.739733452
  108.706495279    0.744852924    0.739525851
  108.747439345    0.744847376    0.739313762
  108.788383411    0.744855962    0.739097259
  108.829327477    0.744878978    0.738876396
  108.870271543    0.744907256    0.738651167
  108.911215609    0.744927802    0.738421512
  108.952159675    0.744932159    0.738187356
  108.993103741    0.744922165    0.737948658
  109.034047807    0.744909190    0.737705438
  109.074991874    0.744907101    0.737457765
  109.115935940    0.744923244    0.737205712
  109.156880006    0.744953283    0.736949307
  109.197824072    0.744983470    0.736688514
  109.238768138    0.744999224    0.736423258
  109.279712204    0.744994718    0.736153472
  109.320656270    0.744977233    0.735879142
  109.361600336    0.744963100    0.735600318
  109.402544402    0.744967438    0.735317078
  109.443488468    0.744994049    0.735029482
  109.484432534    0.745032150    0.734737528
  109.525376600    0.745062537    0.734441156
  109.566320666    0.745069755    0.734140284
  109.607264732    0.745052662    0.733834864
  109.648208798    0.745026304    0.733524911
  109.689152864    0.745013198    0.733210498
  109.730096930    0.745028937    0.732891704
  109.771040996    0.745071154    0.732568568
  109.811985062    0.745119422    0.732241056
  109.852929128    0.745147136    0.731909089
  109.893873194    0.745138702    0.731572589
  109.934817260    0.745101200    0.731231533
  109.975761326    0.745062290    0.730885968
  110.016705392    0.745054190    0.730535983
  110.057649458    0.745092640    0.730181647
  110.098593524    0.745163988    0.729822969
  110.139537590    0.745229876    0.729459886
  110.180481656    0.745248929    0.729092307
  110.221425722    0.745203946    0.728720169
  110.262369788    0.745118116    0.728343482
  110.303313854    0.745048234    0.727962320
  110.344257920    0.745055152    0.727576778
  110.385201986    0.745165144    0.727186907
  110.426146052    0.745342792    0.726792681
  110.467090118    0.745491930    0.726394012
  110.508034184    0.745487494    0.725990806
  110.548978250    0.745225036    0.725583025
  110.589922316    0.744664672    0.725170713
  110.630866382    0.743848123    0.724753971
  110.671810448    0.742880539    0.724332888
  110.712754514    0.741886113    0.723907487
  110.753698580    0.740959100    0.723477703
  110.794642646    0.740133134    0.723043429
  110.835586712    0.739381406    0.722604581
  110.876530778    0.738644119    0.722161154
  110.917474844    0.737866491    0.721713232
  110.958418910    0.737027070    0.721260928
  110.999362976    0.736143420    0.720804318
  111.040307042    0.735255648    0.720343385
  111.081251108    0.734399969    0.719878030
  111.122195174    0.733588346    0.719408132
  111.163139240    0.732804876    0.718933628
  111.204083306    0.732018857    0.718454558
  111.245027373    0.731204920    0.717971040
  111.285971439    0.730357616    0.717483195
  111.326915505    0.729492460    0.716991071
  111.367859571    0.728634249    0.716494604
  111.408803637    0.727800966    0.715993659
  111.449747703    0.726993430    0.715488115
  111.490691769    0.726196425    0.714977944
  111.531635835    0.725389571    0.714463235
  111.572579901    0.724560423    0.713944141
  111.613523967    0.723711537    0.713420779
  111.654468033    0.722857633    0.712893153
  111.695412099    0.722015408    0.712361146
  111.736356165    0.721192907    0.711824589
  111.777300231    0.720385112    0.711283373
  111.818244297    0.719578070    0.710737519
  111.859188363    0.718758349    0.710187177
  111.900132429    0.717921511    0.709632533
  111.941076495    0.717074316    0.709073685
  111.982020561    0.716229681    0.708510578
  112.022964627    0.715398044    0.707943026
  112.063908693    0.714580857    0.707370827
  112.104852759    0.713770210    0.706793897
  112.145796825    0.712954475    0.706212331
  112.186740891    0.712125993    0.705626358
  112.227684957    0.711285780    0.705036202
  112.268629023    0.710442374    0.704441928
  112.309573089    0.709605901    0.703843390
  112.350517155    0.708781431    0.703240298
  112.391461221    0.707965957    0.702632401
  112.432405287    0.707150769    0.702019655
  112.473349353    0.706327419    0.701402279
  112.514293419    0.705493222    0.700780654
  112.555237485    0.704652739    0.700155087
  112.596181551    0.703814442    0.699525602
  112.637125617    0.702984970    0.698891860
  112.678069683    0.702164838    0.698253298
  112.719013749    0.701348359    0.697609443
  112.759957815    0.700527660    0.696960253
  112.800901881    0.699697996    0.696306314
  112.841845947    0.698860776    0.695648802
  112.882790013    0.698022410    0.694989201
  112.923734079    0.697189846    0.694328906
  112.964678145    0.696365907    0.693668886
  113.005622211    0.695547523    0.693009539
  113.046566277    0.694727962    0.692350768
  113.087510343    0.693901471    0.691692222
  113.128454409    0.693067133    0.691033557
  113.169398475    0.692229387    0.690374607
  113.210342541    0.691394906    0.689715412
  113.251286607    0.690568021    0.689056125
  113.292230673    0.689747808    0.688396896
  113.333174739    0.688928780    0.687737793
  113.374118805    0.688104682    0.687078794
  113.415062871    0.687272781    0.686419836
  113.456006938    0.686435726    0.685760868
  113.496951004    0.685599720    0.685101872
  113.537895070    0.684770259    0.684442853
  113.578839136    0.683948351    0.683783806
  113.619783202    0.683129787    0.683124715
  113.660727268    0.682308000    0.682465571
  113.701671334    0.681478558    0.681806400
  113.742615400    0.680642254    0.681147266
  113.783559466    0.679804647    0.680488241
  113.824503532    0.678972316    0.679829346
  113.865447598    0.678148348    0.679170516
  113.906391664    0.677330127    0.678511613
  113.947335730    0.676510994    0.677852510
  113.988279796    0.675684717    0.677193182
  114.029223862    0.674849795    0.676533759
  114.070167928    0.674010634    0.675874478
  114.111111994    0.673174712    0.675215547
  114.152056060    0.672347558    0.674556990
  114.193000126    0.671528885    0.673898568
  114.233944192    0.670712579    0.673239851
  114.274888258    0.669890654    0.672580448
  114.315832324    0.669058636    0.671920294
  114.356776390    0.668218755    0.671259869
  114.397720456    0.667378707    0.670600224
  114.438664522    0.666546645    0.669942778
  114.479608588    0.665725660    0.669288968
  114.520552654    0.664911452    0.668639879
  114.561496720    0.664094921    0.667996026
  114.602440786    0.663268103    0.667357357
  114.643384852    0.662429613    0.666723461
  114.684328918    0.661585893    0.666093870
  114.725272984    0.660747241    0.665468308
  114.766217050    0.659921054    0.664846789
  114.807161116    0.659106710    0.664229547
  114.848105182    0.658295580    0.663616864
  114.889049248    0.657476419    0.663008911
  114.929993314    0.656642780    0.662405670
  114.970937380    0.655797583    0.661806977
  115.011881446    0.654951657    0.661212635
  115.052825512    0.654116918    0.660622535
  115.093769578    0.653298466    0.660036698
  115.134713644    0.652490800    0.659455250
  115.175657710    0.651680894    0.658878333
  115.216601776    0.650856456    0.658306021
  115.257545842    0.650014152    0.657738292
  115.298489908    0.649162354    0.657175046
  115.339433974    0.648316277    0.656616180
  115.380378040    0.647488283    0.656061640
  115.421322106    0.646679497    0.655511447
  115.462266172    0.645878348    0.654965679
  115.503210238    0.645067411    0.654424415
  115.544154304    0.644234570    0.653887694
  115.585098370    0.643381396    0.653355499
  115.626042436    0.642523071    0.652827769
  115.666986503    0.641679321    0.652304444
  115.707930569    0.640861718    0.651785493
  115.748874635    0.640065410    0.651270928
  115.789818701    0.639271030    0.650760794
  115.830762767    0.638456288    0.650255140
  115.871706833    0.637610427    0.649753991
  115.912650899    0.636742329    0.649257344
  115.953594965    0.635876466    0.648765164
  115.994539031    0.635038290    0.648277413
  116.035483097    0.634237580    0.647794062
  116.076427163    0.633460359    0.647315112
  116.117371229    0.632675417    0.646840584
  116.158315295    0.631852764    0.646370515
  116.199259361    0.630983434    0.645904933
  116.240203427    0.630088183    0.645443847
  116.281147493    0.629208201    0.644987240
  116.322091559    0.628381444    0.644535081
  116.363035625    0.627617440    0.644087333
  116.403979691    0.626885902    0.643643983
  116.444923757    0.626128133    0.643205041
  116.485867823    0.625287977    0.642770543
  116.526811889    0.624347622    0.642340529
  116.567755955    0.623349344    0.641915019
  116.608700021    0.622390073    0.641494004
  116.649644087    0.621588862    0.641077445
  116.690588153    0.621041065    0.640665296
  116.731532219    0.620780200    0.640257531
  116.772476285    0.620765100    0.639854160
  116.813420351    0.620897937    0.639455229
  116.854364417    0.621064041    0.639060789
  116.895308483    0.621174779    0.638670870
  116.936252549    0.621194482    0.638285459
  116.977196615    0.621141393    0.637904504
  117.018140681    0.621065586    0.637527944
  117.059084747    0.621017231    0.637155749
  117.100028813    0.621021402    0.636787939
  117.140972879    0.621070242    0.636424574
  117.181916945    0.621133301    0.636065720
  117.222861011    0.621177712    0.635711406
  117.263805077    0.621186237    0.635361607
  117.304749143    0.621164091    0.635016251
  117.345693209    0.621132673    0.634675268
  117.386637275    0.621115497    0.634338631
  117.427581341    0.621124962    0.634006376
  117.468525407    0.621157012    0.633678584
  117.509469473    0.621195492    0.633355329
  117.550413539    0.621222587    0.633036632
  117.591357605    0.621228884    0.632722446
  117.632301671    0.621217623    0.632412682
  117.673245737    0.621201510    0.632107262
  117.714189803    0.621194674    0.631806172
  117.755133869    0.621204703    0.631509474
  117.796077935    0.621229079    0.631217265
  117.837022001    0.621257509    0.630929623
  117.877966068    0.621278294    0.630646551
  117.918910134    0.621284908    0.630367976
  117.959854200    0.621279200    0.630093790
  118.000798266    0.621269753    0.629823920
  118.041742332    0.621266694    0.629558372
  118.082686398    0.621275998    0.629297234
  118.123630464    0.621296415    0.629040622
  118.164574530    0.621320536    0.628788606
  118.205518596    0.621339184    0.628541163
  118.246462662    0.621346595    0.628298192
  118.287406728    0.621343529    0.628059571
  118.328350794    0.621336656    0.627825237
  118.369294860    0.621334670    0.627595229
  118.410238926    0.621343337    0.627369662
  118.451182992    0.621362244    0.627148661
  118.492127058    0.621385085    0.626932281
  118.533071124    0.621403297    0.626720468
  118.574015190    0.621411002    0.626513089
  118.614959256    0.621408439    0.626310018
  118.655903322    0.621401876    0.626111212
  118.696847388    0.621400005    0.625916745
  118.737791454    0.621408846    0.625726761
  118.778735520    0.621428133    0.625541386
  118.819679586    0.621451351    0.625360651
  118.860623652    0.621469505    0.625184462
  118.901567718    0.621476469    0.625012663
  118.942511784    0.621472752    0.624845128
  118.983455850    0.621465357    0.624681844
  119.024399916    0.621463691    0.624522922
  119.065343982    0.621473889    0.624368534
  119.106288048    0.621494975    0.624218799
  119.147232114    0.621519258    0.624073714
  119.188176180    0.621536881    0.623933146
  119.229120246    0.621541839    0.623796914
  119.270064312    0.621535802    0.623664902
  119.311008378    0.621527301    0.623537133
  119.351952444    0.621526623    0.623413762
  119.392896510    0.621539463    0.623294979
  119.433840576    0.621563240    0.623180896
  119.474784642    0.621588482    0.623071468
  119.515728708    0.621604546    0.622966519
  119.556672774    0.621606257    0.622865846
  119.597616840    0.621597298    0.622769345
  119.638560906    0.621588144    0.622677081
  119.679504972    0.621589663    0.622589255
  119.720449038    0.621606287    0.622506084
  119.761393104    0.621633055    0.622427667
  119.802337170    0.621658488    0.622353915
  119.843281236    0.621671667    0.622284600
  119.884225302    0.621669134    0.622219487
  119.925169368    0.621657270    0.622158477
  119.966113434    0.621648504    0.622101681
  120.007057500    0.621653603    0.622049363
  120.048001566    0.621674815    0.622001791
  120.088945633    0.621704239    0.621959073
  120.129889699    0.621728594    0.621921077
  120.170833765    0.621737506    0.621887485
  120.211777831    0.621730159    0.621857965
  120.252721897    0.621716032    0.621832369
  120.293665963    0.621709110    0.621810849
  120.334610029    0.621719111    0.621793817
  120.375554095    0.621745215    0.621781760
  120.416498161    0.621776357    0.621774974
  120.457442227    0.621798040    0.621773339
  120.498386293    0.621801479    0.621776220
  120.539330359    0.621789304    0.621782546
  120.580274425    0.621774130    0.621791020
  120.621218491    0.621770726    0.621800396
  120.662162557    0.621786669    0.621809722
  120.703106623    0.621817373    0.621818470
  120.744050689    0.621848769    0.621826542
  120.784994755    0.621866081    0.621834159
  120.825938821    0.621863219    0.621841683
  120.866882887    0.621846823    0.621849435
  120.907826953    0.621832275    0.621857573
  120.948771019    0.621834059    0.621866047
  120.989715085    0.621856518    0.621874652
  121.030659151    0.621890903    0.621883139
  121.071603217    0.621920712    0.621891341
  121.112547283    0.621932069    0.621899249
  121.153491349    0.621922618    0.621907008
  121.194435415    0.621903221    0.621914840
  121.235379481    0.621891262    0.621922918
  121.276323547    0.621899678    0.621931275
  121.317267613    0.621928630    0.621939788
  121.358211679    0.621965195    0.621948243
  121.399155745    0.621991382    0.621956462
  121.440099811    0.621995530    0.621964404
  121.481043877    0.621979841    0.621972190
  121.521987943    0.621959199    0.621980033
  121.562932009    0.621951880    0.621988116
  121.603876075    0.621967946    0.621996477
  121.644820141    0.622002704    0.622004989
  121.685764207    0.622039469    0.622013431
  121.726708273    0.622060026    0.622021621
  121.767652339    0.622056223    0.622029529
  121.808596405    0.622035320    0.622037297
  121.849540471    0.622015590    0.622045155
  121.890484537    0.622014822    0.622053279
  121.931428603    0.622038970    0.622061686
  121.972372669    0.622078183    0.622070217
  122.013316735    0.622112863    0.622078633
  122.054260801    0.622126028    0.622086763
  122.095204867    0.622114178    0.622094611
  122.136148933    0.622089720    0.622102356
  122.177092999    0.622073268    0.622110245
  122.218037065    0.622080612    0.622118437
  122.258981132    0.622112580    0.622126906
  122.299925198    0.622154309    0.622135451
  122.340869264    0.622184512    0.622143820
  122.381813330    0.622188974    0.622151867
  122.422757396    0.622169706    0.622159647
  122.463701462    0.622143878    0.622167381
  122.504645528    0.622133062    0.622175324
  122.545589594    0.622149536    0.622183604
  122.586533660    0.622188331    0.622192136
  122.627477726    0.622230184    0.622200678
  122.668421792    0.622253643    0.622208975
  122.709365858    0.622248713    0.622216924
  122.750309924    0.622223378    0.622224639
  122.791253990    0.622198727    0.622232384
