    0.000000000    0.441160956    0.441195614
    0.031495435    0.441229502    0.441202434
    0.062990871    0.441289951    0.441209201
    0.094486306    0.441321533    0.441215620
    0.125981742    0.441314437    0.441221518
    0.157477177    0.441273618    0.441226915
    0.188972612    0.441216957    0.441232016
    0.220468048    0.441168475    0.441237131
    0.251963483    0.441149164    0.441242561
    0.283458919    0.441168942    0.441248480
    0.314954354    0.441222807    0.441254868
    0.346449790    0.441292691    0.441261516
    0.377945225    0.441354316    0.441268106
    0.409440660    0.441386459    0.441274329
    0.440936096    0.441379088    0.441280005
    0.472431531    0.441337247    0.441285150
    0.503926967    0.441279197    0.441289969
    0.535422402    0.441229480    0.441294783
    0.566917837    0.441209559    0.441299903
    0.598413273    0.441229588    0.441305511
    0.629908708    0.441284480    0.441311589
    0.661404144    0.441355783    0.441317926
    0.692899579    0.441418682    0.441324191
    0.724395014    0.441451463    0.441330065
    0.755890450    0.441443839    0.441335355
    0.787385885    0.441400937    0.441340070
    0.818881321    0.441341406    0.441344420
    0.850376756    0.441290344    0.441348733
    0.881872191    0.441269722    0.441353331
    0.913367627    0.441289970    0.441358405
    0.944863062    0.441345924    0.441363942
    0.976358498    0.441418736    0.441369724
    1.007853933    0.441483016    0.441375410
    1.039349369    0.441516519    0.441380666
    1.070844804    0.441508668    0.441385283
    1.102340239    0.441464657    0.441389266
    1.133835675    0.441403539    0.441392823
    1.165331110    0.441351004    0.441396290
    1.196826546    0.441329582    0.441400002
    1.228321981    0.441350009    0.441404159
    1.259817416    0.441407062    0.441408753
    1.291312852    0.441481481    0.441413559
    1.322808287    0.441547263    0.441418224
    1.354303723    0.441581581    0.441422393
    1.385799158    0.441573528    0.441425842
    1.417294593    0.441528351    0.441428564
    1.448790029    0.441465524    0.441430766
    1.480285464    0.441411370    0.441432791
    1.511780900    0.441389029    0.441434985
    1.543276335    0.441409587    0.441437559
    1.574771770    0.441467778    0.441440509
    1.606267206    0.441543911    0.441443602
    1.637762641    0.441611327    0.441446469
    1.669258077    0.441646562    0.441448732
    1.700753512    0.441638333    0.441450144
    1.732248948    0.441591923    0.441450682
    1.763744383    0.441527242    0.441450548
    1.795239818    0.441471297    0.441450091
    1.826735254    0.441447894    0.441449666
    1.858230689    0.441468520    0.441449497
    1.889726125    0.441527882    0.441449580
    1.921221560    0.441605842    0.441449674
    1.952716995    0.441675033    0.441449387
    1.984212431    0.441711289    0.441448310
    2.015707866    0.441702904    0.441446167
    2.047203302    0.441655174    0.441442911
    2.078698737    0.441588469    0.441438732
    2.110194172    0.441530528    0.441433978
    2.141689608    0.441505893    0.441429015
    2.173185043    0.441526505    0.441424073
    2.204680479    0.441587067    0.441419148
    2.236175914    0.441666969    0.441413984
    2.267671349    0.441738083    0.441408157
    2.299166785    0.441775472    0.441401219
    2.330662220    0.441766943    0.441392848
    2.362157656    0.441717785    0.441382960
    2.393653091    0.441648848    0.441371723
    2.425148527    0.441588664    0.441359477
    2.456643962    0.441562585    0.441346587
    2.488139397    0.441583067    0.441333289
    2.519634833    0.441644835    0.441319568
    2.551130268    0.441726787    0.441305147
    2.582625704    0.441799968    0.441289555
    2.614121139    0.441838588    0.441272283
    2.645616574    0.441829903    0.441252946
    2.677112010    0.441779164    0.441231400
    2.708607445    0.441707726    0.441207768
    2.740102881    0.441644980    0.441182365
    2.771598316    0.441617174    0.441155546
    2.803093751    0.441637354    0.441127535
    2.834589187    0.441700295    0.441098297
    2.866084622    0.441784378    0.441067511
    2.897580058    0.441859750    0.441034636
    2.929075493    0.441899677    0.440999071
    2.960570928    0.441890784    0.440960326
    2.992066364    0.441838253    0.440918159
    3.023561799    0.441763966    0.440872611
    3.055057235    0.441698251    0.440823937
    3.086552670    0.441668347    0.440772453
    3.118048106    0.441687974    0.440718345
    3.149543541    0.441751994    0.440661532
    3.181038976    0.441838245    0.440601613
    3.212534412    0.441915894    0.440537936
    3.244029847    0.441957156    0.440469746
    3.275525283    0.441947934    0.440396385
    3.307020718    0.441893297    0.440317437
    3.338516153    0.441815681    0.440232792
    3.370011589    0.441746434    0.440142583
    3.401507024    0.441713903    0.440047029
    3.433002460    0.441732577    0.439946234
    3.464497895    0.441797449    0.439840020
    3.495993330    0.441885787    0.439727851
    3.527488766    0.441965686    0.439608879
    3.558984201    0.442008186    0.439482099
    3.590479637    0.441998359    0.439346557
    3.621975072    0.441941112    0.439201526
    3.653470507    0.441859460    0.439046602
    3.684965943    0.441785869    0.438881670
    3.716461378    0.441749923    0.438706746
    3.747956814    0.441766998    0.438521766
    3.779452249    0.441832274    0.438326376
    3.810947685    0.441922420    0.438119810
    3.842443120    0.442004353    0.437900893
    3.873938555    0.442047794    0.437668178
    3.905433991    0.442036853    0.437420158
    3.936929426    0.441976208    0.437155494
    3.968424862    0.441889481    0.436873170
    3.999920297    0.441810363    0.436572532
    4.031415732    0.441769827    0.436253176
    4.062911168    0.441784275    0.435914731
    4.094406603    0.441849144    0.435556593
    4.125902039    0.441940468    0.435177671
    4.157397474    0.442023866    0.434776229
    4.188892909    0.442067566    0.434349832
    4.220388345    0.442054558    0.433895413
    4.251883780    0.441989206    0.433409424
    4.283379216    0.441895760    0.432888023
    4.314874651    0.441809260    0.432327272
    4.346370086    0.441762251    0.431723297
    4.377865522    0.441772325    0.431072438
    4.409360957    0.441835263    0.430371364
    4.440856393    0.441926439    0.429617185
    4.472351828    0.442010027    0.428807547
    4.503847264    0.442052559    0.427940696
    4.535342699    0.442035710    0.427015496
    4.566838134    0.441963419    0.426031362
    4.598333570    0.441860583    0.424988121
    4.629829005    0.441763738    0.423885811
    4.661324441    0.441707213    0.422724475
    4.692819876    0.441709995    0.421504005
    4.724315311    0.441768322    0.420224103
    4.755810747    0.441856878    0.418884366
    4.787306182    0.441938222    0.417484495
    4.818801618    0.441976935    0.416024548
    4.850297053    0.441953131    0.414505163
    4.881792488    0.441870177    0.412927654
    4.913287924    0.441753621    0.411293929
    4.944783359    0.441641651    0.409606243
    4.976278795    0.441570638    0.407866840
    5.007774230    0.441561213    0.406077600
    5.039269665    0.441610211    0.404239803
    5.070765101    0.441691593    0.402354085
    5.102260536    0.441766101    0.400420619
    5.133755972    0.441796046    0.398439442
    5.165251407    0.441759664    0.396410823
    5.196746843    0.441659545    0.394335523
    5.228242278    0.441521877    0.392214846
    5.259737713    0.441386687    0.390050422
    5.291233149    0.441292693    0.387843799
    5.322728584    0.441262488    0.385595950
    5.354224020    0.441293697    0.383306896
    5.385719455    0.441359536    0.380975576
    5.417214890    0.441418680    0.378600054
    5.448710326    0.441430776    0.376178028
    5.480205761    0.441371765    0.373707482
    5.511701197    0.441243183    0.371187281
    5.543196632    0.441071810    0.368617484
    5.574692067    0.440899717    0.365999225
    5.606187503    0.440768351    0.363334169
    5.637682938    0.440702663    0.360623663
    5.669178374    0.440701314    0.357867870
    5.700673809    0.440736756    0.355065159
    5.732169245    0.440765277    0.352212047
    5.763664680    0.440743329    0.349303787
    5.795160115    0.440643991    0.346335546
    5.826655551    0.440467319    0.343303919
    5.858150986    0.440240566    0.340208385
    5.889646422    0.440008057    0.337052313
    5.921141857    0.439814418    0.333843183
    5.952637292    0.439687468    0.330591906
    5.984132728    0.439627237    0.327311341
    6.015628163    0.439605399    0.324014313
    6.047123599    0.439575449    0.320711608
    6.078619034    0.439489931    0.317410368
    6.110114469    0.439318265    0.314113280
    6.141609905    0.439058410    0.310818686
    6.173105340    0.438737857    0.307521537
    6.204600776    0.438403401    0.304214907
    6.236096211    0.438103432    0.300891658
    6.267591646    0.437869316    0.297545844
    6.299087082    0.437702941    0.294173555
    6.330582517    0.437575231    0.290773080
    6.362077953    0.437436355    0.287344479
    6.393573388    0.437233963    0.283888790
    6.425068824    0.436932643    0.280407196
    6.456564259    0.436527274    0.276900427
    6.488059694    0.436045095    0.273368573
    6.519555130    0.435535535    0.269811328
    6.551050565    0.435051435    0.266228518
    6.582546001    0.434628621    0.262620718
    6.614041436    0.434271526    0.258989690
    6.645536871    0.433950384    0.255338503
    6.677032307    0.433611280    0.251671280
    6.708527742    0.433195473    0.247992654
    6.740023178    0.432660867    0.244307138
    6.771518613    0.431997577    0.240618606
    6.803014048    0.431231594    0.236930072
    6.834509484    0.430414947    0.233243851
    6.866004919    0.429605801    0.229562025
    6.897500355    0.428845787    0.225887089
    6.928995790    0.428143027    0.222222540
    6.960491225    0.427467359    0.218573222
    6.991986661    0.426759789    0.214945297
    7.023482096    0.425952930    0.211345836
    7.054977532    0.424994972    0.207782122
    7.086472967    0.423868297    0.204260854
    7.117968403    0.422595626    0.200787432
    7.149463838    0.421231136    0.197365475
    7.180959273    0.419839511    0.193996648
    7.212454709    0.418470445    0.190680756
    7.243950144    0.417138010    0.187415990
    7.275445580    0.415812636    0.184199207
    7.306941015    0.414429008    0.181026093
    7.338436450    0.412907314    0.177891176
    7.369931886    0.411180344    0.174787709
    7.401427321    0.409216553    0.171707493
    7.432922757    0.407030507    0.168640795
    7.464418192    0.404676530    0.165576435
    7.495913627    0.402227409    0.162502107
    7.527409063    0.399745500    0.159404905
    7.558904498    0.397256500    0.156271974
    7.590399934    0.394735436    0.153091146
    7.621895369    0.392110221    0.149851461
    7.653390804    0.389282023    0.146543498
    7.684886240    0.386155694    0.143159519
    7.716381675    0.382669806    0.139693478
    7.747877111    0.378815820    0.136140983
    7.779372546    0.374639395    0.132499295
    7.810867982    0.370222837    0.128767399
    7.842363417    0.365653916    0.124946110
    7.873858852    0.360990758    0.121038166
    7.905354288    0.356233666    0.117048183
    7.936849723    0.351312352    0.112982427
    7.968345159    0.346092031    0.108848379
    7.999840594    0.340395996    0.104654159
    8.031336029    0.334037647    0.100407931
    8.062831465    0.326852915    0.096117449
    8.094326900    0.318725048    0.091789842
    8.125822336    0.309597171    0.087431704
    8.157317771    0.299472342    0.083049410
    8.188813206    0.288404458    0.078649540
    8.220308642    0.276485000    0.074239206
    8.251804077    0.263830058    0.069826140
    8.283299513    0.250569876    0.065418439
    8.314794948    0.236840624    0.061024033
    8.346290383    0.222776488    0.056649992
    8.377785819    0.208500287    0.052301908
    8.409281254    0.194112521    0.047983554
    8.440776690    0.179681178    0.043696943
    8.472272125    0.165236363    0.039442777
    8.503767561    0.150773777    0.035221142
    8.535262996    0.136268795    0.031032176
    8.566758431    0.121699006    0.026876458
    8.598253867    0.107069092    0.022754915
    8.629749302    0.092429506    0.018668206
    8.661244738    0.077881023    0.014615743
    8.692740173    0.063561089    0.010594651
    8.724235608    0.049614025    0.006599054
    8.755731044    0.036153415    0.002620011
    8.787226479    0.023229015   -0.001353724
    8.818721915    0.010810430   -0.005334182
    8.850217350   -0.001204875   -0.009332211
    8.881712785   -0.012959743   -0.013355517
    8.913208221   -0.024590889   -0.017407240
    8.944703656   -0.036183352   -0.021485448
    8.976199092   -0.047742472   -0.025583749
    9.007694527   -0.059195122   -0.029692875
    9.039189962   -0.070422225   -0.033802883
    9.070685398   -0.081313150   -0.037905417
    9.102180833   -0.091823519   -0.041995459
    9.133676269   -0.102014796   -0.046072166
    9.165171704   -0.112058546   -0.050138621
    9.196667140   -0.122199517   -0.054200612
    9.228162575   -0.132686252   -0.058264860
    9.259658010   -0.143690892   -0.062337169
    9.291153446   -0.155246229   -0.066421034
    9.322648881   -0.167225091   -0.070517035
    9.354144317   -0.179374806   -0.074623106
    9.385639752   -0.191401256   -0.078735521
    9.417135187   -0.203078737   -0.082850227
    9.448630623   -0.214349804   -0.086964079
    9.480126058   -0.225378253   -0.091075597
    9.511621494   -0.236529859   -0.095185051
    9.543116929   -0.248276675   -0.099293876
    9.574612364   -0.261045501   -0.103403689
    9.606107800   -0.275051709   -0.107515234
    9.637603235   -0.290168886   -0.111627672
    9.669098671   -0.305878969   -0.115738442
    9.700594106   -0.321327294   -0.119843798
    9.732089541   -0.335477810   -0.123939857
    9.763584977   -0.347333999   -0.128023845
    9.795080412   -0.356169887   -0.132095159
    9.826575848   -0.361709768   -0.136155896
    9.858071283   -0.364207123   -0.140210635
    9.889566719   -0.364399721   -0.144265494
    9.921062154   -0.363351440   -0.148326667
    9.952557589   -0.362222159   -0.152398812
    9.984053025   -0.362026070   -0.156483708
   10.015548460   -0.363440379   -0.160579543
   10.047043896   -0.366710402   -0.164681040
   10.078539331   -0.371668415   -0.168780417
   10.110034766   -0.377851217   -0.172868983
   10.141530202   -0.384674772   -0.176939001
   10.173025637   -0.391611305   -0.180985403
   10.204521073   -0.398318150   -0.185006982
   10.236016508   -0.404686409   -0.189006816
   10.267511943   -0.410804709   -0.192991844
   10.299007379   -0.416860071   -0.196971752
   10.330502814   -0.423015877   -0.200957420
   10.361998250   -0.429310933   -0.204959306
   10.393493685   -0.435613148   -0.208986106
   10.424989121   -0.441640602   -0.213043936
   10.456484556   -0.447038987   -0.217136142
   10.487979991   -0.451485563   -0.221263683
   10.519475427   -0.454781885   -0.225425884
   10.550970862   -0.456902756   -0.229621297
   10.582466298   -0.457984864   -0.233848412
   10.613961733   -0.458259682   -0.238106014
   10.645457168   -0.457954118   -0.242393123
   10.676952604   -0.457192954   -0.246708583
   10.708448039   -0.455935957   -0.251050461
   10.739943475   -0.453970571   -0.255415478
   10.771438910   -0.450962556   -0.259798672
   10.802934345   -0.446548210   -0.264193406
   10.834429781   -0.440439165   -0.268591731
   10.865925216   -0.432507957   -0.272985000
   10.897420652   -0.422830304   -0.277364541
   10.928916087   -0.411675057   -0.281722197
   10.960411522   -0.399449875   -0.286050580
   10.991906958   -0.386623964   -0.290342988
   11.023402393   -0.373654479   -0.294593048
   11.054897829   -0.360939130   -0.298794233
   11.086393264   -0.348806054   -0.302939459
   11.117888700   -0.337537576   -0.307020940
   11.149384135   -0.327412241   -0.311030387
   11.180879570   -0.318743680   -0.314959548
   11.212375006   -0.311897198   -0.318800972
   11.243870441   -0.307274256   -0.322548790
   11.275365877   -0.305267553   -0.326199344
   11.306861312   -0.306200584   -0.329751501
   11.338356747   -0.310271290   -0.333206618
   11.369852183   -0.317517851   -0.336568216
   11.401347618   -0.327816589   -0.339841494
   11.432843054   -0.340910514   -0.343032861
   11.464338489   -0.356456639   -0.346149597
   11.495833924   -0.374074591   -0.349199716
   11.527329360   -0.393380269   -0.352191996
   11.558824795   -0.413995748   -0.355136048
   11.590320231   -0.435537296   -0.358042316
   11.621815666   -0.457593035   -0.360921875
   11.653311101   -0.479706721   -0.363786008
   11.684806537   -0.501382146   -0.366645591
   11.716301972   -0.522114470   -0.369510418
   11.747797408   -0.541443314   -0.372388598
   11.779292843   -0.559012152   -0.375286148
   11.810788279   -0.574613464   -0.378206839
   11.842283714   -0.588201710   -0.381152244
   11.873779149   -0.599865913   -0.384121935
   11.905274585   -0.609767376   -0.387113672
   11.936770020   -0.618060978   -0.390123532
   11.968265456   -0.624825715   -0.393145949
   11.999760891   -0.630028680   -0.396173730
   12.031256326   -0.633536404   -0.399198152
   12.062751762   -0.635171620   -0.402209267
   12.094247197   -0.634797271   -0.405196455
   12.125742633   -0.632398830   -0.408149195
   12.157238068   -0.628134816   -0.411057909
   12.188733503   -0.622334857   -0.413914669
   12.220228939   -0.615441995   -0.416713579
   12.251724374   -0.607915617   -0.419450686
   12.283219810   -0.600126630   -0.422123461
   12.314715245   -0.592281627   -0.424729984
   12.346210680   -0.584405430   -0.427268101
   12.377706116   -0.576393102   -0.429734841
   12.409201551   -0.568118953   -0.432126283
   12.440696987   -0.559568770   -0.434437943
   12.472192422   -0.550949938   -0.436665542
   12.503687858   -0.542736819   -0.438805892
   12.535183293   -0.535625901   -0.440857578
   12.566678728   -0.530402207   -0.442821173
   12.598174164   -0.527747229   -0.444698889
   12.629669599   -0.528040154   -0.446493769
   12.661165035   -0.531211148   -0.448208709
   12.692660470   -0.536694927   -0.449845686
   12.724155905   -0.543507071   -0.451405511
   12.755651341   -0.550431650   -0.452888254
   12.787146776   -0.556276557   -0.454294236
   12.818642212   -0.560132111   -0.455625254
   12.850137647   -0.561565467   -0.456885546
   12.881633082   -0.560699479   -0.458082060
   12.913128518   -0.558155482   -0.459223741
   12.944623953   -0.554876273   -0.460319880
   12.976119389   -0.551877818   -0.461377889
   13.007614824   -0.549996624   -0.462401094
   13.039110259   -0.549699140   -0.463387226
   13.070605695   -0.551000487   -0.464328130
   13.102101130   -0.553507886   -0.465210882
   13.133596566   -0.556568985   -0.466020126
   13.165092001   -0.559476942   -0.466741042
   13.196587437   -0.561670613   -0.467362163
   13.228082872   -0.562873001   -0.467877284
   13.259578307   -0.563132154   -0.468285944
   13.291073743   -0.562759396   -0.468592378
   13.322569178   -0.562190628   -0.468803319
   13.354064614   -0.561818524   -0.468925316
   13.385560049   -0.561850326   -0.468962446
   13.417055484   -0.562236147   -0.468915110
   13.448550920   -0.562689512   -0.468780322
   13.480046355   -0.562792571   -0.468553396
   13.511541791   -0.562151834   -0.468230539
   13.543037226   -0.560554385   -0.467811545
   13.574532661   -0.558073799   -0.467301778
   13.606028097   -0.555089635   -0.466712813
   13.637523532   -0.552209916   -0.466061497
   13.669018968   -0.550114968   -0.465367674
   13.700514403   -0.549364929   -0.464651138
   13.732009838   -0.550225326   -0.463928633
   13.763505274   -0.552561755   -0.463211621
   13.795000709   -0.555836897   -0.462505333
   13.826496145   -0.559215733   -0.461809208
   13.857991580   -0.561755484   -0.461118466
   13.889487016   -0.562633531   -0.460426279
   13.920982451   -0.561355726   -0.459725889
   13.952477886   -0.557891974   -0.459012154
   13.983973322   -0.552704450   -0.458282202
   14.015468757   -0.546661338   -0.457535211
   14.046964193   -0.540858002   -0.456771558
   14.078459628   -0.536390454   -0.455991755
   14.109955063   -0.534136776   -0.455195579
   14.141450499   -0.534598295   -0.454381674
   14.172945934   -0.537835070   -0.453547703
   14.204441370   -0.543504728   -0.452690941
   14.235936805   -0.550986832   -0.451809047
   14.267432240   -0.559554122   -0.450900745
   14.298927676   -0.568542492   -0.449966186
   14.330423111   -0.577475665   -0.449006926
   14.361918547   -0.586116347   -0.448025555
   14.393413982   -0.594438411   -0.447025163
   14.424909417   -0.602537490   -0.446008828
   14.456404853   -0.610513761   -0.444979306
   14.487900288   -0.618366272   -0.443938985
   14.519395724   -0.625931645   -0.442890128
   14.550891159   -0.632884039   -0.441835272
   14.582386595   -0.638792917   -0.440777701
   14.613882030   -0.643217041   -0.439721846
   14.645377465   -0.645802525   -0.438673539
   14.676872901   -0.646352925   -0.437640098
   14.708368336   -0.644849716   -0.436630205
   14.739863772   -0.641418507   -0.435653618
   14.771359207   -0.636254339   -0.434720708
   14.802854642   -0.629532568   -0.433841841
   14.834350078   -0.621335958   -0.433026634
   14.865845513   -0.611622617   -0.432283155
   14.897340949   -0.600245447   -0.431617176
   14.928836384   -0.587016561   -0.431031624
   14.960331819   -0.571795508   -0.430526365
   14.991827255   -0.554572722   -0.430098404
   15.023322690   -0.535521834   -0.429742497
   15.054818126   -0.515005280   -0.429452026
   15.086313561   -0.493533154   -0.429219905
   15.117808996   -0.471690222   -0.429039248
   15.149304432   -0.450055298   -0.428903541
   15.180799867   -0.429137850   -0.428806230
   15.212295303   -0.409348818   -0.428739821
   15.243790738   -0.391009201   -0.428694733
   15.275286174   -0.374385954   -0.428658338
   15.306781609   -0.359735190   -0.428614587
   15.338277044   -0.347330886   -0.428544506
   15.369772480   -0.337463865   -0.428427655
   15.401267915   -0.330408109   -0.428244317
   15.432763351   -0.326364909   -0.427977995
   15.464258786   -0.325404867   -0.427617640
   15.495754221   -0.327429768   -0.427159064
   15.527249657   -0.332170001   -0.426605190
   15.558745092   -0.339220774   -0.425965070
   15.590240528   -0.348106477   -0.425251935
   15.621735963   -0.358352346   -0.424480758
   15.653231398   -0.369540045   -0.423665961
   15.684726834   -0.381329939   -0.422819771
   15.716222269   -0.393445668   -0.421951576
   15.747717705   -0.405631289   -0.421068258
   15.779213140   -0.417602330   -0.420175271
   15.810708576   -0.429015127   -0.419277962
   15.842204011   -0.439472368   -0.418382666
   15.873699446   -0.448568937   -0.417497173
   15.905194882   -0.455965777   -0.416630435
   15.936690317   -0.461466858   -0.415791623
   15.968185753   -0.465070291   -0.414988878
   15.999681188   -0.466971356   -0.414228183
   16.031176623   -0.467510730   -0.413512729
   16.062672059   -0.467080344   -0.412842966
   16.094167494   -0.466015125   -0.412217315
   16.125662930   -0.464505501   -0.411633258
   16.157158365   -0.462560014   -0.411088420
   16.188653800   -0.460031087   -0.410581254
   16.220149236   -0.456695363   -0.410111067
   16.251644671   -0.452360650   -0.409677331
   16.283140107   -0.446961427   -0.409278482
   16.314635542   -0.440608187   -0.408910560
   16.346130977   -0.433571936   -0.408566106
   16.377626413   -0.426208608   -0.408233714
   16.409121848   -0.418850756   -0.407898408
   16.440617284   -0.411707373   -0.407542854
   16.472112719   -0.404811537   -0.407149177
   16.503608155   -0.398039585   -0.406701021
   16.535103590   -0.391199552   -0.406185457
   16.566599025   -0.384159665   -0.405594374
   16.598094461   -0.376969520   -0.404925155
   16.629589896   -0.369924308   -0.404180583
   16.661085332   -0.363538156   -0.403368067
   16.692580767   -0.358421902   -0.402498419
   16.724076202   -0.355094209   -0.401584429
   16.755571638   -0.353781414   -0.400639482
   16.787067073   -0.354271361   -0.399676430
   16.818562509   -0.355875275   -0.398706821
   16.850057944   -0.357521931   -0.397740559
   16.881553379   -0.357968812   -0.396785932
   16.913048815   -0.356077989   -0.395849972
   16.944544250   -0.351082145   -0.394938983
   16.976039686   -0.342766100   -0.394059113
   17.007535121   -0.331511968   -0.393216810
   17.039030556   -0.318195022   -0.392419028
   17.070525992   -0.303960461   -0.391673118
   17.102021427   -0.289945229   -0.390986401
   17.133516863   -0.277023331   -0.390365515
   17.165012298   -0.265643637   -0.389815702
   17.196507734   -0.255799210   -0.389340226
   17.228003169   -0.247126667   -0.388940102
   17.259498604   -0.239095734   -0.388614216
   17.290994040   -0.231224914   -0.388359828
   17.322489475   -0.223255944   -0.388173272
   17.353984911   -0.215237386   -0.388050651
   17.385480346   -0.207499713   -0.387988254
   17.416975781   -0.200539469   -0.387982537
   17.448471217   -0.194857215   -0.388029642
   17.479966652   -0.190804721   -0.388124614
   17.511462088   -0.188489022   -0.388260611
   17.542957523   -0.187758323   -0.388428459
   17.574452958   -0.188265940   -0.388616858
   17.605948394   -0.189583510   -0.388813341
   17.637443829   -0.191321543   -0.389005871
   17.668939265   -0.193217527   -0.389184698
   17.700434700   -0.195167138   -0.389343973
   17.731930135   -0.197196275   -0.389482599
   17.763425571   -0.199392236   -0.389603957
   17.794921006   -0.201824456   -0.389714476
   17.826416442   -0.204485184   -0.389821295
   17.857911877   -0.207269503   -0.389929634
   17.889407313   -0.209997262   -0.390040554
   17.920902748   -0.212463394   -0.390149788
   17.952398183   -0.214493880   -0.390248008
   17.983893619   -0.215985051   -0.390322564
   18.015389054   -0.216913050   -0.390360248
   18.046884490   -0.217313824   -0.390350392
   18.078379925   -0.217246134   -0.390287452
   18.109875360   -0.216756051   -0.390172373
   18.141370796   -0.215859043   -0.390012353
   18.172866231   -0.214546501   -0.389819074
   18.204361667   -0.212811770   -0.389605861
   18.235857102   -0.210681443   -0.389384564
   18.267352537   -0.208235152   -0.389162973
   18.298847973   -0.205602313   -0.388943444
   18.330343408   -0.202935180   -0.388723039
   18.361838844   -0.200369307   -0.388495074
   18.393334279   -0.197989934   -0.388251585
   18.424829714   -0.195822123   -0.387986008
   18.456325150   -0.193853457   -0.387695380
   18.487820585   -0.192083932   -0.387381522
   18.519316021   -0.190584048   -0.387051034
   18.550811456   -0.189535071   -0.386714241
   18.582306892   -0.189228695   -0.386383508
   18.613802327   -0.190016781   -0.386071464
   18.645297762   -0.192221173   -0.385789605
   18.676793198   -0.196031591   -0.385547564
   18.708288633   -0.201428900   -0.385353091
   18.739784069   -0.208166995   -0.385212555
   18.771279504   -0.215829045   -0.385131650
   18.802774939   -0.223948105   -0.385115982
   18.834270375   -0.232156908   -0.385171314
   18.865765810   -0.240316426   -0.385303397
   18.897261246   -0.248574189   -0.385517481
   18.928756681   -0.257322531   -0.385817680
   18.960252116   -0.267058791   -0.386206395
   18.991747552   -0.278183868   -0.386683930
   19.023242987   -0.290800709   -0.387248340
   19.054738423   -0.304580749   -0.387895480
   19.086233858   -0.318750499   -0.388619151
   19.117729293   -0.332216021   -0.389411298
   19.149224729   -0.343800354   -0.390262219
   19.180720164   -0.352531607   -0.391160865
   19.212215600   -0.357899919   -0.392095271
   19.243711035   -0.360006946   -0.393053182
   19.275206471   -0.359561028   -0.394022827
   19.306701906   -0.357716099   -0.394993693
   19.338197341   -0.355798592   -0.395957087
   19.369692777   -0.354999607   -0.396906283
   19.401188212   -0.356118793   -0.397836105
   19.432683648   -0.359428987   -0.398742021
   19.464179083   -0.364692341   -0.399618972
   19.495674518   -0.371311940   -0.400460320
   19.527169954   -0.378562800   -0.401257350
   19.558665389   -0.385825356   -0.401999633
   19.590160825   -0.392749084   -0.402676333
   19.621656260   -0.399301498   -0.403278244
   19.653151695   -0.405698456   -0.403800079
   19.684647131   -0.412251453   -0.404242383
   19.716142566   -0.419193242   -0.404612474
   19.747638002   -0.426546581   -0.404924070
   19.779133437   -0.434081786   -0.405195573
   19.810628872   -0.441374723   -0.405447396
   19.842124308   -0.447940020   -0.405698982
   19.873619743   -0.453387774   -0.405966251
   19.905115179   -0.457544778   -0.406260115
   19.936610614   -0.460495381   -0.406586348
   19.968106050   -0.462527012   -0.406946710
   19.999601485   -0.464000192   -0.407340866
   20.031096920   -0.465190117   -0.407768416
   20.062592356   -0.466156970   -0.408230354
   20.094087791   -0.466691801   -0.408729548
   20.125583227   -0.466357949   -0.409270121
   20.157078662   -0.464614390   -0.409856067
   20.188574097   -0.460979003   -0.410489633
   20.220069533   -0.455176520   -0.411170088
   20.251564968   -0.447222340   -0.411893337
   20.283060404   -0.437416753   -0.412652503
   20.314555839   -0.426256004   -0.413439244
   20.346051274   -0.414295410   -0.414245306
   20.377546710   -0.402015353   -0.415063696
   20.409042145   -0.389737976   -0.415889037
   20.440537581   -0.377622187   -0.416716930
   20.472033016   -0.365734687   -0.417542575
   20.503528452   -0.354166018   -0.418359183
   20.535023887   -0.343143582   -0.419156866
   20.566519322   -0.333094176   -0.419922543
   20.598014758   -0.324626774   -0.420641136
   20.629510193   -0.318435228   -0.421297846
   20.661005629   -0.315150100   -0.421880954
   20.692501064   -0.315188105   -0.422384341
   20.723996499   -0.318649907   -0.422808980
   20.755491935   -0.325301264   -0.423162915
   20.786987370   -0.334644418   -0.423459702
   20.818482806   -0.346056065   -0.423715733
   20.849978241   -0.358945935   -0.423947202
   20.881473676   -0.372883912   -0.424167574
   20.912969112   -0.387655548   -0.424386222
   20.944464547   -0.403231617   -0.424608525
   20.975959983   -0.419667663   -0.424837268
   21.007455418   -0.436973650   -0.425074765
   21.038950853   -0.455003326   -0.425324943
   21.070446289   -0.473404669   -0.425594681
   21.101941724   -0.491649886   -0.425893976
   21.133437160   -0.509134293   -0.426234904
   21.164932595   -0.525308540   -0.426629758
   21.196428031   -0.539796866   -0.427088969
   21.227923466   -0.552459566   -0.427619458
   21.259418901   -0.563378449   -0.428223878
   21.290914337   -0.572772201   -0.428900885
   21.322409772   -0.580874018   -0.429646214
   21.353905208   -0.587817361   -0.430454108
   21.385400643   -0.593572368   -0.431318580
   21.416896078   -0.597956395   -0.432234100
   21.448391514   -0.600714432   -0.433195590
   21.479886949   -0.601638707   -0.434197862
   21.511382385   -0.600681441   -0.435234880
   21.542877820   -0.598016266   -0.436299265
   21.574373255   -0.594021925   -0.437382338
   21.605868691   -0.589190396   -0.438474786
   21.637364126   -0.583990190   -0.439567754
   21.668859562   -0.578734024   -0.440653975
   21.700354997   -0.573501156   -0.441728549
   21.731850432   -0.568147516   -0.442789061
   21.763345868   -0.562406697   -0.443834997
   21.794841303   -0.556052078   -0.444866685
   21.826336739   -0.549066234   -0.445884134
   21.857832174   -0.541757004   -0.446886225
   21.889327610   -0.534773262   -0.447870527
   21.920823045   -0.529003606   -0.448833810
   21.952318480   -0.525378494   -0.449773017
   21.983813916   -0.524628633   -0.450686301
   22.015309351   -0.527069202   -0.451573682
   22.046804787   -0.532474979   -0.452437048
   22.078300222   -0.540086816   -0.453279448
   22.109795657   -0.548752709   -0.454103952
   22.141291093   -0.557168336   -0.454912514
   22.172786528   -0.564154146   -0.455705328
   22.204281964   -0.568896943   -0.456480974
   22.235777399   -0.571095715   -0.457237377
   22.267272834   -0.570979824   -0.457973241
   22.298768270   -0.569203538   -0.458689433
   22.330263705   -0.566653334   -0.459389676
   22.361759141   -0.564224175   -0.460080184
   22.393254576   -0.562623436   -0.460768120
   22.424750011   -0.562247131   -0.461459265
   22.456245447   -0.563148407   -0.462155531
   22.487740882   -0.565091240   -0.462853115
   22.519236318   -0.567661134   -0.463541933
   22.550731753   -0.570394651   -0.464206602
   22.582227189   -0.572891946   -0.464828787
   22.613722624   -0.574888426   -0.465390272
   22.645218059   -0.576277691   -0.465875898
   22.676713495   -0.577092412   -0.466275551
   22.708208930   -0.577458701   -0.466584670
   22.739704366   -0.577541401   -0.466803242
   22.771199801   -0.577494167   -0.466933735
   22.802695236   -0.577422189   -0.466978736
   22.834190672   -0.577360124   -0.466939165
   22.865686107   -0.577265236   -0.466813694
   22.897181543   -0.577025617   -0.466599585
   22.928676978   -0.576484156   -0.466294646
   22.960172413   -0.575478328   -0.465899607
   22.991667849   -0.573892397   -0.465420053
   23.023163284   -0.571712864   -0.464867179
   23.054658720   -0.569071921   -0.464256979
   23.086154155   -0.566260909   -0.463608038
   23.117649590   -0.563699043   -0.462938486
   23.149145026   -0.561852983   -0.462262979
   23.180640461   -0.561118203   -0.461590557
   23.212135897   -0.561689041   -0.460923921
   23.243631332   -0.563454841   -0.460260265
   23.275126768   -0.565959712   -0.459593293
   23.306622203   -0.568451045   -0.458915745
   23.338117638   -0.570018981   -0.458221643
   23.369613074   -0.569801704   -0.457507645
   23.401108509   -0.567208121   -0.456773228
   23.432603945   -0.562098283   -0.456019827
   23.464099380   -0.554867822   -0.455249417
   23.495594815   -0.546405430   -0.454463114
   23.527090251   -0.537926291   -0.453660347
   23.558585686   -0.530719578   -0.452838852
   23.590081122   -0.525873856   -0.451995426
   23.621576557   -0.524052100   -0.451127094
   23.653071992   -0.525374963   -0.450232192
   23.684567428   -0.529440408   -0.449310963
   23.716062863   -0.535468911   -0.448365435
   23.747558299   -0.542528007   -0.447398676
   23.779053734   -0.549768974   -0.446413752
   23.810549169   -0.556608169   -0.445412814
   23.842044605   -0.562805851   -0.444396724
   23.873540040   -0.568429252   -0.443365350
   23.905035476   -0.573723235   -0.442318474
   23.936530911   -0.578939204   -0.441256957
   23.968026347   -0.584182608   -0.440183726
   23.999521782   -0.589328888   -0.439104233
   24.031017217   -0.594031298   -0.438026197
   24.062512653   -0.597811231   -0.436958732
   24.094008088   -0.600193738   -0.435911190
   24.125503524   -0.600837271   -0.434892126
   24.156998959   -0.599611475   -0.433908744
   24.188494394   -0.596597694   -0.432966961
   24.219989830   -0.592016036   -0.432071982
   24.251485265   -0.586109577   -0.431229028
   24.282980701   -0.579031263   -0.430443815
   24.314476136   -0.570777015   -0.429722426
   24.345971571   -0.561190592   -0.429070494
   24.377467007   -0.550038625   -0.428491869
   24.408962442   -0.537127892   -0.427987212
   24.440457878   -0.522420944   -0.427553044
   24.471953313   -0.506106449   -0.427181665
   24.503448748   -0.488596947   -0.426862111
   24.534944184   -0.470453192   -0.426581927
   24.566439619   -0.452261210   -0.426329270
   24.597935055   -0.434505858   -0.426094665
   24.629430490   -0.417486397   -0.425871826
   24.660925926   -0.401304689   -0.425657261
   24.692421361   -0.385930309   -0.425448734
   24.723916796   -0.371318519   -0.425243100
   24.755412232   -0.357536967   -0.425034255
   24.786907667   -0.344852541   -0.424811942
   24.818403103   -0.333742831   -0.424561920
   24.849898538   -0.324822751   -0.424267595
   24.881393973   -0.318706864   -0.423912717
   24.912889409   -0.315851237   -0.423484434
   24.944384844   -0.316426838   -0.422975825
   24.975880280   -0.320266553   -0.422387208
   25.007375715   -0.326903219   -0.421725870
   25.038871150   -0.335685241   -0.421004335
   25.070366586   -0.345930345   -0.420237724
   25.101862021   -0.357065886   -0.419440981
   25.133357457   -0.368710259   -0.418626754
   25.164852892   -0.380672084   -0.417804426
   25.196348327   -0.392874018   -0.416980411
   25.227843763   -0.405235414   -0.416159406
   25.259339198   -0.417562790   -0.415345981
   25.290834634   -0.429493757   -0.414545863
   25.322330069   -0.440519894   -0.413766393
   25.353825505   -0.450084215   -0.413016011
   25.385320940   -0.457720248   -0.412302969
   25.416816375   -0.463182699   -0.411633792
   25.448311811   -0.466520752   -0.411012061
   25.479807246   -0.468064013   -0.410438010
   25.511302682   -0.468321546   -0.409909084
   25.542798117   -0.467825449   -0.409421281
   25.574293552   -0.466970876   -0.408970758
   25.605788988   -0.465906715   -0.408555101
   25.637284423   -0.464514180   -0.408173730
   25.668779859   -0.462480073   -0.407827216
   25.700275294   -0.459438195   -0.407515656
   25.731770729   -0.455128095   -0.407236612
   25.763266165   -0.449514061   -0.406983299
   25.794761600   -0.442821294   -0.406743678
   25.826257036   -0.435476055   -0.406500858
   25.857752471   -0.427971592   -0.406234837
   25.889247907   -0.420709349   -0.405925201
   25.920743342   -0.413875214   -0.405554117
   25.952238777   -0.407399096   -0.405108884
   25.983734213   -0.401016607   -0.404583409
   26.015229648   -0.394414091   -0.403978327
   26.046725084   -0.387405907   -0.403299832
   26.078220519   -0.380077601   -0.402557634
   26.109715954   -0.372836495   -0.401762671
   26.141211390   -0.366340352   -0.400925164
   26.172706825   -0.361316046   -0.400053475
   26.204202261   -0.358319517   -0.399153917
   26.235697696   -0.357512346   -0.398231387
   26.267193131   -0.358530169   -0.397290470
   26.298688567   -0.360493118   -0.396336595
   26.330184002   -0.362166018   -0.395376871
   26.361679438   -0.362229686   -0.394420399
   26.393174873   -0.359589307   -0.393478050
   26.424670308   -0.353633003   -0.392561839
   26.456165744   -0.344367641   -0.391684142
   26.487661179   -0.332395248   -0.390856932
   26.519156615   -0.318740470   -0.390091176
   26.550652050   -0.304582598   -0.389396415
   26.582147486   -0.290971312   -0.388780476
   26.613642921   -0.278606088   -0.388249245
   26.645138356   -0.267735839   -0.387806473
   26.676633792   -0.258196064   -0.387453642
   26.708129227   -0.249558633   -0.387189960
   26.739624663   -0.241337684   -0.387012567
   26.771120098   -0.233183196   -0.386916988
   26.802615533   -0.225004095   -0.386897745
   26.834110969   -0.216990388   -0.386948994
   26.865606404   -0.209538633   -0.387064972
   26.897101840   -0.203115273   -0.387240076
   26.928597275   -0.198108559   -0.387468539
   26.960092710   -0.194717933   -0.387743779
   26.991588146   -0.192912046   -0.388057687
   27.023083581   -0.192460470   -0.388400198
   27.054579017   -0.193019258   -0.388759429
   27.086074452   -0.194235016   -0.389122549
   27.117569887   -0.195830638   -0.389477289
   27.149065323   -0.197647185   -0.389813760
   27.180560758   -0.199635324   -0.390126067
   27.212056194   -0.201808705   -0.390413210
   27.243551629   -0.204183682   -0.390678872
   27.275047065   -0.206731317   -0.390930026
   27.306542500   -0.209359013   -0.391174594
   27.338037935   -0.211924952   -0.391418742
   27.369533371   -0.214274590   -0.391664535
   27.401028806   -0.216280543   -0.391908615
   27.432524242   -0.217867787   -0.392142345
   27.464019677   -0.219014403   -0.392353441
   27.495515112   -0.219730079   -0.392528714
   27.527010548   -0.220024889   -0.392657205
   27.558505983   -0.219885105   -0.392732878
   27.590001419   -0.219269216   -0.392756131
   27.621496854   -0.218127580   -0.392733731
   27.652992289   -0.216437526   -0.392677172
   27.684487725   -0.214237449   -0.392599934
   27.715983160   -0.211642282   -0.392514369
   27.747478596   -0.208829657   -0.392429068
   27.778974031   -0.205998483   -0.392347356
   27.810469466   -0.203314548   -0.392267289
   27.841964902   -0.200865483   -0.392183046
   27.873460337   -0.198646314   -0.392087299
   27.904955773   -0.196586356   -0.391973845
   27.936451208   -0.194611984   -0.391839837
   27.967946644   -0.192723868   -0.391687038
   27.999442079   -0.191058163   -0.391521899
   28.030937514   -0.189903286   -0.391354564
   28.062432950   -0.189657595   -0.391197179
   28.093928385   -0.190734380   -0.391062044
   28.125423821   -0.193441679   -0.390960101
   28.156919256   -0.197877515   -0.390900078
   28.188414691   -0.203880469   -0.390888399
   28.219910127   -0.211060035   -0.390929684
   28.251405562   -0.218905194   -0.391027563
   28.282900998   -0.226941612   -0.391185426
   28.314396433   -0.234887667   -0.391406854
   28.345891868   -0.242755024   -0.391695578
   28.377387304   -0.250853407   -0.392055035
   28.408882739   -0.259688267   -0.392487677
   28.440378175   -0.269775257   -0.392994302
   28.471873610   -0.281425228   -0.393573605
   28.503369045   -0.294567614   -0.394222114
   28.534864481   -0.308672892   -0.394934489
   28.566359916   -0.322807567   -0.395704114
   28.597855352   -0.335815796   -0.396523785
   28.629350787   -0.346582501   -0.397386319
   28.660846223   -0.354306183   -0.398284932
   28.692341658   -0.358704317   -0.399213299
   28.723837093   -0.360092361   -0.400165315
   28.755332529   -0.359313554   -0.401134625
   28.786827964   -0.357539652   -0.402114061
   28.818323400   -0.355999397   -0.403095136
   28.849818835   -0.355710408   -0.404067730
   28.881314270   -0.357286110   -0.405020111
   28.912809706   -0.360864010   -0.405939340
   28.944305141   -0.366163664   -0.406812102
   28.975800577   -0.372644345   -0.407625886
   29.007296012   -0.379705635   -0.408370393
   29.038791447   -0.386866623   -0.409038943
   29.070286883   -0.393872444   -0.409629652
   29.101782318   -0.400705029   -0.410146086
   29.133277754   -0.407508111   -0.410597232
   29.164773189   -0.414463705   -0.410996677
   29.196268624   -0.421669795   -0.411361101
   29.227764060   -0.429063765   -0.411708315
   29.259259495   -0.436416066   -0.412055221
   29.290754931   -0.443391574   -0.412416086
   29.322250366   -0.449651673   -0.412801481
   29.353745802   -0.454956775   -0.413218071
   29.385241237   -0.459230592   -0.413669215
   29.416736672   -0.462562910   -0.414156144
   29.448232108   -0.465150643   -0.414679326
   29.479727543   -0.467199237   -0.415239596
   29.511222979   -0.468820255   -0.415838708
   29.542718414   -0.469961654   -0.416479176
   29.574213849   -0.470395169   -0.417163491
   29.605709285   -0.469765099   -0.417892996
   29.637204720   -0.467681823   -0.418666844
   29.668700156   -0.463829047   -0.419481394
   29.700195591   -0.458050569   -0.420330281
   29.731691026   -0.450391044   -0.421205168
   29.763186462   -0.441082058   -0.422096919
   29.794681897   -0.430483661   -0.422996825
   29.826177333   -0.419005583   -0.423897441
   29.857672768   -0.407037035   -0.424792747
   29.889168203   -0.394908117   -0.425677545
   29.920663639   -0.382892086   -0.426546300
   29.952159074   -0.371241496   -0.427391818
   29.983654510   -0.360238420   -0.428204278
   30.015149945   -0.350234239   -0.428971059
   30.046645381   -0.341659180   -0.429677573
   30.078140816   -0.334993781   -0.430309046
   30.109636251   -0.330709211   -0.430852880
   30.141131687   -0.329195203   -0.431301038
   30.172627122   -0.330699078   -0.431651852
   30.204122558   -0.335295286   -0.431910801
   30.235617993   -0.342893829   -0.432090031
   30.267113428   -0.353281998   -0.432206778
   30.298608864   -0.366182374   -0.432281041
   30.330104299   -0.381305111   -0.432333106
   30.361599735   -0.398375965   -0.432381449
   30.393095170   -0.417131951   -0.432441453
   30.424590605   -0.437289925   -0.432525069
   30.456086041   -0.458504784   -0.432641336
   30.487581476   -0.480338992   -0.432797419
   30.519076912   -0.502261854   -0.432999743
   30.550572347   -0.523686304   -0.433254843
   30.582067783   -0.544036901   -0.433569673
   30.613563218   -0.562830126   -0.433951325
   30.645058653   -0.579741791   -0.434406286
   30.676554089   -0.594638835   -0.434939491
   30.708049524   -0.607563367   -0.435553459
   30.739544960   -0.618672279   -0.436247732
   30.771040395   -0.628150617   -0.437018751
   30.802535830   -0.636126193   -0.437860160
   30.834031266   -0.642613187   -0.438763440
   30.865526701   -0.647503412   -0.439718714
   30.897022137   -0.650608335   -0.440715591
   30.928517572   -0.651737977   -0.441743911
   30.960013007   -0.650790034   -0.442794338
   30.991508443   -0.647818537   -0.443858765
   31.023003878   -0.643057391   -0.444930520
   31.054499314   -0.636888747   -0.446004389
   31.085994749   -0.629764454   -0.447076442
   31.117490184   -0.622105102   -0.448143706
   31.148985620   -0.614209796   -0.449203727
   31.180481055   -0.606207820   -0.450254128
   31.211976491   -0.598070971   -0.451292263
   31.243471926   -0.589686125   -0.452315076
   31.274967362   -0.580967479   -0.453319248
   31.306462797   -0.571973224   -0.454301585
   31.337958232   -0.562986978   -0.455259562
   31.369453668   -0.554532125   -0.456191829
   31.400949103   -0.547305360   -0.457098501
   31.432444539   -0.542039319   -0.457981078
   31.463939974   -0.539326397   -0.458841985
   31.495435409   -0.539450038   -0.459683840
   31.526930845   -0.542271498   -0.460508700
   31.558426280   -0.547208214   -0.461317543
   31.589921716   -0.553317268   -0.462110236
   31.621417151   -0.559469989   -0.462886057
   31.652912586   -0.564578829   -0.463644635
   31.684408022   -0.567822356   -0.464387014
   31.715903457   -0.568812869   -0.465116408
   31.747398893   -0.567664507   -0.465838262
   31.778894328   -0.564944550   -0.466559423
   31.810389763   -0.561520316   -0.467286446
   31.841885199   -0.558340811   -0.468023425
   31.873380634   -0.556208813   -0.468769899
   31.904876070   -0.555600851   -0.469519455
   31.936371505   -0.556579024   -0.470259547
   31.967866941   -0.558813426   -0.470972702
   31.999362376   -0.561703994   -0.471638934
   32.030857811   -0.564564072   -0.472238806
   32.062353247   -0.566812303   -0.472756375
   32.093848682   -0.568118922   -0.473181257
   32.125344118   -0.568467233   -0.473509267
   32.156839553   -0.568116786   -0.473741504
   32.188334988   -0.567484082   -0.473882193
   32.219830424   -0.566980958   -0.473935937
   32.251325859   -0.566863008   -0.473905248
   32.282821295   -0.567136740   -0.473789076
   32.314316730   -0.567555690   -0.473582803
   32.345812165   -0.567707698   -0.473279667
   32.377307601   -0.567166480   -0.472873191
   32.408803036   -0.565659266   -0.472359825
   32.440298472   -0.563195394   -0.471741003
   32.471793907   -0.560110785   -0.471023925
   32.503289342   -0.557007727   -0.470220819
   32.534784778   -0.554601145   -0.469346826
   32.566280213   -0.553512264   -0.468417100
   32.597775649   -0.554069037   -0.467443891
   32.629271084   -0.556174034   -0.466434387
   32.660766520   -0.559283667   -0.465389823
   32.692261955   -0.562512143   -0.464306008
   32.723757390   -0.564838054   -0.463174994
   32.755252826   -0.565361362   -0.461987332
   32.786748261   -0.563542713   -0.460734244
   32.818243697   -0.559360282   -0.459409138
   32.849739132   -0.553341094   -0.458008150
   32.881234567   -0.546457695   -0.456529741
   32.912730003   -0.539917525   -0.454973649
   32.944225438   -0.534900773   -0.453339681
   32.975720874   -0.532314975   -0.451626791
   33.007216309   -0.532627708   -0.449832778
   33.038711744   -0.535815024   -0.447954634
   33.070207180   -0.541430029   -0.445989381
   33.101702615   -0.548763103   -0.443935049
   33.133198051   -0.557042287   -0.441791417
   33.164693486   -0.565615446   -0.439560268
   33.196188921   -0.574066180   -0.437245071
   33.227684357   -0.582239028   -0.434850235
   33.259179792   -0.590178539   -0.432380208
   33.290675228   -0.598012076   -0.429838757
   33.322170663   -0.605820487   -0.427228668
   33.353666099   -0.613540243   -0.424551983
   33.385161534   -0.620926609   -0.421810672
   33.416656969   -0.627585106   -0.419007517
   33.448152405   -0.633055660   -0.416146915
   33.479647840   -0.636917683   -0.413235346
   33.511143276   -0.638879732   -0.410281359
   33.542638711   -0.638825025   -0.407295095
   33.574134146   -0.636800724   -0.404287492
   33.605629582   -0.632958505   -0.401269381
   33.637125017   -0.627469832   -0.398250697
   33.668620453   -0.620446473   -0.395239940
   33.700115888   -0.611893337   -0.392243913
   33.731611323   -0.601708359   -0.389267674
   33.763106759   -0.589727614   -0.386314576
   33.794602194   -0.575798892   -0.383386277
   33.826097630   -0.559858560   -0.380482656
   33.857593065   -0.541987076   -0.377601650
   33.889088500   -0.522427321   -0.374739086
   33.920583936   -0.501563323   -0.371888643
   33.952079371   -0.479870150   -0.369042005
   33.983574807   -0.457854046   -0.366189255
   34.015070242   -0.436002754   -0.363319461
   34.046565678   -0.414759608   -0.360421314
   34.078061113   -0.394524099   -0.357483718
   34.109556548   -0.375670659   -0.354496197
   34.141051984   -0.358570375   -0.351449090
   34.172547419   -0.343599855   -0.348333578
   34.204042855   -0.331127484   -0.345141640
   34.235538290   -0.321477341   -0.341866072
   34.267033725   -0.314881146   -0.338500656
   34.298529161   -0.311434754   -0.335040511
   34.330024596   -0.311075547   -0.331482550
   34.361520032   -0.313590380   -0.327825924
   34.393015467   -0.318653155   -0.324072285
   34.424510902   -0.325880394   -0.320225752
   34.456006338   -0.334886616   -0.316292538
   34.487501773   -0.345321443   -0.312280293
   34.518997209   -0.356877306   -0.308197323
   34.550492644   -0.369268120   -0.304051862
   34.581988079   -0.382190943   -0.299851596
   34.613483515   -0.395290175   -0.295603517
   34.644978950   -0.408144114   -0.291314124
   34.676474386   -0.420286158   -0.286989849
   34.707969821   -0.431260159   -0.282637525
   34.739465257   -0.440695620   -0.278264709
   34.770960692   -0.448378927   -0.273879703
   34.802456127   -0.454295162   -0.269491250
   34.833951563   -0.458622604   -0.265107955
   34.865446998   -0.461676523   -0.260737607
   34.896942434   -0.463815724   -0.256386587
   34.928437869   -0.465338637   -0.252059558
   34.959933304   -0.466400768   -0.247759519
   34.991428740   -0.466979826   -0.243488192
   35.022924175   -0.466900156   -0.239246619
   35.054419611   -0.465908930   -0.235035763
   35.085915046   -0.463779171   -0.230856872
   35.117410481   -0.460405156   -0.226711479
   35.148905917   -0.455857650   -0.222600969
   35.180401352   -0.450379460   -0.218525819
   35.211896788   -0.444321971   -0.214484715
   35.243392223   -0.438043951   -0.210473823
   35.274887658   -0.431807867   -0.206486481
   35.306383094   -0.425711196   -0.202513493
   35.337878529   -0.419679467   -0.198544056
   35.369373965   -0.413527058   -0.194567198
   35.400869400   -0.407067847   -0.190573441
   35.432364836   -0.400238575   -0.186556330
   35.463860271   -0.393190127   -0.182513476
   35.495355706   -0.386309051   -0.178446839
   35.526851142   -0.380152023   -0.174362160
   35.558346577   -0.375303650   -0.170267630
   35.589842013   -0.372194219   -0.166172087
   35.621337448   -0.370930406   -0.162083138
   35.652832883   -0.371192492   -0.158005628
   35.684328319   -0.372235713   -0.153940808
   35.715823754   -0.373004935   -0.149886359
   35.747319190   -0.372339404   -0.145837260
   35.778814625   -0.369217474   -0.141787222
   35.810310060   -0.362978246   -0.137730329
   35.841805496   -0.353462044   -0.133662441
   35.873300931   -0.341033256   -0.129582023
   35.904796367   -0.326481074   -0.125490216
   35.936291802   -0.310826583   -0.121390176
   35.967787238   -0.295088950   -0.117285939
   35.999282673   -0.280072317   -0.113181167
   36.030778108   -0.266226239   -0.109078167
   36.062273544   -0.253609376   -0.104977475
   36.093768979   -0.241955901   -0.100878113
   36.125264415   -0.230815910   -0.096778399
   36.156759850   -0.219723091   -0.092677019
   36.188255285   -0.208339681   -0.088573973
   36.219750721   -0.196540276   -0.084471046
   36.251246156   -0.184417845   -0.080371596
   36.282741592   -0.172220097   -0.076279678
   36.314237027   -0.160244340   -0.072198763
   36.345732462   -0.148728549   -0.068130430
   36.377227898   -0.137773443   -0.064073499
   36.408723333   -0.127316896   -0.060023914
   36.440218769   -0.117163212   -0.055975518
   36.471714204   -0.107051968   -0.051921562
   36.503209639   -0.096739959   -0.047856573
   36.534705075   -0.086068162   -0.043778066
   36.566200510   -0.074993346   -0.039687593
   36.597695946   -0.063577547   -0.035590796
   36.629191381   -0.051943272   -0.031496383
   36.660686817   -0.040212973   -0.027414249
   36.692182252   -0.028454934   -0.023353199
   36.723677687   -0.016653626   -0.019318838
   36.755173123   -0.004712816   -0.015312153
   36.786668558    0.007512004   -0.011329127
   36.818163994    0.020164861   -0.007361422
   36.849659429    0.033341656   -0.003397936
   36.881154864    0.047059301    0.000573220
   36.912650300    0.061250496    0.004562826
   36.944145735    0.075783866    0.008579180
   36.975641171    0.090500916    0.012627504
   37.007136606    0.105256677    0.016710150
   37.038632041    0.119950980    0.020827403
   37.070127477    0.134541671    0.024978513
   37.101622912    0.149037758    0.029162618
   37.133118348    0.163476972    0.033379247
   37.164613783    0.177896452    0.037628309
   37.196109218    0.192306096    0.041909633
   37.227604654    0.206671760    0.046222281
   37.259100089    0.220911319    0.050563891
   37.290595525    0.234902259    0.054930314
   37.322090960    0.248496604    0.059315638
   37.353586396    0.261538200    0.063712605
   37.385081831    0.273878611    0.068113256
   37.416577266    0.285390004    0.072509598
   37.448072702    0.295975325    0.076894085
   37.479568137    0.305576817    0.081259791
   37.511063573    0.314183299    0.085600263
   37.542559008    0.321835123    0.089909154
   37.574054443    0.328624350    0.094179811
   37.605549879    0.334687429    0.098404996
   37.637045314    0.340188974    0.102576863
   37.668540750    0.345297943    0.106687229
   37.700036185    0.350160597    0.110728077
   37.731531620    0.354876794    0.114692158
   37.763027056    0.359486396    0.118573547
   37.794522491    0.363970344    0.122368040
   37.826017927    0.368266870    0.126073344
   37.857513362    0.372298617    0.129689074
   37.889008797    0.376002746    0.133216648
   37.920504233    0.379354891    0.136659171
   37.951999668    0.382379593    0.140021373
   37.983495104    0.385144141    0.143309610
   38.014990539    0.387738204    0.146531896
   38.046485975    0.390246376    0.149697874
   38.077981410    0.392723037    0.152818646
   38.109476845    0.395178088    0.155906419
   38.140972281    0.397578221    0.158973971
   38.172467716    0.399862965    0.162034028
   38.203963152    0.401969597    0.165098648
   38.235458587    0.403858003    0.168178744
   38.266954022    0.405526733    0.171283808
   38.298449458    0.407014770    0.174421856
   38.329944893    0.408388710    0.177599511
   38.361440329    0.409720247    0.180822152
   38.392935764    0.411062248    0.184093981
   38.424431199    0.412432050    0.187417958
   38.455926635    0.413807843    0.190795603
   38.487422070    0.415139199    0.194226721
   38.518917506    0.416367632    0.197709202
   38.550412941    0.417449547    0.201239003
   38.581908376    0.418373182    0.204810417
   38.613403812    0.419163508    0.208416636
   38.644899247    0.419873527    0.212050497
   38.676394683    0.420565425    0.215705271
   38.707890118    0.421288672    0.219375277
   38.739385554    0.422063150    0.223056190
   38.770880989    0.422873426    0.226744937
   38.802376424    0.423676057    0.230439264
   38.833871860    0.424417025    0.234137092
   38.865367295    0.425052684    0.237835896
   38.896862731    0.425566459    0.241532305
   38.928358166    0.425975201    0.245222052
   38.959853601    0.426323021    0.248900299
   38.991349037    0.426665124    0.252562234
   39.022844472    0.427047759    0.256203727
   39.054339908    0.427491811    0.259821834
   39.085835343    0.427986022    0.263414984
   39.117330778    0.428492234    0.266982764
   39.148826214    0.428960491    0.270525407
   39.180321649    0.429348264    0.274043154
   39.211817085    0.429636574    0.277535739
   39.243312520    0.429837078    0.281002222
   39.274807955    0.429987617    0.284441259
   39.306303391    0.430138068    0.287851779
   39.337798826    0.430331892    0.291233851
   39.369294262    0.430590341    0.294589450
   39.400789697    0.430905160    0.297922808
   39.432285133    0.431242387    0.301240126
   39.463780568    0.431555683    0.304548616
   39.495276003    0.431804075    0.307855012
   39.526771439    0.431967432    0.311163897
   39.558266874    0.432053923    0.314476244
   39.589762310    0.432096772    0.317788593
   39.621257745    0.432141684    0.321093103
   39.652753180    0.432229749    0.324378523
   39.684248616    0.432382294    0.327631895
   39.715744051    0.432593329    0.330840599
   39.747239487    0.432832310    0.333994274
   39.778734922    0.433056062    0.337086183
   39.810230357    0.433225269    0.340113725
   39.841725793    0.433319313    0.343078066
   39.873221228    0.433343891    0.345983018
   39.904716664    0.433328673    0.348833538
   39.936212099    0.433315976    0.351634247
   39.967707534    0.433344825    0.354388337
   39.999202970    0.433436435    0.357097098
   40.030698405    0.433586548    0.359760096
   40.062193841    0.433767426    0.362375843
   40.093689276    0.433938635    0.364942699
   40.125184712    0.434062476    0.367459684
   40.156680147    0.434118205    0.369926958
   40.188175582    0.434109712    0.372345856
   40.219671018    0.434063845    0.374718508
   40.251166453    0.434020115    0.377047209
   40.282661889    0.434015738    0.379333761
   40.314157324    0.434071712    0.381579012
   40.345652759    0.434185137    0.383782699
   40.377148195    0.434330614    0.385943635
   40.408643630    0.434470105    0.388060137
   40.440139066    0.434567441    0.390130518
   40.471634501    0.434601974    0.392153497
   40.503129936    0.434576242    0.394128366
   40.534625372    0.434514810    0.396054909
   40.566120807    0.434454817    0.397933101
   40.597616243    0.434431883    0.399762725
   40.629111678    0.434466719    0.401543048
   40.660607114    0.434557495    0.403272674
   40.692102549    0.434680781    0.404949614
   40.723597984    0.434800628    0.406571568
   40.755093420    0.434882282    0.408136301
   40.786588855    0.434905316    0.409642008
   40.818084291    0.434871228    0.411087551
   40.849579726    0.434802690    0.412472509
   40.881075161    0.434734808    0.413797047
   40.912570597    0.434701766    0.415061656
   40.944066032    0.434723944    0.416266876
   40.975561468    0.434800358    0.417413076
   41.007056903    0.434909244    0.418500380
   41.038552338    0.435016486    0.419528731
   41.070047774    0.435088634    0.420498087
   41.101543209    0.435105555    0.421408667
   41.133038645    0.435067939    0.422261178
   41.164534080    0.434996871    0.423056976
   41.196029515    0.434925692    0.423798123
   41.227524951    0.434887298    0.424487337
   41.259020386    0.434901708    0.425127885
   41.290515822    0.434968618    0.425723421
   41.322011257    0.435067690    0.426277826
   41.353506693    0.435166426    0.426795042
   41.385002128    0.435232574    0.427278914
   41.416497563    0.435246339    0.427733039
   41.447992999    0.435207780    0.428160612
   41.479488434    0.435136636    0.428564307
   41.510983870    0.435064700    0.428946191
   41.542479305    0.435023696    0.429307719
   41.573974740    0.435033272    0.429649825
   41.605470176    0.435093663    0.429973084
   41.636965611    0.435185757    0.430277940
   41.668461047    0.435278490    0.430564924
   41.699956482    0.435340711    0.430834815
   41.731451917    0.435352984    0.431088702
   41.762947353    0.435314868    0.431327920
   41.794442788    0.435244947    0.431553895
   41.825938224    0.435173645    0.431767939
   41.857433659    0.435131618    0.431971081
   41.888929094    0.435138132    0.432163969
   41.920424530    0.435193852    0.432346901
   41.951919965    0.435280729    0.432519955
   41.983415401    0.435368978    0.432683177
   42.014910836    0.435428458    0.432836774
   42.046406272    0.435440107    0.432981224
   42.077901707    0.435403089    0.433117284
   42.109397142    0.435334989    0.433245881
   42.140892578    0.435265014    0.433367945
   42.172388013    0.435222841    0.433484221
   42.203883449    0.435227353    0.433595151
   42.235378884    0.435279561    0.433700858
   42.266874319    0.435362339    0.433801230
   42.298369755    0.435447047    0.433896092
   42.329865190    0.435504481    0.433985383
   42.361360626    0.435515952    0.434069283
   42.392856061    0.435480314    0.434148250
   42.424351496    0.435414284    0.434222937
   42.455846932    0.435345978    0.434294050
   42.487342367    0.435304167    0.434362164
   42.518837803    0.435307359    0.434427600
   42.550333238    0.435356834    0.434490387
   42.581828673    0.435436274    0.434550323
   42.613324109    0.435518073    0.434607127
   42.644819544    0.435573887    0.434660602
   42.676314980    0.435585404    0.434710773
   42.707810415    0.435551233    0.434757926
   42.739305851    0.435487329    0.434802560
   42.770801286    0.435420824    0.434845241
   42.802296721    0.435379659    0.434886447
   42.833792157    0.435381962    0.434926432
   42.865287592    0.435429228    0.434965178
   42.896783028    0.435505851    0.435002445
   42.928278463    0.435585157    0.435037902
   42.959773898    0.435639602    0.435071287
   42.991269334    0.435651245    0.435102536
   43.022764769    0.435618506    0.435131839
   43.054260205    0.435556670    0.435159595
   43.085755640    0.435491980    0.435186290
   43.117251075    0.435451602    0.435212339
   43.148746511    0.435453296    0.435237962
   43.180241946    0.435498723    0.435263122
   43.211737382    0.435572904    0.435287566
   43.243232817    0.435650012    0.435310947
   43.274728252    0.435703248    0.435332970
   43.306223688    0.435715036    0.435353524
   43.337719123    0.435683651    0.435372738
   43.369214559    0.435623784    0.435390950
   43.400709994    0.435560871    0.435408593
   43.432205430    0.435521357    0.435426044
   43.463700865    0.435522641    0.435443503
   43.495196300    0.435566508    0.435460928
   43.526691736    0.435638536    0.435478068
   43.558187171    0.435713671    0.435494573
   43.589682607    0.435765807    0.435510134
   43.621178042    0.435777726    0.435524613
   43.652673477    0.435747594    0.435538102
   43.684168913    0.435689577    0.435550897
   43.715664348    0.435628371    0.435563392
   43.747159784    0.435589751    0.435575942
   43.778655219    0.435590762    0.435588734
   43.810150654    0.435633279    0.435601728
   43.841646090    0.435703377    0.435614680
   43.873141525    0.435776708    0.435627245
   43.904636961    0.435827816    0.435639110
   43.936132396    0.435839831    0.435650123
   43.967627831    0.435810842    0.435660349
   43.999123267    0.435754548    0.435670055
   44.030618702    0.435694967    0.435679610
   44.062114138    0.435657245    0.435689350
   44.093609573    0.435658081    0.435699456
   44.125105009    0.435699417    0.435709893
   44.156600444    0.435767767    0.435720427
   44.188095879    0.435839434    0.435730719
   44.219591315    0.435889570    0.435740459
   44.251086750    0.435901645    0.435749486
   44.282582186    0.435873697    0.435757850
   44.314077621    0.435819005    0.435765794
   44.345573056    0.435760966    0.435773668
   44.377068492    0.435724133    0.435781793
   44.408563927    0.435724873    0.435790348
   44.440059363    0.435765164    0.435799302
   44.471554798    0.435831920    0.435808431
   44.503050233    0.435902039    0.435817406
   44.534545669    0.435951247    0.435825922
   44.566041104    0.435963344    0.435833813
   44.597536540    0.435936338    0.435841115
   44.629031975    0.435883133    0.435848056
   44.660527410    0.435826550    0.435854970
   44.692022846    0.435790591    0.435862166
   44.723518281    0.435791292    0.435869821
   44.755013717    0.435830654    0.435877908
   44.786509152    0.435895946    0.435886215
   44.818004588    0.435964618    0.435894422
   44.849500023    0.436012935    0.435902228
   44.880995458    0.436025019    0.435909466
   44.912490894    0.435998866    0.435916164
   44.943986329    0.435947042    0.435922536
   44.975481765    0.435891837    0.435928901
   45.006977200    0.435856730    0.435935561
   45.038472635    0.435857438    0.435942691
   45.069968071    0.435895969    0.435950268
   45.101463506    0.435959911    0.435958088
   45.132958942    0.436027225    0.435965842
   45.164454377    0.436074683    0.435973235
   45.195949812    0.436086723    0.435980099
   45.227445248    0.436061342    0.435986455
   45.258940683    0.436010803    0.435992507
   45.290436119    0.435956902    0.435998562
   45.321931554    0.435922624    0.436004915
   45.353426989    0.435923379    0.436011736
   45.384922425    0.435961163    0.436019010
   45.416417860    0.436023854    0.436026539
   45.447913296    0.436089888    0.436034024
   45.479408731    0.436136519    0.436041175
   45.510904167    0.436148487    0.436047825
   45.542399602    0.436123804    0.436053991
   45.573895037    0.436074461    0.436059866
   45.605390473    0.436021793    0.436065748
   45.636885908    0.435988320    0.436071924
   45.668381344    0.435989151    0.436078564
   45.699876779    0.436026262    0.436085653
   45.731372214    0.436087790    0.436093005
   45.762867650    0.436152617    0.436100326
   45.794363085    0.436198447    0.436107334
   45.825858521    0.436210318    0.436113862
   45.857353956    0.436186268    0.436119923
   45.888849391    0.436138039    0.436125703
   45.920344827    0.436086540    0.436131490
   45.951840262    0.436053847    0.436137566
   45.983335698    0.436054780    0.436144097
   46.014831133    0.436091283    0.436151073
   46.046326569    0.436151729    0.436158313
   46.077822004    0.436215413    0.436165533
   46.109317439    0.436260469    0.436172455
   46.140812875    0.436272222    0.436178914
   46.172308310    0.436248746    0.436184919
   46.203803746    0.436201557    0.436190650
   46.235299181    0.436151167    0.436196388
   46.266794616    0.436119232    0.436202408
   46.298290052    0.436120288    0.436208874
   46.329785487    0.436156240    0.436215779
   46.361280923    0.436215678    0.436222946
   46.392776358    0.436278277    0.436230101
   46.424271793    0.436322585    0.436236969
   46.455767229    0.436334201    0.436243389
   46.487262664    0.436311246    0.436249367
   46.518758100    0.436265029    0.436255077
   46.550253535    0.436215691    0.436260791
   46.581748970    0.436184489    0.436266780
   46.613244406    0.436185686    0.436273206
   46.644739841    0.436221140    0.436280064
   46.676235277    0.436279633    0.436287183
   46.707730712    0.436341204    0.436294293
   46.739226148    0.436384786    0.436301127
   46.770721583    0.436396250    0.436307525
   46.802217018    0.436373766    0.436313491
   46.833712454    0.436328459    0.436319193
   46.865207889    0.436280121    0.436324899
   46.896703325    0.436249630    0.436330872
   46.928198760    0.436250984    0.436337273
   46.959694195    0.436285986    0.436344099
   46.991189631    0.436343595    0.436351183
   47.022685066    0.436404188    0.436358261
   47.054180502    0.436447067    0.436365073
   47.085675937    0.436458365    0.436371459
   47.117171372    0.436436309    0.436377421
   47.148666808    0.436391855    0.436383125
   47.180162243    0.436344469    0.436388830
   47.211657679    0.436314667    0.436394796
   47.243153114    0.436316191    0.436401182
   47.274648549    0.436350783    0.436407984
   47.306143985    0.436407564    0.436415042
   47.337639420    0.436467225    0.436422097
   47.369134856    0.436509423    0.436428892
   47.400630291    0.436520543    0.436435271
   47.432125727    0.436498874    0.436441235
   47.463621162    0.436455221    0.436446944
   47.495116597    0.436408741    0.436452653
   47.526612033    0.436379609    0.436458618
   47.558107468    0.436381314    0.436464993
   47.589602904    0.436415535    0.436471778
   47.621098339    0.436471538    0.436478815
   47.652593774    0.436530311    0.436485851
   47.684089210    0.436571847    0.436492633
   47.715584645    0.436582779    0.436499008
   47.747080081    0.436561460    0.436504975
   47.778575516    0.436518559    0.436510692
   47.810070951    0.436472944    0.436516408
   47.841566387    0.436444461    0.436522374
   47.873061822    0.436446358    0.436528742
   47.904557258    0.436480243    0.436535514
   47.936052693    0.436535516    0.436542533
   47.967548128    0.436593442    0.436549553
   47.999043564    0.436634336    0.436556325
   48.030538999    0.436645069    0.436562697
   48.062034435    0.436624068    0.436568670
   48.093529870    0.436581873    0.436574395
   48.125025306    0.436537083    0.436580119
   48.156520741    0.436509233    0.436586087
   48.188016176    0.436511329    0.436592452
   48.219511612    0.436544912    0.436599212
   48.251007047    0.436599497    0.436606216
   48.282502483    0.436656614    0.436613222
   48.313997918    0.436696883    0.436619985
   48.345493353    0.436707410    0.436626355
   48.376988789    0.436686694    0.436632333
   48.408484224    0.436645164    0.436638067
   48.439979660    0.436601165    0.436643800
   48.471475095    0.436573928    0.436649772
   48.502970530    0.436576233    0.436656133
   48.534465966    0.436609543    0.436662884
   48.565961401    0.436663480    0.436669875
   48.597456837    0.436719823    0.436676868
   48.628952272    0.436759483    0.436683623
   48.660447707    0.436769796    0.436689992
   48.691943143    0.436749337    0.436695974
   48.723438578    0.436708435    0.436701717
   48.754934014    0.436665191    0.436707458
   48.786429449    0.436638554    0.436713435
   48.817924885    0.436641075    0.436719795
   48.849420320    0.436674139    0.436726537
   48.880915755    0.436727465    0.436733516
   48.912411191    0.436783066    0.436740498
   48.943906626    0.436822133    0.436747245
   48.975402062    0.436832225    0.436753612
   49.006897497    0.436811997    0.436759599
   49.038392932    0.436771686    0.436765351
   49.069888368    0.436729168    0.436771101
   49.101383803    0.436703114    0.436777083
   49.132879239    0.436705857    0.436783441
   49.164374674    0.436738701    0.436790176
   49.195870109    0.436791451    0.436797144
   49.227365545    0.436846340    0.436804114
   49.258860980    0.436884829    0.436810854
   49.290356416    0.436894693    0.436817220
   49.321851851    0.436874672    0.436823212
   49.353347286    0.436834919    0.436828972
   49.384842722    0.436793098    0.436834730
   49.416338157    0.436767614    0.436840716
   49.447833593    0.436770585    0.436847074
   49.479329028    0.436803232    0.436853802
   49.510824464    0.436855437    0.436860760
   49.542319899    0.436909641    0.436867720
   49.573815334    0.436947565    0.436874452
   49.605310770    0.436957197    0.436880817
   49.636806205    0.436937360    0.436886813
   49.668301641    0.436898136    0.436892580
   49.699797076    0.436856984    0.436898347
   49.731292511    0.436832057    0.436904338
   49.762787947    0.436835263    0.436910695
   49.794283382    0.436867734    0.436917418
   49.825778818    0.436919423    0.436924366
   49.857274253    0.436972967    0.436931316
   49.888769688    0.437010339    0.436938042
   49.920265124    0.437019733    0.436944405
   49.951760559    0.437000060    0.436950404
   49.983255995    0.436961337    0.436956179
   50.014751430    0.436920831    0.436961953
   50.046246865    0.436896448    0.436967950
   50.077742301    0.436899892    0.436974307
   50.109237736    0.436932207    0.436981024
   50.140733172    0.436983407    0.436987964
   50.172228607    0.437036316    0.436994904
   50.203724043    0.437073147    0.437001623
   50.235219478    0.437082299    0.437007984
   50.266714913    0.437062772    0.437013987
   50.298210349    0.437024524    0.437019769
   50.329705784    0.436984640    0.437025550
   50.361201220    0.436960791    0.437031552
   50.392696655    0.436964478    0.437037909
   50.424192090    0.436996654    0.437044621
   50.455687526    0.437047389    0.437051552
   50.487182961    0.437099685    0.437058483
   50.518678397    0.437135986    0.437065196
   50.550173832    0.437144892    0.437071555
   50.581669267    0.437125494    0.437077561
   50.613164703    0.437087697    0.437083349
   50.644660138    0.437048416    0.437089138
   50.676155574    0.437025089    0.437095144
   50.707651009    0.437029021    0.437101502
   50.739146444    0.437061076    0.437108209
   50.770641880    0.437111369    0.437115133
   50.802137315    0.437163071    0.437122055
   50.833632751    0.437198854    0.437128761
   50.865128186    0.437207511    0.437135118
   50.896623622    0.437188225    0.437141127
   50.928119057    0.437150859    0.437146921
   50.959614492    0.437112159    0.437152717
   50.991109928    0.437089345    0.437158728
   51.022605363    0.437093526    0.437165086
   51.054100799    0.437125473    0.437171790
   51.085596234    0.437175344    0.437178706
   51.117091669    0.437226472    0.437185620
   51.148587105    0.437261746    0.437192319
   51.180082540    0.437270152    0.437198674
   51.211577976    0.437250966    0.437204685
   51.243073411    0.437214010    0.437210486
   51.274568846    0.437175874    0.437216288
   51.306064282    0.437153562    0.437222304
   51.337559717    0.437157994    0.437228662
   51.369055153    0.437189846    0.437235362
   51.400550588    0.437239315    0.437242271
   51.432046024    0.437289887    0.437249177
   51.463541459    0.437324662    0.437255870
   51.495036894    0.437332814    0.437262223
   51.526532330    0.437313715    0.437268236
   51.558027765    0.437277151    0.437274042
   51.589523201    0.437239562    0.437279851
   51.621018636    0.437217742    0.437285871
   51.652514071    0.437222427    0.437292231
   51.684009507    0.437254196    0.437298927
   51.715504942    0.437303280    0.437305829
   51.747000378    0.437353312    0.437312727
   51.778495813    0.437387598    0.437319415
   51.809991248    0.437395497    0.437325765
   51.841486684    0.437376473    0.437331780
   51.872982119    0.437340284    0.437337591
   51.904477555    0.437303225    0.437343405
   51.935972990    0.437281888    0.437349430
   51.967468425    0.437286826    0.437355791
   51.998963861    0.437318523    0.437362484
   52.030459296    0.437367239    0.437369380
   52.061954732    0.437416748    0.437376271
   52.093450167    0.437450554    0.437382952
   52.124945603    0.437458198    0.437389299
   52.156441038    0.437439240    0.437395316
   52.187936473    0.437403410    0.437401132
   52.219431909    0.437366865    0.437406953
   52.250927344    0.437346002    0.437412982
   52.282422780    0.437351193    0.437419344
   52.313918215    0.437382828    0.437426034
   52.345413650    0.437431192    0.437432924
   52.376909086    0.437480192    0.437439807
   52.408404521    0.437513528    0.437446483
   52.439899957    0.437520917    0.437452828
   52.471395392    0.437502015    0.437458846
   52.502890827    0.437466529    0.437464666
   52.534386263    0.437430483    0.437470492
   52.565881698    0.437410085    0.437476526
   52.597377134    0.437415529    0.437482889
   52.628872569    0.437447111    0.437489577
   52.660368004    0.437495136    0.437496461
   52.691863440    0.437543643    0.437503338
   52.723358875    0.437576518    0.437510007
   52.754854311    0.437583653    0.437516349
   52.786349746    0.437564799    0.437522369
   52.817845182    0.437529643    0.437528193
   52.849340617    0.437494082    0.437534025
   52.880836052    0.437474139    0.437540063
   52.912331488    0.437479835    0.437546428
   52.943826923    0.437511372    0.437553113
   52.975322359    0.437559073    0.437559991
   53.006817794    0.437607100    0.437566861
   53.038313229    0.437639523    0.437573525
   53.069808665    0.437646405    0.437579865
   53.101304100    0.437627592    0.437585885
   53.132799536    0.437592752    0.437591713
   53.164294971    0.437557662    0.437597551
   53.195790406    0.437538164    0.437603593
   53.227285842    0.437544112    0.437609959
   53.258781277    0.437575611    0.437616642
   53.290276713    0.437623001    0.437623515
   53.321772148    0.437670563    0.437630379
   53.353267583    0.437702544    0.437637037
   53.384763019    0.437709173    0.437643374
   53.416258454    0.437690393    0.437649395
   53.447753890    0.437655856    0.437655227
   53.479249325    0.437621223    0.437661069
   53.510744761    0.437602163    0.437667116
   53.542240196    0.437608360    0.437673484
   53.573735631    0.437639829    0.437680165
   53.605231067    0.437686920    0.437687033
   53.636726502    0.437734031    0.437693890
   53.668221938    0.437765578    0.437700543
   53.699717373    0.437771957    0.437706876
   53.731212808    0.437753202    0.437712898
   53.762708244    0.437718957    0.437718734
   53.794203679    0.437684768    0.437724581
   53.825699115    0.437666134    0.437730632
   53.857194550    0.437672581    0.437737001
   53.888689985    0.437704026    0.437743681
   53.920185421    0.437750831    0.437750544
   53.951680856    0.437797504    0.437757395
   53.983176292    0.437828627    0.437764042
   54.014671727    0.437834756    0.437770373
   54.046167162    0.437816020    0.437776395
   54.077662598    0.437782053    0.437782234
   54.109158033    0.437748295    0.437788086
   54.140653469    0.437730080    0.437794142
   54.172148904    0.437736774    0.437800513
   54.203644340    0.437768202    0.437807190
   54.235139775    0.437814734    0.437814049
   54.266635210    0.437860981    0.437820894
   54.298130646    0.437891688    0.437827536
   54.329626081    0.437897570    0.437833864
   54.361121517    0.437878846    0.437839886
   54.392616952    0.437845145    0.437845728
   54.424112387    0.437811805    0.437851585
   54.455607823    0.437794000    0.437857645
   54.487103258    0.437800940    0.437864017
   54.518598694    0.437832358    0.437870693
   54.550094129    0.437878628    0.437877548
   54.581589564    0.437924462    0.437884387
   54.613085000    0.437954763    0.437891024
   54.644580435    0.437960398    0.437897348
   54.676075871    0.437941680    0.437903371
   54.707571306    0.437908234    0.437909216
   54.739066741    0.437875299    0.437915078
   54.770562177    0.437857896    0.437921141
   54.802057612    0.437865081    0.437927516
   54.833553048    0.437896495    0.437934191
   54.865048483    0.437942515    0.437941041
   54.896543919    0.437987948    0.437947874
   54.928039354    0.438017850    0.437954506
   54.959534789    0.438023239    0.437960827
   54.991030225    0.438004521    0.437966850
   55.022525660    0.437971318    0.437972698
   55.054021096    0.437938777    0.437978564
   55.085516531    0.437921767    0.437984632
   55.117011966    0.437929197    0.437991008
   55.148507402    0.437960613    0.437997682
   55.180002837    0.438006395    0.438004528
   55.211498273    0.438051439    0.438011356
   55.242993708    0.438080950    0.438017982
   55.274489143    0.438086094    0.438024300
   55.305984579    0.438067368    0.438030323
   55.337480014    0.438034397    0.438036174
   55.368975450    0.438002238    0.438042044
   55.400470885    0.437985615    0.438048116
   55.431966320    0.437993288    0.438054494
   55.463461756    0.438024714    0.438061167
   55.494957191    0.438070268    0.438068009
   55.526452627    0.438114934    0.438074831
   55.557948062    0.438144061    0.438081453
   55.589443498    0.438148960    0.438087768
   55.620938933    0.438130221    0.438093790
   55.652434368    0.438097471    0.438099644
   55.683929804    0.438065683    0.438105519
   55.715425239    0.438049439    0.438111594
   55.746920675    0.438057356    0.438117974
   55.778416110    0.438088799    0.438124646
   55.809911545    0.438134135    0.438131484
   55.841406981    0.438178434    0.438138302
   55.872902416    0.438207184    0.438144918
   55.904397852    0.438211838    0.438151230
   55.935893287    0.438193078    0.438157252
   55.967388722    0.438160539    0.438163108
   55.998884158    0.438129112    0.438168987
   56.030379593    0.438113242    0.438175066
   56.061875029    0.438121402    0.438181448
   56.093370464    0.438152867    0.438188119
   56.124865900    0.438197997    0.438194954
   56.156361335    0.438241939    0.438201766
   56.187856770    0.438270317    0.438208377
   56.219352206    0.438274726    0.438214686
   56.250847641    0.438255940    0.438220708
   56.282343077    0.438223602    0.438226567
   56.313838512    0.438192526    0.438232449
   56.345333947    0.438177023    0.438238533
   56.376829383    0.438185428    0.438244917
   56.408324818    0.438216921    0.438251587
   56.439820254    0.438261854    0.438258418
   56.471315689    0.438305449    0.438265225
   56.502811124    0.438333461    0.438271831
   56.534306560    0.438337624    0.438278137
   56.565801995    0.438318804    0.438284159
   56.597297431    0.438286657    0.438290020
   56.628792866    0.438255924    0.438295906
   56.660288301    0.438240783    0.438301993
   56.691783737    0.438249434    0.438308380
   56.723279172    0.438280962    0.438315049
   56.754774608    0.438325706    0.438321877
   56.786270043    0.438368962    0.438328679
   56.817765479    0.438396613    0.438335280
   56.849260914    0.438400529    0.438341583
   56.880756349    0.438381671    0.438347604
   56.912251785    0.438349706    0.438353467
   56.943747220    0.438319307    0.438359358
   56.975242656    0.438304524    0.438365448
   57.006738091    0.438313421    0.438371837
   57.038233526    0.438344990    0.438378505
   57.069728962    0.438389555    0.438385330
   57.101224397    0.438432480    0.438392127
   57.132719833    0.438459773    0.438398724
   57.164215268    0.438463442    0.438405023
   57.195710703    0.438444539    0.438411044
   57.227206139    0.438412749    0.438416909
   57.258701574    0.438382675    0.438422803
   57.290197010    0.438368247    0.438428898
   57.321692445    0.438377391    0.438435288
   57.353187880    0.438409006    0.438441956
   57.384683316    0.438453400    0.438448778
   57.416178751    0.438496000    0.438455570
   57.447674187    0.438522941    0.438462162
   57.479169622    0.438526361    0.438468459
   57.510665058    0.438507408    0.438474479
   57.542160493    0.438475784    0.438480346
   57.573655928    0.438446031    0.438486244
   57.605151364    0.438431953    0.438492342
   57.636646799    0.438441344    0.438498734
   57.668142235    0.438473012    0.438505402
   57.699637670    0.438517241    0.438512220
   57.731133105    0.438559524    0.438519008
   57.762628541    0.438586114    0.438525595
   57.794123976    0.438589285    0.438531889
   57.825619412    0.438570277    0.438537908
   57.857114847    0.438538814    0.438543778
   57.888610282    0.438509373    0.438549679
   57.920105718    0.438495643    0.438555780
   57.951601153    0.438505283    0.438562175
   57.983096589    0.438537007    0.438568842
   58.014592024    0.438581078    0.438575658
   58.046087459    0.438623049    0.438582441
   58.077582895    0.438649293    0.438589023
   58.109078330    0.438652213    0.438595314
   58.140573766    0.438633146    0.438601333
   58.172069201    0.438601836    0.438607204
   58.203564637    0.438572704    0.438613108
   58.235060072    0.438559318    0.438619214
   58.266555507    0.438569208    0.438625610
   58.298050943    0.438600991    0.438632277
   58.329546378    0.438644911    0.438639090
   58.361041814    0.438686576    0.438645869
   58.392537249    0.438712476    0.438652447
   58.424032684    0.438715145    0.438658734
   58.455528120    0.438696015    0.438664752
   58.487023555    0.438664853    0.438670625
   58.518518991    0.438636023    0.438676533
   58.550014426    0.438622979    0.438682641
   58.581509861    0.438633119    0.438689040
   58.613005297    0.438664966    0.438695706
   58.644500732    0.438708739    0.438702517
   58.675996168    0.438750103    0.438709291
   58.707491603    0.438775662    0.438715865
   58.738987038    0.438778080    0.438722149
   58.770482474    0.438758883    0.438728166
   58.801977909    0.438727865    0.438734041
   58.833473345    0.438699333    0.438739952
   58.864968780    0.438686627    0.438746064
   58.896464216    0.438697017    0.438752465
   58.927959651    0.438728932    0.438759131
   58.959455086    0.438772562    0.438765939
   58.990950522    0.438813630    0.438772709
   59.022445957    0.438838851    0.438779278
   59.053941393    0.438841018    0.438785559
   59.085436828    0.438821751    0.438791576
   59.116932263    0.438790872    0.438797452
   59.148427699    0.438762633    0.438803366
   59.179923134    0.438750263    0.438809481
   59.211418570    0.438760903    0.438815884
   59.242914005    0.438792887    0.438822550
   59.274409440    0.438836380    0.438829355
   59.305904876    0.438877156    0.438836122
   59.337400311    0.438902042    0.438842687
   59.368895747    0.438903958    0.438848965
   59.400391182    0.438884620    0.438854980
   59.431886617    0.438853875    0.438860858
   59.463382053    0.438825925    0.438866775
   59.494877488    0.438813887    0.438872894
   59.526372924    0.438824777    0.438879298
   59.557868359    0.438856832    0.438885965
   59.589363795    0.438900192    0.438892767
   59.620859230    0.438940680    0.438899530
   59.652354665    0.438965234    0.438906090
   59.683850101    0.438966900    0.438912365
   59.715345536    0.438947489    0.438918380
   59.746840972    0.438916875    0.438924259
   59.778336407    0.438889209    0.438930179
   59.809831842    0.438877500    0.438936301
   59.841327278    0.438888639    0.438942708
   59.872822713    0.438920767    0.438949374
   59.904318149    0.438963997    0.438956174
   59.935813584    0.439004202    0.438962933
   59.967309019    0.439028428    0.438969489
   59.998804455    0.439029845    0.438975761
   60.030299890    0.439010359    0.438981775
   60.061795326    0.438979872    0.438987655
   60.093290761    0.438952486    0.438993578
   60.124786196    0.438941102    0.438999703
   60.156281632    0.438952488    0.439006112
   60.187777067    0.438984691    0.439012778
   60.219272503    0.439027795    0.439019577
   60.250767938    0.439067722    0.439026331
   60.282263374    0.439091623    0.439032884
   60.313758809    0.439092792    0.439039152
   60.345254244    0.439073230    0.439045165
   60.376749680    0.439042866    0.439051046
   60.408245115    0.439015755    0.439056972
   60.439740551    0.439004694    0.439063100
   60.471235986    0.439016325    0.439069512
   60.502731421    0.439048604    0.439076178
   60.534226857    0.439091586    0.439082974
   60.565722292    0.439131239    0.439089725
   60.597217728    0.439154819    0.439096273
   60.628713163    0.439155743    0.439102539
   60.660208598    0.439136103    0.439108550
   60.691704034    0.439105859    0.439114433
   60.723199469    0.439079018    0.439120361
   60.754694905    0.439068274    0.439126493
   60.786190340    0.439080150    0.439132906
   60.817685775    0.439112506    0.439139573
   60.849181211    0.439155369    0.439146367
   60.880676646    0.439194754    0.439153114
   60.912172082    0.439218017    0.439159658
   60.943667517    0.439218697    0.439165921
   60.975162953    0.439198978    0.439171931
   61.006658388    0.439168850    0.439177814
   61.038153823    0.439142274    0.439183746
   61.069649259    0.439131844    0.439189880
   61.101144694    0.439143961    0.439196296
   61.132640130    0.439176396    0.439202963
   61.164135565    0.439219145    0.439209755
   61.195631000    0.439258266    0.439216499
   61.227126436    0.439281217    0.439223039
   61.258621871    0.439281655    0.439229298
   61.290117307    0.439261856    0.439235307
   61.321612742    0.439231839    0.439241191
   61.353108177    0.439205523    0.439247125
   61.384603613    0.439195401    0.439253263
   61.416099048    0.439207759    0.439259681
   61.447594484    0.439240274    0.439266348
   61.479089919    0.439282913    0.439273139
   61.510585355    0.439321776    0.439279879
   61.542080790    0.439344420    0.439286415
   61.573576225    0.439344617    0.439292671
   61.605071661    0.439324736    0.439298678
   61.636567096    0.439294826    0.439304564
   61.668062532    0.439268764    0.439310500
   61.699557967    0.439258947    0.439316641
   61.731053402    0.439271543    0.439323061
   61.762548838    0.439304141    0.439329729
   61.794044273    0.439346674    0.439336517
   61.825539709    0.439385284    0.439343254
   61.857035144    0.439407625    0.439349786
   61.888530579    0.439407584    0.439356039
   61.920026015    0.439387619    0.439362045
   61.951521450    0.439357810    0.439367931
   61.983016886    0.439331998    0.439373870
   62.014512321    0.439322481    0.439380014
   62.046007756    0.439335314    0.439386437
   62.077503192    0.439367995    0.439393105
   62.108998627    0.439410428    0.439399892
   62.140494063    0.439448792    0.439406625
   62.171989498    0.439470834    0.439413153
   62.203484934    0.439470555    0.439419403
   62.234980369    0.439450504    0.439425407
   62.266475804    0.439420793    0.439431294
   62.297971240    0.439395223    0.439437236
   62.329466675    0.439386002    0.439443382
   62.360962111    0.439399071    0.439449807
   62.392457546    0.439431839    0.439456476
   62.423952981    0.439474176    0.439463262
   62.455448417    0.439512299    0.439469991
   62.486943852    0.439534046    0.439476515
   62.518439288    0.439533531    0.439482762
   62.549934723    0.439513391    0.439488765
   62.581430158    0.439483772    0.439494653
   62.612925594    0.439458439    0.439500596
   62.644421029    0.439449509    0.439506746
   62.675916465    0.439462814    0.439513174
   62.707411900    0.439495672    0.439519843
   62.738907335    0.439537919    0.439526627
   62.770402771    0.439575807    0.439533353
   62.801898206    0.439597263    0.439539873
   62.833393642    0.439596512    0.439546116
   62.864889077    0.439576280    0.439552118
   62.896384513    0.439546747    0.439558006
   62.927879948    0.439521646    0.439563953
   62.959375383    0.439513004    0.439570106
   62.990870819    0.439526544    0.439576535
   63.022366254    0.439559494    0.439583205
   63.053861690    0.439601657    0.439589988
   63.085357125    0.439639315    0.439596711
   63.116852560    0.439660484    0.439603227
   63.148347996    0.439659497    0.439609467
   63.179843431    0.439639169    0.439615467
   63.211338867    0.439609717    0.439621356
   63.242834302    0.439584842    0.439627304
   63.274329737    0.439576486    0.439633461
   63.305825173    0.439590261    0.439639893
   63.337320608    0.439623308    0.439646563
   63.368816044    0.439665391    0.439653344
   63.400311479    0.439702825    0.439660064
   63.431806914    0.439723709    0.439666576
   63.463302350    0.439722485    0.439672812
   63.494797785    0.439702059    0.439678811
   63.526293221    0.439672683    0.439684701
   63.557788656    0.439648029    0.439690652
   63.589284092    0.439639955    0.439696811
   63.620779527    0.439653966    0.439703245
   63.652274962    0.439687112    0.439709917
   63.683770398    0.439729122    0.439716696
   63.715265833    0.439766336    0.439723412
   63.746761269    0.439786938    0.439729921
   63.778256704    0.439785477    0.439736154
   63.809752139    0.439764948    0.439742151
   63.841247575    0.439735642    0.439748041
   63.872743010    0.439711205    0.439753995
   63.904238446    0.439703411    0.439760157
   63.935733881    0.439717659    0.439766594
   63.967229316    0.439750909    0.439773266
   63.998724752    0.439792850    0.439780043
   64.030220187    0.439829849    0.439786757
   64.061715623    0.439850171    0.439793261
   64.093211058    0.439848472    0.439799491
   64.124706493    0.439827836    0.439805487
   64.156201929    0.439798595    0.439811377
   64.187697364    0.439774370    0.439817333
   64.219192800    0.439766854    0.439823498
   64.250688235    0.439781341    0.439829937
   64.282183671    0.439814699    0.439836610
   64.313679106    0.439856577    0.439843386
   64.345174541    0.439893364    0.439850097
   64.376669977    0.439913408    0.439856597
   64.408165412    0.439911468    0.439862824
   64.439660848    0.439890721    0.439868818
   64.471156283    0.439861541    0.439874709
   64.502651718    0.439837524    0.439880667
   64.534147154    0.439830286    0.439886835
   64.565642589    0.439845013    0.439893277
   64.597138025    0.439878484    0.439899950
   64.628633460    0.439920301    0.439906725
   64.660128895    0.439956881    0.439913432
   64.691624331    0.439976647    0.439919929
   64.723119766    0.439974465    0.439926152
   64.754615202    0.439953603    0.439932145
   64.786110637    0.439924480    0.439938037
   64.817606072    0.439900669    0.439943997
   64.849101508    0.439893707    0.439950168
   64.880596943    0.439908677    0.439956612
   64.912092379    0.439942262    0.439963286
   64.943587814    0.439984025    0.439970059
   64.975083250    0.440020399    0.439976763
   65.006578685    0.440039888    0.439983256
   65.038074120    0.440037462    0.439989476
   65.069569556    0.440016482    0.439995467
   65.101064991    0.439987411    0.440001360
   65.132560427    0.439963803    0.440007322
   65.164055862    0.439957118    0.440013496
   65.195551297    0.439972331    0.440019942
   65.227046733    0.440006036    0.440026617
   65.258542168    0.440047747    0.440033389
   65.290037604    0.440083919    0.440040090
   65.321533039    0.440103131    0.440046579
   65.353028474    0.440100458    0.440052796
   65.384523910    0.440079357    0.440058786
   65.416019345    0.440050335    0.440064678
   65.447514781    0.440026928    0.440070643
   65.479010216    0.440020519    0.440076820
   65.510505651    0.440035979    0.440083268
   65.542001087    0.440069806    0.440089944
   65.573496522    0.440111468    0.440096715
   65.604991958    0.440147439    0.440103413
   65.636487393    0.440166373    0.440109898
   65.667982829    0.440163453    0.440116112
   65.699478264    0.440142228    0.440122100
   65.730973699    0.440113252    0.440127993
   65.762469135    0.440090044    0.440133959
   65.793964570    0.440083912    0.440140139
   65.825460006    0.440099619    0.440146590
   65.856955441    0.440133571    0.440153266
   65.888450876    0.440175188    0.440160036
   65.919946312    0.440210959    0.440166731
   65.951441747    0.440229616    0.440173213
   65.982937183    0.440226446    0.440179424
   66.014432618    0.440205094    0.440185410
   66.045928053    0.440176162    0.440191303
   66.077423489    0.440153153    0.440197272
   66.108918924    0.440147297    0.440203454
   66.140414360    0.440163254    0.440209907
   66.171909795    0.440197333    0.440216585
   66.203405231    0.440238905    0.440223353
   66.234900666    0.440274478    0.440230046
   66.266396101    0.440292857    0.440236524
   66.297891537    0.440289437    0.440242731
   66.329386972    0.440267955    0.440248716
   66.360882408    0.440239066    0.440254609
   66.392377843    0.440216254    0.440260580
   66.423873278    0.440210674    0.440266765
   66.455368714    0.440226882    0.440273220
   66.486864149    0.440261090    0.440279898
   66.518359585    0.440302620    0.440286666
   66.549855020    0.440337995    0.440293356
   66.581350455    0.440356097    0.440299830
   66.612845891    0.440352425    0.440306035
   66.644341326    0.440330813    0.440312017
   66.675836762    0.440301964    0.440317911
   66.707332197    0.440279349    0.440323883
   66.738827632    0.440274046    0.440330071
   66.770323068    0.440290505    0.440336529
   66.801818503    0.440324842    0.440343208
   66.833313939    0.440366332    0.440349974
   66.864809374    0.440401510    0.440356662
   66.896304810    0.440419335    0.440363133
   66.927800245    0.440415410    0.440369334
   66.959295680    0.440393667    0.440375315
   66.990791116    0.440364858    0.440381209
   67.022286551    0.440342437    0.440387183
   67.053781987    0.440337411    0.440393373
   67.085277422    0.440354121    0.440399833
   67.116772857    0.440388590    0.440406513
   67.148268293    0.440430039    0.440413279
   67.179763728    0.440465022    0.440419963
   67.211259164    0.440482571    0.440426431
   67.242754599    0.440478393    0.440432629
   67.274250034    0.440456518    0.440438608
   67.305745470    0.440427747    0.440444502
   67.337240905    0.440405521    0.440450478
   67.368736341    0.440400769    0.440456671
   67.400231776    0.440417732    0.440463134
   67.431727211    0.440452332    0.440469814
   67.463222647    0.440493742    0.440476579
   67.494718082    0.440528531    0.440483261
   67.526213518    0.440545804    0.440489725
   67.557708953    0.440541374    0.440495920
   67.589204389    0.440519367    0.440501897
   67.620699824    0.440490633    0.440507791
   67.652195259    0.440468599    0.440513769
   67.683690695    0.440464122    0.440519964
   67.715186130    0.440481336    0.440526429
   67.746681566    0.440516068    0.440533111
   67.778177001    0.440557441    0.440539875
   67.809672436    0.440592037    0.440546554
   67.841167872    0.440609035    0.440553015
   67.872663307    0.440604354    0.440559206
   67.904158743    0.440582214    0.440565182
   67.935654178    0.440553516    0.440571076
   67.967149613    0.440531673    0.440577055
   67.998645049    0.440527469    0.440583253
   68.030140484    0.440544932    0.440589721
   68.061635920    0.440579796    0.440596404
   68.093131355    0.440621133    0.440603167
   68.124626790    0.440655539    0.440609844
   68.156122226    0.440672264    0.440616301
   68.187617661    0.440667333    0.440622489
   68.219113097    0.440645059    0.440628462
   68.250608532    0.440616396    0.440634356
   68.282103968    0.440594742    0.440640337
   68.313599403    0.440590808    0.440646538
   68.345094838    0.440608521    0.440653008
   68.376590274    0.440643518    0.440659692
   68.408085709    0.440684820    0.440666455
   68.439581145    0.440719037    0.440673129
   68.471076580    0.440735492    0.440679583
   68.502572015    0.440730312    0.440685768
   68.534067451    0.440707904    0.440691739
   68.565562886    0.440679274    0.440697632
   68.597058322    0.440657806    0.440703615
   68.628553757    0.440654141    0.440709819
   68.660049192    0.440672101    0.440716291
   68.691544628    0.440707231    0.440722977
   68.723040063    0.440748501    0.440729738
   68.754535499    0.440782532    0.440736410
   68.786030934    0.440798720    0.440742860
   68.817526369    0.440793291    0.440749042
   68.849021805    0.440770749    0.440755011
   68.880517240    0.440742150    0.440760905
   68.912012676    0.440720865    0.440766889
   68.943508111    0.440717465    0.440773095
   68.975003547    0.440735673    0.440779570
   69.006498982    0.440770936    0.440786257
   69.037994417    0.440812176    0.440793018
   69.069489853    0.440846025    0.440799687
   69.100985288    0.440861947    0.440806134
   69.132480724    0.440856271    0.440812312
   69.163976159    0.440833595    0.440818279
   69.195471594    0.440805023    0.440824172
   69.226967030    0.440783918    0.440830158
   69.258462465    0.440780781    0.440836367
   69.289957901    0.440799234    0.440842845
   69.321453336    0.440834633    0.440849533
   69.352948771    0.440875846    0.440856293
   69.384444207    0.440909516    0.440862960
   69.415939642    0.440925176    0.440869404
   69.447435078    0.440919254    0.440875578
   69.478930513    0.440896440    0.440881543
   69.510425948    0.440867893    0.440887436
   69.541921384    0.440846963    0.440893423
   69.573416819    0.440844087    0.440899635
   69.604912255    0.440862785    0.440906115
   69.636407690    0.440898321    0.440912804
   69.667903126    0.440939510    0.440919565
   69.699398561    0.440973006    0.440926229
   69.730893996    0.440988406    0.440932669
   69.762389432    0.440982238    0.440938840
   69.793884867    0.440959286    0.440944803
   69.825380303    0.440930759    0.440950695
   69.856875738    0.440910002    0.440956684
   69.888371173    0.440907382    0.440962899
   69.919866609    0.440926325    0.440969381
   69.951362044    0.440962000    0.440976072
   69.982857480    0.441003170    0.440982832
   70.014352915    0.441036495    0.440989494
   70.045848350    0.441051639    0.440995930
   70.077343786    0.441045226    0.441002098
   70.108839221    0.441022132    0.441008058
   70.140334657    0.440993621    0.441013951
   70.171830092    0.440973031    0.441019941
   70.203325527    0.440970666    0.441026158
   70.234820963    0.440989854    0.441032643
   70.266316398    0.441025671    0.441039336
   70.297811834    0.441066827    0.441046095
   70.329307269    0.441099986    0.441052755
   70.360802705    0.441114875    0.441059187
   70.392298140    0.441108215    0.441065352
   70.423793575    0.441084977    0.441071310
   70.455289011    0.441056478    0.441077202
   70.486784446    0.441036051    0.441083194
   70.518279882    0.441033939    0.441089413
   70.549775317    0.441053373    0.441095901
   70.581270752    0.441089335    0.441102595
   70.612766188    0.441130481    0.441109354
   70.644261623    0.441163478    0.441116011
   70.675757059    0.441178114    0.441122440
   70.707252494    0.441171207    0.441128601
   70.738747929    0.441147821    0.441134557
   70.770243365    0.441119329    0.441140448
   70.801738800    0.441099061    0.441146442
   70.833234236    0.441097200    0.441152664
   70.864729671    0.441116881    0.441159155
   70.896225106    0.441152993    0.441165850
   70.927720542    0.441194133    0.441172608
   70.959215977    0.441226972    0.441179264
   70.990711413    0.441241358    0.441185689
   71.022206848    0.441234202    0.441191847
   71.053702284    0.441210663    0.441197800
   71.085197719    0.441182173    0.441203691
   71.116693154    0.441162060    0.441209686
   71.148188590    0.441160449    0.441215911
   71.179684025    0.441180379    0.441222405
   71.211179461    0.441216645    0.441229101
   71.242674896    0.441257784    0.441235859
   71.274170331    0.441290469    0.441242512
   71.305665767    0.441304604    0.441248934
   71.337161202    0.441297197    0.441255088
   71.368656638    0.441273501    0.441261039
   71.400152073    0.441245008    0.441266929
   71.431647508    0.441225048    0.441272926
   71.463142944    0.441223685    0.441279154
   71.494638379    0.441243867    0.441285650
   71.526133815    0.441280292    0.441292348
   71.557629250    0.441321436    0.441299105
   71.589124686    0.441353969    0.441305756
   71.620620121    0.441367855    0.441312174
   71.652115556    0.441360194    0.441318325
   71.683610992    0.441336336    0.441324273
   71.715106427    0.441307835    0.441330164
   71.746601863    0.441288023    0.441336162
   71.778097298    0.441286910    0.441342392
   71.809592733    0.441307347    0.441348891
   71.841088169    0.441343935    0.441355591
   71.872583604    0.441385089    0.441362348
   71.904079040    0.441417474    0.441368996
   71.935574475    0.441431109    0.441375411
   71.967069910    0.441423190    0.441381558
   71.998565346    0.441399166    0.441387504
   72.030060781    0.441370652    0.441393394
   72.061556217    0.441350987    0.441399393
   72.093051652    0.441350124    0.441405627
   72.124547087    0.441370819    0.441412128
   72.156042523    0.441407575    0.441418829
   72.187537958    0.441448743    0.441425586
   72.219033394    0.441480981    0.441432232
   72.250528829    0.441494365    0.441438643
   72.282024265    0.441486185    0.441444786
   72.313519700    0.441461989    0.441450730
   72.345015135    0.441433459    0.441456620
   72.376510571    0.441413939    0.441462621
   72.408006006    0.441413327    0.441468857
   72.439501442    0.441434285    0.441475361
   72.470996877    0.441471214    0.441482064
   72.502492312    0.441512399    0.441488820
   72.533987748    0.441544493    0.441495463
   72.565483183    0.441557623    0.441501871
   72.596978619    0.441549178    0.441508011
   72.628474054    0.441524806    0.441513952
   72.659969489    0.441496256    0.441519841
   72.691464925    0.441476879    0.441525844
   72.722960360    0.441476521    0.441532082
   72.754455796    0.441497745    0.441538589
   72.785951231    0.441534851    0.441545294
   72.817446666    0.441576058    0.441552049
   72.848942102    0.441608007    0.441558691
   72.880437537    0.441620882    0.441565095
   72.911932973    0.441612168    0.441571232
   72.943428408    0.441587616    0.441577171
   72.974923844    0.441559042    0.441583059
   73.006419279    0.441539809    0.441589063
   73.037914714    0.441539706    0.441595304
   73.069410150    0.441561199    0.441601813
   73.100905585    0.441598488    0.441608519
   73.132401021    0.441639718    0.441615275
   73.163896456    0.441671523    0.441621914
   73.195391891    0.441684142    0.441628315
   73.226887327    0.441675155    0.441634448
   73.258382762    0.441650417    0.441640384
   73.289878198    0.441621818    0.441646272
   73.321373633    0.441602728    0.441652277
   73.352869068    0.441602882    0.441658521
   73.384364504    0.441624650    0.441665033
   73.415859939    0.441662124    0.441671741
   73.447355375    0.441703380    0.441678496
   73.478850810    0.441735041    0.441685133
   73.510346245    0.441747400    0.441691531
   73.541841681    0.441738137    0.441697660
   73.573337116    0.441713211    0.441703594
   73.604832552    0.441684584    0.441709481
   73.636327987    0.441665638    0.441715488
   73.667823423    0.441666052    0.441721734
   73.699318858    0.441688097    0.441728249
   73.730814293    0.441725760    0.441734958
   73.762309729    0.441767043    0.441741713
   73.793805164    0.441798560    0.441748348
   73.825300600    0.441810657    0.441754742
   73.856796035    0.441801113    0.441760868
   73.888291470    0.441775997    0.441766800
   73.919786906    0.441747341    0.441772686
   73.951282341    0.441728539    0.441778694
   73.982777777    0.441729215    0.441784942
   74.014273212    0.441751541    0.441791460
   74.045768647    0.441789395    0.441798171
   74.077264083    0.441830707    0.441804926
   74.108759518    0.441862078    0.441811559
   74.140254954    0.441873911    0.441817950
   74.171750389    0.441864085    0.441824072
   74.203245824    0.441838776    0.441830001
   74.234741260    0.441810090    0.441835887
   74.266236695    0.441791432    0.441841896
   74.297732131    0.441792373    0.441848147
   74.329227566    0.441814981    0.441854667
   74.360723002    0.441853028    0.441861379
   74.392218437    0.441894370    0.441868134
   74.423713872    0.441925596    0.441874765
   74.455209308    0.441937162    0.441881153
   74.486704743    0.441927051    0.441887272
   74.518200179    0.441901547    0.441893198
   74.549695614    0.441872830    0.441899083
   74.581191049    0.441854318    0.441905093
   74.612686485    0.441855525    0.441911346
   74.644181920    0.441878418    0.441917869
   74.675677356    0.441916660    0.441924584
   74.707172791    0.441958032    0.441931339
   74.738668226    0.441989111    0.441937968
   74.770163662    0.442000410    0.441944352
   74.801659097    0.441990013    0.441950467
   74.833154533    0.441964312    0.441956391
   74.864649968    0.441935565    0.441962275
   74.896145403    0.441917198    0.441968286
   74.927640839    0.441918672    0.441974542
   74.959136274    0.441941852    0.441981067
   74.990631710    0.441980289    0.441987784
   75.022127145    0.442021692    0.441994539
   75.053622581    0.442052624    0.442001166
   75.085118016    0.442063655    0.442007547
   75.116613451    0.442052970    0.442013659
   75.148108887    0.442027072    0.442019580
   75.179604322    0.441998293    0.442025463
   75.211099758    0.441980072    0.442031474
   75.242595193    0.441981814    0.442037733
   75.274090628    0.442005280    0.442044261
   75.305586064    0.442043915    0.442050979
   75.337081499    0.442085348    0.442057735
   75.368576935    0.442116134    0.442064360
   75.400072370    0.442126896    0.442070738
   75.431567805    0.442115924    0.442076846
   75.463063241    0.442089828    0.442082764
   75.494558676    0.442061016    0.442088646
   75.526054112    0.442042941    0.442094658
   75.557549547    0.442044949    0.442100919
   75.589044982    0.442068703    0.442107450
   75.620540418    0.442107535    0.442114171
   75.652035853    0.442149001    0.442120926
   75.683531289    0.442179641    0.442127550
   75.715026724    0.442190136    0.442133924
   75.746522160    0.442178875    0.442140028
   75.778017595    0.442152581    0.442145944
   75.809513030    0.442123735    0.442151824
   75.841008466    0.442105803    0.442157838
   75.872503901    0.442108078    0.442164101
   75.903999337    0.442132119    0.442170635
   75.935494772    0.442171150    0.442177358
   75.966990207    0.442212649    0.442184114
   75.998485643    0.442243145    0.442190735
   76.029981078    0.442253373    0.442197107
   76.061476514    0.442241825    0.442203207
   76.092971949    0.442215331    0.442209119
   76.124467384    0.442186449    0.442214999
   76.155962820    0.442168660    0.442221013
   76.187458255    0.442171200    0.442227279
   76.218953691    0.442195528    0.442233816
   76.250449126    0.442234758    0.442240540
   76.281944562    0.442276293    0.442247297
   76.313439997    0.442306648    0.442253917
   76.344935432    0.442316610    0.442260285
   76.376430868    0.442304774    0.442266381
   76.407926303    0.442278079    0.442272290
   76.439421739    0.442249160    0.442278168
   76.470917174    0.442231509    0.442284184
   76.502412609    0.442234313    0.442290452
   76.533908045    0.442258927    0.442296992
   76.565403480    0.442298358    0.442303719
   76.596898916    0.442339932    0.442310475
   76.628394351    0.442370148    0.442317094
   76.659889786    0.442379848    0.442323459
   76.691385222    0.442367724    0.442329551
   76.722880657    0.442340826    0.442335457
   76.754376093    0.442311866    0.442341334
   76.785871528    0.442294351    0.442347350
   76.817366963    0.442297415    0.442353620
   76.848862399    0.442322317    0.442360163
   76.880357834    0.442361951    0.442366892
   76.911853270    0.442403567    0.442373650
   76.943348705    0.442433649    0.442380267
   76.974844141    0.442443088    0.442386628
   77.006339576    0.442430677    0.442392716
   77.037835011    0.442403573    0.442398619
   77.069330447    0.442374567    0.442404494
   77.100825882    0.442357184    0.442410511
   77.132321318    0.442360507    0.442416784
   77.163816753    0.442385695    0.442423330
   77.195312188    0.442425535    0.442430062
   77.226807624    0.442467198    0.442436820
   77.258303059    0.442497150    0.442443435
   77.289798495    0.442506331    0.442449793
   77.321293930    0.442493631    0.442455877
   77.352789365    0.442466319    0.442461776
   77.384284801    0.442437262    0.442467650
   77.415780236    0.442420006    0.442473668
   77.447275672    0.442423585    0.442479944
   77.478771107    0.442449061    0.442486493
   77.510266542    0.442489112    0.442493227
   77.541761978    0.442530827    0.442499986
   77.573257413    0.442560653    0.442506599
   77.604752849    0.442569578    0.442512953
   77.636248284    0.442556589    0.442519033
   77.667743720    0.442529064    0.442524929
   77.699239155    0.442499951    0.442530802
   77.730734590    0.442482817    0.442536820
   77.762230026    0.442486650    0.442543098
   77.793725461    0.442512415    0.442549651
   77.825220897    0.442552680    0.442556388
   77.856716332    0.442594455    0.442563147
   77.888211767    0.442624160    0.442569759
   77.919707203    0.442632832    0.442576109
   77.951202638    0.442619551    0.442582185
   77.982698074    0.442591807    0.442588078
   78.014193509    0.442562631    0.442593949
   78.045688944    0.442545614    0.442599968
   78.077184380    0.442549699    0.442606249
   78.108679815    0.442575757    0.442612805
   78.140175251    0.442616242    0.442619544
   78.171670686    0.442658082    0.442626304
   78.203166121    0.442687672    0.442632914
   78.234661557    0.442696091    0.442639261
   78.266156992    0.442682517    0.442645333
   78.297652428    0.442654548    0.442651222
   78.329147863    0.442625302    0.442657091
   78.360643299    0.442608397    0.442663111
   78.392138734    0.442612733    0.442669394
   78.423634169    0.442639085    0.442675954
   78.455129605    0.442679798    0.442682696
   78.486625040    0.442721710    0.442689456
   78.518120476    0.442751191    0.442696064
   78.549615911    0.442759359    0.442702408
   78.581111346    0.442745486    0.442708475
   78.612606782    0.442717285    0.442714361
   78.644102217    0.442687962    0.442720228
   78.675597653    0.442671163    0.442726249
   78.707093088    0.442675749    0.442732535
   78.738588523    0.442702401    0.442739098
   78.770083959    0.442743349    0.442745843
   78.801579394    0.442785342    0.442752604
   78.833074830    0.442814718    0.442759210
   78.864570265    0.442822633    0.442765550
   78.896065700    0.442808457    0.442771613
   78.927561136    0.442780017    0.442777495
   78.959056571    0.442750608    0.442783361
   78.990552007    0.442733911    0.442789383
   79.022047442    0.442738749    0.442795672
   79.053542878    0.442765706    0.442802238
   79.085038313    0.442806897    0.442808985
   79.116533748    0.442848978    0.442815747
   79.148029184    0.442878253    0.442822352
   79.179524619    0.442885916    0.442828688
   79.211020055    0.442871431    0.442834747
   79.242515490    0.442842742    0.442840625
   79.274010925    0.442813240    0.442846489
   79.305506361    0.442796642    0.442852512
   79.337001796    0.442801732    0.442858803
   79.368497232    0.442829001    0.442865373
   79.399992667    0.442870443    0.442872123
   79.431488102    0.442912620    0.442878885
   79.462983538    0.442941797    0.442885488
   79.494478973    0.442949205    0.442891821
   79.525974409    0.442934404    0.442897875
   79.557469844    0.442905459    0.442903750
   79.588965279    0.442875857    0.442909613
   79.620460715    0.442859353    0.442915636
   79.651956150    0.442864699    0.442921930
   79.683451586    0.442892286    0.442928503
   79.714947021    0.442933989    0.442935255
   79.746442457    0.442976268    0.442942019
   79.777937892    0.443005351    0.442948620
   79.809433327    0.443012502    0.442954949
   79.840928763    0.442997378    0.442961000
   79.872424198    0.442968166    0.442966871
   79.903919634    0.442938457    0.442972732
   79.935415069    0.442922046    0.442978755
   79.966910504    0.442927650    0.442985052
   79.998405940    0.442955563    0.442991629
   80.029901375    0.442997535    0.442998383
   80.061396811    0.443039925    0.443005147
   80.092892246    0.443068914    0.443011747
   80.124387681    0.443075803    0.443018073
   80.155883117    0.443060348    0.443024119
   80.187378552    0.443030862    0.443029987
   80.218873988    0.443001039    0.443035846
   80.250369423    0.442984719    0.443041870
   80.281864858    0.442990586    0.443048169
   80.313360294    0.443018833    0.443054749
   80.344855729    0.443061084    0.443061506
   80.376351165    0.443103589    0.443068271
   80.407846600    0.443132486    0.443074870
   80.439342036    0.443139110    0.443081192
   80.470837471    0.443123316    0.443087234
   80.502332906    0.443093545    0.443093098
   80.533828342    0.443063603    0.443098955
   80.565323777    0.443047375    0.443104980
   80.596819213    0.443053509    0.443111281
   80.628314648    0.443082098    0.443117863
   80.659810083    0.443124636    0.443124623
   80.691305519    0.443167262    0.443131389
   80.722800954    0.443196067    0.443137988
   80.754296390    0.443202419    0.443144308
   80.785791825    0.443186278    0.443150347
   80.817287260    0.443156216    0.443156207
   80.848782696    0.443126150    0.443162061
   80.880278131    0.443110013    0.443168084
   80.911773567    0.443116420    0.443174384
   80.943269002    0.443145360    0.443180967
   80.974764437    0.443188192    0.443187729
   81.006259873    0.443230943    0.443194500
   81.037755308    0.443259655    0.443201105
   81.069250744    0.443265731    0.443207434
   81.100746179    0.443249233    0.443213478
   81.132241615    0.443218873    0.443219334
   81.163737050    0.443188679    0.443225161
   81.195232485    0.443172634    0.443231116
   81.226727921    0.443179320    0.443237289
   81.258223356    0.443208618    0.443243660
   81.289718792    0.443251751    0.443250107
   81.321214227    0.443294630    0.443256438
   81.352709662    0.443323248    0.443262470
   81.384205098    0.443329042    0.443268087
   81.415700533    0.443312182    0.443273286
   81.447195969    0.443281516    0.443278176
   81.478691404    0.443251191    0.443282935
   81.510186839    0.443235241    0.443287739
   81.541682275    0.443242210    0.443292701
   81.573177710    0.443271873    0.443297821
   81.604673146    0.443315314    0.443302990
   81.636168581    0.443358324    0.443308032
   81.667664017    0.443386846    0.443312769
   81.699159452    0.443392353    0.443317093
   81.730654887    0.443375124    0.443321004
   81.762150323    0.443344147    0.443324609
   81.793645758    0.443313689    0.443328087
   81.825141194    0.443297834    0.443331615
   81.856636629    0.443305092    0.443335300
   81.888132064    0.443335126    0.443339144
   81.919627500    0.443378879    0.443343035
   81.951122935    0.443422022    0.443346796
   81.982618371    0.443450447    0.443350250
   82.014113806    0.443455662    0.443353289
   82.045609241    0.443438057    0.443355913
   82.077104677    0.443406766    0.443358234
   82.108600112    0.443376173    0.443360430
   82.140095548    0.443360416    0.443362677
   82.171590983    0.443367965    0.443365085
   82.203086418    0.443398376    0.443367651
   82.234581854    0.443442445    0.443370264
   82.266077289    0.443485723    0.443372745
   82.297572725    0.443514048    0.443374917
   82.329068160    0.443518968    0.443376671
   82.360563596    0.443500985    0.443378010
   82.392059031    0.443469374    0.443379046
   82.423554466    0.443438645    0.443379959
   82.455049902    0.443422986    0.443380925
   82.486545337    0.443430831    0.443382055
   82.518040773    0.443461622    0.443383343
   82.549536208    0.443506010    0.443384679
   82.581031643    0.443549424    0.443385880
   82.612527079    0.443577650    0.443386771
   82.644022514    0.443582272    0.443387241
   82.675517950    0.443563906    0.443387294
   82.707013385    0.443531975    0.443387045
   82.738508820    0.443501108    0.443386674
   82.770004256    0.443485547    0.443386360
   82.801499691    0.443493689    0.443386210
   82.832995127    0.443524862    0.443386222
   82.864490562    0.443569571    0.443386279
   82.895985997    0.443613123    0.443386202
   82.927481433    0.443641250    0.443385810
   82.958976868    0.443645575    0.443384996
   82.990472304    0.443626826    0.443383764
   83.021967739    0.443594570    0.443382230
   83.053463175    0.443563563    0.443380575
   83.084958610    0.443548099    0.443378979
   83.116454045    0.443556537    0.443377551
   83.147949481    0.443588092    0.443376285
   83.179444916    0.443633124    0.443375066
   83.210940352    0.443676816    0.443373710
   83.242435787    0.443704848    0.443372036
   83.273931222    0.443708878    0.443369938
   83.305426658    0.443689746    0.443367421
   83.336922093    0.443657166    0.443364600
   83.368417529    0.443626015    0.443361662
   83.399912964    0.443610643    0.443358785
   83.431408399    0.443619372    0.443356078
   83.462903835    0.443651308    0.443353535
   83.494399270    0.443696664    0.443351038
   83.525894706    0.443740501    0.443348403
   83.557390141    0.443768444    0.443345449
   83.588885576    0.443772185    0.443342066
   83.620381012    0.443752674    0.443338263
   83.651876447    0.443719768    0.443334157
   83.683371883    0.443688468    0.443329934
   83.714867318    0.443673177    0.443325776
   83.746362754    0.443682189    0.443321790
   83.777858189    0.443714499    0.443317970
   83.809353624    0.443760180    0.443314196
   83.840849060    0.443804171    0.443310283
   83.872344495    0.443832039    0.443306047
   83.903839931    0.443835505    0.443301381
   83.935335366    0.443815624    0.443296292
   83.966830801    0.443782392    0.443290900
   83.998326237    0.443750930    0.443285392
   84.029821672    0.443735702    0.443279952
   84.061317108    0.443744973    0.443274687
   84.092812543    0.443777643    0.443269591
   84.124307978    0.443823649    0.443264540
   84.155803414    0.443867811    0.443259349
   84.187298849    0.443895635    0.443253832
   84.218794285    0.443898862    0.443247882
   84.250289720    0.443878637    0.443241506
   84.281785155    0.443845080    0.443234828
   84.313280591    0.443813428    0.443228036
   84.344776026    0.443798207    0.443221314
   84.376271462    0.443807676    0.443214770
   84.407766897    0.443840659    0.443208397
   84.439262333    0.443886986    0.443202070
   84.470757768    0.443931371    0.443195600
   84.502253203    0.443959256    0.443188803
   84.533748639    0.443962369    0.443181569
   84.565244074    0.443941896    0.443173907
   84.596739510    0.443908026    0.443165942
   84.628234945    0.443876072    0.443157865
   84.659730380    0.443860623    0.443149860
   84.691225816    0.443869987    0.443142038
   84.722721251    0.443903029    0.443134388
   84.754216687    0.443949626    0.443126785
   84.785712122    0.443994532    0.443119038
   84.817207557    0.444023184    0.443110960
   84.848702993    0.444027207    0.443102442
   84.880198428    0.444007491    0.443093494
   84.911693864    0.443973687    0.443084242
   84.943189299    0.443940293    0.443074879
   84.974684734    0.443920871    0.443065592
   85.006180170    0.443922612    0.443056491
   85.037675605    0.443943383    0.443047564
   85.069171041    0.443972399    0.443038686
   85.100666476    0.443994292    0.443029662
   85.132161912    0.443995039    0.443020303
   85.163657347    0.443967458    0.443010501
   85.195152782    0.443914165    0.443000266
   85.226648218    0.443846820    0.442989727
   85.258143653    0.443781919    0.442979077
   85.289639089    0.443734711    0.442968508
   85.321134524    0.443713540    0.442958127
   85.352629959    0.443716772    0.442947925
   85.384125395    0.443733486    0.442937772
   85.415620830    0.443747665    0.442927471
   85.447116266    0.443744319    0.442916833
   85.478611701    0.443715197    0.442905747
   85.510107136    0.443661921    0.442894225
   85.541602572    0.443595358    0.442882397
   85.573098007    0.443531454    0.442870461
   85.604593443    0.443485131    0.442858607
   85.636088878    0.443464584    0.442846948
   85.667584313    0.443468139    0.442835470
   85.699079749    0.443484894    0.442824043
   85.730575184    0.443498886    0.442812467
   85.762070620    0.443495197    0.442800549
   85.793566055    0.443465667    0.442788178
   85.825061491    0.443412020    0.442775368
   85.856556926    0.443345220    0.442762258
   85.888052361    0.443281277    0.442749058
   85.919547797    0.443235126    0.442735977
   85.951043232    0.443214910    0.442723147
   85.982538668    0.443218849    0.442710577
   86.014034103    0.443235915    0.442698160
   86.045529538    0.443250037    0.442685714
   86.077024974    0.443246248    0.442673061
   86.108520409    0.443216419    0.442660098
   86.140015845    0.443162378    0.442646840
   86.171511280    0.443095228    0.442633415
   86.203006715    0.443031106    0.442620018
   86.234502151    0.442985014    0.442606835
   86.265997586    0.442965077    0.442593970
   86.297493022    0.442969417    0.442581409
   86.328988457    0.442986857    0.442569019
   86.360483893    0.443001187    0.442556600
   86.391979328    0.442997363    0.442543965
   86.423474763    0.442967264    0.442531006
   86.454970199    0.442912816    0.442517740
   86.486465634    0.442845271    0.442504301
   86.517961070    0.442780915    0.442490891
   86.549456505    0.442734839    0.442477699
   86.580951940    0.442715165    0.442464834
   86.612447376    0.442719917    0.442452279
   86.643942811    0.442737766    0.442439897
   86.675438247    0.442752349    0.442427487
   86.706933682    0.442748522    0.442414855
   86.738429117    0.442718164    0.442401894
   86.769924553    0.442663295    0.442388622
   86.801419988    0.442595324    0.442375174
   86.832915424    0.442530697    0.442361755
   86.864410859    0.442484610    0.442348560
   86.895906294    0.442465189    0.442335696
   86.927401730    0.442470369    0.442323147
   86.958897165    0.442488658    0.442310772
   86.990392601    0.442503527    0.442298368
   87.021888036    0.442499723    0.442285738
   87.053383472    0.442469111    0.442272774
   87.084878907    0.442413806    0.442259494
   87.116374342    0.442345379    0.442246038
   87.147869778    0.442280448    0.442232613
   87.179365213    0.442234326    0.442219415
   87.210860649    0.442215156    0.442206553
   87.242356084    0.442220779    0.442194009
   87.273851519    0.442239538    0.442181642
   87.305346955    0.442254726    0.442169242
   87.336842390    0.442250966    0.442156613
   87.368337826    0.442220104    0.442143646
   87.399833261    0.442164344    0.442130360
   87.431328696    0.442095429    0.442116896
   87.462824132    0.442030162    0.442103464
   87.494319567    0.441983984    0.442090264
   87.525815003    0.441965063    0.442077404
   87.557310438    0.441971149    0.442064865
   87.588805873    0.441990412    0.442052504
   87.620301309    0.442005952    0.442040110
   87.651796744    0.442002257    0.442027482
   87.683292180    0.441971144    0.442014511
   87.714787615    0.441914909    0.442001218
   87.746283051    0.441845471    0.441987746
   87.777778486    0.441779833    0.441974308
   87.809273921    0.441733578    0.441961105
   87.840769357    0.441714908    0.441948248
   87.872264792    0.441721480    0.441935714
   87.903760228    0.441741283    0.441923360
   87.935255663    0.441757211    0.441910970
   87.966751098    0.441753601    0.441898344
   87.998246534    0.441722235    0.441885370
   88.029741969    0.441665499    0.441872070
   88.061237405    0.441595501    0.441858590
   88.092732840    0.441529454    0.441845146
   88.124228275    0.441483101    0.441831940
   88.155723711    0.441464684    0.441819084
   88.187219146    0.441471770    0.441806556
   88.218714582    0.441492154    0.441794208
   88.250210017    0.441508510    0.441781824
   88.281705452    0.441505010    0.441769200
   88.313200888    0.441473387    0.441756223
   88.344696323    0.441416120    0.441742916
   88.376191759    0.441345515    0.441729427
   88.407687194    0.441279015    0.441715975
   88.439182630    0.441232538    0.441702765
   88.470678065    0.441214379    0.441689910
   88.502173500    0.441222012    0.441677388
   88.533668936    0.441243029    0.441665048
   88.565164371    0.441259863    0.441652672
   88.596659807    0.441256500    0.441640052
   88.628155242    0.441224616    0.441627075
   88.659650677    0.441166780    0.441613761
   88.691146113    0.441095510    0.441600260
   88.722641548    0.441028499    0.441586792
   88.754136984    0.440981865    0.441573568
   88.785632419    0.440963968    0.441560705
   88.817127854    0.440972192    0.441548189
   88.848623290    0.440993911    0.441535882
   88.880118725    0.441011292    0.441523579
   88.911614161    0.441008109    0.441511090
   88.943109596    0.440975958    0.441498324
   88.974605031    0.440917501    0.441485322
   89.006100467    0.440845479    0.441472252
   89.037595902    0.440777871    0.441459350
   89.069091338    0.440731025    0.441446831
   89.100586773    0.440713395    0.441434810
   89.132082209    0.440722279    0.441423262
   89.163577644    0.440744810    0.441412029
   89.195073079    0.440762853    0.441400882
   89.226568515    0.440759921    0.441389609
   89.258063950    0.440727498    0.441378095
   89.289559386    0.440668325    0.441366365
   89.321054821    0.440595399    0.441354577
   89.352550256    0.440527040    0.441342960
   89.384045692    0.440479895    0.441331727
   89.415541127    0.440462561    0.441320993
   89.447036563    0.440472250    0.441310731
   89.478531998    0.440495803    0.441300783
   89.510027433    0.440514666    0.441290920
   89.541522869    0.440511976    0.441280927
   89.573018304    0.440479050    0.441270690
   89.604513740    0.440418818    0.441260233
   89.636009175    0.440344884    0.441249719
   89.667504610    0.440276563    0.441239376
   89.699000046    0.440231765    0.441229421
   89.730495481    0.440220417    0.441219970
   89.761990917    0.440240896    0.441210994
   89.793486352    0.440280826    0.441202335
   89.824981788    0.440321888    0.441193758
   89.856477223    0.440346810    0.441185048
   89.887972658    0.440345862    0.441176088
   89.919468094    0.440320374    0.441166905
   89.950963529    0.440281970    0.441157662
   89.982458965    0.440247836    0.441148592
   90.013954400    0.440233860    0.441139914
   90.045449835    0.440248314    0.441131745
   90.076945271    0.440288508    0.441124056
   90.108440706    0.440341717    0.441116686
   90.139936142    0.440390023    0.441109396
   90.171431577    0.440417215    0.441101970
   90.202927012    0.440415067    0.441094287
   90.234422448    0.440386578    0.441086377
   90.265917883    0.440344906    0.441078405
   90.297413319    0.440308365    0.441070607
   90.328908754    0.440293421    0.441063206
   90.360404189    0.440308350    0.441056318
   90.391899625    0.440350009    0.441049917
   90.423395060    0.440404982    0.441043835
   90.454890496    0.440454675    0.441037834
   90.486385931    0.440482425    0.441031691
   90.517881367    0.440479904    0.441025287
   90.549376802    0.440450348    0.441018650
   90.580872237    0.440407375    0.441011948
   90.612367673    0.440369806    0.441005422
   90.643863108    0.440354471    0.440999295
   90.675358544    0.440369750    0.440993690
   90.706853979    0.440412325    0.440988575
   90.738349414    0.440468403    0.440983784
   90.769844850    0.440518961    0.440979071
   90.801340285    0.440547018    0.440974213
   90.832835721    0.440544147    0.440969087
   90.864331156    0.440513741    0.440963722
   90.895826591    0.440469755    0.440958289
   90.927322027    0.440431401    0.440953034
   90.958817462    0.440415804    0.440948182
   90.990312898    0.440431432    0.440943858
   91.021808333    0.440474823    0.440940031
   91.053303768    0.440531864    0.440936529
   91.084799204    0.440583161    0.440933106
   91.116294639    0.440611452    0.440929532
   91.147790075    0.440608227    0.440925684
   91.179285510    0.440577018    0.440921592
   91.210780946    0.440532092    0.440917428
   91.242276381    0.440493022    0.440913442
   91.273771816    0.440477205    0.440909865
   91.305267252    0.440493190    0.440906821
   91.336762687    0.440537376    0.440904281
   91.368258123    0.440595343    0.440902070
   91.399753558    0.440647342    0.440899937
   91.431248993    0.440675842    0.440897648
   91.462744429    0.440672254    0.440895079
   91.494239864    0.440640250    0.440892258
   91.525735300    0.440594401    0.440889362
   91.557230735    0.440554632    0.440886644
   91.588726170    0.440538607    0.440884340
   91.620221606    0.440554957    0.440882576
   91.651717041    0.440599939    0.440881322
   91.683212477    0.440658828    0.440880403
   91.714707912    0.440711524    0.440879560
   91.746203348    0.440740228    0.440878557
   91.777698783    0.440736271    0.440877265
   91.809194218    0.440703465    0.440875716
   91.840689654    0.440656687    0.440874086
   91.872185089    0.440616215    0.440872635
   91.903680525    0.440599984    0.440871602
   91.935175960    0.440616702    0.440871118
   91.966671395    0.440662489    0.440871151
   91.998166831    0.440722314    0.440871522
   92.029662266    0.440775718    0.440871970
   92.061157702    0.440804631    0.440872253
   92.092653137    0.440800302    0.440872239
   92.124148572    0.440766682    0.440871959
   92.155644008    0.440718956    0.440871594
   92.187139443    0.440677765    0.440871408
   92.218634879    0.440661317    0.440871645
   92.250130314    0.440678407    0.440872438
   92.281625749    0.440725014    0.440873757
   92.313121185    0.440785795    0.440875419
   92.344616620    0.440839928    0.440877158
   92.376112056    0.440869062    0.440878726
   92.407607491    0.440864359    0.440879989
   92.439102927    0.440829910    0.440880977
   92.470598362    0.440781213    0.440881875
   92.502093797    0.440739278    0.440882950
   92.533589233    0.440722598    0.440884455
   92.565084668    0.440740059    0.440886524
   92.596580104    0.440787501    0.440889127
   92.628075539    0.440849265    0.440892079
   92.659570974    0.440904155    0.440895108
   92.691066410    0.440933530    0.440897960
   92.722561845    0.440928455    0.440900498
   92.754057281    0.440893160    0.440902751
   92.785552716    0.440843462    0.440904908
   92.817048151    0.440800750    0.440907242
   92.848543587    0.440783816    0.440910009
   92.880039022    0.440801644    0.440913351
   92.911534458    0.440849938    0.440917237
   92.943029893    0.440912719    0.440921477
   92.974525328    0.440968401    0.440925794
   93.006020764    0.440998042    0.440929928
   93.037516199    0.440992601    0.440933738
   93.069011635    0.440956441    0.440937251
   93.100507070    0.440905707    0.440940661
   93.132002506    0.440862179    0.440944247
   93.163497941    0.440844962    0.440948272
   93.194993376    0.440863150    0.440952881
   93.226488812    0.440912315    0.440958044
   93.257984247    0.440976150    0.440963569
   93.289479683    0.441032668    0.440969171
   93.320975118    0.441062606    0.440974583
   93.352470553    0.441056806    0.440979657
   93.383965989    0.441019763    0.440984424
   93.415461424    0.440967951    0.440989078
   93.446956860    0.440923561    0.440993907
   93.478452295    0.440906025    0.440999181
   93.509947730    0.440924564    0.441005049
   93.541443166    0.440974621    0.441011474
   93.572938601    0.441039552    0.441018252
   93.604434037    0.441096956    0.441025074
   93.635929472    0.441127229    0.441031646
   93.667424907    0.441121082    0.441037793
   93.698920343    0.441083134    0.441043517
   93.730415778    0.441030198    0.441048996
   93.761911214    0.440984890    0.441054509
   93.793406649    0.440966993    0.441060324
   93.824902085    0.440985870    0.441066595
   93.856397520    0.441036839    0.441073301
   93.887892955    0.441102916    0.441080249
   93.919388391    0.441161265    0.441087152
   93.950883826    0.441191919    0.441093731
   93.982379262    0.441185439    0.441099832
   94.013874697    0.441146561    0.441105478
   94.045370132    0.441092448    0.441110863
   94.076865568    0.441046160    0.441116283
   94.108361003    0.441027852    0.441122017
   94.139856439    0.441047050    0.441128226
   94.171351874    0.441098957    0.441134886
   94.202847309    0.441166237    0.441141796
   94.234342745    0.441225598    0.441148657
   94.265838180    0.441256686    0.441155182
   94.297333616    0.441249889    0.441161209
   94.328829051    0.441210056    0.441166758
   94.360324486    0.441154704    0.441172032
   94.391819922    0.441107361    0.441177332
   94.423315357    0.441088585    0.441182950
   94.454810793    0.441108084    0.441189052
