    0.000000000    0.980310248    0.980408691
    0.028345892    0.980350410    0.980414236
    0.056691784    0.980416638    0.980420302
    0.085037676    0.980490296    0.980426476
    0.113383567    0.980550090    0.980432305
    0.141729459    0.980578732    0.980437443
    0.170075351    0.980568473    0.980441756
    0.198421243    0.980523713    0.980445361
    0.226767135    0.980459820    0.980448581
    0.255113027    0.980398451    0.980451838
    0.283458919    0.980360804    0.980455518
    0.311804811    0.980360903    0.980459845
    0.340150702    0.980401038    0.980464811
    0.368496594    0.980470861    0.980470187
    0.396842486    0.980550473    0.980475589
    0.425188378    0.980616590    0.980480609
    0.453534270    0.980649878    0.980484936
    0.481880162    0.980641148    0.980488457
    0.510226054    0.980594404    0.980491283
    0.538571946    0.980525761    0.980493716
    0.566917837    0.980458483    0.980496144
    0.595263729    0.980415687    0.980498920
    0.623609621    0.980413004    0.980502246
    0.651955513    0.980453516    0.980506115
    0.680301405    0.980526632    0.980510306
    0.708647297    0.980611291    0.980514461
    0.736993189    0.980682539    0.980518189
    0.765339080    0.980719417    0.980521192
    0.793684972    0.980711662    0.980523352
    0.822030864    0.980663081    0.980524764
    0.850376756    0.980590481    0.980525703
    0.878722648    0.980518450    0.980526531
    0.907068540    0.980471617    0.980527582
    0.935414432    0.980466821    0.980529054
    0.963760324    0.980507699    0.980530945
    0.992106215    0.980583412    0.980533050
    1.020452107    0.980671978    0.980535026
    1.048797999    0.980747170    0.980536490
    1.077143891    0.980786812    0.980537138
    1.105489783    0.980779861    0.980536835
    1.133835675    0.980729979    0.980535648
    1.162181567    0.980654477    0.980533819
    1.190527458    0.980578893    0.980531688
    1.218873350    0.980528941    0.980529576
    1.247219242    0.980522343    0.980527680
    1.275565134    0.980563170    0.980526008
    1.303911026    0.980640474    0.980524371
    1.332256918    0.980731694    0.980522430
    1.360602810    0.980809758    0.980519800
    1.388948702    0.980851644    0.980516157
    1.417294593    0.980845699    0.980511331
    1.445640485    0.980795368    0.980505351
    1.473986377    0.980718158    0.980498423
    1.502332269    0.980640137    0.980490857
    1.530678161    0.980587701    0.980482962
    1.559024053    0.980579226    0.980474935
    1.587369945    0.980619229    0.980466792
    1.615715837    0.980696909    0.980458346
    1.644061728    0.980789536    0.980449253
    1.672407620    0.980869612    0.980439106
    1.700753512    0.980913557    0.980427543
    1.729099404    0.980909159    0.980414341
    1.757445296    0.980859447    0.980399475
    1.785791188    0.980781741    0.980383102
    1.814137080    0.980702202    0.980365497
    1.842482971    0.980647579    0.980346947
    1.870828863    0.980636777    0.980327639
    1.899174755    0.980674899    0.980307582
    1.927520647    0.980751638    0.980286574
    1.955866539    0.980844526    0.980264240
    1.984212431    0.980926017    0.980240122
    2.012558323    0.980972153    0.980213787
    2.040904215    0.980970097    0.980184935
    2.069250106    0.980922158    0.980153461
    2.097595998    0.980845049    0.980119454
    2.125941890    0.980764619    0.980083136
    2.154287782    0.980707726    0.980044752
    2.182633674    0.980693805    0.980004455
    2.210979566    0.980728784    0.979962213
    2.239325458    0.980803250    0.979917764
    2.267671349    0.980895423    0.979870653
    2.296017241    0.980978000    0.979820312
    2.324363133    0.981026719    0.979766186
    2.352709025    0.981027937    0.979707848
    2.381054917    0.980982881    0.979645072
    2.409400809    0.980907227    0.979577845
    2.437746701    0.980826175    0.979506302
    2.466092593    0.980766549    0.979430611
    2.494438484    0.980748425    0.979350837
    2.522784376    0.980778878    0.979266830
    2.551130268    0.980849802    0.979178174
    2.579476160    0.980940476    0.979084212
    2.607822052    0.981024045    0.978984142
    2.636167944    0.981075899    0.978877167
    2.664513836    0.981081327    0.978762632
    2.692859728    0.981040074    0.978640127
    2.721205619    0.980966389    0.978509495
    2.749551511    0.980884565    0.978370754
    2.777897403    0.980821363    0.978223935
    2.806243295    0.980797701    0.978068880
    2.834589187    0.980822159    0.977905055
    2.862935079    0.980888342    0.977731434
    2.891280971    0.980976882    0.977546489
    2.919626862    0.981061465    0.977348293
    2.947972754    0.981116997    0.977134729
    2.976318646    0.981127380    0.976903738
    3.004664538    0.981090485    0.976653559
    3.033010430    0.981018803    0.976382891
    3.061356322    0.980935563    0.976090952
    3.089702214    0.980867534    0.975777414
    3.118048106    0.980836737    0.975442240
    3.146393997    0.980853633    0.975085474
    3.174739889    0.980913880    0.974707049
    3.203085781    0.980999669    0.974306653
    3.231431673    0.981085224    0.973883705
    3.259777565    0.981144755    0.973437435
    3.288123457    0.981160431    0.972967039
    3.316469349    0.981127896    0.972471864
    3.344815240    0.981057633    0.971951565
    3.373161132    0.980971751    0.971406186
    3.401507024    0.980897171    0.970836137
    3.429852916    0.980857322    0.970242082
    3.458198808    0.980864886    0.969624758
    3.486544700    0.980917848    0.968984797
    3.514890592    0.981000066    0.968322584
    3.543236484    0.981086203    0.967638201
    3.571582375    0.981149514    0.966931480
    3.599928267    0.981170103    0.966202132
    3.628274159    0.981141089    0.965449915
    3.656620051    0.981070790    0.964674805
    3.684965943    0.980980224    0.963877086
    3.713311835    0.980896668    0.963057349
    3.741657727    0.980845257    0.962216390
    3.770003619    0.980841188    0.961355020
    3.798349510    0.980884955    0.960473847
    3.826695402    0.980962093    0.959573072
    3.855041294    0.981047545    0.958652374
    3.883387186    0.981113334    0.957710880
    3.911733078    0.981137196    0.956747263
    3.940078970    0.981109507    0.955759910
    3.968424862    0.981036355    0.954747137
    3.996770753    0.980937765    0.953707385
    4.025116645    0.980841599    0.952639361
    4.053462537    0.980774971    0.951542091
    4.081808429    0.980755815    0.950414878
    4.110154321    0.980787226    0.949257198
    4.138500213    0.980856344    0.948068557
    4.166846105    0.980938184    0.946848358
    4.195191997    0.981003265    0.945595814
    4.223537888    0.981026707    0.944309916
    4.251883780    0.980996004    0.942989474
    4.280229672    0.980915014    0.941633197
    4.308575564    0.980802918    0.940239805
    4.336921456    0.980688387    0.938808133
    4.365267348    0.980600734    0.937337210
    4.393613240    0.980560767    0.935826315
    4.421959131    0.980574178    0.934274995
    4.450305023    0.980629571    0.932683063
    4.478650915    0.980701798    0.931050598
    4.506996807    0.980759612    0.929377933
    4.535342699    0.980775326    0.927665656
    4.563688591    0.980733472    0.925914605
    4.592034483    0.980635743    0.924125852
    4.620380375    0.980500635    0.922300670
    4.648726266    0.980357830    0.920440483
    4.677072158    0.980238999    0.918546794
    4.705418050    0.980167871    0.916621117
    4.733763942    0.980152653    0.914664923
    4.762109834    0.980183217    0.912679613
    4.790455726    0.980233990    0.910666531
    4.818801618    0.980271727    0.908627003
    4.847147510    0.980265778    0.906562400
    4.875493401    0.980197686    0.904474186
    4.903839293    0.980067070    0.902363937
    4.932185185    0.979891909    0.900233314
    4.960531077    0.979703061    0.898083992
    4.988876969    0.979534648    0.895917544
    5.017222861    0.979413291    0.893735328
    5.045568753    0.979349548    0.891538388
    5.073914644    0.979334291    0.889327406
    5.102260536    0.979341220    0.887102735
    5.130606428    0.979334821    0.884864470
    5.158952320    0.979281322    0.882612587
    5.187298212    0.979159243    0.880347065
    5.215644104    0.978966215    0.878067981
    5.243989996    0.978719847    0.875775542
    5.272335888    0.978452298    0.873470022
    5.300681779    0.978200176    0.871151634
    5.329027671    0.977992876    0.868820358
    5.357373563    0.977843030    0.866475766
    5.385719455    0.977742111    0.864116911
    5.414065347    0.977662650    0.861742294
    5.442411239    0.977566469    0.859349959
    5.470757131    0.977416405    0.856937675
    5.499103022    0.977187869    0.854503196
    5.527448914    0.976876572    0.852044531
    5.555794806    0.976499923    0.849560163
    5.584140698    0.976091551    0.847049187
    5.612486590    0.975690585    0.844511300
    5.640832482    0.975329014    0.841946686
    5.669178374    0.975021102    0.839355784
    5.697524266    0.974758255    0.836739011
    5.725870157    0.974511050    0.834096501
    5.754216049    0.974237898    0.831427914
    5.782561941    0.973897694    0.828732365
    5.810907833    0.973462500    0.826008499
    5.839253725    0.972926213    0.823254701
    5.867599617    0.972306392    0.820469419
    5.895945509    0.971638533    0.817651541
    5.924291401    0.970964482    0.814800771
    5.952637292    0.970318559    0.811917929
    5.980983184    0.969715800    0.809005138
    6.009329076    0.969146092    0.806065852
    6.037674968    0.968576222    0.803104699
    6.066020860    0.967959346    0.800127174
    6.094366752    0.967249005    0.797139190
    6.122712644    0.966413306    0.794146552
    6.151058535    0.965444697    0.791154407
    6.179404427    0.964362081    0.788166754
    6.207750319    0.963204357    0.785186063
    6.236096211    0.962017222    0.782213063
    6.264442103    0.960837261    0.779246719
    6.292787995    0.959678397    0.776284410
    6.321133887    0.958525151    0.773322262
    6.349479779    0.957335172    0.770355603
    6.377825670    0.956050615    0.767379446
    6.406171562    0.954615047    0.764388959
    6.434517454    0.952990671    0.761379821
    6.462863346    0.951170237    0.758348460
    6.491209238    0.949179406    0.755292129
    6.519555130    0.947068099    0.752208855
    6.547901022    0.944892718    0.749097308
    6.576246913    0.942694096    0.745956617
    6.604592805    0.940477665    0.742786226
    6.632938697    0.938202063    0.739585800
    6.661284589    0.935780292    0.736355213
    6.689630481    0.933094104    0.733094610
    6.717976373    0.930018459    0.729804513
    6.746322265    0.926449928    0.726485921
    6.774668157    0.922331495    0.723140388
    6.803014048    0.917666978    0.719770023
    6.831359940    0.912520973    0.716377438
    6.859705832    0.907004120    0.712965637
    6.888051724    0.901247502    0.709537895
    6.916397616    0.895372981    0.706097654
    6.944743508    0.889467380    0.702648476
    6.973089400    0.883567306    0.699194055
    7.001435292    0.877658400    0.695738287
    7.029781183    0.871688746    0.692285357
    7.058127075    0.865592222    0.688839802
    7.086472967    0.859314857    0.685406512
    7.114818859    0.852836544    0.681990625
    7.143164751    0.846181951    0.678597330
    7.171510643    0.839417669    0.675231590
    7.199856535    0.832636694    0.671897831
    7.228202426    0.825934978    0.668599662
    7.256548318    0.819387043    0.665339659
    7.284894210    0.813027867    0.662119274
    7.313240102    0.806846291    0.658938841
    7.341585994    0.800791835    0.655797682
    7.369931886    0.794792805    0.652694247
    7.398277778    0.788780270    0.649626241
    7.426623670    0.782710755    0.646590697
    7.454969561    0.776580823    0.643583958
    7.483315453    0.770429069    0.640601585
    7.511661345    0.764324630    0.637638227
    7.540007237    0.758345268    0.634687504
    7.568353129    0.752551053    0.631741968
    7.596699021    0.746961051    0.628793184
    7.625044913    0.741539653    0.625831959
    7.653390804    0.736196579    0.622848690
    7.681736696    0.730800900    0.619833811
    7.710082588    0.725205600    0.616778242
    7.738428480    0.719276429    0.613673808
    7.766774372    0.712917688    0.610513544
    7.795120264    0.706088530    0.607291881
    7.823466156    0.698805937    0.604004695
    7.851812048    0.691134107    0.600649263
    7.880157939    0.683163467    0.597224154
    7.908503831    0.674985085    0.593729114
    7.936849723    0.666667108    0.590164959
    7.965195615    0.658239014    0.586533502
    7.993541507    0.649687106    0.582837494
    8.021887399    0.640961590    0.579080558
    8.050233291    0.631992614    0.575267095
    8.078579183    0.622710611    0.571402140
    8.106925074    0.613065570    0.567491178
    8.135270966    0.603040705    0.563539929
    8.163616858    0.592657851    0.559554160
    8.191962750    0.581974342    0.555539539
    8.220308642    0.571073289    0.551501573
    8.248654534    0.560050581    0.547445624
    8.277000426    0.549002236    0.543376996
    8.305346317    0.538014958    0.539301035
    8.333692209    0.527161356    0.535223189
    8.362038101    0.516499649    0.531149007
    8.390383993    0.506076407    0.527084017
    8.418729885    0.495930319    0.523033523
    8.447075777    0.486095163    0.519002349
    8.475421669    0.476600965    0.514994581
    8.503767561    0.467473368    0.511013389
    8.532113452    0.458732113    0.507060962
    8.560459344    0.450389896    0.503138570
    8.588805236    0.442452628    0.499246728
    8.617151128    0.434921417    0.495385404
    8.645497020    0.427795685    0.491554193
    8.673842912    0.421076114    0.487752377
    8.702188804    0.414765940    0.483978858
    8.730534695    0.408869517    0.480231946
    8.758880587    0.403388049    0.476509083
    8.787226479    0.398313512    0.472806591
    8.815572371    0.393622749    0.469119562
    8.843918263    0.389274023    0.465441968
    8.872264155    0.385207898    0.461767057
    8.900610047    0.381353072    0.458087976
    8.928955939    0.377636246    0.454398566
    8.957301830    0.373993551    0.450694150
    8.985647722    0.370380196    0.446972178
    9.013993614    0.366775069    0.443232572
    9.042339506    0.363178157    0.439477698
    9.070685398    0.359600630    0.435711948
    9.099031290    0.356049709    0.431941032
    9.127377182    0.352512297    0.428171103
    9.155723074    0.348942263    0.424407905
    9.184068965    0.345255847    0.420656104
    9.212414857    0.341337792    0.416918920
    9.240760749    0.337058112    0.413198102
    9.269106641    0.332296378    0.409494192
    9.297452533    0.326968000    0.405807003
    9.325798425    0.321045857    0.402136139
    9.354144317    0.314571206    0.398481440
    9.382490208    0.307650036    0.394843255
    9.410836100    0.300434428    0.391222495
    9.439181992    0.293092222    0.387620511
    9.467527884    0.285771437    0.384038850
    9.495873776    0.278567610    0.380479014
    9.524219668    0.271502005    0.376942286
    9.552565560    0.264516561    0.373429694
    9.580911452    0.257487831    0.369942090
    9.609257343    0.250257954    0.366480323
    9.637603235    0.242676800    0.363045408
    9.665949127    0.234646752    0.359638618
    9.694295019    0.226160749    0.356261459
    9.722640911    0.217325336    0.352915499
    9.750986803    0.208363352    0.349602106
    9.779332695    0.199594780    0.346322173
    9.807678586    0.191398483    0.343075910
    9.836024478    0.184161053    0.339862782
    9.864370370    0.178221305    0.336681624
    9.892716262    0.173819545    0.333530910
    9.921062154    0.171059752    0.330409097
    9.949408046    0.169890430    0.327314946
    9.977753938    0.170106697    0.324247712
   10.006099830    0.171372739    0.321207142
   10.034445721    0.173260688    0.318193256
   10.062791613    0.175299731    0.315205969
   10.091137505    0.177028074    0.312244649
   10.119483397    0.178040402    0.309307754
   10.147829289    0.178024625    0.306392644
   10.176175181    0.176783653    0.303495650
   10.204521073    0.174240505    0.300612402
   10.232866965    0.170427695    0.297738329
   10.261212856    0.165464217    0.294869233
   10.289558748    0.159525195    0.292001749
   10.317904640    0.152809989    0.289133604
   10.346250532    0.145514328    0.286263581
   10.374596424    0.137810698    0.283391199
   10.402942316    0.129839189    0.280516222
   10.431288208    0.121708649    0.277638124
   10.459634099    0.113505816    0.274755697
   10.487979991    0.105308561    0.271866941
   10.516325883    0.097198892    0.268969300
   10.544671775    0.089271929    0.266060240
   10.573017667    0.081638609    0.263138035
   10.601363559    0.074421869    0.260202598
   10.629709451    0.067748074    0.257256125
   10.658055343    0.061736803    0.254303389
   10.686401234    0.056492499    0.251351562
   10.714747126    0.052100751    0.248409564
   10.743093018    0.048630357    0.245487035
   10.771438910    0.046140255    0.242593122
   10.799784802    0.044688636    0.239735305
   10.828130694    0.044340451    0.236918483
   10.856476586    0.045169731    0.234144487
   10.884822477    0.047254415    0.231412091
   10.913168369    0.050663577    0.228717473
   10.941514261    0.055439316    0.226055022
   10.969860153    0.061577499    0.223418286
   10.998206045    0.069012332    0.220800879
   11.026551937    0.077609136    0.218197173
   11.054897829    0.087167781    0.215602675
   11.083243721    0.097436485    0.213014082
   11.111589612    0.108132931    0.210429057
   11.139935504    0.118967623    0.207845849
   11.168281396    0.129663774    0.205262882
   11.196627288    0.139969024    0.202678445
   11.224973180    0.149656668    0.200090538
   11.253319072    0.158517177    0.197496920
   11.281664964    0.166343809    0.194895310
   11.310010856    0.172918023    0.192283682
   11.338356747    0.178000766    0.189660578
   11.366702639    0.181334291    0.187025346
   11.395048531    0.182656308    0.184378286
   11.423394423    0.181724840    0.181720666
   11.451740315    0.178349041    0.179054659
   11.480086207    0.172419293    0.176383213
   11.508432099    0.163929788    0.173709931
   11.536777990    0.152988391    0.171038967
   11.565123882    0.139811582    0.168374973
   11.593469774    0.124705710    0.165723078
   11.621815666    0.108038819    0.163088870
   11.650161558    0.090209037    0.160478358
   11.678507450    0.071615603    0.157897885
   11.706853342    0.052637125    0.155353982
   11.735199234    0.033619079    0.152853181
   11.763545125    0.014869853    0.150401808
   11.791891017   -0.003337545    0.148005794
   11.820236909   -0.020761888    0.145670536
   11.848582801   -0.037191519    0.143400818
   11.876928693   -0.052445248    0.141200788
   11.905274585   -0.066375965    0.139073973
   11.933620477   -0.078874869    0.137023283
   11.961966368   -0.089873390    0.135050968
   11.990312260   -0.099340397    0.133158520
   12.018658152   -0.107273853    0.131346487
   12.047004044   -0.113688300    0.129614260
   12.075349936   -0.118601405    0.127959835
   12.103695828   -0.122023822    0.126379648
   12.132041720   -0.123956066    0.124868505
   12.160387612   -0.124394252    0.123419655
   12.188733503   -0.123343753    0.122025018
   12.217079395   -0.120837047    0.120675529
   12.245425287   -0.116950240    0.119361567
   12.273771179   -0.111812520    0.118073382
   12.302117071   -0.105604563    0.116801478
   12.330462963   -0.098545102    0.115536877
   12.358808855   -0.090868635    0.114271273
   12.387154747   -0.082800457    0.112997057
   12.415500638   -0.074536612    0.111707275
   12.443846530   -0.066235465    0.110395565
   12.472192422   -0.058024393    0.109056121
   12.500538314   -0.050020307    0.107683748
   12.528884206   -0.042357834    0.106273989
   12.557230098   -0.035215439    0.104823344
   12.585575990   -0.028828831    0.103329502
   12.613921881   -0.023483325    0.101791552
   12.642267773   -0.019481973    0.100210091
   12.670613665   -0.017093132    0.098587200
   12.698959557   -0.016487761    0.096926271
   12.727305449   -0.017681298    0.095231699
   12.755651341   -0.020495896    0.093508493
   12.783997233   -0.024555528    0.091761888
   12.812343125   -0.029319613    0.089997021
   12.840689016   -0.034151791    0.088218731
   12.869034908   -0.038411784    0.086431518
   12.897380800   -0.041551965    0.084639646
   12.925726692   -0.043198326    0.082847356
   12.954072584   -0.043198471    0.081059101
   12.982418476   -0.041626588    0.079279750
   13.010764368   -0.038745224    0.077514683
   13.039110259   -0.034933611    0.075769743
   13.067456151   -0.030599785    0.074051046
   13.095802043   -0.026096840    0.072364689
   13.124147935   -0.021661640    0.070716407
   13.152493827   -0.017387796    0.069111257
   13.180839719   -0.013235539    0.067553387
   13.209185611   -0.009071688    0.066045920
   13.237531503   -0.004725875    0.064590961
   13.265877394   -0.000046232    0.063189680
   13.294223286    0.005060473    0.061842432
   13.322569178    0.010613392    0.060548852
   13.350915070    0.016568006    0.059307875
   13.379260962    0.022845687    0.058117680
   13.407606854    0.029370395    0.056975576
   13.435952746    0.036099124    0.055877896
   13.464298638    0.043035553    0.054819953
   13.492644529    0.050222506    0.053796153
   13.520990421    0.057716133    0.052800277
   13.549336313    0.065551070    0.051825936
   13.577682205    0.073709075    0.050867146
   13.606028097    0.082102746    0.049918918
   13.634373989    0.090581282    0.048977736
   13.662719881    0.098958039    0.048041834
   13.691065772    0.107052343    0.047111173
   13.719411664    0.114732805    0.046187135
   13.747757556    0.121948046    0.045271965
   13.776103448    0.128733896    0.044368102
   13.804449340    0.135192876    0.043477539
   13.832795232    0.141450317    0.042601355
   13.861141124    0.147599091    0.041739555
   13.889487016    0.153649384    0.040891234
   13.917832907    0.159499542    0.040055050
   13.946178799    0.164938765    0.039229885
   13.974524691    0.169683565    0.038415538
   14.002870583    0.173439895    0.037613278
   14.031216475    0.175974736    0.036826127
   14.059562367    0.177177044    0.036058788
   14.087908259    0.177089834    0.035317234
   14.116254150    0.175902471    0.034608052
   14.144600042    0.173903143    0.033937687
   14.172945934    0.171403043    0.033311752
   14.201291826    0.168652634    0.032734550
   14.229637718    0.165773916    0.032208904
   14.257983610    0.162729500    0.031736287
   14.286329502    0.159340111    0.031317191
   14.314675394    0.155349153    0.030951618
   14.343021285    0.150519635    0.030639527
   14.371367177    0.144738673    0.030381120
   14.399713069    0.138100982    0.030176891
   14.428058961    0.130946436    0.030027432
   14.456404853    0.123837296    0.029933062
   14.484750745    0.117475519    0.029893394
   14.513096637    0.112575896    0.029906969
   14.541442529    0.109722624    0.029971071
   14.569788420    0.109242202    0.030081766
   14.598134312    0.111122671    0.030234163
   14.626480204    0.114998910    0.030422812
   14.654826096    0.120208418    0.030642131
   14.683171988    0.125905621    0.030886737
   14.711517880    0.131209328    0.031151597
   14.739863772    0.135350784    0.031431958
   14.768209663    0.137790595    0.031723110
   14.796555555    0.138281135    0.032020053
   14.824901447    0.136864715    0.032317218
   14.853247339    0.133813164    0.032608339
   14.881593231    0.129527765    0.032886566
   14.909939123    0.124426354    0.033144833
   14.938285015    0.118845332    0.033376399
   14.966630907    0.112978330    0.033575470
   14.994976798    0.106862348    0.033737733
   15.023322690    0.100409356    0.033860692
   15.051668582    0.093470099    0.033943713
   15.080014474    0.085909790    0.033987784
   15.108360366    0.077674288    0.033995062
   15.136706258    0.068829804    0.033968359
   15.165052150    0.059567807    0.033910703
   15.193398041    0.050176860    0.033825152
   15.221743933    0.040991837    0.033714903
   15.250089825    0.032336145    0.033583716
   15.278435717    0.024473015    0.033436543
   15.306781609    0.017577913    0.033280192
   15.335127501    0.011737115    0.033123821
   15.363473393    0.006969642    0.032979090
   15.391819285    0.003263371    0.032859846
   15.420165176    0.000612893    0.032781318
   15.448511068   -0.000952740    0.032758928
   15.476856960   -0.001360264    0.032806882
   15.505202852   -0.000502362    0.032936789
   15.533548744    0.001736401    0.033156538
   15.561894636    0.005446460    0.033469632
   15.590240528    0.010663043    0.033875079
   15.618586420    0.017347426    0.034367826
   15.646932311    0.025384115    0.034939633
   15.675278203    0.034593328    0.035580206
   15.703624095    0.044753503    0.036278353
   15.731969987    0.055625917    0.037022967
   15.760315879    0.066973476    0.037803693
   15.788661771    0.078568320    0.038611208
   15.817007663    0.090187076    0.039437140
   15.845353554    0.101597139    0.040273737
   15.873699446    0.112540676    0.041113430
   15.902045338    0.122724188    0.041948446
   15.930391230    0.131819997    0.042770608
   15.958737122    0.139482409    0.043571372
   15.987083014    0.145376669    0.044342123
   16.015428906    0.149214592    0.045074656
   16.043774798    0.150788186    0.045761730
   16.072120689    0.149992608    0.046397578
   16.100466581    0.146832353    0.046978262
   16.128812473    0.141409046    0.047501804
   16.157158365    0.133894212    0.047968072
   16.185504257    0.124494585    0.048378474
   16.213850149    0.113419483    0.048735537
   16.242196041    0.100859086    0.049042481
   16.270541932    0.086979095    0.049302892
   16.298887824    0.071932306    0.049520572
   16.327233716    0.055882417    0.049699588
   16.355579608    0.039031499    0.049844510
   16.383925500    0.021641108    0.049960756
   16.412271392    0.004038508    0.050054941
   16.440617284   -0.013396430    0.050135131
   16.468963176   -0.030262582    0.050210882
   16.497309067   -0.046180644    0.050293021
   16.525654959   -0.060837601    0.050393145
   16.554000851   -0.074021282    0.050522887
   16.582346743   -0.085635809    0.050693046
   16.610692635   -0.095693554    0.050912691
   16.639038527   -0.104285335    0.051188384
   16.667384419   -0.111536423    0.051523629
   16.695730311   -0.117559807    0.051918626
   16.724076202   -0.122418987    0.052370353
   16.752422094   -0.126110035    0.052872950
   16.780767986   -0.128567451    0.053418323
   16.809113878   -0.129691773    0.053996867
   16.837459770   -0.129390867    0.054598180
   16.865805662   -0.127622974    0.055211680
   16.894151554   -0.124429011    0.055827044
   16.922497445   -0.119944612    0.056434448
   16.950843337   -0.114388118    0.057024625
   16.979189229   -0.108027699    0.057588782
   17.007535121   -0.101136964    0.058118469
   17.035881013   -0.093952137    0.058605448
   17.064226905   -0.086643861    0.059041632
   17.092572797   -0.079312858    0.059419126
   17.120918689   -0.072011916    0.059730362
   17.149264580   -0.064788718    0.059968311
   17.177610472   -0.057737167    0.060126728
   17.205956364   -0.051040943    0.060200384
   17.234302256   -0.044993500    0.060185248
   17.262648148   -0.039983680    0.060078605
   17.290994040   -0.036444540    0.059879097
   17.319339932   -0.034772873    0.059586700
   17.347685823   -0.035235749    0.059202658
   17.376031715   -0.037885713    0.058729378
   17.404377607   -0.042506589    0.058170318
   17.432723499   -0.048606554    0.057529847
   17.461069391   -0.055465438    0.056813090
   17.489415283   -0.062231073    0.056025752
   17.517761175   -0.068047945    0.055173921
   17.546107067   -0.072193103    0.054263868
   17.574452958   -0.074191566    0.053301870
   17.602798850   -0.073886954    0.052294073
   17.631144742   -0.071452338    0.051246437
   17.659490634   -0.067339099    0.050164755
   17.687836526   -0.062175083    0.049054761
   17.716182418   -0.056634271    0.047922281
   17.744528310   -0.051306063    0.046773389
   17.772874202   -0.046591619    0.045614508
   17.801220093   -0.042647797    0.044452421
   17.829565985   -0.039387772    0.043294154
   17.857911877   -0.036534120    0.042146732
   17.886257769   -0.033708372    0.041016863
   17.914603661   -0.030533484    0.039910575
   17.942949553   -0.026724052    0.038832907
   17.971295445   -0.022143716    0.037787690
   17.999641336   -0.016818589    0.036777456
   18.027987228   -0.010907303    0.035803491
   18.056333120   -0.004639270    0.034865976
   18.084679012    0.001759777    0.033964179
   18.113024904    0.008133707    0.033096622
   18.141370796    0.014435659    0.032261175
   18.169716688    0.020731884    0.031455058
   18.198062580    0.027170509    0.030674772
   18.226408471    0.033925831    0.029916006
   18.254754363    0.041135253    0.029173603
   18.283100255    0.048847608    0.028441657
   18.311446147    0.056997896    0.027713782
   18.339792039    0.065415631    0.026983570
   18.368137931    0.073864134    0.026245174
   18.396483823    0.082099206    0.025493946
   18.424829714    0.089929987    0.024726989
   18.453175606    0.097264152    0.023943531
   18.481521498    0.104124050    0.023145026
   18.509867390    0.110628727    0.022334957
   18.538213282    0.116946626    0.021518378
   18.566559174    0.123232338    0.020701288
   18.594905066    0.129565677    0.019889954
   18.623250958    0.135910988    0.019090327
   18.651596849    0.142109208    0.018307642
   18.679942741    0.147905987    0.017546270
   18.708288633    0.153008887    0.016809803
   18.736634525    0.157158118    0.016101321
   18.764980417    0.160190923    0.015423734
   18.793326309    0.162080986    0.014780094
   18.821672201    0.162940871    0.014173785
   18.850018093    0.162985745    0.013608558
   18.878363984    0.162467816    0.013088388
   18.906709876    0.161599789    0.012617221
   18.935055768    0.160489656    0.012198672
   18.963401660    0.159107048    0.011835763
   18.991747552    0.157293404    0.011530734
   19.020093444    0.154816415    0.011284983
   19.048439336    0.151456690    0.011099089
   19.076785227    0.147104629    0.010972903
   19.105131119    0.141841093    0.010905627
   19.133477011    0.135977856    0.010895860
   19.161822903    0.130042760    0.010941582
   19.190168795    0.124707851    0.011040074
   19.218514687    0.120673142    0.011187843
   19.246860579    0.118530478    0.011380576
   19.275206471    0.118638001    0.011613176
   19.303552362    0.121034421    0.011879904
   19.331898254    0.125413755    0.012174612
   19.360244146    0.131167509    0.012491007
   19.388590038    0.137485778    0.012822901
   19.416935930    0.143495266    0.013164363
   19.445281822    0.148404072    0.013509750
   19.473627714    0.151622232    0.013853611
   19.501973605    0.152833518    0.014190505
   19.530319497    0.152006192    0.014514829
   19.558665389    0.149345087    0.014820727
   19.587011281    0.145200909    0.015102175
   19.615357173    0.139961740    0.015353250
   19.643703065    0.133954193    0.015568585
   19.672048957    0.127377363    0.015743897
   19.700394849    0.120282804    0.015876497
   19.728740740    0.112601210    0.015965628
   19.757086632    0.104204431    0.016012560
   19.785432524    0.094983133    0.016020393
   19.813778416    0.084917566    0.015993613
   19.842124308    0.074122220    0.015937518
   19.870470200    0.062853189    0.015857661
   19.898816092    0.051477685    0.015759474
   19.927161984    0.040415265    0.015648182
   19.955507875    0.030067378    0.015529046
   19.983853767    0.020754088    0.015407862
   20.012199659    0.012673872    0.015291582
   20.040545551    0.005895422    0.015188842
   20.068891443    0.000381294    0.015110195
   20.097237335   -0.003965215    0.015067906
   20.125583227   -0.007244322    0.015075246
   20.153929118   -0.009511007    0.015145353
   20.182275010   -0.010746285    0.015289849
   20.210620902   -0.010855283    0.015517454
   20.238966794   -0.009691221    0.015832894
   20.267312686   -0.007097382    0.016236297
   20.295658578   -0.002954763    0.016723240
   20.324004470    0.002777680    0.017285415
   20.352350362    0.010040331    0.017911776
   20.380696253    0.018672404    0.018589949
   20.409042145    0.028431784    0.019307583
   20.437388037    0.039027901    0.020053416
   20.465733929    0.050157313    0.020817851
   20.494079821    0.061531848    0.021593004
   20.522425713    0.072892358    0.022372281
   20.550771605    0.084006170    0.023149683
   20.579117496    0.094651718    0.023919056
   20.607463388    0.104597849    0.024673545
   20.635809280    0.113586894    0.025405392
   20.664155172    0.121329215    0.026106168
   20.692501064    0.127513244    0.026767370
   20.720846956    0.131830060    0.027381235
   20.749192848    0.134006883    0.027941571
   20.777538740    0.133840969    0.028444384
   20.805884631    0.131225009    0.028888163
   20.834230523    0.126157485    0.029273753
   20.862576415    0.118735706    0.029603875
   20.890922307    0.109134157    0.029882429
   20.919268199    0.097574892    0.030113781
   20.947614091    0.084298652    0.030302223
   20.975959983    0.069544746    0.030451759
   21.004305875    0.053544532    0.030566264
   21.032651766    0.036528700    0.030649975
   21.060997658    0.018743805    0.030708159
   21.089343550    0.000470176    0.030747770
   21.117689442   -0.017967535    0.030777866
   21.146035334   -0.036203939    0.030809648
   21.174381226   -0.053853132    0.030856008
   21.202727118   -0.070542742    0.030930644
   21.231073009   -0.085954157    0.031046846
   21.259418901   -0.099858524    0.031216169
   21.287764793   -0.112138289    0.031447229
   21.316110685   -0.122787342    0.031744820
   21.344456577   -0.131888323    0.032109515
   21.372802469   -0.139571981    0.032537798
   21.401148361   -0.145968669    0.033022686
   21.429494253   -0.151164717    0.033554691
   21.457840144   -0.155175523    0.034122956
   21.486186036   -0.157942948    0.034716340
   21.514531928   -0.159358035    0.035324281
   21.542877820   -0.159302962    0.035937330
   21.571223712   -0.157700550    0.036547301
   21.599569604   -0.154557195    0.037147091
   21.627915496   -0.149986606    0.037730271
   21.656261387   -0.144206923    0.038290573
   21.684607279   -0.137511328    0.038821431
   21.712953171   -0.130219993    0.039315680
   21.741299063   -0.122627023    0.039765481
   21.769644955   -0.114958015    0.040162489
   21.797990847   -0.107351402    0.040498214
   21.826336739   -0.099870164    0.040764512
   21.854682631   -0.092541600    0.040954091
   21.883028522   -0.085414031    0.041060956
   21.911374414   -0.078613062    0.041080709
   21.939720306   -0.072378416    0.041010684
   21.968066198   -0.067066014    0.040849902
   21.996412090   -0.063108427    0.040598888
   22.024757982   -0.060937889    0.040259402
   22.053103874   -0.060887017    0.039834147
   22.081449766   -0.063090197    0.039326502
   22.109795657   -0.067410971    0.038740321
   22.138141549   -0.073416708    0.038079817
   22.166487441   -0.080412051    0.037349511
   22.194833333   -0.087529309    0.036554232
   22.223179225   -0.093860246    0.035699138
   22.251525117   -0.098603151    0.034789716
   22.279871009   -0.101194375    0.033831749
   22.308216900   -0.101395965    0.032831246
   22.336562792   -0.099320387    0.031794333
   22.364908684   -0.095387228    0.030727135
   22.393254576   -0.090222073    0.029635663
   22.421600468   -0.084520605    0.028525737
   22.449946360   -0.078908337    0.027402947
   22.478292252   -0.073826469    0.026272662
   22.506638144   -0.069467205    0.025140057
   22.534984035   -0.065769404    0.024010154
   22.563329927   -0.062470771    0.022887831
   22.591675819   -0.059199681    0.021777791
   22.620021711   -0.055581336    0.020684460
   22.648367603   -0.051331238    0.019611835
   22.676713495   -0.046314102    0.018563281
   22.705059387   -0.040556758    0.017541317
   22.733405278   -0.034216350    0.016547422
   22.761751170   -0.027516819    0.015581896
   22.790097062   -0.020674215    0.014643809
   22.818442954   -0.013832983    0.013731045
   22.846788846   -0.007030782    0.012840441
   22.875134738   -0.000200207    0.011968022
   22.903480630    0.006795337    0.011109273
   22.931826522    0.014104255    0.010259453
   22.960172413    0.021826378    0.009413889
   22.988518305    0.029968361    0.008568246
   23.016864197    0.038428470    0.007718741
   23.045210089    0.047015210    0.006862303
   23.073555981    0.055493967    0.005996681
   23.101901873    0.063647341    0.005120492
   23.130247765    0.071330664    0.004233241
   23.158593657    0.078505547    0.003335310
   23.186939548    0.085240779    0.002427921
   23.215285440    0.091679613    0.001513084
   23.243631332    0.097982640    0.000593533
   23.271977224    0.104263027   -0.000327355
   23.300323116    0.110533616   -0.001245650
   23.328669008    0.116682422   -0.002156972
   23.357014900    0.122485073   -0.003056593
   23.385360791    0.127652052   -0.003939547
   23.413706683    0.131898193   -0.004800729
   23.442052575    0.135014891   -0.005634987
   23.470398467    0.136923965   -0.006437204
   23.498744359    0.137696755   -0.007202357
   23.527090251    0.137531640   -0.007925582
   23.555436143    0.136695151   -0.008602220
   23.583782035    0.135442831   -0.009227872
   23.612127926    0.133942760   -0.009798460
   23.640473818    0.132225127   -0.010310309
   23.668819710    0.130174913   -0.010760244
   23.697165602    0.127573271   -0.011145710
   23.725511494    0.124179415   -0.011464900
   23.753857386    0.119832585   -0.011716885
   23.782203278    0.114546452   -0.011901729
   23.810549169    0.108568243   -0.012020557
   23.838895061    0.102382394   -0.012075574
   23.867240953    0.096651864   -0.012070007
   23.895586845    0.092106101   -0.012007971
   23.923932737    0.089398901   -0.011894279
   23.952278629    0.088968259   -0.011734211
   23.980624521    0.090931370   -0.011533273
   24.008970413    0.095040637   -0.011297011
   24.037316304    0.100712672   -0.011030883
   24.065662196    0.107125191   -0.010740234
   24.094008088    0.113360733   -0.010430377
   24.122353980    0.118565255   -0.010106730
   24.150699872    0.122086615   -0.009775000
   24.179045764    0.123563414   -0.009441323
   24.207391656    0.122947222   -0.009112314
   24.235737548    0.120457534   -0.008794984
   24.264083439    0.116484788   -0.008496495
   24.292429331    0.111468379   -0.008223785
   24.320775223    0.105781091   -0.007983105
   24.349121115    0.099647812   -0.007779559
   24.377467007    0.093116019   -0.007616729
   24.405812899    0.086081247   -0.007496460
   24.434158791    0.078356403   -0.007418857
   24.462504682    0.069763075   -0.007382481
   24.490850574    0.060218528   -0.007384686
   24.519196466    0.049794725   -0.007422023
   24.547542358    0.038734472   -0.007490581
   24.575888250    0.027422031   -0.007586164
   24.604234142    0.016317832   -0.007704262
   24.632580034    0.005876014   -0.007839777
   24.660925926   -0.003532836   -0.007986602
   24.689271817   -0.011673994   -0.008137144
   24.717617709   -0.018463959   -0.008281959
   24.745963601   -0.023947443   -0.008409646
   24.774309493   -0.028245000   -0.008507107
   24.802655385   -0.031487711   -0.008560219
   24.831001277   -0.033757831   -0.008554856
   24.859347169   -0.035051554   -0.008478135
   24.887693060   -0.035272969   -0.008319693
   24.916038952   -0.034259120   -0.008072757
   24.944384844   -0.031827513   -0.007734834
   24.972730736   -0.027831688   -0.007307877
   25.001076628   -0.022209194   -0.006797903
   25.029422520   -0.015009409   -0.006214135
   25.057768412   -0.006395173   -0.005567841
   25.086114304    0.003380016   -0.004871076
   25.114460195    0.014010704   -0.004135574
   25.142806087    0.025181673   -0.003371959
   25.171151979    0.036601230   -0.002589398
   25.199497871    0.048016957   -0.001795679
   25.227843763    0.059211397   -0.000997638
   25.256189655    0.069981773   -0.000201757
   25.284535547    0.080112921    0.000585263
   25.312881439    0.089354625    0.001356122
   25.341227330    0.097413021    0.002102865
   25.369573222    0.103961178    0.002817170
   25.397919114    0.108667800    0.003490916
   25.426265006    0.111237227    0.004116903
   25.454610898    0.111450155    0.004689549
   25.482956790    0.109194012    0.005205395
   25.511302682    0.104474780    0.005663299
   25.539648573    0.097407357    0.006064291
   25.567994465    0.088187745    0.006411127
   25.596340357    0.077055500    0.006707669
   25.624686249    0.064257466    0.006958260
   25.653032141    0.050023057    0.007167244
   25.681378033    0.034557422    0.007338782
   25.709723925    0.018052986    0.007476982
   25.738069817    0.000713840    0.007586324
   25.766415708   -0.017216940    0.007672254
   25.794761600   -0.035438249    0.007741774
   25.823107492   -0.053589227    0.007803832
   25.851453384   -0.071268759    0.007869379
   25.879799276   -0.088073547    0.007950987
   25.908145168   -0.103646028    0.008062044
   25.936491060   -0.117719667    0.008215629
   25.964836951   -0.130148982    0.008423238
   25.993182843   -0.140915210    0.008693573
   26.021528735   -0.150104915    0.009031605
   26.049874627   -0.157866281    0.009438070
   26.078220519   -0.164354241    0.009909474
   26.106566411   -0.169679034    0.010438604
   26.134912303   -0.173872180    0.011015423
   26.163258195   -0.176879327    0.011628189
   26.191604086   -0.178582011    0.012264609
   26.219949978   -0.178842300    0.012912813
   26.248295870   -0.177557648    0.013562034
   26.276641762   -0.174710237    0.014202905
   26.304987654   -0.170396331    0.014827397
   26.333333546   -0.164826759    0.015428467
   26.361679438   -0.158297809    0.015999563
   26.390025330   -0.151140503    0.016534118
   26.418371221   -0.143662788    0.017025176
   26.446717113   -0.136101732    0.017465237
   26.475063005   -0.128600400    0.017846355
   26.503408897   -0.121217272    0.018160464
   26.531754789   -0.113966505    0.018399858
   26.560100681   -0.106877797    0.018557718
   26.588446573   -0.100057660    0.018628584
   26.616792464   -0.093731847    0.018608687
   26.645138356   -0.088252233    0.018496084
   26.673484248   -0.084060091    0.018290605
   26.701830140   -0.081609247    0.017993627
   26.730176032   -0.081264201    0.017607754
   26.758521924   -0.083196647    0.017136470
   26.786867816   -0.087306727    0.016583830
   26.815213708   -0.093191474    0.015954242
   26.843559599   -0.100173152    0.015252342
   26.871905491   -0.107386589    0.014482974
   26.900251383   -0.113910521    0.013651217
   26.928597275   -0.118916902    0.012762433
   26.956943167   -0.121806954    0.011822293
   26.985289059   -0.122304815    0.010836757
   27.013634951   -0.120488685    0.009811997
   27.041980842   -0.116753246    0.008754289
   27.070326734   -0.111712499    0.007669881
   27.098672626   -0.106065340    0.006564890
   27.127018518   -0.100453984    0.005445226
   27.155364410   -0.095345966    0.004316574
   27.183710302   -0.090963804    0.003184412
   27.212056194   -0.087274331    0.002054047
   27.240402086   -0.084035249    0.000930645
   27.268747977   -0.080883190   -0.000180792
   27.297093869   -0.077438852   -0.001275507
   27.325439761   -0.073402381   -0.002349131
   27.353785653   -0.068616686   -0.003397889
   27.382131545   -0.063086116   -0.004418823
   27.410477437   -0.056950331   -0.005410002
   27.438823329   -0.050424887   -0.006370681
   27.467169221   -0.043727964   -0.007301369
   27.495515112   -0.037014976   -0.008203808
   27.523861004   -0.030339080   -0.009080847
   27.552206896   -0.023647175   -0.009936247
   27.580552788   -0.016810275   -0.010774427
   27.608898680   -0.009677317   -0.011600189
   27.637244572   -0.002135064   -0.012418447
   27.665590464    0.005844368   -0.013233983
   27.693936355    0.014182668   -0.014051216
   27.722282247    0.022707183   -0.014874017
   27.750628139    0.031191653   -0.015705535
   27.778974031    0.039413409   -0.016548049
   27.807319923    0.047209685   -0.017402849
   27.835665815    0.054515980   -0.018270147
   27.864011707    0.061374612   -0.019149034
   27.892357599    0.067910403   -0.020037506
   27.920703490    0.074280207   -0.020932549
   27.949049382    0.080610860   -0.021830296
   27.977395274    0.086943952   -0.022726243
   28.005741166    0.093204197   -0.023615476
   28.034087058    0.099201723   -0.024492912
   28.062432950    0.104668907   -0.025353493
   28.090778842    0.109322275   -0.026192315
   28.119124733    0.112932363   -0.027004694
   28.147470625    0.115381563   -0.027786147
   28.175816517    0.116692745   -0.028532340
   28.204162409    0.117019430   -0.029239000
   28.232508301    0.116599075   -0.029901856
   28.260854193    0.115681975   -0.030516619
   28.289200085    0.114455958   -0.031079039
   28.317545977    0.112989357   -0.031585024
   28.345891868    0.111210722   -0.032030838
   28.374237760    0.108934189   -0.032413320
   28.402583652    0.105926888   -0.032730124
   28.430929544    0.102002482   -0.032979916
   28.459275436    0.097116335   -0.033162516
   28.487621328    0.091435395   -0.033278962
   28.515967220    0.085360645   -0.033331464
   28.544313112    0.079490878   -0.033323296
   28.572659003    0.074531044   -0.033258599
   28.601004895    0.071162775   -0.033142149
   28.629350787    0.069905232   -0.032979126
   28.657696679    0.070998260   -0.032774892
   28.686042571    0.074335812   -0.032534837
   28.714388463    0.079466594   -0.032264300
   28.742734355    0.085663488   -0.031968568
   28.771080246    0.092047296   -0.031652956
   28.799426138    0.097737807   -0.031322940
   28.827772030    0.101999086   -0.030984295
   28.856117922    0.104347816   -0.030643204
   28.884463814    0.104602926   -0.030306288
   28.912809706    0.102869116   -0.029980516
   28.941155598    0.099462693   -0.029672991
   28.969501490    0.094801333   -0.029390615
   28.997847381    0.089286792   -0.029139674
   29.026193273    0.083209538   -0.028925414
   29.054539165    0.076697042   -0.028751674
   29.082885057    0.069715111   -0.028620645
   29.111230949    0.062117546   -0.028532811
   29.139576841    0.053727234   -0.028487068
   29.167922733    0.044424585   -0.028481002
   29.196268624    0.034218638   -0.028511248
   29.224614516    0.023282074   -0.028573836
   29.252960408    0.011941930   -0.028664429
   29.281306300    0.000630017   -0.028778369
   29.309652192   -0.010192414   -0.028910525
   29.337998084   -0.020114999   -0.029054946
   29.366343976   -0.028842538   -0.029204435
   29.394689868   -0.036227442   -0.029350162
   29.423035759   -0.042263920   -0.029481468
   29.451381651   -0.047048020   -0.029585981
   29.479727543   -0.050716616   -0.029650126
   29.508073435   -0.053383373   -0.029659991
   29.536419327   -0.055089543   -0.029602489
   29.564765219   -0.055782402   -0.029466611
   29.593111111   -0.055325852   -0.029244575
   29.621457003   -0.053538626   -0.028932665
   29.649802894   -0.050248235   -0.028531588
   29.678148786   -0.045345093   -0.028046285
   29.706494678   -0.038822208   -0.027485222
   29.734840570   -0.030790679   -0.026859300
   29.763186462   -0.021468647   -0.026180587
   29.791532354   -0.011148883   -0.025461106
   29.819878246   -0.000155876   -0.024711904
   29.848224137    0.011194645   -0.023942541
   29.876570029    0.022622555   -0.023161035
   29.904915921    0.033890404   -0.022374224
   29.933261813    0.044791166   -0.021588365
   29.961607705    0.055123311   -0.020809785
   29.989953597    0.064663703   -0.020045384
   30.018299489    0.073149359   -0.019302823
   30.046645381    0.080276114   -0.018590345
   30.074991272    0.085716830   -0.017916252
   30.103337164    0.089155540   -0.017288173
   30.131683056    0.090328859   -0.016712287
   30.160028948    0.089063515   -0.016192705
   30.188374840    0.085299842   -0.015731147
   30.216720732    0.079095054   -0.015326996
   30.245066624    0.070605977   -0.014977693
   30.273412515    0.060056801   -0.014679374
   30.301758407    0.047701588   -0.014427567
   30.330104299    0.033792396   -0.014217764
   30.358450191    0.018561753   -0.014045718
   30.386796083    0.002223286   -0.013907385
   30.415141975   -0.015011673   -0.013798531
   30.443487867   -0.032909103   -0.013714117
   30.471833759   -0.051189526   -0.013647634
   30.500179650   -0.069517757   -0.013590607
   30.528525542   -0.087511814   -0.013532438
   30.556871434   -0.104771750   -0.013460703
   30.585217326   -0.120922655   -0.013361911
   30.613563218   -0.135661099   -0.013222636
   30.641909110   -0.148792228   -0.013030844
   30.670255002   -0.160246509   -0.012777180
   30.698600894   -0.170070221   -0.012455996
   30.726946785   -0.178390954   -0.012065935
   30.755292677   -0.185366498   -0.011609979
   30.783638569   -0.191130496   -0.011094962
   30.811984461   -0.195749635   -0.010530673
   30.840330353   -0.199204285   -0.009928698
   30.868676245   -0.201398210   -0.009301240
   30.897022137   -0.202194843   -0.008660107
   30.925368028   -0.201469990   -0.008016008
   30.953713920   -0.199165921   -0.007378252
   30.982059812   -0.195331094   -0.006754815
   31.010405704   -0.190133575   -0.006152697
   31.038751596   -0.183843631   -0.005578442
   31.067097488   -0.176789900   -0.005038645
   31.095443380   -0.169301477   -0.004540338
   31.123789272   -0.161652814   -0.004091132
   31.152135163   -0.154028099   -0.003699122
   31.180481055   -0.146516587   -0.003372548
   31.208826947   -0.139141445   -0.003119314
   31.237172839   -0.131914560   -0.002946453
   31.265518731   -0.124901160   -0.002859658
   31.293864623   -0.118273688   -0.002862947
   31.322210515   -0.112335610   -0.002958516
   31.350556406   -0.107502683   -0.003146797
   31.378902298   -0.104240254   -0.003426660
   31.407248190   -0.102967365   -0.003795729
   31.435594082   -0.103948806   -0.004250718
   31.463939974   -0.107201670   -0.004787733
   31.492285866   -0.112441818   -0.005402501
   31.520631758   -0.119087830   -0.006090493
   31.548977650   -0.126327239   -0.006846960
   31.577323541   -0.133235155   -0.007666915
   31.605669433   -0.138922432   -0.008545077
   31.634015325   -0.142682632   -0.009475854
   31.662361217   -0.144106304   -0.010453344
   31.690707109   -0.143137881   -0.011471406
   31.719053001   -0.140063201   -0.012523762
   31.747398893   -0.135431311   -0.013604132
   31.775744785   -0.129928921   -0.014706350
   31.804090676   -0.124236154   -0.015824461
   31.832436568   -0.118895535   -0.016952760
   31.860782460   -0.114221898   -0.018085795
   31.889128352   -0.110270131   -0.019218333
   31.917474244   -0.106863344   -0.020345313
   31.945820136   -0.103669731   -0.021461844
   31.974166028   -0.100305566   -0.022563230
   32.002511919   -0.096437182   -0.023645081
   32.030857811   -0.091857085   -0.024703483
   32.059203703   -0.086517857   -0.025735209
   32.087549595   -0.080519613   -0.026737953
   32.115895487   -0.074059226   -0.027710526
   32.144241379   -0.067359044   -0.028652998
   32.172587271   -0.060597001   -0.029566732
   32.200933163   -0.053858033   -0.030454313
   32.229279054   -0.047119319   -0.031319370
   32.257624946   -0.040271446   -0.032166308
   32.285970838   -0.033167017   -0.032999996
   32.314316730   -0.025680588   -0.033825431
   32.342662622   -0.017761057   -0.034647434
   32.371008514   -0.009460502   -0.035470381
   32.399354406   -0.000930867   -0.036298014
   32.427700297    0.007610266   -0.037133298
   32.456046189    0.015934264   -0.037978340
   32.484392081    0.023859775   -0.038834354
   32.512737973    0.031296972   -0.039701643
   32.541083865    0.038264059   -0.040579608
   32.569429757    0.044870528   -0.041466764
   32.597775649    0.051271575   -0.042360782
   32.626121541    0.057606784   -0.043258551
   32.654467432    0.063941173   -0.044156271
   32.682813324    0.070226466   -0.045049583
   32.711159216    0.076294941   -0.045933713
   32.739505108    0.081888993   -0.046803640
   32.767851000    0.086719138   -0.047654251
   32.796196892    0.090534635   -0.048480468
   32.824542784    0.093186685   -0.049277345
   32.852888676    0.094665644   -0.050040105
   32.881234567    0.095100603   -0.050764147
   32.909580459    0.094720206   -0.051445022
   32.937926351    0.093784868   -0.052078409
   32.966272243    0.092509364   -0.052660114
   32.994618135    0.090998539   -0.053186118
   33.022964027    0.089216296   -0.053652683
   33.051309919    0.086999634   -0.054056513
   33.079655810    0.084117237   -0.054394965
   33.108001702    0.080359366   -0.054666259
   33.136347594    0.075635995   -0.054869679
   33.164693486    0.070055989   -0.055005701
   33.193039378    0.063963240   -0.055076045
   33.221385270    0.057915277   -0.055083616
   33.249731162    0.052603910   -0.055032346
   33.278077054    0.048732268   -0.054926960
   33.306422945    0.046874432   -0.054772700
   33.334768837    0.047349565   -0.054575049
   33.363114729    0.050140340   -0.054339513
   33.391460621    0.054875979   -0.054071486
   33.419806513    0.060885518   -0.053776220
   33.448152405    0.067310643   -0.053458905
   33.476498297    0.073253639   -0.053124828
   33.504844188    0.077928020   -0.052779558
   33.533190080    0.080779320   -0.052429116
   33.561535972    0.081551166   -0.052080055
   33.589881864    0.080285264   -0.051739412
   33.618227756    0.077259746   -0.051414514
   33.646573648    0.072884636   -0.051112643
   33.674919540    0.067582342   -0.050840595
   33.703265432    0.061683058   -0.050604215
   33.731611323    0.055359458   -0.050407973
   33.759957215    0.048613752   -0.050254673
   33.788303107    0.041316122   -0.050145335
   33.816648999    0.033280472   -0.050079279
   33.844994891    0.024354625   -0.050054385
   33.873340783    0.014499591   -0.050067459
   33.901686675    0.003836811   -0.050114618
   33.930032567   -0.007348188   -0.050191582
   33.958378458   -0.018645159   -0.050293797
   33.986724350   -0.029589591   -0.050416346
   34.015070242   -0.039744628   -0.050553652
   34.043416134   -0.048772748   -0.050699058
   34.071762026   -0.056479305   -0.050844398
   34.100107918   -0.062818399   -0.050979706
   34.128453810   -0.067862107   -0.051093200
   34.156799701   -0.071743811   -0.051171638
   34.185145593   -0.074592742   -0.051201054
   34.213491485   -0.076478235   -0.051167820
   34.241837377   -0.077378531   -0.051059889
   34.270183269   -0.077181413   -0.050868015
   34.298529161   -0.075714873   -0.050586742
   34.326875053   -0.072797882   -0.050214974
   34.355220945   -0.068296383   -0.049756014
   34.383566836   -0.062169107   -0.049217065
   34.411912728   -0.054491542   -0.048608270
   34.440258620   -0.045453200   -0.047941485
   34.468604512   -0.035331057   -0.047229004
   34.496950404   -0.024448468   -0.046482481
   34.525296296   -0.013132258   -0.045712211
   34.553642188   -0.001680100   -0.044926881
   34.581988079    0.009653730   -0.044133769
   34.610333971    0.020652445   -0.043339277
   34.638679863    0.031115363   -0.042549599
   34.667025755    0.040830515   -0.041771337
   34.695371647    0.049552373   -0.041011845
   34.723717539    0.056994006   -0.040279229
   34.752063431    0.062838248   -0.039581950
   34.780409323    0.066766430   -0.038928150
   34.808755214    0.068497616   -0.038324840
   34.837101106    0.067827936   -0.037777168
   34.865446998    0.064659379   -0.037287923
   34.893792890    0.059010424   -0.036857424
   34.922138782    0.051006177   -0.036483777
   34.950484674    0.040851555   -0.036163456
   34.978830566    0.028795850   -0.035892034
   35.007176458    0.015099133   -0.035664867
   35.035522349    0.000009865   -0.035477552
   35.063868241   -0.016240904   -0.035326034
   35.092214133   -0.033428990   -0.035206332
   35.120560025   -0.051316011   -0.035113964
   35.148905917   -0.069627303   -0.035043233
   35.177251809   -0.088039028   -0.034986590
   35.205597701   -0.106182042   -0.034934285
   35.233943592   -0.123664894   -0.034874465
   35.262289484   -0.140112094   -0.034793769
   35.290635376   -0.155208418   -0.034678378
   35.318981268   -0.168737214   -0.034515347
   35.347327160   -0.180601408   -0.034293995
   35.375673052   -0.190820123   -0.034007105
   35.404018944   -0.199500393   -0.033651703
   35.432364836   -0.206790508   -0.033229292
   35.460710727   -0.212827082   -0.032745511
   35.489056619   -0.217690131   -0.032209306
   35.517402511   -0.221378688   -0.031631778
   35.545748403   -0.223814016   -0.031024955
   35.574094295   -0.224869793   -0.030400691
   35.602440187   -0.224420919   -0.029769883
   35.630786079   -0.222397025   -0.029142100
   35.659131970   -0.218825110   -0.028525611
   35.687477862   -0.213848482   -0.027927752
   35.715823754   -0.207715840   -0.027355447
   35.744169646   -0.200742931   -0.026815747
   35.772515538   -0.193257447   -0.026316215
   35.800861430   -0.185543173   -0.025865067
   35.829207322   -0.177800242   -0.025471026
   35.857553214   -0.170134192   -0.025142938
   35.885899105   -0.162578382   -0.024889234
   35.914244997   -0.155144310   -0.024717354
   35.942590889   -0.147885341   -0.024633256
   35.970936781   -0.140953952   -0.024641100
   35.999282673   -0.134632570   -0.024743137
   36.027628565   -0.129323812   -0.024939814
   36.055974457   -0.125496173   -0.025230034
   36.084320349   -0.123593430   -0.025611496
   36.112666240   -0.123926936   -0.026081045
   36.141012132   -0.126576667   -0.026634960
   36.169358024   -0.131327176   -0.027269136
   36.197703916   -0.137658191   -0.027979169
   36.226049808   -0.144797685   -0.028760349
   36.254395700   -0.151830704   -0.029607614
   36.282741592   -0.157843662   -0.030515506
   36.311087483   -0.162074561   -0.031478159
   36.339433375   -0.164037211   -0.032489355
   36.367779267   -0.163592664   -0.033542625
   36.396125159   -0.160952690   -0.034631393
   36.424471051   -0.156615355   -0.035749128
   36.452816943   -0.151248010   -0.036889465
   36.481162835   -0.145544494   -0.038046288
   36.509508727   -0.140088371   -0.039213751
   36.537854618   -0.135251445   -0.040386249
   36.566200510   -0.131147355   -0.041558372
   36.594546402   -0.127646288   -0.042724850
   36.622892294   -0.124442216   -0.043880540
   36.651238186   -0.121152208   -0.045020470
   36.679584078   -0.117421150   -0.046139945
   36.707929970   -0.113005912   -0.047234724
   36.736275861   -0.107820200   -0.048301232
   36.764621753   -0.101932789   -0.049336790
   36.792967645   -0.095524510   -0.050339813
   36.821313537   -0.088819817   -0.051309960
   36.849659429   -0.082014352   -0.052248193
   36.878005321   -0.075219450   -0.053156740
   36.906351213   -0.068438336   -0.054038962
   36.934697105   -0.061578836   -0.054899140
   36.963042996   -0.054496624   -0.055742192
   36.991388888   -0.047054406   -0.056573367
   37.019734780   -0.039178324   -0.057397929
   37.048080672   -0.030894281   -0.058220868
   37.076426564   -0.022333286   -0.059046645
   37.104772456   -0.013704375   -0.059878991
   37.133118348   -0.005243409   -0.060720754
   37.161464240    0.002846776   -0.061573797
   37.189810131    0.010446725   -0.062438943
   37.218156023    0.017545836   -0.063315952
   37.246501915    0.024234785   -0.064203546
   37.274847807    0.030666465   -0.065099455
   37.303193699    0.036996396   -0.066000511
   37.331539591    0.043319882   -0.066902773
   37.359885483    0.049624612   -0.067801686
   37.388231374    0.055773432   -0.068692262
   37.416577266    0.061523597   -0.069569280
   37.444923158    0.066578483   -0.070427464
   37.473269050    0.070658130   -0.071261640
   37.501614942    0.073569122   -0.072066844
   37.529960834    0.075253813   -0.072838364
   37.558306726    0.075804111   -0.073571734
   37.586652618    0.075434666   -0.074262675
   37.614998509    0.074421781   -0.074907025
   37.643344401    0.073024467   -0.075500681
   37.671690293    0.071410006   -0.076039596
   37.700036185    0.069606185   -0.076519852
   37.728382077    0.067496041   -0.076937820
   37.756727969    0.064859740   -0.077290393
   37.785073861    0.061455274   -0.077575270
   37.813419752    0.057118140   -0.077791236
   37.841765644    0.051853543   -0.077938381
   37.870111536    0.045894697   -0.078018215
   37.898457428    0.039707906   -0.078033640
   37.926803320    0.033937658   -0.077988779
   37.955149212    0.029299854   -0.077888676
   37.983495104    0.026444869   -0.077738929
   38.011840996    0.025820730   -0.077545321
   38.040186887    0.027568124   -0.077313519
   38.068532779    0.031472529   -0.077048905
   38.096878671    0.036986097   -0.076756576
   38.125224563    0.043315889   -0.076441491
   38.153570455    0.049559772   -0.076108735
   38.181916347    0.054860327   -0.075763826
   38.210262239    0.058543349   -0.075412958
   38.238608131    0.060211677   -0.075063123
   38.266954022    0.059776199   -0.074722025
   38.295299914    0.057421055   -0.074397798
   38.323645806    0.053515495   -0.074098535
   38.351991698    0.048496812   -0.073831723
   38.380337590    0.042754304   -0.073603671
   38.408683482    0.036542241   -0.073419058
   38.437029374    0.029940956   -0.073280667
   38.465375265    0.022872047   -0.073189369
   38.493721157    0.015159585   -0.073144339
   38.522067049    0.006617919   -0.073143444
   38.550412941   -0.002859179   -0.073183684
   38.578758833   -0.013232290   -0.073261583
   38.607104725   -0.024290132   -0.073373393
   38.635450617   -0.035669074   -0.073515061
   38.663796509   -0.046911790   -0.073681955
   38.692142400   -0.057548410   -0.073868387
   38.720488292   -0.067178305   -0.074067099
   38.748834184   -0.075531434   -0.074268826
   38.777180076   -0.082494552   -0.074462133
   38.805525968   -0.088097528   -0.074633618
   38.833871860   -0.092465868   -0.074768544
   38.862217752   -0.095754219   -0.074851846
   38.890563643   -0.098079998   -0.074869402
   38.918909535   -0.099475310   -0.074809358
   38.947255427   -0.099869477   -0.074663289
   38.975601319   -0.099105622   -0.074427004
   39.003947211   -0.096985335   -0.074100833
   39.032293103   -0.093328120   -0.073689359
   39.060638995   -0.088028975   -0.073200639
   39.088984887   -0.081098790   -0.072645078
   39.117330778   -0.072677789   -0.072034151
   39.145676670   -0.063020094   -0.071379228
   39.174022562   -0.052455538   -0.070690683
   39.202368454   -0.041340687   -0.069977435
   39.230714346   -0.030013202   -0.069246943
   39.259060238   -0.018761712   -0.068505586
   39.287406130   -0.007817967   -0.067759281
   39.315752022    0.002629004   -0.067014133
   39.344097913    0.012403688   -0.066276938
   39.372443805    0.021311139   -0.065555373
   39.400789697    0.029112391   -0.064857829
   39.429135589    0.035517574   -0.064192904
   39.457481481    0.040200514   -0.063568673
   39.485827373    0.042832121   -0.062991915
   39.514173265    0.043124261   -0.062467456
   39.542519156    0.040872773   -0.061997801
   39.570865048    0.035988638   -0.061583113
   39.599210940    0.028509767   -0.061221546
   39.627556832    0.018591480   -0.060909820
   39.655902724    0.006479593   -0.060643903
   39.684248616   -0.007525464   -0.060419599
   39.712594508   -0.023103311   -0.060232909
   39.740940400   -0.039938257   -0.060080068
   39.769286291   -0.057729136   -0.059957237
   39.797632183   -0.076184849   -0.059859958
   39.825978075   -0.095011085   -0.059782508
   39.854323967   -0.113896599   -0.059717357
   39.882669859   -0.132507542   -0.059654896
   39.911015751   -0.150495409   -0.059583575
   39.939361643   -0.167519315   -0.059490495
   39.967707534   -0.183277946   -0.059362383
   39.996053426   -0.197542440   -0.059186832
   40.024399318   -0.210180050   -0.058953585
   40.052745210   -0.221160263   -0.058655653
   40.081091102   -0.230539692   -0.058290077
   40.109436994   -0.238428227   -0.057858201
   40.137782886   -0.244944740   -0.057365439
   40.166128778   -0.250174310   -0.056820579
   40.194474669   -0.254139169   -0.056234786
   40.222820561   -0.256792204   -0.055620474
   40.251166453   -0.258035583   -0.054990260
   40.279512345   -0.257759824   -0.054356147
   40.307858237   -0.255892327   -0.053729052
   40.336204129   -0.252441153   -0.053118689
   40.364550021   -0.247520649   -0.052533751
   40.392895913   -0.241350382   -0.051982287
   40.421241804   -0.234226495   -0.051472119
   40.449587696   -0.226472915   -0.051011174
   40.477933588   -0.218386269   -0.050607619
   40.506279480   -0.210191068   -0.050269764
   40.534625372   -0.202019457   -0.050005742
   40.562971264   -0.193923170   -0.049823042
   40.591317156   -0.185915873   -0.049727996
   40.619663047   -0.178034414   -0.049725337
   40.648008939   -0.170400548   -0.049817918
   40.676354831   -0.163262549   -0.050006646
   40.704700723   -0.156999851   -0.050290639
   40.733046615   -0.152082726   -0.050667555
   40.761392507   -0.148991004   -0.051134021
   40.789738399   -0.148107731   -0.051686053
   40.818084291   -0.149612296   -0.052319401
   40.846430182   -0.153400299   -0.053029733
   40.874776074   -0.159053202   -0.053812670
   40.903121966   -0.165870387   -0.054663673
   40.931467858   -0.172961885   -0.055577849
   40.959813750   -0.179385435   -0.056549768
   40.988159642   -0.184300242   -0.057573343
   41.016505534   -0.187104835   -0.058641839
   41.044851425   -0.187529276   -0.059748029
   41.073197317   -0.185661929   -0.060884472
   41.101543209   -0.181905811   -0.062043842
   41.129889101   -0.176875574   -0.063219257
   41.158234993   -0.171259389   -0.064404504
   41.186580885   -0.165677275   -0.065594121
   41.214926777   -0.160566985   -0.066783323
   41.243272669   -0.156120686   -0.067967777
   41.271618560   -0.152282505   -0.069143314
   41.299964452   -0.148801987   -0.070305657
   41.328310344   -0.145325489   -0.071450256
   41.356656236   -0.141499654   -0.072572299
   41.385002128   -0.137060253   -0.073666929
   41.413348020   -0.131885634   -0.074729654
   41.441693912   -0.126005009   -0.075756856
   41.470039804   -0.119564570   -0.076746315
   41.498385695   -0.112765551   -0.077697619
   41.526731587   -0.105794902   -0.078612363
   41.555077479   -0.098769640   -0.079494065
   41.583423371   -0.091710380   -0.080347812
   41.611769263   -0.084549936   -0.081179680
   41.640115155   -0.077171976   -0.081996026
   41.668461047   -0.069465891   -0.082802798
   41.696806938   -0.061379571   -0.083604972
   41.725152830   -0.052953001   -0.084406218
   41.753498722   -0.044321951   -0.085208838
   41.781844614   -0.035690477   -0.086013948
   41.810190506   -0.027280776   -0.086821833
   41.838536398   -0.019276020   -0.087632368
   41.866882290   -0.011774213   -0.088445375
   41.895228182   -0.004767967   -0.089260830
   41.923574073    0.001842608   -0.090078865
   41.951919965    0.008206751   -0.090899563
   41.980265857    0.014461876   -0.091722614
   42.008611749    0.020672585   -0.092546926
   42.036957641    0.026788714   -0.093370298
   42.065303533    0.032636278   -0.094189247
   42.093649425    0.037945898   -0.094999047
   42.121995316    0.042412328   -0.095793974
   42.150341208    0.045769173   -0.096567703
   42.178687100    0.047857733   -0.097313776
   42.207032992    0.048669676   -0.098026029
   42.235378884    0.048350010   -0.098698888
   42.263724776    0.047157802   -0.099327495
   42.292070668    0.045394340   -0.099907651
   42.320416560    0.043318401   -0.100435624
   42.348762451    0.041073143   -0.100907921
   42.377108343    0.038647112   -0.101321102
   42.405454235    0.035883399   -0.101671735
   42.433800127    0.032537966   -0.101956518
   42.462146019    0.028374202   -0.102172574
   42.490491911    0.023269521   -0.102317854
   42.518837803    0.017304627   -0.102391551
   42.547183695    0.010808545   -0.102394421
   42.575529586    0.004342421   -0.102328927
   42.603875478   -0.001379997   -0.102199144
   42.632221370   -0.005620977   -0.102010441
   42.660567262   -0.007768965   -0.101769009
   42.688913154   -0.007475787   -0.101481319
   42.717259046   -0.004747932   -0.101153657
   42.745604938    0.000031241   -0.100791821
   42.773950829    0.006155753   -0.100401063
   42.802296721    0.012717206   -0.099986273
   42.830642613    0.018764898   -0.099552358
   42.858988505    0.023470467   -0.099104705
   42.887334397    0.026260983   -0.098649593
   42.915680289    0.026892290   -0.098194433
   42.944026181    0.025449085   -0.097747743
   42.972372073    0.022275796   -0.097318810
   43.000717964    0.017858476   -0.096917107
   43.029063856    0.012688694   -0.096551525
   43.057409748    0.007143173   -0.096229595
   43.085755640    0.001407309   -0.095956830
   43.114101532   -0.004541689   -0.095736324
   43.142447424   -0.010892058   -0.095568681
   43.170793316   -0.017910215   -0.095452279
   43.199139207   -0.025834585   -0.095383805
   43.227485099   -0.034779628   -0.095358918
   43.255830991   -0.044675020   -0.095372907
   43.284176883   -0.055254549   -0.095421165
   43.312522775   -0.066095586   -0.095499377
   43.340868667   -0.076696723   -0.095603379
   43.369214559   -0.086571816   -0.095728703
   43.397560451   -0.095335421   -0.095869943
   43.425906342   -0.102758201   -0.096020083
   43.454252234   -0.108779927   -0.096169984
   43.482598126   -0.113479599   -0.096308199
   43.510944018   -0.117013682   -0.096421218
   43.539289910   -0.119541396   -0.096494182
   43.567635802   -0.121158438   -0.096511982
   43.595981694   -0.121857113   -0.096460603
   43.624327586   -0.121522653   -0.096328498
   43.652673477   -0.119965137   -0.096107759
   43.681019369   -0.116976626   -0.095794885
   43.709365261   -0.112396737   -0.095391019
   43.737711153   -0.106168330   -0.094901604
   43.766057045   -0.098368626   -0.094335547
   43.794402937   -0.089208560   -0.093704030
   43.822748829   -0.079002327   -0.093019203
   43.851094720   -0.068117216   -0.092292994
   43.879440612   -0.056918739   -0.091536221
   43.907786504   -0.045726520   -0.090758162
   43.936132396   -0.034792386   -0.089966577
   43.964478288   -0.024305037   -0.089168129
   43.992824180   -0.014417547   -0.088369038
   44.021170072   -0.005287274   -0.087575759
   44.049515964    0.002885774   -0.086795496
   44.077861855    0.009835394   -0.086036391
   44.106207747    0.015229273   -0.085307328
   44.134553639    0.018694622   -0.084617387
   44.162899531    0.019863930   -0.083975060
   44.191245423    0.018429797   -0.083387427
   44.219591315    0.014195350   -0.082859466
   44.247937207    0.007108121   -0.082393673
   44.276283098   -0.002730147   -0.081990062
   44.304628990   -0.015078815   -0.081646546
   44.332974882   -0.029593503   -0.081359584
   44.361320774   -0.045871227   -0.081124918
   44.389666666   -0.063494204   -0.080938223
   44.418012558   -0.082062781   -0.080795470
   44.446358450   -0.101212265   -0.080692928
   44.474704342   -0.120613905   -0.080626793
   44.503050233   -0.139965057   -0.080592548
   44.531396125   -0.158976370   -0.080584237
   44.559742017   -0.177363796   -0.080593876
   44.588087909   -0.194850537   -0.080611203
   44.616433801   -0.211179680   -0.080623912
   44.644779693   -0.226133782   -0.080618402
   44.673125585   -0.239554454   -0.080580964
   44.701471477   -0.251354341   -0.080499217
   44.729817368   -0.261515838   -0.080363558
   44.758163260   -0.270075070   -0.080168350
   44.786509152   -0.277094562   -0.079912643
   44.814855044   -0.282632142   -0.079600309
   44.843200936   -0.286715525   -0.079239560
   44.871546828   -0.289330910   -0.078841975
   44.899892720   -0.290430042   -0.078421216
   44.928238611   -0.289954588   -0.077991680
   44.956584503   -0.287871031   -0.077567313
   44.984930395   -0.284205421   -0.077160755
   45.013276287   -0.279066578   -0.076782928
   45.041622179   -0.272649123   -0.076443031
   45.069968071   -0.265213457   -0.076148865
   45.098313963   -0.257046907   -0.075907329
   45.126659855   -0.248416601   -0.075724927
   45.155005746   -0.239528226   -0.075608130
   45.183351638   -0.230504331   -0.075563515
   45.211697530   -0.221391076   -0.075597657
   45.240043422   -0.212194329   -0.075716818
   45.268389314   -0.202936959   -0.075926519
   45.296735206   -0.193721566   -0.076231112
   45.325081098   -0.184779119   -0.076633447
   45.353426989   -0.176485537   -0.077134694
   45.381772881   -0.169335001   -0.077734349
   45.410118773   -0.163869554   -0.078430387
   45.438464665   -0.160576419   -0.079219518
   45.466810557   -0.159774536   -0.080097475
   45.495156449   -0.161517075   -0.081059267
   45.523502341   -0.165535507   -0.082099370
   45.551848233   -0.171243005   -0.083211839
   45.580194124   -0.177802150   -0.084390358
   45.608540016   -0.184247087   -0.085628266
   45.636885908   -0.189637069   -0.086918590
   45.665231800   -0.193210069   -0.088254108
   45.693577692   -0.194504086   -0.089627454
   45.721923584   -0.193420297   -0.091031258
   45.750269476   -0.190214974   -0.092458280
   45.778615368   -0.185422983   -0.093901531
   45.806961259   -0.179730912   -0.095354348
   45.835307151   -0.173828808   -0.096810412
   45.863653043   -0.168273400   -0.098263726
   45.891998935   -0.163391816   -0.099708570
   45.920344827   -0.159244188   -0.101139449
   45.948690719   -0.155648923   -0.102551079
   45.977036611   -0.152259533   -0.103938397
   46.005382502   -0.148670411   -0.105296622
   46.033728394   -0.144523609   -0.106621322
   46.062074286   -0.139590483   -0.107908497
   46.090420178   -0.133810430   -0.109154646
   46.118766070   -0.127281248   -0.110356818
   46.147111962   -0.120208669   -0.111512662
   46.175457854   -0.112832815   -0.112620476
   46.203803746   -0.105354242   -0.113679310
   46.232149637   -0.097880691   -0.114689104
   46.260495529   -0.090408430   -0.115650881
   46.288841421   -0.082841368   -0.116566957
   46.317187313   -0.075039963   -0.117441113
   46.345533205   -0.066883545   -0.118278670
   46.373879097   -0.058326291   -0.119086387
   46.402224989   -0.049429470   -0.119872148
   46.430570880   -0.040360073   -0.120644429
   46.458916772   -0.031356162   -0.121411583
   46.487262664   -0.022669378   -0.122181030
   46.515608556   -0.014501993   -0.122958482
   46.543954448   -0.006957824   -0.123747320
   46.572300340   -0.000022446   -0.124548254
   46.600646232    0.006420223   -0.125359316
   46.628992124    0.012538644   -0.126176204
   46.657338015    0.018485241   -0.126992909
   46.685683907    0.024328665   -0.127802513
   46.714029799    0.030007278   -0.128597999
   46.742375691    0.035319191   -0.129372940
   46.770721583    0.039954422   -0.130121935
   46.799067475    0.043562900   -0.130840758
   46.827413367    0.045841527   -0.131526204
   46.855759259    0.046617172   -0.132175735
   46.884105150    0.045902278   -0.132787027
   46.912451042    0.043906056   -0.133357556
   46.940796934    0.040995448   -0.133884334
   46.969142826    0.037613382   -0.134363860
   46.997488718    0.034173821   -0.134792286
   47.025834610    0.030960332   -0.135165768
   47.054180502    0.028055439   -0.135480880
   47.082526393    0.025321278   -0.135735024
   47.110872285    0.022439712   -0.135926719
   47.139218177    0.019004950   -0.136055735
   47.167564069    0.014647788   -0.136123071
   47.195909961    0.009161392   -0.136130816
   47.224255853    0.002596588   -0.136081965
   47.252601745   -0.004699308   -0.135980278
   47.280947637   -0.012113390   -0.135830215
   47.309293528   -0.018864633   -0.135636977
   47.337639420   -0.024148669   -0.135406615
   47.365985312   -0.027298739   -0.135146139
   47.394331204   -0.027927048   -0.134863551
   47.422677096   -0.026014572   -0.134567737
   47.451022988   -0.021928717   -0.134268181
   47.479368880   -0.016364517   -0.133974550
   47.507714771   -0.010222281   -0.133696189
   47.536060663   -0.004448710   -0.133441677
   47.564406555    0.000123869   -0.133218517
   47.592752447    0.002906021   -0.133033058
   47.621098339    0.003621814   -0.132890668
   47.649444231    0.002309980   -0.132796089
   47.677790123   -0.000739588   -0.132753875
   47.706136015   -0.005094669   -0.132768738
   47.734481906   -0.010306260   -0.132845663
   47.762827798   -0.016020102   -0.132989672
   47.791173690   -0.022048886   -0.133205226
   47.819519582   -0.028390998   -0.133495335
   47.847865474   -0.035195710   -0.133860547
   47.876211366   -0.042687911   -0.134298040
   47.904557258   -0.051074753   -0.134801046
   47.932903150   -0.060459661   -0.135358789
   47.961249041   -0.070785743   -0.135957022
   47.989594933   -0.081821808   -0.136579100
   48.017940825   -0.093192569   -0.137207452
   48.046286717   -0.104443212   -0.137825162
   48.074632609   -0.115120304   -0.138417399
   48.102978501   -0.124847902   -0.138972438
   48.131324393   -0.133380223   -0.139482095
   48.159670284   -0.140619434   -0.139941568
   48.188016176   -0.146596806   -0.140348762
   48.216362068   -0.151425102   -0.140703320
   48.244707960   -0.155236982   -0.141005617
   48.273053852   -0.158126897   -0.141255953
   48.301399744   -0.160111820   -0.141454139
   48.329745636   -0.161120187   -0.141599521
   48.358091528   -0.161010351   -0.141691384
   48.386437419   -0.159611983   -0.141729575
   48.414783311   -0.156778314   -0.141715121
   48.443129203   -0.152435151   -0.141650641
   48.471475095   -0.146614611   -0.141540407
   48.499820987   -0.139466523   -0.141390018
   48.528166879   -0.131246990   -0.141205765
   48.556512771   -0.122289610   -0.140993840
   48.584858662   -0.112968797   -0.140759619
   48.613204554   -0.103665444   -0.140507179
   48.641550446   -0.094742959   -0.140239198
   48.669896338   -0.086537246   -0.139957222
   48.698242230   -0.079359137   -0.139662232
   48.726588122   -0.073503568   -0.139355317
   48.754934014   -0.069257861   -0.139038258
   48.783279906   -0.066902196   -0.138713838
   48.811625797   -0.066698489   -0.138385783
   48.839971689   -0.068868363   -0.138058339
   48.868317581   -0.073565183   -0.137735596
   48.896663473   -0.080847870   -0.137420749
   48.925009365   -0.090664524   -0.137115499
   48.953355257   -0.102851558   -0.136819753
   48.981701149   -0.117149874   -0.136531724
   49.010047041   -0.133234761   -0.136248366
   49.038392932   -0.150752257   -0.135966039
   49.066738824   -0.169352884   -0.135681186
   49.095084716   -0.188714540   -0.135390831
   49.123430608   -0.208549749   -0.135092744
   49.151776500   -0.228597352   -0.134785229
   49.180122392   -0.248603645   -0.134466619
   49.208468284   -0.268301377   -0.134134654
   49.236814175   -0.287395808   -0.133785983
   49.265160067   -0.305564899   -0.133416015
   49.293505959   -0.322476229   -0.133019272
   49.321851851   -0.337817660   -0.132590257
   49.350197743   -0.351333932   -0.132124724
   49.378543635   -0.362858651   -0.131621095
   49.406889527   -0.372331619   -0.131081702
   49.435235419   -0.379795064   -0.130513568
   49.463581310   -0.385368209   -0.129928480
   49.491927202   -0.389206009   -0.129342298
   49.520273094   -0.391452971   -0.128773574
   49.548618986   -0.392205036   -0.128241735
   49.576964878   -0.391490830   -0.127765160
   49.605310770   -0.389278446   -0.127359496
   49.633656662   -0.385506581   -0.127036524
   49.662002553   -0.380131469   -0.126803716
   49.690348445   -0.373175756   -0.126664509
   49.718694337   -0.364763931   -0.126619126
   49.747040229   -0.355131962   -0.126665706
   49.775386121   -0.344605629   -0.126801448
   49.803732013   -0.333551087   -0.127023497
   49.832077905   -0.322309827   -0.127329439
   49.860423797   -0.311135960   -0.127717325
   49.888769688   -0.300154665   -0.128185359
   49.917115580   -0.289356222   -0.128731379
   49.945461472   -0.278630966   -0.129352368
   49.973807364   -0.267839200   -0.130044149
   50.002153256   -0.256899384   -0.130801368
   50.030499148   -0.245870948   -0.131617769
   50.058845040   -0.235007046   -0.132486657
   50.087190932   -0.224758132   -0.133401410
   50.115536823   -0.215718500   -0.134355882
   50.143882715   -0.208522191   -0.135344577
   50.172228607   -0.203708450   -0.136362571
   50.200574499   -0.201586565   -0.137405217
   50.228920391   -0.202132654   -0.138467755
   50.257266283   -0.204945810   -0.139544984
   50.285612175   -0.209278717   -0.140631107
   50.313958066   -0.214141221   -0.141719847
   50.342303958   -0.218458346   -0.142804795
   50.370649850   -0.221250945   -0.143879918
   50.398995742   -0.221801042   -0.144940060
   50.427341634   -0.219766527   -0.145981300
   50.455687526   -0.215220833   -0.147001026
   50.484033418   -0.208609957   -0.147997704
   50.512379310   -0.200637736   -0.148970388
   50.540725201   -0.192106270   -0.149918112
   50.569071093   -0.183747842   -0.150839349
   50.597416985   -0.176085556   -0.151731711
   50.625762877   -0.169351932   -0.152592010
   50.654108769   -0.163480081   -0.153416687
   50.682454661   -0.158164396   -0.154202511
   50.710800553   -0.152971372   -0.154947363
   50.739146444   -0.147470196   -0.155650858
   50.767492336   -0.141349630   -0.156314586
   50.795838228   -0.134493053   -0.156941838
   50.824184120   -0.126995682   -0.157536797
   50.852530012   -0.119123680   -0.158103328
   50.880875904   -0.111230031   -0.158643605
   50.909221796   -0.103652708   -0.159156902
   50.937567688   -0.096624289   -0.159638847
   50.965913579   -0.090217911   -0.160081365
   50.994259471   -0.084343706   -0.160473392
   51.022605363   -0.078795462   -0.160802267
   51.050951255   -0.073333318   -0.161055580
   51.079297147   -0.067778279   -0.161223097
   51.107643039   -0.062091115   -0.161298402
   51.135988931   -0.056412454   -0.161279911
   51.164334823   -0.051051459   -0.161171058
   51.192680714   -0.046424633   -0.160979609
   51.221026606   -0.042960112   -0.160716237
   51.249372498   -0.040992642   -0.160392648
   51.277718390   -0.040677657   -0.160019617
   51.306064282   -0.041948441   -0.159605292
   51.334410174   -0.044529419   -0.159154077
   51.362756066   -0.048003937   -0.158666242
   51.391101957   -0.051920291   -0.158138277
   51.419447849   -0.055909057   -0.157563844
   51.447793741   -0.059780843   -0.156935076
   51.476139633   -0.063577673   -0.156243938
   51.504485525   -0.067562286   -0.155483354
   51.532831417   -0.072145199   -0.154647925
   51.561177309   -0.077765382   -0.153734132
   51.589523201   -0.084752877   -0.152740073
   51.617869092   -0.093207441   -0.151664870
   51.646214984   -0.102924613   -0.150507939
   51.674560876   -0.113390159   -0.149268346
   51.702906768   -0.123847931   -0.147944404
   51.731252660   -0.133428739   -0.146533618
   51.759598552   -0.141313033   -0.145032977
   51.787944444   -0.146891640   -0.143439512
   51.816290335   -0.149888739   -0.141750980
   51.844636227   -0.150419475   -0.139966522
   51.872982119   -0.148969455   -0.138087126
   51.901328011   -0.146300993   -0.136115823
   51.929673903   -0.143307327   -0.134057570
   51.958019795   -0.140847243   -0.131918864
   51.986365687   -0.139595936   -0.129707180
   52.014711579   -0.139943028   -0.127430362
   52.043057470   -0.141956643   -0.125096072
   52.071403362   -0.145416600   -0.122711426
   52.099749254   -0.149903783   -0.120282822
   52.128095146   -0.154920668   -0.117815996
   52.156441038   -0.160012416   -0.115316231
   52.184786930   -0.164860061   -0.112788641
   52.213132822   -0.169326194   -0.110238447
   52.241478714   -0.173446741   -0.107671155
   52.269824605   -0.177376357   -0.105092599
   52.298170497   -0.181306188   -0.102508818
   52.326516389   -0.185378494   -0.099925812
   52.354862281   -0.189621742   -0.097349206
   52.383208173   -0.193922790   -0.094783892
   52.411554065   -0.198041850   -0.092233708
   52.439899957   -0.201664030   -0.089701192
   52.468245848   -0.204471654   -0.087187434
   52.496591740   -0.206216652   -0.084692021
   52.524937632   -0.206773192   -0.082213059
   52.553283524   -0.206156944   -0.079747253
   52.581629416   -0.204506990   -0.077290012
   52.609975308   -0.202036711   -0.074835576
   52.638321200   -0.198968124   -0.072377161
   52.666667092   -0.195468062   -0.069907128
   52.695012983   -0.191603289   -0.067417194
   52.723358875   -0.187325756   -0.064898676
   52.751704767   -0.182490531   -0.062342787
   52.780050659   -0.176899936   -0.059740947
   52.808396551   -0.170360702   -0.057085090
   52.836742443   -0.162738182   -0.054367940
   52.865088335   -0.153993586   -0.051583218
   52.893434226   -0.144195930   -0.048725777
   52.921780118   -0.133508276   -0.045791655
   52.950126010   -0.122155380   -0.042778065
   52.978471902   -0.110384930   -0.039683367
   53.006817794   -0.098435713   -0.036507021
   53.035163686   -0.086522990   -0.033249578
   53.063509578   -0.074845162   -0.029912683
   53.091855470   -0.063608340   -0.026499107
   53.120201361   -0.053058996   -0.023012756
   53.148547253   -0.043511474   -0.019458637
   53.176893145   -0.035357794   -0.015842749
   53.205239037   -0.029051874   -0.012171879
   53.233584929   -0.025067568   -0.008453334
   53.261930821   -0.023837816   -0.004694623
   53.290276713   -0.025688313   -0.000903165
   53.318622605   -0.030781617    0.002913945
   53.346968496   -0.039085810    0.006750051
   53.375314388   -0.050375950    0.010598922
   53.403660280   -0.064268440    0.014454637
   53.432006172   -0.080280061    0.018311412
   53.460352064   -0.097897391    0.022163447
   53.488697956   -0.116640078    0.026004847
   53.517043848   -0.136103765    0.029829689
   53.545389739   -0.155974557    0.033632223
   53.573735631   -0.176015073    0.037407179
   53.602081523   -0.196030003    0.041150111
   53.630427415   -0.215824438    0.044857671
   53.658773307   -0.235169608    0.048527744
   53.687119199   -0.253787654    0.052159374
   53.715465091   -0.271360738    0.055752495
   53.743810983   -0.287561941    0.059307522
   53.772156874   -0.302098484    0.062824913
   53.800502766   -0.314753784    0.066304838
   53.828848658   -0.325415074    0.069747069
   53.857194550   -0.334077523    0.073151160
   53.885540442   -0.340822929    0.076516908
   53.913886334   -0.345778853    0.079845006
   53.942232226   -0.349070176    0.083137723
   53.970578117   -0.350777684    0.086399407
   53.998924009   -0.350916385    0.089636657
   54.027269901   -0.349440539    0.092858007
   54.055615793   -0.346274228    0.096073146
   54.083961685   -0.341358354    0.099291738
   54.112307577   -0.334699477    0.102522072
   54.140653469   -0.326404694    0.105769784
   54.168999361   -0.316690395    0.109036936
   54.197345252   -0.305860165    0.112321650
   54.225691144   -0.294256389    0.115618403
   54.254037036   -0.282198484    0.118918944
   54.282382928   -0.269925563    0.122213662
   54.310728820   -0.257561156    0.125493126
   54.339074712   -0.245112131    0.128749500
   54.367420604   -0.232504484    0.131977550
   54.395766496   -0.219647801    0.135175054
   54.424112387   -0.206510955    0.138342589
   54.452458279   -0.193186762    0.141482757
   54.480804171   -0.179924546    0.144599093
   54.509150063   -0.167116799    0.147694915
   54.537495955   -0.155237751    0.150772386
   54.565841847   -0.144744726    0.153832001
   54.594187739   -0.135964133    0.156872573
   54.622533630   -0.128989854    0.159891680
   54.650879522   -0.123620749    0.162886419
   54.679225414   -0.119356085    0.165854238
   54.707571306   -0.115454605    0.168793615
   54.735917198   -0.111047944    0.171704413
   54.764263090   -0.105285879    0.174587836
   54.792608982   -0.097482826    0.177446015
   54.820954874   -0.087234143    0.180281383
   54.849300765   -0.074477425    0.183096020
   54.877646657   -0.059486430    0.185891181
   54.905992549   -0.042800530    0.188667150
   54.934338441   -0.025106872    0.191423469
   54.962684333   -0.007102332    0.194159484
   54.991030225    0.010634385    0.196875055
   55.019376117    0.027734059    0.199571226
   55.047722008    0.044075144    0.202250655
   55.076067900    0.059765433    0.204917665
   55.104413792    0.075076909    0.207577885
   55.132759684    0.090353358    0.210237548
   55.161105576    0.105914778    0.212902623
   55.189451468    0.121980960    0.215578004
   55.217797360    0.138629726    0.218266966
   55.246143252    0.155795315    0.220971038
   55.274489143    0.173302055    0.223690337
   55.302835035    0.190920373    0.226424273
   55.331180927    0.208428215    0.229172449
   55.359526819    0.225661650    0.231935509
   55.387872711    0.242543209    0.234715697
   55.416218603    0.259083618    0.237516939
   55.444564495    0.275360013    0.240344414
   55.472910387    0.291479395    0.243203652
   55.501256278    0.307538754    0.246099376
   55.529602170    0.323592581    0.249034334
   55.557948062    0.339635015    0.252008406
   55.586293954    0.355598944    0.255018218
   55.614639846    0.371369528    0.258057361
   55.642985738    0.386806247    0.261117214
   55.671331630    0.401766364    0.264188205
   55.699677521    0.416123783    0.267261265
   55.728023413    0.429779902    0.270329183
   55.756369305    0.442666264    0.273387591
   55.784715197    0.454741452    0.276435405
   55.813061089    0.465985954    0.279474660
   55.841406981    0.476398481    0.282509806
   55.869752873    0.485995559    0.285546663
   55.898098765    0.494814098    0.288591248
   55.926444656    0.502914733    0.291648761
   55.954790548    0.510382824    0.294722883
   55.983136440    0.517324498    0.297815526
   56.011482332    0.523856680    0.300926995
   56.039828224    0.530092327    0.304056484
   56.068174116    0.536124058    0.307202709
   56.096520008    0.542010508    0.310364509
   56.124865900    0.547769418    0.313541246
   56.153211791    0.553379894    0.316732915
   56.181557683    0.558793750    0.319939969
   56.209903575    0.563953204    0.323162918
   56.238249467    0.568810325    0.326401843
   56.266595359    0.573342970    0.329655969
   56.294941251    0.577562909    0.332923420
   56.323287143    0.581514027    0.336201219
   56.351633034    0.585261356    0.339485534
   56.379978926    0.588874264    0.342772100
   56.408324818    0.592408805    0.346056699
   56.436670710    0.595894363    0.349335583
   56.465016602    0.599328345    0.352605724
   56.493362494    0.602680285    0.355864848
   56.521708386    0.605903869    0.359111249
   56.550054278    0.608953141    0.362343455
   56.578400169    0.611797964    0.365559845
   56.606746061    0.614434197    0.368758320
   56.635091953    0.616885708    0.371936118
   56.663437845    0.619197879    0.375089823
   56.691783737    0.621424794    0.378215553
   56.720129629    0.623614136    0.381309274
   56.748475521    0.625794398    0.384367167
   56.776821412    0.627968194    0.387385949
   56.805167304    0.630113510    0.390363106
   56.833513196    0.632192296    0.393296988
   56.861859088    0.634163604    0.396186819
   56.890204980    0.635997161    0.399032638
   56.918550872    0.637683275    0.401835271
   56.946896764    0.639236159    0.404596369
   56.975242656    0.640689845    0.407318547
   57.003588547    0.642088142    0.410005612
   57.031934439    0.643471841    0.412662810
   57.060280331    0.644867149    0.415297026
   57.088626223    0.646278832    0.417916833
   57.116972115    0.647690057    0.420532338
   57.145318007    0.649068801    0.423154810
   57.173663899    0.650378711    0.425796101
   57.202009791    0.651590993    0.428467969
   57.230355682    0.652693659    0.431181390
   57.258701574    0.653695375    0.433945988
   57.287047466    0.654622860    0.436769654
   57.315393358    0.655512784    0.439658419
   57.343739250    0.656400768    0.442616536
   57.372085142    0.657310948    0.445646729
   57.400431034    0.658249268    0.448750511
   57.428776925    0.659202498    0.451928459
   57.457122817    0.660143155    0.455180385
   57.485468709    0.661038674    0.458505370
   57.513814601    0.661861936    0.461901667
   57.542160493    0.662599881    0.465366550
   57.570506385    0.663257599    0.468896180
   57.598852277    0.663856722    0.472485560
   57.627198169    0.664428742    0.476128648
   57.655544060    0.665005398    0.479818598
   57.683889952    0.665609167    0.483548118
   57.712235844    0.666246778    0.487309846
   57.740581736    0.666907692    0.491096664
   57.768927628    0.667567945    0.494901885
   57.797273520    0.668198042    0.498719263
   57.825619412    0.668772426    0.502542868
   57.853965303    0.669277534    0.506366866
   57.882311195    0.669716016    0.510185310
   57.910657087    0.670105839    0.513992025
   57.939002979    0.670474667    0.517780647
   57.967348871    0.670851322    0.521544838
   57.995694763    0.671257017    0.525278629
   58.024040655    0.671699071    0.528976801
   58.052386547    0.672169031    0.532635197
   58.080732438    0.672645700    0.536250886
   58.109078330    0.673102059    0.539822094
   58.137424222    0.673513898    0.543347942
   58.165770114    0.673867428    0.546828045
   58.194116006    0.674163560    0.550262096
   58.222461898    0.674417538    0.553649566
   58.250807790    0.674654132    0.556989623
   58.279153682    0.674899925    0.560281326
   58.307499573    0.675175140    0.563524053
   58.335845465    0.675487543    0.566718055
   58.364191357    0.675830296    0.569864979
   58.392537249    0.676184377    0.572968179
   58.420883141    0.676524754    0.576032675
   58.449229033    0.676828350    0.579064702
   58.477574925    0.677081303    0.582070874
   58.505920816    0.677283260    0.585057114
   58.534266708    0.677447410    0.588027546
   58.562612600    0.677596300    0.590983595
   58.590958492    0.677754767    0.593923488
   58.619304384    0.677942243    0.596842294
   58.647650276    0.678166819    0.599732510
   58.675996168    0.678422916    0.602585088
   58.704342060    0.678693239    0.605390706
   58.732687951    0.678954370    0.608141029
   58.761033843    0.679184210    0.610829715
   58.789379735    0.679368929    0.613452991
   58.817725627    0.679507266    0.616009705
   58.846071519    0.679610852    0.618500888
   58.874417411    0.679700493    0.620928971
   58.902763303    0.679799630    0.623296845
   58.931109194    0.679927024    0.625606985
   58.959455086    0.680090979    0.627860822
   58.987800978    0.680286886    0.630058469
   59.016146870    0.680498834    0.632198810
   59.044492762    0.680704738    0.634279894
   59.072838654    0.680883361    0.636299483
   59.101184546    0.681020993    0.638255611
   59.129530438    0.681115725    0.640147008
   59.157876329    0.681177979    0.641973301
   59.186222221    0.681227164    0.643734975
   59.214568113    0.681285549    0.645433134
   59.242914005    0.681371283    0.647069154
   59.271259897    0.681492773    0.648644334
   59.299605789    0.681646156    0.650159634
   59.327951681    0.681816648    0.651615575
   59.356297573    0.681983308    0.653012290
   59.384643464    0.682125686    0.654349710
   59.412989356    0.682230275    0.655627813
   59.441335248    0.682294714    0.656846873
   59.469681140    0.682328468    0.658007637
   59.498027032    0.682349777    0.659111413
   59.526372924    0.682379880    0.660160054
   59.554718816    0.682436339    0.661155862
   59.583064707    0.682527569    0.662101471
   59.611410599    0.682650295    0.662999713
   59.639756491    0.682790691    0.663853524
   59.668102383    0.682928839    0.664665882
   59.696448275    0.683045055    0.665439764
   59.724794167    0.683126099    0.666178113
   59.753140059    0.683169299    0.666883780
   59.781485951    0.683183329    0.667559446
   59.809831842    0.683185401    0.668207519
   59.838177734    0.683195801    0.668830036
   59.866523626    0.683231498    0.669428592
   59.894869518    0.683300851    0.670004329
   59.923215410    0.683401062    0.670557995
   59.951561302    0.683519169    0.671090073
   59.979907194    0.683636213    0.671600945
   60.008253085    0.683733271    0.672091063
   60.036598977    0.683797421    0.672561083
   60.064944869    0.683825765    0.673011919
   60.093290761    0.683826275    0.673444716
   60.121636653    0.683815203    0.673860744
   60.149982545    0.683811912    0.674261253
   60.178328437    0.683832770    0.674647322
   60.206674329    0.683886039    0.675019754
   60.235020220    0.683969354    0.675379043
   60.263366112    0.684070570    0.675725427
   60.291712004    0.684171677    0.676058996
   60.320057896    0.684254517    0.676379846
   60.348403788    0.684306511    0.676688206
   60.376749680    0.684324569    0.676984521
   60.405095572    0.684315991    0.677269462
   60.433441464    0.684296088    0.677543858
   60.461787355    0.684283307    0.677808573
   60.490133247    0.684293416    0.678064380
   60.518479139    0.684334577    0.678311845
   60.546825031    0.684404861    0.678551284
   60.575170923    0.684492953    0.678782783
   60.603516815    0.684581791    0.679006288
   60.631862707    0.684653990    0.679221725
   60.660208598    0.684697310    0.679429124
   60.688554490    0.684708452    0.679628701
   60.716900382    0.684694028    0.679820878
   60.745246274    0.684668392    0.680006237
   60.773592166    0.684649076    0.680185419
   60.801938058    0.684651266    0.680359005
   60.830283950    0.684683063    0.680527416
   60.858629842    0.684743016    0.680690859
   60.886975733    0.684820674    0.680849338
   60.915321625    0.684899945    0.681002720
   60.943667517    0.684964201    0.681150848
   60.972013409    0.685001498    0.681293648
   61.000359301    0.685008276    0.681431209
   61.028705193    0.684990403    0.681563809
   61.057051085    0.684961250    0.681691881
   61.085396976    0.684937443    0.681815925
   61.113742868    0.684933632    0.681936404
   61.142088760    0.684957929    0.682053649
   61.170434652    0.685009438    0.682167800
   61.198780544    0.685078620    0.682278816
   61.227126436    0.685150363    0.682386528
   61.255472328    0.685208759    0.682490734
   61.283818220    0.685242085    0.682591305
   61.312164111    0.685246433    0.682688254
   61.340510003    0.685226859    0.682781772
   61.368855895    0.685195727    0.682872196
   61.397201787    0.685168786    0.682959935
   61.425547679    0.685160229    0.683045374
   61.453893571    0.685178279    0.683128786
   61.482239463    0.685222683    0.683210276
   61.510585355    0.685284869    0.683289779
   61.538931246    0.685350691    0.683367110
   61.567277138    0.685404892    0.683442049
   61.595623030    0.685435869    0.683514434
   61.623968922    0.685439259    0.683584236
   61.652314814    0.685419238    0.683651588
   61.680660706    0.685387155    0.683716763
   61.709006598    0.685357939    0.683780108
   61.737352489    0.685345433    0.683841957
   61.765698381    0.685358089    0.683902546
   61.794044273    0.685396391    0.683961959
   61.822390165    0.685452761    0.684020122
   61.850736057    0.685513985    0.684076846
   61.879081949    0.685565358    0.684131904
   61.907427841    0.685595271    0.684185120
   61.935773733    0.685598797    0.684236435
   61.964119624    0.685579181    0.684285943
   61.992465516    0.685546773    0.684333871
   62.020811408    0.685515776    0.684380525
   62.049157300    0.685499804    0.684426202
   62.077503192    0.685507665    0.684471112
   62.105849084    0.685540656    0.684515329
   62.134194976    0.685592201    0.684558779
   62.162540867    0.685649941    0.684601274
   62.190886759    0.685699604    0.684642589
   62.219232651    0.685729442    0.684682538
   62.247578543    0.685733871    0.684721046
   62.275924435    0.685715174    0.684758177
   62.304270327    0.685682761    0.684794126
   62.332616219    0.685650217    0.684829164
   62.360962111    0.685631071    0.684863564
   62.389308002    0.685634598    0.684897521
   62.417653894    0.685662958    0.684931104
   62.445999786    0.685710546    0.684964240
   62.474345678    0.685765759    0.684996751
   62.502691570    0.685814617    0.685028414
   62.531037462    0.685845111    0.685059041
   62.559383354    0.685850927    0.685088543
   62.587729246    0.685833399    0.685116962
   62.616075137    0.685801079    0.685144468
   62.644421029    0.685767071    0.685171308
   62.672766921    0.685744954    0.685197733
   62.701112813    0.685744559    0.685223929
   62.729458705    0.685768921    0.685249964
   62.757804597    0.685813338    0.685275773
   62.786150489    0.685866838    0.685301186
   62.814496380    0.685915597    0.685325984
   62.842842272    0.685947235    0.685349979
   62.871188164    0.685954679    0.685373071
   62.899534056    0.685938360    0.685395286
   62.927879948    0.685906091    0.685416772
   62.956225840    0.685870633    0.685437755
   62.984571732    0.685845732    0.685458473
   63.012917624    0.685841829    0.685479105
   63.041263515    0.685862806    0.685499720
   63.069609407    0.685904763    0.685520263
   63.097955299    0.685957219    0.685540570
   63.126301191    0.686006378    0.685560433
   63.154647083    0.686039424    0.685579660
   63.182992975    0.686048530    0.685598144
   63.211338867    0.686033315    0.685615896
   63.239684758    0.686000983    0.685633046
   63.268030650    0.685964089    0.685649803
   63.296376542    0.685936631    0.685666395
   63.324722434    0.685929669    0.685682996
   63.353068326    0.685947861    0.685699681
   63.381414218    0.685987979    0.685716401
   63.409760110    0.686039901    0.685733004
   63.438106002    0.686089758    0.685749287
   63.466451893    0.686124270    0.685765059
   63.494797785    0.686134914    0.685780204
   63.523143677    0.686120613    0.685794722
   63.551489569    0.686088103    0.685808725
   63.579835461    0.686049844    0.685822410
   63.608181353    0.686020126    0.685835995
   63.636527245    0.686010594    0.685849654
   63.664873137    0.686026570    0.685863466
   63.693219028    0.686065365    0.685877392
   63.721564920    0.686117091    0.685891290
   63.749910812    0.686167748    0.685904960
   63.778256704    0.686203614    0.685918213
   63.806602596    0.686215566    0.685930926
   63.834948488    0.686201971    0.685943086
   63.863294380    0.686169222    0.685954793
   63.891640271    0.686129759    0.685966231
   63.919986163    0.686098163    0.685977611
   63.948332055    0.686086574    0.685989108
   63.976677947    0.686100849    0.686000807
   64.005023839    0.686138699    0.686012678
   64.033369731    0.686190383    0.686024587
   64.061715623    0.686241759    0.686036342
   64.090061515    0.686278735    0.686047750
   64.118407406    0.686291716    0.686058683
   64.146753298    0.686278650    0.686069117
   64.175099190    0.686245696    0.686079140
   64.203445082    0.686205297    0.686088926
   64.231790974    0.686172273    0.686098682
   64.260136866    0.686159135    0.686108583
   64.288482758    0.686172131    0.686118720
   64.316828649    0.686209259    0.686129073
   64.345174541    0.686260876    0.686139515
   64.373520433    0.686312739    0.686149859
   64.401866325    0.686350498    0.686159913
   64.430212217    0.686364234    0.686169540
   64.458558109    0.686351606    0.686178708
   64.486904001    0.686318598    0.686187493
   64.515249893    0.686277639    0.686196061
   64.543595784    0.686243679    0.686204616
   64.571941676    0.686229459    0.686213334
   64.600287568    0.686241477    0.686222313
   64.628633460    0.686277933    0.686231539
   64.656979352    0.686329292    0.686240897
   64.685325244    0.686381298    0.686250200
   64.713671136    0.686419487    0.686259256
   64.742017028    0.686433766    0.686267924
   64.770362919    0.686421601    0.686276160
   64.798708811    0.686388819    0.686284034
   64.827054703    0.686347758    0.686291703
   64.855400595    0.686313359    0.686299367
   64.883746487    0.686298437    0.686307206
   64.912092379    0.686309626    0.686315323
   64.940438271    0.686345294    0.686323713
   64.968784162    0.686396067    0.686332265
   64.997130054    0.686447810    0.686340798
   65.025475946    0.686486107    0.686349119
   65.053821838    0.686500818    0.686357081
   65.082167730    0.686489276    0.686364633
   65.110513622    0.686457113    0.686371835
   65.138859514    0.686416454    0.686378839
   65.167205406    0.686382073    0.686385842
   65.195551297    0.686366709    0.686393027
   65.223897189    0.686377056    0.686400501
   65.252243081    0.686411665    0.686408266
   65.280588973    0.686461431    0.686416219
   65.308934865    0.686512502    0.686424182
   65.337280757    0.686550663    0.686431959
   65.365626649    0.686565829    0.686439402
   65.393972540    0.686555205    0.686446451
   65.422318432    0.686524138    0.686453159
   65.450664324    0.686484387    0.686459673
   65.479010216    0.686450389    0.686466186
   65.507356108    0.686434695    0.686472883
   65.535702000    0.686444025    0.686479876
   65.564047892    0.686477185    0.686487175
   65.592393784    0.686525485    0.686494680
   65.620739675    0.686575523    0.686502218
   65.649085567    0.686613425    0.686509594
   65.677431459    0.686629213    0.686516655
   65.705777351    0.686619917    0.686523336
   65.734123243    0.686590462    0.686529681
   65.762469135    0.686552073    0.686535833
   65.790815027    0.686518699    0.686541984
   65.819160919    0.686502625    0.686548317
   65.847506810    0.686510621    0.686554950
   65.875852702    0.686541867    0.686561897
   65.904198594    0.686588259    0.686569065
   65.932544486    0.686637005    0.686576286
   65.960890378    0.686674670    0.686583365
   65.989236270    0.686691383    0.686590145
   66.017582162    0.686683899    0.686596557
   66.045928053    0.686656563    0.686602639
   66.074273945    0.686619889    0.686608527
   66.102619837    0.686587224    0.686614410
   66.130965729    0.686570562    0.686620471
   66.159311621    0.686576804    0.686626832
   66.187657513    0.686605653    0.686633513
   66.216003405    0.686649766    0.686640427
   66.244349297    0.686697098    0.686647409
   66.272695188    0.686734699    0.686654267
   66.301041080    0.686752750    0.686660842
   66.329386972    0.686747592    0.686667060
   66.357732864    0.686722812    0.686672952
   66.386078756    0.686688068    0.686678649
   66.414424648    0.686656034    0.686684335
   66.442770540    0.686638443    0.686690194
   66.471116431    0.686642453    0.686696348
   66.499462323    0.686668464    0.686702825
   66.527808215    0.686710049    0.686709543
   66.556154107    0.686756003    0.686716344
   66.584499999    0.686793852    0.686723037
   66.612845891    0.686813722    0.686729463
   66.641191783    0.686811372    0.686735543
   66.669537675    0.686789469    0.686741303
   66.697883566    0.686756703    0.686746864
   66.726229458    0.686725064    0.686752406
   66.754575350    0.686706112    0.686758113
   66.782921242    0.686707417    0.686764109
   66.811267134    0.686730243    0.686770426
   66.839613026    0.686769209    0.686776992
   66.867958918    0.686813981    0.686783653
   66.896304810    0.686852493    0.686790224
   66.924650701    0.686874672    0.686796543
   66.952996593    0.686875528    0.686802528
   66.981342485    0.686856666    0.686808197
   67.009688377    0.686825756    0.686813664
   67.038034269    0.686794149    0.686819103
   67.066380161    0.686773365    0.686824695
   67.094726053    0.686771554    0.686830567
   67.123071944    0.686790995    0.686836757
   67.151417836    0.686827421    0.686843202
   67.179763728    0.686871345    0.686849754
   67.208109620    0.686910993    0.686856233
   67.236455512    0.686935924    0.686862478
   67.264801404    0.686940244    0.686868401
   67.293147296    0.686924407    0.686874012
   67.321493188    0.686895073    0.686879416
   67.349839079    0.686863054    0.686884782
   67.378184971    0.686839991    0.686890285
   67.406530863    0.686834775    0.686896058
   67.434876755    0.686850804    0.686902145
   67.463222647    0.686884938    0.686908490
   67.491568539    0.686928448    0.686914957
   67.519914431    0.686969698    0.686921368
   67.548260322    0.686997717    0.686927564
   67.576606214    0.687005585    0.686933450
   67.604952106    0.686992579    0.686939028
   67.633297998    0.686964416    0.686944393
   67.661643890    0.686931517    0.686949706
   67.689989782    0.686905815    0.686955141
   67.718335674    0.686897069    0.686960831
   67.746681566    0.686909846    0.686966830
   67.775027457    0.686942076    0.686973092
   67.803373349    0.686985651    0.686979490
   67.831719241    0.687028903    0.686985853
   67.860065133    0.687060187    0.686992019
   67.888411025    0.687071494    0.686997888
   67.916756917    0.687060962    0.687003452
   67.945102809    0.687033494    0.687008796
   67.973448701    0.686999292    0.687014071
   68.001794592    0.686970730    0.687019449
   68.030140484    0.686958524    0.687025068
   68.058486376    0.686968383    0.687030991
   68.086832268    0.686999191    0.687037182
   68.115178160    0.687043292    0.687043525
   68.143524052    0.687088817    0.687049854
   68.171869944    0.687123351    0.687056006
   68.200215835    0.687137800    0.687061874
   68.228561727    0.687129265    0.687067438
   68.256907619    0.687102006    0.687072772
   68.285253511    0.687066183    0.687078019
   68.313599403    0.687034728    0.687083349
   68.341945295    0.687019328    0.687088906
   68.370291187    0.687026746    0.687094760
   68.398637079    0.687056650    0.687100891
   68.426982970    0.687101650    0.687107189
   68.455328862    0.687149545    0.687113496
   68.483674754    0.687187108    0.687119646
   68.512020646    0.687204235    0.687125525
   68.540366538    0.687197157    0.687131099
   68.568712430    0.687169683    0.687136431
   68.597058322    0.687132082    0.687141657
   68.625404213    0.687097909    0.687146944
   68.653750105    0.687079763    0.687152443
   68.682095997    0.687085303    0.687158236
   68.710441889    0.687114786    0.687164313
   68.738787781    0.687160913    0.687170577
   68.767133673    0.687211064    0.687176872
   68.795479565    0.687251238    0.687183030
   68.823825457    0.687270467    0.687188927
   68.852171348    0.687264311    0.687194518
   68.880517240    0.687236323    0.687199853
   68.908863132    0.687196993    0.687205060
   68.937209024    0.687160483    0.687210309
   68.965554916    0.687140177    0.687215754
   68.993900808    0.687144427    0.687221490
   69.022246700    0.687173867    0.687227521
   69.050592592    0.687221154    0.687233759
   69.078938483    0.687273232    0.687240051
   69.107284375    0.687315437    0.687246225
   69.135630267    0.687336138    0.687252146
   69.163976159    0.687330449    0.687257757
   69.192322051    0.687301829    0.687263096
   69.220667943    0.687261036    0.687268286
   69.249013835    0.687222754    0.687273497
   69.277359726    0.687200955    0.687278892
   69.305705618    0.687204449    0.687284578
   69.334051510    0.687234060    0.687290570
   69.362397402    0.687282317    0.687296789
   69.390743294    0.687335792    0.687303084
   69.419089186    0.687379340    0.687309278
   69.447435078    0.687400906    0.687315226
   69.475780970    0.687395374    0.687320858
   69.504126861    0.687366223    0.687326202
   69.532472753    0.687324448    0.687331375
   69.560818645    0.687285093    0.687336551
   69.589164537    0.687262474    0.687341900
   69.617510429    0.687265624    0.687347541
   69.645856321    0.687295406    0.687353501
   69.674202213    0.687344220    0.687359707
   69.702548104    0.687398403    0.687366010
   69.730893996    0.687442568    0.687372227
   69.759239888    0.687464490    0.687378202
   69.787585780    0.687459006    0.687383854
   69.815931672    0.687429655    0.687389201
   69.844277564    0.687387562    0.687394357
   69.872623456    0.687347899    0.687399499
   69.900969348    0.687325061    0.687404806
   69.929315239    0.687328091    0.687410409
   69.957661131    0.687357811    0.687416343
   69.986007023    0.687406567    0.687422544
   70.014352915    0.687460673    0.687428858
   70.042698807    0.687504771    0.687435099
   70.071044699    0.687526711    0.687441099
   70.099390591    0.687521399    0.687446767
   70.127736483    0.687492399    0.687452114
   70.156082374    0.687450775    0.687457254
   70.184428266    0.687411556    0.687462365
   70.212774158    0.687388953    0.687467636
   70.241120050    0.687391860    0.687473207
   70.269465942    0.687421052    0.687479123
   70.297811834    0.687468981    0.687485321
   70.326157726    0.687522206    0.687491649
   70.354503617    0.687565677    0.687497911
   70.382849509    0.687587514    0.687503932
   70.411195401    0.687582741    0.687509611
   70.439541293    0.687554820    0.687514957
   70.467887185    0.687514504    0.687520080
   70.496233077    0.687476386    0.687525164
   70.524578969    0.687454264    0.687530406
   70.552924861    0.687456792    0.687535953
   70.581270752    0.687484789    0.687541858
   70.609616644    0.687531042    0.687548057
   70.637962536    0.687582647    0.687554397
   70.666308428    0.687625125    0.687560676
   70.694654320    0.687646992    0.687566712
   70.723000212    0.687643346    0.687572399
   70.751346104    0.687617347    0.687577739
   70.779691995    0.687579141    0.687582847
   70.808037887    0.687542606    0.687587910
   70.836383779    0.687520959    0.687593132
   70.864729671    0.687522615    0.687598664
   70.893075563    0.687548605    0.687604563
   70.921421455    0.687592333    0.687610766
   70.949767347    0.687641732    0.687617115
   70.978113239    0.687683095    0.687623405
   71.006459130    0.687705380    0.687629448
   71.034805022    0.687703626    0.687635134
   71.063150914    0.687680420    0.687640467
   71.091496806    0.687645002    0.687645562
   71.119842698    0.687610297    0.687650612
   71.148188590    0.687588853    0.687655823
   71.176534482    0.687588941    0.687661351
   71.204880374    0.687612045    0.687667251
   71.233226265    0.687652497    0.687673459
   71.261572157    0.687699324    0.687679813
   71.289918049    0.687739723    0.687686104
   71.318263941    0.687763042    0.687692143
   71.346609833    0.687764043    0.687697820
   71.374955725    0.687744443    0.687703142
   71.403301617    0.687712287    0.687708229
   71.431647508    0.687679384    0.687713276
   71.459993400    0.687657620    0.687718490
   71.488339292    0.687655305    0.687724026
   71.516685184    0.687674672    0.687729936
   71.545031076    0.687711274    0.687736149
   71.573376968    0.687755439    0.687742500
   71.601722860    0.687795297    0.687748779
   71.630068752    0.687820437    0.687754797
   71.658414643    0.687825070    0.687760452
   71.686760535    0.687809733    0.687765758
   71.715106427    0.687781047    0.687770842
   71.743452319    0.687749630    0.687775900
   71.771798211    0.687726817    0.687781139
   71.800144103    0.687721215    0.687786706
   71.828489995    0.687736115    0.687792640
   71.856835886    0.687768551    0.687798862
   71.885181778    0.687810261    0.687805198
   71.913527670    0.687850235    0.687811438
   71.941873562    0.687878076    0.687817404
   71.970219454    0.687887130    0.687823008
   71.998565346    0.687876477    0.687828283
   72.026911238    0.687851164    0.687833368
   72.055257130    0.687820650    0.687838468
   72.083603021    0.687795929    0.687843780
   72.111948913    0.687786204    0.687849432
   72.140294805    0.687796121    0.687855433
   72.168640697    0.687824378    0.687861677
   72.196986589    0.687864129    0.687867969
   72.225332481    0.687905053    0.687874100
   72.253678373    0.687936466    0.687879913
   72.282024265    0.687950546    0.687885365
   72.310370156    0.687944696    0.687890544
   72.338716048    0.687922348    0.687895643
   72.367061940    0.687891946    0.687900894
   72.395407832    0.687864417    0.687906484
   72.423753724    0.687849883    0.687912475
   72.452099616    0.687854590    0.687918767
   72.480445508    0.687878982    0.687925111
   72.508791399    0.687917522    0.687931184
   72.537137291    0.687960311    0.687936705
   72.565483183    0.687996058    0.687941567
   72.593829075    0.688015497    0.687945954
   72.622174967    0.688014237    0.687950400
   72.650520859    0.687994162    0.687955781
   72.678866751    0.687962945    0.687963240
   72.707212643    0.687931776    0.687974045
   72.735558534    0.687911993    0.687989436
   72.763904426    0.687911600    0.688010477
   72.792250318    0.687932755    0.688037957
   72.820596210    0.687971010    0.688072355
   72.848942102    0.688016562    0.688113869
   72.877287994    0.688057193    0.688162499
   72.905633886    0.688081992    0.688218152
   72.933979777    0.688084766    0.688280740
   72.962325669    0.688066048    0.688350249
   72.990671561    0.688033057    0.688426757
   73.019017453    0.687997591    0.688510413
   73.047363345    0.687972438    0.688601377
   73.075709237    0.687967414    0.688699768
   73.104055129    0.687986229    0.688805611
   73.132401021    0.688025210    0.688918828
   73.160746912    0.688074295    0.689039260
   73.189092804    0.688120056    0.689166718
   73.217438696    0.688149847    0.689301043
   73.245784588    0.688155794    0.689442161
   73.274130480    0.688137375    0.689590104
   73.302476372    0.688101732    0.689745003
   73.330822264    0.688061582    0.689907047
   73.359168156    0.688031311    0.690076420
   73.387514047    0.688022465    0.690253245
   73.415859939    0.688040031    0.690437546
   73.444205831    0.688080727    0.690629239
   73.472551723    0.688133879    0.690828157
   73.500897615    0.688184654    0.691034108
   73.529243507    0.688218700    0.691246930
   73.557589399    0.688226712    0.691466545
   73.585935290    0.688207498    0.691692979
   73.614281182    0.688168511    0.691926360
   73.642627074    0.688123638    0.692166871
   73.670972966    0.688088891    0.692414697
   73.699318858    0.688077329    0.692669965
   73.727664750    0.688094835    0.692932705
   73.756010642    0.688138102    0.693202844
   73.784356534    0.688195533    0.693480225
   73.812702425    0.688250807    0.693764657
   73.841048317    0.688288030    0.694055978
   73.869394209    0.688296836    0.694354100
   73.897740101    0.688275807    0.694659040
   73.926085993    0.688233068    0.694970912
   73.954431885    0.688183833    0.695289892
   73.982777777    0.688145625    0.695616165
   74.011123668    0.688132677    0.695949865
   74.039469560    0.688151305    0.696291036
   74.067815452    0.688197763    0.696639617
   74.096161344    0.688259304    0.696995461
   74.124507236    0.688318160    0.697358382
   74.152853128    0.688357201    0.697728211
   74.181199020    0.688365466    0.698104849
   74.209544912    0.688341775    0.698488298
   74.237890803    0.688295231    0.698878659
   74.266236695    0.688242408    0.699276101
   74.294582587    0.688202089    0.699680812
   74.322928479    0.688189223    0.700092937
   74.351274371    0.688210056    0.700512534
   74.379620263    0.688260015    0.700939559
   74.407966155    0.688325082    0.701373873
   74.436312047    0.688386225    0.701815292
   74.464657938    0.688425513    0.702263638
   74.493003830    0.688431922    0.702718796
   74.521349722    0.688404971    0.703180752
   74.549695614    0.688354960    0.703649594
   74.578041506    0.688299728    0.704125489
   74.606387398    0.688258931    0.704608629
   74.634733290    0.688247685    0.705099174
   74.663079181    0.688271634    0.705597200
   74.691425073    0.688325059    0.706102676
   74.719770965    0.688392658    0.706615471
   74.748116857    0.688454455    0.707135397
   74.776462749    0.688492255    0.707662264
   74.804808641    0.688495561    0.708195942
   74.833154533    0.688465022    0.708736398
   74.861500425    0.688412269    0.709283711
   74.889846316    0.688356187    0.709838049
   74.918192208    0.688316799    0.710399612
   74.946538100    0.688308762    0.710968577
   74.974883992    0.688336581    0.711545038
   75.003229884    0.688393114    0.712128975
   75.031575776    0.688461867    0.712720262
   75.059921668    0.688522347    0.713318703
   75.088267559    0.688556736    0.713924094
   75.116613451    0.688555698    0.714536285
   75.144959343    0.688521442    0.715155229
   75.173305235    0.688467008    0.715781001
   75.201651127    0.688412018    0.716413770
   75.229997019    0.688376261    0.717053753
   75.258342911    0.688373223    0.717701144
   75.286688803    0.688405674    0.718356051
   75.315034694    0.688464762    0.719018465
   75.343380586    0.688532920    0.719688258
   75.371726478    0.688589646    0.720365220
   75.400072370    0.688618233    0.721049131
   75.428418262    0.688611272    0.721739822
   75.456764154    0.688573075    0.722437238
   75.485110046    0.688518246    0.723141451
   75.513455938    0.688466842    0.723852642
   75.541801829    0.688437728    0.724571046
   75.570147721    0.688442323    0.725296874
   75.598493613    0.688480810    0.726030248
   75.626839505    0.688542075    0.726771160
   75.655185397    0.688607416    0.727519473
   75.683531289    0.688656800    0.728274961
   75.711877181    0.688675586    0.729037381
   75.740223072    0.688659478    0.729806551
   75.768568964    0.688616013    0.730582411
   75.796914856    0.688562067    0.731365042
   75.825260748    0.688518161    0.732154646
   75.853606640    0.688501464    0.732951476
   75.881952532    0.688519826    0.733755765
   75.910298424    0.688568928    0.734567639
   75.938644316    0.688633547    0.735387083
   75.966990207    0.688692657    0.736213938
   75.995336099    0.688726699    0.737047951
   76.023681991    0.688724610    0.737888857
   76.052027883    0.688688169    0.738736465
   76.080373775    0.688632024    0.739590722
   76.108719667    0.688579152    0.740451735
   76.137065559    0.688553020    0.741319736
   76.165411450    0.688568914    0.742195012
   76.193757342    0.688627345    0.743077809
   76.222103234    0.688711979    0.743968250
   76.250449126    0.688793258    0.744866289
   76.278795018    0.688837198    0.745771724
   76.307140910    0.688817180    0.746684258
   76.335486802    0.688725508    0.747603596
   76.363832694    0.688581342    0.748529549
   76.392178585    0.688432442    0.749462096
   76.420524477    0.688349766    0.750401403
   76.448870369    0.688415870    0.751347773
   76.477216261    0.688709756    0.752301547
   76.505562153    0.689291808    0.753262987
   76.533908045    0.690192444    0.754232182
   76.562253937    0.691407175    0.755209003
   76.590599829    0.692899053    0.756193134
   76.618945720    0.694607654    0.757184167
   76.647291612    0.696462096    0.758181743
   76.675637504    0.698394782    0.759185684
   76.703983396    0.700352560    0.760196084
   76.732329288    0.702302951    0.761213314
   76.760675180    0.704234562    0.762237926
   76.789021072    0.706152379    0.763270489
   76.817366963    0.708069957    0.764311377
   76.845712855    0.710001070    0.765360584
   76.874058747    0.711953269    0.766417599
   76.902404639    0.713924928    0.767481399
   76.930750531    0.715906158    0.768550555
   76.959096423    0.717882760    0.769623429
   76.987442315    0.719841553    0.770698424
   77.015788207    0.721775135    0.771774216
   77.044134098    0.723684497    0.772849916
   77.072479990    0.725578710    0.773925125
   77.100825882    0.727471906    0.774999873
   77.129171774    0.729378640    0.776074476
   77.157517666    0.731309176    0.777149337
   77.185863558    0.733266222    0.778224770
   77.214209450    0.735244125    0.779300881
   77.242555341    0.737230707    0.780377532
   77.270901233    0.739211139    0.781454403
   77.299247125    0.741172580    0.782531105
   77.327593017    0.743108144    0.783607316
   77.355938909    0.745018976    0.784682888
   77.384284801    0.746913829    0.785757892
   77.412630693    0.748806315    0.786832589
   77.440976585    0.750710696    0.787907337
   77.469322476    0.752637526    0.788982470
   77.497668368    0.754590449    0.790058191
   77.526014260    0.756565134    0.791134501
   77.554360152    0.758550627    0.792211207
   77.582706044    0.760532706    0.793287988
   77.611051936    0.762498205    0.794364500
   77.639397828    0.764439006    0.795440495
   77.667743720    0.766354498    0.796515894
   77.696089611    0.768251768    0.797590817
   77.724435503    0.770143465    0.798665539
   77.752781395    0.772043982    0.799740398
   77.781127287    0.773965102    0.800815685
   77.809473179    0.775912405    0.801891546
   77.837819071    0.777883533    0.802967942
   77.866164963    0.779868842    0.804044656
   77.894510854    0.781854267    0.805121373
   77.922856746    0.783825562    0.806197775
   77.951202638    0.785772638    0.807273652
   77.979548530    0.787692700    0.808348966
   78.007894422    0.789591200    0.809423859
   78.036240314    0.791480293    0.810498613
   78.064586206    0.793375213    0.811573549
   78.092932098    0.795289645    0.812648929
   78.121277989    0.797231489    0.813724868
   78.149623881    0.799200309    0.814801301
   78.177969773    0.801187311    0.815878001
   78.206315665    0.803177893    0.816954660
   78.234661557    0.805156051    0.818030983
   78.263007449    0.807109323    0.819106787
   78.291353341    0.809032743    0.820182056
   78.319699232    0.810930560    0.821256949
   78.348045124    0.812815124    0.822331743
   78.376391016    0.814703214    0.823406745
   78.404736908    0.816610879    0.824482192
   78.433082800    0.818548383    0.825558175
   78.461428692    0.820516828    0.826634615
   78.489774584    0.822507584    0.827711283
   78.518120476    0.824504771    0.828787883
   78.546466367    0.826490093    0.829864140
   78.574812259    0.828448581    0.830939895
   78.603158151    0.830373424    0.832015148
   78.631504043    0.832268340    0.833090063
   78.659849935    0.834146666    0.834164908
   78.688195827    0.836027346    0.835239971
   78.716541719    0.837929029    0.836315468
   78.744887611    0.839864099    0.837391473
   78.773233502    0.841834550    0.838467897
   78.801579394    0.843831081    0.839544517
   78.829925286    0.845835803    0.840621053
   78.858271178    0.847827769    0.841697252
   78.886617070    0.849789641    0.842772975
   78.914962962    0.851713368    0.843848233
   78.943308854    0.853603012    0.844923188
   78.971654745    0.855473735    0.845998095
   79.000000637    0.857347164    0.847073220
   79.028346529    0.859244548    0.848148758
   79.056692421    0.861179855    0.849224766
   79.085038313    0.863155072    0.850301155
   79.113384205    0.865159269    0.851377712
   79.141730097    0.867171852    0.852454177
   79.170075989    0.869169043    0.853530322
   79.198421880    0.871131555    0.854606024
   79.226767772    0.873050993    0.855681304
   79.255113664    0.874932841    0.856756316
   79.283459556    0.876794990    0.857831297
   79.311805448    0.878662161    0.858906489
   79.340151340    0.880557954    0.859982063
   79.368497232    0.882497080    0.861058064
   79.396843123    0.884480335    0.862134401
   79.425189015    0.886494019    0.863210879
   79.453534907    0.888514131    0.864287261
   79.481880799    0.890514052    0.865363345
   79.510226691    0.892473267    0.866439029
   79.538572583    0.894384283    0.867514342
   79.566918475    0.896255399    0.868589428
   79.595264367    0.898108310    0.869664504
   79.623610258    0.899971208    0.870739781
   79.651956150    0.901869569    0.871815403
   79.680302042    0.903817608    0.872891398
   79.708647934    0.905813287    0.873967672
   79.736993826    0.907838611    0.875044044
   79.765339718    0.909865259    0.876120306
   79.793685610    0.911863820    0.877196290
   79.822031502    0.913813631    0.878271928
   79.850377393    0.915709947    0.879347269
   79.878723285    0.917565957    0.880422459
   79.907069177    0.919408821    0.881497692
   79.935415069    0.921270879    0.882573142
   79.963760961    0.923178839    0.883648900
   79.992106853    0.925144528    0.884724942
   80.020452745    0.927160385    0.885801139
   80.048798636    0.929201388    0.886877300
   80.077144528    0.931233004    0.887953249
   80.105490420    0.933222692    0.889028893
   80.133836312    0.935151194    0.890104275
   80.162182204    0.937019766    0.891179569
   80.190528096    0.938850693    0.892255035
   80.218873988    0.940680581    0.893330917
   80.247219880    0.942548349    0.894407324
   80.275565771    0.944481733    0.895484118
   80.303911663    0.946486822    0.896560839
   80.332257555    0.948544406    0.897636690
   80.360603447    0.950614838    0.898710594
   80.388949339    0.952650391    0.899781305
   80.417295231    0.954611471    0.900847562
   80.445641123    0.956481551    0.901908236
   80.473987014    0.958275670    0.902962450
   80.502332906    0.960039037    0.904009641
   80.530678798    0.961835202    0.905049555
   80.559024690    0.963726465    0.906082189
   80.587370582    0.965751872    0.907107680
   80.615716474    0.967909222    0.908126202
   80.644062366    0.970146809    0.909137868
   80.672408258    0.972368053    0.910142681
   80.700754149    0.974448667    0.911140532
   80.729100041    0.976262366    0.912131238
   80.757445933    0.977708600    0.913114608
   80.785791825    0.978735047    0.914090511
   80.814137717    0.979348892    0.915058924
   80.842483609    0.979613981    0.916019935
   80.870829501    0.979634733    0.916973724
   80.899175393    0.979531285    0.917920499
   80.927521284    0.979412616    0.918860435
   80.955867176    0.979354699    0.919793618
   80.984213068    0.979389067    0.920720012
   81.012558960    0.979504046    0.921639475
   81.040904852    0.979657273    0.922551802
   81.069250744    0.979795005    0.923456783
   81.097596636    0.979872131    0.924354274
   81.125942527    0.979866984    0.925244241
   81.154288419    0.979787059    0.926126769
   81.182634311    0.979664675    0.927002040
   81.210980203    0.979544804    0.927870273
   81.239326095    0.979469491    0.928731663
   81.267671987    0.979464107    0.929586313
   81.296017879    0.979529743    0.930434209
   81.324363771    0.979643909    0.931275214
   81.352709662    0.979768890    0.932109119
   81.381055554    0.979864726    0.932935700
   81.409401446    0.979902408    0.933754789
   81.437747338    0.979873014    0.934566328
   81.466093230    0.979789963    0.935370388
   81.494439122    0.979683920    0.936167147
   81.522785014    0.979592240    0.936956839
   81.551130905    0.979546564    0.937739678
   81.579476797    0.979562652    0.938515793
   81.607822689    0.979635669    0.939285190
   81.636168581    0.979742304    0.940047742
   81.664514473    0.979848831    0.940803231
   81.692860365    0.979922339    0.941551414
   81.721206257    0.979941410    0.942292098
   81.749552149    0.979902797    0.943025203
   81.777898040    0.979822055    0.943750786
   81.806243932    0.979728070    0.944469026
   81.834589824    0.979653404    0.945180171
   81.862935716    0.979623683    0.945884460
   81.891281608    0.979649471    0.946582048
   81.919627500    0.979723191    0.947272956
   81.947973392    0.979821961    0.947957063
   81.976319284    0.979915299    0.948634140
   82.004665175    0.979975092    0.949303924
   82.033011067    0.979984583    0.949966196
   82.061356959    0.979943512    0.950620855
   82.089702851    0.979867840    0.951267949
   82.118048743    0.979784290    0.951907662
   82.146394635    0.979721557    0.952540260
   82.174740527    0.979701092    0.953166006
   82.203086418    0.979730403    0.953785077
   82.231432310    0.979800967    0.954397508
   82.259778202    0.979891292    0.955003177
   82.288124094    0.979974047    0.955601843
   82.316469986    0.980024887    0.956193219
   82.344815878    0.980030115    0.956777066
   82.373161770    0.979990796    0.957353264
   82.401507662    0.979922085    0.957921857
   82.429853553    0.979848107    0.958483039
   82.458199445    0.979794128    0.959037094
   82.486545337    0.979778543    0.959584308
   82.514891229    0.979807236    0.960124875
   82.543237121    0.979872017    0.960658840
   82.571583013    0.979953530    0.961186075
   82.599928905    0.980027599    0.961706324
   82.628274796    0.980072934    0.962219280
   82.656620688    0.980077735    0.962724684
   82.684966580    0.980043152    0.963222405
   82.713312472    0.979982619    0.963712487
   82.741658364    0.979917350    0.964195137
   82.770004256    0.979869542    0.964670657
   82.798350148    0.979855440    0.965139351
   82.826696040    0.979880429    0.965601429
   82.855041931    0.979937641    0.966056936
   82.883387823    0.980010386    0.966505737
   82.911733715    0.980077563    0.966947559
   82.940079607    0.980120290    0.967382076
   82.968425499    0.980127676    0.967809014
   82.996771391    0.980099969    0.968228238
   83.025117283    0.980048204    0.968639800
   83.053463175    0.979990546    0.969043918
   83.081809066    0.979946539    0.969440914
   83.110154958    0.979931096    0.969831106
   83.138500850    0.979950056    0.970214709
   83.166846742    0.979998627    0.970591766
   83.195192634    0.980063101    0.970962128
   83.223538526    0.980125239    0.971325505
   83.251884418    0.980167912    0.971681555
   83.280230309    0.980180263    0.972029999
   83.308576201    0.980160850    0.972370703
   83.336922093    0.980117867    0.972703731
   83.365267985    0.980066458    0.973029320
   83.393613877    0.980024014    0.973347805
   83.421959769    0.980004893    0.973659515
   83.450305661    0.980016174    0.973964662
   83.478651553    0.980055674    0.974263276
   83.506997444    0.980112783    0.974555189
   83.535343336    0.980171780    0.974840093
   83.563689228    0.980216620    0.975117638
   83.592035120    0.980235724    0.975387543
   83.620381012    0.980225364    0.975649690
   83.648726904    0.980190662    0.975904164
   83.677072796    0.980143949    0.976151223
   83.705418687    0.980101014    0.976391217
   83.733764579    0.980076371    0.976624475
   83.762110471    0.980078959    0.976851195
   83.790456363    0.980109533    0.977071378
   83.818802255    0.980160496    0.977284829
   83.847148147    0.980218204    0.977491217
   83.875494039    0.980267047    0.977690188
   83.903839931    0.980294097    0.977881474
   83.932185822    0.980292948    0.978064992
   83.960531714    0.980265622    0.978240866
   83.988877606    0.980221973    0.978409391
   84.017223498    0.980176765    0.978570933
   84.045569390    0.980145285    0.978725810
   84.073915282    0.980138773    0.978874178
   84.102261174    0.980161037    0.979015980
   84.130607066    0.980207259    0.979150961
   84.158952957    0.980265368    0.979278748
   84.187298849    0.980319598    0.979398980
   84.215644741    0.980355202    0.979511436
   84.243990633    0.980362904    0.979616117
   84.272336525    0.980341772    0.979713254
   84.300682417    0.980299609    0.979803239
   84.329028309    0.980250714    0.979886490
   84.357374200    0.980211630    0.979963297
   84.385720092    0.980196152    0.980033698
   84.414065984    0.980211076    0.980097436
   84.442411876    0.980254005    0.980154017
   84.470757768    0.980313926    0.980202857
   84.499103660    0.980374429    0.980243497
   84.527449552    0.980418645    0.980275821
   84.555795444    0.980434426    0.980300209
   84.584141335    0.980418170    0.980317587
   84.612487227    0.980376105    0.980329352
   84.640833119    0.980322546    0.980337184
   84.669179011    0.980275631    0.980342778
   84.697524903    0.980251774    0.980347589
   84.725870795    0.980260537    0.980352627
   84.754216687    0.980301522    0.980358365
   84.782562578    0.980364295    0.980364774
   84.810908470    0.980431439    0.980371473
   84.839254362    0.980483845    0.980377938
   84.867600254    0.980506652    0.980383719
   84.895946146    0.980493972    0.980388601
   84.924292038    0.980450913    0.980392666
   84.952637930    0.980392195    0.980396257
   84.980983822    0.980337715    0.980399852
   85.009329713    0.980306401    0.980403903
