    0.000000000    0.979223206    0.979241112
    0.028345892    0.979263042    0.979247232
    0.056691784    0.979300520    0.979253488
    0.085037676    0.979325879    0.979259576
    0.113383567    0.979332837    0.979265249
    0.141729459    0.979320599    0.979270399
    0.170075351    0.979294239    0.979275092
    0.198421243    0.979263295    0.979279542
    0.226767135    0.979238945    0.979284036
    0.255113027    0.979230608    0.979288838
    0.283458919    0.979242978    0.979294101
    0.311804811    0.979274443    0.979299815
    0.340150702    0.979317419    0.979305814
    0.368496594    0.979360547    0.979311831
    0.396842486    0.979392141    0.979317590
    0.425188378    0.979403825    0.979322891
    0.453534270    0.979393248    0.979327681
    0.481880162    0.979364977    0.979332063
    0.510226054    0.979329243    0.979336268
    0.538571946    0.979298872    0.979340572
    0.566917837    0.979285307    0.979345207
    0.595263729    0.979294967    0.979350285
    0.623609621    0.979327092    0.979355764
    0.651955513    0.979373811    0.979361458
    0.680301405    0.979422456    0.979367101
    0.708647297    0.979459466    0.979372432
    0.736993189    0.979474667    0.979377280
    0.765339080    0.979464578    0.979381617
    0.793684972    0.979433671    0.979385565
    0.822030864    0.979393124    0.979389357
    0.850376756    0.979357407    0.979393258
    0.878722648    0.979339746    0.979397478
    0.907068540    0.979347880    0.979402108
    0.935414432    0.979381486    0.979407086
    0.963760324    0.979432113    0.979412219
    0.992106215    0.979485730    0.979417245
    1.020452107    0.979527097    0.979421918
    1.048797999    0.979544615    0.979426081
    1.077143891    0.979534097    0.979429719
    1.105489783    0.979500239    0.979432960
    1.133835675    0.979455269    0.979436031
    1.162181567    0.979415163    0.979439185
    1.190527458    0.979394586    0.979442615
    1.218873350    0.979402182    0.979446399
    1.247219242    0.979437710    0.979450464
    1.275565134    0.979491991    0.979454619
    1.303911026    0.979549718    0.979458607
    1.332256918    0.979594276    0.979462191
    1.360602810    0.979613048    0.979465222
    1.388948702    0.979601513    0.979467688
    1.417294593    0.979564792    0.979469713
    1.445640485    0.979516130    0.979471514
    1.473986377    0.979472742    0.979473330
    1.502332269    0.979450343    0.979475341
    1.530678161    0.979458091    0.979477615
    1.559024053    0.979495585    0.979480077
    1.587369945    0.979552898    0.979482538
    1.615715837    0.979613662    0.979484747
    1.644061728    0.979660262    0.979486470
    1.672407620    0.979679461    0.979487560
    1.700753512    0.979666686    0.979488001
    1.729099404    0.979627556    0.979487903
    1.757445296    0.979576166    0.979487469
    1.785791188    0.979530628    0.979486922
    1.814137080    0.979507301    0.979486433
    1.842482971    0.979515542    0.979486060
    1.870828863    0.979554665    0.979485731
    1.899174755    0.979614107    0.979485255
    1.927520647    0.979676753    0.979484384
    1.955866539    0.979724380    0.979482885
    1.984212431    0.979743481    0.979480600
    2.012558323    0.979729604    0.979477499
    2.040904215    0.979688809    0.979473675
    2.069250106    0.979635769    0.979469309
    2.097595998    0.979589108    0.979464607
    2.125941890    0.979565465    0.979459728
    2.154287782    0.979574170    0.979454723
    2.182633674    0.979614259    0.979449515
    2.210979566    0.979674754    0.979443913
    2.239325458    0.979738156    0.979437663
    2.267671349    0.979786018    0.979430518
    2.296017241    0.979804822    0.979422302
    2.324363133    0.979790292    0.979412960
    2.352709025    0.979748755    0.979402557
    2.381054917    0.979695126    0.979391247
    2.409400809    0.979648156    0.979379215
    2.437746701    0.979624464    0.979366602
    2.466092593    0.979633250    0.979353447
    2.494438484    0.979673384    0.979339664
    2.522784376    0.979733780    0.979325046
    2.551130268    0.979796935    0.979309320
    2.579476160    0.979844502    0.979292209
    2.607822052    0.979863111    0.979273503
    2.636167944    0.979848598    0.979253105
    2.664513836    0.979807295    0.979231038
    2.692859728    0.979753995    0.979207421
    2.721205619    0.979707228    0.979182405
    2.749551511    0.979683390    0.979156103
    2.777897403    0.979691559    0.979128530
    2.806243295    0.979730656    0.979099569
    2.834589187    0.979789830    0.979068977
    2.862935079    0.979851929    0.979036433
    2.891280971    0.979898949    0.979001604
    2.919626862    0.979917711    0.978964214
    2.947972754    0.979904001    0.978924099
    2.976318646    0.979863840    0.978881219
    3.004664538    0.979811536    0.978835634
    3.033010430    0.979765131    0.978787443
    3.061356322    0.979740698    0.978736709
    3.089702214    0.979747306    0.978683391
    3.118048106    0.979784205    0.978627308
    3.146393997    0.979841131    0.978568138
    3.174739889    0.979901578    0.978505462
    3.203085781    0.979948024    0.978438837
    3.231431673    0.979967423    0.978367874
    3.259777565    0.979955265    0.978292295
    3.288123457    0.979916927    0.978211956
    3.316469349    0.979865922    0.978126823
    3.344815240    0.979819619    0.978036906
    3.373161132    0.979793784    0.977942176
    3.401507024    0.979797671    0.977842485
    3.429852916    0.979831175    0.977737518
    3.458198808    0.979884929    0.977626788
    3.486544700    0.979943289    0.977509683
    3.514890592    0.979989249    0.977385551
    3.543236484    0.980009740    0.977253788
    3.571582375    0.979999674    0.977113916
    3.599928267    0.979963465    0.976965614
    3.628274159    0.979913596    0.976808691
    3.656620051    0.979866686    0.976643010
    3.684965943    0.979838302    0.976468382
    3.713311835    0.979838134    0.976284458
    3.741657727    0.979867028    0.976090656
    3.770003619    0.979916771    0.975886152
    3.798349510    0.979972687    0.975669929
    3.826695402    0.980018219    0.975440891
    3.855041294    0.980040055    0.975197996
    3.883387186    0.980032231    0.974940373
    3.911733078    0.979997935    0.974667385
    3.940078970    0.979948474    0.974378606
    3.968424862    0.979899741    0.974073709
    3.996770753    0.979867287    0.973752279
    4.025116645    0.979861514    0.973413593
    4.053462537    0.979884483    0.973056428
    4.081808429    0.979929299    0.972678925
    4.110154321    0.979982263    0.972278573
    4.138500213    0.980027110    0.971852307
    4.166846105    0.980050027    0.971396718
    4.195191997    0.980043904    0.970908324
    4.223537888    0.980010509    0.970383858
    4.251883780    0.979959931    0.969820510
    4.280229672    0.979907456    0.969216083
    4.308575564    0.979868849    0.968569027
    4.336921456    0.979855490    0.967878368
    4.365267348    0.979870855    0.967143553
    4.393613240    0.979909433    0.966364256
    4.421959131    0.979958410    0.965540194
    4.450305023    0.980001596    0.964671002
    4.478650915    0.980024412    0.963756178
    4.506996807    0.980018379    0.962795125
    4.535342699    0.979983750    0.961787247
    4.563688591    0.979929451    0.960732084
    4.592034483    0.979870348    0.959629437
    4.620380375    0.979822673    0.958479459
    4.648726266    0.979799004    0.957282676
    4.677072158    0.979804346    0.956039951
    4.705418050    0.979834534    0.954752387
    4.733763942    0.979877455    0.953421207
    4.762109834    0.979916740    0.952047633
    4.790455726    0.979936791    0.950632800
    4.818801618    0.979927611    0.949177708
    4.847147510    0.979887929    0.947683235
    4.875493401    0.979825648    0.946150190
    4.903839293    0.979755449    0.944579383
    4.932185185    0.979694269    0.942971698
    4.960531077    0.979656041    0.941328136
    4.988876969    0.979647314    0.939649814
    5.017222861    0.979665129    0.937937917
    5.045568753    0.979697827    0.936193611
    5.073914644    0.979728582    0.934417935
    5.102260536    0.979740570    0.932611695
    5.130606428    0.979722201    0.930775395
    5.158952320    0.979670766    0.928909216
    5.187298212    0.979593355    0.927013056
    5.215644104    0.979504720    0.925086625
    5.243989996    0.979422715    0.923129575
    5.272335888    0.979362712    0.921141627
    5.300681779    0.979332721    0.919122681
    5.329027671    0.979330763    0.917072851
    5.357373563    0.979345335    0.914992441
    5.385719455    0.979358878    0.912881837
    5.414065347    0.979353176    0.910741357
    5.442411239    0.979315044    0.908571099
    5.470757131    0.979240488    0.906370812
    5.499103022    0.979136039    0.904139868
    5.527448914    0.979016774    0.901877324
    5.555794806    0.978901622    0.899582093
    5.584140698    0.978807387    0.897253174
    5.612486590    0.978743363    0.894889902
    5.640832482    0.978708236    0.892492123
    5.669178374    0.978690309    0.890060246
    5.697524266    0.978670995    0.887595136
    5.725870157    0.978630545    0.885097840
    5.754216049    0.978554212    0.882569220
    5.782561941    0.978436909    0.880009568
    5.810907833    0.978284874    0.877418333
    5.839253725    0.978113743    0.874794059
    5.867599617    0.977943630    0.872134613
    5.895945509    0.977792695    0.869437698
    5.924291401    0.977671246    0.866701585
    5.952637292    0.977578254    0.863925927
    5.980983184    0.977501412    0.861112474
    6.009329076    0.977420787    0.858265493
    6.037674968    0.977314938    0.855391767
    6.066020860    0.977167599    0.852500099
    6.094366752    0.976972795    0.849600361
    6.122712644    0.976736742    0.846702259
    6.151058535    0.976475876    0.843814003
    6.179404427    0.976211579    0.840941169
    6.207750319    0.975963246    0.838085973
    6.236096211    0.975741872    0.835247091
    6.264442103    0.975546227    0.832420094
    6.292787995    0.975362869    0.829598365
    6.321133887    0.975170064    0.826774329
    6.349479779    0.974944399    0.823940714
    6.377825670    0.974668022    0.821091600
    6.406171562    0.974334198    0.818223028
    6.434517454    0.973949367    0.815333099
    6.462863346    0.973530992    0.812421583
    6.491209238    0.973101820    0.809489174
    6.519555130    0.972682333    0.806536629
    6.547901022    0.972283785    0.803564004
    6.576246913    0.971904076    0.800570206
    6.604592805    0.971527825    0.797552944
    6.632938697    0.971130697    0.794509082
    6.661284589    0.970686672    0.791435288
    6.689630481    0.970175960    0.788328782
    6.717976373    0.969591030    0.785188002
    6.746322265    0.968938780    0.782013012
    6.774668157    0.968238060    0.778805572
    6.803014048    0.967513259    0.775568877
    6.831359940    0.966785941    0.772307067
    6.859705832    0.966067174    0.769024655
    6.888051724    0.965353045    0.765726038
    6.916397616    0.964624886    0.762415222
    6.944743508    0.963854229    0.759095807
    6.973089400    0.963011030    0.755771197
    7.001435292    0.962072565    0.752444953
    7.029781183    0.961030153    0.749121132
    7.058127075    0.959891468    0.745804489
    7.086472967    0.958677557    0.742500459
    7.114818859    0.957415371    0.739214893
    7.143164751    0.956128068    0.735953610
    7.171510643    0.954826151    0.732721884
    7.199856535    0.953502327    0.729523985
    7.228202426    0.952131883    0.726362900
    7.256548318    0.950678661    0.723240267
    7.284894210    0.949104939    0.720156539
    7.313240102    0.947382176    0.717111263
    7.341585994    0.945499196    0.714103378
    7.369931886    0.943465051    0.711131398
    7.398277778    0.941305344    0.708193404
    7.426623670    0.939052860    0.705286815
    7.454969561    0.936735171    0.702408013
    7.483315453    0.934362996    0.699551911
    7.511661345    0.931923099    0.696711638
    7.540007237    0.929378269    0.693878442
    7.568353129    0.926674914    0.691041905
    7.596699021    0.923756417    0.688190464
    7.625044913    0.920578517    0.685312148
    7.653390804    0.917122017    0.682395420
    7.681736696    0.913398598    0.679429930
    7.710082588    0.909447167    0.676407066
    7.738428480    0.905320782    0.673320213
    7.766774372    0.901066891    0.670164708
    7.795120264    0.896705759    0.666937565
    7.823466156    0.892212879    0.663637097
    7.851812048    0.887510514    0.660262544
    7.880157939    0.882471523    0.656813845
    7.908503831    0.876935628    0.653291582
    7.936849723    0.870735188    0.649697090
    7.965195615    0.863725043    0.646032659
    7.993541507    0.855809825    0.642301719
    8.021887399    0.846962526    0.638508910
    8.050233291    0.837230128    0.634659979
    8.078579183    0.826725001    0.630761483
    8.106925074    0.815604140    0.626820389
    8.135270966    0.804041004    0.622843631
    8.163616858    0.792196338    0.618837781
    8.191962750    0.780194381    0.614808874
    8.220308642    0.768109364    0.610762457
    8.248654534    0.755964649    0.606703807
    8.277000426    0.743743764    0.602638222
    8.305346317    0.731409887    0.598571282
    8.333692209    0.718928513    0.594508961
    8.362038101    0.706287566    0.590457518
    8.390383993    0.693510176    0.586423182
    8.418729885    0.680657350    0.582411701
    8.447075777    0.667820404    0.578427877
    8.475421669    0.655105516    0.574475235
    8.503767561    0.642614618    0.570555913
    8.532113452    0.630427557    0.566670834
    8.560459344    0.618589946    0.562820097
    8.588805236    0.607109534    0.559003472
    8.617151128    0.595961671    0.555220836
    8.645497020    0.585102127    0.551472390
    8.673842912    0.574483665    0.547758553
    8.702188804    0.564071863    0.544079522
    8.730534695    0.553855913    0.540434601
    8.758880587    0.543851498    0.536821474
    8.787226479    0.534094909    0.533235648
    8.815572371    0.524629944    0.529670276
    8.843918263    0.515491108    0.526116485
    8.872264155    0.506687774    0.522564223
    8.900610047    0.498193903    0.519003489
    8.928955939    0.489946608    0.515425736
    8.957301830    0.481854635    0.511825135
    8.985647722    0.473815169    0.508199446
    9.013993614    0.465734974    0.504550285
    9.042339506    0.457550413    0.500882742
    9.070685398    0.449240808    0.497204406
    9.099031290    0.440830994    0.493524031
    9.127377182    0.432381607    0.489850109
    9.155723074    0.423968932    0.486189653
    9.184068965    0.415659212    0.482547406
    9.212414857    0.407484294    0.478925617
    9.240760749    0.399425733    0.475324333
    9.269106641    0.391412743    0.471742110
    9.297452533    0.383335945    0.468176903
    9.325798425    0.375074502    0.464626914
    9.354144317    0.366530158    0.461091208
    9.382490208    0.357658895    0.457569988
    9.410836100    0.348490617    0.454064528
    9.439181992    0.339129503    0.450576843
    9.467527884    0.329732411    0.447109239
    9.495873776    0.320468686    0.443663893
    9.524219668    0.311470591    0.440242581
    9.552565560    0.302787541    0.436846595
    9.580911452    0.294358143    0.433476832
    9.609257343    0.286011084    0.430133988
    9.637603235    0.277499537    0.426818747
    9.665949127    0.268565232    0.423531880
    9.694295019    0.259019823    0.420274214
    9.722640911    0.248824807    0.417046480
    9.750986803    0.238149052    0.413849098
    9.779332695    0.227385892    0.410681983
    9.807678586    0.217119614    0.407544460
    9.836024478    0.208042374    0.404435318
    9.864370370    0.200834675    0.401353006
    9.892716262    0.196032498    0.398295901
    9.921062154    0.193909349    0.395262552
    9.949408046    0.194400303    0.392251813
    9.977753938    0.197087340    0.389262792
   10.006099830    0.201252503    0.386294614
   10.034445721    0.205990441    0.383346060
   10.062791613    0.210358294    0.380415183
   10.091137505    0.213531958    0.377499033
   10.119483397    0.214935889    0.374593601
   10.147829289    0.214319317    0.371694037
   10.176175181    0.211763936    0.368795104
   10.204521073    0.207623814    0.365891783
   10.232866965    0.202413762    0.362979857
   10.261212856    0.196673825    0.360056333
   10.289558748    0.190842242    0.357119556
   10.317904640    0.185165952    0.354168979
   10.346250532    0.179667507    0.351204640
   10.374596424    0.174172692    0.348226479
   10.402942316    0.168387995    0.345233695
   10.431288208    0.162005251    0.342224343
   10.459634099    0.154805058    0.339195324
   10.487979991    0.146732429    0.336142811
   10.516325883    0.137926686    0.333063057
   10.544671775    0.128700503    0.329953410
   10.573017667    0.119476615    0.326813294
   10.601363559    0.110701421    0.323644901
   10.629709451    0.102759771    0.320453398
   10.658055343    0.095913409    0.317246563
   10.686401234    0.090277722    0.314033860
   10.714747126    0.085839903    0.310825153
   10.743093018    0.082509783    0.307629272
   10.771438910    0.080185780    0.304452747
   10.799784802    0.078814959    0.301298943
   10.828130694    0.078429019    0.298167759
   10.856476586    0.079145952    0.295055925
   10.884822477    0.081137827    0.291957809
   10.913168369    0.084575376    0.288866533
   10.941514261    0.089566748    0.285775157
   10.969860153    0.096109195    0.282677687
   10.998206045    0.104068104    0.279569726
   11.026551937    0.113189210    0.276448688
   11.054897829    0.123139586    0.273313598
   11.083243721    0.133564292    0.270164585
   11.111589612    0.144140908    0.267002235
   11.139935504    0.154615083    0.263826998
   11.168281396    0.164806318    0.260638764
   11.196627288    0.174582696    0.257436717
   11.224973180    0.183813273    0.254219446
   11.253319072    0.192314285    0.250985273
   11.281664964    0.199808006    0.247732679
   11.310010856    0.205910000    0.244460723
   11.338356747    0.210152627    0.241169355
   11.366702639    0.212042148    0.237859573
   11.395048531    0.211136758    0.234533416
   11.423394423    0.207126316    0.231193833
   11.451740315    0.199893335    0.227844476
   11.480086207    0.189539412    0.224489499
   11.508432099    0.176370326    0.221133392
   11.536777990    0.160843989    0.217780894
   11.565123882    0.143495097    0.214436966
   11.593469774    0.124855939    0.211106815
   11.621815666    0.105392903    0.207795928
   11.650161558    0.085472733    0.204510087
   11.678507450    0.065363397    0.201255357
   11.706853342    0.045264154    0.198038031
   11.735199234    0.025351265    0.194864554
   11.763545125    0.005822011    0.191741420
   11.791891017   -0.013078619    0.188675062
   11.820236909   -0.031057760    0.185671727
   11.848582801   -0.047801037    0.182737319
   11.876928693   -0.063016556    0.179877214
   11.905274585   -0.076481688    0.177096013
   11.933620477   -0.088076743    0.174397262
   11.961966368   -0.097793767    0.171783148
   11.990312260   -0.105716687    0.169254224
   12.018658152   -0.111978374    0.166809217
   12.047004044   -0.116707897    0.164444955
   12.075349936   -0.119984782    0.162156472
   12.103695828   -0.121815298    0.159937273
   12.132041720   -0.122139046    0.157779737
   12.160387612   -0.120864499    0.155675598
   12.188733503   -0.117922625    0.153616425
   12.217079395   -0.113321279    0.151594018
   12.245425287   -0.107182035    0.149600666
   12.273771179   -0.099745860    0.147629250
   12.302117071   -0.091343439    0.145673196
   12.330462963   -0.082337232    0.143726339
   12.358808855   -0.073051968    0.141782781
   12.387154747   -0.063715203    0.139836802
   12.415500638   -0.054427987    0.137882896
   12.443846530   -0.045177611    0.135915940
   12.472192422   -0.035892029    0.133931472
   12.500538314   -0.026522329    0.131926026
   12.528884206   -0.017129480    0.129897426
   12.557230098   -0.007947835    0.127844975
   12.585575990    0.000598051    0.125769481
   12.613921881    0.007935355    0.123673099
   12.642267773    0.013440120    0.121559024
   12.670613665    0.016570067    0.119431114
   12.698959557    0.017002037    0.117293514
   12.727305449    0.014739084    0.115150372
   12.755651341    0.010157538    0.113005710
   12.783997233    0.003977729    0.110863442
   12.812343125   -0.002839710    0.108727525
   12.840689016   -0.009251706    0.106602159
   12.869034908   -0.014310838    0.104491952
   12.897380800   -0.017324320    0.102401978
   12.925726692   -0.017958950    0.100337686
   12.954072584   -0.016270092    0.098304658
   12.982418476   -0.012651051    0.096308279
   13.010764368   -0.007717947    0.094353390
   13.039110259   -0.002159674    0.092444042
   13.067456151    0.003410870    0.090583391
   13.095802043    0.008570817    0.088773801
   13.124147935    0.013143988    0.087017091
   13.152493827    0.017193454    0.085314868
   13.180839719    0.020959630    0.083668823
   13.209185611    0.024766227    0.082080877
   13.237531503    0.028922082    0.080553084
   13.265877394    0.033644720    0.079087287
   13.294223286    0.039022507    0.077684570
   13.322569178    0.045019555    0.076344640
   13.350915070    0.051514905    0.075065295
   13.379260962    0.058358644    0.073842154
   13.407606854    0.065424697    0.072668767
   13.435952746    0.072643558    0.071537150
   13.464298638    0.080006596    0.070438678
   13.492644529    0.087543870    0.069365185
   13.520990421    0.095286311    0.068310050
   13.549336313    0.103227820    0.067269021
   13.577682205    0.111302084    0.066240600
   13.606028097    0.119383074    0.065225862
   13.634373989    0.127309398    0.064227753
   13.662719881    0.134923942    0.063249984
   13.691065772    0.142114404    0.062295780
   13.719411664    0.148839504    0.061366760
   13.747757556    0.155130056    0.060462209
   13.776103448    0.161062476    0.059578916
   13.804449340    0.166711887    0.058711638
   13.832795232    0.172099685    0.057854076
   13.861141124    0.177153591    0.057000163
   13.889487016    0.181695563    0.056145375
   13.917832907    0.185465055    0.055287762
   13.946178799    0.188174215    0.054428476
   13.974524691    0.189581013    0.053571691
   14.002870583    0.189559342    0.052723938
   14.031216475    0.188144231    0.051893028
   14.059562367    0.185536114    0.051086819
   14.087908259    0.182059246    0.050312105
   14.116254150    0.178082755    0.049573882
   14.144600042    0.173924692    0.048875118
   14.172945934    0.169766018    0.048217044
   14.201291826    0.165600649    0.047599856
   14.229637718    0.161239176    0.047023593
   14.257983610    0.156369761    0.046488959
   14.286329502    0.150663696    0.045997850
   14.314675394    0.143899627    0.045553457
   14.343021285    0.136073360    0.045159905
   14.371367177    0.127461780    0.044821547
   14.399713069    0.118619605    0.044542078
   14.428058961    0.110304058    0.044323715
   14.456404853    0.103340900    0.044166622
   14.484750745    0.098460802    0.044068748
   14.513096637    0.096143636    0.044026062
   14.541442529    0.096507481    0.044033138
   14.569788420    0.099269200    0.044083902
   14.598134312    0.103786666    0.044172348
   14.626480204    0.109173474    0.044293047
   14.654826096    0.114460147    0.044441333
   14.683171988    0.118765496    0.044613136
   14.711517880    0.121440603    0.044804559
   14.739863772    0.122155681    0.045011346
   14.768209663    0.120914792    0.045228401
   14.796555555    0.118001000    0.045449542
   14.824901447    0.113870520    0.045667562
   14.853247339    0.109024917    0.045874609
   14.881593231    0.103893055    0.046062799
   14.909939123    0.098749155    0.046224910
   14.938285015    0.093681935    0.046355006
   14.966630907    0.088615648    0.046448832
   14.994976798    0.083370880    0.046503908
   15.023322690    0.077744337    0.046519346
   15.051668582    0.071584562    0.046495457
   15.080014474    0.064844440    0.046433305
   15.108360366    0.057599956    0.046334362
   15.136706258    0.050035130    0.046200397
   15.165052150    0.042402240    0.046033648
   15.193398041    0.034972100    0.045837265
   15.221743933    0.027989848    0.045615913
   15.250089825    0.021647892    0.045376372
   15.278435717    0.016080835    0.045127961
   15.306781609    0.011379710    0.044882626
   15.335127501    0.007617019    0.044654619
   15.363473393    0.004871482    0.044459747
   15.391819285    0.003242670    0.044314290
   15.420165176    0.002850011    0.044233738
   15.448511068    0.003816502    0.044231531
   15.476856960    0.006242842    0.044317991
   15.505202852    0.010180864    0.044499593
   15.533548744    0.015615216    0.044778673
   15.561894636    0.022459272    0.045153554
   15.590240528    0.030566375    0.045619064
   15.618586420    0.039752297    0.046167309
   15.646932311    0.049821092    0.046788573
   15.675278203    0.060585378    0.047472203
   15.703624095    0.071874047    0.048207356
   15.731969987    0.083524694    0.048983532
   15.760315879    0.095363396    0.049790866
   15.788661771    0.107179168    0.050620169
   15.817007663    0.118702798    0.051462802
   15.845353554    0.129599262    0.052310431
   15.873699446    0.139479327    0.053154772
   15.902045338    0.147930504    0.053987398
   15.930391230    0.154561700    0.054799691
   15.958737122    0.159051499    0.055582958
   15.987083014    0.161188367    0.056328732
   16.015428906    0.160892682    0.057029202
   16.043774798    0.158215096    0.057677703
   16.072120689    0.153311833    0.058269176
   16.100466581    0.146403684    0.058800501
   16.128812473    0.137729640    0.059270620
   16.157158365    0.127507337    0.059680415
   16.185504257    0.115910334    0.060032363
   16.213850149    0.103067243    0.060330031
   16.242196041    0.089081473    0.060577519
   16.270541932    0.074064408    0.060779000
   16.298887824    0.058171024    0.060938464
   16.327233716    0.041626237    0.061059744
   16.355579608    0.024732922    0.061146845
   16.383925500    0.007857731    0.061204491
   16.412271392   -0.008602857    0.061238768
   16.440617284   -0.024268195    0.061257663
   16.468963176   -0.038819361    0.061271338
   16.497309067   -0.052033599    0.061291974
   16.525654959   -0.063798644    0.061333156
   16.554000851   -0.074103631    0.061408816
   16.582346743   -0.083009600    0.061531895
   16.610692635   -0.090608012    0.061712934
   16.639038527   -0.096978755    0.061958849
   16.667384419   -0.102159032    0.062272099
   16.695730311   -0.106131241    0.062650424
   16.724076202   -0.108832502    0.063087169
   16.752422094   -0.110182282    0.063572146
   16.780767986   -0.110119433    0.064092848
   16.809113878   -0.108637266    0.064635785
   16.837459770   -0.105805834    0.065187720
   16.865805662   -0.101774287    0.065736576
   16.894151554   -0.096751949    0.066271928
   16.922497445   -0.090973134    0.066785053
   16.950843337   -0.084655805    0.067268613
   16.979189229   -0.077966589    0.067716133
   17.007535121   -0.071003488    0.068121432
   17.035881013   -0.063803191    0.068478173
   17.064226905   -0.056373054    0.068779642
   17.092572797   -0.048740517    0.069018779
   17.120918689   -0.041006753    0.069188449
   17.149264580   -0.033388570    0.069281850
   17.177610472   -0.026233786    0.069292973
   17.205956364   -0.020000674    0.069217006
   17.234302256   -0.015200314    0.069050611
   17.262648148   -0.012310107    0.068792058
   17.290994040   -0.011674881    0.068441213
   17.319339932   -0.013416920    0.067999422
   17.347685823   -0.017376417    0.067469334
   17.376031715   -0.023098954    0.066854705
   17.404377607   -0.029877483    0.066160194
   17.432723499   -0.036844845    0.065391167
   17.461069391   -0.043101644    0.064553498
   17.489415283   -0.047855838    0.063653366
   17.517761175   -0.050546908    0.062697064
   17.546107067   -0.050929706    0.061690830
   17.574452958   -0.049100926    0.060640740
   17.602798850   -0.045462839    0.059552696
   17.631144742   -0.040632003    0.058432509
   17.659490634   -0.035312166    0.057286076
   17.687836526   -0.030157899    0.056119601
   17.716182418   -0.025656985    0.054939788
   17.744528310   -0.022054845    0.053753945
   17.772874202   -0.019334495    0.052569917
   17.801220093   -0.017252864    0.051395848
   17.829565985   -0.015421806    0.050239778
   17.857911877   -0.013412665    0.049109154
   17.886257769   -0.010858961    0.048010349
   17.914603661   -0.007533620    0.046948304
   17.942949553   -0.003384495    0.045926359
   17.971295445    0.001477059    0.044946318
   17.999641336    0.006827997    0.044008702
   18.027987228    0.012409489    0.043113119
   18.056333120    0.018005381    0.042258612
   18.084679012    0.023502117    0.041443887
   18.113024904    0.028914884    0.040667339
   18.141370796    0.034374433    0.039926853
   18.169716688    0.040079836    0.039219460
   18.198062580    0.046231604    0.038540962
   18.226408471    0.052964622    0.037885684
   18.254754363    0.060300002    0.037246495
   18.283100255    0.068129365    0.036615179
   18.311446147    0.076235831    0.035983151
   18.339792039    0.084345597    0.035342419
   18.368137931    0.092195421    0.034686620
   18.396483823    0.099596800    0.034011911
   18.424829714    0.106478544    0.033317516
   18.453175606    0.112895462    0.032605813
   18.481521498    0.119000425    0.031881914
   18.509867390    0.124987452    0.031152835
   18.538213282    0.131021811    0.030426428
   18.566559174    0.137177055    0.029710296
   18.594905066    0.143397270    0.029010916
   18.623250958    0.149495944    0.028333140
   18.651596849    0.155192637    0.027680118
   18.679942741    0.160177884    0.027053628
   18.708288633    0.164188449    0.026454664
   18.736634525    0.167071711    0.025884105
   18.764980417    0.168820475    0.025343277
   18.793326309    0.169567552    0.024834279
   18.821672201    0.169540708    0.024360000
   18.850018093    0.168990100    0.023923876
   18.878363984    0.168108802    0.023529476
   18.906709876    0.166970004    0.023180055
   18.935055768    0.165500851    0.022878205
   18.963401660    0.163503482    0.022625691
   18.991747552    0.160720950    0.022423474
   19.020093444    0.156932810    0.022271877
   19.048439336    0.152055720    0.022170805
   19.076785227    0.146221210    0.022119891
   19.105131119    0.139806854    0.022118518
   19.133477011    0.133407717    0.022165661
   19.161822903    0.127749517    0.022259626
   19.190168795    0.123559859    0.022397743
   19.218514687    0.121425149    0.022576150
   19.246860579    0.121665646    0.022789749
   19.275206471    0.124257880    0.023032388
   19.303552362    0.128823330    0.023297243
   19.331898254    0.134687073    0.023577315
   19.360244146    0.140993991    0.023865922
   19.388590038    0.146856954    0.024157047
   19.416935930    0.151504493    0.024445467
   19.445281822    0.154396374    0.024726631
   19.473627714    0.155283963    0.024996350
   19.501973605    0.154205925    0.025250424
   19.530319497    0.151425307    0.025484344
   19.558665389    0.147327380    0.025693212
   19.587011281    0.142305652    0.025871943
   19.615357173    0.136664369    0.026015736
   19.643703065    0.130559743    0.026120719
   19.672048957    0.123990868    0.026184597
   19.700394849    0.116837983    0.026207125
   19.728740740    0.108933840    0.026190268
   19.757086632    0.100146460    0.026137990
   19.785432524    0.090450097    0.026055702
   19.813778416    0.079965887    0.025949524
   19.842124308    0.068962862    0.025825565
   19.870470200    0.057821004    0.025689413
   19.898816092    0.046967951    0.025546006
   19.927161984    0.036807141    0.025399920
   19.955507875    0.027656266    0.025256005
   19.983853767    0.019710946    0.025120175
   20.012199659    0.013040785    0.025000110
   20.040545551    0.007615910    0.024905599
   20.068891443    0.003354055    0.024848363
   20.097237335    0.000173559    0.024841286
   20.125583227   -0.001962884    0.024897156
   20.153929118   -0.003025141    0.025027135
   20.182275010   -0.002918134    0.025239273
   20.210620902   -0.001507369    0.025537368
   20.238966794    0.001341176    0.025920440
   20.267312686    0.005718796    0.026382919
   20.295658578    0.011641110    0.026915507
   20.324004470    0.019032490    0.027506523
   20.352350362    0.027730348    0.028143429
   20.380696253    0.037505887    0.028814216
   20.409042145    0.048093508    0.029508375
   20.437388037    0.059219325    0.030217292
   20.465733929    0.070620521    0.030934060
   20.494079821    0.082051071    0.031652841
   20.522425713    0.093274273    0.032368025
   20.550771605    0.104047150    0.033073449
   20.579117496    0.114104565    0.033761933
   20.607463388    0.123151067    0.034425263
   20.635809280    0.130866014    0.035054640
   20.664155172    0.136923269    0.035641468
   20.692501064    0.141021927    0.036178287
   20.720846956    0.142920797    0.036659588
   20.749192848    0.142467700    0.037082317
   20.777538740    0.139615710    0.037445947
   20.805884631    0.134421949    0.037752108
   20.834230523    0.127029327    0.038003918
   20.862576415    0.117636463    0.038205182
   20.890922307    0.106464259    0.038359729
   20.919268199    0.093728423    0.038471038
   20.947614091    0.079625300    0.038542291
   20.975959983    0.064334158    0.038576819
   21.004305875    0.048033918    0.038578820
   21.032651766    0.030927675    0.038554150
   21.060997658    0.013265603    0.038510923
   21.089343550   -0.004643065    0.038459744
   21.117689442   -0.022435400    0.038413417
   21.146035334   -0.039718873    0.038386148
   21.174381226   -0.056109935    0.038392333
   21.202727118   -0.071278148    0.038445145
   21.231073009   -0.084984598    0.038555165
   21.259418901   -0.097104203    0.038729321
   21.287764793   -0.107625369    0.038970289
   21.316110685   -0.116626338    0.039276470
   21.344456577   -0.124233911    0.039642507
   21.372802469   -0.130575137    0.040060217
   21.401148361   -0.135734761    0.040519735
   21.429494253   -0.139729814    0.041010669
   21.457840144   -0.142508191    0.041523051
   21.486186036   -0.143971446    0.042047955
   21.514531928   -0.144015215    0.042577727
   21.542877820   -0.142575607    0.043105855
   21.571223712   -0.139667978    0.043626569
   21.599569604   -0.135406523    0.044134329
   21.627915496   -0.129998450    0.044623323
   21.656261387   -0.123713867    0.045087114
   21.684607279   -0.116839800    0.045518504
   21.712953171   -0.109631832    0.045909634
   21.741299063   -0.102278156    0.046252280
   21.769644955   -0.094887863    0.046538289
   21.797990847   -0.087508473    0.046760048
   21.826336739   -0.080169061    0.046910900
   21.854682631   -0.072937002    0.046985455
   21.883028522   -0.065970867    0.046979745
   21.911374414   -0.059551141    0.046891238
   21.939720306   -0.054074739    0.046718734
   21.968066198   -0.050007998    0.046462187
   21.996412090   -0.047803880    0.046122512
   22.024757982   -0.047799659    0.045701419
   22.053103874   -0.050118568    0.045201294
   22.081449766   -0.054600552    0.044625132
   22.109795657   -0.060782586    0.043976517
   22.138141549   -0.067938860    0.043259617
   22.166487441   -0.075177595    0.042479156
   22.194833333   -0.081577763    0.041640360
   22.223179225   -0.086338746    0.040748853
   22.251525117   -0.088911757    0.039810504
   22.279871009   -0.089084870    0.038831264
   22.308216900   -0.087003216    0.037817006
   22.336562792   -0.083120185    0.036773400
   22.364908684   -0.078090808    0.035705849
   22.393254576   -0.072631327    0.034619499
   22.421600468   -0.067376072    0.033519297
   22.449946360   -0.062762531    0.032410093
   22.478292252   -0.058967991    0.031296738
   22.506638144   -0.055908302    0.030184143
   22.534984035   -0.053294346    0.029077277
   22.563329927   -0.050728525    0.027981076
   22.591675819   -0.047815101    0.026900281
   22.620021711   -0.044256613    0.025839210
   22.648367603   -0.039913976    0.024801507
   22.676713495   -0.034818600    0.023789914
   22.705059387   -0.029138034    0.022806081
   22.733405278   -0.023108659    0.021850473
   22.761751170   -0.016956798    0.020922352
   22.790097062   -0.010831280    0.020019860
   22.818442954   -0.004765867    0.019140162
   22.846788846    0.001319538    0.018279652
   22.875134738    0.007581491    0.017434168
   22.903480630    0.014192359    0.016599229
   22.931826522    0.021275585    0.015770255
   22.960172413    0.028856635    0.014942788
   22.988518305    0.036844178    0.014112703
   23.016864197    0.045046800    0.013276404
   23.045210089    0.053219849    0.012431019
   23.073555981    0.061128087    0.011574562
   23.101901873    0.068605184    0.010706062
   23.130247765    0.075592051    0.009825629
   23.158593657    0.082142357    0.008934455
   23.186939548    0.088393312    0.008034730
   23.215285440    0.094510208    0.007129497
   23.243631332    0.100621167    0.006222448
   23.271977224    0.106761713    0.005317711
   23.300323116    0.112846154    0.004419641
   23.328669008    0.118675087    0.003532662
   23.357014900    0.123977725    0.002661170
   23.385360791    0.128477303    0.001809497
   23.413706683    0.131960660    0.000981932
   23.442052575    0.134331308    0.000182773
   23.470398467    0.135629700   -0.000583631
   23.498744359    0.136013720   -0.001312858
   23.527090251    0.135704225   -0.002000446
   23.555436143    0.134911253   -0.002641978
   23.583782035    0.133763182   -0.003233219
   23.612127926    0.132261474   -0.003770276
   23.640473818    0.130277375   -0.004249772
   23.668819710    0.127595485   -0.004669009
   23.697165602    0.123995534   -0.005026094
   23.725511494    0.119351774   -0.005320037
   23.753857386    0.113722497   -0.005550799
   23.782203278    0.107402585   -0.005719312
   23.810549169    0.100919879   -0.005827458
   23.838895061    0.094969714   -0.005878012
   23.867240953    0.090297870   -0.005874561
   23.895586845    0.087556187   -0.005821383
   23.923932737    0.087163533   -0.005723298
   23.952278629    0.089205165   -0.005585507
   23.980624521    0.093395587   -0.005413429
   24.008970413    0.099115577   -0.005212562
   24.037316304    0.105516641   -0.004988394
   24.065662196    0.111670281   -0.004746376
   24.094008088    0.116728941   -0.004491966
   24.122353980    0.120063191   -0.004230711
   24.150699872    0.121345950   -0.003968345
   24.179045764    0.120567841   -0.003710857
   24.207391656    0.117984588   -0.003464464
   24.235737548    0.114013440   -0.003235479
   24.264083439    0.109106920   -0.003030050
   24.292429331    0.103636076   -0.002853811
   24.320775223    0.097811066   -0.002711483
   24.349121115    0.091655806   -0.002606524
   24.377467007    0.085038664   -0.002540878
   24.405812899    0.077746663   -0.002514907
   24.434158791    0.069580233   -0.002527497
   24.462504682    0.060441595   -0.002576332
   24.490850574    0.050393216   -0.002658248
   24.519196466    0.039672091   -0.002769572
   24.547542358    0.028658185   -0.002906337
   24.575888250    0.017807689   -0.003064302
   24.604234142    0.007570453   -0.003238749
   24.632580034   -0.001685951   -0.003424089
   24.660925926   -0.009726293   -0.003613395
   24.689271817   -0.016460812   -0.003797999
   24.717617709   -0.021921059   -0.003967303
   24.745963601   -0.026208269   -0.004108949
   24.774309493   -0.029430898   -0.004209385
   24.802655385   -0.031649810   -0.004254815
   24.831001277   -0.032846140   -0.004232411
   24.859347169   -0.032919496   -0.004131589
   24.887693060   -0.031715043   -0.003945135
   24.916038952   -0.029069939   -0.003669974
   24.944384844   -0.024864706   -0.003307421
   24.972730736   -0.019064699   -0.002862886
   25.001076628   -0.011740709   -0.002345074
   25.029422520   -0.003064580   -0.001764851
   25.057768412    0.006716691   -0.001133985
   25.086114304    0.017318772   -0.000464011
   25.114460195    0.028457298    0.000234589
   25.142806087    0.039873350    0.000952775
   25.171151979    0.051340383    0.001682890
   25.199497871    0.062652416    0.002418250
   25.227843763    0.073599674    0.003152537
   25.256189655    0.083942177    0.003879209
   25.284535547    0.093392604    0.004591104
   25.312881439    0.101616992    0.005280369
   25.341227330    0.108256230    0.005938730
   25.369573222    0.112964680    0.006558065
   25.397919114    0.115456599    0.007131124
   25.426265006    0.115548058    0.007652232
   25.454610898    0.113182788    0.008117798
   25.482956790    0.108434540    0.008526514
   25.511302682    0.101485029    0.008879212
   25.539648573    0.092583363    0.009178414
   25.567994465    0.081998093    0.009427718
   25.596340357    0.069975031    0.009631176
   25.624686249    0.056712177    0.009792835
   25.653032141    0.042357999    0.009916567
   25.681378033    0.027032289    0.010006222
   25.709723925    0.010862041    0.010066078
   25.738069817   -0.005979869    0.010101452
   25.766415708   -0.023246486    0.010119290
   25.794761600   -0.040609512    0.010128566
   25.823107492   -0.057677457    0.010140324
   25.851453384   -0.074036217    0.010167283
   25.879799276   -0.089302369    0.010223016
   25.908145168   -0.103175351    0.010320811
   25.936491060   -0.115474497    0.010472387
   25.964836951   -0.126150684    0.010686676
   25.993182843   -0.135269151    0.010968886
   26.021528735   -0.142967930    0.011319993
   26.049874627   -0.149403107    0.011736744
   26.078220519   -0.154695809    0.012212165
   26.106566411   -0.158895354    0.012736448
   26.134912303   -0.161968453    0.013298074
   26.163258195   -0.163816996    0.013884964
   26.191604086   -0.164318801    0.014485466
   26.219949978   -0.163379128    0.015089051
   26.248295870   -0.160977656    0.015686638
   26.276641762   -0.157196876    0.016270556
   26.304987654   -0.152223260    0.016834213
   26.333333546   -0.146320556    0.017371614
   26.361679438   -0.139782932    0.017876843
   26.390025330   -0.132881962    0.018343659
   26.418371221   -0.125823737    0.018765294
   26.446717113   -0.118729922    0.019134481
   26.475063005   -0.111649802    0.019443716
   26.503408897   -0.104601136    0.019685660
   26.531754789   -0.097628456    0.019853625
   26.560100681   -0.090860999    0.019942017
   26.588446573   -0.084550730    0.019946668
   26.616792464   -0.079074695    0.019865012
   26.645138356   -0.074894537    0.019696084
   26.673484248   -0.072477355    0.019440371
   26.701830140   -0.072193242    0.019099572
   26.730176032   -0.074212849    0.018676322
   26.758521924   -0.078430762    0.018173933
   26.786867816   -0.084436550    0.017596209
   26.815213708   -0.091545474    0.016947324
   26.843559599   -0.098887511    0.016231776
   26.871905491   -0.105539528    0.015454381
   26.900251383   -0.110674651    0.014620277
   26.928597275   -0.113697914    0.013734900
   26.956943167   -0.114339375    0.012803938
   26.985289059   -0.112684887    0.011833236
   27.013634951   -0.109138319    0.010828685
   27.041980842   -0.104324260    0.009796114
   27.070326734   -0.098953233    0.008741204
   27.098672626   -0.093679290    0.007669450
   27.127018518   -0.088980580    0.006586161
   27.155364410   -0.085087152    0.005496497
   27.183710302   -0.081968388    0.004405516
   27.212056194   -0.079378169    0.003318193
   27.240402086   -0.076942659    0.002239409
   27.268747977   -0.074266573    0.001173868
   27.297093869   -0.071031103    0.000125964
   27.325439761   -0.067060714   -0.000900398
   27.353785653   -0.062345412   -0.001901995
   27.382131545   -0.057017359   -0.002876469
   27.410477437   -0.051292458   -0.003822466
   27.438823329   -0.045395887   -0.004739722
   27.467169221   -0.039493423   -0.005629080
   27.495515112   -0.033647281   -0.006492448
   27.523861004   -0.027807252   -0.007332714
   27.552206896   -0.021837410   -0.008153608
   27.580552788   -0.015568595   -0.008959545
   27.608898680   -0.008859984   -0.009755427
   27.637244572   -0.001651127   -0.010546420
   27.665590464    0.006010777   -0.011337683
   27.693936355    0.013975934   -0.012134064
   27.722282247    0.022027267   -0.012939780
   27.750628139    0.029935107   -0.013758090
   27.778974031    0.037514817   -0.014591013
   27.807319923    0.044670192   -0.015439134
   27.835665815    0.051409814   -0.016301523
   27.864011707    0.057831481   -0.017175808
   27.892357599    0.064079327   -0.018058376
   27.920703490    0.070286299   -0.018944704
   27.949049382    0.076519095   -0.019829743
   27.977395274    0.082742144   -0.020708307
   28.005741166    0.088811757   -0.021575389
   28.034087058    0.094502842   -0.022426373
   28.062432950    0.099560937   -0.023257092
   28.090778842    0.103764661   -0.024063764
   28.119124733    0.106980187   -0.024842826
   28.147470625    0.109191259   -0.025590723
   28.175816517    0.110495068   -0.026303734
   28.204162409    0.111064233   -0.026977863
   28.232508301    0.111085421   -0.027608855
   28.260854193    0.110692747   -0.028192322
   28.289200085    0.109916779   -0.028723971
   28.317545977    0.108666698   -0.029199885
   28.345891868    0.106754527   -0.029616806
   28.374237760    0.103958663   -0.029972371
   28.402583652    0.100112142   -0.030265267
   28.430929544    0.095192651   -0.030495290
   28.459275436    0.089388618   -0.030663325
   28.487621328    0.083119897   -0.030771243
   28.515967220    0.077001782   -0.030821779
   28.544313112    0.071754990   -0.030818386
   28.572659003    0.068078204   -0.030765097
   28.601004895    0.066510320   -0.030666415
   28.629350787    0.067313620   -0.030527209
   28.657696679    0.070405605   -0.030352629
   28.686042571    0.075356761   -0.030148032
   28.714388463    0.081456579   -0.029918921
   28.742734355    0.087834379   -0.029670901
   28.771080246    0.093608824   -0.029409655
   28.799426138    0.098033583   -0.029140948
   28.827772030    0.100608016   -0.028870638
   28.856117922    0.101130578   -0.028604690
   28.884463814    0.099686687   -0.028349154
   28.912809706    0.096578361   -0.028110080
   28.941155598    0.092216308   -0.027893358
   28.969501490    0.087002906   -0.027704468
   28.997847381    0.081235002   -0.027548186
   29.026193273    0.075048717   -0.027428258
   29.054539165    0.068416557   -0.027347130
   29.082885057    0.061193171   -0.027305787
   29.111230949    0.053193881   -0.027303731
   29.139576841    0.044282560   -0.027339118
   29.167922733    0.034444405   -0.027409017
   29.196268624    0.023824531   -0.027509726
   29.224614516    0.012723435   -0.027637051
   29.252960408    0.001552315   -0.027786464
   29.281306300   -0.009238233   -0.027953076
   29.309652192   -0.019236267   -0.028131419
   29.337998084   -0.028132713   -0.028315083
   29.366343976   -0.035756032   -0.028496326
   29.394689868   -0.042070445   -0.028665776
   29.423035759   -0.047141089   -0.028812392
   29.451381651   -0.051078189   -0.028923766
   29.479727543   -0.053977295   -0.028986806
   29.508073435   -0.055872621   -0.028988749
   29.536419327   -0.056715814   -0.028918363
   29.564765219   -0.056384601   -0.028767135
   29.593111111   -0.054717131   -0.028530232
   29.621457003   -0.051560867   -0.028207040
   29.649802894   -0.046821466   -0.027801177
   29.678148786   -0.040498058   -0.027319959
   29.706494678   -0.032696114   -0.026773431
   29.734840570   -0.023616130   -0.026173134
   29.763186462   -0.013523511   -0.025530873
   29.791532354   -0.002710153   -0.024857691
   29.819878246    0.008540129   -0.024163239
   29.848224137    0.019972282   -0.023455614
   29.876570029    0.031361947   -0.022741627
   29.904915921    0.042500239   -0.022027371
   29.933261813    0.053168806   -0.021318893
   29.961607705    0.063115883   -0.020622737
   29.989953597    0.072043924   -0.019946221
   30.018299489    0.079615816   -0.019297325
   30.046645381    0.085480800   -0.018684234
   30.074991272    0.089314871   -0.018114624
   30.103337164    0.090865509   -0.017594881
   30.131683056    0.089988680   -0.017129447
   30.160028948    0.086667737   -0.016720446
   30.188374840    0.081008674   -0.016367679
   30.216720732    0.073212817   -0.016068984
   30.245066624    0.063534395   -0.015820840
   30.273412515    0.052234760   -0.015619061
   30.301758407    0.039545880   -0.015459374
   30.330104299    0.025652932   -0.015337738
   30.358450191    0.010700022   -0.015250303
   30.386796083   -0.005183910   -0.015193028
   30.415141975   -0.021848231   -0.015161068
   30.443487867   -0.039085525   -0.015148102
   30.471833759   -0.056610872   -0.015145820
   30.500179650   -0.074064083   -0.015143741
   30.528525542   -0.091036856   -0.015129487
   30.556871434   -0.107119391   -0.015089526
   30.585217326   -0.121954904   -0.015010288
   30.613563218   -0.135287661   -0.014879486
   30.641909110   -0.146991304   -0.014687411
   30.670255002   -0.157069333   -0.014427969
   30.698600894   -0.165627096   -0.014099293
   30.726946785   -0.172822552   -0.013703815
   30.755292677   -0.178809016   -0.013247819
   30.783638569   -0.183685507   -0.012740573
   30.811984461   -0.187468243   -0.012193207
   30.840330353   -0.190090944   -0.011617544
   30.868676245   -0.191433485   -0.011025085
   30.897022137   -0.191370284   -0.010426292
   30.925368028   -0.189824151   -0.009830242
   30.953713920   -0.186809605   -0.009244644
   30.982059812   -0.182452680   -0.008676149
   31.010405704   -0.176981006   -0.008130828
   31.038751596   -0.170686743   -0.007614664
   31.067097488   -0.163873170   -0.007133957
   31.095443380   -0.156800943   -0.006695523
   31.123789272   -0.149650704   -0.006306675
   31.152135163   -0.142514359   -0.005974997
   31.180481055   -0.135419085   -0.005707952
   31.208826947   -0.128378176   -0.005512438
   31.237172839   -0.121453993   -0.005394356
   31.265518731   -0.114813147   -0.005358271
   31.293864623   -0.108754383   -0.005407222
   31.322210515   -0.103695573   -0.005542675
   31.350556406   -0.100116565   -0.005764630
   31.378902298   -0.098466773   -0.006071807
   31.407248190   -0.099057041   -0.006461903
   31.435594082   -0.101961678   -0.006931830
   31.463939974   -0.106956515   -0.007477933
   31.492285866   -0.113512156   -0.008096137
   31.520631758   -0.120849637   -0.008782044
   31.548977650   -0.128051228   -0.009530977
   31.577323541   -0.134205729   -0.010337992
   31.605669433   -0.138558657   -0.011197894
   31.634015325   -0.140635560   -0.012105255
   31.662361217   -0.140312005   -0.013054463
   31.690707109   -0.137815437   -0.014039788
   31.719053001   -0.133659263   -0.015055463
   31.747398893   -0.128524638   -0.016095771
   31.775744785   -0.123116772   -0.017155115
   31.804090676   -0.118027513   -0.018228068
   31.832436568   -0.113633362   -0.019309394
   31.860782460   -0.110048699   -0.020394057
   31.889128352   -0.107140324   -0.021477211
   31.917474244   -0.104594858   -0.022554206
   31.945820136   -0.102018725   -0.023620610
   31.974166028   -0.099044105   -0.024672267
   32.002511919   -0.095414845   -0.025705393
   32.030857811   -0.091033267   -0.026716707
   32.059203703   -0.085960156   -0.027703586
   32.087549595   -0.080372816   -0.028664218
   32.115895487   -0.074496595   -0.029597747
   32.144241379   -0.068531143   -0.030504371
   32.172587271   -0.062592466   -0.031385384
   32.200933163   -0.056686028   -0.032243154
   32.229279054   -0.050716457   -0.033081024
   32.257624946   -0.044528714   -0.033903140
   32.285970838   -0.037966827   -0.034714224
   32.314316730   -0.030931852   -0.035519291
   32.342662622   -0.023421663   -0.036323347
   32.371008514   -0.015541070   -0.037131069
   32.399354406   -0.007479815   -0.037946504
   32.427700297    0.000534462   -0.038772811
   32.456046189    0.008293901   -0.039612054
   32.484392081    0.015661403   -0.040465077
   32.512737973    0.022599650   -0.041331469
   32.541083865    0.029169532   -0.042209617
   32.569429757    0.035498414   -0.043096848
   32.597775649    0.041727656   -0.043989632
   32.626121541    0.047955027   -0.044883830
   32.654467432    0.054189322   -0.045774942
   32.682813324    0.060331072   -0.046658331
   32.711159216    0.066185671   -0.047529389
   32.739505108    0.071505737   -0.048383638
   32.767851000    0.076050695   -0.049216751
   32.796196892    0.079646231   -0.050024516
   32.824542784    0.082225776   -0.050802765
   32.852888676    0.083841121   -0.051547297
   32.881234567    0.084638074   -0.052253827
   32.909580459    0.084803524   -0.052917990
   32.937926351    0.084499252   -0.053535412
   32.966272243    0.083802738   -0.054101838
   32.994618135    0.082674398   -0.054613317
   33.022964027    0.080964163   -0.055066403
   33.051309919    0.078459587   -0.055458363
   33.079655810    0.074965629   -0.055787342
   33.108001702    0.070396149   -0.056052484
   33.136347594    0.064851945   -0.056253989
   33.164693486    0.058661483   -0.056393107
   33.193039378    0.052368387   -0.056472071
   33.221385270    0.046662423   -0.056493991
   33.249731162    0.042265030   -0.056462718
   33.278077054    0.039792693   -0.056382687
   33.306422945    0.039628448   -0.056258771
   33.334768837    0.041831459   -0.056096132
   33.363114729    0.046106878   -0.055900109
   33.391460621    0.051844754   -0.055676132
   33.419806513    0.058220933   -0.055429684
   33.448152405    0.064338543   -0.055166293
   33.476498297    0.069379361   -0.054891575
   33.504844188    0.072732417   -0.054611284
   33.533190080    0.074073089   -0.054331361
   33.561535972    0.073378118   -0.054057942
   33.589881864    0.070877347   -0.053797301
   33.618227756    0.066957738   -0.053555696
   33.646573648    0.062045684   -0.053339135
   33.674919540    0.056497308   -0.053153058
   33.703265432    0.050522699   -0.053001995
   33.731611323    0.044160016   -0.052889255
   33.759957215    0.037301845   -0.052816692
   33.788303107    0.029762814   -0.052784623
   33.816648999    0.021367508   -0.052791891
   33.844994891    0.012033740   -0.052836084
   33.873340783    0.001828885   -0.052913832
   33.901686675   -0.009014670   -0.053021125
   33.930032567   -0.020127360   -0.053153550
   33.958378458   -0.031064367   -0.053306370
   33.986724350   -0.041383908   -0.053474419
   34.015070242   -0.050720783   -0.053651816
   34.043416134   -0.058836549   -0.053831590
   34.071762026   -0.065634979   -0.054005312
   34.100107918   -0.071141454   -0.054162900
   34.128453810   -0.075454737   -0.054292697
   34.156799701   -0.078686479   -0.054381924
   34.185145593   -0.080906232   -0.054417485
   34.213491485   -0.082107010   -0.054387051
   34.241837377   -0.082199834   -0.054280276
   34.270183269   -0.081037057   -0.054089909
   34.298529161   -0.078456232   -0.053812624
   34.326875053   -0.074331022   -0.053449385
   34.355220945   -0.068614561   -0.053005272
   34.383566836   -0.061363758   -0.052488788
   34.411912728   -0.052739308   -0.051910783
   34.440258620   -0.042983489   -0.051283194
   34.468604512   -0.032384178   -0.050617844
   34.496950404   -0.021236887   -0.049925515
   34.525296296   -0.009816286   -0.049215458
   34.553642188    0.001635203   -0.048495361
   34.581988079    0.012900229   -0.047771734
   34.610333971    0.023765557   -0.047050541
   34.638679863    0.033996817   -0.046337871
   34.667025755    0.043319921   -0.045640443
   34.695371647    0.051418095   -0.044965781
   34.723717539    0.057948539   -0.044322004
   34.752063431    0.062576384   -0.043717272
   34.780409323    0.065017886   -0.043159015
   34.808755214    0.065081433   -0.042653138
   34.837101106    0.062694952   -0.042203414
   34.865446998    0.057911839   -0.041811187
   34.893792890    0.050893483   -0.041475484
   34.922138782    0.041873112   -0.041193466
   34.950484674    0.031111036   -0.040961114
   34.978830566    0.018853793   -0.040773943
   35.007176458    0.005308466   -0.040627556
   35.035522349   -0.009361224   -0.040517888
   35.063868241   -0.025017065   -0.040441055
   35.092214133   -0.041513513   -0.040392877
   35.120560025   -0.058661437   -0.040368186
   35.148905917   -0.076201390   -0.040360134
   35.177251809   -0.093796882   -0.040359731
   35.205597701   -0.111052363   -0.040355771
   35.233943592   -0.127553302   -0.040335270
   35.262289484   -0.142918906   -0.040284374
   35.290635376   -0.156853780   -0.040189626
   35.318981268   -0.169184420   -0.040039369
   35.347327160   -0.179870134   -0.039825042
   35.375673052   -0.188984795   -0.039542119
   35.404018944   -0.196673895   -0.039190537
   35.432364836   -0.203098316   -0.038774544
   35.460710727   -0.208380110   -0.038302007
   35.489056619   -0.212565180   -0.037783341
   35.517402511   -0.215613066   -0.037230266
   35.545748403   -0.217416417   -0.036654620
   35.574094295   -0.217844232   -0.036067434
   35.602440187   -0.216796059   -0.035478388
   35.630786079   -0.214251063   -0.034895688
   35.659131970   -0.210297247   -0.034326320
   35.687477862   -0.205131787   -0.033776535
   35.715823754   -0.199031936   -0.033252430
   35.744169646   -0.192304796   -0.032760444
   35.772515538   -0.185230894   -0.032307664
   35.800861430   -0.178018862   -0.031901864
   35.829207322   -0.170785855   -0.031551286
   35.857553214   -0.163571053   -0.031264216
   35.885899105   -0.156379763   -0.031048459
   35.914244997   -0.149245878   -0.030910816
   35.942590889   -0.142293681   -0.030856666
   35.970936781   -0.135778246   -0.030889710
   35.999282673   -0.130087881   -0.031011905
   36.027628565   -0.125701266   -0.031223565
   36.055974457   -0.123104039   -0.031523593
   36.084320349   -0.122681328   -0.031909772
   36.112666240   -0.124610995   -0.032379055
   36.141012132   -0.128784686   -0.032927811
   36.169358024   -0.134779269   -0.033551998
   36.197703916   -0.141890677   -0.034247259
   36.226049808   -0.149227966   -0.035008961
   36.254395700   -0.155851044   -0.035832185
   36.282741592   -0.160924563   -0.036711728
   36.311087483   -0.163855732   -0.037642098
   36.339433375   -0.164386625   -0.038617552
   36.367779267   -0.162621337   -0.039632158
   36.396125159   -0.158982842   -0.040679875
   36.424471051   -0.154110065   -0.041754648
   36.452816943   -0.148718840   -0.042850503
   36.481162835   -0.143457802   -0.043961612
   36.509508727   -0.138790309   -0.045082357
   36.537854618   -0.134926225   -0.046207350
   36.566200510   -0.131814808   -0.047331455
   36.594546402   -0.129195232   -0.048449788
   36.622892294   -0.126688082   -0.049557728
   36.651238186   -0.123902667   -0.050650943
   36.679584078   -0.120533076   -0.051725436
   36.707929970   -0.116420789   -0.052777625
   36.736275861   -0.111571737   -0.053804456
   36.764621753   -0.106128214   -0.054803539
   36.792967645   -0.100307666   -0.055773301
   36.821313537   -0.094328112   -0.056713134
   36.849659429   -0.088342017   -0.057623524
   36.878005321   -0.082396566   -0.058506124
   36.906351213   -0.076429767   -0.059363760
   36.934697105   -0.070301168   -0.060200347
   36.963042996   -0.063846242   -0.061020710
   36.991388888   -0.056937207   -0.061830312
   37.019734780   -0.049531895   -0.062634900
   37.048080672   -0.041696412   -0.063440118
   37.076426564   -0.033595334   -0.064251096
   37.104772456   -0.025452871   -0.065072082
   37.133118348   -0.017496817   -0.065906137
   37.161464240   -0.009902057   -0.066754939
   37.189810131   -0.002750354   -0.067618700
   37.218156023    0.003981697   -0.068496215
   37.246501915    0.010402927   -0.069385014
   37.274847807    0.016661771   -0.070281597
   37.303193699    0.022887745   -0.071181718
   37.331539591    0.029137436   -0.072080682
   37.359885483    0.035361127   -0.072973608
   37.388231374    0.041400333   -0.073855637
   37.416577266    0.047017707   -0.074722066
   37.444923158    0.051951296   -0.075568413
   37.473269050    0.055977882   -0.076390398
   37.501614942    0.058967091   -0.077183890
   37.529960834    0.060910224   -0.077944820
   37.558306726    0.061914683   -0.078669101
   37.586652618    0.062164766   -0.079352582
   37.614998509    0.061859562   -0.079991043
   37.643344401    0.061146021   -0.080580265
   37.671690293    0.060067684   -0.081116151
   37.700036185    0.058546203   -0.081594911
   37.728382077    0.056404346   -0.082013273
   37.756727969    0.053427745   -0.082368713
   37.785073861    0.049451237   -0.082659661
   37.813419752    0.044447497   -0.082885655
   37.841765644    0.038592954   -0.083047434
   37.870111536    0.032289988   -0.083146931
   37.898457428    0.026134118   -0.083187187
   37.926803320    0.020828257   -0.083172177
   37.955149212    0.017059632   -0.083106582
   37.983495104    0.015365254   -0.082995546
   38.011840996    0.016016141   -0.082844436
   38.040186887    0.018947481   -0.082658671
   38.068532779    0.023752208   -0.082443613
   38.096878671    0.029741281   -0.082204569
   38.125224563    0.036058706   -0.081946857
   38.153570455    0.041826821   -0.081675944
   38.181916347    0.046290580   -0.081397589
   38.210262239    0.048930259   -0.081117944
   38.238608131    0.049519865   -0.080843580
   38.266954022    0.048121676   -0.080581384
   38.295299914    0.045022391   -0.080338340
   38.323645806    0.040629661   -0.080121191
   38.351991698    0.035356097   -0.079936047
   38.380337590    0.029519244   -0.079787999
   38.408683482    0.023280419   -0.079680791
   38.437029374    0.016634324   -0.079616643
   38.465375265    0.009447938   -0.079596217
   38.493721157    0.001534805   -0.079618753
   38.522067049   -0.007257356   -0.079682320
   38.550412941   -0.016969987   -0.079784108
   38.578758833   -0.027488054   -0.079920676
   38.607104725   -0.038536346   -0.080088084
   38.635450617   -0.049717068   -0.080281847
   38.663796509   -0.060577300   -0.080496718
   38.692142400   -0.070687607   -0.080726347
   38.720488292   -0.079711168   -0.080962904
   38.748834184   -0.087446335   -0.081196813
   38.777180076   -0.093833527   -0.081416702
   38.805525968   -0.098927311   -0.081609673
   38.833871860   -0.102843721   -0.081761934
   38.862217752   -0.105698899   -0.081859741
   38.890563643   -0.107556501   -0.081890549
   38.918909535   -0.108397841   -0.081844192
   38.947255427   -0.108121729   -0.081713896
   38.975601319   -0.106572384   -0.081496937
   39.003947211   -0.103586199   -0.081194836
   39.032293103   -0.099043512   -0.080813019
   39.060638995   -0.092911053   -0.080360027
   39.088984887   -0.085264237   -0.079846405
   39.117330778   -0.076284868   -0.079283484
   39.145676670   -0.066236977   -0.078682269
   39.174022562   -0.055429482   -0.078052639
   39.202368454   -0.044177394   -0.077402963
   39.230714346   -0.032772633   -0.076740165
   39.259060238   -0.021471646   -0.076070158
   39.287406130   -0.010501120   -0.075398479
   39.315752022   -0.000077107   -0.074730940
   39.344097913    0.009571384   -0.074074096
   39.372443805    0.018184577   -0.073435389
   39.400789697    0.025468136   -0.072822923
   39.429135589    0.031107004   -0.072244904
   39.457481481    0.034794762   -0.071708884
   39.485827373    0.036271238   -0.071220977
   39.514173265    0.035358293   -0.070785249
   39.542519156    0.031983902   -0.070403404
   39.570865048    0.026187960   -0.070074849
   39.599210940    0.018108527   -0.069797104
   39.627556832    0.007952929   -0.069566437
   39.655902724   -0.004037530   -0.069378563
   39.684248616   -0.017618870   -0.069229204
   39.712594508   -0.032562967   -0.069114380
   39.740940400   -0.048658868   -0.069030330
   39.769286291   -0.065698232   -0.068973102
   39.797632183   -0.083451636   -0.068937921
   39.825978075   -0.101645840   -0.068918510
   39.854323967   -0.119952252   -0.068906579
   39.882669859   -0.137993699   -0.068891667
   39.911015751   -0.155370994   -0.068861447
   39.939361643   -0.171704374   -0.068802507
   39.967707534   -0.186679654   -0.068701515
   39.996053426   -0.200086516   -0.068546587
   40.024399318   -0.211837628   -0.068328612
   40.052745210   -0.221962095   -0.068042310
   40.081091102   -0.230573686   -0.067686829
   40.109436994   -0.237821544   -0.067265776
   40.137782886   -0.243836370   -0.066786696
   40.166128778   -0.248686839   -0.066260103
   40.194474669   -0.252358542   -0.065698257
   40.222820561   -0.254761632   -0.065113918
   40.251166453   -0.255765230   -0.064519276
   40.279512345   -0.255248825   -0.063925244
   40.307858237   -0.253155701   -0.063341165
   40.336204129   -0.249532426   -0.062774940
   40.364550021   -0.244542129   -0.062233462
   40.392895913   -0.238446728   -0.061723205
   40.421241804   -0.231562442   -0.061250791
   40.449587696   -0.224201152   -0.060823387
   40.477933588   -0.216615037   -0.060448824
   40.506279480   -0.208961758   -0.060135409
   40.534625372   -0.201302164   -0.059891484
   40.562971264   -0.193633193   -0.059724814
   40.591317156   -0.185947985   -0.059641965
   40.619663047   -0.178306113   -0.059647777
   40.648008939   -0.170892060   -0.059745058
   40.676354831   -0.164041278   -0.059934534
   40.704700723   -0.158220384   -0.060215063
   40.733046615   -0.153959707   -0.060584035
   40.761392507   -0.151749516   -0.061037871
   40.789738399   -0.151922365   -0.061572506
   40.818084291   -0.154549966   -0.062183756
   40.846430182   -0.159381949   -0.062867515
   40.874776074   -0.165845676   -0.063619757
   40.903121966   -0.173112750   -0.064436391
   40.931467858   -0.180222167   -0.065313019
   40.959813750   -0.186236224   -0.066244710
   40.988159642   -0.190396694   -0.067225841
   41.016505534   -0.192247842   -0.068250098
   41.044851425   -0.191699872   -0.069310613
   41.073197317   -0.189019755   -0.070400254
   41.101543209   -0.184752856   -0.071511966
   41.129889101   -0.179594321   -0.072639117
   41.158234993   -0.174240042   -0.073775743
   41.186580885   -0.169250526   -0.074916650
   41.214926777   -0.164956551   -0.076057355
   41.243272669   -0.161424270   -0.077193871
   41.271618560   -0.158482531   -0.078322427
   41.299964452   -0.155800258   -0.079439189
   41.328310344   -0.152990712   -0.080540071
   41.356656236   -0.149714721   -0.081620720
   41.385002128   -0.145757578   -0.082676686
   41.413348020   -0.141063135   -0.083703779
   41.441693912   -0.135721112   -0.084698528
   41.470039804   -0.129916285   -0.085658670
   41.498385695   -0.123857717   -0.086583543
   41.526731587   -0.117710149   -0.087474300
   41.555077479   -0.111547285   -0.088333881
   41.583423371   -0.105339029   -0.089166740
   41.611769263   -0.098974075   -0.089978362
   41.640115155   -0.092308786   -0.090774661
   41.668461047   -0.085225930   -0.091561360
   41.696806938   -0.077684604   -0.092343478
   41.725152830   -0.069745959   -0.093124979
   41.753498722   -0.061567097   -0.093908645
   41.781844614   -0.053365313   -0.094696154
   41.810190506   -0.045363855   -0.095488303
   41.838536398   -0.037735877   -0.096285307
   41.866882290   -0.030563780   -0.097087066
   41.895228182   -0.023826472   -0.097893338
   41.923574073   -0.017418721   -0.098703769
   41.951919965   -0.011197102   -0.099517781
   41.980265857   -0.005038957   -0.100334358
   42.008611749    0.001103306   -0.101151804
   42.036957641    0.007169197   -0.101967535
   42.065303533    0.012988978   -0.102777983
   42.093649425    0.018315639   -0.103578646
   42.121995316    0.022881498   -0.104364274
   42.150341208    0.026463316   -0.105129166
   42.178687100    0.028936929   -0.105867506
   42.207032992    0.030304911   -0.106573677
   42.235378884    0.030688373   -0.107242479
   42.263724776    0.030284417   -0.107869233
   42.292070668    0.029301145   -0.108449763
   42.320416560    0.027889491   -0.108980283
   42.348762451    0.026093121   -0.109457269
   42.377108343    0.023833587   -0.109877352
   42.405454235    0.020938572   -0.110237313
   42.433800127    0.017208877   -0.110534192
   42.462146019    0.012508147   -0.110765516
   42.490491911    0.006851281   -0.110929602
   42.518837803    0.000465726   -0.111025868
   42.547183695   -0.006195109   -0.111055089
   42.575529586   -0.012495967   -0.111019515
   42.603875478   -0.017716796   -0.110922832
   42.632221370   -0.021184204   -0.110769941
   42.660567262   -0.022408852   -0.110566614
   42.688913154   -0.021197161   -0.110319068
   42.717259046   -0.017710248   -0.110033566
   42.745604938   -0.012454426   -0.109716114
   42.773950829   -0.006203094   -0.109372313
   42.802296721    0.000134269   -0.109007399
   42.830642613    0.005668028   -0.108626457
   42.858988505    0.009675574   -0.108234733
   42.887334397    0.011708485   -0.107837970
   42.915680289    0.011638104   -0.107442665
   42.944026181    0.009632711   -0.107056155
   42.972372073    0.006075436   -0.106686480
   43.000717964    0.001445413   -0.106342013
   43.029063856   -0.003807817   -0.106030896
   43.057409748   -0.009366675   -0.105760372
   43.085755640   -0.015101975   -0.105536138
   43.114101532   -0.021073234   -0.105361828
   43.142447424   -0.027477053   -0.105238742
   43.170793316   -0.034560423   -0.105165863
   43.199139207   -0.042523571   -0.105140177
   43.227485099   -0.051438145   -0.105157202
   43.255830991   -0.061201108   -0.105211639
   43.284176883   -0.071534440   -0.105297962
   43.312522775   -0.082028387   -0.105410843
   43.340868667   -0.092215017   -0.105545275
   43.369214559   -0.101651793   -0.105696383
   43.397560451   -0.109993570   -0.105858950
   43.425906342   -0.117035780   -0.106026789
   43.454252234   -0.122720183   -0.106192124
   43.482598126   -0.127104904   -0.106345181
   43.510944018   -0.130309776   -0.106474150
   43.539289910   -0.132453745   -0.106565604
   43.567635802   -0.133602065   -0.106605397
   43.595981694   -0.133737167   -0.106579908
   43.624327586   -0.132759719   -0.106477458
   43.652673477   -0.130517784   -0.106289633
   43.681019369   -0.126854473   -0.106012278
   43.709365261   -0.121660077   -0.105645957
   43.737711153   -0.114914392   -0.105195794
   43.766057045   -0.106708598   -0.104670699
   43.794402937   -0.097242397   -0.104082158
   43.822748829   -0.086799192   -0.103442795
   43.851094720   -0.075707882   -0.102765009
   43.879440612   -0.064302777   -0.102059913
   43.907786504   -0.052892599   -0.101336785
   43.936132396   -0.041745803   -0.100603059
   43.964478288   -0.031093927   -0.099864800
   43.992824180   -0.021148950   -0.099127483
   44.021170072   -0.012126502   -0.098396832
   44.049515964   -0.004265330   -0.097679471
   44.077861855    0.002165068   -0.096983193
   44.106207747    0.006872743   -0.096316774
   44.134553639    0.009566589   -0.095689361
   44.162899531    0.009989090   -0.095109573
   44.191245423    0.007950164   -0.094584559
   44.219591315    0.003353540   -0.094119217
   44.247937207   -0.003790589   -0.093715786
   44.276283098   -0.013368823   -0.093373887
   44.304628990   -0.025181474   -0.093090994
   44.332974882   -0.038967364   -0.092863191
   44.361320774   -0.054429225   -0.092686009
   44.389666666   -0.071253301   -0.092555105
   44.418012558   -0.089119627   -0.092466604
   44.446358450   -0.107703316   -0.092417002
   44.474704342   -0.126670700   -0.092402664
   44.503050233   -0.145676178   -0.092419060
   44.531396125   -0.164365390   -0.092459961
   44.559742017   -0.182387980   -0.092516853
   44.588087909   -0.199419393   -0.092578779
   44.616433801   -0.215187236   -0.092632728
   44.644779693   -0.229495046   -0.092664571
   44.673125585   -0.242235792   -0.092660412
   44.701471477   -0.253389565   -0.092608115
   44.729817368   -0.263004075   -0.092498728
   44.758163260   -0.271161665   -0.092327558
   44.786509152   -0.277940947   -0.092094674
   44.814855044   -0.283383515   -0.091804803
   44.843200936   -0.287475506   -0.091466628
   44.871546828   -0.290150043   -0.091091688
   44.899892720   -0.291310871   -0.090693078
   44.928238611   -0.290871106   -0.090284204
   44.956584503   -0.288796151   -0.089877808
   44.984930395   -0.285137836   -0.089485369
   45.013276287   -0.280048591   -0.089116917
   45.041622179   -0.273769747   -0.088781201
   45.069968071   -0.266595436   -0.088486061
   45.098313963   -0.258821120   -0.088238865
   45.126659855   -0.250691127   -0.088046858
   45.155005746   -0.242361172   -0.087917322
   45.183351638   -0.233888698   -0.087857522
   45.211697530   -0.225256737   -0.087874467
   45.240043422   -0.216427460   -0.087974555
   45.268389314   -0.207412284   -0.088163200
   45.296735206   -0.198338955   -0.088444532
   45.325081098   -0.189494517   -0.088821214
   45.353426989   -0.181327279   -0.089294402
   45.381772881   -0.174400232   -0.089863828
   45.410118773   -0.169300543   -0.090527953
   45.438464665   -0.166521938   -0.091284142
   45.466810557   -0.166345585   -0.092128824
   45.495156449   -0.168748062   -0.093057615
   45.523502341   -0.173361020   -0.094065398
   45.551848233   -0.179496757   -0.095146399
   45.580194124   -0.186239445   -0.096294269
   45.608540016   -0.192586549   -0.097502201
   45.636885908   -0.197612775   -0.098763084
   45.665231800   -0.200622789   -0.100069673
   45.693577692   -0.201260558   -0.101414753
   45.721923584   -0.199552297   -0.102791269
   45.750269476   -0.195874597   -0.104192389
   45.778615368   -0.190855855   -0.105611508
   45.806961259   -0.185233793   -0.107042198
   45.835307151   -0.179701038   -0.108478144
   45.863653043   -0.174772390   -0.109913114
   45.891998935   -0.170701188   -0.111340972
   45.920344827   -0.167459772   -0.112755768
   45.948690719   -0.164783534   -0.114151888
   45.977036611   -0.162263342   -0.115524210
   46.005382502   -0.159460684   -0.116868243
   46.033728394   -0.156016216   -0.118180176
   46.062074286   -0.151726054   -0.119456841
   46.090420178   -0.146569994   -0.120695559
   46.118766070   -0.140689074   -0.121893961
   46.147111962   -0.134323093   -0.123049804
   46.175457854   -0.127728366   -0.124160906
   46.203803746   -0.121099895   -0.125225236
   46.232149637   -0.114519395   -0.126241201
   46.260495529   -0.107942285   -0.127208097
   46.288841421   -0.101225224   -0.128126647
   46.317187313   -0.094184285   -0.128999501
   46.345533205   -0.086665488   -0.129831545
   46.373879097   -0.078606425   -0.130629916
   46.402224989   -0.070070708   -0.131403639
   46.430570880   -0.061245119   -0.132162877
   46.458916772   -0.052400188   -0.132917911
   46.487262664   -0.043825539   -0.133677965
   46.515608556   -0.035758691   -0.134450115
   46.543954448   -0.028328050   -0.135238443
   46.572300340   -0.021527024   -0.136043621
   46.600646232   -0.015227544   -0.136862986
   46.628992124   -0.009230134   -0.137691085
   46.657338015   -0.003337178   -0.138520593
   46.685683907    0.002571032   -0.139343400
   46.714029799    0.008479271   -0.140151667
   46.742375691    0.014216666   -0.140938650
   46.770721583    0.019480023   -0.141699158
   46.799067475    0.023896968   -0.142429588
   46.827413367    0.027113526   -0.143127604
   46.855759259    0.028883366   -0.143791552
   46.884105150    0.029134550   -0.144419814
   46.912451042    0.027994740   -0.145010262
   46.940796934    0.025766225   -0.145559949
   46.969142826    0.022855304   -0.146065107
   46.997488718    0.019673001   -0.146521436
   47.025834610    0.016532495   -0.146924604
   47.054180502    0.013570643   -0.147270811
   47.082526393    0.010715850   -0.147557299
   47.110872285    0.007713300   -0.147782665
   47.139218177    0.004204053   -0.147946955
   47.167564069   -0.000159785   -0.148051530
   47.195909961   -0.005591840   -0.148098778
   47.224255853   -0.012071778   -0.148091806
   47.252601745   -0.019296379   -0.148034185
   47.280947637   -0.026697292   -0.147929864
   47.309293528   -0.033525713   -0.147783254
   47.337639420   -0.038987937   -0.147599447
   47.365985312   -0.042402920   -0.147384485
   47.394331204   -0.043346815   -0.147145561
   47.422677096   -0.041751529   -0.146891051
   47.451022988   -0.037934332   -0.146630318
   47.479368880   -0.032551021   -0.146373298
   47.507714771   -0.026482478   -0.146129937
   47.536060663   -0.020679439   -0.145909616
   47.564406555   -0.015999352   -0.145720681
   47.592752447   -0.013070288   -0.145570208
   47.621098339   -0.012209708   -0.145464050
   47.649444231   -0.013412499   -0.145407129
   47.677790123   -0.016406282   -0.145403870
   47.706136015   -0.020756670   -0.145458614
   47.734481906   -0.025994541   -0.145575833
   47.762827798   -0.031733912   -0.145760025
   47.791173690   -0.037753232   -0.146015217
   47.819519582   -0.044023485   -0.146344150
   47.847865474   -0.050680605   -0.146747295
   47.876211366   -0.057953611   -0.147221917
   47.904557258   -0.066070201   -0.147761451
   47.932903150   -0.075165829   -0.148355360
   47.961249041   -0.085219763   -0.148989619
   47.989594933   -0.096033298   -0.149647751
   48.017940825   -0.107253557   -0.150312297
   48.046286717   -0.118434392   -0.150966443
   48.074632609   -0.129116862   -0.151595497
   48.102978501   -0.138907840   -0.152187964
   48.131324393   -0.147537136   -0.152736020
   48.159670284   -0.154880472   -0.153235346
   48.188016176   -0.160945412   -0.153684414
   48.216362068   -0.165827267   -0.154083443
   48.244707960   -0.169649461   -0.154433298
   48.273053852   -0.172505832   -0.154734611
   48.301399744   -0.174420550   -0.154987308
   48.329745636   -0.175335325   -0.155190628
   48.358091528   -0.175125448   -0.155343566
   48.386437419   -0.173638200   -0.155445580
   48.414783311   -0.170741588   -0.155497303
   48.443129203   -0.166369532   -0.155501047
   48.471475095   -0.160551887   -0.155460928
   48.499820987   -0.153423007   -0.155382546
   48.528166879   -0.145209273   -0.155272316
   48.556512771   -0.136201985   -0.155136601
   48.584858662   -0.126725516   -0.154980895
   48.613204554   -0.117110786   -0.154809248
   48.641550446   -0.107680991   -0.154624106
   48.669896338   -0.098751369   -0.154426562
   48.698242230   -0.090639212   -0.154216958
   48.726588122   -0.083676338   -0.153995636
   48.754934014   -0.078214924   -0.153763611
   48.783279906   -0.074619603   -0.153522978
   48.811625797   -0.073243257   -0.153276918
   48.839971689   -0.074389688   -0.153029302
   48.868317581   -0.078271410   -0.152784005
   48.896663473   -0.084973551   -0.152544122
   48.925009365   -0.094434324   -0.152311315
   48.953355257   -0.106448700   -0.152085468
   48.981701149   -0.120695921   -0.151864756
   49.010047041   -0.136784934   -0.151646091
   49.038392932   -0.154306836   -0.151425812
   49.066738824   -0.172881348   -0.151200402
   49.095084716   -0.192186048   -0.150967010
   49.123430608   -0.211962079   -0.150723616
   49.151776500   -0.231996926   -0.150468783
   49.180122392   -0.252091651   -0.150201072
   49.208468284   -0.272024650   -0.149918325
   49.236814175   -0.291525075   -0.149617071
   49.265160067   -0.310266224   -0.149292318
   49.293505959   -0.327883148   -0.148937899
   49.321851851   -0.344011146   -0.148547401
   49.350197743   -0.358335121   -0.148115554
   49.378543635   -0.370635751   -0.147639808
   49.406889527   -0.380818625   -0.147121747
   49.435235419   -0.388916802   -0.146567997
   49.463581310   -0.395064675   -0.145990373
   49.491927202   -0.399449333   -0.145405180
   49.520273094   -0.402252527   -0.144831736
   49.548618986   -0.403599572   -0.144290405
   49.576964878   -0.403530145   -0.143800490
   49.605310770   -0.402000009   -0.143378391
   49.633656662   -0.398913895   -0.143036350
   49.662002553   -0.394180499   -0.142781980
   49.690348445   -0.387773538   -0.142618577
   49.718694337   -0.379780171   -0.142546057
   49.747040229   -0.370420928   -0.142562237
   49.775386121   -0.360032820   -0.142664122
   49.803732013   -0.349017835   -0.142848910
   49.832077905   -0.337769449   -0.143114524
   49.860423797   -0.326597152   -0.143459618
   49.888769688   -0.315671058   -0.143883166
   49.917115580   -0.305004444   -0.144383826
   49.945461472   -0.294482431   -0.144959317
   49.973807364   -0.283932372   -0.145606008
   50.002153256   -0.273219187   -0.146318866
   50.030499148   -0.262340312   -0.147091736
   50.058845040   -0.251492792   -0.147917883
   50.087190932   -0.241090165   -0.148790604
   50.115536823   -0.231718371   -0.149703743
   50.143882715   -0.224035158   -0.150651945
   50.172228607   -0.218632554   -0.151630608
   50.200574499   -0.215893026   -0.152635565
   50.228920391   -0.215873844   -0.153662618
   50.257266283   -0.218249618   -0.154707102
   50.285612175   -0.222330816   -0.155763626
   50.313958066   -0.227158972   -0.156826099
   50.342303958   -0.231661420   -0.157888050
   50.370649850   -0.234834084   -0.158943154
   50.398995742   -0.235913635   -0.159985817
   50.427341634   -0.234502165   -0.161011636
   50.455687526   -0.230617938   -0.162017603
   50.484033418   -0.224662429   -0.163001972
   50.512379310   -0.217312715   -0.163963829
   50.540725201   -0.209364821   -0.164902491
   50.569071093   -0.201563957   -0.165816912
   50.597416985   -0.194459327   -0.166705286
   50.625762877   -0.188314069   -0.167564988
   50.654108769   -0.183086872   -0.168392886
   50.682454661   -0.178484356   -0.169185954
   50.710800553   -0.174066797   -0.169942017
   50.739146444   -0.169378153   -0.170660377
   50.767492336   -0.164067226   -0.171342129
   50.795838228   -0.157971003   -0.171989975
   50.824184120   -0.151142289   -0.172607536
   50.852530012   -0.143818791   -0.173198237
   50.880875904   -0.136345840   -0.173764020
   50.909221796   -0.129076215   -0.174304155
   50.937567688   -0.122275308   -0.174814481
   50.965913579   -0.116057204   -0.175287282
   50.994259471   -0.110367996   -0.175711913
   51.022605363   -0.105019422   -0.176076092
   51.050951255   -0.099762255   -0.176367658
   51.079297147   -0.094378279   -0.176576441
   51.107643039   -0.088764936   -0.176695889
   51.135988931   -0.082988870   -0.176724118
   51.164334823   -0.077293094   -0.176664165
   51.192680714   -0.072054956   -0.176523401
   51.221026606   -0.067705326   -0.176312204
   51.249372498   -0.064629910   -0.176042166
   51.277718390   -0.063078621   -0.175724168
   51.306064282   -0.063107199   -0.175366684
   51.334410174   -0.064567130   -0.174974604
   51.362756066   -0.067147461   -0.174548751
   51.391101957   -0.070458508   -0.174086116
   51.419447849   -0.074136208   -0.173580697
   51.447793741   -0.077939842   -0.173024716
   51.476139633   -0.081816836   -0.172409935
   51.504485525   -0.085916006   -0.171728809
   51.532831417   -0.090543386   -0.170975269
   51.561177309   -0.096069351   -0.170145047
   51.589523201   -0.102808632   -0.169235543
   51.617869092   -0.110902704   -0.168245347
   51.646214984   -0.120234799   -0.167173591
   51.674560876   -0.130401136   -0.166019317
   51.702906768   -0.140749282   -0.164781034
   51.731252660   -0.150478825   -0.163456544
   51.759598552   -0.158784510   -0.162043092
   51.787944444   -0.165011298   -0.160537770
   51.816290335   -0.168787085   -0.158938079
   51.844636227   -0.170103102   -0.157242515
   51.872982119   -0.169323327   -0.155451050
   51.901328011   -0.167120037   -0.153565426
   51.929673903   -0.164349106   -0.151589192
   51.958019795   -0.161892051   -0.149527528
   51.986365687   -0.160498858   -0.147386885
   52.014711579   -0.160664802   -0.145174532
   52.043057470   -0.162565956   -0.142898105
   52.071403362   -0.166064087   -0.140565227
   52.099749254   -0.170775518   -0.138183256
   52.128095146   -0.176184222   -0.135759162
   52.156441038   -0.181770222   -0.133299525
   52.184786930   -0.187122508   -0.130810612
   52.213132822   -0.192011157   -0.128298486
   52.241478714   -0.196404849   -0.125769088
   52.269824605   -0.200434200   -0.123228279
   52.298170497   -0.204314847   -0.120681809
   52.326516389   -0.208253525   -0.118135220
   52.354862281   -0.212363404   -0.115593708
   52.383208173   -0.216611013   -0.113061937
   52.411554065   -0.220807614   -0.110543852
   52.439899957   -0.224645452   -0.108042489
   52.468245848   -0.227767273   -0.105559791
   52.496591740   -0.229849037   -0.103096441
   52.524937632   -0.230673003   -0.100651720
   52.553283524   -0.230171728   -0.098223392
   52.581629416   -0.228432091   -0.095807641
   52.609975308   -0.225659594   -0.093399086
   52.638321200   -0.222113898   -0.090990883
   52.666667092   -0.218033931   -0.088574935
   52.695012983   -0.213573088   -0.086142208
   52.723358875   -0.208761536   -0.083683135
   52.751704767   -0.203504659   -0.081188064
   52.780050659   -0.197616579   -0.078647706
   52.808396551   -0.190878184   -0.076053525
   52.836742443   -0.183103024   -0.073398033
   52.865088335   -0.174193104   -0.070674950
   52.893434226   -0.164170481   -0.067879247
   52.921780118   -0.153178116   -0.065007089
   52.950126010   -0.141452597   -0.062055720
   52.978471902   -0.129279279   -0.059023363
   53.006817794   -0.116944924   -0.055909151
   53.035163686   -0.104702776   -0.052713146
   53.063509578   -0.092760354   -0.049436415
   53.091855470   -0.081292570   -0.046081152
   53.120201361   -0.070474373   -0.042650775
   53.148547253   -0.060520556   -0.039149963
   53.176893145   -0.051717554   -0.035584568
   53.205239037   -0.044433939   -0.031961406
   53.233584929   -0.039102234   -0.028287927
   53.261930821   -0.036173016   -0.024571838
   53.290276713   -0.036050593   -0.020820727
   53.318622605   -0.039025338   -0.017041781
   53.346968496   -0.045219453   -0.013241656
   53.375314388   -0.054559898   -0.009426494
   53.403660280   -0.066785394   -0.005602087
   53.432006172   -0.081485644   -0.001774115
   53.460352064   -0.098162767    0.002051640
   53.488697956   -0.116299637    0.005869173
   53.517043848   -0.135418840    0.009672306
   53.545389739   -0.155119462    0.013454910
   53.573735631   -0.175085832    0.017211261
   53.602081523   -0.195070551    0.020936453
   53.630427415   -0.214861276    0.024626749
   53.658773307   -0.234244707    0.028279767
   53.687119199   -0.252981023    0.031894439
   53.715465091   -0.270797737    0.035470739
   53.743810983   -0.287405102    0.039009228
   53.772156874   -0.302527845    0.042510559
   53.800502766   -0.315942495    0.045975065
   53.828848658   -0.327507592    0.049402576
   53.857194550   -0.337176181    0.052792547
   53.885540442   -0.344985603    0.056144503
   53.913886334   -0.351026905    0.059458705
   53.942232226   -0.355402895    0.062736879
   53.970578117   -0.358187873    0.065982806
   53.998924009   -0.359401965    0.069202574
   54.027269901   -0.359008778    0.072404364
   54.055615793   -0.356937921    0.075597729
   54.083961685   -0.353125949    0.078792458
   54.112307577   -0.347563064    0.081997228
   54.140653469   -0.340330312    0.085218283
   54.168999361   -0.331614195    0.088458443
   54.197345252   -0.321691956    0.091716637
   54.225691144   -0.310889688    0.094988104
   54.254037036   -0.299524088    0.098265216
   54.282382928   -0.287844631    0.101538787
   54.310728820   -0.275994002    0.104799591
   54.339074712   -0.264000382    0.108039799
   54.367420604   -0.251806407    0.111254040
   54.395766496   -0.239328796    0.114439901
   54.424112387   -0.226532739    0.117597788
   54.452458279   -0.213499208    0.120730235
   54.480804171   -0.200463312    0.123840842
   54.509150063   -0.187808113    0.126933124
   54.537495955   -0.176009518    0.130009525
   54.565841847   -0.165541155    0.133070829
   54.594187739   -0.156759946    0.136116056
   54.622533630   -0.149800132    0.139142836
   54.650879522   -0.144503595    0.142148120
   54.679225414   -0.140407144    0.145129013
   54.707571306   -0.136794585    0.148083513
   54.735917198   -0.132805981    0.151010953
   54.764263090   -0.127582468    0.153912052
   54.792608982   -0.120415897    0.156788599
   54.820954874   -0.110870814    0.159642861
   54.849300765   -0.098852374    0.162476926
   54.877646657   -0.084606211    0.165292148
   54.905992549   -0.068651926    0.168088896
   54.934338441   -0.051666839    0.170866644
   54.962684333   -0.034347288    0.173624419
   54.991030225   -0.017278563    0.176361456
   55.019376117   -0.000840845    0.179077897
   55.047722008    0.014831506    0.181775327
   55.076067900    0.029833534    0.184457001
   55.104413792    0.044425914    0.187127676
   55.132759684    0.058943782    0.189793086
   55.161105576    0.073702624    0.192459186
   55.189451468    0.088923772    0.195131356
   55.217797360    0.104694735    0.197813761
   55.246143252    0.120969136    0.200509055
   55.274489143    0.137600460    0.203218481
   55.302835035    0.154395867    0.205942359
   55.331180927    0.171172857    0.208680823
   55.359526819    0.187803104    0.211434601
   55.387872711    0.204233347    0.214205623
   55.416218603    0.220480957    0.216997257
   55.444564495    0.236609255    0.219814081
   55.472910387    0.252692816    0.222661213
   55.501256278    0.268784534    0.225543313
   55.529602170    0.284894161    0.228463492
   55.557948062    0.300983196    0.231422386
   55.586293954    0.316975290    0.234417616
   55.614639846    0.332776414    0.237443800
   55.642985738    0.348296501    0.240493143
   55.671331630    0.363464683    0.243556520
   55.699677521    0.378233248    0.246624840
   55.728023413    0.392569930    0.249690415
   55.756369305    0.406442559    0.252748090
   55.784715197    0.419802916    0.255795879
   55.813061089    0.432577064    0.258835024
   55.841406981    0.444667245    0.261869486
   55.869752873    0.455966481    0.264904986
   55.898098765    0.466382566    0.267947842
   55.926444656    0.475864579    0.271003832
   55.954790548    0.484423693    0.274077322
   55.983136440    0.492141173    0.277170815
   56.011482332    0.499159946    0.280284951
   56.039828224    0.505660783    0.283418914
   56.068174116    0.511828631    0.286571080
   56.096520008    0.517817650    0.289739725
   56.124865900    0.523724011    0.292923583
   56.153211791    0.529573488    0.296122136
   56.181557683    0.535326791    0.299335572
   56.209903575    0.540900730    0.302564445
   56.238249467    0.546198997    0.305809160
   56.266595359    0.551143912    0.309069430
   56.294941251    0.555700502    0.312343868
   56.323287143    0.559886753    0.315629820
   56.351633034    0.563767979    0.318923492
   56.379978926    0.567437831    0.322220325
   56.408324818    0.570992116    0.325515520
   56.436670710    0.574503350    0.328804581
   56.465016602    0.578003378    0.332083725
   56.493362494    0.581478709    0.335350075
   56.521708386    0.584879269    0.338601589
   56.550054278    0.588137363    0.341836769
   56.578400169    0.591190753    0.345054232
   56.606746061    0.594002868    0.348252279
   56.635091953    0.596574283    0.351428570
   56.663437845    0.598942484    0.354580011
   56.691783737    0.601170534    0.357702849
   56.720129629    0.603328505    0.360792981
   56.748475521    0.605473573    0.363846369
   56.776821412    0.607634779    0.366859460
   56.805167304    0.609806850    0.369829526
   56.833513196    0.611954539    0.372754854
   56.861859088    0.614025778    0.375634764
   56.890204980    0.615969299    0.378469516
   56.918550872    0.617751254    0.381260167
   56.946896764    0.619365845    0.384008461
   56.975242656    0.620836988    0.386716832
   57.003588547    0.622210858    0.389388539
   57.031934439    0.623541906    0.392027905
   57.060280331    0.624876837    0.394640596
   57.088626223    0.626241493    0.397233841
   57.116972115    0.627634518    0.399816484
   57.145318007    0.629029487    0.402398827
   57.173663899    0.630384572    0.404992222
   57.202009791    0.631656537    0.407608477
   57.230355682    0.632814650    0.410259157
   57.258701574    0.633850290    0.412954901
   57.287047466    0.634779441    0.415704875
   57.315393358    0.635637573    0.418516438
   57.343739250    0.636468685    0.421395044
   57.372085142    0.637312074    0.424344375
   57.400431034    0.638190930    0.427366599
   57.428776925    0.639106186    0.430462679
   57.457122817    0.640037369    0.433632634
   57.485468709    0.640949949    0.436875677
   57.513814601    0.641806777    0.440190242
   57.542160493    0.642579961    0.443573898
   57.570506385    0.643259546    0.447023247
   57.598852277    0.643856417    0.450533856
   57.627198169    0.644398702    0.454100304
   57.655544060    0.644922959    0.457716351
   57.683889952    0.645463000    0.461375225
   57.712235844    0.646039849    0.465069949
   57.740581736    0.646655888    0.468793648
   57.768927628    0.647294892    0.472539754
   57.797273520    0.647927775    0.476302059
   57.825619412    0.648522142    0.480074632
   57.853965303    0.649052605    0.483851638
   57.882311195    0.649508671    0.487627139
   57.910657087    0.649897826    0.491394971
   57.939002979    0.650242985    0.495148761
   57.967348871    0.650575234    0.498882108
   57.995694763    0.650924215    0.502588897
   58.024040655    0.651309173    0.506263677
   58.052386547    0.651733425    0.509901987
   58.080732438    0.652183871    0.513500538
   58.109078330    0.652635590    0.517057196
   58.137424222    0.653059978    0.520570747
   58.165770114    0.653433843    0.524040521
   58.194116006    0.653746615    0.527465983
   58.222461898    0.654003476    0.530846416
   58.250807790    0.654223540    0.534180822
   58.279153682    0.654433747    0.537468080
   58.307499573    0.654660451    0.540707361
   58.335845465    0.654921364    0.543898678
   58.364191357    0.655220345    0.547043429
   58.392537249    0.655546590    0.550144738
   58.420883141    0.655878398    0.553207462
   58.449229033    0.656190228    0.556237773
   58.477574925    0.656460824    0.559242355
   58.505920816    0.656679824    0.562227336
   58.534266708    0.656850859    0.565197164
   58.562612600    0.656990226    0.568153669
   58.590958492    0.657121649    0.571095515
   58.619304384    0.657268809    0.574018191
   58.647650276    0.657448043    0.576914552
   58.675996168    0.657663453    0.579775815
   58.704342060    0.657905922    0.582592822
   58.732687951    0.658156277    0.585357302
   58.761033843    0.658391516    0.588062900
   58.789379735    0.658592125    0.590705776
   58.817725627    0.658748163    0.593284683
   58.846071519    0.658862257    0.595800565
   58.874417411    0.658948598    0.598255790
   58.902763303    0.659028354    0.600653235
   58.931109194    0.659122969    0.602995420
   58.959455086    0.659247497    0.605283880
   58.987800978    0.659406049    0.607518889
   59.016146870    0.659590739    0.609699527
   59.044492762    0.659784411    0.611824041
   59.072838654    0.659966208    0.613890350
   59.101184546    0.660118221    0.615896557
   59.129530438    0.660231081    0.617841333
   59.157876329    0.660306794    0.619724086
   59.186222221    0.660357946    0.621544926
   59.214568113    0.660403612    0.623304445
   59.242914005    0.660463290    0.625003427
   59.271259897    0.660550803    0.626642574
   59.299605789    0.660670087    0.628222325
   59.327951681    0.660814148    0.629742817
   59.356297573    0.660967473    0.631203971
   59.384643464    0.661111074    0.632605670
   59.412989356    0.661228540    0.633947950
   59.441335248    0.661311181    0.635231153
   59.469681140    0.661360652    0.636455999
   59.498027032    0.661388285    0.637623565
   59.526372924    0.661411385    0.638735200
   59.554718816    0.661447707    0.639792428
   59.583064707    0.661509881    0.640796870
   59.611410599    0.661601543    0.641750240
   59.639756491    0.661716359    0.642654400
   59.668102383    0.661840207    0.643511463
   59.696448275    0.661955769    0.644323900
   59.724794167    0.662048061    0.645094591
   59.753140059    0.662109133    0.645826776
   59.781485951    0.662140466    0.646523919
   59.809831842    0.662152371    0.647189464
   59.838177734    0.662160605    0.647826570
   59.866523626    0.662181326    0.648437866
   59.894869518    0.662226007    0.649025291
   59.923215410    0.662297915    0.649590075
   59.951561302    0.662391232    0.650132848
   59.979907194    0.662493053    0.650653867
   60.008253085    0.662587593    0.651153285
   60.036598977    0.662661225    0.651631417
   60.064944869    0.662706749    0.652088908
   60.093290761    0.662725574    0.652526792
   60.121636653    0.662727128    0.652946413
   60.149982545    0.662725764    0.653349260
   60.178328437    0.662736157    0.653736749
   60.206674329    0.662768679    0.654110035
   60.235020220    0.662826210    0.654469899
   60.263366112    0.662903372    0.654816735
   60.291712004    0.662988373    0.655150652
   60.320057896    0.663066851    0.655471635
   60.348403788    0.663126457    0.655779733
   60.376749680    0.663160719    0.656075207
   60.405095572    0.663170995    0.656358600
   60.433441464    0.663165910    0.656630711
   60.461787355    0.663158519    0.656892486
   60.490133247    0.663162117    0.657144864
   60.518479139    0.663186054    0.657388625
   60.546825031    0.663232860    0.657624283
   60.575170923    0.663297578    0.657852065
   60.603516815    0.663369464    0.658071964
   60.631862707    0.663435486    0.658283866
   60.660208598    0.663484473    0.658487689
   60.688554490    0.663510613    0.658683509
   60.716900382    0.663515188    0.658871626
   60.745246274    0.663506053    0.659052559
   60.773592166    0.663495046    0.659226961
   60.801938058    0.663494200    0.659395498
   60.830283950    0.663511949    0.659558730
   60.858629842    0.663550549    0.659717010
   60.886975733    0.663605485    0.659870462
   60.915321625    0.663667014    0.660019017
   60.943667517    0.663723331    0.660162510
   60.972013409    0.663764323    0.660300795
   61.000359301    0.663784724    0.660433854
   61.028705193    0.663785683    0.660561855
   61.057051085    0.663774292    0.660685152
   61.085396976    0.663761259    0.660804223
   61.113742868    0.663757480    0.660919569
   61.142088760    0.663770619    0.661031609
   61.170434652    0.663802765    0.661140599
   61.198780544    0.663849877    0.661246601
   61.227126436    0.663903169    0.661349516
   61.255472328    0.663951948    0.661449158
   61.283818220    0.663987008    0.661545353
   61.312164111    0.664003487    0.661638034
   61.340510003    0.664002322    0.661727292
   61.368855895    0.663989857    0.661813383
   61.397201787    0.663975762    0.661896670
   61.425547679    0.663969953    0.661977548
   61.453893571    0.663979488    0.662056346
   61.482239463    0.664006412    0.662133254
   61.510585355    0.664047201    0.662208304
   61.538931246    0.664093961    0.662281381
   61.567277138    0.664136970    0.662352297
   61.595623030    0.664167752    0.662420870
   61.623968922    0.664181698    0.662487010
   61.652314814    0.664179455    0.662550763
   61.680660706    0.664166634    0.662612321
   61.709006598    0.664151991    0.662671973
   61.737352489    0.664144642    0.662730041
   61.765698381    0.664151221    0.662786791
   61.794044273    0.664173847    0.662842377
   61.822390165    0.664209536    0.662896807
   61.850736057    0.664251202    0.662949966
   61.879081949    0.664289929    0.663001671
   61.907427841    0.664317774    0.663051743
   61.935773733    0.664330230    0.663100081
   61.964119624    0.664327584    0.663146706
   61.992465516    0.664314768    0.663191764
   62.020811408    0.664299768    0.663235497
   62.049157300    0.664291096    0.663278172
   62.077503192    0.664295144    0.663320014
   62.105849084    0.664314212    0.663361147
   62.134194976    0.664345851    0.663401572
   62.162540867    0.664383667    0.663441175
   62.190886759    0.664419362    0.663479783
   62.219232651    0.664445331    0.663517223
   62.247578543    0.664457027    0.663553392
   62.275924435    0.664454344    0.663588294
   62.304270327    0.664441614    0.663622047
   62.332616219    0.664426222    0.663654856
   62.360962111    0.664416284    0.663686948
   62.389308002    0.664418113    0.663718520
   62.417653894    0.664434272    0.663749676
   62.445999786    0.664462802    0.663780410
   62.474345678    0.664497860    0.663810617
   62.502691570    0.664531565    0.663840132
   62.531037462    0.664556467    0.663868793
   62.559383354    0.664567864    0.663896497
   62.587729246    0.664565261    0.663923239
   62.616075137    0.664552504    0.663949115
   62.644421029    0.664536565    0.663974301
   62.672766921    0.664525355    0.663998999
   62.701112813    0.664525255    0.664023380
   62.729458705    0.664539124    0.664047536
   62.757804597    0.664565416    0.664071460
   62.786150489    0.664598671    0.664095052
   62.814496380    0.664631229    0.664118160
   62.842842272    0.664655632    0.664140629
   62.871188164    0.664666957    0.664162360
   62.899534056    0.664664361    0.664183339
   62.927879948    0.664651344    0.664203649
   62.956225840    0.664634657    0.664223443
   62.984571732    0.664622184    0.664242901
   63.012917624    0.664620470    0.664262179
   63.041263515    0.664632661    0.664281358
   63.069609407    0.664657512    0.664300431
   63.097955299    0.664689770    0.664319306
   63.126301191    0.664721816    0.664337838
   63.154647083    0.664746061    0.664355885
   63.182992975    0.664757339    0.664373346
   63.211338867    0.664754541    0.664390206
   63.239684758    0.664740984    0.664406533
   63.268030650    0.664723374    0.664422465
   63.296376542    0.664709707    0.664438166
   63.324722434    0.664706742    0.664453777
   63.353068326    0.664717861    0.664469376
   63.381414218    0.664741982    0.664484954
   63.409760110    0.664773884    0.664500426
   63.438106002    0.664805841    0.664515658
   63.466451893    0.664830062    0.664530511
   63.494797785    0.664841162    0.664544890
   63.523143677    0.664837884    0.664558774
   63.551489569    0.664823521    0.664572224
   63.579835461    0.664804890    0.664585363
   63.608181353    0.664790190    0.664598343
   63.636527245    0.664786392    0.664611296
   63.664873137    0.664797020    0.664624295
   63.693219028    0.664821008    0.664637334
   63.721564920    0.664853014    0.664650332
   63.749910812    0.664885101    0.664663161
   63.778256704    0.664909257    0.664675691
   63.806602596    0.664919949    0.664687827
   63.834948488    0.664915906    0.664699546
   63.863294380    0.664900547    0.664710899
   63.891640271    0.664880914    0.664722003
   63.919986163    0.664865440    0.664732998
   63.948332055    0.664861262    0.664744010
   63.976677947    0.664871924    0.664755108
   64.005023839    0.664896232    0.664766289
   64.033369731    0.664928605    0.664777475
   64.061715623    0.664960849    0.664788547
   64.090061515    0.664984762    0.664799375
   64.118407406    0.664994770    0.664809868
   64.146753298    0.664989726    0.664819998
   64.175099190    0.664973294    0.664829815
   64.203445082    0.664952801    0.664839425
   64.231790974    0.664936898    0.664848963
   64.260136866    0.664932791    0.664858548
   64.288482758    0.664943916    0.664868249
   64.316828649    0.664968827    0.664878063
   64.345174541    0.665001638    0.664887918
   64.373520433    0.665033902    0.664897695
   64.401866325    0.665057312    0.664907270
   64.430212217    0.665066376    0.664916553
   64.458558109    0.665060193    0.664925515
   64.486904001    0.665042752    0.664934199
   64.515249893    0.665021665    0.664942707
   64.543595784    0.665005731    0.664951170
   64.571941676    0.665002103    0.664959703
   64.600287568    0.665013988    0.664968374
   64.628633460    0.665039603    0.664977180
   64.656979352    0.665072744    0.664986052
   64.685325244    0.665104773    0.664994873
   64.713671136    0.665127394    0.665003524
   64.742017028    0.665135326    0.665011912
   64.770362919    0.665128002    0.665020009
   64.798708811    0.665109759    0.665027854
   64.827054703    0.665088443    0.665035548
   64.855400595    0.665072884    0.665043216
   64.883746487    0.665070057    0.665050971
   64.912092379    0.665082836    0.665058881
   64.940438271    0.665109072    0.665066941
   64.968784162    0.665142285    0.665075086
   64.997130054    0.665173758    0.665083200
   65.025475946    0.665195339    0.665091164
   65.053821838    0.665202063    0.665098889
   65.082167730    0.665193749    0.665106343
   65.110513622    0.665175042    0.665113566
   65.138859514    0.665153917    0.665120655
   65.167205406    0.665139099    0.665127734
   65.195551297    0.665137265    0.665134914
   65.223897189    0.665150897    0.665142259
   65.252243081    0.665177503    0.665149769
   65.280588973    0.665210430    0.665157374
   65.308934865    0.665241019    0.665164963
   65.337280757    0.665261394    0.665172417
   65.365626649    0.665266985    0.665179647
   65.393972540    0.665257981    0.665186623
   65.422318432    0.665239246    0.665193384
   65.450664324    0.665218738    0.665200024
   65.479010216    0.665204938    0.665206666
   65.507356108    0.665204130    0.665213419
   65.535702000    0.665218400    0.665220348
   65.564047892    0.665244993    0.665227448
   65.592393784    0.665277227    0.665234653
   65.620739675    0.665306658    0.665241852
   65.649085567    0.665325793    0.665248925
   65.677431459    0.665330482    0.665255786
   65.705777351    0.665321216    0.665262405
   65.734123243    0.665302938    0.665268821
   65.762469135    0.665283426    0.665275127
   65.790815027    0.665270786    0.665281446
   65.819160919    0.665270864    0.665287884
   65.847506810    0.665285401    0.665294504
   65.875852702    0.665311516    0.665301302
   65.904198594    0.665342666    0.665308208
   65.932544486    0.665370769    0.665315114
   65.960890378    0.665388786    0.665321902
   65.989236270    0.665392954    0.665328487
   66.017582162    0.665383944    0.665334839
   66.045928053    0.665366601    0.665340998
   66.074273945    0.665348361    0.665347059
   66.102619837    0.665336860    0.665353139
   66.130965729    0.665337516    0.665359344
   66.159311621    0.665351834    0.665365736
   66.187657513    0.665376980    0.665372307
   66.216003405    0.665406730    0.665378990
   66.244349297    0.665433480    0.665385676
   66.272695188    0.665450664    0.665392250
   66.301041080    0.665454814    0.665398627
   66.329386972    0.665446610    0.665404780
   66.357732864    0.665430614    0.665410750
   66.386078756    0.665413777    0.665416629
   66.414424648    0.665403221    0.665422534
   66.442770540    0.665404004    0.665428568
   66.471116431    0.665417554    0.665434790
   66.499462323    0.665441281    0.665441191
   66.527808215    0.665469439    0.665447706
   66.556154107    0.665494978    0.665454226
   66.584499999    0.665511761    0.665460637
   66.612845891    0.665516470    0.665466859
   66.641191783    0.665509598    0.665472866
   66.669537675    0.665495241    0.665478697
   66.697883566    0.665479765    0.665484443
   66.726229458    0.665469796    0.665490220
   66.754575350    0.665470154    0.665496128
   66.782921242    0.665482388    0.665502222
   66.811267134    0.665504343    0.665508496
   66.839613026    0.665530882    0.665514881
   66.867958918    0.665555520    0.665521274
   66.896304810    0.665572446    0.665527563
   66.924650701    0.665578307    0.665533669
   66.952996593    0.665573204    0.665539568
   66.981342485    0.665560616    0.665545299
   67.009688377    0.665546282    0.665550951
   67.038034269    0.665536405    0.665556635
   67.066380161    0.665535745    0.665562449
   67.094726053    0.665546179    0.665568447
   67.123071944    0.665566159    0.665574621
   67.151417836    0.665591231    0.665580906
   67.179763728    0.665615424    0.665587201
   67.208109620    0.665633098    0.665593398
   67.236455512    0.665640653    0.665599420
   67.264801404    0.665637614    0.665605242
   67.293147296    0.665626741    0.665610903
   67.321493188    0.665613162    0.665616488
   67.349839079    0.665602798    0.665622104
   67.378184971    0.665600551    0.665627847
   67.406530863    0.665608827    0.665633770
   67.434876755    0.665626812    0.665639866
   67.463222647    0.665650742    0.665646072
   67.491568539    0.665675051    0.665652291
   67.519914431    0.665694073    0.665658419
   67.548260322    0.665703755    0.665664380
   67.576606214    0.665702892    0.665670150
   67.604952106    0.665693488    0.665675764
   67.633297998    0.665680152    0.665681303
   67.661643890    0.665668699    0.665686870
   67.689989782    0.665664388    0.665692558
   67.718335674    0.665670319    0.665698420
   67.746681566    0.665686483    0.665704452
   67.775027457    0.665709743    0.665710594
   67.803373349    0.665734775    0.665716755
   67.831719241    0.665755672    0.665722833
   67.860065133    0.665767746    0.665728753
   67.888411025    0.665768971    0.665734490
   67.916756917    0.665760626    0.665740074
   67.945102809    0.665746945    0.665745581
   67.973448701    0.665733847    0.665751112
   68.001794592    0.665727145    0.665756755
   68.030140484    0.665730750    0.665762566
   68.058486376    0.665745448    0.665768543
   68.086832268    0.665768609    0.665774634
   68.115178160    0.665794946    0.665780750
   68.143524052    0.665818110    0.665786793
   68.171869944    0.665832638    0.665792689
   68.200215835    0.665835661    0.665798408
   68.228561727    0.665827841    0.665803975
   68.256907619    0.665813222    0.665809461
   68.285253511    0.665798042    0.665814962
   68.313599403    0.665788818    0.665820567
   68.341945295    0.665790323    0.665826332
   68.370291187    0.665804058    0.665832262
   68.398637079    0.665827721    0.665838311
   68.426982970    0.665855850    0.665844394
   68.455328862    0.665881483    0.665850415
   68.483674754    0.665898310    0.665856299
   68.512020646    0.665902675    0.665862012
   68.540366538    0.665894781    0.665867571
   68.568712430    0.665878701    0.665873042
   68.597058322    0.665861174    0.665878518
   68.625404213    0.665849520    0.665884088
   68.653750105    0.665849340    0.665889811
   68.682095997    0.665862705    0.665895700
   68.710441889    0.665887430    0.665901714
   68.738787781    0.665917681    0.665907774
   68.767133673    0.665945762    0.665913786
   68.795479565    0.665964524    0.665919669
   68.823825457    0.665969653    0.665925383
   68.852171348    0.665961099    0.665930941
   68.880517240    0.665943173    0.665936400
   68.908863132    0.665923253    0.665941852
   68.937209024    0.665909481    0.665947387
   68.965554916    0.665908178    0.665953072
   68.993900808    0.665921785    0.665958925
   69.022246700    0.665948016    0.665964912
   69.050592592    0.665980507    0.665970959
   69.078938483    0.666010783    0.665976969
   69.107284375    0.666030944    0.665982860
   69.135630267    0.666036208    0.665988582
   69.163976159    0.666026497    0.665994141
   69.192322051    0.666006537    0.665999589
   69.220667943    0.665984416    0.666005016
   69.249013835    0.665969034    0.666010517
   69.277359726    0.665967251    0.666016165
   69.305705618    0.665981652    0.666021987
   69.334051510    0.666009653    0.666027955
   69.362397402    0.666044260    0.666033996
   69.390743294    0.666076263    0.666040014
   69.419089186    0.666097174    0.666045918
   69.447435078    0.666101972    0.666051652
   69.475780970    0.666090767    0.666057212
   69.504126861    0.666068823    0.666062648
   69.532472753    0.666044925    0.666068049
   69.560818645    0.666028582    0.666073516
   69.589164537    0.666026967    0.666079130
   69.617510429    0.666042577    0.666084925
   69.645856321    0.666072379    0.666090881
   69.674202213    0.666108736    0.666096926
   69.702548104    0.666141827    0.666102958
   69.730893996    0.666162801    0.666108879
   69.759239888    0.666166643    0.666114625
   69.787585780    0.666153826    0.666120184
   69.815931672    0.666130200    0.666125605
   69.844277564    0.666105144    0.666130978
   69.872623456    0.666088560    0.666136412
   69.900969348    0.666087681    0.666141995
   69.929315239    0.666104711    0.666147770
   69.957661131    0.666136090    0.666153722
   69.986007023    0.666173612    0.666159776
   70.014352915    0.666207048    0.666165826
   70.042698807    0.666227446    0.666171766
   70.071044699    0.666230024    0.666177522
   70.099390591    0.666215732    0.666183078
   70.127736483    0.666190962    0.666188480
   70.156082374    0.666165503    0.666193824
   70.184428266    0.666149386    0.666199225
   70.212774158    0.666149650    0.666204782
   70.241120050    0.666168062    0.666210545
   70.269465942    0.666200542    0.666216499
   70.297811834    0.666238476    0.666222569
   70.326157726    0.666271493    0.666228640
   70.354503617    0.666290808    0.666234598
   70.382849509    0.666292055    0.666240360
   70.411195401    0.666276689    0.666245907
   70.439541293    0.666251509    0.666251287
   70.467887185    0.666226458    0.666256601
   70.496233077    0.666211412    0.666261973
   70.524578969    0.666213001    0.666267510
   70.552924861    0.666232484    0.666273268
   70.581270752    0.666265367    0.666279232
   70.609616644    0.666302872    0.666285321
   70.637962536    0.666334776    0.666291415
   70.666308428    0.666352709    0.666297386
   70.694654320    0.666352829    0.666303150
   70.723000212    0.666337033    0.666308682
   70.751346104    0.666312302    0.666314036
   70.779691995    0.666288435    0.666319320
   70.808037887    0.666274878    0.666324667
   70.836383779    0.666277702    0.666330192
   70.864729671    0.666297686    0.666335954
   70.893075563    0.666330117    0.666341935
   70.921421455    0.666366347    0.666348047
   70.949767347    0.666396604    0.666354160
   70.978113239    0.666413120    0.666360140
   71.006459130    0.666412597    0.666365897
   71.034805022    0.666397204    0.666371408
   71.063150914    0.666373820    0.666376732
   71.091496806    0.666351782    0.666381987
   71.119842698    0.666339880    0.666387317
   71.148188590    0.666343562    0.666392840
   71.176534482    0.666363256    0.666398615
   71.204880374    0.666394302    0.666404620
   71.233226265    0.666428512    0.666410757
   71.261572157    0.666456822    0.666416886
   71.289918049    0.666472179    0.666422866
   71.318263941    0.666471742    0.666428605
   71.346609833    0.666457700    0.666434085
   71.374955725    0.666436498    0.666439376
   71.403301617    0.666416720    0.666444607
   71.431647508    0.666406343    0.666449928
   71.459993400    0.666410237    0.666455462
   71.488339292    0.666428698    0.666461264
   71.516685184    0.666457450    0.666467302
   71.545031076    0.666489083    0.666473466
   71.573376968    0.666515440    0.666479603
   71.601722860    0.666530188    0.666485569
   71.630068752    0.666530751    0.666491274
   71.658414643    0.666519025    0.666496711
   71.686760535    0.666500681    0.666501962
   71.715106427    0.666483310    0.666507171
   71.743452319    0.666474023    0.666512498
   71.771798211    0.666477260    0.666518066
   71.800144103    0.666493488    0.666523918
   71.828489995    0.666519164    0.666530005
   71.856835886    0.666547931    0.666536198
   71.885181778    0.666572644    0.666542333
   71.913527670    0.666587585    0.666548259
   71.941873562    0.666590166    0.666553896
   71.970219454    0.666581631    0.666559258
   71.998565346    0.666566572    0.666564453
   72.026911238    0.666551434    0.666569647
   72.055257130    0.666542519    0.666575010
   72.083603021    0.666544086    0.666580661
   72.111948913    0.666557129    0.666586620
   72.140294805    0.666579170    0.666592802
   72.168640697    0.666605104    0.666599041
   72.196986589    0.666628791    0.666605143
   72.225332481    0.666644913    0.666610955
   72.253678373    0.666650525    0.666616418
   72.282024265    0.666645865    0.666621597
   72.310370156    0.666634200    0.666626667
   72.338716048    0.666620792    0.666631856
   72.367061940    0.666611305    0.666637373
   72.395407832    0.666610147    0.666643324
   72.423753724    0.666619206    0.666649661
   72.452099616    0.666637357    0.666656176
   72.480445508    0.666660837    0.666662545
   72.508791399    0.666684382    0.666668428
   72.537137291    0.666702764    0.666673591
   72.565483183    0.666712305    0.666678028
   72.593829075    0.666711918    0.666682049
   72.622174967    0.666703405    0.666686312
   72.650520859    0.666690921    0.666691784
   72.678866751    0.666679777    0.666699651
   72.707212643    0.666674908    0.666711181
   72.735558534    0.666679447    0.666727583
   72.763904426    0.666693809    0.666749890
   72.792250318    0.666715546    0.666778882
   72.820596210    0.666740019    0.666815069
   72.848942102    0.666761721    0.666858723
   72.877287994    0.666775864    0.666909952
   72.905633886    0.666779797    0.666968771
   72.933979777    0.666773833    0.667035179
   72.962325669    0.666761233    0.667109199
   72.990671561    0.666747313    0.667190886
   73.019017453    0.666737933    0.667280313
   73.047363345    0.666737752    0.667377537
   73.075709237    0.666748805    0.667482574
   73.104055129    0.666769791    0.667595379
   73.132401021    0.666796355    0.667715861
   73.160746912    0.666822298    0.667843906
   73.189092804    0.666841397    0.667979415
   73.217438696    0.666849306    0.668122338
   73.245784588    0.666844966    0.668272691
   73.274130480    0.666831061    0.668430556
   73.302476372    0.666813334    0.668596051
   73.330822264    0.666798929    0.668769295
   73.359168156    0.666794224    0.668950370
   73.387514047    0.666802807    0.669139295
   73.415859939    0.666824238    0.669336016
   73.444205831    0.666854028    0.669540427
   73.472551723    0.666884884    0.669752403
   73.500897615    0.666908905    0.669971836
   73.529243507    0.666920056    0.670198675
   73.557589399    0.666916156    0.670432938
   73.585935290    0.666899722    0.670674709
   73.614281182    0.666877356    0.670924106
   73.642627074    0.666857786    0.671181251
   73.670972966    0.666849164    0.671446224
   73.699318858    0.666856429    0.671719045
   73.727664750    0.666879603    0.671999663
   73.756010642    0.666913606    0.672287974
   73.784356534    0.666949702    0.672583854
   73.812702425    0.666978189    0.672887200
   73.841048317    0.666991489    0.673197958
   73.869394209    0.666986675    0.673516144
   73.897740101    0.666966573    0.673841834
   73.926085993    0.666939041    0.674175143
   73.954431885    0.666914590    0.674516189
   73.982777777    0.666903055    0.674865053
   74.011123668    0.666910387    0.675221760
   74.039469560    0.666936590    0.675586264
   74.067815452    0.666975541    0.675958470
   74.096161344    0.667016795    0.676338259
   74.124507236    0.667048863    0.676725526
   74.152853128    0.667062922    0.677120215
   74.181199020    0.667055776    0.677522332
   74.209544912    0.667031054    0.677931944
   74.237890803    0.666998213    0.678349162
   74.266236695    0.666969606    0.678774099
   74.294582587    0.666956519    0.679206844
   74.322928479    0.666965448    0.679647426
   74.351274371    0.666995851    0.680095814
   74.379620263    0.667040150    0.680551918
   74.407966155    0.667086037    0.681015624
   74.436312047    0.667120400    0.681486825
   74.464657938    0.667133605    0.681965454
   74.493003830    0.667122737    0.682451506
   74.521349722    0.667092712    0.682945039
   74.549695614    0.667054837    0.683446155
   74.578041506    0.667023232    0.683954973
   74.606387398    0.667010250    0.684471587
   74.634733290    0.667022375    0.684996041
   74.663079181    0.667057967    0.685528313
   74.691425073    0.667107640    0.686068325
   74.719770965    0.667157195    0.686615960
   74.748116857    0.667192207    0.687171105
   74.776462749    0.667202774    0.687733680
   74.804808641    0.667186871    0.688303667
   74.833154533    0.667151157    0.688881112
   74.861500425    0.667108939    0.689466116
   74.889846316    0.667075899    0.690058802
   74.918192208    0.667064948    0.690659278
   74.946538100    0.667081918    0.691267602
   74.974883992    0.667123511    0.691883766
   75.003229884    0.667178238    0.692507697
   75.031575776    0.667230084    0.693139275
   75.059921668    0.667263741    0.693778374
   75.088267559    0.667269690    0.694424899
   75.116613451    0.667247448    0.695078814
   75.144959343    0.667205872    0.695740159
   75.173305235    0.667160366    0.696409035
   75.201651127    0.667127862    0.697085577
   75.229997019    0.667121225    0.697769909
   75.258342911    0.667144900    0.698462108
   75.286688803    0.667193311    0.699162177
   75.315034694    0.667252558    0.699870044
   75.343380586    0.667304922    0.700585581
   75.371726478    0.667334720    0.701308643
   75.400072370    0.667333575    0.702039113
   75.428418262    0.667303336    0.702776945
   75.456764154    0.667255630    0.703522170
   75.485110046    0.667208129    0.704274899
   75.513455938    0.667178727    0.705035285
   75.541801829    0.667179527    0.705803472
   75.570147721    0.667212664    0.706579558
   75.598493613    0.667269391    0.707363554
   75.626839505    0.667332809    0.708155382
   75.655185397    0.667383409    0.708954894
   75.683531289    0.667405618    0.709761923
   75.711877181    0.667393184    0.710576331
   75.740223072    0.667351536    0.711398055
   75.768568964    0.667296256    0.712227131
   75.796914856    0.667248052    0.713063688
   75.825260748    0.667225829    0.713907904
   75.853606640    0.667240140    0.714759954
   75.881952532    0.667289235    0.715619952
   75.910298424    0.667359166    0.716487909
   75.938644316    0.667428065    0.717363733
   75.966990207    0.667473343    0.718247245
   75.995336099    0.667479517    0.719138244
   76.023681991    0.667444040    0.720036565
   76.052027883    0.667379062    0.720942138
   76.080373775    0.667308263    0.721855016
   76.108719667    0.667259486    0.722775359
   76.137065559    0.667255325    0.723703390
   76.165411450    0.667304617    0.724639320
   76.193757342    0.667397723    0.725583279
   76.222103234    0.667507489    0.726535270
   76.250449126    0.667596143    0.727495158
   76.278795018    0.667626634    0.728462712
   76.307140910    0.667575481    0.729437677
   76.335486802    0.667443586    0.730419854
   76.363832694    0.667261878    0.731409178
   76.392178585    0.667089923    0.732405741
   76.420524477    0.667007486    0.733409778
   76.448870369    0.667100902    0.734421591
   76.477216261    0.667447467    0.735441455
   76.505562153    0.668101556    0.736469518
   76.533908045    0.669085665    0.737505742
   76.562253937    0.670388256    0.738549896
   76.590599829    0.671968494    0.739601618
   76.618945720    0.673766269    0.740660528
   76.647291612    0.675714738    0.741726354
   76.675637504    0.677752230    0.742799047
   76.703983396    0.679830873    0.743878830
   76.732329288    0.681920454    0.744966161
   76.760675180    0.684007431    0.746061620
   76.789021072    0.686090321    0.747165728
   76.817366963    0.688173453    0.748278756
   76.845712855    0.690261210    0.749400557
   76.874058747    0.692354369    0.750530486
   76.902404639    0.694449228    0.751667418
   76.930750531    0.696539211    0.752809871
   76.959096423    0.698617862    0.753956205
   76.987442315    0.700681829    0.755104855
   77.015788207    0.702732608    0.756254532
   77.044134098    0.704776393    0.757404356
   77.072479990    0.706822129    0.758553898
   77.100825882    0.708878504    0.759703111
   77.129171774    0.710950978    0.760852201
   77.157517666    0.713039892    0.762001457
   77.185863558    0.715140291    0.763151108
   77.214209450    0.717243523    0.764301226
   77.242555341    0.719340036    0.765451705
   77.270901233    0.721422443    0.766602310
   77.299247125    0.723487861    0.767752767
   77.327593017    0.725538766    0.768902864
   77.355938909    0.727582137    0.770052525
   77.384284801    0.729627202    0.771201830
   77.412630693    0.731682517    0.772350984
   77.440976585    0.733753329    0.773500239
   77.469322476    0.735840020    0.774649811
   77.497668368    0.737938096    0.775799797
   77.526014260    0.740039670    0.776950153
   77.554360152    0.742135936    0.778100703
   77.582706044    0.744219871    0.779251209
   77.611051936    0.746288311    0.780401446
   77.639397828    0.748342825    0.781551285
   77.667743720    0.750389137    0.782700733
   77.696089611    0.752435330    0.783849932
   77.724435503    0.754489388    0.784999107
   77.752781395    0.756556830    0.786148491
   77.781127287    0.758639118    0.787298249
   77.809473179    0.760733298    0.788448415
   77.837819071    0.762832931    0.789598888
   77.866164963    0.764930030    0.790749462
   77.894510854    0.767017416    0.791899897
   77.922856746    0.769090806    0.793050000
   77.951202638    0.771150049    0.794199687
   77.979548530    0.773199151    0.795349016
   78.007894422    0.775245103    0.796498161
   78.036240314    0.777295849    0.797647362
   78.064586206    0.779357973    0.798796838
   78.092932098    0.781434769    0.799946718
   78.121277989    0.783525245    0.801096996
   78.149623881    0.785624352    0.802247535
   78.177969773    0.787724404    0.803398111
   78.206315665    0.789817286    0.804548485
   78.234661557    0.791896842    0.805698487
   78.263007449    0.793960744    0.806848069
   78.291353341    0.796011290    0.807997322
   78.319699232    0.798054856    0.809146444
   78.348045124    0.800100115    0.810295679
   78.376391016    0.802155506    0.811445232
   78.404736908    0.804226676    0.812595205
   78.433082800    0.806314660    0.813745560
   78.461428692    0.808415384    0.814896134
   78.489774584    0.810520706    0.816046693
   78.518120476    0.812620747    0.817197006
   78.546466367    0.814706868    0.818346924
   78.574812259    0.816774400    0.819496427
   78.603158151    0.818824275    0.820645633
   78.631504043    0.820862987    0.821794754
   78.659849935    0.822900813    0.822944032
   78.688195827    0.824948749    0.824093658
   78.716541719    0.827015080    0.825243706
   78.744887611    0.829102623    0.826394113
   78.773233502    0.831207582    0.827544700
   78.801579394    0.833320445    0.828695226
   78.829925286    0.835428757    0.829845475
   78.858271178    0.837520970    0.830995317
   78.886617070    0.839590198    0.832144761
   78.914962962    0.841636645    0.833293941
   78.943308854    0.843667871    0.834443079
   78.971654745    0.845696685    0.835592412
   79.000000637    0.847737231    0.836742108
   79.028346529    0.849800461    0.837892219
   79.056692421    0.851890426    0.839042661
   79.085038313    0.854002643    0.840193239
   79.113384205    0.856125182    0.841343719
   79.141730097    0.858242230    0.842493897
   79.170075989    0.860339107    0.843643670
   79.198421880    0.862407127    0.844793066
   79.226767772    0.864446715    0.845942238
   79.255113664    0.866467663    0.847091411
   79.283459556    0.868486306    0.848240808
   79.311805448    0.870520412    0.849390579
   79.340151340    0.872583375    0.850540748
   79.368497232    0.874679593    0.851691211
   79.396843123    0.876802633    0.852841766
   79.425189015    0.878936906    0.853992184
   79.453534907    0.881062458    0.855142280
   79.481880799    0.883161424    0.856291976
   79.510226691    0.885224060    0.857441328
   79.538572583    0.887252338    0.858590503
   79.566918475    0.889259776    0.859739728
   79.595264367    0.891267415    0.860889210
   79.623610258    0.893297093    0.862039074
   79.651956150    0.895364165    0.863189314
   79.680302042    0.897472079    0.864339800
   79.708647934    0.899610697    0.865490319
   79.736993826    0.901759117    0.866640648
   79.765339718    0.903892233    0.867790623
   79.793685610    0.905989012    0.868940204
   79.822031502    0.908039777    0.870089482
   79.850377393    0.910050002    0.871238655
   79.878723285    0.912039163    0.872387961
   79.907069177    0.914034811    0.873537595
   79.935415069    0.916063612    0.874687642
   79.963760961    0.918142239    0.875838045
   79.992106853    0.920271182    0.876988612
   80.020452745    0.922433727    0.878139081
   80.048798636    0.924600725    0.879289210
   80.077144528    0.926739856    0.880438862
   80.105490420    0.928826517    0.881588071
   80.133836312    0.930852726    0.882737051
   80.162182204    0.932830926    0.883886142
   80.190528096    0.934791055    0.885035712
   80.218873988    0.936771456    0.886186020
   80.247219880    0.938806264    0.887337090
   80.275565771    0.940913285    0.888488617
   80.303911663    0.943086500    0.889639939
   80.332257555    0.945296072    0.890790073
   80.360603447    0.947496460    0.891937814
   80.388949339    0.949640631    0.893081878
   80.417295231    0.951696179    0.894221044
   80.445641123    0.953658202    0.895354274
   80.473987014    0.955554410    0.896480792
   80.502332906    0.957440002    0.897600096
   80.530678798    0.959382849    0.898711925
   80.559024690    0.961442557    0.899816186
   80.587370582    0.963649098    0.900912872
   80.615716474    0.965987245    0.902001994
   80.644062366    0.968391749    0.903083532
   80.672408258    0.970755424    0.904157428
   80.700754149    0.972948740    0.905223599
   80.729100041    0.974846287    0.906281975
   80.757445933    0.976353446    0.907332524
   80.785791825    0.977426418    0.908375275
   80.814137717    0.978080491    0.909410312
   80.842483609    0.978384600    0.910437750
   80.870829501    0.978443894    0.911457700
   80.899175393    0.978375170    0.912470233
   80.927521284    0.978281761    0.913475356
   80.955867176    0.978234289    0.914473010
   80.984213068    0.978261763    0.915463085
   81.012558960    0.978354399    0.916445457
   81.040904852    0.978476174    0.917420021
   81.069250744    0.978582605    0.918386731
   81.097596636    0.978638100    0.919345605
   81.125942527    0.978627848    0.920296730
   81.154288419    0.978561299    0.921240224
   81.182634311    0.978467062    0.922176211
   81.210980203    0.978381718    0.923104776
   81.239326095    0.978336739    0.924025942
   81.267671987    0.978347994    0.924939661
   81.296017879    0.978411148    0.925845833
   81.324363771    0.978504144    0.926744331
   81.352709662    0.978595540    0.927635041
   81.381055554    0.978655642    0.928517899
   81.409401446    0.978666550    0.929392908
   81.437747338    0.978627830    0.930260137
   81.466093230    0.978556067    0.931119702
   81.494439122    0.978478687    0.931971733
   81.522785014    0.978424324    0.932816328
   81.551130905    0.978413069    0.933653531
   81.579476797    0.978449883    0.934483314
   81.607822689    0.978523282    0.935305584
   81.636168581    0.978609590    0.936120214
   81.664514473    0.978681203    0.936927078
   81.692860365    0.978715972    0.937726089
   81.721206257    0.978704567    0.938517230
   81.749552149    0.978653375    0.939300556
   81.777898040    0.978582082    0.940076182
   81.806243932    0.978516840    0.940844244
   81.834589824    0.978481401    0.941604864
   81.862935716    0.978489201    0.942358106
   81.891281608    0.978539025    0.943103961
   81.919627500    0.978615631    0.943842343
   81.947973392    0.978695035    0.944573117
   81.976319284    0.978752623    0.945296141
   82.004665175    0.978771348    0.946011304
   82.033011067    0.978747291    0.946718569
   82.061356959    0.978690782    0.947417979
   82.089702851    0.978622784    0.948109650
   82.118048743    0.978567804    0.948793736
   82.146394635    0.978545746    0.949470378
   82.174740527    0.978565392    0.950139667
   82.203086418    0.978621655    0.950801607
   82.231432310    0.978697445    0.951456114
   82.259778202    0.978769463    0.952103044
   82.288124094    0.978815947    0.952742230
   82.316469986    0.978823805    0.953373540
   82.344815878    0.978792790    0.953996914
   82.373161770    0.978735397    0.954612392
   82.401507662    0.978672587    0.955220096
   82.429853553    0.978626804    0.955820198
   82.458199445    0.978614610    0.956412868
   82.486545337    0.978641372    0.956998215
   82.514891229    0.978699674    0.957576255
   82.543237121    0.978771943    0.958146903
   82.571583013    0.978836326    0.958709995
   82.599928905    0.978873871    0.959265341
   82.628274796    0.978874640    0.959812785
   82.656620688    0.978840781    0.960352252
   82.684966580    0.978785627    0.960883780
   82.713312472    0.978729181    0.961407504
   82.741658364    0.978691523    0.961923622
   82.770004256    0.978686312    0.962432327
   82.798350148    0.978716498    0.962933747
   82.826696040    0.978773566    0.963427906
   82.855041931    0.978840504    0.963914707
   82.883387823    0.978897444    0.964393965
   82.911733715    0.978928112    0.964865464
   82.940079607    0.978924985    0.965329025
   82.968425499    0.978891523    0.965784564
   82.996771391    0.978840831    0.966232122
   83.025117283    0.978791254    0.966671857
   83.053463175    0.978760394    0.967103992
   83.081809066    0.978759503    0.967528744
   83.110154958    0.978790034    0.967946259
   83.138500850    0.978843404    0.968356556
   83.166846742    0.978903963    0.968759522
   83.195192634    0.978954137    0.969154947
   83.223538526    0.978980056    0.969542585
   83.251884418    0.978975864    0.969922239
   83.280230309    0.978945368    0.970293822
   83.308576201    0.978900594    0.970657389
   83.336922093    0.978857770    0.971013123
   83.365267985    0.978832100    0.971361279
   83.393613877    0.978833005    0.971702098
   83.421959769    0.978861312    0.972035732
   83.450305661    0.978909236    0.972362192
   83.478651553    0.978963057    0.972681340
   83.506997444    0.979007581    0.972992929
   83.535343336    0.979030932    0.973296686
   83.563689228    0.979028158    0.973592399
   83.592035120    0.979002569    0.973879985
   83.620381012    0.978964465    0.974159527
   83.648726904    0.978927732    0.974431245
   83.677072796    0.978905433    0.974695428
   83.705418687    0.978905800    0.974952340
   83.733764579    0.978929838    0.975202136
   83.762110471    0.978971248    0.975444801
   83.790456363    0.979018580    0.975680155
   83.818802255    0.979058909    0.975907907
   83.847148147    0.979081828    0.976127750
   83.875494039    0.979082549    0.976339460
   83.903839931    0.979063176    0.976542978
   83.932185822    0.979031855    0.976738429
   83.960531714    0.979000117    0.976926093
   83.988877606    0.978979283    0.977106310
   84.017223498    0.978977063    0.977279372
   84.045569390    0.978995348    0.977445419
   84.073915282    0.979029817    0.977604388
   84.102261174    0.979071416    0.977756021
   84.130607066    0.979109204    0.977899949
   84.158952957    0.979133660    0.978035807
   84.187298849    0.979139475    0.978163363
   84.215644741    0.979127007    0.978282607
   84.243990633    0.979102031    0.978393768
   84.272336525    0.979073892    0.978497253
   84.300682417    0.979052672    0.978593523
   84.329028309    0.979046207    0.978682931
   84.357374200    0.979057834    0.978765592
   84.385720092    0.979085512    0.978841307
   84.414065984    0.979122510    0.978909593
   84.442411876    0.979159461    0.978969808
   84.470757768    0.979187129    0.979021351
   84.499103660    0.979199108    0.979063879
   84.527449552    0.979193652    0.979097497
   84.555795444    0.979174145    0.979122851
   84.584141335    0.979148070    0.979141108
   84.612487227    0.979124811    0.979153817
   84.640833119    0.979112903    0.979162691
   84.669179011    0.979117541    0.979169349
   84.697524903    0.979139058    0.979175101
   84.725870795    0.979172813    0.979180803
   84.754216687    0.979210526    0.979186835
   84.782562578    0.979242689    0.979193174
   84.810908470    0.979261356    0.979199555
   84.839254362    0.979262510    0.979205650
   84.867600254    0.979247297    0.979211230
   84.895946146    0.979221763    0.979216257
   84.924292038    0.979195127    0.979220889
   84.952637930    0.979177087    0.979225424
   84.980983822    0.979174925    0.979230180
   85.009329713    0.979191269    0.979235389
