    0.000000000    0.850666279    0.850713567
    0.028345892    0.850713941    0.850719611
    0.056691784    0.850765115    0.850725775
    0.085037676    0.850805642    0.850731829
    0.113383567    0.850824581    0.850737576
    0.141729459    0.850817646    0.850742911
    0.170075351    0.850788581    0.850747855
    0.198421243    0.850748055    0.850752549
    0.226767135    0.850710382    0.850757208
    0.255113027    0.850689089    0.850762056
    0.283458919    0.850692685    0.850767251
    0.311804811    0.850721981    0.850772841
    0.340150702    0.850769772    0.850778744
    0.368496594    0.850823033    0.850784774
    0.396842486    0.850866939    0.850790699
    0.425188378    0.850889481    0.850796316
    0.453534270    0.850885232    0.850801509
    0.481880162    0.850857093    0.850806289
    0.510226054    0.850815442    0.850810790
    0.538571946    0.850774954    0.850815227
    0.566917837    0.850750044    0.850819828
    0.595263729    0.850750360    0.850824763
    0.623609621    0.850777740    0.850830090
    0.651955513    0.850825575    0.850835738
    0.680301405    0.850880818    0.850841526
    0.708647297    0.850928016    0.850847218
    0.736993189    0.850954120    0.850852600
    0.765339080    0.850952586    0.850857541
    0.793684972    0.850925464    0.850862038
    0.822030864    0.850882820    0.850866214
    0.850376756    0.850839642    0.850870281
    0.878722648    0.850811188    0.850874472
    0.907068540    0.850808214    0.850878973
    0.935414432    0.850833580    0.850883857
    0.963760324    0.850881301    0.850889066
    0.992106215    0.850938356    0.850894424
    1.020452107    0.850988718    0.850899692
    1.048797999    0.851018349    0.850904643
    1.077143891    0.851019602    0.850909128
    1.105489783    0.850993659    0.850913124
    1.133835675    0.850950219    0.850916739
    1.162181567    0.850904519    0.850920182
    1.190527458    0.850872598    0.850923694
    1.218873350    0.850866289    0.850927472
    1.247219242    0.850889480    0.850931610
    1.275565134    0.850936855    0.850936064
    1.303911026    0.850995496    0.850940667
    1.332256918    0.851048879    0.850945176
    1.360602810    0.851082024    0.850949347
    1.388948702    0.851086192    0.850953009
    1.417294593    0.851061658    0.850956116
    1.445640485    0.851017679    0.850958759
    1.473986377    0.850969651    0.850961139
    1.502332269    0.850934328    0.850963501
    1.530678161    0.850924583    0.850966060
    1.559024053    0.850945364    0.850968928
    1.587369945    0.850992093    0.850972081
    1.615715837    0.851052051    0.850975359
    1.644061728    0.851108304    0.850978515
    1.672407620    0.851144984    0.850981286
    1.700753512    0.851152254    0.850983476
    1.729099404    0.851129420    0.850985008
    1.757445296    0.851085201    0.850985952
    1.785791188    0.851035046    0.850986497
    1.814137080    0.850996346    0.850986892
    1.842482971    0.850983002    0.850987367
    1.870828863    0.851001061    0.850988056
    1.899174755    0.851046781    0.850988955
    1.927520647    0.851107754    0.850989911
    1.955866539    0.851166736    0.850990671
    1.984212431    0.851207015    0.850990953
    2.012558323    0.851217635    0.850990525
    2.040904215    0.851196850    0.850989275
    2.069250106    0.851152717    0.850987243
    2.097595998    0.851100626    0.850984601
    2.125941890    0.851058533    0.850981598
    2.154287782    0.851041357    0.850978478
    2.182633674    0.851056310    0.850975396
    2.210979566    0.851100604    0.850972366
    2.239325458    0.851162272    0.850969244
    2.267671349    0.851223859    0.850965769
    2.296017241    0.851267847    0.850961628
    2.324363133    0.851282118    0.850956549
    2.352709025    0.851263769    0.850950374
    2.381054917    0.851220060    0.850943101
    2.409400809    0.851166198    0.850934875
    2.437746701    0.851120632    0.850925939
    2.466092593    0.851099312    0.850916545
    2.494438484    0.851110702    0.850906868
    2.522784376    0.851153101    0.850896937
    2.551130268    0.851215123    0.850886615
    2.579476160    0.851279203    0.850875623
    2.607822052    0.851327039    0.850863612
    2.636167944    0.851345295    0.850850254
    2.664513836    0.851329785    0.850835327
    2.692859728    0.851286821    0.850818773
    2.721205619    0.851231301    0.850800693
    2.749551511    0.851182106    0.850781308
    2.777897403    0.851156243    0.850760870
    2.806243295    0.851163531    0.850739563
    2.834589187    0.851203507    0.850717430
    2.862935079    0.851265517    0.850694328
    2.891280971    0.851331978    0.850669950
    2.919626862    0.851383818    0.850643893
    2.947972754    0.851406407    0.850615748
    2.976318646    0.851394133    0.850585204
    3.004664538    0.851352202    0.850552112
    3.033010430    0.851295073    0.850516502
    3.061356322    0.851242010    0.850478547
    3.089702214    0.851211112    0.850438476
    3.118048106    0.851213677    0.850396468
    3.146393997    0.851250641    0.850352559
    3.174739889    0.851312232    0.850306586
    3.203085781    0.851380941    0.850258193
    3.231431673    0.851436929    0.850206887
    3.259777565    0.851464178    0.850152140
    3.288123457    0.851455499    0.850093500
    3.316469349    0.851414820    0.850030674
    3.344815240    0.851356036    0.849963568
    3.373161132    0.851298745    0.849892257
    3.401507024    0.851262194    0.849816906
    3.429852916    0.851259287    0.849737655
    3.458198808    0.851292533    0.849654505
    3.486544700    0.851353197    0.849567241
    3.514890592    0.851423933    0.849475413
    3.543236484    0.851484127    0.849378386
    3.571582375    0.851516272    0.849275436
    3.599928267    0.851511437    0.849165876
    3.628274159    0.851472101    0.849049169
    3.656620051    0.851411462    0.848924986
    3.684965943    0.851349412    0.848793209
    3.713311835    0.851306402    0.848653857
    3.741657727    0.851297086    0.848506965
    3.770003619    0.851325724    0.848352448
    3.798349510    0.851384778    0.848189988
    3.826695402    0.851457156    0.848018976
    3.855041294    0.851521457    0.847838534
    3.883387186    0.851558577    0.847647596
    3.911733078    0.851557670    0.847445052
    3.940078970    0.851519581    0.847229887
    3.968424862    0.851456678    0.847001301
    3.996770753    0.851389099    0.846758755
    4.025116645    0.851338560    0.846501944
    4.053462537    0.851321613    0.846230684
    4.081808429    0.851344456    0.845944749
    4.110154321    0.851400914    0.845643687
    4.138500213    0.851474245    0.845326662
    4.166846105    0.851542248    0.844992343
    4.195191997    0.851584113    0.844638878
    4.223537888    0.851586895    0.844263939
    4.251883780    0.851549609    0.843864831
    4.280229672    0.851483644    0.843438639
    4.308575564    0.851409329    0.842982389
    4.336921456    0.851349703    0.842493191
    4.365267348    0.851323366    0.841968353
    4.393613240    0.851338651    0.841405460
    4.421959131    0.851390932    0.840802427
    4.450305023    0.851463926    0.840157514
    4.478650915    0.851534635    0.839469340
    4.506996807    0.851580425    0.838736868
    4.535342699    0.851586059    0.837959385
    4.563688591    0.851548509    0.837136460
    4.592034483    0.851478012    0.836267884
    4.620380375    0.851395019    0.835353599
    4.648726266    0.851323936    0.834393620
    4.677072158    0.851285567    0.833387963
    4.705418050    0.851290600    0.832336613
    4.733763942    0.851336163    0.831239527
    4.762109834    0.851406564    0.830096681
    4.790455726    0.851478022    0.828908164
    4.818801618    0.851525964    0.827674279
    4.847147510    0.851532650    0.826395636
    4.875493401    0.851492755    0.825073196
    4.903839293    0.851415157    0.823708259
    4.932185185    0.851320319    0.822302375
    4.960531077    0.851234047    0.820857202
    4.988876969    0.851179509    0.819374344
    5.017222861    0.851169983    0.817855196
    5.045568753    0.851204596    0.816300859
    5.073914644    0.851268415    0.814712122
    5.102260536    0.851336907    0.813089538
    5.130606428    0.851383442    0.811433556
    5.158952320    0.851387535    0.809744679
    5.187298212    0.851341266    0.808023594
    5.215644104    0.851251886    0.806271228
    5.243989996    0.851139719    0.804488713
    5.272335888    0.851031978    0.802677251
    5.300681779    0.850954364    0.800837928
    5.329027671    0.850923025    0.798971516
    5.357373563    0.850939388    0.797078330
    5.385719455    0.850989500    0.795158188
    5.414065347    0.851048147    0.793210495
    5.442411239    0.851086517    0.791234437
    5.470757131    0.851081091    0.789229238
    5.499103022    0.851020987    0.787194414
    5.527448914    0.850911477    0.785129940
    5.555794806    0.850772521    0.783036288
    5.584140698    0.850632716    0.780914306
    5.612486590    0.850520477    0.778764973
    5.640832482    0.850455151    0.776589082
    5.669178374    0.850440838    0.774386949
    5.697524266    0.850464856    0.772158246
    5.725870157    0.850501405    0.769901993
    5.754216049    0.850519351    0.767616760
    5.782561941    0.850491775    0.765301018
    5.810907833    0.850404335    0.762953560
    5.839253725    0.850259841    0.760573872
    5.867599617    0.850077555    0.758162348
    5.895945509    0.849887369    0.755720267
    5.924291401    0.849720599    0.753249511
    5.952637292    0.849600194    0.750752080
    5.980983184    0.849533402    0.748229525
    6.009329076    0.849509199    0.745682433
    6.037674968    0.849501349    0.743110144
    6.066020860    0.849476222    0.740510784
    6.094366752    0.849403024    0.737881677
    6.122712644    0.849263288    0.735220068
    6.151058535    0.849056683    0.732524024
    6.179404427    0.848801281    0.729793332
    6.207750319    0.848528107    0.727030160
    6.236096211    0.848271587    0.724239329
    6.264442103    0.848058784    0.721428090
    6.292787995    0.847900736    0.718605404
    6.321133887    0.847788616    0.715780850
    6.349479779    0.847695974    0.712963346
    6.377825670    0.847586468    0.710159939
    6.406171562    0.847424771    0.707374878
    6.434517454    0.847187341    0.704609149
    6.462863346    0.846869707    0.701860549
    6.491209238    0.846487970    0.699124254
    6.519555130    0.846073952    0.696393743
    6.547901022    0.845665381    0.693661875
    6.576246913    0.845294075    0.690921899
    6.604592805    0.844975711    0.688168185
    6.632938697    0.844704396    0.685396589
    6.661284589    0.844453774    0.682604397
    6.689630481    0.844184461    0.679789942
    6.717976373    0.843855613    0.676952036
    6.746322265    0.843437156    0.674089380
    6.774668157    0.842918895    0.671200140
    6.803014048    0.842313669    0.668281779
    6.831359940    0.841653434    0.665331205
    6.859705832    0.840979364    0.662345168
    6.888051724    0.840328886    0.659320820
    6.916397616    0.839723572    0.656256274
    6.944743508    0.839161615    0.653151043
    6.973089400    0.838617306    0.650006239
    7.001435292    0.838047798    0.646824510
    7.029781183    0.837405253    0.643609732
    7.058127075    0.836650752    0.640366546
    7.086472967    0.835765765    0.637099859
    7.114818859    0.834757601    0.633814425
    7.143164751    0.833657049    0.630514585
    7.171510643    0.832508743    0.627204226
    7.199856535    0.831357006    0.623886911
    7.228202426    0.830231378    0.620566143
    7.256548318    0.829136212    0.617245649
    7.284894210    0.828047595    0.613929602
    7.313240102    0.826918708    0.610622700
    7.341585994    0.825692220    0.607330079
    7.369931886    0.824316163    0.604057067
    7.398277778    0.822758581    0.600808825
    7.426623670    0.821016518    0.597589958
    7.454969561    0.819116481    0.594404155
    7.483315453    0.817105988    0.591253922
    7.511661345    0.815038438    0.588140422
    7.540007237    0.812955617    0.585063429
    7.568353129    0.810872918    0.582021349
    7.596699021    0.808771735    0.579011283
    7.625044913    0.806601490    0.576029081
    7.653390804    0.804291021    0.573069391
    7.681736696    0.801766340    0.570125685
    7.710082588    0.798969856    0.567190317
    7.738428480    0.795875595    0.564254630
    7.766774372    0.792495943    0.561309158
    7.795120264    0.788877650    0.558343932
    7.823466156    0.785087759    0.555348874
    7.851812048    0.781192817    0.552314250
    7.880157939    0.777236597    0.549231108
    7.908503831    0.773221954    0.546091639
    7.936849723    0.769101406    0.542889427
    7.965195615    0.764778783    0.539619529
    7.993541507    0.760121555    0.536278430
    8.021887399    0.754980855    0.532863895
    8.050233291    0.749214586    0.529374778
    8.078579183    0.742708555    0.525810863
    8.106925074    0.735391485    0.522172775
    8.135270966    0.727241569    0.518461988
    8.163616858    0.718284417    0.514680900
    8.191962750    0.708584215    0.510832947
    8.220308642    0.698231087    0.506922672
    8.248654534    0.687327898    0.502955713
    8.277000426    0.675979044    0.498938659
    8.305346317    0.664282577    0.494878783
    8.333692209    0.652325722    0.490783685
    8.362038101    0.640182920    0.486660918
    8.390383993    0.627915209    0.482517669
    8.418729885    0.615570062    0.478360562
    8.447075777    0.603181501    0.474195616
    8.475421669    0.590770963    0.470028355
    8.503767561    0.578349783    0.465864003
    8.532113452    0.565923913    0.461707712
    8.560459344    0.553500767    0.457564709
    8.588805236    0.541097047    0.453440320
    8.617151128    0.528745538    0.449339830
    8.645497020    0.516498514    0.445268214
    8.673842912    0.504425883    0.441229789
    8.702188804    0.492607453    0.437227899
    8.730534695    0.481120444    0.433264701
    8.758880587    0.470025059    0.429341133
    8.787226479    0.459351967    0.425457061
    8.815572371    0.449095554    0.421611566
    8.843918263    0.439215524    0.417803278
    8.872264155    0.429647244    0.414030648
    8.900610047    0.420318622    0.410292057
    8.928955939    0.411169147    0.406585713
    8.957301830    0.402165642    0.402909348
    8.985647722    0.393309822    0.399259809
    9.013993614    0.384634811    0.395632667
    9.042339506    0.376190950    0.392022019
    9.070685398    0.368024510    0.388420595
    9.099031290    0.360155450    0.384820258
    9.127377182    0.352561178    0.381212838
    9.155723074    0.345172012    0.377591209
    9.184068965    0.337880944    0.373950383
    9.212414857    0.330566141    0.370288397
    9.240760749    0.323120555    0.366606786
    9.269106641    0.315480324    0.362910522
    9.297452533    0.307643273    0.359207370
    9.325798425    0.299671009    0.355506799
    9.354144317    0.291672511    0.351818636
    9.382490208    0.283772454    0.348151733
    9.410836100    0.276072417    0.344512913
    9.439181992    0.268615961    0.340906390
    9.467527884    0.261368379    0.337333746
    9.495873776    0.254218544    0.333794445
    9.524219668    0.247004350    0.330286699
    9.552565560    0.239556391    0.326808477
    9.580911452    0.231748647    0.323358403
    9.609257343    0.223541798    0.319936334
    9.637603235    0.215005595    0.316543518
    9.665949127    0.206311513    0.313182323
    9.694295019    0.197694685    0.309855668
    9.722640911    0.189392884    0.306566316
    9.750986803    0.181577723    0.303316255
    9.779332695    0.174297006    0.300106317
    9.807678586    0.167446040    0.296936124
    9.836024478    0.160779546    0.293804360
    9.864370370    0.153965884    0.290709245
    9.892716262    0.146674066    0.287649073
    9.921062154    0.138674336    0.284622631
    9.949408046    0.129927680    0.281629374
    9.977753938    0.120640135    0.278669312
   10.006099830    0.111264551    0.275742640
   10.034445721    0.102444013    0.272849226
   10.062791613    0.094904945    0.269988121
   10.091137505    0.089320465    0.267157233
   10.119483397    0.086172774    0.264353269
   10.147829289    0.085644976    0.261571965
   10.176175181    0.087567151    0.258808541
   10.204521073    0.091429881    0.256058264
   10.232866965    0.096463503    0.253316948
   10.261212856    0.101766628    0.250581272
   10.289558748    0.106456515    0.247848837
   10.317904640    0.109809326    0.245117969
   10.346250532    0.111361212    0.242387340
   10.374596424    0.110950813    0.239655565
   10.402942316    0.108697659    0.236920888
   10.431288208    0.104925750    0.234181088
   10.459634099    0.100053707    0.231433628
   10.487979991    0.094479371    0.228676006
   10.516325883    0.088486340    0.225906189
   10.544671775    0.082192909    0.223122970
   10.573017667    0.075552269    0.220326121
   10.601363559    0.068399644    0.217516250
   10.629709451    0.060530670    0.214694382
   10.658055343    0.051788497    0.211861349
   10.686401234    0.042136252    0.209017191
   10.714747126    0.031696673    0.206160737
   10.743093018    0.020750135    0.203289550
   10.771438910    0.009693467    0.200400307
   10.799784802   -0.001028171    0.197489573
   10.828130694   -0.010997899    0.194554822
   10.856476586   -0.019892694    0.191595461
   10.884822477   -0.027522490    0.188613594
   10.913168369   -0.033835094    0.185614302
   10.941514261   -0.038888569    0.182605322
   10.969860153   -0.042800984    0.179596139
   10.998206045   -0.045692586    0.176596650
   11.026551937   -0.047636348    0.173615672
   11.054897829   -0.048629423    0.170659597
   11.083243721   -0.048591631    0.167731476
   11.111589612   -0.047389517    0.164830727
   11.139935504   -0.044877902    0.161953487
   11.168281396   -0.040946948    0.159093520
   11.196627288   -0.035562376    0.156243447
   11.224973180   -0.028789462    0.153396005
   11.253319072   -0.020796730    0.150545064
   11.281664964   -0.011841119    0.147686193
   11.310010856   -0.002241148    0.144816711
   11.338356747    0.007653015    0.141935274
   11.366702639    0.017484268    0.139041176
   11.395048531    0.026902805    0.136133602
   11.423394423    0.035569088    0.133211048
   11.451740315    0.043149152    0.130271094
   11.480086207    0.049308687    0.127310577
   11.508432099    0.053712846    0.124326099
   11.536777990    0.056036710    0.121314742
   11.565123882    0.055987453    0.118274759
   11.593469774    0.053334859    0.115206085
   11.621815666    0.047943206    0.112110506
   11.650161558    0.039796005    0.108991478
   11.678507450    0.029006073    0.105853660
   11.706853342    0.015806862    0.102702300
   11.735199234    0.000525750    0.099542651
   11.763545125   -0.016455128    0.096379594
   11.791891017   -0.034741553    0.093217548
   11.820236909   -0.053963466    0.090060681
   11.848582801   -0.073796744    0.086913331
   11.876928693   -0.093966618    0.083780512
   11.905274585   -0.114234154    0.080668308
   11.933620477   -0.134372135    0.077584047
   11.961966368   -0.154139696    0.074536161
   11.990312260   -0.173265388    0.071533748
   12.018658152   -0.191445686    0.068585949
   12.047004044   -0.208361191    0.065701249
   12.075349936   -0.223707202    0.062886895
   12.103695828   -0.237230581    0.060148525
   12.132041720   -0.248762459    0.057490075
   12.160387612   -0.258236921    0.054913935
   12.188733503   -0.265689439    0.052421273
   12.217079395   -0.271234468    0.050012363
   12.245425287   -0.275027579    0.047686823
   12.273771179   -0.277222194    0.045443636
   12.302117071   -0.277932839    0.043280960
   12.330462963   -0.277215284    0.041195755
   12.358808855   -0.275069294    0.039183360
   12.387154747   -0.271463248    0.037237155
   12.415500638   -0.266373423    0.035348434
   12.443846530   -0.259826166    0.033506584
   12.472192422   -0.251929972    0.031699571
   12.500538314   -0.242887019    0.029914669
   12.528884206   -0.232979555    0.028139307
   12.557230098   -0.222533894    0.026361866
   12.585575990   -0.211871787    0.024572313
   12.613921881   -0.201263223    0.022762541
   12.642267773   -0.190895139    0.020926419
   12.670613665   -0.180866491    0.019059581
   12.698959557   -0.171212690    0.017159065
   12.727305449   -0.161953551    0.015222922
   12.755651341   -0.153150948    0.013249914
   12.783997233   -0.144957956    0.011239379
   12.812343125   -0.137641703    0.009191279
   12.840689016   -0.131567871    0.007106381
   12.869034908   -0.127144463    0.004986507
   12.897380800   -0.124733832    0.002834725
   12.925726692   -0.124551838    0.000655417
   12.954072584   -0.126578844   -0.001545828
   12.982418476   -0.130506889   -0.003762497
   13.010764368   -0.135740779   -0.005987550
   13.039110259   -0.141459063   -0.008213847
   13.067456151   -0.146726842   -0.010434511
   13.095802043   -0.150639469   -0.012643160
   13.124147935   -0.152467761   -0.014833962
   13.152493827   -0.151773685   -0.017001538
   13.180839719   -0.148471233   -0.019140770
   13.209185611   -0.142819156   -0.021246583
   13.237531503   -0.135347537   -0.023313801
   13.265877394   -0.126735202   -0.025337127
   13.294223286   -0.117665900   -0.027311267
   13.322569178   -0.108695438   -0.029231187
   13.350915070   -0.100158473   -0.031092446
   13.379260962   -0.092133313   -0.032891520
   13.407606854   -0.084468654   -0.034626059
   13.435952746   -0.076861197   -0.036295015
   13.464298638   -0.068961440   -0.037898625
   13.492644529   -0.060479401   -0.039438268
   13.520990421   -0.051263819   -0.040916244
   13.549336313   -0.041336869   -0.042335524
   13.577682205   -0.030879089   -0.043699534
   13.606028097   -0.020172680   -0.045012006
   13.634373989   -0.009521942   -0.046276895
   13.662719881    0.000825291   -0.047498366
   13.691065772    0.010733031   -0.048680790
   13.719411664    0.020194790   -0.049828725
   13.747757556    0.029310358   -0.050946857
   13.776103448    0.038230409   -0.052039873
   13.804449340    0.047086595   -0.053112290
   13.832795232    0.055928464   -0.054168263
   13.861141124    0.064685991   -0.055211410
   13.889487016    0.073168641   -0.056244682
   13.917832907    0.081101030   -0.057270291
   13.946178799    0.088184585   -0.058289709
   13.974524691    0.094167203   -0.059303701
   14.002870583    0.098900868   -0.060312369
   14.031216475    0.102370991   -0.061315183
   14.059562367    0.104689767   -0.062310962
   14.087908259    0.106056509   -0.063297836
   14.116254150    0.106697571   -0.064273177
   14.144600042    0.106804304   -0.065233558
   14.172945934    0.106487691   -0.066174755
   14.201291826    0.105762947   -0.067091841
   14.229637718    0.104567873   -0.067979356
   14.257983610    0.102808138   -0.068831556
   14.286329502    0.100413999   -0.069642684
   14.314675394    0.097389010   -0.070407238
   14.343021285    0.093833353   -0.071120155
   14.371367177    0.089932058   -0.071776917
   14.399713069    0.085909432   -0.072373543
   14.428058961    0.081962279   -0.072906512
   14.456404853    0.078192508   -0.073372655
   14.484750745    0.074561831   -0.073769077
   14.513096637    0.070886612   -0.074093148
   14.541442529    0.066880310   -0.074342609
   14.569788420    0.062237281   -0.074515774
   14.598134312    0.056738687   -0.074611792
   14.626480204    0.050352693   -0.074630916
   14.654826096    0.043299822   -0.074574701
   14.683171988    0.036060994   -0.074446070
   14.711517880    0.029319217   -0.074249237
   14.739863772    0.023842599   -0.073989469
   14.768209663    0.020332223   -0.073672758
   14.796555555    0.019268958   -0.073305468
   14.824901447    0.020795592   -0.072894037
   14.853247339    0.024663758   -0.072444817
   14.881593231    0.030260525   -0.071964065
   14.909939123    0.036710768   -0.071458092
   14.938285015    0.043033251   -0.070933505
   14.966630907    0.048315429   -0.070397450
   14.994976798    0.051867596   -0.069857762
   15.023322690    0.053322408   -0.069322929
   15.051668582    0.052659509   -0.068801836
   15.080014474    0.050153549   -0.068303295
   15.108360366    0.046262467   -0.067835415
   15.136706258    0.041486793   -0.067404942
   15.165052150    0.036236488   -0.067016677
   15.193398041    0.030738084   -0.066673099
   15.221743933    0.025002960   -0.066374262
   15.250089825    0.018860709   -0.066117990
   15.278435717    0.012044371   -0.065900322
   15.306781609    0.004301255   -0.065716094
   15.335127501   -0.004502401   -0.065559547
   15.363473393   -0.014311576   -0.065424794
   15.391819285   -0.024865310   -0.065306072
   15.420165176   -0.035735069   -0.065197710
   15.448511068   -0.046406209   -0.065093843
   15.476856960   -0.056378919   -0.064987968
   15.505202852   -0.065260679   -0.064872453
   15.533548744   -0.072825880   -0.064738174
   15.561894636   -0.079028374   -0.064574396
   15.590240528   -0.083966436   -0.064368993
   15.618586420   -0.087812894   -0.064109016
   15.646932311   -0.090732364   -0.063781562
   15.675278203   -0.092810196   -0.063374820
   15.703624095   -0.094013241   -0.062879129
   15.731969987   -0.094192614   -0.062287901
   15.760315879   -0.093126019   -0.061598245
   15.788661771   -0.090585840   -0.060811220
   15.817007663   -0.086412174   -0.059931683
   15.845353554   -0.080569262   -0.058967777
   15.873699446   -0.073169418   -0.057930167
   15.902045338   -0.064458727   -0.056831146
   15.930391230   -0.054770384   -0.055683748
   15.958737122   -0.044461143   -0.054501009
   15.987083014   -0.033851130   -0.053295420
   16.015428906   -0.023185792   -0.052078633
   16.043774798   -0.012631583   -0.050861376
   16.072120689   -0.002306259   -0.049653532
   16.100466581    0.007666458   -0.048464294
   16.128812473    0.017096211   -0.047302305
   16.157158365    0.025680376   -0.046175740
   16.185504257    0.032990935   -0.045092268
   16.213850149    0.038502360   -0.044058903
   16.242196041    0.041657286   -0.043081774
   16.270541932    0.041955575   -0.042165865
   16.298887824    0.039044986   -0.041314775
   16.327233716    0.032790275   -0.040530569
   16.355579608    0.023302584   -0.039813746
   16.383925500    0.010921120   -0.039163332
   16.412271392   -0.003848446   -0.038577085
   16.440617284   -0.020423197   -0.038051760
   16.468963176   -0.038237210   -0.037583385
   16.497309067   -0.056817527   -0.037167472
   16.525654959   -0.075824244   -0.036799125
   16.554000851   -0.095047529   -0.036473021
   16.582346743   -0.114366546   -0.036183257
   16.610692635   -0.133685711   -0.035923122
   16.639038527   -0.152869594   -0.035684845
   16.667384419   -0.171697333   -0.035459423
   16.695730311   -0.189851044   -0.035236603
   16.724076202   -0.206942144   -0.035005085
   16.752422094   -0.222567986   -0.034752990
   16.780767986   -0.236381971   -0.034468574
   16.809113878   -0.248156136   -0.034141131
   16.837459770   -0.257817285   -0.033761968
   16.865805662   -0.265445366   -0.033325342
   16.894151554   -0.271233883   -0.032829196
   16.922497445   -0.275423367   -0.032275590
   16.950843337   -0.278226979   -0.031670744
   16.979189229   -0.279769951   -0.031024664
   17.007535121   -0.280060739   -0.030350417
   17.035881013   -0.279002767   -0.029663126
   17.064226905   -0.276443808   -0.028978866
   17.092572797   -0.272248947   -0.028313582
   17.120918689   -0.266375857   -0.027682204
   17.149264580   -0.258929981   -0.027098041
   17.177610472   -0.250182536   -0.026572515
   17.205956364   -0.240544689   -0.026115201
   17.234302256   -0.230503758   -0.025734107
   17.262648148   -0.220538433   -0.025436073
   17.290994040   -0.211036422   -0.025227159
   17.319339932   -0.202237749   -0.025112918
   17.347685823   -0.194220024   -0.025098483
   17.376031715   -0.186930207   -0.025188447
   17.404377607   -0.180253908   -0.025386576
   17.432723499   -0.174101949   -0.025695435
   17.461069391   -0.168488033   -0.026116033
   17.489415283   -0.163572693   -0.026647566
   17.517761175   -0.159657206   -0.027287348
   17.546107067   -0.157124595   -0.028030934
   17.574452958   -0.156339749   -0.028872424
   17.602798850   -0.157532931   -0.029804872
   17.631144742   -0.160697207   -0.030820727
   17.659490634   -0.165528610   -0.031912192
   17.687836526   -0.171428467   -0.033071466
   17.716182418   -0.177572530   -0.034290812
   17.744528310   -0.183035024   -0.035562480
   17.772874202   -0.186941807   -0.036878531
   17.801220093   -0.188619050   -0.038230642
   17.829565985   -0.187704293   -0.039609970
   17.857911877   -0.184195242   -0.041007143
   17.886257769   -0.178426258   -0.042412407
   17.914603661   -0.170979281   -0.043815916
   17.942949553   -0.162550897   -0.045208136
   17.971295445   -0.153806633   -0.046580280
   17.999641336   -0.145255198   -0.047924705
   18.027987228   -0.137169113   -0.049235202
   18.056333120   -0.129565835   -0.050507133
   18.084679012   -0.122248336   -0.051737424
   18.113024904   -0.114890138   -0.052924405
   18.141370796   -0.107140317   -0.054067579
   18.169716688   -0.098721252   -0.055167345
   18.198062580   -0.089496095   -0.056224756
   18.226408471   -0.079492603   -0.057241326
   18.254754363   -0.068882276   -0.058218921
   18.283100255   -0.057925294   -0.059159713
   18.311446147   -0.046899583   -0.060066185
   18.339792039   -0.036034692   -0.060941158
   18.368137931   -0.025467736   -0.061787796
   18.396483823   -0.015230970   -0.062609592
   18.424829714   -0.005270794   -0.063410304
   18.453175606    0.004510723   -0.064193859
   18.481521498    0.014206263   -0.064964225
   18.509867390    0.023860950   -0.065725268
   18.538213282    0.033449061   -0.066480597
   18.566559174    0.042874682   -0.067233402
   18.594905066    0.051993570   -0.067986291
   18.623250958    0.060647162   -0.068741122
   18.651596849    0.068696651   -0.069498834
   18.679942741    0.076046034   -0.070259301
   18.708288633    0.082647529   -0.071021225
   18.736634525    0.088489266   -0.071782092
   18.764980417    0.093571446   -0.072538218
   18.793326309    0.097881292   -0.073284895
   18.821672201    0.101377645   -0.074016632
   18.850018093    0.103992861   -0.074727466
   18.878363984    0.105653610   -0.075411293
   18.906709876    0.106315249   -0.076062180
   18.935055768    0.105998798   -0.076674590
   18.963401660    0.104817103   -0.077243503
   18.991747552    0.102978581   -0.077764413
   19.020093444    0.100762635   -0.078233220
   19.048439336    0.098469099   -0.078646073
   19.076785227    0.096352412   -0.078999215
   19.105131119    0.094557342   -0.079288897
   19.133477011    0.093074808   -0.079511409
   19.161822903    0.091732980   -0.079663237
   19.190168795    0.090230797   -0.079741334
   19.218514687    0.088210340   -0.079743455
   19.246860579    0.085353764   -0.079668473
   19.275206471    0.081482693   -0.079516624
   19.303552362    0.076635397   -0.079289603
   19.331898254    0.071100569   -0.078990498
   19.360244146    0.065395702   -0.078623571
   19.388590038    0.060190643   -0.078193945
   19.416935930    0.056190037   -0.077707257
   19.445281822    0.053998634   -0.077169377
   19.473627714    0.053998304   -0.076586242
   19.501973605    0.056263726   -0.075963847
   19.530319497    0.060535437   -0.075308366
   19.558665389    0.066256199   -0.074626369
   19.587011281    0.072662595   -0.073925046
   19.615357173    0.078911630   -0.073212338
   19.643703065    0.084215010   -0.072496923
   19.672048957    0.087953095   -0.071788004
   19.700394849    0.089746446   -0.071094914
   19.728740740    0.089473704   -0.070426595
   19.757086632    0.087237484   -0.069791035
   19.785432524    0.083291770   -0.069194776
   19.813778416    0.077952172   -0.068642577
   19.842124308    0.071512483   -0.068137295
   19.870470200    0.064187184   -0.067679991
   19.898816092    0.056091030   -0.067270225
   19.927161984    0.047256116   -0.066906446
   19.955507875    0.037676821   -0.066586383
   19.983853767    0.027366224   -0.066307330
   20.012199659    0.016405700   -0.066066245
   20.040545551    0.004972648   -0.065859644
   20.068891443   -0.006661534   -0.065683299
   20.097237335   -0.018162075   -0.065531833
   20.125583227   -0.029180702   -0.065398293
   20.153929118   -0.039410158   -0.065273845
   20.182275010   -0.048627937   -0.065147663
   20.210620902   -0.056717347   -0.065007111
   20.238966794   -0.063660873   -0.064838197
   20.267312686   -0.069508880   -0.064626308
   20.295658578   -0.074333639   -0.064357097
   20.324004470   -0.078182591   -0.064017455
   20.352350362   -0.081044550   -0.063596416
   20.380696253   -0.082838471   -0.063085906
   20.409042145   -0.083427562   -0.062481240
   20.437388037   -0.082654166   -0.061781333
   20.465733929   -0.080384858   -0.060988610
   20.494079821   -0.076552561   -0.060108666
   20.522425713   -0.071183669   -0.059149719
   20.550771605   -0.064402974   -0.058121946
   20.579117496   -0.056416006   -0.057036781
   20.607463388   -0.047475266   -0.055906253
   20.635809280   -0.037841655   -0.054742418
   20.664155172   -0.027753767   -0.053556936
   20.692501064   -0.017415095   -0.052360792
   20.720846956   -0.007003471   -0.051164178
   20.749192848    0.003300260   -0.049976482
   20.777538740    0.013273941   -0.048806369
   20.805884631    0.022619768   -0.047661885
   20.834230523    0.030947465   -0.046550545
   20.862576415    0.037784464   -0.045479357
   20.890922307    0.042615323   -0.044454764
   20.919268199    0.044944355   -0.043482489
   20.947614091    0.044368324   -0.042567318
   20.975959983    0.040642265   -0.041712835
   21.004305875    0.033722204   -0.040921187
   21.032651766    0.023773648   -0.040192913
   21.060997658    0.011143029   -0.039526885
   21.089343550   -0.003701437   -0.038920386
   21.117689442   -0.020245370   -0.038369304
   21.146035334   -0.038002119   -0.037868426
   21.174381226   -0.056567589   -0.037411757
   21.202727118   -0.075644070   -0.036992805
   21.231073009   -0.095029753   -0.036604767
   21.259418901   -0.114580085   -0.036240596
   21.287764793   -0.134154705   -0.035892925
   21.316110685   -0.153567440   -0.035553906
   21.344456577   -0.172555583   -0.035215039
   21.372802469   -0.190778759   -0.034867072
   21.401148361   -0.207848866   -0.034500075
   21.429494253   -0.223383240   -0.034103751
   21.457840144   -0.237066091   -0.033668001
   21.486186036   -0.248700408   -0.033183724
   21.514531928   -0.258234836   -0.032643731
   21.542877820   -0.265756896   -0.032043674
   21.571223712   -0.271453444   -0.031382807
   21.599569604   -0.275548751   -0.030664453
   21.627915496   -0.278237346   -0.029896075
   21.656261387   -0.279630680   -0.029088906
   21.684607279   -0.279733222   -0.028257180
   21.712953171   -0.278455502   -0.027417070
   21.741299063   -0.275661151   -0.026585489
   21.769644955   -0.271235095   -0.025778929
   21.797990847   -0.265153501   -0.025012515
   21.826336739   -0.257534925   -0.024299375
   21.854682631   -0.248656776   -0.023650404
   21.883028522   -0.238930563   -0.023074377
   21.911374414   -0.228840908   -0.022578345
   21.939720306   -0.218863796   -0.022168158
   21.968066198   -0.209385943   -0.021848981
   21.996412090   -0.200647571   -0.021625667
   22.024757982   -0.192724994   -0.021502894
   22.053103874   -0.185558571   -0.021485044
   22.081449766   -0.179018833   -0.021575870
   22.109795657   -0.172992243   -0.021778032
   22.138141549   -0.167461528   -0.022092626
   22.166487441   -0.162555740   -0.022518833
   22.194833333   -0.158552383   -0.023053772
   22.223179225   -0.155826438   -0.023692606
   22.251525117   -0.154755709   -0.024428877
   22.279871009   -0.155604674   -0.025255024
   22.308216900   -0.158416499   -0.026162950
   22.336562792   -0.162942817   -0.027144553
   22.364908684   -0.168633009   -0.028192105
   22.393254576   -0.174690922   -0.029298416
   22.421600468   -0.180190491   -0.030456786
   22.449946360   -0.184226956   -0.031660773
   22.478292252   -0.186070924   -0.032903856
   22.506638144   -0.185291012   -0.034179110
   22.534984035   -0.181817676   -0.035478975
   22.563329927   -0.175934399   -0.036795191
   22.591675819   -0.168199285   -0.038118947
   22.620021711   -0.159316161   -0.039441202
   22.648367603   -0.149985403   -0.040753141
   22.676713495   -0.140768393   -0.042046673
   22.705059387   -0.131994851   -0.043314880
   22.733405278   -0.123730790   -0.044552349
   22.761751170   -0.115809525   -0.045755322
   22.790097062   -0.107913034   -0.046921686
   22.818442954   -0.099679738   -0.048050797
   22.846788846   -0.090810210   -0.049143219
   22.875134738   -0.081145065   -0.050200429
   22.903480630   -0.070698445   -0.051224543
   22.931826522   -0.059643172   -0.052218123
   22.960172413   -0.048256400   -0.053184049
   22.988518305   -0.036844131   -0.054125466
   23.016864197   -0.025666844   -0.055045763
   23.045210089   -0.014886192   -0.055948537
   23.073555981   -0.004545191   -0.056837527
   23.101901873    0.005415969   -0.057716477
   23.130247765    0.015116446   -0.058588958
   23.158593657    0.024678599   -0.059458151
   23.186939548    0.034176411   -0.060326644
   23.215285440    0.043602905   -0.061196281
   23.243631332    0.052864151   -0.062068078
   23.271977224    0.061799044   -0.062942237
   23.300323116    0.070216427   -0.063818229
   23.328669008    0.077936755   -0.064694923
   23.357014900    0.084825285   -0.065570721
   23.385360791    0.090807746   -0.066443652
   23.413706683    0.095865961   -0.067311399
   23.442052575    0.100017889   -0.068171256
   23.470398467    0.103291674   -0.069020025
   23.498744359    0.105704925   -0.069853880
   23.527090251    0.107258074   -0.070668265
   23.555436143    0.107945101   -0.071457836
   23.583782035    0.107778055   -0.072216515
   23.612127926    0.106815821   -0.072937633
   23.640473818    0.105184780   -0.073614174
   23.668819710    0.103080300   -0.074239082
   23.697165602    0.100743417   -0.074805581
   23.725511494    0.098415006   -0.075307478
   23.753857386    0.096277950   -0.075739404
   23.782203278    0.094403529   -0.076096976
   23.810549169    0.092719618   -0.076376879
   23.838895061    0.091014292   -0.076576887
   23.867240953    0.088979908   -0.076695829
   23.895586845    0.086291740   -0.076733540
   23.923932737    0.082704703   -0.076690802
   23.952278629    0.078144778   -0.076569288
   23.980624521    0.072770525   -0.076371507
   24.008970413    0.066985398   -0.076100742
   24.037316304    0.061392419   -0.075760984
   24.065662196    0.056696585   -0.075356844
   24.094008088    0.053573611   -0.074893469
   24.122353980    0.052532973   -0.074376470
   24.150699872    0.053805858   -0.073811869
   24.179045764    0.057283973   -0.073206090
   24.207391656    0.062523908   -0.072565988
   24.235737548    0.068816856   -0.071898894
   24.264083439    0.075308452   -0.071212655
   24.292429331    0.081142205   -0.070515625
   24.320775223    0.085595162   -0.069816568
   24.349121115    0.088177259   -0.069124459
   24.377467007    0.088675444   -0.068448161
   24.405812899    0.087137516   -0.067796041
   24.434158791    0.083805174   -0.067175538
   24.462504682    0.079017233   -0.066592788
   24.490850574    0.073109659   -0.066052347
   24.519196466    0.066337641   -0.065557082
   24.547542358    0.058837171   -0.065108229
   24.575888250    0.050631742   -0.064705617
   24.604234142    0.041677235   -0.064347976
   24.632580034    0.031928103   -0.064033258
   24.660925926    0.021403210   -0.063758877
   24.689271817    0.010231175   -0.063521786
   24.717617709   -0.001337956   -0.063318370
   24.745963601   -0.012957493   -0.063144153
   24.774309493   -0.024237493   -0.062993400
   24.802655385   -0.034810893   -0.062858704
   24.831001277   -0.044393367   -0.062730688
   24.859347169   -0.052820293   -0.062597934
   24.887693060   -0.060051295   -0.062447201
   24.916038952   -0.066142399   -0.062263972
   24.944384844   -0.071195178   -0.062033273
   24.972730736   -0.075298545   -0.061740670
   25.001076628   -0.078480515   -0.061373312
   25.029422520   -0.080683845   -0.060920884
   25.057768412   -0.081772089   -0.060376324
   25.086114304   -0.081563602   -0.059736234
   25.114460195   -0.079882879   -0.059000943
   25.142806087   -0.076613872   -0.058174249
   25.171151979   -0.071739780   -0.057262906
   25.199497871   -0.065358229   -0.056275958
   25.227843763   -0.057668473   -0.055224013
   25.256189655   -0.048935757   -0.054118570
   25.284535547   -0.039444860   -0.052971439
   25.312881439   -0.029457984   -0.051794308
   25.341227330   -0.019190597   -0.050598451
   25.369573222   -0.008813047   -0.049394560
   25.397919114    0.001522533   -0.048192661
   25.426265006    0.011638883   -0.047002095
   25.454610898    0.021288590   -0.045831522
   25.482956790    0.030123764   -0.044688928
   25.511302682    0.037693453   -0.043581621
   25.539648573    0.043474527   -0.042516207
   25.567994465    0.046932295   -0.041498538
   25.596340357    0.047598345   -0.040533622
   25.624686249    0.045147400   -0.039625503
   25.653032141    0.039454232   -0.038777121
   25.681378033    0.030616015   -0.037990146
   25.709723925    0.018934021   -0.037264852
   25.738069817    0.004858818   -0.036600026
   25.766415708   -0.011087546   -0.035992964
   25.794761600   -0.028393212   -0.035439564
   25.823107492   -0.046622269   -0.034934527
   25.851453384   -0.065449626   -0.034471620
   25.879799276   -0.084658774   -0.034043983
   25.908145168   -0.104106556   -0.033644391
   25.936491060   -0.123668094   -0.033265441
   25.964836951   -0.143180219   -0.032899604
   25.993182843   -0.162401702   -0.032539169
   26.021528735   -0.181003288   -0.032176087
   26.049874627   -0.198591569   -0.031801830
   26.078220519   -0.214760561   -0.031407338
   26.106566411   -0.229156503   -0.030983170
   26.134912303   -0.241537185   -0.030519923
   26.163258195   -0.251808282   -0.030008926
   26.191604086   -0.260025538   -0.029443157
   26.219949978   -0.266361237   -0.028818251
   26.248295870   -0.271043735   -0.028133427
   26.276641762   -0.274286735   -0.027392156
   26.304987654   -0.276228317   -0.026602393
   26.333333546   -0.276897322   -0.025776301
   26.361679438   -0.276217236   -0.024929459
   26.390025330   -0.274047133   -0.024079650
   26.418371221   -0.270248575   -0.023245431
   26.446717113   -0.264759570   -0.022444691
   26.475063005   -0.257654146   -0.021693460
   26.503408897   -0.249169513   -0.021005123
   26.531754789   -0.239691475   -0.020390152
   26.560100681   -0.229700302   -0.019856326
   26.588446573   -0.219690505   -0.019409337
   26.616792464   -0.210085730   -0.019053583
   26.645138356   -0.201171994   -0.018792922
   26.673484248   -0.193067969   -0.018631219
   26.701830140   -0.185741148   -0.018572531
   26.730176032   -0.179065934   -0.018620916
   26.758521924   -0.172907672   -0.018779938
   26.786867816   -0.167208504   -0.019051999
   26.815213708   -0.162049314   -0.019437700
   26.843559599   -0.157667441   -0.019935395
   26.871905491   -0.154421110   -0.020541062
   26.900251383   -0.152705856   -0.021248538
   26.928597275   -0.152841775   -0.022050057
   26.956943167   -0.154959597   -0.022936980
   26.985289059   -0.158915781   -0.023900533
   27.013634951   -0.164261207   -0.024932410
   27.041980842   -0.170275895   -0.026025093
   27.070326734   -0.176066392   -0.027171870
   27.098672626   -0.180707027   -0.028366557
   27.127018518   -0.183395070   -0.029603037
   27.155364410   -0.183585794   -0.030874765
   27.183710302   -0.181077601   -0.032174380
   27.212056194   -0.176028777   -0.033493548
   27.240402086   -0.168903228   -0.034823082
   27.268747977   -0.160358804   -0.036153328
   27.297093869   -0.151104614   -0.037474741
   27.325439761   -0.141759867   -0.038778514
   27.353785653   -0.132745085   -0.040057148
   27.382131545   -0.124227453   -0.041304841
   27.410477437   -0.116128268   -0.042517646
   27.438823329   -0.108185361   -0.043693387
   27.467169221   -0.100050880   -0.044831399
   27.495515112   -0.091397825   -0.045932161
   27.523861004   -0.082008804   -0.046996932
   27.552206896   -0.071827049   -0.048027458
   27.580552788   -0.060960928   -0.049025811
   27.608898680   -0.049645706   -0.049994340
   27.637244572   -0.038176935   -0.050935709
   27.665590464   -0.026835881   -0.051852966
   27.693936355   -0.015827618   -0.052749568
   27.722282247   -0.005247102   -0.053629324
   27.750628139    0.004920414   -0.054496234
   27.778974031    0.014768229   -0.055354253
   27.807319923    0.024418079   -0.056207003
   27.835665815    0.033967000   -0.057057512
   27.864011707    0.043446539   -0.057908021
   27.892357599    0.052804714   -0.058759891
   27.920703490    0.061913624   -0.059613628
   27.949049382    0.070597877   -0.060468986
   27.977395274    0.078673298   -0.061325118
   28.005741166    0.085983411   -0.062180709
   28.034087058    0.092423098   -0.063034068
   28.062432950    0.097944068   -0.063883130
   28.090778842    0.102543250   -0.064725391
   28.119124733    0.106241034   -0.065557787
   28.147470625    0.109059352   -0.066376573
   28.175816517    0.111009158   -0.067177236
   28.204162409    0.112092914   -0.067954486
   28.232508301    0.112321675   -0.068702345
   28.260854193    0.111740282   -0.069414318
   28.289200085    0.110450044   -0.070083638
   28.317545977    0.108617743   -0.070703535
   28.345891868    0.106463168   -0.071267502
   28.374237760    0.104223969   -0.071769518
   28.402583652    0.102104374   -0.072204218
   28.430929544    0.100221028   -0.072567014
   28.459275436    0.098562441   -0.072854174
   28.487621328    0.096977106   -0.073062873
   28.515967220    0.095199088   -0.073191241
   28.544313112    0.092910291   -0.073238408
   28.572659003    0.089828074   -0.073204532
   28.601004895    0.085798424   -0.073090817
   28.629350787    0.080870995   -0.072899486
   28.657696679    0.075334462   -0.072633704
   28.686042571    0.069698674   -0.072297460
   28.714388463    0.064622287   -0.071895418
   28.742734355    0.060797912   -0.071432757
   28.771080246    0.058817957   -0.070915050
   28.799426138    0.059050292   -0.070348193
   28.827772030    0.061551836   -0.069738406
   28.856117922    0.066040336   -0.069092302
   28.884463814    0.071931604   -0.068416977
   28.912809706    0.078434632   -0.067720105
   28.941155598    0.084683815   -0.067009950
   28.969501490    0.089879442   -0.066295291
   28.997847381    0.093406448   -0.065585203
   29.026193273    0.094907508   -0.064888721
   29.054539165    0.094298211   -0.064214428
   29.082885057    0.091726212   -0.063570011
   29.111230949    0.087489343   -0.062961874
   29.139576841    0.081936398   -0.062394876
   29.167922733    0.075376652   -0.061872221
   29.196268624    0.068019728   -0.061395535
   29.224614516    0.059957802   -0.060965075
   29.252960408    0.051189863   -0.060580029
   29.281306300    0.041676442   -0.060238807
   29.309652192    0.031405651   -0.059939260
   29.337998084    0.020449550   -0.059678743
   29.366343976    0.008993887   -0.059454007
   29.394689868   -0.002667118   -0.059260936
   29.423035759   -0.014168774   -0.059094179
   29.451381651   -0.025135090   -0.058946779
   29.479727543   -0.035241717   -0.058809892
   29.508073435   -0.044264772   -0.058672694
   29.536419327   -0.052102212   -0.058522552
   29.564765219   -0.058762775   -0.058345459
   29.593111111   -0.064326963   -0.058126735
   29.621457003   -0.068892493   -0.057851901
   29.649802894   -0.072520736   -0.057507635
   29.678148786   -0.075199897   -0.057082689
   29.706494678   -0.076835338   -0.056568656
   29.734840570   -0.077269245   -0.055960500
   29.763186462   -0.076323184   -0.055256796
   29.791532354   -0.073850560   -0.054459670
   29.819878246   -0.069783481   -0.053574473
   29.848224137   -0.064160615   -0.052609246
   29.876570029   -0.057128775   -0.051574057
   29.904915921   -0.048919058   -0.050480288
   29.933261813   -0.039806190   -0.049339968
   29.961607705   -0.030064705   -0.048165193
   29.989953597   -0.019936363   -0.046967682
   30.018299489   -0.009619435   -0.045758494
   30.046645381    0.000716649   -0.044547879
   30.074991272    0.010896232   -0.043345257
   30.103337164    0.020693994   -0.042159275
   30.131683056    0.029798865   -0.040997910
   30.160028948    0.037799914   -0.039868558
   30.188374840    0.044203253   -0.038778077
   30.216720732    0.048480383   -0.037732766
   30.245066624    0.050139132   -0.036738254
   30.273412515    0.048801211   -0.035799312
   30.301758407    0.044267421   -0.034919627
   30.330104299    0.036553799   -0.034101556
   30.358450191    0.025888873   -0.033345932
   30.386796083    0.012672047   -0.032651952
   30.415141975   -0.002596928   -0.032017189
   30.443487867   -0.019399968   -0.031437729
   30.471833759   -0.037274023   -0.030908430
   30.500179650   -0.055858342   -0.030423246
   30.528525542   -0.074905656   -0.029975563
   30.556871434   -0.094257425   -0.029558476
   30.585217326   -0.113793259   -0.029164958
   30.613563218   -0.133371681   -0.028787872
   30.641909110   -0.152781477   -0.028419865
   30.670255002   -0.171719480   -0.028053173
   30.698600894   -0.189802653   -0.027679429
   30.726946785   -0.206612086   -0.027289587
   30.755292677   -0.221756932   -0.026874046
   30.783638569   -0.234940101   -0.026423052
   30.811984461   -0.246006581   -0.025927380
   30.840330353   -0.254959844   -0.025379239
   30.868676245   -0.261940723   -0.024773292
   30.897022137   -0.267173822   -0.024107614
   30.925368028   -0.270896007   -0.023384418
   30.953713920   -0.273286973   -0.022610385
   30.982059812   -0.274421730   -0.021796507
   31.010405704   -0.274258972   -0.020957420
   31.038751596   -0.272669299   -0.020110302
   31.067097488   -0.269495919   -0.019273512
   31.095443380   -0.264630879   -0.018465159
   31.123789272   -0.258085004   -0.017701844
   31.152135163   -0.250030819   -0.016997753
   31.180481055   -0.240804843   -0.016364236
   31.208826947   -0.230866729   -0.015809861
   31.237172839   -0.220724875   -0.015340896
   31.265518731   -0.210847846   -0.014962039
   31.293864623   -0.201585518   -0.014677194
   31.322210515   -0.193121788   -0.014490098
   31.350556406   -0.185472412   -0.014404652
   31.378902298   -0.178529217   -0.014424877
   31.407248190   -0.172138754   -0.014554531
   31.435594082   -0.166193289   -0.014796500
   31.463939974   -0.160707510   -0.015152128
   31.492285866   -0.155857111   -0.015620667
   31.520631758   -0.151964895   -0.016198998
   31.548977650   -0.149433814   -0.016881705
   31.577323541   -0.148641013   -0.017661485
   31.605669433   -0.149818389   -0.018529821
   31.634015325   -0.152950426   -0.019477743
   31.662361217   -0.157717436   -0.020496533
   31.690707109   -0.163502376   -0.021578196
   31.719053001   -0.169464409   -0.022715638
   31.747398893   -0.174666207   -0.023902508
   31.775744785   -0.178228537   -0.025132801
   31.804090676   -0.179478581   -0.026400335
   31.832436568   -0.178059334   -0.027698269
   31.860782460   -0.173976273   -0.029018798
   31.889128352   -0.167571950   -0.030353129
   31.917474244   -0.159435784   -0.031691752
   31.945820136   -0.150270886   -0.033024958
   31.974166028   -0.140748800   -0.034343495
   32.002511919   -0.131384500   -0.035639220
   32.030857811   -0.122457703   -0.036905611
   32.059203703   -0.113994342   -0.038138047
   32.087549595   -0.105807144   -0.039333824
   32.115895487   -0.097580430   -0.040491927
   32.144241379   -0.088974921   -0.041612645
   32.172587271   -0.079725447   -0.042697144
   32.200933163   -0.069708560   -0.043747093
   32.229279054   -0.058966499   -0.044764419
   32.257624946   -0.047686134   -0.045751226
   32.285970838   -0.036143092   -0.046709849
   32.314316730   -0.024629276   -0.047642971
   32.342662622   -0.013384626   -0.048553737
   32.371008514   -0.002550880   -0.049445780
   32.399354406    0.007842417   -0.050323117
   32.427700297    0.017859110   -0.051189911
   32.456046189    0.027613271   -0.052050148
   32.484392081    0.037216081   -0.052907282
   32.512737973    0.046728592   -0.053763947
   32.541083865    0.056133161   -0.054621775
   32.569429757    0.065329829   -0.055481373
   32.597775649    0.074156262   -0.056342433
   32.626121541    0.082423192   -0.057203943
   32.654467432    0.089953575   -0.058064421
   32.682813324    0.096613813   -0.058922097
   32.711159216    0.102329047   -0.059775001
   32.739505108    0.107080409   -0.060620922
   32.767851000    0.110888246   -0.061457264
   32.796196892    0.113789674   -0.062280843
   32.824542784    0.115820171   -0.063087688
   32.852888676    0.117006710   -0.063872931
   32.881234567    0.117375143   -0.064630808
   32.909580459    0.116968671   -0.065354808
   32.937926351    0.115869261   -0.066037941
   32.966272243    0.114211711   -0.066673080
   32.994618135    0.112181364   -0.067253324
   33.022964027    0.109991284   -0.067772308
   33.051309919    0.107841557   -0.068224437
   33.079655810    0.105870215   -0.068605013
   33.108001702    0.104109986   -0.068910280
   33.136347594    0.102465756   -0.069137407
   33.164693486    0.100723889   -0.069284457
   33.193039378    0.098596835   -0.069350365
   33.221385270    0.095796827   -0.069334947
   33.249731162    0.092123412   -0.069238936
   33.278077054    0.087543751   -0.069064023
   33.306422945    0.082243945   -0.068812870
   33.334768837    0.076634710   -0.068489078
   33.363114729    0.071304574   -0.068097105
   33.391460621    0.066926168   -0.067642121
   33.419806513    0.064133029   -0.067129859
   33.448152405    0.063392538   -0.066566471
   33.476498297    0.064902952   -0.065958437
   33.504844188    0.068538111   -0.065312545
   33.533190080    0.073853202   -0.064635926
   33.561535972    0.080151386   -0.063936128
   33.589881864    0.086597322   -0.063221165
   33.618227756    0.092353190   -0.062499502
   33.646573648    0.096708170   -0.061779931
   33.674919540    0.099174653   -0.061071313
   33.703265432    0.099533048   -0.060382220
   33.731611323    0.097819727   -0.059720515
   33.759957215    0.094266094   -0.059092945
   33.788303107    0.089207715   -0.058504828
   33.816648999    0.082988182   -0.057959885
   33.844994891    0.075881628   -0.057460254
   33.873340783    0.068051125   -0.057006659
   33.901686675    0.059549491   -0.056598693
   33.930032567    0.050357272   -0.056235120
   33.958378458    0.040443063   -0.055914118
   33.986724350    0.029826266   -0.055633373
   34.015070242    0.018623013   -0.055390004
   34.043416134    0.007061930   -0.055180309
   34.071762026   -0.004534279   -0.054999399
   34.100107918   -0.015795445   -0.054840801
   34.128453810   -0.026364833   -0.054696154
   34.156799701   -0.035956828   -0.054555075
   34.185145593   -0.044395355   -0.054405291
   34.213491485   -0.051623004   -0.054233039
   34.241837377   -0.057679501   -0.054023731
   34.270183269   -0.062656960   -0.053762792
   34.298529161   -0.066645754   -0.053436592
   34.326875053   -0.069687068   -0.053033336
   34.355220945   -0.071745747   -0.052543833
   34.383566836   -0.072710762   -0.051962038
   34.411912728   -0.072422368   -0.051285349
   34.440258620   -0.070717346   -0.050514622
   34.468604512   -0.067478745   -0.049653952
   34.496950404   -0.062675767   -0.048710251
   34.525296296   -0.056382864   -0.047692689
   34.553642188   -0.048773814   -0.046612063
   34.581988079   -0.040094232   -0.045480153
   34.610333971   -0.030622509   -0.044309123
   34.638679863   -0.020632396   -0.043111003
   34.667025755   -0.010369564   -0.041897293
   34.695371647   -0.000049541   -0.040678704
   34.723717539    0.010122825   -0.039465033
   34.752063431    0.019919796   -0.038265170
   34.780409323    0.029055840   -0.037087186
   34.808755214    0.037165724   -0.035938478
   34.837101106    0.043806953   -0.034825898
   34.865446998    0.048491258   -0.033755818
   34.893792890    0.050741253   -0.032734105
   34.922138782    0.050160442   -0.031765971
   34.950484674    0.046499807   -0.030855729
   34.978830566    0.039703848   -0.030006488
   35.007176458    0.029923372   -0.029219865
   35.035522349    0.017490609   -0.028495769
   35.063868241    0.002861914   -0.027832333
   35.092214133   -0.013458098   -0.027226015
   35.120560025   -0.030992272   -0.026671871
   35.148905917   -0.049347938   -0.026163940
   35.177251809   -0.068241970   -0.025695672
   35.205597701   -0.087489653   -0.025260297
   35.233943592   -0.106963235   -0.024851054
   35.262289484   -0.126534616   -0.024461232
   35.290635376   -0.146020952   -0.024084020
   35.318981268   -0.165150971   -0.023712235
   35.347327160   -0.183563622   -0.023338021
   35.375673052   -0.200841050   -0.022952657
   35.404018944   -0.216567611   -0.022546603
   35.432364836   -0.230398573   -0.022109857
   35.460710727   -0.242118771   -0.021632651
   35.489056619   -0.251673803   -0.021106423
   35.517402511   -0.259163768   -0.020524930
   35.545748403   -0.264800154   -0.019885313
   35.574094295   -0.268837078   -0.019188924
   35.602440187   -0.271495812   -0.018441730
   35.630786079   -0.272903925   -0.017654187
   35.659131970   -0.273066744   -0.016840584
   35.687477862   -0.271879968   -0.016017925
   35.715823754   -0.269180666   -0.015204527
   35.744169646   -0.264822759   -0.014418558
   35.772515538   -0.258755573   -0.013676745
   35.800861430   -0.251082551   -0.012993445
   35.829207322   -0.242082081   -0.012380189
   35.857553214   -0.232182662   -0.011845727
   35.885899105   -0.221897328   -0.011396480
   35.914244997   -0.211733958   -0.011037249
   35.942590889   -0.202105458   -0.010771972
   35.970936781   -0.193264539   -0.010604356
   35.999282673   -0.185281655   -0.010538204
   36.027628565   -0.178072976   -0.010577416
   36.055974457   -0.171471321   -0.010725638
   36.084320349   -0.165320450   -0.010985705
   36.112666240   -0.159565672   -0.011359003
   36.141012132   -0.154313512   -0.011844937
   36.169358024   -0.149840550   -0.012440635
   36.197703916   -0.146544733   -0.013140971
   36.226049808   -0.144848019   -0.013938920
   36.254395700   -0.145073142   -0.014826150
   36.282741592   -0.147325584   -0.015793740
   36.311087483   -0.151412400   -0.016832858
   36.339433375   -0.156821746   -0.017935261
   36.367779267   -0.162772792   -0.019093522
   36.396125159   -0.168328657   -0.020300963
   36.424471051   -0.172549333   -0.021551341
   36.452816943   -0.174651404   -0.022838386
   36.481162835   -0.174139176   -0.024155347
   36.509508727   -0.170878317   -0.025494661
   36.537854618   -0.165096560   -0.026847861
   36.566200510   -0.157313034   -0.028205755
   36.594546402   -0.148214188   -0.029558854
   36.622892294   -0.138505908   -0.030897956
   36.651238186   -0.128775660   -0.032214770
   36.679584078   -0.119394430   -0.033502455
   36.707929970   -0.110477208   -0.034755960
   36.736275861   -0.101905801   -0.035972126
   36.764621753   -0.093402702   -0.037149536
   36.792967645   -0.084633425   -0.038288199
   36.821313537   -0.075309688   -0.039389130
   36.849659429   -0.065268068   -0.040453962
   36.878005321   -0.054507149   -0.041484653
   36.906351213   -0.043178284   -0.042483345
   36.934697105   -0.031537450   -0.043452368
   36.963042996   -0.019875076   -0.044394340
   36.991388888   -0.008444935   -0.045312297
   37.019734780    0.002588572   -0.046209752
   37.048080672    0.013172188   -0.047090645
   37.076426564    0.023351702   -0.047959139
   37.104772456    0.033232660   -0.048819305
   37.133118348    0.042927552   -0.049674743
   37.161464240    0.052505722   -0.050528233
   37.189810131    0.061960036   -0.051381485
   37.218156023    0.071198385   -0.052235063
   37.246501915    0.080060245   -0.053088477
   37.274847807    0.088351322   -0.053940428
   37.303193699    0.095884677   -0.054789118
   37.331539591    0.102516003   -0.055632549
   37.359885483    0.108163689   -0.056468718
   37.388231374    0.112809981   -0.057295649
   37.416577266    0.116485874   -0.058111263
   37.444923158    0.119247411   -0.058913110
   37.473269050    0.121153238   -0.059698051
   37.501614942    0.122251944   -0.060461983
   37.529960834    0.122583499   -0.061199691
   37.558306726    0.122193341   -0.061904894
   37.586652618    0.121152435   -0.062570496
   37.614998509    0.119573596   -0.063188987
   37.643344401    0.117614756   -0.063752948
   37.671690293    0.115463679   -0.064255526
   37.700036185    0.113304785   -0.064690823
   37.728382077    0.111275477   -0.065054114
   37.756727969    0.109424386   -0.065341890
   37.785073861    0.107685646   -0.065551747
   37.813419752    0.105880724   -0.065682194
   37.841765644    0.103752870   -0.065732458
   37.870111536    0.101030506   -0.065702347
   37.898457428    0.097507135   -0.065592232
   37.926803320    0.093119084   -0.065403136
   37.955149212    0.088000661   -0.065136906
   37.983495104    0.082499784   -0.064796400
   38.011840996    0.077145394   -0.064385618
   38.040186887    0.072569075   -0.063909727
   38.068532779    0.069394564   -0.063374958
   38.096878671    0.068117377   -0.062788380
   38.125224563    0.069000339   -0.062157608
   38.153570455    0.072008289   -0.061490515
   38.181916347    0.076797149   -0.060794993
   38.210262239    0.082760656   -0.060078832
   38.238608131    0.089125338   -0.059349701
   38.266954022    0.095073709   -0.058615207
   38.295299914    0.099869817   -0.057882974
   38.323645806    0.102961497   -0.057160675
   38.351991698    0.104039863   -0.056455953
   38.380337590    0.103047054   -0.055776213
   38.408683482    0.100135434   -0.055128304
   38.437029374    0.095592222   -0.054518149
   38.465375265    0.089750478   -0.053950393
   38.493721157    0.082908779   -0.053428171
   38.522067049    0.075277845   -0.052953033
   38.550412941    0.066964019   -0.052525057
   38.578758833    0.057989233   -0.052143099
   38.607104725    0.048337635   -0.051805110
   38.635450617    0.038012770   -0.051508414
   38.663796509    0.027087568   -0.051249850
   38.692142400    0.015732583   -0.051025713
   38.720488292    0.004214857   -0.050831495
   38.748834184   -0.007131633   -0.050661475
   38.777180076   -0.017955105   -0.050508273
   38.805525968   -0.027940710   -0.050362499
   38.833871860   -0.036855940   -0.050212639
   38.862217752   -0.044574849   -0.050045260
   38.890563643   -0.051075530   -0.049845575
   38.918909535   -0.056412806   -0.049598317
   38.947255427   -0.060674820   -0.049288806
   38.975601319   -0.063936238   -0.048904070
   39.003947211   -0.066221183   -0.048433827
   39.032293103   -0.067485778   -0.047871214
   39.060638995   -0.067624372   -0.047213150
   39.088984887   -0.066496869   -0.046460323
   39.117330778   -0.063968943   -0.045616838
   39.145676670   -0.059953875   -0.044689624
   39.174022562   -0.054445031   -0.043687723
   39.202368454   -0.047531303   -0.042621563
   39.230714346   -0.039393184   -0.041502328
   39.259060238   -0.030282810   -0.040341466
   39.287406130   -0.020495575   -0.039150334
   39.315752022   -0.010342680   -0.037939991
   39.344097913   -0.000132673   -0.036721060
   39.372443805    0.009833794   -0.035503654
   39.400789697    0.019256850   -0.034297303
   39.429135589    0.027823533   -0.033110899
   39.457481481    0.035195633   -0.031952633
   39.485827373    0.041007760   -0.030829941
   39.514173265    0.044881262   -0.029749464
   39.542519156    0.046454665   -0.028717015
   39.570865048    0.045425693   -0.027737541
   39.599210940    0.041595457   -0.026815060
   39.627556832    0.034903477   -0.025952566
   39.655902724    0.025443522   -0.025151896
   39.684248616    0.013454656   -0.024413588
   39.712594508   -0.000711833   -0.023736746
   39.740940400   -0.016642544   -0.023118982
   39.769286291   -0.033917288   -0.022556452
   39.797632183   -0.052156276   -0.022044019
   39.825978075   -0.071047974   -0.021575527
   39.854323967   -0.090351765   -0.021144139
   39.882669859   -0.109876713   -0.020742683
   39.911015751   -0.129444593   -0.020363917
   39.939361643   -0.148849995   -0.020000667
   39.967707534   -0.167831300   -0.019645817
   39.996053426   -0.186063287   -0.019292173
   40.024399318   -0.203175789   -0.018932285
   40.052745210   -0.218794997   -0.018558336
   40.081091102   -0.232596866   -0.018162214
   40.109436994   -0.244357811   -0.017735845
   40.137782886   -0.253987776   -0.017271819
   40.166128778   -0.261535086   -0.016764258
   40.194474669   -0.267160095   -0.016209790
   40.222820561   -0.271083465   -0.015608452
   40.251166453   -0.273522518   -0.014964336
   40.279512345   -0.274633045   -0.014285790
   40.307858237   -0.274473202   -0.013585102
   40.336204129   -0.273000428   -0.012877668
   40.364550021   -0.270103308   -0.012180753
   40.392895913   -0.265660339   -0.011512054
   40.421241804   -0.259609439   -0.010888294
   40.449587696   -0.252008239   -0.010324107
   40.477933588   -0.243066930   -0.009831354
   40.506279480   -0.233142452   -0.009418973
   40.534625372   -0.222693343   -0.009093308
   40.562971264   -0.212205725   -0.008858783
   40.591317156   -0.202109606   -0.008718703
   40.619663047   -0.192708236   -0.008675982
   40.648008939   -0.184140549   -0.008733589
   40.676354831   -0.176388157   -0.008894641
   40.704700723   -0.169326107   -0.009162116
   40.733046615   -0.162804031   -0.009538311
   40.761392507   -0.156734824   -0.010024190
   40.789738399   -0.151164488   -0.010618819
   40.818084291   -0.146300528   -0.011319051
   40.846430182   -0.142486556   -0.012119544
   40.874776074   -0.140125068   -0.013013121
   40.903121966   -0.139564988   -0.013991392
   40.931467858   -0.140981533   -0.015045482
   40.959813750   -0.144280082   -0.016166706
   40.988159642   -0.149051724   -0.017347037
   41.016505534   -0.154596612   -0.018579286
   41.044851425   -0.160015028   -0.019856977
   41.073197317   -0.164349195   -0.021173986
   41.101543209   -0.166745704   -0.022524077
   41.129889101   -0.166602456   -0.023900466
   41.158234993   -0.163666909   -0.025295561
   41.186580885   -0.158063541   -0.026700942
   41.214926777   -0.150245074   -0.028107610
   41.243272669   -0.140879941   -0.029506441
   41.271618560   -0.130703200   -0.030888748
   41.299964452   -0.120365949   -0.032246827
   41.328310344   -0.110317356   -0.033574370
   41.356656236   -0.100744130   -0.034866686
   41.385002128   -0.091577179   -0.036120697
   41.413348020   -0.082558253   -0.037334761
   41.441693912   -0.073345109   -0.038508375
   41.470039804   -0.063625535   -0.039641877
   41.498385695   -0.053210455   -0.040736196
   41.526731587   -0.042083943   -0.041792720
   41.555077479   -0.030400888   -0.042813274
   41.583423371   -0.018437716   -0.043800177
   41.611769263   -0.006513830   -0.044756310
   41.640115155    0.005091785   -0.045685144
   41.668461047    0.016204722   -0.046590651
   41.696806938    0.026783032   -0.047477106
   41.725152830    0.036903167   -0.048348770
   41.753498722    0.046710758   -0.049209531
   41.781844614    0.056352778   -0.050062551
   41.810190506    0.065912294   -0.050910008
   41.838536398    0.075365194   -0.051752963
   41.866882290    0.084571010   -0.052591400
   41.895228182    0.093299400   -0.053424398
   41.923574073    0.101283280   -0.054250398
   41.951919965    0.108282127   -0.055067495
   41.980265857    0.114136642   -0.055873683
   42.008611749    0.118799369   -0.056667006
   42.036957641    0.122333717   -0.057445571
   42.065303533    0.124883716   -0.058207443
   42.093649425    0.126625648   -0.058950445
   42.121995316    0.127717780   -0.059671925
   42.150341208    0.128264252   -0.060368542
   42.178687100    0.128303978   -0.061036133
   42.207032992    0.127826732   -0.061669693
   42.235378884    0.126809332   -0.062263487
   42.263724776    0.125257843   -0.062811270
   42.292070668    0.123239347   -0.063306603
   42.320416560    0.120889868   -0.063743203
   42.348762451    0.118392772   -0.064115292
   42.377108343    0.115931960   -0.064417902
   42.405454235    0.113633497   -0.064647099
   42.433800127    0.111514797   -0.064800126
   42.462146019    0.109460336   -0.064875447
   42.490491911    0.107236579   -0.064872715
   42.518837803    0.104548090   -0.064792687
   42.547183695    0.101124384   -0.064637104
   42.575529586    0.096816656   -0.064408570
   42.603875478    0.091678264   -0.064110445
   42.632221370    0.086004508   -0.063746772
   42.660567262    0.080315943   -0.063322231
   42.688913154    0.075283041   -0.062842125
   42.717259046    0.071605116   -0.062312363
   42.745604938    0.069868966   -0.061739438
   42.773950829    0.070419270   -0.061130360
   42.802296721    0.073271365   -0.060492547
   42.830642613    0.078087904   -0.059833654
   42.858988505    0.084226091   -0.059161377
   42.887334397    0.090845586   -0.058483246
   42.915680289    0.097052905   -0.057806441
   42.944026181    0.102049921   -0.057137684
   42.972372073    0.105253893   -0.056483210
   43.000717964    0.106364346   -0.055848840
   43.029063856    0.105365810   -0.055240105
   43.057409748    0.102471395   -0.054662397
   43.085755640    0.098026202   -0.054121059
   43.114101532    0.092398071   -0.053621360
   43.142447424    0.085884271   -0.053168292
   43.170793316    0.078656335   -0.052766188
   43.199139207    0.070753444   -0.052418177
   43.227485099    0.062120918   -0.052125574
   43.255830991    0.052678292   -0.051887296
   43.284176883    0.042394310   -0.051699454
   43.312522775    0.031345700   -0.051555213
   43.340868667    0.019742551   -0.051445000
   43.369214559    0.007913626   -0.051357068
   43.397560451   -0.003743205   -0.051278332
   43.425906342   -0.014830368   -0.051195370
   43.454252234   -0.025019597   -0.051095406
   43.482598126   -0.034101206   -0.050967113
   43.510944018   -0.042000549   -0.050801101
   43.539289910   -0.048758506   -0.050590026
   43.567635802   -0.054483211   -0.050328341
   43.595981694   -0.059288286   -0.050011785
   43.624327586   -0.063236184   -0.049636783
   43.652673477   -0.066303163   -0.049199923
   43.681019369   -0.068375655   -0.048697689
   43.709365261   -0.069278405   -0.048126524
   43.737711153   -0.068825587   -0.047483249
   43.766057045   -0.066879709   -0.046765744
   43.794402937   -0.063401362   -0.045973721
   43.822748829   -0.058475976   -0.045109410
   43.851094720   -0.052310876   -0.044177964
   43.879440612   -0.045204664   -0.043187454
   43.907786504   -0.037498930   -0.042148430
   43.936132396   -0.029526985   -0.041073106
   43.964478288   -0.021574589   -0.039974323
   43.992824180   -0.013863435   -0.038864507
   44.021170072   -0.006560780   -0.037754805
   44.049515964    0.000189620   -0.036654577
   44.077861855    0.006226797   -0.035571300
   44.106207747    0.011336769   -0.034510847
   44.134553639    0.015235031   -0.033478033
   44.162899531    0.017575407   -0.032477224
   44.191245423    0.017985505   -0.031512828
   44.219591315    0.016121075   -0.030589517
   44.247937207    0.011725727   -0.029712106
   44.276283098    0.004680497   -0.028885124
   44.304628990   -0.004969795   -0.028112192
   44.332974882   -0.017020364   -0.027395395
   44.361320774   -0.031139322   -0.026734829
   44.389666666   -0.046920772   -0.026128463
   44.418012558   -0.063944216   -0.025572386
   44.446358450   -0.081825173   -0.025061388
   44.474704342   -0.100245049   -0.024589743
   44.503050233   -0.118954692   -0.024152001
   44.531396125   -0.137753897   -0.023743588
   44.559742017   -0.156456076   -0.023361063
   44.588087909   -0.174851424   -0.023001975
   44.616433801   -0.192681961   -0.022664364
   44.644779693   -0.209637947   -0.022346061
   44.673125585   -0.225378386   -0.022044008
   44.701471477   -0.239570796   -0.021753809
   44.729817368   -0.251939253   -0.021469709
   44.758163260   -0.262306729   -0.021185050
   44.786509152   -0.270618990   -0.020893182
   44.814855044   -0.276942197   -0.020588642
   44.843200936   -0.281433825   -0.020268379
   44.871546828   -0.284294123   -0.019932732
   44.899892720   -0.285711124   -0.019585959
   44.928238611   -0.285814344   -0.019236160
   44.956584503   -0.284650160   -0.018894612
   44.984930395   -0.282185972   -0.018574614
   45.013276287   -0.278342215   -0.018290093
   45.041622179   -0.273043333   -0.018054208
   45.069968071   -0.266273290   -0.017878229
   45.098313963   -0.258119487   -0.017770865
   45.126659855   -0.248791907   -0.017738102
   45.155005746   -0.238610881   -0.017783516
   45.183351638   -0.227965590   -0.017908914
   45.211697530   -0.217253668   -0.018115097
   45.240043422   -0.206817864   -0.018402541
   45.268389314   -0.196897054   -0.018771842
   45.296735206   -0.187605347   -0.019223845
   45.325081098   -0.178945631   -0.019759470
   45.353426989   -0.170854364   -0.020379330
   45.381772881   -0.163265468   -0.021083282
   45.410118773   -0.156175101   -0.021870053
   45.438464665   -0.149687788   -0.022737034
   45.466810557   -0.144028266   -0.023680317
   45.495156449   -0.139511779   -0.024694920
   45.523502341   -0.136476275   -0.025775147
   45.551848233   -0.135190455   -0.026914965
   45.580194124   -0.135759102   -0.028108306
   45.608540016   -0.138049577   -0.029349226
   45.636885908   -0.141659988   -0.030631905
   45.665231800   -0.145940962   -0.031950531
   45.693577692   -0.150071058   -0.033299121
   45.721923584   -0.153173434   -0.034671380
   45.750269476   -0.154451457   -0.036060645
   45.778615368   -0.153315821   -0.037459950
   45.806961259   -0.149476796   -0.038862204
   45.835307151   -0.142982303   -0.040260429
   45.863653043   -0.134193960   -0.041647999
   45.891998935   -0.123706522   -0.043018830
   45.920344827   -0.112228200   -0.044367486
   45.948690719   -0.100447356   -0.045689207
   45.977036611   -0.088913389   -0.046979897
   46.005382502   -0.077955640   -0.048236121
   46.033728394   -0.067655036   -0.049455154
   46.062074286   -0.057870986   -0.050635090
   46.090420178   -0.048313763   -0.051774993
   46.118766070   -0.038642999   -0.052875027
   46.147111962   -0.028568104   -0.053936477
   46.175457854   -0.017927428   -0.054961593
   46.203803746   -0.006729358   -0.055953217
   46.232149637    0.004851517   -0.056914215
   46.260495529    0.016518853   -0.057846806
   46.288841421    0.027925758   -0.058751925
   46.317187313    0.038753173   -0.059628778
   46.345533205    0.048775190   -0.060474741
   46.373879097    0.057895526   -0.061285669
   46.402224989    0.066147556   -0.062056604
   46.430570880    0.073660135   -0.062782773
   46.458916772    0.080600323   -0.063460671
   46.487262664    0.087109806   -0.064089004
   46.515608556    0.093252939   -0.064669256
   46.543954448    0.098990660   -0.065205735
   46.572300340    0.104187176   -0.065705055
   46.600646232    0.108647142   -0.066175123
   46.628992124    0.112172650   -0.066623836
   46.657338015    0.114623827   -0.067057734
   46.685683907    0.115965727   -0.067480894
   46.714029799    0.116287821   -0.067894269
   46.742375691    0.115789768   -0.068295597
   46.770721583    0.114736373   -0.068679867
   46.799067475    0.113393262   -0.069040219
   46.827413367    0.111960457   -0.069369063
   46.855759259    0.110522214   -0.069659157
   46.884105150    0.109027711   -0.069904458
   46.912451042    0.107309354   -0.070100575
   46.940796934    0.105135587   -0.070244804
   46.969142826    0.102285684   -0.070335812
   46.997488718    0.098627591   -0.070373118
   47.025834610    0.094178230   -0.070356536
   47.054180502    0.089129338   -0.070285772
   47.082526393    0.083830121   -0.070160247
   47.110872285    0.078728726   -0.069979196
   47.139218177    0.074285084   -0.069741987
   47.167564069    0.070875352   -0.069448525
   47.195909961    0.068710944   -0.069099644
   47.224255853    0.067792153   -0.068697348
   47.252601745    0.067908361   -0.068244837
   47.280947637    0.068685618   -0.067746347
   47.309293528    0.069670828   -0.067206820
   47.337639420    0.070432767   -0.066631542
   47.365985312    0.070655937   -0.066025826
   47.394331204    0.070204920   -0.065394824
   47.422677096    0.069144086   -0.064743503
   47.451022988    0.067708359   -0.064076760
   47.479368880    0.066232662   -0.063399615
   47.507714771    0.065057540   -0.062717396
   47.536060663    0.064434027   -0.062035846
   47.564406555    0.064450603   -0.061361106
   47.592752447    0.064999317   -0.060699572
   47.621098339    0.065788356   -0.060057664
   47.649444231    0.066396960   -0.059441568
   47.677790123    0.066358631   -0.058857010
   47.706136015    0.065252324   -0.058309119
   47.734481906    0.062780359   -0.057802362
   47.762827798    0.058816041   -0.057340546
   47.791173690    0.053412282   -0.056926804
   47.819519582    0.046772500   -0.056563529
   47.847865474    0.039194201   -0.056252204
   47.876211366    0.031001576   -0.055993121
   47.904557258    0.022484763   -0.055785049
   47.932903150    0.013860198   -0.055624920
   47.961249041    0.005259509   -0.055507628
   47.989594933   -0.003253900   -0.055426043
   48.017940825   -0.011649113   -0.055371259
   48.046286717   -0.019886062   -0.055333087
   48.074632609   -0.027882053   -0.055300709
   48.102978501   -0.035497234   -0.055263384
   48.131324393   -0.042543627   -0.055211078
   48.159670284   -0.048815052   -0.055134920
   48.188016176   -0.054129006   -0.055027405
   48.216362068   -0.058368103   -0.054882376
   48.244707960   -0.061508836   -0.054694841
   48.273053852   -0.063629160   -0.054460735
   48.301399744   -0.064892494   -0.054176763
   48.329745636   -0.065512477   -0.053840403
   48.358091528   -0.065708154   -0.053450107
   48.386437419   -0.065661887   -0.053005672
   48.414783311   -0.065491267   -0.052508675
   48.443129203   -0.065242231   -0.051962833
   48.471475095   -0.064904475   -0.051374154
   48.499820987   -0.064443974   -0.050750784
   48.528166879   -0.063842707   -0.050102521
   48.556512771   -0.063133893   -0.049440062
   48.584858662   -0.062422501   -0.048774102
   48.613204554   -0.061885210   -0.048114476
   48.641550446   -0.061749877   -0.047469495
   48.669896338   -0.062260338   -0.046845618
   48.698242230   -0.063636332   -0.046247509
   48.726588122   -0.066039430   -0.045678420
   48.754934014   -0.069553787   -0.045140798
   48.783279906   -0.074186070   -0.044636926
   48.811625797   -0.079883224   -0.044169433
   48.839971689   -0.086561689   -0.043741526
   48.868317581   -0.094138548   -0.043356892
   48.896663473   -0.102554896   -0.043019280
   48.925009365   -0.111784341   -0.042731897
   48.953355257   -0.121824297   -0.042496742
   48.981701149   -0.132673081   -0.042314081
   49.010047041   -0.144300236   -0.042182169
   49.038392932   -0.156619676   -0.042097302
   49.066738824   -0.169474496   -0.042054177
   49.095084716   -0.182638944   -0.042046463
   49.123430608   -0.195837998   -0.042067455
   49.151776500   -0.208779810   -0.042110634
   49.180122392   -0.221192451   -0.042170034
   49.208468284   -0.232855129   -0.042240330
   49.236814175   -0.243615611   -0.042316676
   49.265160067   -0.253389656   -0.042394364
   49.293505959   -0.262143541   -0.042468453
   49.321851851   -0.269865715   -0.042533502
   49.350197743   -0.276536811   -0.042583539
   49.378543635   -0.282107620   -0.042612337
   49.406889527   -0.286492179   -0.042613989
   49.435235419   -0.289578417   -0.042583708
   49.463581310   -0.291253368   -0.042518711
   49.491927202   -0.291435302   -0.042419025
   49.520273094   -0.290102782   -0.042288058
   49.548618986   -0.287311248   -0.042132797
   49.576964878   -0.283191312   -0.041963598
   49.605310770   -0.277928350   -0.041793559
   49.633656662   -0.271728720   -0.041637564
   49.662002553   -0.264782240   -0.041511133
   49.690348445   -0.257232107   -0.041429248
   49.718694337   -0.249161590   -0.041405296
   49.747040229   -0.240602078   -0.041450283
   49.775386121   -0.231560653   -0.041572390
   49.803732013   -0.222059162   -0.041776905
   49.832077905   -0.212172615   -0.042066483
   49.860423797   -0.202054018   -0.042441668
   49.888769688   -0.191935820   -0.042901532
   49.917115580   -0.182104350   -0.043444313
   49.945461472   -0.172851332   -0.044067937
   49.973807364   -0.164413609   -0.044770317
   50.002153256   -0.156916596   -0.045549423
   50.030499148   -0.150337286   -0.046403104
   50.058845040   -0.144498533   -0.047328764
   50.087190932   -0.139098793   -0.048322961
   50.115536823   -0.133772361   -0.049381064
   50.143882715   -0.128166847   -0.050497054
   50.172228607   -0.122019495   -0.051663539
   50.200574499   -0.115213386   -0.052872000
   50.228920391   -0.107799013   -0.054113214
   50.257266283   -0.099975022   -0.055377779
   50.285612175   -0.092032146   -0.056656629
   50.313958066   -0.084273700   -0.057941421
   50.342303958   -0.076932188   -0.059224734
   50.370649850   -0.070102812   -0.060500032
   50.398995742   -0.063710594   -0.061761450
   50.427341634   -0.057519550   -0.063003468
   50.455687526   -0.051181858   -0.064220599
   50.484033418   -0.044315067   -0.065407201
   50.512379310   -0.036588569   -0.066557510
   50.540725201   -0.027798581   -0.067665895
   50.569071093   -0.017914135   -0.068727315
   50.597416985   -0.007084172   -0.069737861
   50.625762877    0.004394279   -0.070695250
   50.654108769    0.016137349   -0.071599134
   50.682454661    0.027748791   -0.072451121
   50.710800553    0.038889155   -0.073254478
   50.739146444    0.049323777   -0.074013569
   50.767492336    0.058940266   -0.074733133
   50.795838228    0.067734765   -0.075417586
   50.824184120    0.075774508   -0.076070486
   50.852530012    0.083149840   -0.076694295
   50.880875904    0.089930509   -0.077290487
   50.909221796    0.096138387   -0.077859942
   50.937567688    0.101742906   -0.078403516
   50.965913579    0.106678143   -0.078922600
   50.994259471    0.110873876   -0.079419503
   51.022605363    0.114289081   -0.079897513
   51.050951255    0.116936083   -0.080360595
   51.079297147    0.118887063   -0.080812779
   51.107643039    0.120260576   -0.081257366
   51.135988931    0.121192251   -0.081696155
   51.164334823    0.121799044   -0.082128896
   51.192680714    0.122148511   -0.082553106
   51.221026606    0.122243103   -0.082964329
   51.249372498    0.122024797   -0.083356794
   51.277718390    0.121398942   -0.083724322
   51.306064282    0.120270049   -0.084061275
   51.334410174    0.118578235   -0.084363338
   51.362756066    0.116324498   -0.084627943
   51.391101957    0.113576188   -0.084854251
   51.419447849    0.110450043   -0.085042701
   51.447793741    0.107077231   -0.085194257
   51.476139633    0.103560828   -0.085309542
   51.504485525    0.099939194   -0.085388059
   51.532831417    0.096167680   -0.085427710
   51.561177309    0.092126276   -0.085424685
   51.589523201    0.087653277   -0.085373761
   51.617869092    0.082597162   -0.085268896
   51.646214984    0.076872793   -0.085103983
   51.674560876    0.070505721   -0.084873569
   51.702906768    0.063650716   -0.084573387
   51.731252660    0.056577042   -0.084200615
   51.759598552    0.049621953   -0.083753829
   51.787944444    0.043122807   -0.083232742
   51.816290335    0.037344614   -0.082637830
   51.844636227    0.032421827   -0.081969983
   51.872982119    0.028330021   -0.081230298
   51.901328011    0.024895517   -0.080420052
   51.929673903    0.021840981   -0.079540857
   51.958019795    0.018855280   -0.078594907
   51.986365687    0.015669130   -0.077585206
   52.014711579    0.012116243   -0.076515688
   52.043057470    0.008163419   -0.075391126
   52.071403362    0.003901319   -0.074216843
   52.099749254   -0.000501543   -0.072998259
   52.128095146   -0.004868913   -0.071740372
   52.156441038   -0.009091397   -0.070447310
   52.184786930   -0.013184354   -0.069122039
   52.213132822   -0.017312059   -0.067766305
   52.241478714   -0.021769983   -0.066380801
   52.269824605   -0.026928263   -0.064965504
   52.298170497   -0.033149946   -0.063520075
   52.326516389   -0.040704570   -0.062044194
   52.354862281   -0.049699147   -0.060537749
   52.383208173   -0.060044311   -0.059000816
   52.411554065   -0.071464289   -0.057433439
   52.439899957   -0.083548124   -0.055835288
   52.468245848   -0.095829008   -0.054205293
   52.496591740   -0.107871675   -0.052541356
   52.524937632   -0.119346248   -0.050840243
   52.553283524   -0.130071042   -0.049097680
   52.581629416   -0.140015493   -0.047308625
   52.609975308   -0.149265023   -0.045467669
   52.638321200   -0.157959499   -0.043569439
   52.666667092   -0.166223288   -0.041608925
   52.695012983   -0.174106205   -0.039581653
   52.723358875   -0.181550655   -0.037483694
   52.751704767   -0.188392373   -0.035311534
   52.780050659   -0.194392566   -0.033061875
   52.808396551   -0.199290785   -0.030731471
   52.836742443   -0.202862712   -0.028317066
   52.865088335   -0.204966652   -0.025815478
   52.893434226   -0.205566638   -0.023223843
   52.921780118   -0.204727531   -0.020539938
   52.950126010   -0.202585844   -0.017762534
   52.978471902   -0.199306971   -0.014891665
   53.006817794   -0.195043021   -0.011928754
   53.035163686   -0.189904585   -0.008876564
   53.063509578   -0.183955020   -0.005738990
   53.091855470   -0.177228546   -0.002520755
   53.120201361   -0.169766008    0.000772912
   53.148547253   -0.161656590    0.004136528
   53.176893145   -0.153071843    0.007564490
   53.205239037   -0.144280511    0.011051071
   53.233584929   -0.135638158    0.014590305
   53.261930821   -0.127552892    0.018175852
   53.290276713   -0.120435307    0.021800885
   53.318622605   -0.114645238    0.025458103
   53.346968496   -0.110448701    0.029139881
   53.375314388   -0.107995324    0.032838554
   53.403660280   -0.107320690    0.036546774
   53.432006172   -0.108370940    0.040257867
   53.460352064   -0.111040963    0.043966088
   53.488697956   -0.115214080    0.047666727
   53.517043848   -0.120791439    0.051356034
   53.545389739   -0.127703000    0.055031002
   53.573735631   -0.135898004    0.058689075
   53.602081523   -0.145319282    0.062327883
   53.630427415   -0.155870696    0.065945091
   53.658773307   -0.167389117    0.069538412
   53.687119199   -0.179630855    0.073105792
   53.715465091   -0.192278098    0.076645719
   53.743810983   -0.204964805    0.080157544
   53.772156874   -0.217315698    0.083641721
   53.800502766   -0.228988106    0.087099854
   53.828848658   -0.239705620    0.090534501
   53.857194550   -0.249275061    0.093948759
   53.885540442   -0.257583233    0.097345686
   53.913886334   -0.264575967    0.100727711
   53.942232226   -0.270227047    0.104096140
   53.970578117   -0.274507386    0.107450910
   53.998924009   -0.277364367    0.110790634
   54.027269901   -0.278717783    0.114112951
   54.055615793   -0.278473424    0.117415082
   54.083961685   -0.276549658    0.120694468
   54.112307577   -0.272908144    0.123949335
   54.140653469   -0.267578406    0.127179030
   54.168999361   -0.260667784    0.130384058
   54.197345252   -0.252352792    0.133565803
   54.225691144   -0.242853732    0.136725997
   54.254037036   -0.232399803    0.139866077
   54.282382928   -0.221195187    0.142986588
   54.310728820   -0.209396639    0.146086775
   54.339074712   -0.197109901    0.149164467
   54.367420604   -0.184406607    0.152216294
   54.395766496   -0.171356943    0.155238164
   54.424112387   -0.158068100    0.158225910
   54.452458279   -0.144716058    0.161175952
   54.480804171   -0.131559350    0.164085829
   54.509150063   -0.118928013    0.166954500
   54.537495955   -0.107187672    0.169782373
   54.565841847   -0.096685794    0.172571084
   54.594187739   -0.087692593    0.175323112
   54.622533630   -0.080351209    0.178041336
   54.650879522   -0.074650025    0.180728647
   54.679225414   -0.070424667    0.183387709
   54.707571306   -0.067389771    0.186020885
   54.735917198   -0.065193028    0.188630313
   54.764263090   -0.063478398    0.191218081
   54.792608982   -0.061943197    0.193786404
   54.820954874   -0.060375690    0.196337737
   54.849300765   -0.058665212    0.198874772
   54.877646657   -0.056784295    0.201400329
   54.905992549   -0.054749697    0.203917153
   54.934338441   -0.052574627    0.206427711
   54.962684333   -0.050226431    0.208934033
   54.991030225   -0.047601999    0.211437669
   55.019376117   -0.044527943    0.213939771
   55.047722008   -0.040785498    0.216441271
   55.076067900   -0.036153239    0.218943120
   55.104413792   -0.030455878    0.221446492
   55.132759684   -0.023605836    0.223952903
   55.161105576   -0.015626444    0.226464195
   55.189451468   -0.006650609    0.228982405
   55.217797360    0.003104591    0.231509537
   55.246143252    0.013380750    0.234047333
   55.274489143    0.023927502    0.236597108
   55.302835035    0.034546325    0.239159716
   55.331180927    0.045118728    0.241735658
   55.359526819    0.055613324    0.244325330
   55.387872711    0.066072020    0.246929315
   55.416218603    0.076580856    0.249548644
   55.444564495    0.087234432    0.252184937
   55.472910387    0.098103674    0.254840345
   55.501256278    0.109214779    0.257517303
   55.529602170    0.120543316    0.260218125
   55.557948062    0.132022891    0.262944538
   55.586293954    0.143563780    0.265697281
   55.614639846    0.155074685    0.268475870
   55.642985738    0.166480701    0.271278608
   55.671331630    0.177732581    0.274102854
   55.699677521    0.188805694    0.276945492
   55.728023413    0.199690580    0.279803502
   55.756369305    0.210379625    0.282674493
   55.784715197    0.220855386    0.285557072
   55.813061089    0.231085205    0.288450958
   55.841406981    0.241024398    0.291356839
   55.869752873    0.250627276    0.294276001
   55.898098765    0.259862493    0.297209856
   55.926444656    0.268727654    0.300159505
   55.954790548    0.277258207    0.303125460
   55.983136440    0.285527282    0.306107614
   56.011482332    0.293635887    0.309105480
   56.039828224    0.301695799    0.312118634
   56.068174116    0.309809706    0.315147244
   56.096520008    0.318054039    0.318192540
   56.124865900    0.326469147    0.321257085
   56.153211791    0.335059348    0.324344753
   56.181557683    0.343802528    0.327460398
   56.209903575    0.352666220    0.330609272
   56.238249467    0.361625323    0.333796323
   56.266595359    0.370676260    0.337025511
   56.294941251    0.379843546    0.340299313
   56.323287143    0.389177069    0.343618507
   56.351633034    0.398741101    0.346982273
   56.379978926    0.408598440    0.350388557
   56.408324818    0.418794399    0.353834608
   56.436670710    0.429345240    0.357317527
   56.465016602    0.440234240    0.360834703
   56.493362494    0.451416232    0.364384022
   56.521708386    0.462829025    0.367963837
   56.550054278    0.474408141    0.371572705
   56.578400169    0.486100511    0.375209004
   56.606746061    0.497873240    0.378870539
   56.635091953    0.509715136    0.382554259
   56.663437845    0.521630897    0.386256157
   56.691783737    0.533629968    0.389971384
   56.720129629    0.545713567    0.393694541
   56.748475521    0.557863722    0.397420063
   56.776821412    0.570037432    0.401142592
   56.805167304    0.582167424    0.404857259
   56.833513196    0.594169050    0.408559808
   56.861859088    0.605951108    0.412246567
   56.890204980    0.617427425    0.415914305
   56.918550872    0.628526077    0.419560058
   56.946896764    0.639194014    0.423181013
   56.975242656    0.649396478    0.426774516
   57.003588547    0.659112167    0.430338227
   57.031934439    0.668326407    0.433870413
   57.060280331    0.677024984    0.437370296
   57.088626223    0.685190944    0.440838382
   57.116972115    0.692805499    0.444276663
   57.145318007    0.699852752    0.447688651
   57.173663899    0.706326613    0.451079207
   57.202009791    0.712237505    0.454454204
   57.230355682    0.717616444    0.457820103
   57.258701574    0.722514830    0.461183524
   57.287047466    0.726999562    0.464550891
   57.315393358    0.731144445    0.467928234
   57.343739250    0.735019989    0.471321119
   57.372085142    0.738684127    0.474734717
   57.400431034    0.742176130    0.478173908
   57.428776925    0.745515052    0.481643364
   57.457122817    0.748702811    0.485147552
   57.485468709    0.751730706    0.488690603
   57.513814601    0.754587393    0.492276076
   57.542160493    0.757266035    0.495906669
   57.570506385    0.759768804    0.499583931
   57.598852277    0.762107816    0.503308070
   57.627198169    0.764302673    0.507077899
   57.655544060    0.766375775    0.510890939
   57.683889952    0.768347093    0.514743657
   57.712235844    0.770230131    0.518631773
   57.740581736    0.772030219    0.522550572
   57.768927628    0.773745521    0.526495141
   57.797273520    0.775370182    0.530460488
   57.825619412    0.776898458    0.534441544
   57.853965303    0.778328397    0.538433084
   57.882311195    0.779663909    0.542429611
   57.910657087    0.780914650    0.546425291
   57.939002979    0.782093888    0.550413981
   57.967348871    0.783215179    0.554389370
   57.995694763    0.784289036    0.558345219
   58.024040655    0.785320687    0.562275657
   58.052386547    0.786309646    0.566175440
   58.080732438    0.787251167    0.570040140
   58.109078330    0.788139025    0.573866188
   58.137424222    0.788968661    0.577650804
   58.165770114    0.789739619    0.581391818
   58.194116006    0.790456485    0.585087480
   58.222461898    0.791128067    0.588736316
   58.250807790    0.791765106    0.592337101
   58.279153682    0.792377351    0.595888983
   58.307499573    0.792970961    0.599391723
   58.335845465    0.793547111    0.602846005
   58.364191357    0.794102258    0.606253710
   58.392537249    0.794629932    0.609618062
   58.420883141    0.795123472    0.612943589
   58.449229033    0.795578767    0.616235841
   58.477574925    0.795996093    0.619500936
   58.505920816    0.796380473    0.622744973
   58.534266708    0.796740415    0.625973461
   58.562612600    0.797085492    0.629190848
   58.590958492    0.797423549    0.632400260
   58.619304384    0.797758468    0.635603474
   58.647650276    0.798089226    0.638801116
   58.675996168    0.798410547    0.641993011
   58.704342060    0.798714939    0.645178570
   58.732687951    0.798995437    0.648357116
   58.761033843    0.799248155    0.651528064
   58.789379735    0.799473823    0.654690915
   58.817725627    0.799677791    0.657845076
   58.846071519    0.799868524    0.660989589
   58.874417411    0.800055051    0.664122852
   58.902763303    0.800244233    0.667242433
   58.931109194    0.800438702    0.670345050
   58.959455086    0.800636175    0.673426742
   58.987800978    0.800830346    0.676483198
   59.016146870    0.801013078    0.679510191
   59.044492762    0.801177182    0.682503993
   59.072838654    0.801318894    0.685461709
   59.101184546    0.801439237    0.688381430
   59.129530438    0.801543839    0.691262202
   59.157876329    0.801641249    0.694103821
   59.186222221    0.801740308    0.696906515
   59.214568113    0.801847403    0.699670609
   59.242914005    0.801964508    0.702396241
   59.271259897    0.802088625    0.705083197
   59.299605789    0.802212818    0.707730888
   59.327951681    0.802328519    0.710338457
   59.356297573    0.802428350    0.712904960
   59.384643464    0.802508577    0.715429570
   59.412989356    0.802570394    0.717911742
   59.441335248    0.802619629    0.720351292
   59.469681140    0.802664959    0.722748389
   59.498027032    0.802715208    0.725103482
   59.526372924    0.802776581    0.727417177
   59.554718816    0.802850726    0.729690144
   59.583064707    0.802934245    0.731923051
   59.611410599    0.803019807    0.734116569
   59.639756491    0.803098527    0.736271421
   59.668102383    0.803162837    0.738388463
   59.696448275    0.803208947    0.740468741
   59.724794167    0.803238108    0.742513501
   59.753140059    0.803256268    0.744524142
   59.781485951    0.803272227    0.746502087
   59.809831842    0.803294880    0.748448633
   59.838177734    0.803330417    0.750364786
   59.866523626    0.803380377    0.752251151
   59.894869518    0.803441170    0.754107884
   59.923215410    0.803505232    0.755934735
   59.951561302    0.803563444    0.757731162
   59.979907194    0.803608047    0.759496478
   60.008253085    0.803635135    0.761230007
   60.036598977    0.803645929    0.762931190
   60.064944869    0.803646423    0.764599619
   60.093290761    0.803645517    0.766234999
   60.121636653    0.803652219    0.767837054
   60.149982545    0.803672809    0.769405399
   60.178328437    0.803708857    0.770939437
   60.206674329    0.803756730    0.772438297
   60.235020220    0.803808750    0.773900848
   60.263366112    0.803855624    0.775325779
   60.291712004    0.803889407    0.776711721
   60.320057896    0.803906024    0.778057396
   60.348403788    0.803906586    0.779361722
   60.376749680    0.803897059    0.780623882
   60.405095572    0.803886399    0.781843319
   60.433441464    0.803883735    0.783019680
   60.461787355    0.803895494    0.784152714
   60.490133247    0.803923371    0.785242186
   60.518479139    0.803963802    0.786287805
   60.546825031    0.804009079    0.787289218
   60.575170923    0.804049798    0.788246049
   60.603516815    0.804077825    0.789157997
   60.631862707    0.804088879    0.790024936
   60.660208598    0.804083891    0.790847026
   60.688554490    0.804068731    0.791624773
   60.716900382    0.804052359    0.792359043
   60.745246274    0.804044015    0.793051028
   60.773592166    0.804050309    0.793702171
   60.801938058    0.804073137    0.794314083
   60.830283950    0.804109085    0.794888469
   60.858629842    0.804150505    0.795427080
   60.886975733    0.804187929    0.795931703
   60.915321625    0.804213048    0.796404182
   60.943667517    0.804221343    0.796846443
   60.972013409    0.804213511    0.797260516
   61.000359301    0.804195252    0.797648522
   61.028705193    0.804175483    0.798012634
   61.057051085    0.804163535    0.798354992
   61.085396976    0.804166221    0.798677612
   61.113742868    0.804185693    0.798982290
   61.142088760    0.804218764    0.799270544
   61.170434652    0.804257917    0.799543583
   61.198780544    0.804293666    0.799802341
   61.227126436    0.804317543    0.800047536
   61.255472328    0.804324765    0.800279761
   61.283818220    0.804315734    0.800499575
   61.312164111    0.804295922    0.800707560
   61.340510003    0.804274146    0.800904361
   61.368855895    0.804259803    0.801090672
   61.397201787    0.804259921    0.801267207
   61.425547679    0.804276951    0.801434640
   61.453893571    0.804308001    0.801593568
   61.482239463    0.804345747    0.801744482
   61.510585355    0.804380733    0.801887770
   61.538931246    0.804404344    0.802023747
   61.567277138    0.804411508    0.802152695
   61.595623030    0.804402288    0.802274907
   61.623968922    0.804381862    0.802390721
   61.652314814    0.804358899    0.802500524
   61.680660706    0.804342837    0.802604734
   61.709006598    0.804340927    0.802703771
   61.737352489    0.804355960    0.802798013
   61.765698381    0.804385396    0.802887768
   61.794044273    0.804422163    0.802973260
   61.822390165    0.804456879    0.803054645
   61.850736057    0.804480791    0.803132034
   61.879081949    0.804488521    0.803205538
   61.907427841    0.804479744    0.803275300
   61.935773733    0.804459295    0.803341517
   61.964119624    0.804435644    0.803404435
   61.992465516    0.804418249    0.803464334
   62.020811408    0.804414591    0.803521487
   62.049157300    0.804427834    0.803576126
   62.077503192    0.804455841    0.803628417
   62.105849084    0.804491846    0.803678450
   62.134194976    0.804526572    0.803726259
   62.162540867    0.804551141    0.803771850
   62.190886759    0.804559846    0.803815239
   62.219232651    0.804551938    0.803856488
   62.247578543    0.804531858    0.803895715
   62.275924435    0.804507839    0.803933095
   62.304270327    0.804489337    0.803968831
   62.332616219    0.804484069    0.804003122
   62.360962111    0.804495604    0.804036123
   62.389308002    0.804522250    0.804067927
   62.417653894    0.804557586    0.804098554
   62.445999786    0.804592474    0.804127975
   62.474345678    0.804617915    0.804156137
   62.502691570    0.804627859    0.804183007
   62.531037462    0.804621099    0.804208600
   62.559383354    0.804601641    0.804232993
   62.587729246    0.804577450    0.804256321
   62.616075137    0.804557964    0.804278746
   62.644421029    0.804551142    0.804300428
   62.672766921    0.804560980    0.804321484
   62.701112813    0.804586267    0.804341967
   62.729458705    0.804620964    0.804361862
   62.757804597    0.804656091    0.804381105
   62.786150489    0.804682534    0.804399614
   62.814496380    0.804693888    0.804417327
   62.842842272    0.804688461    0.804434234
   62.871188164    0.804669793    0.804450388
   62.899534056    0.804645559    0.804465900
   62.927879948    0.804625164    0.804480914
   62.956225840    0.804616813    0.804495568
   62.984571732    0.804624950    0.804509960
   63.012917624    0.804648867    0.804524122
   63.041263515    0.804682930    0.804538024
   63.069609407    0.804718335    0.804551581
   63.097955299    0.804745858    0.804564697
   63.126301191    0.804758732    0.804577292
   63.154647083    0.804754758    0.804589340
   63.182992975    0.804736995    0.804600881
   63.211338867    0.804712804    0.804612013
   63.239684758    0.804691554    0.804622868
   63.268030650    0.804681696    0.804633572
   63.296376542    0.804688126    0.804644214
   63.324722434    0.804710658    0.804654820
   63.353068326    0.804744078    0.804665348
   63.381414218    0.804779771    0.804675707
   63.409760110    0.804808407    0.804685789
   63.438106002    0.804822852    0.804695505
   63.466451893    0.804820398    0.804704819
   63.494797785    0.804803610    0.804713760
   63.523143677    0.804779526    0.804722419
   63.551489569    0.804757467    0.804730920
   63.579835461    0.804746126    0.804739384
   63.608181353    0.804750856    0.804747897
   63.636527245    0.804771993    0.804756482
   63.664873137    0.804804754    0.804765095
   63.693219028    0.804840718    0.804773640
   63.721564920    0.804870461    0.804782003
   63.749910812    0.804886488    0.804790091
   63.778256704    0.804885584    0.804797857
   63.806602596    0.804869817    0.804805326
   63.834948488    0.804845896    0.804812579
   63.863294380    0.804823085    0.804819737
   63.891640271    0.804810307    0.804826921
   63.919986163    0.804813362    0.804834214
   63.948332055    0.804833107    0.804841642
   63.976677947    0.804865187    0.804849159
   64.005023839    0.804901389    0.804856669
   64.033369731    0.804932201    0.804864057
   64.061715623    0.804949788    0.804871222
   64.090061515    0.804950436    0.804878113
   64.118407406    0.804935721    0.804884745
   64.146753298    0.804912022    0.804891198
   64.175099190    0.804888531    0.804897587
   64.203445082    0.804874384    0.804904032
   64.231790974    0.804875808    0.804910621
   64.260136866    0.804894169    0.804917379
   64.288482758    0.804925537    0.804924265
   64.316828649    0.804961914    0.804931183
   64.345174541    0.804993727    0.804938015
   64.373520433    0.805012819    0.804944658
   64.401866325    0.805015000    0.804951053
   64.430212217    0.805001364    0.804957212
   64.458558109    0.804977955    0.804963206
   64.486904001    0.804953874    0.804969151
   64.515249893    0.804938446    0.804975167
   64.543595784    0.804938296    0.804981341
   64.571941676    0.804955279    0.804987706
   64.600287568    0.804985891    0.804994223
   64.628633460    0.805022360    0.805000800
   64.656979352    0.805055078    0.805007315
   64.685325244    0.805075598    0.805013663
   64.713671136    0.805079283    0.805019781
   64.742017028    0.805066758    0.805025672
   64.770362919    0.805043722    0.805031405
   64.798708811    0.805019165    0.805037091
   64.827054703    0.805002562    0.805042853
   64.855400595    0.805000904    0.805048781
   64.883746487    0.805016513    0.805054911
   64.912092379    0.805046307    0.805061210
   64.940438271    0.805082763    0.805067587
   64.968784162    0.805116268    0.805073924
   64.997130054    0.805138127    0.805080108
   65.025475946    0.805143286    0.805086072
   65.053821838    0.805131913    0.805091815
   65.082167730    0.805109352    0.805097400
   65.110513622    0.805084449    0.805102935
   65.138859514    0.805066789    0.805108544
   65.167205406    0.805063691    0.805114321
   65.195551297    0.805077919    0.805120307
   65.223897189    0.805106815    0.805126474
   65.252243081    0.805143129    0.805132735
   65.280588973    0.805177288    0.805138970
   65.308934865    0.805200392    0.805145065
   65.337280757    0.805207000    0.805150948
   65.365626649    0.805196835    0.805156611
   65.393972540    0.805174868    0.805162113
   65.422318432    0.805149765    0.805167559
   65.450664324    0.805131171    0.805173074
   65.479010216    0.805126693    0.805178755
   65.507356108    0.805139519    0.805184649
   65.535702000    0.805167419    0.805190733
   65.564047892    0.805203449    0.805196923
   65.592393784    0.805238122    0.805203100
   65.620739675    0.805262379    0.805209150
   65.649085567    0.805270425    0.805214993
   65.677431459    0.805261541    0.805220616
   65.705777351    0.805240303    0.805226073
   65.734123243    0.805215151    0.805231467
   65.762469135    0.805195744    0.805236921
   65.790815027    0.805189935    0.805242539
   65.819160919    0.805201319    0.805248371
   65.847506810    0.805228111    0.805254400
   65.875852702    0.805263705    0.805260546
   65.904198594    0.805298753    0.805266692
   65.932544486    0.805324083    0.805272720
   65.960890378    0.805333571    0.805278547
   65.989236270    0.805326056    0.805284154
   66.017582162    0.805305690    0.805289589
   66.045928053    0.805280641    0.805294952
   66.074273945    0.805260529    0.805300367
   66.102619837    0.805253422    0.805305939
   66.130965729    0.805263309    0.805311726
   66.159311621    0.805288867    0.805317716
   66.187657513    0.805323874    0.805323833
   66.216003405    0.805359167    0.805329962
   66.244349297    0.805385504    0.805335982
   66.272695188    0.805396456    0.805341808
   66.301041080    0.805390409    0.805347412
   66.329386972    0.805371060    0.805352838
   66.357732864    0.805346256    0.805358183
   66.386078756    0.805325533    0.805363571
   66.414424648    0.805317140    0.805369110
   66.442770540    0.805325462    0.805374862
   66.471116431    0.805349657    0.805380821
   66.499462323    0.805383933    0.805386917
   66.527808215    0.805419358    0.805393036
   66.556154107    0.805446658    0.805399057
   66.584499999    0.805459111    0.805404888
   66.612845891    0.805454638    0.805410498
   66.641191783    0.805436444    0.805415924
   66.669537675    0.805412009    0.805421259
   66.697883566    0.805390747    0.805426628
   66.726229458    0.805381065    0.805432140
   66.754575350    0.805387743    0.805437863
   66.782921242    0.805410454    0.805443797
   66.811267134    0.805443870    0.805449876
   66.839613026    0.805479336    0.805455989
   66.867958918    0.805507575    0.805462014
   66.896304810    0.805521575    0.805467855
   66.924650701    0.805518778    0.805473476
   66.952996593    0.805501862    0.805478907
   66.981342485    0.805477900    0.805484239
   67.009688377    0.805456148    0.805489593
   67.038034269    0.805445158    0.805495083
   67.066380161    0.805450116    0.805500780
   67.094726053    0.805471232    0.805506691
   67.123071944    0.805503683    0.805512755
   67.151417836    0.805539123    0.805518863
   67.179763728    0.805568292    0.805524894
   67.208109620    0.805583892    0.805530749
   67.236455512    0.805582863    0.805536384
   67.264801404    0.805567326    0.805541825
   67.293147296    0.805543912    0.805547157
   67.321493188    0.805521699    0.805552500
   67.349839079    0.805509376    0.805557970
   67.378184971    0.805512544    0.805563643
   67.406530863    0.805531976    0.805569531
   67.434876755    0.805563384    0.805575580
   67.463222647    0.805598756    0.805581685
   67.491568539    0.805628859    0.805587723
   67.519914431    0.805646105    0.805593592
   67.548260322    0.805646916    0.805599243
   67.576606214    0.805632829    0.805604697
   67.604952106    0.805610015    0.805610032
   67.633297998    0.805587354    0.805615367
   67.661643890    0.805573673    0.805620819
   67.689989782    0.805574998    0.805626468
   67.718335674    0.805592685    0.805632335
   67.746681566    0.805623000    0.805638369
   67.775027457    0.805658282    0.805644469
   67.803373349    0.805689326    0.805650514
   67.831719241    0.805708252    0.805656398
   67.860065133    0.805710948    0.805662068
   67.888411025    0.805698355    0.805667536
   67.916756917    0.805676165    0.805672877
   67.945102809    0.805653060    0.805678205
   67.973448701    0.805638004    0.805683640
   68.001794592    0.805637459    0.805689267
   68.030140484    0.805653372    0.805695111
   68.058486376    0.805682573    0.805701129
   68.086832268    0.805717754    0.805707224
   68.115178160    0.805749744    0.805713276
   68.143524052    0.805770360    0.805719177
   68.171869944    0.805774956    0.805724867
   68.200215835    0.805763866    0.805730350
   68.228561727    0.805742309    0.805735698
   68.256907619    0.805718764    0.805741022
   68.285253511    0.805702336    0.805746441
   68.313599403    0.805699923    0.805752045
   68.341945295    0.805714066    0.805757866
   68.370291187    0.805742154    0.805763867
   68.398637079    0.805777230    0.805769957
   68.426982970    0.805810154    0.805776016
   68.455328862    0.805832443    0.805781933
   68.483674754    0.805838918    0.805787643
   68.512020646    0.805829318    0.805793144
   68.540366538    0.805808390    0.805798501
   68.568712430    0.805784418    0.805803821
   68.597058322    0.805766647    0.805809225
   68.625404213    0.805762403    0.805814806
   68.653750105    0.805774808    0.805820603
   68.682095997    0.805801800    0.805826587
   68.710441889    0.805836763    0.805832670
   68.738787781    0.805870586    0.805838735
   68.767133673    0.805894497    0.805844669
   68.795479565    0.805902799    0.805850401
   68.823825457    0.805894654    0.805855921
   68.852171348    0.805874352    0.805861287
   68.880517240    0.805849986    0.805866605
   68.908863132    0.805830932    0.805871993
   68.937209024    0.805824928    0.805877552
   68.965554916    0.805835652    0.805883324
   68.993900808    0.805861569    0.805889290
   69.022246700    0.805896396    0.805895366
   69.050592592    0.805931055    0.805901437
   69.078938483    0.805956503    0.805907388
   69.107284375    0.805966553    0.805913141
   69.135630267    0.805959816    0.805918681
   69.163976159    0.805940146    0.805924058
   69.192322051    0.805915445    0.805929374
   69.220667943    0.805895204    0.805934748
   69.249013835    0.805887540    0.805940283
   69.277359726    0.805896655    0.805946031
   69.305705618    0.805921515    0.805951977
   69.334051510    0.805956159    0.805958046
   69.362397402    0.805991558    0.805964123
   69.390743294    0.806018425    0.805970091
   69.419089186    0.806030124    0.805975867
   69.447435078    0.806024751    0.805981427
   69.475780970    0.806005738    0.805986815
   69.504126861    0.805980793    0.805992129
   69.532472753    0.805959492    0.805997489
   69.560818645    0.805950291    0.806003001
   69.589164537    0.805957873    0.806008724
   69.617510429    0.805981678    0.806014651
   69.645856321    0.806016065    0.806020712
   69.674202213    0.806052072    0.806026795
   69.702548104    0.806080215    0.806032779
   69.730893996    0.806093455    0.806038577
   69.759239888    0.806089411    0.806044158
   69.787585780    0.806071108    0.806049558
   69.815931672    0.806046043    0.806054871
   69.844277564    0.806023838    0.806060217
   69.872623456    0.806013237    0.806065706
   69.900969348    0.806019357    0.806071405
   69.929315239    0.806042084    0.806077312
   69.957661131    0.806076105    0.806083365
   69.986007023    0.806112560    0.806089452
   70.014352915    0.806141819    0.806095453
   70.042698807    0.806156496    0.806101273
   70.071044699    0.806153766    0.806106874
   70.099390591    0.806136257    0.806112287
   70.127736483    0.806111227    0.806117599
   70.156082374    0.806088296    0.806122932
   70.184428266    0.806076432    0.806128399
   70.212774158    0.806081142    0.806134073
   70.241120050    0.806102741    0.806139961
   70.269465942    0.806136255    0.806146005
   70.297811834    0.806172974    0.806152097
   70.326157726    0.806203183    0.806158114
   70.354503617    0.806219205    0.806163955
   70.382849509    0.806217805    0.806169576
   70.411195401    0.806201206    0.806175001
   70.439541293    0.806176392    0.806180313
   70.467887185    0.806152919    0.806185633
   70.496233077    0.806139920    0.806191079
   70.524578969    0.806143246    0.806196730
   70.552924861    0.806163632    0.806202599
   70.581270752    0.806196470    0.806208634
   70.609616644    0.806233258    0.806214730
   70.637962536    0.806264260    0.806220761
   70.666308428    0.806281559    0.806226623
   70.694654320    0.806281535    0.806232264
   70.723000212    0.806265993    0.806237701
   70.751346104    0.806241593    0.806243013
   70.779691995    0.806217760    0.806248322
   70.808037887    0.806203732    0.806253748
   70.836383779    0.806205668    0.806259375
   70.864729671    0.806224724    0.806265226
   70.893075563    0.806256699    0.806271252
   70.921421455    0.806293358    0.806277351
   70.949767347    0.806325013    0.806283396
   70.978113239    0.806343554    0.806289277
   71.006459130    0.806344987    0.806294937
   71.034805022    0.806330671    0.806300385
   71.063150914    0.806306885    0.806305699
   71.091496806    0.806282859    0.806310997
   71.119842698    0.806267877    0.806316404
   71.148188590    0.806268382    0.806322010
   71.176534482    0.806285966    0.806327844
   71.204880374    0.806316882    0.806333861
   71.233226265    0.806353229    0.806339962
   71.261572157    0.806385427    0.806346018
   71.289918049    0.806405211    0.806351918
   71.318263941    0.806408210    0.806357595
   71.346609833    0.806395301    0.806363054
   71.374955725    0.806372322    0.806368369
   71.403301617    0.806348239    0.806373659
   71.431647508    0.806332342    0.806379049
   71.459993400    0.806331343    0.806384636
   71.488339292    0.806347296    0.806390452
   71.516685184    0.806376963    0.806396461
   71.545031076    0.806412840    0.806402563
   71.573376968    0.806445508    0.806408630
   71.601722860    0.806466570    0.806414544
   71.630068752    0.806471266    0.806420236
   71.658414643    0.806459945    0.806425706
   71.686760535    0.806437942    0.806431023
   71.715106427    0.806413904    0.806436305
   71.743452319    0.806397091    0.806441682
   71.771798211    0.806394490    0.806447252
   71.800144103    0.806408648    0.806453054
   71.828489995    0.806436894    0.806459055
   71.856835886    0.806472179    0.806465158
   71.885181778    0.806505286    0.806471232
   71.913527670    0.806527692    0.806477158
   71.941873562    0.806534226    0.806482861
   71.970219454    0.806524658    0.806488337
   71.998565346    0.806503765    0.806493655
   72.026911238    0.806479831    0.806498931
   72.055257130    0.806462067    0.806504298
   72.083603021    0.806457749    0.806509859
   72.111948913    0.806469959    0.806515655
   72.140294805    0.806496645    0.806521654
   72.168640697    0.806531261    0.806527758
   72.196986589    0.806564813    0.806533835
   72.225332481    0.806588652    0.806539761
   72.253678373    0.806597159    0.806545461
   72.282024265    0.806589481    0.806550930
   72.310370156    0.806569789    0.806556239
   72.338716048    0.806545974    0.806561513
   72.367061940    0.806527197    0.806566887
   72.395407832    0.806521044    0.806572468
   72.423753724    0.806531178    0.806578294
   72.452099616    0.806556208    0.806584321
   72.480445508    0.806590123    0.806590437
   72.508791399    0.806624162    0.806596490
   72.537137291    0.806649530    0.806602344
   72.565483183    0.806660128    0.806607926
   72.593829075    0.806654435    0.806613258
   72.622174967    0.806635985    0.806618469
   72.650520859    0.806612264    0.806623780
   72.678866751    0.806592394    0.806629457
   72.707212643    0.806584304    0.806635767
   72.735558534    0.806592272    0.806642922
   72.763904426    0.806615601    0.806651052
   72.792250318    0.806648828    0.806660197
   72.820596210    0.806683419    0.806670322
   72.848942102    0.806710408    0.806681357
   72.877287994    0.806723179    0.806693239
   72.905633886    0.806719516    0.806705944
   72.933979777    0.806702299    0.806719507
   72.962325669    0.806678616    0.806734018
   72.990671561    0.806657572    0.806749592
   73.019017453    0.806647469    0.806766337
   73.047363345    0.806653230    0.806784318
   73.075709237    0.806674866    0.806803534
   73.104055129    0.806707458    0.806823920
   73.132401021    0.806742677    0.806845362
   73.160746912    0.806771357    0.806867738
   73.189092804    0.806786337    0.806890952
   73.217438696    0.806784693    0.806914963
   73.245784588    0.806768655    0.806939806
   73.274130480    0.806744934    0.806965570
   73.302476372    0.806722648    0.806992382
   73.330822264    0.806710500    0.807020358
   73.359168156    0.806714070    0.807049571
   73.387514047    0.806734072    0.807080028
   73.415859939    0.806766110    0.807111668
   73.444205831    0.806802028    0.807144378
   73.472551723    0.806832431    0.807178032
   73.500897615    0.806849600    0.807212528
   73.529243507    0.806849908    0.807247822
   73.557589399    0.806834960    0.807283939
   73.585935290    0.806811121    0.807320968
   73.614281182    0.806787555    0.807359031
   73.642627074    0.806773381    0.807398249
   73.670972966    0.806774835    0.807438701
   73.699318858    0.806793306    0.807480399
   73.727664750    0.806824886    0.807523289
   73.756010642    0.806861553    0.807567261
   73.784356534    0.806893663    0.807612189
   73.812702425    0.806912942    0.807657967
   73.841048317    0.806915083    0.807704544
   73.869394209    0.806901109    0.807751939
   73.897740101    0.806877083    0.807800234
   73.926085993    0.806852241    0.807849551
   73.954431885    0.806836123    0.807900012
   73.982777777    0.806835592    0.807951701
   74.011123668    0.806852672    0.808004639
   74.039469560    0.806883887    0.808058776
   74.067815452    0.806921320    0.808114008
   74.096161344    0.806955062    0.808170209
   74.124507236    0.806976309    0.808227270
   74.152853128    0.806980122    0.808285132
   74.181199020    0.806966995    0.808343806
   74.209544912    0.806942738    0.808403370
   74.237890803    0.806916678    0.808463942
   74.266236695    0.806898760    0.808525645
   74.294582587    0.806896428    0.808588569
   74.322928479    0.806912277    0.808652745
   74.351274371    0.806943208    0.808718128
   74.379620263    0.806981375    0.808784620
   74.407966155    0.807016615    0.808852095
   74.436312047    0.807039631    0.808920439
   74.464657938    0.807044919    0.808989588
   74.493003830    0.807032516    0.809059543
   74.521349722    0.807008020    0.809130376
   74.549695614    0.806980858    0.809202202
   74.578041506    0.806961344    0.809275146
   74.606387398    0.806957438    0.809349306
   74.634733290    0.806972228    0.809424717
   74.663079181    0.807002934    0.809501345
   74.691425073    0.807041754    0.809579097
   74.719770965    0.807078293    0.809657846
   74.748116857    0.807102827    0.809737476
   74.776462749    0.807109369    0.809817912
   74.804808641    0.807097573    0.809899149
   74.833154533    0.807072868    0.809981251
   74.861500425    0.807044778    0.810064330
   74.889846316    0.807023931    0.810148515
   74.918192208    0.807018718    0.810233908
   74.946538100    0.807032632    0.810320555
   74.974883992    0.807063148    0.810408429
   75.003229884    0.807102492    0.810497440
   75.031575776    0.807140075    0.810587465
   75.059921668    0.807165825    0.810678380
   75.088267559    0.807173369    0.810770104
   75.116613451    0.807162062    0.810862623
   75.144959343    0.807137209    0.810955994
   75.173305235    0.807108413    0.811050326
   75.201651127    0.807086554    0.811145751
   75.229997019    0.807080352    0.811242377
   75.258342911    0.807093605    0.811340259
   75.286688803    0.807123968    0.811439379
   75.315034694    0.807163678    0.811539652
   75.343380586    0.807201994    0.811640953
   75.371726478    0.807228586    0.811743154
   75.400072370    0.807236810    0.811846166
   75.428418262    0.807225824    0.811949966
   75.456764154    0.807200869    0.812054604
   75.485110046    0.807171625    0.812160188
   75.513455938    0.807149157    0.812266851
   75.541801829    0.807142402    0.812374710
   75.570147721    0.807155331    0.812483829
   75.598493613    0.807185672    0.812594196
   75.626839505    0.807225616    0.812705733
   75.655185397    0.807264282    0.812818311
   75.683531289    0.807291175    0.812931799
   75.711877181    0.807299523    0.813046098
   75.740223072    0.807288452    0.813161177
   75.768568964    0.807263282    0.813277079
   75.796914856    0.807233849    0.813393912
   75.825260748    0.807211381    0.813511813
   75.853606640    0.807204908    0.813630907
   75.881952532    0.807218356    0.813751264
   75.910298424    0.807249263    0.813872884
   75.938644316    0.807289528    0.813995687
   75.966990207    0.807327990    0.814119546
   75.995336099    0.807354005    0.814244320
   76.023681991    0.807360902    0.814369902
   76.052027883    0.807348196    0.814496254
   76.080373775    0.807321825    0.814623415
   76.108719667    0.807292307    0.814751493
   76.137065559    0.807271366    0.814880631
   76.165411450    0.807268079    0.815010961
   76.193757342    0.807285786    0.815142565
   76.222103234    0.807320766    0.815275444
   76.250449126    0.807363183    0.815409523
   76.278795018    0.807400090    0.815544665
   76.307140910    0.807419637    0.815680724
   76.335486802    0.807415234    0.815817583
   76.363832694    0.807388403    0.815955196
   76.392178585    0.807349417    0.816093601
   76.420524477    0.807315460    0.816232913
   76.448870369    0.807306786    0.816373284
   76.477216261    0.807341917    0.816514859
   76.505562153    0.807433247    0.816657727
   76.533908045    0.807584240    0.816801893
   76.562253937    0.807788999    0.816947272
   76.590599829    0.808034255    0.817093714
   76.618945720    0.808303134    0.817241055
   76.647291612    0.808579586    0.817389162
   76.675637504    0.808852195    0.817537985
   76.703983396    0.809116316    0.817687573
   76.732329288    0.809374047    0.817838066
   76.760675180    0.809632182    0.817989653
   76.789021072    0.809898907    0.818142514
   76.817366963    0.810180349    0.818296762
   76.845712855    0.810478069    0.818452394
   76.874058747    0.810788260    0.818609275
   76.902404639    0.811102850    0.818767156
   76.930750531    0.811412068    0.818925724
   76.959096423    0.811707621    0.819084658
   76.987442315    0.811985410    0.819243696
   77.015788207    0.812246908    0.819402680
   77.044134098    0.812498751    0.819561563
   77.072479990    0.812750666    0.819720399
   77.100825882    0.813012417    0.819879295
   77.129171774    0.813290725    0.820038359
   77.157517666    0.813587138    0.820197654
   77.185863558    0.813897540    0.820357171
   77.214209450    0.814213431    0.820516823
   77.242555341    0.814524587    0.820676481
   77.270901233    0.814822260    0.820836009
   77.299247125    0.815101908    0.820995312
   77.327593017    0.815364618    0.821154368
   77.355938909    0.815616753    0.821313233
   77.384284801    0.815867970    0.821472029
   77.412630693    0.816128203    0.821630897
   77.440976585    0.816404571    0.821789959
   77.469322476    0.816699167    0.821949275
   77.497668368    0.817008409    0.822108823
   77.526014260    0.817324166    0.822268507
   77.554360152    0.817636289    0.822428187
   77.582706044    0.817935766    0.822587723
   77.611051936    0.818217521    0.822747019
   77.639397828    0.818481983    0.822906056
   77.667743720    0.818734952    0.823064899
   77.696089611    0.818985792    0.823223673
   77.724435503    0.819244523    0.823382525
   77.752781395    0.819518716    0.823541580
   77.781127287    0.819811145    0.823700898
   77.809473179    0.820118929    0.823860456
   77.837819071    0.820434425    0.824020155
   77.866164963    0.820747594    0.824179849
   77.894510854    0.821049114    0.824339396
   77.922856746    0.821333264    0.824498697
   77.951202638    0.821599704    0.824657732
   77.979548530    0.821853579    0.824816565
   78.007894422    0.822103940    0.824975325
   78.036240314    0.822360939    0.825134163
   78.064586206    0.822632690    0.825293206
   78.092932098    0.822922753    0.825452517
   78.121277989    0.823229019    0.825612075
   78.149623881    0.823544352    0.825771779
   78.177969773    0.823858784    0.825931484
   78.206315665    0.824162597    0.826091043
   78.234661557    0.824449335    0.826250353
   78.263007449    0.824717814    0.826409393
   78.291353341    0.824972508    0.826568225
   78.319699232    0.825222187    0.826726976
   78.348045124    0.825477212    0.826885801
   78.376391016    0.825746332    0.827044830
   78.404736908    0.826033959    0.827204129
   78.433082800    0.826338784    0.827363680
   78.461428692    0.826654147    0.827523386
   78.489774584    0.826970080    0.827683098
   78.518120476    0.827276383    0.827842668
   78.546466367    0.827565787    0.828001991
   78.574812259    0.827836238    0.828161040
   78.603158151    0.828091561    0.828319875
   78.631504043    0.828340315    0.828478622
   78.659849935    0.828593158    0.828637436
   78.688195827    0.828859552    0.828796450
   78.716541719    0.829144801    0.828955735
   78.744887611    0.829448375    0.829115275
   78.773233502    0.829764025    0.829274976
   78.801579394    0.830081689    0.829434693
   78.829925286    0.830390597    0.829594273
   78.858271178    0.830682627    0.829753611
   78.886617070    0.830954859    0.829912673
   78.914962962    0.831210535    0.830071515
   78.943308854    0.831458100    0.830230262
   78.971654745    0.831708608    0.830389067
   79.000000637    0.831972292    0.830548066
   79.028346529    0.832255350    0.830707333
   79.056692421    0.832557972    0.830866859
   79.085038313    0.832874218    0.831026552
   79.113384205    0.833193820    0.831186270
   79.141730097    0.833505362    0.831345860
   79.170075989    0.833799844    0.831505212
   79.198421880    0.834073534    0.831664290
   79.226767772    0.834329198    0.831823143
   79.255113664    0.834575292    0.831981893
   79.283459556    0.834823371    0.832140692
   79.311805448    0.835084483    0.832299676
   79.340151340    0.835365687    0.832458925
   79.368497232    0.835667787    0.832618433
   79.396843123    0.835985009    0.832778115
   79.425189015    0.836306744    0.832937830
   79.453534907    0.836620848    0.833097428
   79.481880799    0.836917451    0.833256794
   79.510226691    0.837192105    0.833415889
   79.538572583    0.837447254    0.833574757
   79.566918475    0.837691539    0.833733514
   79.595264367    0.837937143    0.833892309
   79.623610258    0.838195968    0.834051282
   79.651956150    0.838475865    0.834210513
   79.680302042    0.838778090    0.834370003
   79.708647934    0.839096825    0.834529670
   79.736993826    0.839420932    0.834689378
   79.765339718    0.839737428    0.834848977
   79.793685610    0.840035590    0.835008353
   79.822031502    0.840310401    0.835167462
   79.850377393    0.840564225    0.835326345
   79.878723285    0.840806160    0.835485113
   79.907069177    0.841049225    0.835643916
   79.935415069    0.841306259    0.835802889
   79.963760961    0.841585810    0.835962115
   79.992106853    0.841889331    0.836121592
   80.020452745    0.842210598    0.836281241
   80.048798636    0.842537581    0.836440926
   80.077144528    0.842856213    0.836600499
   80.105490420    0.843154878    0.836759850
   80.133836312    0.843428205    0.836918944
   80.162182204    0.843678927    0.837077832
   80.190528096    0.843917168    0.837236639
   80.218873988    0.844157331    0.837395520
   80.247219880    0.844413520    0.837554607
   80.275565771    0.844694951    0.837713954
   80.303911663    0.845002804    0.837873509
   80.332257555    0.845329600    0.838033100
   80.360603447    0.845661356    0.838192467
   80.388949339    0.845981941    0.838351306
   80.417295231    0.846278295    0.838509334
   80.445641123    0.846544879    0.838666340
   80.473987014    0.846785889    0.838822217
   80.502332906    0.847014433    0.838976966
   80.530678798    0.847248776    0.839130671
   80.559024690    0.847506684    0.839283452
   80.587370582    0.847799508    0.839435410
   80.615716474    0.848127808    0.839586591
   80.644062366    0.848479879    0.839736961
   80.672408258    0.848833746    0.839886416
   80.700754149    0.849162146    0.840034817
   80.729100041    0.849439160    0.840182027
   80.757445933    0.849646624    0.840327962
   80.785791825    0.849778531    0.840472616
   80.814137717    0.849842198    0.840616061
   80.842483609    0.849855899    0.840758430
   80.870829501    0.849843726    0.840899871
   80.899175393    0.849829180    0.841040505
   80.927521284    0.849829354    0.841180385
   80.955867176    0.849851335    0.841319480
   80.984213068    0.849891741    0.841457685
   81.012558960    0.849939355    0.841594852
   81.040904852    0.849979893    0.841730839
   81.069250744    0.850001342    0.841865550
   81.097596636    0.849998176    0.841998967
   81.125942527    0.849973201    0.842131157
   81.154288419    0.849936543    0.842262251
   81.182634311    0.849902207    0.842392400
   81.210980203    0.849883411    0.842521734
   81.239326095    0.849888234    0.842650317
   81.267671987    0.849916994    0.842778128
   81.296017879    0.849962181    0.842905070
   81.324363771    0.850010935    0.843030994
   81.352709662    0.850049253    0.843155751
   81.381055554    0.850066523    0.843279236
   81.409401446    0.850058958    0.843401420
   81.437747338    0.850030797    0.843522359
   81.466093230    0.849992918    0.843642180
   81.494439122    0.849959328    0.843761039
   81.522785014    0.849942648    0.843879072
   81.551130905    0.849950068    0.843996356
   81.579476797    0.849981045    0.844112882
   81.607822689    0.850027490    0.844228558
   81.636168581    0.850076370    0.844343239
   81.664514473    0.850113877    0.844456767
   81.692860365    0.850129839    0.844569028
   81.721206257    0.850120965    0.844679980
   81.749552149    0.850091878    0.844789669
   81.777898040    0.850053636    0.844898218
   81.806243932    0.850020203    0.845005785
   81.834589824    0.850004003    0.845112516
   81.862935716    0.850011972    0.845218500
   81.891281608    0.850043368    0.845323740
   81.919627500    0.850090017    0.845428150
   81.947973392    0.850138918    0.845531587
   81.976319284    0.850176371    0.845633888
   82.004665175    0.850192322    0.845734926
   82.033011067    0.850183534    0.845834645
   82.061356959    0.850154600    0.845933084
   82.089702851    0.850116475    0.846030361
   82.118048743    0.850082997    0.846126635
   82.146394635    0.850066514    0.846222064
   82.174740527    0.850073988    0.846316747
   82.203086418    0.850104807    0.846410699
   82.231432310    0.850151004    0.846503845
   82.259778202    0.850199781    0.846596038
   82.288124094    0.850237554    0.846687111
   82.316469986    0.850254236    0.846776925
   82.344815878    0.850246399    0.846865412
   82.373161770    0.850218335    0.846952601
   82.401507662    0.850180684    0.847038604
   82.429853553    0.850147072    0.847123586
   82.458199445    0.850129823    0.847207711
   82.486545337    0.850136089    0.847291093
   82.514891229    0.850165624    0.847373758
   82.543237121    0.850210886    0.847455638
   82.571583013    0.850259419    0.847536587
   82.599928905    0.850297779    0.847616431
   82.628274796    0.850315745    0.847695020
   82.656620688    0.850309513    0.847772275
   82.684966580    0.850282862    0.847848212
   82.713312472    0.850245953    0.847922942
   82.741658364    0.850212124    0.847996631
   82.770004256    0.850193711    0.848069453
   82.798350148    0.850198198    0.848141534
   82.826696040    0.850225891    0.848212912
   82.855041931    0.850269850    0.848283525
   82.883387823    0.850318075    0.848353228
   82.911733715    0.850357269    0.848421842
   82.940079607    0.850376991    0.848489204
   82.968425499    0.850372900    0.848555224
   82.996771391    0.850348091    0.848619909
   83.025117283    0.850312107    0.848683365
   83.053463175    0.850277947    0.848745762
   83.081809066    0.850258008    0.848807281
   83.110154958    0.850260226    0.848868062
   83.138500850    0.850285625    0.848928152
   83.166846742    0.850328010    0.848987496
   83.195192634    0.850375920    0.849045951
   83.223538526    0.850416202    0.849103331
   83.251884418    0.850438101    0.849159463
   83.280230309    0.850436600    0.849214245
   83.308576201    0.850413961    0.849267676
   83.336922093    0.850379007    0.849319857
   83.365267985    0.850344371    0.849370961
   83.393613877    0.850322563    0.849421179
   83.421959769    0.850322094    0.849470659
   83.450305661    0.850344838    0.849519460
   83.478651553    0.850385466    0.849567534
   83.506997444    0.850433109    0.849614737
   83.535343336    0.850474732    0.849660877
   83.563689228    0.850499180    0.849705773
   83.592035120    0.850500634    0.849749313
   83.620381012    0.850480404    0.849791485
   83.648726904    0.850446519    0.849832389
   83.677072796    0.850411240    0.849872201
   83.705418687    0.850387252    0.849911118
   83.733764579    0.850383745    0.849949298
   83.762110471    0.850403564    0.849986811
   83.790456363    0.850442327    0.850023611
   83.818802255    0.850489787    0.850059557
   83.847148147    0.850532995    0.850094450
   83.875494039    0.850560309    0.850128100
   83.903839931    0.850565000    0.850160385
   83.932185822    0.850547336    0.850191289
   83.960531714    0.850514507    0.850220910
   83.988877606    0.850478411    0.850249427
   84.017223498    0.850451975    0.850277045
   84.045569390    0.850445157    0.850303932
   84.073915282    0.850461860    0.850330162
   84.102261174    0.850498713    0.850355691
   84.130607066    0.850546095    0.850380373
   84.158952957    0.850591102    0.850404003
   84.187298849    0.850621531    0.850426381
   84.215644741    0.850629659    0.850447381
   84.243990633    0.850614650    0.850466986
   84.272336525    0.850582832    0.850485302
   84.300682417    0.850545762    0.850502521
   84.329028309    0.850516663    0.850518860
   84.357374200    0.850506338    0.850534491
   84.385720092    0.850519811    0.850549486
   84.414065984    0.850554750    0.850563782
   84.442411876    0.850602158    0.850577204
   84.470757768    0.850649134    0.850589515
   84.499103660    0.850682852    0.850600496
   84.527449552    0.850694543    0.850610020
   84.555795444    0.850682226    0.850618115
   84.584141335    0.850651362    0.850624977
   84.612487227    0.850613192    0.850630939
   84.640833119    0.850581285    0.850636403
   84.669179011    0.850567334    0.850641755
   84.697524903    0.850577522    0.850647280
   84.725870795    0.850610567    0.850653111
   84.754216687    0.850658082    0.850659218
   84.782562578    0.850707137    0.850665442
   84.810908470    0.850744246    0.850671568
   84.839254362    0.850759558    0.850677400
   84.867600254    0.850749936    0.850682832
   84.895946146    0.850719979    0.850687886
   84.924292038    0.850680637    0.850692701
   84.952637930    0.850645847    0.850697494
   84.980983822    0.850628221    0.850702485
   85.009329713    0.850635108    0.850707829
