    0.000000000    0.464505137    0.464525558
    0.031495435    0.464555832    0.464532234
    0.062990871    0.464599767    0.464538826
    0.094486306    0.464622465    0.464545101
    0.125981742    0.464617488    0.464550941
    0.157477177    0.464588961    0.464556385
    0.188972612    0.464550063    0.464561619
    0.220468048    0.464518035    0.464566902
    0.251963483    0.464507605    0.464572466
    0.283458919    0.464525324    0.464578431
    0.314954354    0.464566999    0.464584755
    0.346449790    0.464619223    0.464591249
    0.377945225    0.464664452    0.464597647
    0.409440660    0.464687701    0.464603710
    0.440936096    0.464682304    0.464609312
    0.472431531    0.464652532    0.464614491
    0.503926967    0.464612030    0.464619436
    0.535422402    0.464578656    0.464624412
    0.566917837    0.464567662    0.464629663
    0.598413273    0.464585828    0.464635313
    0.629908708    0.464628799    0.464641320
    0.661404144    0.464682677    0.464647489
    0.692899579    0.464729279    0.464653544
    0.724395014    0.464753081    0.464659233
    0.755890450    0.464747186    0.464664421
    0.787385885    0.464716040    0.464669144
    0.818881321    0.464673804    0.464673596
    0.850376756    0.464638999    0.464678052
    0.881872191    0.464627432    0.464682765
    0.913367627    0.464646112    0.464687867
    0.944863062    0.464690499    0.464693316
    0.976358498    0.464746154    0.464698908
    1.007853933    0.464794208    0.464704352
    1.039349369    0.464818563    0.464709381
    1.070844804    0.464812094    0.464713849
    1.102340239    0.464779445    0.464717790
    1.133835675    0.464735341    0.464721400
    1.165331110    0.464699014    0.464724967
    1.196826546    0.464686859    0.464728755
    1.228321981    0.464706120    0.464732905
    1.259817416    0.464752040    0.464737371
    1.291312852    0.464809596    0.464741939
    1.322808287    0.464859181    0.464746301
    1.354303723    0.464884093    0.464750167
    1.385799158    0.464876969    0.464753380
    1.417294593    0.464842682    0.464755964
    1.448790029    0.464796567    0.464758124
    1.480285464    0.464758616    0.464760157
    1.511780900    0.464745848    0.464762343
    1.543276335    0.464765745    0.464764827
    1.574771770    0.464813313    0.464767562
    1.606267206    0.464872893    0.464770317
    1.637762641    0.464924091    0.464772760
    1.669258077    0.464949566    0.464774577
    1.700753512    0.464941707    0.464775589
    1.732248948    0.464905640    0.464775813
    1.763744383    0.464857354    0.464775455
    1.795239818    0.464817659    0.464774827
    1.826735254    0.464804233    0.464774220
    1.858230689    0.464824809    0.464773786
    1.889726125    0.464874131    0.464773471
    1.921221560    0.464935861    0.464773022
    1.952716995    0.464988761    0.464772073
    1.984212431    0.465014804    0.464770277
    2.015707866    0.465006126    0.464767426
    2.047203302    0.464968119    0.464763521
    2.078698737    0.464917481    0.464758770
    2.110194172    0.464875893    0.464753494
    2.141689608    0.464861738    0.464747995
    2.173185043    0.464883020    0.464742428
    2.204680479    0.464934198    0.464736724
    2.236175914    0.464998206    0.464730598
    2.267671349    0.465052899    0.464723638
    2.299166785    0.465079521    0.464715446
    2.330662220    0.465069923    0.464705772
    2.362157656    0.465029792    0.464694593
    2.393653091    0.464976579    0.464682110
    2.425148527    0.464932902    0.464668648
    2.456643962    0.464917907    0.464654517
    2.488139397    0.464939887    0.464639865
    2.519634833    0.464993005    0.464624595
    2.551130268    0.465059410    0.464608371
    2.582625704    0.465115984    0.464590712
    2.614121139    0.465143174    0.464571146
    2.645616574    0.465132527    0.464549359
    2.677112010    0.465090034    0.464525285
    2.708607445    0.465033956    0.464499102
    2.740102881    0.464987924    0.464471129
    2.771598316    0.464971912    0.464441669
    2.803093751    0.464994537    0.464410846
    2.834589187    0.465049649    0.464378512
    2.866084622    0.465118554    0.464344244
    2.897580058    0.465177082    0.464307452
    2.929075493    0.465204808    0.464267548
    2.960570928    0.465192934    0.464224111
    2.992066364    0.465147769    0.464176997
    3.023561799    0.465088447    0.464126334
    3.055057235    0.465039697    0.464072409
    3.086552670    0.465022404    0.464015492
    3.118048106    0.465045552    0.463955650
    3.149543541    0.465102663    0.463892632
    3.181038976    0.465174137    0.463825869
    3.212534412    0.465234648    0.463754589
    3.244029847    0.465262813    0.463678008
    3.275525283    0.465249437    0.463595531
    3.307020718    0.465201157    0.463506869
    3.338516153    0.465138049    0.463412049
    3.370011589    0.465086047    0.463311281
    3.401507024    0.465067047    0.463204752
    3.433002460    0.465090456    0.463092404
    3.464497895    0.465149456    0.462973796
    3.495993330    0.465223459    0.462848094
    3.527488766    0.465285871    0.462714202
    3.558984201    0.465314236    0.462570994
    3.590479637    0.465298898    0.462417557
    3.621975072    0.465246833    0.462253344
    3.653470507    0.465179144    0.462078185
    3.684965943    0.465123097    0.461892140
    3.716461378    0.465101719    0.461695229
    3.747956814    0.465124911    0.461487154
    3.779452249    0.465185502    0.461267105
    3.810947685    0.465261825    0.461033730
    3.842443120    0.465325870    0.460785305
    3.873938555    0.465353970    0.460520031
    3.905433991    0.465335926    0.460236369
    3.936929426    0.465279063    0.459933282
    3.968424862    0.465205610    0.459610269
    3.999920297    0.465144318    0.459267166
    4.031415732    0.465119497    0.458903747
    4.062911168    0.465141622    0.458519241
    4.094406603    0.465203158    0.458111905
    4.125902039    0.465281236    0.457678821
    4.157397474    0.465346257    0.457215959
    4.188892909    0.465373167    0.456718541
    4.220388345    0.465351123    0.456181571
    4.251883780    0.465287810    0.455600424
    4.283379216    0.465206704    0.454971297
    4.314874651    0.465138233    0.454291433
    4.346370086    0.465108170    0.453559065
    4.377865522    0.465127675    0.452773136
    4.409360957    0.465188823    0.451932916
    4.440856393    0.465267401    0.451037651
    4.472351828    0.465331999    0.450086369
    4.503847264    0.465355964    0.449077889
    4.535342699    0.465327682    0.448011017
    4.566838134    0.465255213    0.446884831
    4.598333570    0.465163430    0.445698933
    4.629829005    0.465084672    0.444453574
    4.661324441    0.465046404    0.443149599
    4.692819876    0.465060593    0.441788238
    4.724315311    0.465118891    0.440370821
    4.755810747    0.465195557    0.438898538
    4.787306182    0.465257086    0.437372325
    4.818801618    0.465274954    0.435792918
    4.850297053    0.465236614    0.434161050
    4.881792488    0.465150512    0.432477691
    4.913287924    0.465043109    0.430744225
    4.944783359    0.464948939    0.428962481
    4.976278795    0.464897435    0.427134565
    5.007774230    0.464901519    0.425262564
    5.039269665    0.464952372    0.423348193
    5.070765101    0.465022477    0.421392540
    5.102260536    0.465075874    0.419395983
    5.133755972    0.465081820    0.417358337
    5.165251407    0.465026634    0.415279170
    5.196746843    0.464919169    0.413158171
    5.228242278    0.464787708    0.410995438
    5.259737713    0.464669350    0.408791554
    5.291233149    0.464595842    0.406547412
    5.322728584    0.464581244    0.404263852
    5.354224020    0.464616193    0.401941223
    5.385719455    0.464671070    0.399579063
    5.417214890    0.464706992    0.397176031
    5.448710326    0.464690547    0.394730147
    5.480205761    0.464606652    0.392239301
    5.511701197    0.464464590    0.389701846
    5.543196632    0.464294769    0.387117089
    5.574692067    0.464137313    0.384485446
    5.606187503    0.464026711    0.381808187
    5.637682938    0.463978371    0.379086799
    5.669178374    0.463982253    0.376322148
    5.700673809    0.464006182    0.373513736
    5.732169245    0.464007703    0.370659333
    5.763664680    0.463950118    0.367755212
    5.795160115    0.463816576    0.364797002
    5.826655551    0.463616799    0.361781025
    5.858150986    0.463383706    0.358705789
    5.889646422    0.463161033    0.355573224
    5.921141857    0.462986560    0.352389287
    5.952637292    0.462877283    0.349163718
    5.984132728    0.462822279    0.345908911
    6.015628163    0.462786166    0.342638135
    6.047123599    0.462722023    0.339363488
    6.078619034    0.462589017    0.336094057
    6.110114469    0.462368026    0.332834698
    6.141609905    0.462069237    0.329585678
    6.173105340    0.461728596    0.326343219
    6.204600776    0.461394258    0.323100745
    6.236096211    0.461108012    0.319850472
    6.267591646    0.460888736    0.316584962
    6.299087082    0.460724270    0.313298259
    6.330582517    0.460575054    0.309986453
    6.362077953    0.460388375    0.306647618
    6.393573388    0.460118008    0.303281296
    6.425068824    0.459741798    0.299887776
    6.456564259    0.459270376    0.296467418
    6.488059694    0.458743412    0.293020239
    6.519555130    0.458214555    0.289545821
    6.551050565    0.457730551    0.286043514
    6.582546001    0.457312450    0.282512786
    6.614041436    0.456946189    0.278953581
    6.645536871    0.456586438    0.275366534
    6.677032307    0.456172582    0.271753006
    6.708527742    0.455651022    0.268114960
    6.740023178    0.454995351    0.264454781
    6.771518613    0.454216585    0.260775136
    6.803014048    0.453359166    0.257078980
    6.834509484    0.452483881    0.253369696
    6.866004919    0.451643857    0.249651341
    6.897500355    0.450862695    0.245928872
    6.928995790    0.450123251    0.242208256
    6.960491225    0.449371746    0.238496366
    6.991986661    0.448536138    0.234800664
    7.023482096    0.447552134    0.231128716
    7.054977532    0.446387063    0.227487653
    7.086472967    0.445052281    0.223883698
    7.117968403    0.443598871    0.220321856
    7.149463838    0.442097656    0.216805796
    7.180959273    0.440610622    0.213337883
    7.212454709    0.439164466    0.209919279
    7.243950144    0.437736591    0.206550010
    7.275445580    0.436259512    0.203228908
    7.306941015    0.434642798    0.199953433
    7.338436450    0.432804852    0.196719409
    7.369931886    0.430702669    0.193520782
    7.401427321    0.428347947    0.190349527
    7.432922757    0.425802542    0.187195768
    7.464418192    0.423153913    0.184048169
    7.495913627    0.420478894    0.180894504
    7.527409063    0.417809128    0.177722333
    7.558904498    0.415111633    0.174519605
    7.590399934    0.412292991    0.171275115
    7.621895369    0.409227162    0.167978723
    7.653390804    0.405797890    0.164621401
    7.684886240    0.401940471    0.161195158
    7.716381675    0.397666738    0.157693007
    7.747877111    0.393062176    0.154109047
    7.779372546    0.388253507    0.150438720
    7.810867982    0.383355812    0.146679198
    7.842363417    0.378416332    0.142829773
    7.873858852    0.373374596    0.138892122
    7.905354288    0.368054203    0.134870301
    7.936849723    0.362191724    0.130770404
    7.968345159    0.355495922    0.126599937
    7.999840594    0.347720139    0.122367040
    8.031336029    0.338725722    0.118079741
    8.062831465    0.328516784    0.113745442
    8.094326900    0.317235588    0.109370761
    8.125822336    0.305120532    0.104961734
    8.157317771    0.292440677    0.100524284
    8.188813206    0.279428092    0.096064744
    8.220308642    0.266229263    0.091590244
    8.251804077    0.252889758    0.087108751
    8.283299513    0.239374554    0.082628742
    8.314794948    0.225614245    0.078158547
    8.346290383    0.211558914    0.073705575
    8.377785819    0.197219742    0.069275649
    8.409281254    0.182683818    0.064872678
    8.440776690    0.168098079    0.060498769
    8.472272125    0.153629901    0.056154762
    8.503767561    0.139420331    0.051840978
    8.535262996    0.125548209    0.047557944
    8.566758431    0.112018796    0.043306781
    8.598253867    0.098780697    0.039089085
    8.629749302    0.085763767    0.034906274
    8.661244738    0.072922410    0.030758548
    8.692740173    0.060266499    0.026643784
    8.724235608    0.047866907    0.022556733
    8.755731044    0.035832591    0.018488860
    8.787226479    0.024267559    0.014428986
    8.818721915    0.013224419    0.010364710
    8.850217350    0.002673325    0.006284314
    8.881712785   -0.007500172    0.002178753
    8.913208221   -0.017465606   -0.001956776
    8.944703656   -0.027396063   -0.006122081
    8.976199092   -0.037413432   -0.010312240
    9.007694527   -0.047551561   -0.014518862
    9.039189962   -0.057752623   -0.018732028
    9.070685398   -0.067899898   -0.022942469
    9.102180833   -0.077876110   -0.027143464
    9.133676269   -0.087625723   -0.031332017
    9.165171704   -0.097196518   -0.035509083
    9.196667140   -0.106742021   -0.039678854
    9.228162575   -0.116480194   -0.043847340
    9.259658010   -0.126620456   -0.048020661
    9.291153446   -0.137284570   -0.052203504
    9.322648881   -0.148451762   -0.056398118
    9.354144317   -0.159952305   -0.060604059
    9.385639752   -0.171517893   -0.064818671
    9.417135187   -0.182876652   -0.069038092
    9.448630623   -0.193862517   -0.073258456
    9.480126058   -0.204499802   -0.077476910
    9.511621494   -0.215027950   -0.081692173
    9.543116929   -0.225848472   -0.085904499
    9.574612364   -0.237400963   -0.090115103
    9.606107800   -0.250000083   -0.094325271
    9.637603235   -0.263682023   -0.098535463
    9.669098671   -0.278111081   -0.102744713
    9.700594106   -0.292582972   -0.106950559
    9.732089541   -0.306134860   -0.111149532
    9.763584977   -0.317740656   -0.115338106
    9.795080412   -0.326543548   -0.119513828
    9.826575848   -0.332064453   -0.123676292
    9.858071283   -0.334329524   -0.127827645
    9.889566719   -0.333881142   -0.131972423
    9.921062154   -0.331668600   -0.136116691
    9.952557589   -0.328847607   -0.140266664
    9.984053025   -0.326541882   -0.144427127
   10.015548460   -0.325628516   -0.148600064
   10.047043896   -0.326599386   -0.152783851
   10.078539331   -0.329527019   -0.156973284
   10.110034766   -0.334132758   -0.161160466
   10.141530202   -0.339927240   -0.165336399
   10.173025637   -0.346376152   -0.169492928
   10.204521073   -0.353042585   -0.173624599
   10.236016508   -0.359670057   -0.177729995
   10.267511943   -0.366192690   -0.181812241
   10.299007379   -0.372682876   -0.185878590
   10.330502814   -0.379264747   -0.189939191
   10.361998250   -0.386028337   -0.194005361
   10.393493685   -0.392973725   -0.198087779
   10.424989121   -0.399999601   -0.202195018
   10.456484556   -0.406932689   -0.206332712
   10.487979991   -0.413579774   -0.210503473
   10.519475427   -0.419777705   -0.214707478
   10.550970862   -0.425420224   -0.218943437
   10.582466298   -0.430451783   -0.223209626
   10.613961733   -0.434832916   -0.227504634
   10.645457168   -0.438493623   -0.231827639
   10.676952604   -0.441296153   -0.236178148
   10.708448039   -0.443025029   -0.240555361
   10.739943475   -0.443411594   -0.244957403
   10.771438910   -0.442187082   -0.249380702
   10.802934345   -0.439147240   -0.253819751
   10.834429781   -0.434206946   -0.258267337
   10.865925216   -0.427426744   -0.262715153
   10.897420652   -0.419003377   -0.267154610
   10.928916087   -0.409229307   -0.271577574
   10.960411522   -0.398437133   -0.275976796
   10.991906958   -0.386949607   -0.280345925
   11.023402393   -0.375052936   -0.284679115
   11.054897829   -0.363001427   -0.288970415
   11.086393264   -0.351048890   -0.293213174
   11.117888700   -0.339491329   -0.297399724
   11.149384135   -0.328700481   -0.301521491
   11.180879570   -0.319130518   -0.305569546
   11.212375006   -0.311289849   -0.309535480
   11.243870441   -0.305682887   -0.313412342
   11.275365877   -0.302738138   -0.317195402
   11.306861312   -0.302744734   -0.320882518
   11.338356747   -0.305817360   -0.324474053
   11.369852183   -0.311900075   -0.327972403
   11.401347618   -0.320806167   -0.331381335
   11.432843054   -0.332278735   -0.334705387
   11.464338489   -0.346049727   -0.337949514
   11.495833924   -0.361876327   -0.341119098
   11.527329360   -0.379542536   -0.344220254
   11.558824795   -0.398827463   -0.347260271
   11.590320231   -0.419455156   -0.350247947
   11.621815666   -0.441048991   -0.353193604
   11.653311101   -0.463113327   -0.356108678
   11.684806537   -0.485056323   -0.359004895
   11.716301972   -0.506253226   -0.361893213
   11.747797408   -0.526134261   -0.364782766
   11.779292843   -0.544270872   -0.367680075
   11.810788279   -0.560432450   -0.370588690
   11.842283714   -0.574593794   -0.373509303
   11.873779149   -0.586888936   -0.376440247
   11.905274585   -0.597524652   -0.379378181
   11.936770020   -0.606680770   -0.382318733
   11.968265456   -0.614429631   -0.385256932
   11.999760891   -0.620701424   -0.388187360
   12.031256326   -0.625307329   -0.391104080
   12.062751762   -0.628013156   -0.394000461
   12.094247197   -0.628638814   -0.396869090
   12.125742633   -0.627149479   -0.399701865
   12.157238068   -0.623706157   -0.402490324
   12.188733503   -0.618656167   -0.405226109
   12.220228939   -0.612463967   -0.407901427
   12.251724374   -0.605603235   -0.410509356
   12.283219810   -0.598445337   -0.413043880
   12.314715245   -0.591182330   -0.415499672
   12.346210680   -0.583812980   -0.417871746
   12.377706116   -0.576200591   -0.420155157
   12.409201551   -0.568187801   -0.422344951
   12.440696987   -0.559733326   -0.424436449
   12.472192422   -0.551025650   -0.426425853
   12.503687858   -0.542532381   -0.428310986
   12.535183293   -0.534961058   -0.430091922
   12.566678728   -0.529132681   -0.431771227
   12.598174164   -0.525795969   -0.433353676
   12.629669599   -0.525430092   -0.434845440
   12.661165035   -0.528090503   -0.436252974
   12.692660470   -0.533343850   -0.437581914
   12.724155905   -0.540315962   -0.438836381
   12.755651341   -0.547847456   -0.440018931
   12.787146776   -0.554722664   -0.441131223
   12.818642212   -0.559917460   -0.442175204
   12.850137647   -0.562805615   -0.443154422
   12.881633082   -0.563273373   -0.444074964
   12.913128518   -0.561715145   -0.444945608
   12.944623953   -0.558913433   -0.445776984
   12.976119389   -0.555835079   -0.446579831
   13.007614824   -0.553396231   -0.447362767
   13.039110259   -0.552254658   -0.448130169
   13.070605695   -0.552679062   -0.448880782
   13.102101130   -0.554523430   -0.449607522
   13.133596566   -0.557306367   -0.450298623
   13.165092001   -0.560368227   -0.450939888
   13.196587437   -0.563059903   -0.451517498
   13.228082872   -0.564911132   -0.452020660
   13.259578307   -0.565734270   -0.452443413
   13.291073743   -0.565639265   -0.452785160
   13.322569178   -0.564961216   -0.453049852
   13.354064614   -0.564126494   -0.453244138
   13.385560049   -0.563500052   -0.453375105
   13.417055484   -0.563260896   -0.453448289
   13.448550920   -0.563343535   -0.453466591
   13.480046355   -0.563463234   -0.453430382
   13.511541791   -0.563217708   -0.453338735
   13.543037226   -0.562234609   -0.453191373
   13.574532661   -0.560319463   -0.452990675
   13.606028097   -0.557557048   -0.452743097
   13.637523532   -0.554331285   -0.452459512
   13.669018968   -0.551251535   -0.452154313
   13.700514403   -0.549000505   -0.451843471
   13.732009838   -0.548143014   -0.451542051
   13.763505274   -0.548948699   -0.451261817
   13.795000709   -0.551280882   -0.451009536
   13.826496145   -0.554587989   -0.450786372
   13.857991580   -0.558007077   -0.450588447
   13.889487016   -0.560558270   -0.450408341
   13.920982451   -0.561382997   -0.450237085
   13.952477886   -0.559965133   -0.450066092
   13.983973322   -0.556276882   -0.449888579
   14.015468757   -0.550809931   -0.449700187
   14.046964193   -0.544482318   -0.449498801
   14.078459628   -0.538444178   -0.449283769
   14.109955063   -0.533832047   -0.449054859
   14.141450499   -0.531534232   -0.448811341
   14.172945934   -0.532025311   -0.448551457
   14.204441370   -0.535307611   -0.448272399
   14.235936805   -0.540967397   -0.447970735
   14.267432240   -0.548322328   -0.447643082
   14.298927676   -0.556613413   -0.447286790
   14.330423111   -0.565185734   -0.446900399
   14.361918547   -0.573609599   -0.446483762
   14.393413982   -0.581714843   -0.446037855
   14.424909417   -0.589538713   -0.445564369
   14.456404853   -0.597213588   -0.445065298
   14.487900288   -0.604836974   -0.444542677
   14.519395724   -0.612368213   -0.443998584
   14.550891159   -0.619584282   -0.443435421
   14.582386595   -0.626105507   -0.442856361
   14.613882030   -0.631478195   -0.442265809
   14.645377465   -0.635283015   -0.441669698
   14.676872901   -0.637230972   -0.441075469
   14.708368336   -0.637214910   -0.440491699
   14.739863772   -0.635301015   -0.439927410
   14.771359207   -0.631665921   -0.439391217
   14.802854642   -0.626503465   -0.438890481
   14.834350078   -0.619934828   -0.438430693
   14.865845513   -0.611953702   -0.438015199
   14.897340949   -0.602425390   -0.437645329
   14.928836384   -0.591139882   -0.437320884
   14.960331819   -0.577900643   -0.437040807
   14.991827255   -0.562619190   -0.436803837
   15.023322690   -0.545384278   -0.436608939
   15.054818126   -0.526483858   -0.436455318
   15.086313561   -0.506374216   -0.436341971
   15.117808996   -0.485608304   -0.436266820
   15.149304432   -0.464747965   -0.436225609
   15.180799867   -0.444288534   -0.436210839
   15.212295303   -0.424618100   -0.436211035
   15.243790738   -0.406020143   -0.436210623
   15.275286174   -0.388712317   -0.436190551
   15.306781609   -0.372901520   -0.436129673
   15.338277044   -0.358830500   -0.436006711
   15.369772480   -0.346795452   -0.435802484
   15.401267915   -0.337125678   -0.435501997
   15.432763351   -0.330130915   -0.435096014
   15.464258786   -0.326034098   -0.434581802
   15.495754221   -0.324912759   -0.433962924
   15.527249657   -0.326669141   -0.433248154
   15.558745092   -0.331038840   -0.432449758
   15.590240528   -0.337634210   -0.431581541
   15.621735963   -0.346007049   -0.430657042
   15.653231398   -0.355709376   -0.429688260
   15.684726834   -0.366333449   -0.428685082
   15.716222269   -0.377521483   -0.427655450
   15.747717705   -0.388948027   -0.426606095
   15.779213140   -0.400288906   -0.425543538
   15.810708576   -0.411195721   -0.424475026
   15.842204011   -0.421292095   -0.423409106
   15.873699446   -0.430198334   -0.422355668
   15.905194882   -0.437578512   -0.421325431
   15.936690317   -0.443193228   -0.420329013
   15.968185753   -0.446936896   -0.419375825
   15.999681188   -0.448842390   -0.418473075
   16.031176623   -0.449047148   -0.417625108
   16.062672059   -0.447729504   -0.416833231
   16.094167494   -0.445036439   -0.416096027
   16.125662930   -0.441029254   -0.415410036
   16.157158365   -0.435669264   -0.414770597
   16.188653800   -0.428852399   -0.414172617
   16.220149236   -0.420483928   -0.413611055
   16.251644671   -0.410568560   -0.413080999
   16.283140107   -0.399283022   -0.412577331
   16.314635542   -0.387001372   -0.412094088
   16.346130977   -0.374257492   -0.411623723
   16.377626413   -0.361650227   -0.411156503
   16.409121848   -0.349717374   -0.410680298
   16.440617284   -0.338817999   -0.410180905
   16.472112719   -0.329063095   -0.409642993
   16.503608155   -0.320321386   -0.409051566
   16.535103590   -0.312303687   -0.408393747
   16.566599025   -0.304703013   -0.407660571
   16.598094461   -0.297347140   -0.406848445
   16.629589896   -0.290312821   -0.405959950
   16.661085332   -0.283959560   -0.405003784
   16.692580767   -0.278863777   -0.403993804
   16.724076202   -0.275664740   -0.402947306
   16.755571638   -0.274862405   -0.401882858
   16.787067073   -0.276625089   -0.400818099
   16.818562509   -0.280665819   -0.399767957
   16.850057944   -0.286229314   -0.398743597
   16.881553379   -0.292201567   -0.397752285
   16.913048815   -0.297319571   -0.396798096
   16.944544250   -0.300430127   -0.395883197
   16.976039686   -0.300732231   -0.395009277
   17.007535121   -0.297941526   -0.394178709
   17.039030556   -0.292336348   -0.393395071
   17.070525992   -0.284676754   -0.392662912
   17.102021427   -0.276021165   -0.391986847
   17.133516863   -0.267490615   -0.391370304
   17.165012298   -0.260041145   -0.390814365
   17.196507734   -0.254298583   -0.390317115
   17.228003169   -0.250489444   -0.389873769
   17.259498604   -0.248473788   -0.389477603
   17.290994040   -0.247858800   -0.389121425
   17.322489475   -0.248153167   -0.388799163
   17.353984911   -0.248916449   -0.388507040
   17.385480346   -0.249864901   -0.388243941
   17.416975781   -0.250912273   -0.388010798
   17.448471217   -0.252145016   -0.387809130
   17.479966652   -0.253749677   -0.387639183
   17.511462088   -0.255921210   -0.387498247
   17.542957523   -0.258782202   -0.387379735
   17.574452958   -0.262335488   -0.387273415
   17.605948394   -0.266459705   -0.387166823
   17.637443829   -0.270943372   -0.387047554
   17.668939265   -0.275542340   -0.386905805
   17.700434700   -0.280040551   -0.386736463
   17.731930135   -0.284295644   -0.386540098
   17.763425571   -0.288257606   -0.386322547
   17.794921006   -0.291957948   -0.386093161
   17.826416442   -0.295475673   -0.385862199
   17.857911877   -0.298892318   -0.385638096
   17.889407313   -0.302250277   -0.385425381
   17.920902748   -0.305526455   -0.385223841
   17.952398183   -0.308628066   -0.385029146
   17.983893619   -0.311410824   -0.384834694
   18.015389054   -0.313713596   -0.384634092
   18.046884490   -0.315399292   -0.384423471
   18.078379925   -0.316390316   -0.384202900
   18.109875360   -0.316688473   -0.383976441
   18.141370796   -0.316373462   -0.383750799
   18.172866231   -0.315579929   -0.383532999
   18.204361667   -0.314459143   -0.383327778
   18.235857102   -0.313136088   -0.383135530
   18.267352537   -0.311674807   -0.382951451
   18.298847973   -0.310063258   -0.382766185
   18.330343408   -0.308223894   -0.382567824
   18.361838844   -0.306048653   -0.382344717
   18.393334279   -0.303449054   -0.382088299
   18.424829714   -0.300406159   -0.381795178
   18.456325150   -0.297003375   -0.381467924
   18.487820585   -0.293428715   -0.381114444
   18.519316021   -0.289941757   -0.380746179
   18.550811456   -0.286811923   -0.380375749
   18.582306892   -0.284245435   -0.380014739
   18.613802327   -0.282324683   -0.379672247
   18.645297762   -0.280982816   -0.379354536
   18.676793198   -0.280027573   -0.379065731
   18.708288633   -0.279213449   -0.378809201
   18.739784069   -0.278344503   -0.378589068
   18.771279504   -0.277376888   -0.378411264
   18.802774939   -0.276485446   -0.378283779
   18.834270375   -0.276065190   -0.378216026
   18.865765810   -0.276655457   -0.378217546
   18.897261246   -0.278797832   -0.378296513
   18.928756681   -0.282861646   -0.378458522
   18.960252116   -0.288885705   -0.378706013
   18.991747552   -0.296486320   -0.379038472
   19.023242987   -0.304867816   -0.379453223
   19.054738423   -0.312945503   -0.379946466
   19.086233858   -0.319559505   -0.380514117
   19.117729293   -0.323730088   -0.381152137
   19.149224729   -0.324889897   -0.381856215
   19.180720164   -0.323030979   -0.382620990
   19.212215600   -0.318724928   -0.383439144
   19.243711035   -0.313007516   -0.384300828
   19.275206471   -0.307155586   -0.385193737
   19.306701906   -0.302413123   -0.386103969
   19.338197341   -0.299736784   -0.387017484
   19.369692777   -0.299624674   -0.387921756
   19.401188212   -0.302067890   -0.388807108
   19.432683648   -0.306629482   -0.389667257
   19.464179083   -0.312620414   -0.390498882
   19.495674518   -0.319317193   -0.391300289
   19.527169954   -0.326157943   -0.392069611
   19.558665389   -0.332864554   -0.392803125
   19.590160825   -0.339464000   -0.393494276
   19.621656260   -0.346213565   -0.394133828
   19.653151695   -0.353462621   -0.394711179
   19.684647131   -0.361499498   -0.395216555
   19.716142566   -0.370431776   -0.395643498
   19.747638002   -0.380133231   -0.395990946
   19.779133437   -0.390266536   -0.396264321
   19.810628872   -0.400366038   -0.396475311
   19.842124308   -0.409947517   -0.396640415
   19.873619743   -0.418606841   -0.396778640
   19.905115179   -0.426077498   -0.396908990
   19.936610614   -0.432234294   -0.397048368
   19.968106050   -0.437050450   -0.397210362
   19.999601485   -0.440530865   -0.397405070
   20.031096920   -0.442650375   -0.397639787
   20.062592356   -0.443321107   -0.397920136
   20.094087791   -0.442399937   -0.398251123
   20.125583227   -0.439731030   -0.398637697
   20.157078662   -0.435205428   -0.399084610
   20.188574097   -0.428814277   -0.399595677
   20.220069533   -0.420676068   -0.400172759
   20.251564968   -0.411029308   -0.400814894
   20.283060404   -0.400195645   -0.401517970
   20.314555839   -0.388529539   -0.402275098
   20.346051274   -0.376374728   -0.403077620
   20.377546710   -0.364043746   -0.403916408
   20.409042145   -0.351826308   -0.404783032
   20.440537581   -0.340019718   -0.405670373
   20.472033016   -0.328964642   -0.406572481
   20.503528452   -0.319066376   -0.407483730
   20.535023887   -0.310786603   -0.408397592
   20.566519322   -0.304601593   -0.409305525
   20.598014758   -0.300935890   -0.410196441
   20.629510193   -0.300090601   -0.411057086
   20.661005629   -0.302188690   -0.411873349
   20.692501064   -0.307154786   -0.412632233
   20.723996499   -0.314735679   -0.413323960
   20.755491935   -0.324554081   -0.413943636
   20.786987370   -0.336177460   -0.414491988
   20.818482806   -0.349179686   -0.414974943
   20.849978241   -0.363177574   -0.415402150
   20.881473676   -0.377835215   -0.415784854
   20.912969112   -0.392842322   -0.416133680
   20.944464547   -0.407883296   -0.416456928
   20.975959983   -0.422617322   -0.416759777
   21.007455418   -0.436684903   -0.417044544
   21.038950853   -0.449744540   -0.417311804
   21.070446289   -0.461529324   -0.417561991
   21.101941724   -0.471902393   -0.417796925
   21.133437160   -0.480887270   -0.418020838
   21.164932595   -0.488655630   -0.418240605
   21.196428031   -0.495469359   -0.418465173
   21.227923466   -0.501590856   -0.418704394
   21.259418901   -0.507189076   -0.418967626
   21.290914337   -0.512273445   -0.419262498
   21.322409772   -0.516680927   -0.419594129
   21.353905208   -0.520124911   -0.419964928
   21.385400643   -0.522293425   -0.420374910
   21.416896078   -0.522965904   -0.420822339
   21.448391514   -0.522109052   -0.421304415
   21.479886949   -0.519917015   -0.421817813
   21.511382385   -0.516778470   -0.422358933
   21.542877820   -0.513177823   -0.422923869
   21.574373255   -0.509561482   -0.423508221
   21.605868691   -0.506214605   -0.424106886
   21.637364126   -0.503193157   -0.424713987
   21.668859562   -0.500339801   -0.425322992
   21.700354997   -0.497384682   -0.425927016
   21.731850432   -0.494102239   -0.426519228
   21.763345868   -0.490472936   -0.427093244
   21.794841303   -0.486792232   -0.427643408
   21.826336739   -0.483681502   -0.428164944
   21.857832174   -0.481984080   -0.428653978
   21.889327610   -0.482565683   -0.429107515
   21.920823045   -0.486070999   -0.429523426
   21.952318480   -0.492706418   -0.429900494
   21.983813916   -0.502116277   -0.430238515
   22.015309351   -0.513396441   -0.430538378
   22.046804787   -0.525250985   -0.430802053
   22.078300222   -0.536256494   -0.431032423
   22.109795657   -0.545166501   -0.431232945
   22.141291093   -0.551175768   -0.431407198
   22.172786528   -0.554074622   -0.431558448
   22.204281964   -0.554254348   -0.431689349
   22.235777399   -0.552566558   -0.431801916
   22.267272834   -0.550079864   -0.431897804
   22.298768270   -0.547804173   -0.431978826
   22.330263705   -0.546458574   -0.432047577
   22.361759141   -0.546342180   -0.432107956
   22.393254576   -0.547334010   -0.432165382
   22.424750011   -0.549008751   -0.432226560
   22.456245447   -0.550822325   -0.432298782
   22.487740882   -0.552304189   -0.432388832
   22.519236318   -0.553196884   -0.432501696
   22.550731753   -0.553505141   -0.432639339
   22.582227189   -0.553449081   -0.432799794
   22.613722624   -0.553347771   -0.432976783
   22.645218059   -0.553480350   -0.433159972
   22.676713495   -0.553975848   -0.433335872
   22.708208930   -0.554769184   -0.433489274
   22.739704366   -0.555635085   -0.433605027
   22.771199801   -0.556283078   -0.433669913
   22.802695236   -0.556475211   -0.433674367
   22.834190672   -0.556121067   -0.433613771
   22.865686107   -0.555314009   -0.433489157
   22.897181543   -0.554294979   -0.433307161
   22.928676978   -0.553357350   -0.433079237
   22.960172413   -0.552728751   -0.432820187
   22.991667849   -0.552475274   -0.432546236
   23.023163284   -0.552466513   -0.432272924
   23.054658720   -0.552418638   -0.432013152
   23.086154155   -0.552004262   -0.431775727
   23.117649590   -0.550992172   -0.431564618
   23.149145026   -0.549366170   -0.431379061
   23.180640461   -0.547375683   -0.431214425
   23.212135897   -0.545491160   -0.431063635
   23.243631332   -0.544268375   -0.430918792
   23.275126768   -0.544157691   -0.430772657
   23.306622203   -0.545316397   -0.430619655
   23.338117638   -0.547486606   -0.430456253
   23.369613074   -0.549985585   -0.430280700
   23.401108509   -0.551823785   -0.430092300
   23.432603945   -0.551927614   -0.429890489
   23.464099380   -0.549410844   -0.429674031
   23.495594815   -0.543820948   -0.429440550
   23.527090251   -0.535290485   -0.429186530
   23.558585686   -0.524548232   -0.428907730
   23.590081122   -0.512783174   -0.428599855
   23.621576557   -0.501395265   -0.428259263
   23.653071992   -0.491698188   -0.427883504
   23.684567428   -0.484651739   -0.427471565
   23.716062863   -0.480691653   -0.427023804
   23.747558299   -0.479695802   -0.426541690
   23.779053734   -0.481086639   -0.426027467
   23.810549169   -0.484032287   -0.425483921
   23.842044605   -0.487683704   -0.424914307
   23.873540040   -0.491379776   -0.424322442
   23.905035476   -0.494766724   -0.423712875
   23.936530911   -0.497807579   -0.423091005
   23.968026347   -0.500692007   -0.422463030
   23.999521782   -0.503685759   -0.421835704
   24.031017217   -0.506973967   -0.421215918
   24.062512653   -0.510549639   -0.420610240
   24.094008088   -0.514180068   -0.420024537
   24.125503524   -0.517456297   -0.419463784
   24.156998959   -0.519903469   -0.418932088
   24.188494394   -0.521111589   -0.418432847
   24.219989830   -0.520842189   -0.417968902
   24.251485265   -0.519076963   -0.417542542
   24.282980701   -0.515995505   -0.417155259
   24.314476136   -0.511893113   -0.416807273
   24.345971571   -0.507068570   -0.416496966
   24.377467007   -0.501719750   -0.416220449
   24.408962442   -0.495880128   -0.415971484
   24.440457878   -0.489413966   -0.415741919
   24.471953313   -0.482067991   -0.415522605
   24.503448748   -0.473559522   -0.415304634
   24.534944184   -0.463671118   -0.415080548
   24.566439619   -0.452322464   -0.414845172
   24.597935055   -0.439600568   -0.414595772
   24.629430490   -0.425744879   -0.414331443
   24.660925926   -0.411099199   -0.414051853
   24.692421361   -0.396051725   -0.413755720
   24.723916796   -0.380985546   -0.413439470
   24.755412232   -0.366254650   -0.413096558
   24.786907667   -0.352188287   -0.412717718
   24.818403103   -0.339114196   -0.412292185
   24.849898538   -0.327383487   -0.411809596
   24.881393973   -0.317379507   -0.411262107
   24.912889409   -0.309499769   -0.410646163
   24.944384844   -0.304111244   -0.409963435
   24.975880280   -0.301490557   -0.409220698
   25.007375715   -0.301767618   -0.408428711
   25.038871150   -0.304891401   -0.407600430
   25.070366586   -0.310629824   -0.406749071
   25.101862021   -0.318604556   -0.405886525
   25.133357457   -0.328350272   -0.405022511
   25.164852892   -0.339380360   -0.404164557
   25.196348327   -0.351240192   -0.403318673
   25.227843763   -0.363534802   -0.402490338
   25.259339198   -0.375927964   -0.401685388
   25.290834634   -0.388120322   -0.400910453
   25.322330069   -0.399821332   -0.400172797
   25.353825505   -0.410730847   -0.399479634
   25.385320940   -0.420540893   -0.398837207
   25.416816375   -0.428958793   -0.398249962
   25.448311811   -0.435743125   -0.397720120
   25.479807246   -0.440737837   -0.397247749
   25.511302682   -0.443889870   -0.396831264
   25.542798117   -0.445241760   -0.396468063
   25.574293552   -0.444900730   -0.396154973
   25.605788988   -0.442995655   -0.395888240
   25.637284423   -0.439638942   -0.395662980
   25.668779859   -0.434909353   -0.395472252
   25.700275294   -0.428863897   -0.395306104
   25.731770729   -0.421575123   -0.395151038
   25.763266165   -0.413178650   -0.394990277
   25.794761600   -0.403909433   -0.394804962
   25.826257036   -0.394106976   -0.394576170
   25.857752471   -0.384179591   -0.394287320
   25.889247907   -0.374532910   -0.393926385
   25.920743342   -0.365482850   -0.393487337
   25.952238777   -0.357182440   -0.392970433
   25.983734213   -0.349591352   -0.392381258
   26.015229648   -0.342505664   -0.391728800
   26.046725084   -0.335646377   -0.391023094
   26.078220519   -0.328784391   -0.390273084
   26.109715954   -0.321864161   -0.389485274
   26.141211390   -0.315083813   -0.388663469
   26.172706825   -0.308898776   -0.387809593
   26.204202261   -0.303936958   -0.386925240
   26.235697696   -0.300840281   -0.386013405
   26.267193131   -0.300071903   -0.385079831
   26.298688567   -0.301742643   -0.384133573
   26.330184002   -0.305509107   -0.383186621
   26.361679438   -0.310579103   -0.382252766
   26.393174873   -0.315831795   -0.381346090
   26.424670308   -0.320028390   -0.380479556
   26.456165744   -0.322063483   -0.379664098
   26.487661179   -0.321194921   -0.378908382
   26.519156615   -0.317194937   -0.378219178
   26.550652050   -0.310385934   -0.377602053
   26.582147486   -0.301554622   -0.377061998
   26.613642921   -0.291769603   -0.376603675
   26.645138356   -0.282151018   -0.376231123
   26.676633792   -0.273650351   -0.375947018
   26.708129227   -0.266891915   -0.375751776
   26.739624663   -0.262107670   -0.375642877
   26.771120098   -0.259170213   -0.375614743
   26.802615533   -0.257702991   -0.375659318
   26.834110969   -0.257229162   -0.375767225
   26.865606404   -0.257315158   -0.375929193
   26.897101840   -0.257672322   -0.376137271
   26.928597275   -0.258196484   -0.376385431
   26.960092710   -0.258945397   -0.376669332
   26.991588146   -0.260071368   -0.376985309
   27.023083581   -0.261736534   -0.377328932
   27.054579017   -0.264038979   -0.377693662
   27.086074452   -0.266970344   -0.378070153
   27.117569887   -0.270413021   -0.378446557
   27.149065323   -0.274171873   -0.378809895
   27.180560758   -0.278025702   -0.379148191
   27.212056194   -0.281779804   -0.379452808
   27.243551629   -0.285303270   -0.379720274
   27.275047065   -0.288541622   -0.379953032
   27.306542500   -0.291504177   -0.380158802
   27.338037935   -0.294233306   -0.380348665
   27.369533371   -0.296767377   -0.380534336
   27.401028806   -0.299109633   -0.380725366
   27.432524242   -0.301212150   -0.380927040
   27.464019677   -0.302978603   -0.381139530
   27.495515112   -0.304283786   -0.381358525
   27.527010548   -0.305003255   -0.381577106
   27.558505983   -0.305044133   -0.381788277
   27.590001419   -0.304368423   -0.381987371
   27.621496854   -0.303002660   -0.382173617
   27.652992289   -0.301031578   -0.382350387
   27.684487725   -0.298577813   -0.382524062
   27.715983160   -0.295773242   -0.382701895
   27.747478596   -0.292729873   -0.382889507
   27.778974031   -0.289518431   -0.383088817
   27.810469466   -0.286160993   -0.383297030
   27.841964902   -0.282640319   -0.383507021
   27.873460337   -0.278923852   -0.383709023
   27.904955773   -0.274995651   -0.383893157
   27.936451208   -0.270886402   -0.384052093
   27.967946644   -0.266691098   -0.384183109
   27.999442079   -0.262566700   -0.384288990
   28.030937514   -0.258707788   -0.384377574
   28.062432950   -0.255305409   -0.384460096
   28.093928385   -0.252501002   -0.384548844
   28.125423821   -0.250350939   -0.384654795
   28.156919256   -0.248816164   -0.384785860
   28.188414691   -0.247785071   -0.384946160
   28.219910127   -0.247127483   -0.385136447
   28.251405562   -0.246766160   -0.385355436
   28.282900998   -0.246743452   -0.385601574
   28.314396433   -0.247257955   -0.385874690
   28.345891868   -0.248651312   -0.386177024
   28.377387304   -0.251338081   -0.386513376
   28.408882739   -0.255688894   -0.386890368
   28.440378175   -0.261893962   -0.387315100
   28.471873610   -0.269844803   -0.387793616
   28.503369045   -0.279072721   -0.388329640
   28.534864481   -0.288771524   -0.388923929
   28.566359916   -0.297911278   -0.389574371
   28.597855352   -0.305424904   -0.390276751
   28.629350787   -0.310427206   -0.391025870
   28.660846223   -0.312413318   -0.391816668
   28.692341658   -0.311385086   -0.392644958
   28.723837093   -0.307869917   -0.393507560
   28.755332529   -0.302823365   -0.394401797
   28.786827964   -0.297436869   -0.395324486
   28.818323400   -0.292897107   -0.396270765
   28.849818835   -0.290156139   -0.397233089
   28.881314270   -0.289768009   -0.398200743
   28.912809706   -0.291828827   -0.399160063
   28.944305141   -0.296028810   -0.400095397
   28.975800577   -0.301794732   -0.400990667
   29.007296012   -0.308478255   -0.401831227
   29.038791447   -0.315536146   -0.402605693
   29.070286883   -0.322654563   -0.403307373
   29.101782318   -0.329789024   -0.403935065
   29.133277754   -0.337117861   -0.404493084
   29.164773189   -0.344931986   -0.404990549
   29.196268624   -0.353500082   -0.405440099
   29.227764060   -0.362951822   -0.405856298
   29.259259495   -0.373212108   -0.406254032
   29.290754931   -0.384000676   -0.406647167
   29.322250366   -0.394890128   -0.407047682
   29.353745802   -0.405398421   -0.407465339
   29.385241237   -0.415084006   -0.407907863
   29.416736672   -0.423614850   -0.408381463
   29.448232108   -0.430794451   -0.408891490
   29.479727543   -0.436544023   -0.409442964
   29.511222979   -0.440854516   -0.410040814
   29.542718414   -0.443730461   -0.410689721
   29.574213849   -0.445147480   -0.411393590
   29.605709285   -0.445037740   -0.412154803
   29.637204720   -0.443305850   -0.412973472
   29.668700156   -0.439866401   -0.413846924
   29.700195591   -0.434687422   -0.414769599
   29.731691026   -0.427823605   -0.415733445
   29.763186462   -0.419428683   -0.416728738
   29.794681897   -0.409745327   -0.417745136
   29.826177333   -0.399079500   -0.418772696
   29.857672768   -0.387771189   -0.419802587
   29.889168203   -0.376173052   -0.420827286
   29.920663639   -0.364643348   -0.421840212
   29.952159074   -0.353551889   -0.422834902
   29.983654510   -0.343290984   -0.423803986
   30.015149945   -0.334280285   -0.424738295
   30.046645381   -0.326956374   -0.425626449
   30.078140816   -0.321744125   -0.426455134
   30.109636251   -0.319014809   -0.427210146
   30.141131687   -0.319042371   -0.427878053
   30.172627122   -0.321971517   -0.428448165
   30.204122558   -0.327808210   -0.428914404
   30.235617993   -0.336435692   -0.429276662
   30.267113428   -0.347650183   -0.429541338
   30.298608864   -0.361203243   -0.429720926
   30.330104299   -0.376835418   -0.429832711
   30.361599735   -0.394289301   -0.429896857
   30.393095170   -0.413298481   -0.429934237
   30.424590605   -0.433558944   -0.429964429
   30.456086041   -0.454697592   -0.430004209
   30.487581476   -0.476255289   -0.430066749
   30.519076912   -0.497697892   -0.430161542
   30.550572347   -0.518459115   -0.430294937
   30.582067783   -0.538007063   -0.430471030
   30.613563218   -0.555916187   -0.430692628
   30.645058653   -0.571922149   -0.430962019
   30.676554089   -0.585940621   -0.431281396
   30.708049524   -0.598041647   -0.431652850
   30.739544960   -0.608385524   -0.432078033
   30.771040395   -0.617139360   -0.432557631
   30.802535830   -0.624400848   -0.433090846
   30.834031266   -0.630154469   -0.433675073
   30.865526701   -0.634275287   -0.434305903
   30.897022137   -0.636579828   -0.434977463
   30.928517572   -0.636907371   -0.435683049
   30.960013007   -0.635203879   -0.436415885
   30.991508443   -0.631578773   -0.437169839
   31.023003878   -0.626312944   -0.437939912
   31.054499314   -0.619812366   -0.438722385
   31.085994749   -0.612520355   -0.439514597
   31.117490184   -0.604816649   -0.440314429
   31.148985620   -0.596937682   -0.441119653
   31.180481055   -0.588947275   -0.441927351
   31.211976491   -0.580771475   -0.442733593
   31.243471926   -0.572290163   -0.443533491
   31.274967362   -0.563458054   -0.444321649
   31.306462797   -0.554415306   -0.445092887
   31.337958232   -0.545547826   -0.445843051
   31.369453668   -0.537469966   -0.446569646
   31.400949103   -0.530924587   -0.447272104
   31.432444539   -0.526620741   -0.447951566
   31.463939974   -0.525050021   -0.448610227
   31.495435409   -0.526332356   -0.449250428
   31.526930845   -0.530137284   -0.449873779
   31.558426280   -0.535708528   -0.450480609
   31.589921716   -0.541992705   -0.451069957
   31.621417151   -0.547844927   -0.451640160
   31.652912586   -0.552262641   -0.452189881
   31.684408022   -0.554590539   -0.452719282
   31.715903457   -0.554646037   -0.453230923
   31.747398893   -0.552735036   -0.453730031
   31.778894328   -0.549555673   -0.454223932
   31.810389763   -0.546016159   -0.454720666
   31.841885199   -0.543013779   -0.455227069
   31.873380634   -0.541230432   -0.455746798
   31.904876070   -0.540993777   -0.456278829
   31.936371505   -0.542234275   -0.456816878
   31.967866941   -0.544542580   -0.457349939
   31.999362376   -0.547305820   -0.457863873
   32.030857811   -0.549882240   -0.458343628
   32.062353247   -0.551766095   -0.458775544
   32.093848682   -0.552700126   -0.459149123
   32.125344118   -0.552709429   -0.459457822
   32.156839553   -0.552053210   -0.459698724
   32.188334988   -0.551113536   -0.459871247
   32.219830424   -0.550256686   -0.459975381
   32.251325859   -0.549708968   -0.460010062
   32.282821295   -0.549483352   -0.459972235
   32.314316730   -0.549377908   -0.459856975
   32.345812165   -0.549046039   -0.459658636
   32.377307601   -0.548117669   -0.459372717
   32.408803036   -0.546335551   -0.458997831
   32.440298472   -0.543665737   -0.458537136
   32.471793907   -0.540347541   -0.457998706
   32.503289342   -0.536864364   -0.457394612
   32.534784778   -0.533838502   -0.456738882
   32.566280213   -0.531874594   -0.456044815
   32.597775649   -0.531391971   -0.455322332
   32.629271084   -0.532491372   -0.454576056
   32.660766520   -0.534894562   -0.453804566
   32.692261955   -0.537977824   -0.453001008
   32.723757390   -0.540896381   -0.452154797
   32.755252826   -0.542772819   -0.451253929
   32.786748261   -0.542904882   -0.450287243
   32.818243697   -0.540941496   -0.449246060
   32.849739132   -0.536982639   -0.448124848
   32.881234567   -0.531577099   -0.446920869
   32.912730003   -0.525617647   -0.445633072
   32.944225438   -0.520158934   -0.444260687
   32.975720874   -0.516202639   -0.442802029
   33.007216309   -0.514501879   -0.441253875
   33.038711744   -0.515430702   -0.439611603
   33.070207180   -0.518946387   -0.437869970
   33.101702615   -0.524647346   -0.436024243
   33.133198051   -0.531904680   -0.434071306
   33.164693486   -0.540027585   -0.432010380
   33.196188921   -0.548416691   -0.429843198
   33.227684357   -0.556666255   -0.427573631
   33.259179792   -0.564593502   -0.425206964
   33.290675228   -0.572195882   -0.422749120
   33.322170663   -0.579557806   -0.420206103
   33.353666099   -0.586741483   -0.417583832
   33.385161534   -0.593698383   -0.414888388
   33.416656969   -0.600228480   -0.412126519
   33.448152405   -0.605997306   -0.409306166
   33.479647840   -0.610601623   -0.406436774
   33.511143276   -0.613659314   -0.403529219
   33.542638711   -0.614892522   -0.400595324
   33.574134146   -0.614176848   -0.397647060
   33.605629582   -0.611541914   -0.394695651
   33.637125017   -0.607125367   -0.391750783
   33.668620453   -0.601097894   -0.388820097
   33.700115888   -0.593585973   -0.385909018
   33.731611323   -0.584619115   -0.383020865
   33.763106759   -0.574119551   -0.380157120
   33.794602194   -0.561937872   -0.377317680
   33.826097630   -0.547922846   -0.374500988
   33.857593065   -0.532002721   -0.371703999
   33.889088500   -0.514252051   -0.368922036
   33.920583936   -0.494923367   -0.366148660
   33.952079371   -0.474434753   -0.363375668
   33.983574807   -0.453318527   -0.360593324
   34.015070242   -0.432147989   -0.357790814
   34.046565678   -0.411464837   -0.354956858
   34.078061113   -0.391727806   -0.352080344
   34.109556548   -0.373294450   -0.349150853
   34.141051984   -0.356435939   -0.346158979
   34.172547419   -0.341373614   -0.343096433
   34.204042855   -0.328319479   -0.339956009
   34.235538290   -0.317502821   -0.336731517
   34.267033725   -0.309171427   -0.333417817
   34.298529161   -0.303565747   -0.330011007
   34.330024596   -0.300874408   -0.326508772
   34.361520032   -0.301185988   -0.322910771
   34.393015467   -0.304453059   -0.319218929
   34.424510902   -0.310479913   -0.315437488
   34.456006338   -0.318937334   -0.311572733
   34.487501773   -0.329399095   -0.307632420
   34.518997209   -0.341388872   -0.303625015
   34.550492644   -0.354424806   -0.299558945
   34.581988079   -0.368052151   -0.295442060
   34.613483515   -0.381860675   -0.291281423
   34.644978950   -0.395489955   -0.287083472
   34.676474386   -0.408629779   -0.282854455
   34.707969821   -0.421022942   -0.278600947
   34.739465257   -0.432473927   -0.274330232
   34.770960692   -0.442861226   -0.270050375
   34.802456127   -0.452146046   -0.265769931
   34.833951563   -0.460368451   -0.261497327
   34.865446998   -0.467624863   -0.257240126
   34.896942434   -0.474027558   -0.253004384
   34.928437869   -0.479654963   -0.248794323
   34.959933304   -0.484507774   -0.244612415
   34.991428740   -0.488487238   -0.240459870
   35.022924175   -0.491407005   -0.236337327
   35.054419611   -0.493039769   -0.232245529
   35.085915046   -0.493187621   -0.228185689
   35.117410481   -0.491755066   -0.224159399
   35.148905917   -0.488799941   -0.220168042
   35.180401352   -0.484542232   -0.216211862
   35.211896788   -0.479323217   -0.212288960
   35.243392223   -0.473523835   -0.208394576
   35.274887658   -0.467466322   -0.204520925
   35.306383094   -0.461331377   -0.200657770
   35.337878529   -0.455120925   -0.196793671
   35.369373965   -0.448683643   -0.192917701
   35.400869400   -0.441800306   -0.189021228
   35.432364836   -0.434304878   -0.185099365
   35.463860271   -0.426202357   -0.181151712
   35.495355706   -0.417741092   -0.177182212
   35.526851142   -0.409407940   -0.173198119
   35.558346577   -0.401836694   -0.169208332
   35.589842013   -0.395647441   -0.165221457
   35.621337448   -0.391258489   -0.161244056
   35.652832883   -0.388725236   -0.157279452
   35.684328319   -0.387657154   -0.153327342
   35.715823754   -0.387244925   -0.149384257
   35.747319190   -0.386399708   -0.145444687
   35.778814625   -0.383974357   -0.141502580
   35.810310060   -0.379011646   -0.137552805
   35.841805496   -0.370955075   -0.133592248
   35.873300931   -0.359766652   -0.129620300
   35.904796367   -0.345920999   -0.125638670
   35.936291802   -0.330278893   -0.121650644
   35.967787238   -0.313876103   -0.117660037
   35.999282673   -0.297685415   -0.113670155
   36.030778108   -0.282414866   -0.109683054
   36.062273544   -0.268392199   -0.105699280
   36.093768979   -0.255558856   -0.101718152
   36.125264415   -0.243564703   -0.097738442
   36.156759850   -0.231926931   -0.093759234
   36.188255285   -0.220201254   -0.089780677
   36.219750721   -0.208114502   -0.085804359
   36.251246156   -0.195623862   -0.081833167
   36.282741592   -0.182893389   -0.077870641
   36.314237027   -0.170204735   -0.073919967
   36.345732462   -0.157837943   -0.069982909
   36.377227898   -0.145964326   -0.066058992
   36.408723333   -0.134585717   -0.062145209
   36.440218769   -0.123536262   -0.058236400
   36.471714204   -0.112540899   -0.054326272
   36.503209639   -0.101306243   -0.050408837
   36.534705075   -0.089610605   -0.046479929
   36.566200510   -0.077362600   -0.042538410
   36.597695946   -0.064610696   -0.038586721
   36.629191381   -0.051504094   -0.034630605
   36.660686817   -0.038222139   -0.030678023
   36.692182252   -0.024899360   -0.026737469
   36.723677687   -0.011573237   -0.022816092
   36.755173123    0.001827605   -0.018918038
   36.786668558    0.015452252   -0.015043392
   36.818163994    0.029466203   -0.011187976
   36.849659429    0.043982998   -0.007343988
   36.881154864    0.059013634   -0.003501336
   36.912650300    0.074451669    0.000350699
   36.944145735    0.090098858    0.004221866
   36.975641171    0.105721786    0.008119746
   37.007136606    0.121119274    0.012049199
   37.038632041    0.136176873    0.016012454
   37.070127477    0.150889564    0.020009733
   37.101622912    0.165345028    0.024040115
   37.133118348    0.179673389    0.028102348
   37.164613783    0.193980737    0.032195370
   37.196109218    0.208289000    0.036318404
   37.227604654    0.222502404    0.040470648
   37.259100089    0.236411767    0.044650734
   37.290595525    0.249735480    0.048856146
   37.322090960    0.262184288    0.053082839
   37.353586396    0.273529931    0.057325175
   37.385081831    0.283657154    0.061576212
   37.416577266    0.292584672    0.065828243
   37.448072702    0.300450837    0.070073418
   37.479568137    0.307470679    0.074304245
   37.511063573    0.313879004    0.078513849
   37.542559008    0.319877046    0.082695917
   37.574054443    0.325597301    0.086844394
   37.605549879    0.331093948    0.090953083
   37.637045314    0.336357534    0.095015300
   37.668540750    0.341345214    0.099023764
   37.700036185    0.346014192    0.102970784
   37.731531620    0.350346814    0.106848732
   37.763027056    0.354360351    0.110650696
   37.794522491    0.358100812    0.114371158
   37.826017927    0.361625863    0.118006526
   37.857513362    0.364985109    0.121555431
   37.889008797    0.368205822    0.125018732
   37.920504233    0.371289064    0.128399291
   37.951999668    0.374216604    0.131701628
   37.983495104    0.376964754    0.134931568
   38.014990539    0.379518951    0.138095992
   38.046485975    0.381883189    0.141202722
   38.077981410    0.384080912    0.144260530
   38.109476845    0.386147657    0.147279183
   38.140972281    0.388118960    0.150269428
   38.172467716    0.390018714    0.153242850
   38.203963152    0.391852647    0.156211544
   38.235458587    0.393609308    0.159187648
   38.266954022    0.395267821    0.162182788
   38.298449458    0.396809023    0.165207528
   38.329944893    0.398225390    0.168270931
   38.361440329    0.399525846    0.171380264
   38.392935764    0.400733719    0.174540871
   38.424431199    0.401878874    0.177756193
   38.455926635    0.402987347    0.181027882
   38.487422070    0.404072647    0.184355964
   38.518917506    0.405132148    0.187739043
   38.550412941    0.406149850    0.191174513
   38.581908376    0.407104292    0.194658831
   38.613403812    0.407978375    0.198187819
   38.644899247    0.408767204    0.201757014
   38.676394683    0.409480920    0.205362008
   38.707890118    0.410141527    0.208998713
   38.739385554    0.410775062    0.212663483
   38.770880989    0.411402282    0.216353045
   38.802376424    0.412031507    0.220064245
   38.833871860    0.412656386    0.223793678
   38.865367295    0.413259369    0.227537315
   38.896862731    0.413819424    0.231290266
   38.928358166    0.414320953    0.235046785
   38.959853601    0.414760418    0.238800569
   38.991349037    0.415148152    0.242545288
   39.022844472    0.415504734    0.246275220
   39.054339908    0.415853417    0.249985805
   39.085835343    0.416211602    0.253673948
   39.117330778    0.416584664    0.257337951
   39.148826214    0.416964488    0.260977098
   39.180321649    0.417333201    0.264591010
   39.211817085    0.417670596    0.268178988
   39.243312520    0.417962336    0.271739590
   39.274807955    0.418205756    0.275270628
   39.306303391    0.418411076    0.278769631
   39.337798826    0.418597618    0.282234687
   39.369294262    0.418786552    0.285665400
   39.400789697    0.418993008    0.289063655
   39.432285133    0.419220597    0.292433865
   39.463780568    0.419460412    0.295782524
   39.495276003    0.419694846    0.299117056
   39.526771439    0.419904681    0.302444192
   39.558266874    0.420076704    0.305768216
   39.589762310    0.420208908    0.309089567
   39.621257745    0.420311321    0.312404148
   39.652753180    0.420402195    0.315703584
   39.684248616    0.420501076    0.318976414
   39.715744051    0.420621452    0.322209937
   39.747239487    0.420765799    0.325392311
   39.778734922    0.420924901    0.328514379
   39.810230357    0.421081644    0.331570839
   39.841725793    0.421217798    0.334560491
   39.873221228    0.421321128    0.337485597
   39.904716664    0.421390133    0.340350582
   39.936212099    0.421434607    0.343160468
   39.967707534    0.421471867    0.345919475
   39.999202970    0.421520134    0.348630129
   40.030698405    0.421591635    0.351293034
   40.062193841    0.421688072    0.353907289
   40.093689276    0.421800157    0.356471298
   40.125184712    0.421911363    0.358983680
   40.156680147    0.422004392    0.361443955
   40.188175582    0.422067874    0.363852812
   40.219671018    0.422100718    0.366211905
   40.251166453    0.422112487    0.368523287
   40.282661889    0.422119687    0.370788708
   40.314157324    0.422139440    0.373009027
   40.345652759    0.422182978    0.375183920
   40.377148195    0.422251452    0.377311966
   40.408643630    0.422335642    0.379391063
   40.440139066    0.422419625    0.381418983
   40.471634501    0.422486972    0.383393896
   40.503129936    0.422527076    0.385314661
   40.534625372    0.422539186    0.387180819
   40.566120807    0.422532639    0.388992309
   40.597616243    0.422523227    0.390749030
   40.629111678    0.422527131    0.392450443
   40.660607114    0.422554762    0.394095343
   40.692102549    0.422606860    0.395681920
   40.723597984    0.422674332    0.397208060
   40.755093420    0.422741836    0.398671816
   40.786588855    0.422793733    0.400071854
   40.818084291    0.422820081    0.401407742
   40.849579726    0.422820413    0.402679977
   40.881075161    0.422803845    0.403889746
   40.912570597    0.422785532    0.405038513
   40.944066032    0.422780835    0.406127580
   40.975561468    0.422799473    0.407157787
   41.007056903    0.422841868    0.408129452
   41.038552338    0.422899083    0.409042588
   41.070047774    0.422956328    0.409897328
   41.101543209    0.422998678    0.410694419
   41.133038645    0.423016786    0.411435636
   41.164534080    0.423010424    0.412123955
   41.196029515    0.422988504    0.412763459
   41.227524951    0.422965607    0.413358965
   41.259020386    0.422956380    0.413915497
   41.290515822    0.422969948    0.414437736
   41.322011257    0.423006479    0.414929607
   41.353506693    0.423057206    0.415394069
   41.385002128    0.423107854    0.415833156
   41.416497563    0.423144143    0.416248210
   41.447992999    0.423157256    0.416640210
   41.479488434    0.423147169    0.417010078
   41.510983870    0.423122599    0.417358886
   41.542479305    0.423097611    0.417687911
   41.573974740    0.423086215    0.417998561
   41.605470176    0.423097015    0.418292230
   41.636965611    0.423129973    0.418570142
   41.668461047    0.423176491    0.418833271
   41.699956482    0.423222763    0.419082340
   41.731451917    0.423255099    0.419317905
   41.762947353    0.423265149    0.419540485
   41.794442788    0.423253064    0.419750667
   41.825938224    0.423227379    0.419949167
   41.857433659    0.423201693    0.420136808
   41.888929094    0.423189444    0.420314442
   41.920424530    0.423198780    0.420482848
   41.951919965    0.423229486    0.420642647
   41.983415401    0.423273129    0.420794273
   42.014910836    0.423316342    0.420938013
   42.046406272    0.423345962    0.421074081
   42.077901707    0.423354063    0.421202724
   42.109397142    0.423340950    0.421324292
   42.140892578    0.423314987    0.421439252
   42.172388013    0.423289350    0.421548160
   42.203883449    0.423276965    0.421651573
   42.235378884    0.423285572    0.421749965
   42.266874319    0.423314808    0.421843665
   42.298369755    0.423356397    0.421932847
   42.329865190    0.423397370    0.422017577
   42.361360626    0.423425045    0.422097892
   42.392856061    0.423431879    0.422173885
   42.424351496    0.423418309    0.422245760
   42.455846932    0.423392542    0.422313840
   42.487342367    0.423367368    0.422378522
   42.518837803    0.423355249    0.422440198
   42.550333238    0.423363561    0.422499175
   42.581828673    0.423391808    0.422555628
   42.613324109    0.423431863    0.422609596
   42.644819544    0.423471120    0.422661032
   42.676314980    0.423497338    0.422709877
   42.707810415    0.423503313    0.422756142
   42.739305851    0.423489605    0.422799948
   42.770801286    0.423464274    0.422841533
   42.802296721    0.423439760    0.422881201
   42.833792157    0.423428105    0.422919246
   42.865287592    0.423436353    0.422955884
   42.896783028    0.423463893    0.422991202
   42.928278463    0.423502737    0.423025168
   42.959773898    0.423540609    0.423057676
   42.991269334    0.423565669    0.423088621
   43.022764769    0.423571026    0.423117968
   43.054260205    0.423557347    0.423145795
   43.085755640    0.423532562    0.423172289
   43.117251075    0.423508789    0.423197699
   43.148746511    0.423497686    0.423222262
   43.180241946    0.423506001    0.423246138
   43.211737382    0.423533016    0.423269369
   43.243232817    0.423570867    0.423291885
   43.274728252    0.423607585    0.423313551
   43.306223688    0.423631693    0.423334238
   43.337719123    0.423636585    0.423353890
   43.369214559    0.423623030    0.423372560
   43.400709994    0.423598835    0.423390405
   43.432205430    0.423575827    0.423407641
   43.463700865    0.423565315    0.423424469
   43.495196300    0.423573771    0.423441016
   43.526691736    0.423600380    0.423457298
   43.558187171    0.423637394    0.423473223
   43.589682607    0.423673119    0.423488644
   43.621178042    0.423696413    0.423503421
   43.652673477    0.423700934    0.423517489
   43.684168913    0.423687543    0.423530887
   43.715664348    0.423663937    0.423543754
   43.747159784    0.423641679    0.423556282
   43.778655219    0.423631758    0.423568652
   43.810150654    0.423640391    0.423580968
   43.841646090    0.423666673    0.423593231
   43.873141525    0.423702957    0.423605339
   43.904636961    0.423737805    0.423617140
   43.936132396    0.423760380    0.423628492
   43.967627831    0.423764585    0.423639325
   43.999123267    0.423751368    0.423649671
   44.030618702    0.423728332    0.423659658
   44.062114138    0.423706795    0.423669464
   44.093609573    0.423697451    0.423679252
   44.125105009    0.423706282    0.423689115
   44.156600444    0.423732297    0.423699042
   44.188095879    0.423767937    0.423708929
   44.219591315    0.423801998    0.423718622
   44.251086750    0.423823927    0.423727981
   44.282582186    0.423827852    0.423736934
   44.314077621    0.423814808    0.423745510
   44.345573056    0.423792313    0.423753829
   44.377068492    0.423771463    0.423762058
   44.408563927    0.423762678    0.423770351
   44.440059363    0.423771720    0.423778788
   44.471554798    0.423797511    0.423787355
   44.503050233    0.423832574    0.423795946
   44.534545669    0.423865917    0.423804407
   44.566041104    0.423887249    0.423812601
   44.597536540    0.423890913    0.423820459
   44.629031975    0.423878030    0.423828007
   44.660527410    0.423856042    0.423835359
   44.692022846    0.423835840    0.423842675
   44.723518281    0.423827592    0.423850098
   44.755013717    0.423836850    0.423857705
   44.786509152    0.423862453    0.423865476
   44.818004588    0.423896993    0.423873304
   44.849500023    0.423929673    0.423881041
   44.880995458    0.423950448    0.423888552
   44.912490894    0.423953865    0.423895768
   44.943986329    0.423941128    0.423902717
   44.975481765    0.423919613    0.423909508
   45.006977200    0.423900027    0.423916294
   45.038472635    0.423892296    0.423923213
   45.069968071    0.423901777    0.423930335
   45.101463506    0.423927222    0.423937638
   45.132958942    0.423961283    0.423945017
   45.164454377    0.423993345    0.423952326
   45.195949812    0.424013594    0.423959433
   45.227445248    0.424016770    0.423966274
   45.258940683    0.424004163    0.423972875
   45.290436119    0.423983093    0.423979342
   45.321931554    0.423964091    0.423985823
   45.353426989    0.423956860    0.423992450
   45.384922425    0.423966566    0.423999289
   45.416417860    0.423991876    0.424006317
   45.447913296    0.424025496    0.424013429
   45.479408731    0.424056976    0.424020483
   45.510904167    0.424076721    0.424027351
   45.542399602    0.424079660    0.424033971
   45.573895037    0.424067166    0.424040369
   45.605390473    0.424046512    0.424046649
   45.636885908    0.424028067    0.424052955
   45.668381344    0.424021320    0.424059414
   45.699876779    0.424031253    0.424066087
   45.731372214    0.424056448    0.424072951
   45.762867650    0.424089655    0.424079902
   45.794363085    0.424120582    0.424086802
   45.825858521    0.424139842    0.424093527
   45.857353956    0.424142545    0.424100016
   45.888849391    0.424130150    0.424106297
   45.920344827    0.424109889    0.424112471
   45.951840262    0.424091978    0.424118677
   45.983335698    0.424085702    0.424125038
   46.014831133    0.424095863    0.424131615
   46.046326569    0.424120960    0.424138380
   46.077822004    0.424153779    0.424145234
   46.109317439    0.424184176    0.424152040
   46.140812875    0.424202967    0.424158678
   46.172308310    0.424205436    0.424165090
   46.203803746    0.424193130    0.424171303
   46.235299181    0.424173241    0.424177417
   46.266794616    0.424155845    0.424183567
   46.298290052    0.424150027    0.424189874
   46.329785487    0.424160418    0.424196394
   46.361280923    0.424185427    0.424203100
   46.392776358    0.424217877    0.424209893
   46.424271793    0.424247765    0.424216640
   46.455767229    0.424266099    0.424223224
   46.487262664    0.424268336    0.424229589
   46.518758100    0.424256107    0.424235763
   46.550253535    0.424236576    0.424241844
   46.581748970    0.424219676    0.424247965
   46.613244406    0.424214306    0.424254241
   46.644739841    0.424224924    0.424260727
   46.676235277    0.424249854    0.424267396
   46.707730712    0.424281951    0.424274151
   46.739226148    0.424311346    0.424280860
   46.770721583    0.424329234    0.424287409
   46.802217018    0.424331242    0.424293746
   46.833712454    0.424319086    0.424299898
   46.865207889    0.424299898    0.424305962
   46.896703325    0.424283482    0.424312067
   46.928198760    0.424278548    0.424318327
   46.959694195    0.424289390    0.424324794
   46.991189631    0.424314247    0.424331439
   47.022685066    0.424346002    0.424338168
   47.054180502    0.424374918    0.424344852
   47.085675937    0.424392373    0.424351379
   47.117171372    0.424394156    0.424357698
   47.148666808    0.424382069    0.424363838
   47.180162243    0.424363215    0.424369893
   47.211657679    0.424347268    0.424375992
   47.243153114    0.424342760    0.424382244
   47.274648549    0.424353821    0.424388699
   47.306143985    0.424378608    0.424395329
   47.337639420    0.424410031    0.424402040
   47.369134856    0.424438481    0.424408706
   47.400630291    0.424455513    0.424415217
   47.432125727    0.424457079    0.424421525
   47.463621162    0.424445059    0.424427658
   47.495116597    0.424426531    0.424433711
   47.526612033    0.424411041    0.424439807
   47.558107468    0.424406947    0.424446055
   47.589602904    0.424418219    0.424452504
   47.621098339    0.424442936    0.424459124
   47.652593774    0.424474035    0.424465822
   47.684089210    0.424502032    0.424472474
   47.715584645    0.424518655    0.424478974
   47.747080081    0.424520010    0.424485275
   47.778575516    0.424508058    0.424491404
   47.810070951    0.424489848    0.424497456
   47.841566387    0.424474803    0.424503553
   47.873061822    0.424471110    0.424509801
   47.904557258    0.424482585    0.424516245
   47.936052693    0.424507232    0.424522858
   47.967548128    0.424538014    0.424529547
   47.999043564    0.424565570    0.424536188
   48.030538999    0.424581797    0.424542680
   48.062034435    0.424582951    0.424548975
   48.093529870    0.424571070    0.424555102
   48.125025306    0.424553171    0.424561156
   48.156520741    0.424538559    0.424567255
   48.188016176    0.424535252    0.424573503
   48.219511612    0.424546921    0.424579946
   48.251007047    0.424571493    0.424586553
   48.282502483    0.424601966    0.424593234
   48.313997918    0.424629094    0.424599867
   48.345493353    0.424644940    0.424606351
   48.376988789    0.424645905    0.424612642
   48.408484224    0.424634096    0.424618769
   48.439979660    0.424616502    0.424624824
   48.471475095    0.424602308    0.424630926
   48.502970530    0.424599373    0.424637176
   48.534465966    0.424611223    0.424643618
   48.565961401    0.424635721    0.424650221
   48.597456837    0.424665890    0.424656895
   48.628952272    0.424692604    0.424663521
   48.660447707    0.424708085    0.424669999
   48.691943143    0.424708872    0.424676286
   48.723438578    0.424697138    0.424682413
   48.754934014    0.424679842    0.424688470
   48.786429449    0.424666052    0.424694576
   48.817924885    0.424663471    0.424700828
   48.849420320    0.424675493    0.424707269
   48.880915755    0.424699912    0.424713870
   48.912411191    0.424729786    0.424720538
   48.943906626    0.424756103    0.424727157
   48.975402062    0.424771235    0.424733629
   49.006897497    0.424771856    0.424739914
   49.038392932    0.424760199    0.424746040
   49.069888368    0.424743192    0.424752100
   49.101383803    0.424729790    0.424758209
   49.132879239    0.424727547    0.424764464
   49.164374674    0.424739727    0.424770905
   49.195870109    0.424764066    0.424777503
   49.227365545    0.424793655    0.424784166
   49.258860980    0.424819590    0.424790779
   49.290356416    0.424834392    0.424797246
   49.321851851    0.424834858    0.424803528
   49.353347286    0.424823279    0.424809654
   49.384842722    0.424806550    0.424815716
   49.416338157    0.424793519    0.424821829
   49.447833593    0.424791597    0.424828086
   49.479329028    0.424803925    0.424834529
   49.510824464    0.424828184    0.424841124
   49.542319899    0.424857498    0.424847782
   49.573815334    0.424883070    0.424854390
   49.605310770    0.424897558    0.424860852
   49.636806205    0.424897880    0.424867130
   49.668301641    0.424886378    0.424873257
   49.699797076    0.424869917    0.424879321
   49.731292511    0.424857239    0.424885437
   49.762787947    0.424855620    0.424891698
   49.794283382    0.424868085    0.424898141
   49.825778818    0.424892267    0.424904734
   49.857274253    0.424921317    0.424911388
   49.888769688    0.424946544    0.424917990
   49.920265124    0.424960736    0.424924447
   49.951760559    0.424960923    0.424930723
   49.983255995    0.424949497    0.424936850
   50.014751430    0.424933290    0.424942917
   50.046246865    0.424920946    0.424949036
   50.077742301    0.424919613    0.424955300
   50.109237736    0.424932208    0.424961744
   50.140733172    0.424956314    0.424968335
   50.172228607    0.424985116    0.424974985
   50.203724043    0.425010016    0.424981581
   50.235219478    0.425023929    0.424988034
   50.266714913    0.425023987    0.424994307
   50.298210349    0.425012632    0.425000433
   50.329705784    0.424996665    0.425006502
   50.361201220    0.424984637    0.425012625
   50.392696655    0.424983575    0.425018892
   50.424192090    0.424996293    0.425025337
   50.455687526    0.425020330    0.425031927
   50.487182961    0.425048898    0.425038573
   50.518678397    0.425073490    0.425045164
   50.550173832    0.425087137    0.425051612
   50.581669267    0.425087073    0.425057882
   50.613164703    0.425075783    0.425064008
   50.644660138    0.425060040    0.425070080
   50.676155574    0.425048310    0.425076206
   50.707651009    0.425047505    0.425082476
   50.739146444    0.425060342    0.425088922
   50.770641880    0.425084317    0.425095510
   50.802137315    0.425112667    0.425102152
   50.833632751    0.425136968    0.425108738
   50.865128186    0.425150363    0.425115181
   50.896623622    0.425150180    0.425121449
   50.928119057    0.425138945    0.425127575
   50.959614492    0.425123412    0.425133649
   50.991109928    0.425111962    0.425139779
   51.022605363    0.425111401    0.425146051
   51.054100799    0.425124357    0.425152498
   51.085596234    0.425148279    0.425159085
   51.117091669    0.425176427    0.425165723
   51.148587105    0.425200454    0.425172305
   51.180082540    0.425213607    0.425178743
   51.211577976    0.425213304    0.425185008
   51.243073411    0.425202116    0.425191134
   51.274568846    0.425186775    0.425197210
   51.306064282    0.425175590    0.425203343
   51.337559717    0.425175266    0.425209619
   51.369055153    0.425188340    0.425216067
   51.400550588    0.425212220    0.425222653
   51.432046024    0.425240181    0.425229287
   51.463541459    0.425263949    0.425235864
   51.495036894    0.425276869    0.425242298
   51.526532330    0.425276444    0.425248560
   51.558027765    0.425265292    0.425254686
   51.589523201    0.425250128    0.425260764
   51.621018636    0.425239194    0.425266901
   51.652514071    0.425239099    0.425273179
   51.684009507    0.425252295    0.425279629
   51.715504942    0.425276143    0.425286213
   51.747000378    0.425303933    0.425292843
   51.778495813    0.425327455    0.425299415
   51.809991248    0.425340146    0.425305845
   51.841486684    0.425339596    0.425312104
   51.872982119    0.425328467    0.425318230
   51.904477555    0.425313466    0.425324311
   51.935972990    0.425302772    0.425330451
   51.967468425    0.425302903    0.425336732
   51.998963861    0.425316226    0.425343183
   52.030459296    0.425340055    0.425349765
   52.061954732    0.425367687    0.425356392
   52.093450167    0.425390973    0.425362959
   52.124945603    0.425403437    0.425369384
   52.156441038    0.425402756    0.425375642
   52.187936473    0.425391640    0.425381768
   52.219431909    0.425376789    0.425387851
   52.250927344    0.425366325    0.425393994
   52.282422780    0.425366680    0.425400278
   52.313918215    0.425380136    0.425406729
   52.345413650    0.425403957    0.425413310
   52.376909086    0.425431444    0.425419934
   52.408404521    0.425454501    0.425426496
   52.439899957    0.425466740    0.425432917
   52.471395392    0.425465921    0.425439172
   52.502890827    0.425454805    0.425445298
   52.534386263    0.425440093    0.425451383
   52.565881698    0.425429854    0.425457530
   52.597377134    0.425430435    0.425463816
   52.628872569    0.425444031    0.425470269
   52.660368004    0.425467855    0.425476848
   52.691863440    0.425495206    0.425483468
   52.723358875    0.425518039    0.425490026
   52.754854311    0.425530050    0.425496443
   52.786349746    0.425529085    0.425502696
   52.817845182    0.425517960    0.425508822
   52.849340617    0.425503379    0.425514910
   52.880836052    0.425493362    0.425521059
   52.912331488    0.425494170    0.425527348
   52.943826923    0.425507915    0.425533801
   52.975322359    0.425531752    0.425540379
   53.006817794    0.425558973    0.425546995
   53.038313229    0.425581584    0.425553549
   53.069808665    0.425593364    0.425559963
   53.101304100    0.425592245    0.425566213
   53.132799536    0.425581103    0.425572340
   53.164294971    0.425566647    0.425578429
   53.195790406    0.425556850    0.425584581
   53.227285842    0.425557891    0.425590873
   53.258781277    0.425571792    0.425597327
   53.290276713    0.425595648    0.425603903
   53.321772148    0.425622745    0.425610516
   53.353267583    0.425645134    0.425617066
   53.384763019    0.425656678    0.425623476
   53.416258454    0.425655398    0.425629724
   53.447753890    0.425644232    0.425635851
   53.479249325    0.425629898    0.425641942
   53.510744761    0.425620323    0.425648097
   53.542240196    0.425621601    0.425654391
   53.573735631    0.425635664    0.425660846
   53.605231067    0.425659546    0.425667421
   53.636726502    0.425686520    0.425674030
   53.668221938    0.425708685    0.425680576
   53.699717373    0.425719987    0.425686982
   53.731212808    0.425718542    0.425693229
   53.762708244    0.425707347    0.425699356
   53.794203679    0.425693135    0.425705449
   53.825699115    0.425683784    0.425711607
   53.857194550    0.425685305    0.425717903
   53.888689985    0.425699535    0.425724358
   53.920185421    0.425723445    0.425730931
   53.951680856    0.425750296    0.425737538
   53.983176292    0.425772233    0.425744080
   54.014671727    0.425783289    0.425750483
   54.046167162    0.425781673    0.425756728
   54.077662598    0.425770449    0.425762855
   54.109158033    0.425756359    0.425768950
   54.140653469    0.425747237    0.425775110
   54.172148904    0.425749005    0.425781408
   54.203644340    0.425763407    0.425787863
   54.235139775    0.425787344    0.425794435
   54.266635210    0.425814070    0.425801039
   54.298130646    0.425835775    0.425807577
   54.329626081    0.425846580    0.425813978
   54.361121517    0.425844791    0.425820221
   54.392616952    0.425833538    0.425826348
   54.424112387    0.425819575    0.425832445
   54.455607823    0.425810687    0.425838607
   54.487103258    0.425812705    0.425844907
   54.518598694    0.425827279    0.425851362
   54.550094129    0.425851243    0.425857933
   54.581589564    0.425877839    0.425864534
   54.613085000    0.425899306    0.425871069
   54.644580435    0.425909858    0.425877466
   54.676075871    0.425907896    0.425883708
   54.707571306    0.425896617    0.425889835
   54.739066741    0.425882786    0.425895933
   54.770562177    0.425874135    0.425902098
   54.802057612    0.425876408    0.425908399
   54.833553048    0.425891152    0.425914855
   54.865048483    0.425915139    0.425921425
   54.896543919    0.425941599    0.425928023
   54.928039354    0.425962825    0.425934555
   54.959534789    0.425973122    0.425940949
   54.991030225    0.425970990    0.425947189
   55.022525660    0.425959690    0.425953317
   55.054021096    0.425945995    0.425959416
   55.085516531    0.425937587    0.425965582
   55.117011966    0.425940113    0.425971885
   55.148507402    0.425955024    0.425978342
   55.180002837    0.425979027    0.425984911
   55.211498273    0.426005347    0.425991507
   55.242993708    0.426026328    0.425998035
   55.274489143    0.426036372    0.426004427
   55.305984579    0.426034073    0.426010665
   55.337480014    0.426022759    0.426016792
   55.368975450    0.426009207    0.426022892
   55.400470885    0.426001043    0.426029060
   55.431966320    0.426003821    0.426035365
   55.463461756    0.426018894    0.426041822
   55.494957191    0.426042906    0.426048390
   55.526452627    0.426069079    0.426054984
   55.557948062    0.426089814    0.426061509
   55.589443498    0.426099607    0.426067898
   55.620938933    0.426097149    0.426074135
   55.652434368    0.426085829    0.426080262
   55.683929804    0.426072425    0.426086363
   55.715425239    0.426064506    0.426092533
   55.746920675    0.426067531    0.426098839
   55.778416110    0.426082758    0.426105297
   55.809911545    0.426106772    0.426111864
   55.841406981    0.426132793    0.426118456
   55.872902416    0.426153283    0.426124978
   55.904397852    0.426162830    0.426131365
   55.935893287    0.426160221    0.426137599
   55.967388722    0.426148902    0.426143725
   55.998884158    0.426135650    0.426149828
   56.030379593    0.426127975    0.426155999
   56.061875029    0.426131241    0.426162307
   56.093370464    0.426146614    0.426168766
   56.124865900    0.426170621    0.426175332
   56.156361335    0.426196487    0.426181922
   56.187856770    0.426216733    0.426188442
   56.219352206    0.426226042    0.426194825
   56.250847641    0.426223292    0.426201058
   56.282343077    0.426211982    0.426207184
   56.313838512    0.426198886    0.426213287
   56.345333947    0.426191451    0.426219460
   56.376829383    0.426194949    0.426225769
   56.408324818    0.426210457    0.426232229
   56.439820254    0.426234450    0.426238795
   56.471315689    0.426260160    0.426245383
   56.502811124    0.426280168    0.426251900
   56.534306560    0.426289248    0.426258281
   56.565801995    0.426286366    0.426264511
   56.597297431    0.426275072    0.426270636
   56.628792866    0.426262131    0.426276740
   56.660288301    0.426254930    0.426282915
   56.691783737    0.426258651    0.426289226
   56.723279172    0.426274284    0.426295687
   56.754774608    0.426298258    0.426302252
   56.786270043    0.426323812    0.426308839
   56.817765479    0.426343588    0.426315353
   56.849260914    0.426352450    0.426321731
   56.880756349    0.426349447    0.426327959
   56.912251785    0.426338174    0.426334083
   56.943747220    0.426325386    0.426340187
   56.975242656    0.426318412    0.426346364
   57.006738091    0.426322344    0.426352677
   57.038233526    0.426338093    0.426359139
   57.069728962    0.426362043    0.426365704
   57.101224397    0.426387444    0.426372289
   57.132719833    0.426406997    0.426378801
   57.164215268    0.426415652    0.426385175
   57.195710703    0.426412537    0.426391402
   57.227206139    0.426401288    0.426397525
   57.258701574    0.426388650    0.426403630
   57.290197010    0.426381893    0.426409808
   57.321692445    0.426386025    0.426416123
   57.353187880    0.426401880    0.426422586
   57.384683316    0.426425804    0.426429151
   57.416178751    0.426451057    0.426435734
   57.447674187    0.426470398    0.426442243
   57.479169622    0.426478858    0.426448615
   57.510665058    0.426475639    0.426454839
   57.542160493    0.426464415    0.426460961
   57.573655928    0.426451921    0.426467066
   57.605151364    0.426445369    0.426473246
   57.636646799    0.426449689    0.426479563
   57.668142235    0.426465644    0.426486027
   57.699637670    0.426489543    0.426492593
   57.731133105    0.426514655    0.426499174
   57.762628541    0.426533795    0.426505680
   57.794123976    0.426542071    0.426512049
   57.825619412    0.426538755    0.426518270
   57.857114847    0.426527555    0.426524391
   57.888610282    0.426515195    0.426530497
   57.920105718    0.426508836    0.426536679
   57.951601153    0.426513334    0.426542998
   57.983096589    0.426529384    0.426549464
   58.014592024    0.426553259    0.426556029
   58.046087459    0.426578241    0.426562609
   58.077582895    0.426597193    0.426569112
   58.109078330    0.426605295    0.426575477
   58.140573766    0.426601884    0.426581697
   58.172069201    0.426590704    0.426587817
   58.203564637    0.426578470    0.426593924
   58.235060072    0.426572292    0.426600107
   58.266555507    0.426576958    0.426606428
   58.298050943    0.426593100    0.426612895
   58.329546378    0.426616957    0.426619461
   58.361041814    0.426641818    0.426626038
   58.392537249    0.426660594    0.426632539
   58.424032684    0.426668531    0.426638901
   58.455528120    0.426665027    0.426645118
   58.487023555    0.426653861    0.426651237
   58.518518991    0.426641740    0.426657344
   58.550014426    0.426635732    0.426663530
   58.581509861    0.426640559    0.426669853
   58.613005297    0.426656793    0.426676322
   58.644500732    0.426680639    0.426682887
   58.675996168    0.426705391    0.426689463
   58.707491603    0.426724002    0.426695960
   58.738987038    0.426731780    0.426702319
   58.770482474    0.426728183    0.426708533
   58.801977909    0.426717022    0.426714652
   58.833473345    0.426705003    0.426720760
   58.864968780    0.426699153    0.426726948
   58.896464216    0.426704136    0.426733274
   58.927959651    0.426720464    0.426739744
   58.959455086    0.426744308    0.426746308
   58.990950522    0.426768964    0.426752882
   59.022445957    0.426787420    0.426759377
   59.053941393    0.426795043    0.426765732
   59.085436828    0.426791348    0.426771944
   59.116932263    0.426780183    0.426778062
   59.148427699    0.426768253    0.426784171
   59.179923134    0.426762553    0.426790361
   59.211418570    0.426767689    0.426796689
   59.242914005    0.426784117    0.426803160
   59.274409440    0.426807970    0.426809725
   59.305904876    0.426832541    0.426816297
   59.337400311    0.426850850    0.426822788
   59.368895747    0.426858319    0.426829140
   59.400391182    0.426854520    0.426835350
   59.431886617    0.426843340    0.426841467
   59.463382053    0.426831489    0.426847577
   59.494877488    0.426825932    0.426853769
   59.526372924    0.426831221    0.426860099
   59.557868359    0.426847756    0.426866572
   59.589363795    0.426871628    0.426873136
   59.620859230    0.426896124    0.426879706
   59.652354665    0.426914292    0.426886194
   59.683850101    0.426921606    0.426892543
   59.715345536    0.426917696    0.426898751
   59.746840972    0.426906489    0.426904867
   59.778336407    0.426894707    0.426910979
   59.809831842    0.426889289    0.426917173
   59.841327278    0.426894734    0.426923505
   59.872822713    0.426911383    0.426929979
   59.904318149    0.426935286    0.426936543
   59.935813584    0.426959717    0.426943110
   59.967309019    0.426977747    0.426949595
   59.998804455    0.426984901    0.426955941
   60.030299890    0.426980870    0.426962147
   60.061795326    0.426969627    0.426968263
   60.093290761    0.426957906    0.426974375
   60.124786196    0.426952624    0.426980572
   60.156281632    0.426958230    0.426986906
   60.187777067    0.426975004    0.426993381
   60.219272503    0.426998949    0.426999944
   60.250767938    0.427023320    0.427006510
   60.282263374    0.427041212    0.427012991
   60.313758809    0.427048201    0.427019334
   60.345254244    0.427044039    0.427025538
   60.376749680    0.427032749    0.427031654
   60.408245115    0.427021084    0.427037767
   60.439740551    0.427015939    0.427043966
   60.471235986    0.427021714    0.427050302
   60.502731421    0.427038624    0.427056778
   60.534226857    0.427062618    0.427063340
   60.565722292    0.427086934    0.427069904
   60.597217728    0.427104686    0.427076383
   60.628713163    0.427111502    0.427082723
   60.660208598    0.427107198    0.427088924
   60.691704034    0.427095853    0.427095040
   60.723199469    0.427084241    0.427101155
   60.754694905    0.427079238    0.427107355
   60.786190340    0.427085190    0.427113694
   60.817685775    0.427102244    0.427120170
   60.849181211    0.427126296    0.427126732
   60.880676646    0.427150559    0.427133293
   60.912172082    0.427168166    0.427139769
   60.943667517    0.427174799    0.427146107
   60.975162953    0.427170345    0.427152306
   61.006658388    0.427158939    0.427158422
   61.038153823    0.427147380    0.427164538
   61.069649259    0.427142524    0.427170740
   61.101144694    0.427148662    0.427177080
   61.132640130    0.427165870    0.427183558
   61.164135565    0.427189984    0.427190119
   61.195631000    0.427214193    0.427196678
   61.227126436    0.427231647    0.427203151
   61.258621871    0.427238089    0.427209486
   61.290117307    0.427233476    0.427215684
   61.321612742    0.427222006    0.427221799
   61.353108177    0.427210501    0.427227916
   61.384603613    0.427205801    0.427234120
   61.416099048    0.427212134    0.427240462
   61.447594484    0.427229504    0.427246940
   61.479089919    0.427253682    0.427253500
   61.510585355    0.427277832    0.427260058
   61.542080790    0.427295127    0.427266528
   61.573576225    0.427301367    0.427272860
   61.605071661    0.427296589    0.427279057
   61.636567096    0.427285053    0.427285172
   61.668062532    0.427273609    0.427291290
   61.699557967    0.427269073    0.427297496
   61.731053402    0.427275611    0.427303839
   61.762548838    0.427293147    0.427310318
   61.794044273    0.427317389    0.427316877
   61.825539709    0.427341474    0.427323433
   61.857035144    0.427358600    0.427329901
   61.888530579    0.427364630    0.427336231
   61.920026015    0.427359683    0.427342426
   61.951521450    0.427348084    0.427348540
   61.983016886    0.427336707    0.427354659
   62.014512321    0.427332344    0.427360866
   62.046007756    0.427339094    0.427367211
   62.077503192    0.427356800    0.427373690
   62.108998627    0.427381103    0.427380250
   62.140494063    0.427405116    0.427386803
   62.171989498    0.427422063    0.427393269
   62.203484934    0.427427877    0.427399596
   62.234980369    0.427422759    0.427405790
   62.266475804    0.427411100    0.427411904
   62.297971240    0.427399800    0.427418024
   62.329466675    0.427395618    0.427424233
   62.360962111    0.427402586    0.427430579
   62.392457546    0.427420462    0.427437058
   62.423952981    0.427444820    0.427443617
   62.455448417    0.427468751    0.427450169
   62.486943852    0.427485511    0.427456632
   62.518439288    0.427491104    0.427462958
   62.549934723    0.427485817    0.427469150
   62.581430158    0.427474106    0.427475264
   62.612925594    0.427462891    0.427481384
   62.644421029    0.427458899    0.427487594
   62.675916465    0.427466089    0.427493941
   62.707411900    0.427484131    0.427500422
   62.738907335    0.427508537    0.427506980
   62.770402771    0.427532378    0.427513531
   62.801898206    0.427548943    0.427519992
   62.833393642    0.427554313    0.427526315
   62.864889077    0.427548860    0.427532506
   62.896384513    0.427537105    0.427538619
   62.927879948    0.427525984    0.427544740
   62.959375383    0.427522189    0.427550951
   62.990870819    0.427529602    0.427557299
   63.022366254    0.427547806    0.427563780
   63.053861690    0.427572250    0.427570338
   63.085357125    0.427595990    0.427576888
   63.116852560    0.427612355    0.427583347
   63.148347996    0.427617503    0.427589668
   63.179843431    0.427611890    0.427595857
   63.211338867    0.427600101    0.427601970
   63.242834302    0.427589084    0.427608091
   63.274329737    0.427585490    0.427614303
   63.305825173    0.427593123    0.427620653
   63.337320608    0.427611482    0.427627135
   63.368816044    0.427635954    0.427633692
   63.400311479    0.427659586    0.427640241
   63.431806914    0.427675748    0.427646698
   63.463302350    0.427680676    0.427653017
   63.494797785    0.427674913    0.427659204
   63.526293221    0.427663099    0.427665316
   63.557788656    0.427652193    0.427671437
   63.589284092    0.427648802    0.427677650
   63.620779527    0.427656651    0.427684001
   63.652274962    0.427675155    0.427690484
   63.683770398    0.427699646    0.427697042
   63.715265833    0.427723163    0.427703589
   63.746761269    0.427739121    0.427710045
   63.778256704    0.427743835    0.427716361
   63.809752139    0.427737931    0.427722547
   63.841247575    0.427726103    0.427728657
   63.872743010    0.427715314    0.427734779
   63.904238446    0.427712125    0.427740993
   63.935733881    0.427720183    0.427747345
   63.967229316    0.427738822    0.427753829
   63.998724752    0.427763321    0.427760387
   64.030220187    0.427786719    0.427766934
   64.061715623    0.427802476    0.427773387
   64.093211058    0.427806984    0.427779702
   64.124706493    0.427800950    0.427785885
   64.156201929    0.427789116    0.427791994
   64.187697364    0.427778447    0.427798116
   64.219192800    0.427775456    0.427804331
   64.250688235    0.427783714    0.427810685
   64.282183671    0.427802477    0.427817170
   64.313679106    0.427826978    0.427823728
   64.345174541    0.427850254    0.427830274
   64.376669977    0.427865814    0.427836725
   64.408165412    0.427870127    0.427843038
   64.439660848    0.427863973    0.427849219
   64.471156283    0.427852141    0.427855327
   64.502651718    0.427841592    0.427861449
   64.534147154    0.427838793    0.427867665
   64.565642589    0.427847240    0.427874020
   64.597138025    0.427866116    0.427880507
   64.628633460    0.427890613    0.427887065
   64.660128895    0.427913768    0.427893610
   64.691624331    0.427929140    0.427900059
   64.723119766    0.427933269    0.427906369
   64.754615202    0.427927005    0.427912548
   64.786110637    0.427915179    0.427918655
   64.817606072    0.427904748    0.427924777
   64.849101508    0.427902133    0.427930994
   64.880596943    0.427910757    0.427937351
   64.912092379    0.427929738    0.427943839
   64.943587814    0.427954225    0.427950398
   64.975083250    0.427977264    0.427956942
   65.006578685    0.427992457    0.427963389
   65.038074120    0.427996414    0.427969696
   65.069569556    0.427990049    0.427975873
   65.101064991    0.427978231    0.427981979
   65.132560427    0.427967912    0.427988100
   65.164055862    0.427965470    0.427994319
   65.195551297    0.427974260    0.428000678
   65.227046733    0.427993337    0.428007167
   65.258542168    0.428017816    0.428013727
   65.290037604    0.428040745    0.428020270
   65.321533039    0.428055770    0.428026715
   65.353028474    0.428059565    0.428033019
   65.384523910    0.428053106    0.428039193
   65.416019345    0.428041295    0.428045298
   65.447514781    0.428031082    0.428051419
   65.479010216    0.428028800    0.428057639
   65.510505651    0.428037746    0.428064000
   65.542001087    0.428056914    0.428070491
   65.573496522    0.428081386    0.428077052
   65.604991958    0.428104215    0.428083593
   65.636487393    0.428119084    0.428090036
   65.667982829    0.428122728    0.428096338
   65.699478264    0.428116179    0.428102509
   65.730973699    0.428104371    0.428108612
   65.762469135    0.428094252    0.428114734
   65.793964570    0.428092119    0.428120955
   65.825460006    0.428101210    0.428127319
   65.856955441    0.428120467    0.428133811
   65.888450876    0.428144938    0.428140372
   65.919946312    0.428167677    0.428146913
   65.951441747    0.428182403    0.428153353
   65.982937183    0.428185904    0.428159652
   66.014432618    0.428179265    0.428165821
   66.045928053    0.428167455    0.428171922
   66.077423489    0.428157418    0.428178044
   66.108918924    0.428155421    0.428184267
   66.140414360    0.428164652    0.428190633
   66.171909795    0.428183998    0.428197127
   66.203405231    0.428208475    0.428203689
   66.234900666    0.428231137    0.428210228
   66.266396101    0.428245732    0.428216666
   66.297891537    0.428249096    0.428222961
   66.329386972    0.428242366    0.428229128
   66.360882408    0.428230542    0.428235228
   66.392377843    0.428220576    0.428241351
   66.423873278    0.428218704    0.428247575
   66.455368714    0.428228069    0.428253943
   66.486864149    0.428247507    0.428260439
   66.518359585    0.428272002    0.428267001
   66.549855020    0.428294600    0.428273539
   66.581350455    0.428309073    0.428279974
   66.612845891    0.428312303    0.428286266
   66.644341326    0.428305477    0.428292430
   66.675836762    0.428293629    0.428298529
   66.707332197    0.428283720    0.428304653
   66.738827632    0.428281965    0.428310879
   66.770323068    0.428291462    0.428317249
   66.801818503    0.428311000    0.428323747
   66.833313939    0.428335524    0.428330309
   66.864809374    0.428358070    0.428336846
   66.896304810    0.428372430    0.428343278
   66.927800245    0.428375526    0.428349567
   66.959295680    0.428368595    0.428355728
   66.990791116    0.428356711    0.428361827
   67.022286551    0.428346846    0.428367950
   67.053781987    0.428345201    0.428374179
   67.085277422    0.428354832    0.428380551
   67.116772857    0.428374479    0.428387051
   67.148268293    0.428399046    0.428393613
   67.179763728    0.428421552    0.428400148
   67.211259164    0.428435803    0.428406578
   67.242754599    0.428438762    0.428412864
   67.274250034    0.428431716    0.428419022
   67.305745470    0.428419782    0.428425120
   67.337240905    0.428409951    0.428431244
   67.368736341    0.428408412    0.428437475
   67.400231776    0.428418183    0.428443850
   67.431727211    0.428437949    0.428450351
   67.463222647    0.428462572    0.428456912
   67.494718082    0.428485048    0.428463446
   67.526213518    0.428499192    0.428469873
   67.557708953    0.428502008    0.428476156
   67.589204389    0.428494835    0.428482312
   67.620699824    0.428482837    0.428488409
   67.652195259    0.428473032    0.428494534
   67.683690695    0.428471599    0.428500767
   67.715186130    0.428481516    0.428507144
   67.746681566    0.428501416    0.428513646
   67.778177001    0.428526108    0.428520208
   67.809672436    0.428548560    0.428526739
   67.841167872    0.428562597    0.428533163
   67.872663307    0.428565260    0.428539443
   67.904158743    0.428557946    0.428545598
   67.935654178    0.428545874    0.428551694
   67.967149613    0.428536088    0.428557820
   67.998645049    0.428534763    0.428564055
   68.030140484    0.428544838    0.428570433
   68.061635920    0.428564884    0.428576937
   68.093131355    0.428589656    0.428583498
   68.124626790    0.428612090    0.428590028
   68.156122226    0.428626015    0.428596450
   68.187617661    0.428628514    0.428602727
   68.219113097    0.428621046    0.428608879
   68.250608532    0.428608887    0.428614975
   68.282103968    0.428599118    0.428621102
   68.313599403    0.428597908    0.428627339
   68.345094838    0.428608152    0.428633719
   68.376590274    0.428628359    0.428640224
   68.408085709    0.428653219    0.428646785
   68.439581145    0.428675636    0.428653313
   68.471076580    0.428689442    0.428659732
   68.502572015    0.428691764    0.428666006
   68.534067451    0.428684128    0.428672157
   68.565562886    0.428671877    0.428678252
   68.597058322    0.428662125    0.428684380
   68.628553757    0.428661038    0.428690618
   68.660049192    0.428671465    0.428697001
   68.691544628    0.428691844    0.428703506
   68.723040063    0.428716800    0.428710067
   68.754535499    0.428739196    0.428716593
   68.786030934    0.428752873    0.428723009
   68.817526369    0.428755005    0.428729281
   68.849021805    0.428747190    0.428735430
   68.880517240    0.428734840    0.428741525
   68.912012676    0.428725110    0.428747654
   68.943508111    0.428724157    0.428753894
   68.975003547    0.428734780    0.428760278
   69.006498982    0.428755343    0.428766784
   69.037994417    0.428780397    0.428773345
   69.069489853    0.428802768    0.428779869
   69.100985288    0.428816304    0.428786283
   69.132480724    0.428818232    0.428792552
   69.163976159    0.428810229    0.428798700
   69.195471594    0.428797779    0.428804794
   69.226967030    0.428788078    0.428810924
   69.258462465    0.428787272    0.428817165
   69.289957901    0.428798104    0.428823551
   69.321453336    0.428818858    0.428830058
   69.352948771    0.428844010    0.428836618
   69.384444207    0.428866348    0.428843141
   69.415939642    0.428879729    0.428849553
   69.447435078    0.428881441    0.428855820
   69.478930513    0.428873243    0.428861965
   69.510425948    0.428860695    0.428868059
   69.541921384    0.428851032    0.428874190
   69.573416819    0.428850386    0.428880432
   69.604912255    0.428861439    0.428886819
   69.636407690    0.428882389    0.428893327
   69.667903126    0.428907637    0.428899887
   69.699398561    0.428929930    0.428906409
   69.730893996    0.428943143    0.428912818
   69.762389432    0.428944628    0.428919083
   69.793884867    0.428936232    0.428925227
   69.825380303    0.428923591    0.428931320
   69.856875738    0.428913977    0.428937451
   69.888371173    0.428913505    0.428943695
   69.919866609    0.428924789    0.428950084
   69.951362044    0.428945937    0.428956592
   69.982857480    0.428971273    0.428963152
   70.014352915    0.428993509    0.428969672
   70.045848350    0.429006542    0.428976080
   70.077343786    0.429007792    0.428982342
   70.108839221    0.428999197    0.428988485
   70.140334657    0.428986472    0.428994577
   70.171830092    0.428976921    0.429000709
   70.203325527    0.428976634    0.429006954
   70.234820963    0.428988155    0.429013343
   70.266316398    0.429009499    0.429019853
   70.297811834    0.429034914    0.429026412
   70.329307269    0.429057080    0.429032932
   70.360802705    0.429069921    0.429039337
   70.392298140    0.429070931    0.429045598
   70.423793575    0.429062141    0.429051739
   70.455289011    0.429049342    0.429057830
   70.486784446    0.429039866    0.429063962
   70.518279882    0.429039776    0.429070208
   70.549775317    0.429051537    0.429076599
   70.581270752    0.429073073    0.429083109
   70.612766188    0.429098554    0.429089668
   70.644261623    0.429120638    0.429096187
   70.675757059    0.429133277    0.429102591
   70.707252494    0.429134045    0.429108850
   70.738747929    0.429125067    0.429114989
   70.770243365    0.429112207    0.429121079
   70.801738800    0.429102819    0.429127211
   70.833234236    0.429102933    0.429133457
   70.864729671    0.429114934    0.429139849
   70.896225106    0.429136653    0.429146361
   70.927720542    0.429162189    0.429152920
   70.959215977    0.429184177    0.429159438
   70.990711413    0.429196609    0.429165841
   71.022206848    0.429197138    0.429172098
   71.053702284    0.429187982    0.429178235
   71.085197719    0.429175072    0.429184324
   71.116693154    0.429165784    0.429190455
   71.148188590    0.429166106    0.429196703
   71.179684025    0.429178344    0.429203096
   71.211179461    0.429200234    0.429209608
   71.242674896    0.429225812    0.429216169
   71.274170331    0.429247696    0.429222686
   71.305665767    0.429259917    0.429229087
   71.337161202    0.429260213    0.429235341
   71.368656638    0.429250889    0.429241476
   71.400152073    0.429237943    0.429247564
   71.431647508    0.429228763    0.429253695
   71.463142944    0.429229295    0.429259943
   71.494638379    0.429241761    0.429266338
   71.526133815    0.429263812    0.429272852
   71.557629250    0.429289419    0.429279413
   71.589124686    0.429311190    0.429285930
   71.620620121    0.429323203    0.429292329
   71.652115556    0.429323273    0.429298581
   71.683610992    0.429313795    0.429304714
   71.715106427    0.429300825    0.429310800
   71.746601863    0.429291758    0.429316931
   71.778097298    0.429292496    0.429323180
   71.809592733    0.429305182    0.429329576
   71.841088169    0.429327379    0.429336091
   71.872583604    0.429353005    0.429342653
   71.904079040    0.429374660    0.429349170
   71.935574475    0.429386468    0.429355567
   71.967069910    0.429386324    0.429361817
   71.998565346    0.429376705    0.429367947
   72.030060781    0.429363721    0.429374032
   72.061556217    0.429354770    0.429380162
   72.093051652    0.429355708    0.429386412
   72.124547087    0.429368600    0.429392809
   72.156042523    0.429390931    0.429399327
   72.187537958    0.429416567    0.429405889
   72.219033394    0.429438106    0.429412406
   72.250528829    0.429449718    0.429418801
   72.282024265    0.429449373    0.429425049
   72.313519700    0.429439626    0.429431176
   72.345015135    0.429426633    0.429437259
   72.376510571    0.429417796    0.429443388
   72.408006006    0.429418924    0.429449639
   72.439501442    0.429432010    0.429456039
   72.470996877    0.429454463    0.429462558
   72.502492312    0.429480103    0.429469122
   72.533987748    0.429501531    0.429475638
   72.565483183    0.429512957    0.429482032
   72.596978619    0.429512425    0.429488276
   72.628474054    0.429502560    0.429494401
   72.659969489    0.429489563    0.429500481
   72.691464925    0.429480834    0.429506610
   72.722960360    0.429482140    0.429512862
   72.754455796    0.429495405    0.429519264
   72.785951231    0.429517970    0.429525785
   72.817446666    0.429543614    0.429532350
   72.848942102    0.429564937    0.429538866
   72.880437537    0.429576192    0.429545258
   72.911932973    0.429575487    0.429551499
   72.943428408    0.429565512    0.429557621
   72.974923844    0.429552509    0.429563699
   73.006419279    0.429543879    0.429569828
   73.037914714    0.429545349    0.429576081
   73.069410150    0.429558779    0.429582485
   73.100905585    0.429581450    0.429589009
   73.132401021    0.429607101    0.429595575
   73.163896456    0.429628331    0.429602090
   73.195391891    0.429639428    0.429608480
   73.226887327    0.429638563    0.429614718
   73.258382762    0.429628484    0.429620836
   73.289878198    0.429615470    0.429626913
   73.321373633    0.429606926    0.429633041
   73.352869068    0.429608544    0.429639296
   73.384364504    0.429622129    0.429645702
   73.415859939    0.429644902    0.429652228
   73.447355375    0.429670567    0.429658796
   73.478850810    0.429691717    0.429665310
   73.510346245    0.429702673    0.429671697
   73.541841681    0.429701657    0.429677932
   73.573337116    0.429691475    0.429684047
   73.604832552    0.429678442    0.429690122
   73.636327987    0.429669969    0.429696250
   73.667823423    0.429671720    0.429702507
   73.699318858    0.429685450    0.429708916
   73.730814293    0.429708327    0.429715444
   73.762309729    0.429734016    0.429722012
   73.793805164    0.429755102    0.429728526
   73.825300600    0.429765931    0.429734911
   73.856796035    0.429764772    0.429741142
   73.888291470    0.429754484    0.429747254
   73.919786906    0.429741420    0.429753326
   73.951282341    0.429733001    0.429759455
   73.982777777    0.429734871    0.429765713
   74.014273212    0.429748741    0.429772125
   74.045768647    0.429771727    0.429778656
   74.077264083    0.429797453    0.429785225
   74.108759518    0.429818493    0.429791738
   74.140254954    0.429829209    0.429798119
   74.171750389    0.429827911    0.429804347
   74.203245824    0.429817508    0.429810456
   74.234741260    0.429804397    0.429816527
   74.266236695    0.429796015    0.429822655
   74.297732131    0.429797993    0.429828916
   74.329227566    0.429812001    0.429835330
   74.360723002    0.429835105    0.429841863
   74.392218437    0.429860886    0.429848434
   74.423713872    0.429881897    0.429854945
   74.455209308    0.429892509    0.429861324
   74.486704743    0.429891071    0.429867548
   74.518200179    0.429880543    0.429873653
   74.549695614    0.429867367    0.429879723
   74.581191049    0.429859005    0.429885852
   74.612686485    0.429861081    0.429892114
   74.644181920    0.429875230    0.429898532
   74.675677356    0.429898466    0.429905067
   74.707172791    0.429924321    0.429911638
   74.738668226    0.429945319    0.429918148
   74.770163662    0.429955835    0.429924524
   74.801659097    0.429954252    0.429930744
   74.833154533    0.429943583    0.429936846
   74.864649968    0.429930323    0.429942914
   74.896145403    0.429921966    0.429949044
   74.927640839    0.429924136    0.429955309
   74.959136274    0.429938433    0.429961729
   74.990631710    0.429961818    0.429968267
   75.022127145    0.429987766    0.429974838
   75.053622581    0.430008764    0.429981346
   75.085118016    0.430019186    0.429987719
   75.116613451    0.430017448    0.429993935
   75.148108887    0.430006621    0.430000035
   75.179604322    0.429993258    0.430006102
   75.211099758    0.429984893    0.430012232
   75.242595193    0.429987156    0.430018499
   75.274090628    0.430001614    0.430024922
   75.305586064    0.430025166    0.430031462
   75.337081499    0.430051226    0.430038033
   75.368576935    0.430072235    0.430044540
   75.400072370    0.430082562    0.430050909
   75.431567805    0.430080656    0.430057122
   75.463063241    0.430069649    0.430063219
   75.494558676    0.430056165    0.430069285
   75.526054112    0.430047784    0.430075416
   75.557549547    0.430050145    0.430081686
   75.589044982    0.430064778    0.430088111
   75.620540418    0.430088519    0.430094653
   75.652035853    0.430114707    0.430101224
   75.683531289    0.430135735    0.430107729
   75.715026724    0.430145959    0.430114096
   75.746522160    0.430143868    0.430120305
   75.778017595    0.430132662    0.430126399
   75.809513030    0.430119040    0.430132464
   75.841008466    0.430110639    0.430138597
   75.872503901    0.430113105    0.430144868
   75.903999337    0.430127933    0.430151296
   75.935494772    0.430151883    0.430157839
   75.966990207    0.430178214    0.430164411
   75.998485643    0.430199262    0.430170914
   76.029981078    0.430209374    0.430177277
   76.061476514    0.430207077    0.430183483
   76.092971949    0.430195651    0.430189575
   76.124467384    0.430181879    0.430195639
   76.155962820    0.430173457    0.430201773
   76.187458255    0.430176043    0.430208046
   76.218953691    0.430191086    0.430214476
   76.250449126    0.430215265    0.430221021
   76.281944562    0.430241750    0.430227592
   76.313439997    0.430262816    0.430234094
   76.344935432    0.430272799    0.430240454
   76.376430868    0.430270276    0.430246658
   76.407926303    0.430258611    0.430252747
   76.439421739    0.430244681    0.430258810
   76.470917174    0.430236243    0.430264945
   76.502412609    0.430238964    0.430271220
   76.533908045    0.430254244    0.430277652
   76.565403480    0.430278669    0.430284198
   76.596898916    0.430305315    0.430290769
   76.628394351    0.430326391    0.430297269
   76.659889786    0.430336229    0.430303627
   76.691385222    0.430333457    0.430309827
   76.722880657    0.430321537    0.430315915
   76.754376093    0.430307444    0.430321977
   76.785871528    0.430299001    0.430328112
   76.817366963    0.430301877    0.430334389
   76.848862399    0.430317414    0.430340823
   76.880357834    0.430342100    0.430347370
   76.911853270    0.430368908    0.430353941
   76.943348705    0.430389983    0.430360440
   76.974844141    0.430399654    0.430366795
   77.006339576    0.430396614    0.430372993
   77.037835011    0.430384427    0.430379079
   77.069330447    0.430370172    0.430385140
   77.100825882    0.430361736    0.430391276
   77.132321318    0.430364789    0.430397554
   77.163816753    0.430380603    0.430403990
   77.195312188    0.430405560    0.430410538
   77.226807624    0.430432526    0.430417109
   77.258303059    0.430453585    0.430423606
   77.289798495    0.430463068    0.430429959
   77.321293930    0.430459741    0.430436154
   77.352789365    0.430447278    0.430442238
   77.384284801    0.430432868    0.430448299
   77.415780236    0.430424457    0.430454434
   77.447275672    0.430427706    0.430460714
   77.478771107    0.430443815    0.430467151
   77.510266542    0.430469048    0.430473700
   77.541761978    0.430496165    0.430480272
   77.573257413    0.430517188    0.430486767
   77.604752849    0.430526464    0.430493119
   77.636248284    0.430522834    0.430499312
   77.667743720    0.430510094    0.430505393
   77.699239155    0.430495537    0.430511453
   77.730734590    0.430487170    0.430517589
   77.762230026    0.430490638    0.430523869
   77.793725461    0.430507053    0.430530308
   77.825220897    0.430532563    0.430536858
   77.856716332    0.430559818    0.430543430
   77.888211767    0.430580786    0.430549925
   77.919707203    0.430589833    0.430556274
   77.951202638    0.430585892    0.430562465
   77.982698074    0.430572875    0.430568545
   78.014193509    0.430558188    0.430574603
   78.045688944    0.430549885    0.430580738
   78.077184380    0.430553588    0.430587019
   78.108679815    0.430570318    0.430593460
   78.140175251    0.430596100    0.430600011
   78.171670686    0.430623477    0.430606583
   78.203166121    0.430644370    0.430613078
   78.234661557    0.430653173    0.430619426
   78.266156992    0.430648913    0.430625614
   78.297652428    0.430635629    0.430631692
   78.329147863    0.430620827    0.430637748
   78.360643299    0.430612609    0.430643883
   78.392138734    0.430616562    0.430650165
   78.423634169    0.430633610    0.430656606
   78.455129605    0.430659653    0.430663159
   78.486625040    0.430687134    0.430669732
   78.518120476    0.430707932    0.430676227
   78.549615911    0.430716479    0.430682573
   78.581111346    0.430711901    0.430688760
   78.612606782    0.430698360    0.430694834
   78.644102217    0.430683463    0.430700889
   78.675597653    0.430675348    0.430707022
   78.707093088    0.430679561    0.430713305
   78.738588523    0.430696924    0.430719748
   78.770083959    0.430723215    0.430726303
   78.801579394    0.430750780    0.430732877
   78.833074830    0.430771466    0.430739372
   78.864570265    0.430779750    0.430745717
   78.896065700    0.430774860    0.430751900
   78.927561136    0.430761078    0.430757972
   78.959056571    0.430746106    0.430764024
   78.990552007    0.430738108    0.430770157
   79.022047442    0.430742585    0.430776440
   79.053542878    0.430760255    0.430782885
   79.085038313    0.430786777    0.430789442
   79.116533748    0.430814407    0.430796018
   79.148029184    0.430834969    0.430802512
   79.179524619    0.430842988    0.430808856
   79.211020055    0.430837795    0.430815037
   79.242515490    0.430823792    0.430821105
   79.274010925    0.430808762    0.430827154
   79.305506361    0.430800893    0.430833286
   79.337001796    0.430805631    0.430839569
   79.368497232    0.430823595    0.430846016
   79.399992667    0.430850329    0.430852576
   79.431488102    0.430878008    0.430859154
   79.462983538    0.430898437    0.430865649
   79.494478973    0.430906195    0.430871991
   79.525974409    0.430900716    0.430878169
   79.557469844    0.430886510    0.430884233
   79.588965279    0.430871439    0.430890279
   79.620460715    0.430863702    0.430896410
   79.651956150    0.430868696    0.430902694
   79.683451586    0.430886937    0.430909143
   79.714947021    0.430913863    0.430915706
   79.746442457    0.430941576    0.430922286
   79.777937892    0.430961871    0.430928782
   79.809433327    0.430969379    0.430935122
   79.840928763    0.430963632    0.430941295
   79.872424198    0.430949242    0.430947356
   79.903919634    0.430934140    0.430953399
   79.935415069    0.430926536    0.430959528
   79.966910504    0.430931771    0.430965813
   79.998405940    0.430950269    0.430972266
   80.029901375    0.430977369    0.430978833
   80.061396811    0.431005108    0.430985415
   80.092892246    0.431025273    0.430991911
   80.124387681    0.431032547    0.430998248
   80.155883117    0.431026553    0.431004417
   80.187378552    0.431011996    0.431010472
   80.218873988    0.430996869    0.431016511
   80.250369423    0.430989389    0.431022640
   80.281864858    0.430994848    0.431028928
   80.313360294    0.431013582    0.431035386
   80.344855729    0.431040841    0.431041957
   80.376351165    0.431068603    0.431048541
   80.407846600    0.431088648    0.431055035
   80.439342036    0.431095709    0.431061368
   80.470837471    0.431089488    0.431067530
   80.502332906    0.431074777    0.431073579
   80.533828342    0.431059626    0.431079616
   80.565323777    0.431052256    0.431085747
   80.596819213    0.431057916    0.431092042
   80.628314648    0.431076866    0.431098506
   80.659810083    0.431104272    0.431105083
   80.691305519    0.431132061    0.431111668
   80.722800954    0.431152005    0.431118155
   80.754296390    0.431158875    0.431124475
   80.785791825    0.431152447    0.431130625
   80.817287260    0.431137591    0.431136667
   80.848782696    0.431122407    0.431142708
   80.880278131    0.431115128    0.431148854
   80.911773567    0.431120965    0.431155172
   80.943269002    0.431140111    0.431161660
   80.974764437    0.431167661    0.431168243
   81.006259873    0.431195488    0.431174806
   81.037755308    0.431215352    0.431181238
   81.069250744    0.431222057    0.431187478
   81.100746179    0.431215439    0.431193558
   81.132241615    0.431200439    0.431199600
   81.163737050    0.431185207    0.431205802
   81.195232485    0.431177993    0.431212388
   81.226727921    0.431183983    0.431219560
   81.258223356    0.431203311    0.431227454
   81.289718792    0.431231006    0.431236128
   81.321214227    0.431258889    0.431245574
   81.352709662    0.431278702    0.431255749
   81.384205098    0.431285265    0.431266621
   81.415700533    0.431278470    0.431278193
   81.447195969    0.431263319    0.431290520
   81.478691404    0.431248018    0.431303693
   81.510186839    0.431240841    0.431317805
   81.541682275    0.431246958    0.431332915
   81.573177710    0.431266460    0.431349025
   81.604673146    0.431294311    0.431366076
   81.636168581    0.431322276    0.431383967
   81.667664017    0.431342066    0.431402597
   81.699159452    0.431348511    0.431421898
   81.730654887    0.431341543    0.431441866
   81.762150323    0.431326227    0.431462563
   81.793645758    0.431310828    0.431484091
   81.825141194    0.431303657    0.431506557
   81.856636629    0.431309882    0.431530030
   81.888132064    0.431329556    0.431554515
   81.919627500    0.431357581    0.431579950
   81.951122935    0.431385659    0.431606230
   81.982618371    0.431405458    0.431633246
   82.014113806    0.431411802    0.431660927
   82.045609241    0.431404658    0.431689270
   82.077104677    0.431389154    0.431718337
   82.108600112    0.431373625    0.431748234
   82.140095548    0.431366428    0.431779072
   82.171590983    0.431372747    0.431810922
   82.203086418    0.431392601    0.431843789
   82.234581854    0.431420827    0.431877607
   82.266077289    0.431449054    0.431912269
   82.297572725    0.431468891    0.431947664
   82.329068160    0.431475145    0.431983721
   82.360563596    0.431467813    0.432020436
   82.392059031    0.431452089    0.432057873
   82.423554466    0.431436391    0.432096143
   82.455049902    0.431429142    0.432135357
   82.486545337    0.431435548    0.432175587
   82.518040773    0.431455600    0.432216836
   82.549536208    0.431484063    0.432259037
   82.581031643    0.431512476    0.432302079
   82.612527079    0.431532376    0.432345852
   82.644022514    0.431538542    0.432390282
   82.675517950    0.431530998    0.432435367
   82.707013385    0.431515016    0.432481176
   82.738508820    0.431499111    0.432527820
   82.770004256    0.431491788    0.432575411
   82.801499691    0.431498285    0.432624022
   82.832995127    0.431518564    0.432673653
   82.864490562    0.431547307    0.432724236
   82.895985997    0.431575945    0.432775659
   82.927481433    0.431595926    0.432827807
   82.958976868    0.431601992    0.432880610
   82.990472304    0.431594199    0.432934066
   83.021967739    0.431577912    0.432988247
   83.053463175    0.431561763    0.433043265
   83.084958610    0.431554354    0.433099235
   83.116454045    0.431560963    0.433156227
   83.147949481    0.431581512    0.433214241
   83.179444916    0.431610585    0.433273206
   83.210940352    0.431639482    0.433333007
   83.242435787    0.431659548    0.433393530
   83.273931222    0.431665484    0.433454705
   83.305426658    0.431657392    0.433516533
   83.336922093    0.431640748    0.433579085
   83.368417529    0.431624325    0.433642479
   83.399912964    0.431616835    0.433706828
   83.431408399    0.431623595    0.433772201
   83.462903835    0.431644476    0.433838598
   83.494399270    0.431673933    0.433905944
   83.525894706    0.431703115    0.433974124
   83.557390141    0.431723247    0.434043022
   83.588885576    0.431728998    0.434112568
   83.620381012    0.431720533    0.434182767
   83.651876447    0.431703475    0.434253693
   83.683371883    0.431686760    0.434325462
   83.714867318    0.431679226    0.434398190
   83.746362754    0.431686216    0.434471946
   83.777858189    0.431707517    0.434546725
   83.809353624    0.431737418    0.434622452
   83.840849060    0.431766887    0.434699009
   83.872344495    0.431787023    0.434776280
   83.903839931    0.431792480    0.434854199
   83.935335366    0.431783532    0.434932769
   83.966830801    0.431765994    0.435012068
   83.998326237    0.431749007    0.435092214
   84.029821672    0.431741535    0.435173322
   84.061317108    0.431748913    0.435255460
   84.092812543    0.431770783    0.435338621
   84.124307978    0.431801198    0.435422728
   84.155803414    0.431830898    0.435507662
   84.187298849    0.431850857    0.435593307
   84.218794285    0.431855771    0.435679597
   84.250289720    0.431846123    0.435766539
   84.281785155    0.431828029    0.435854212
   84.313280591    0.431810897    0.435942735
   84.344776026    0.431803812    0.436032224
   84.376271462    0.431812004    0.436122744
   84.407766897    0.431834796    0.436214287
   84.439262333    0.431865824    0.436306773
   84.470757768    0.431895473    0.436400082
   84.502253203    0.431914607    0.436494100
   84.533748639    0.431918145    0.436588761
   84.565244074    0.431907111    0.436684076
   84.596739510    0.431888303    0.436780124
   84.628234945    0.431871692    0.436877026
   84.659730380    0.431866506    0.436974896
   84.691225816    0.431877508    0.437073798
   84.722721251    0.431902940    0.437173722
   84.754216687    0.431934990    0.437274586
   84.785712122    0.431962718    0.437376269
   84.817207557    0.431976426    0.437478659
   84.848702993    0.431971883    0.437581692
   84.880198428    0.431952825    0.437685379
   84.911693864    0.431930758    0.437789804
   84.943189299    0.431922041    0.437895086
   84.974684734    0.431943219    0.438001339
   85.006180170    0.432006208    0.438108623
   85.037675605    0.432114986    0.438216927
   85.069171041    0.432264889    0.438326167
   85.100666476    0.432444675    0.438436223
   85.132161912    0.432640533    0.438546983
   85.163657347    0.432840537    0.438658387
   85.195152782    0.433037962    0.438770449
   85.226648218    0.433232350    0.438883252
   85.258143653    0.433428111    0.438996918
   85.289639089    0.433631361    0.439111555
   85.321134524    0.433846361    0.439227223
   85.352629959    0.434073000    0.439343905
   85.384125395    0.434306311    0.439461517
   85.415620830    0.434538171    0.439579941
   85.447116266    0.434760466    0.439699068
   85.478611701    0.434968386    0.439818841
   85.510107136    0.435162507    0.439939280
   85.541602572    0.435348777    0.440060469
   85.573098007    0.435536354    0.440182523
   85.604593443    0.435734116    0.440305549
   85.636088878    0.435947202    0.440429600
   85.667584313    0.436174943    0.440554656
   85.699079749    0.436411017    0.440680635
   85.730575184    0.436645801    0.440807424
   85.762070620    0.436870046    0.440934923
   85.793566055    0.437078447    0.441063077
   85.825061491    0.437271738    0.441191894
   85.856556926    0.437456472    0.441321420
   85.888052361    0.437642554    0.441451705
   85.919547797    0.437839457    0.441582752
   85.951043232    0.438052564    0.441714479
   85.982538668    0.438281071    0.441846710
   86.014034103    0.438518240    0.441979205
   86.045529538    0.438753958    0.442111706
   86.077024974    0.438978602    0.442244008
   86.108520409    0.439186752    0.442376004
   86.140015845    0.439379297    0.442507711
   86.171511280    0.439563139    0.442639248
   86.203006715    0.439748562    0.442770790
   86.234502151    0.439945300    0.442902499
   86.265997586    0.440158783    0.443034464
   86.297493022    0.440388023    0.443166678
   86.328988457    0.440625969    0.443299035
   86.360483893    0.440862184    0.443431380
   86.391979328    0.441086848    0.443563567
   86.423474763    0.441294545    0.443695511
   86.454970199    0.441486362    0.443827224
   86.486465634    0.441669500    0.443958805
   86.517961070    0.441854534    0.444090400
   86.549456505    0.442051348    0.444222152
   86.580951940    0.442265335    0.444354139
   86.612447376    0.442495298    0.444486349
   86.643942811    0.442733889    0.444618686
   86.675438247    0.442970411    0.444751004
   86.706933682    0.443194923    0.444883168
   86.738429117    0.443402075    0.445015100
   86.769924553    0.443593175    0.445146812
   86.801419988    0.443775715    0.445278402
   86.832915424    0.443960508    0.445410011
   86.864410859    0.444157534    0.445541775
   86.895906294    0.444372095    0.445673770
   86.927401730    0.444602764    0.445805980
   86.958897165    0.444841908    0.445938312
   86.990392601    0.445078608    0.446070621
   87.021888036    0.445302857    0.446202775
   87.053383472    0.445509408    0.446334701
   87.084878907    0.445699813    0.446466410
   87.116374342    0.445881843    0.446598001
   87.147869778    0.446066512    0.446729615
   87.179365213    0.446263847    0.446861385
   87.210860649    0.446479026    0.446993383
   87.242356084    0.446710373    0.447125596
   87.273851519    0.446949982    0.447257926
   87.305346955    0.447186751    0.447390232
   87.336842390    0.447410645    0.447522381
   87.368337826    0.447616563    0.447654302
   87.399833261    0.447806309    0.447786008
   87.431328696    0.447987918    0.447917598
   87.462824132    0.448172571    0.448049212
   87.494319567    0.448370300    0.448180984
   87.525815003    0.448586123    0.448312985
   87.557310438    0.448818103    0.448445200
   87.588805873    0.449058082    0.448577531
   87.620301309    0.449294809    0.448709837
   87.651796744    0.449518269    0.448841983
   87.683292180    0.449723535    0.448973899
   87.714787615    0.449912675    0.449105602
   87.746283051    0.450093967    0.449237188
   87.777778486    0.450278718    0.449368801
   87.809273921    0.450476918    0.449500574
   87.840769357    0.450693395    0.449632578
   87.872264792    0.450925946    0.449764797
   87.903760228    0.451166182    0.449897130
   87.935255663    0.451402749    0.450029435
   87.966751098    0.451625696    0.450161580
   87.998246534    0.451830306    0.450293491
   88.029741969    0.452018913    0.450425188
   88.061237405    0.452200013    0.450556770
   88.092732840    0.452384990    0.450688382
   88.124228275    0.452583744    0.450820157
   88.155723711    0.452800874    0.450952165
   88.187219146    0.453033909    0.451084387
   88.218714582    0.453274261    0.451216723
   88.250210017    0.453510524    0.451349028
   88.281705452    0.453732871    0.451481167
   88.313200888    0.453936830    0.451613072
   88.344696323    0.454125007    0.451744763
   88.376191759    0.454306078    0.451876342
   88.407687194    0.454491446    0.452007956
   88.439182630    0.454690852    0.452139738
   88.470678065    0.454908624    0.452271755
   88.502173500    0.455142022    0.452403984
   88.533668936    0.455382295    0.452536318
   88.565164371    0.455618060    0.452668609
   88.596659807    0.455839689    0.452800727
   88.628155242    0.456043010    0.452932610
   88.659650677    0.456230906    0.453064293
   88.691146113    0.456412187    0.453195890
   88.722641548    0.456598186    0.453327554
   88.754136984    0.456798392    0.453459411
   88.785632419    0.457016794    0.453591495
   88.817127854    0.457250367    0.453723722
   88.848623290    0.457490256    0.453855896
   88.880118725    0.457725210    0.453987750
   88.911614161    0.457945924    0.454119018
   88.943109596    0.458148620    0.454249496
   88.974605031    0.458336478    0.454379086
   89.006100467    0.458518375    0.454507796
   89.037595902    0.458705432    0.454635711
   89.069091338    0.458906712    0.454762930
   89.100586773    0.459125732    0.454889517
   89.132082209    0.459359145    0.455015459
   89.163577644    0.459598081    0.455140664
   89.195073079    0.459831620    0.455264998
   89.226568515    0.460051031    0.455388332
   89.258063950    0.460253129    0.455510595
   89.289559386    0.460441450    0.455631806
   89.321054821    0.460624797    0.455752065
   89.352550256    0.460813765    0.455871517
   89.384045692    0.461016608    0.455990300
   89.415541127    0.461236077    0.456108487
   89.447036563    0.461468480    0.456226059
   89.478531998    0.461705272    0.456342913
   89.510027433    0.461936518    0.456458898
   89.541522869    0.462154774    0.456573873
   89.573018304    0.462357755    0.456687763
   89.604513740    0.462548668    0.456800587
   89.636009175    0.462733984    0.456912451
   89.667504610    0.462919536    0.457023509
   89.699000046    0.463106538    0.457133903
   89.730495481    0.463289254    0.457243711
   89.761990917    0.463455471    0.457352914
   89.793486352    0.463589859    0.457461403
   89.824981788    0.463679158    0.457569021
   89.856477223    0.463717338    0.457675625
   89.887972658    0.463708755    0.457781135
   89.919468094    0.463667970    0.457885573
   89.950963529    0.463616084    0.457989047
   89.982458965    0.463574699    0.458091716
   90.013954400    0.463559530    0.458193727
   90.045449835    0.463575898    0.458295159
   90.076945271    0.463617683    0.458395992
   90.108440706    0.463670123    0.458496113
   90.139936142    0.463715459    0.458595363
   90.171431577    0.463739425    0.458693592
   90.202927012    0.463736262    0.458790722
   90.234422448    0.463710510    0.458886773
   90.265917883    0.463674992    0.458981857
   90.297413319    0.463645816    0.459076139
   90.328908754    0.463636281    0.459169769
   90.360404189    0.463651972    0.459262826
   90.391899625    0.463688820    0.459355288
   90.423395060    0.463734823    0.459447042
   90.454890496    0.463774709    0.459537923
   90.486385931    0.463795760    0.459627777
   90.517881367    0.463792592    0.459716525
   90.549376802    0.463769097    0.459804188
   90.580872237    0.463736861    0.459890884
   90.612367673    0.463710677    0.459976779
   90.643863108    0.463702891    0.460062026
   90.675358544    0.463718730    0.460146708
   90.706853979    0.463754372    0.460230802
   90.738349414    0.463798468    0.460314188
   90.769844850    0.463836522    0.460396699
   90.801340285    0.463856431    0.460478178
   90.832835721    0.463853087    0.460558543
   90.864331156    0.463830284    0.460637819
   90.895826591    0.463799228    0.460716125
   90.927322027    0.463774225    0.460793633
   90.958817462    0.463767215    0.460870499
   90.990312898    0.463783221    0.460946806
   91.021808333    0.463818457    0.461022530
   91.053303768    0.463861806    0.461097549
   91.084799204    0.463899082    0.461171690
   91.116294639    0.463918456    0.461244793
   91.147790075    0.463914963    0.461316776
   91.179285510    0.463892386    0.461387664
   91.210780946    0.463861788    0.461457581
   91.242276381    0.463837282    0.461526701
   91.273771816    0.463830630    0.461595185
   91.305267252    0.463846761    0.461663117
   91.336762687    0.463881892    0.461730472
   91.368258123    0.463924985    0.461797124
   91.399753558    0.463961971    0.461862894
   91.431248993    0.463981118    0.461927622
   91.462744429    0.463977519    0.461991222
   91.494239864    0.463954955    0.462053722
   91.525735300    0.463924454    0.462115247
   91.557230735    0.463900075    0.462175980
   91.588726170    0.463893541    0.462236082
   91.620221606    0.463909758    0.462295639
   91.651717041    0.463944943    0.462354624
   91.683212477    0.463988066    0.462412908
   91.714707912    0.464025056    0.462470308
   91.746203348    0.464044175    0.462526660
   91.777698783    0.464040503    0.462581877
   91.809194218    0.464017823    0.462635987
   91.840689654    0.463987182    0.462689122
   91.872185089    0.463962682    0.462741466
   91.903680525    0.463956097    0.462793186
   91.935175960    0.463972372    0.462844367
   91.966671395    0.464007726    0.462894982
   91.998166831    0.464051084    0.462944897
   92.029662266    0.464088293    0.462993927
   92.061157702    0.464107528    0.463041901
   92.092653137    0.464103805    0.463088734
   92.124148572    0.464080904    0.463134455
   92.155644008    0.464049938    0.463179198
   92.187139443    0.464025125    0.463223152
   92.218634879    0.464018363    0.463266489
   92.250130314    0.464034681    0.463309293
   92.281625749    0.464070303    0.463351536
   92.313121185    0.464114067    0.463393082
   92.344616620    0.464151672    0.463433739
   92.376112056    0.464171135    0.463473335
   92.407607491    0.464167369    0.463511783
   92.439102927    0.464144149    0.463549114
   92.470598362    0.464112696    0.463585465
   92.502093797    0.464087406    0.463621028
   92.533589233    0.464080367    0.463655979
   92.565084668    0.464096728    0.463690404
   92.596580104    0.464132715    0.463724273
   92.628075539    0.464177041    0.463757446
   92.659570974    0.464215195    0.463789728
   92.691066410    0.464234975    0.463820945
   92.722561845    0.464231159    0.463851007
   92.754057281    0.464207522    0.463879946
   92.785552716    0.464175429    0.463907903
   92.817048151    0.464149518    0.463935074
   92.848543587    0.464142121    0.463961636
   92.880039022    0.464158539    0.463987679
   92.911534458    0.464194993    0.464013168
   92.943029893    0.464240030    0.464037963
   92.974525328    0.464278869    0.464061866
   93.006020764    0.464299039    0.464084699
   93.037516199    0.464295151    0.464106373
   93.069011635    0.464270991    0.464126919
   93.100507070    0.464238112    0.464146482
   93.132002506    0.464211450    0.464165259
   93.163497941    0.464203631    0.464183429
   93.194993376    0.464220134    0.464201080
   93.226488812    0.464257163    0.464218180
   93.257984247    0.464303056    0.464234587
   93.289479683    0.464342705    0.464250102
   93.320975118    0.464363320    0.464264546
   93.352470553    0.464359325    0.464277829
   93.383965989    0.464334532    0.464289982
   93.415461424    0.464300724    0.464301145
   93.446956860    0.464273191    0.464311514
   93.478452295    0.464264902    0.464321271
   93.509947730    0.464281530    0.464330522
   93.541443166    0.464319247    0.464339271
   93.572938601    0.464366136    0.464347440
   93.604434037    0.464406709    0.464354925
   93.635929472    0.464427810    0.464361678
   93.667424907    0.464423663    0.464367758
   93.698920343    0.464398120    0.464373356
   93.730415778    0.464363242    0.464378758
   93.761911214    0.464334729    0.464384272
   93.793406649    0.464325934    0.464390142
   93.824902085    0.464342738    0.464396465
   93.856397520    0.464381261    0.464403176
   93.887892955    0.464429286    0.464410065
   93.919388391    0.464470886    0.464416866
   93.950883826    0.464492504    0.464423347
   93.982379262    0.464488147    0.464429399
   94.013874697    0.464461734    0.464435074
   94.045370132    0.464425650    0.464440560
   94.076865568    0.464396056    0.464446115
   94.108361003    0.464386731    0.464451964
   94.139856439    0.464403773    0.464458219
   94.171351874    0.464443223    0.464464832
   94.202847309    0.464492517    0.464471618
   94.234342745    0.464535241    0.464478324
   94.265838180    0.464557394    0.464484722
   94.297333616    0.464552763    0.464490698
   94.328829051    0.464525356    0.464496296
   94.360324486    0.464487930    0.464501699
   94.391819922    0.464457163    0.464507159
   94.423315357    0.464447290    0.464512906
   94.454810793    0.464464636    0.464519053
