    0.000000000    0.879100519    0.879017895
    0.028345892    0.879050346    0.879021739
    0.056691784    0.879000964    0.879025584
    0.085037676    0.878969594    0.879029598
    0.113383567    0.878967761    0.879033884
    0.141729459    0.878997697    0.879038450
    0.170075351    0.879051677    0.879043207
    0.198421243    0.879114471    0.879047992
    0.226767135    0.879168140    0.879052618
    0.255113027    0.879197661    0.879056927
    0.283458919    0.879195616    0.879060841
    0.311804811    0.879164484    0.879064379
    0.340150702    0.879115823    0.879067658
    0.368496594    0.879066628    0.879070852
    0.396842486    0.879033993    0.879074140
    0.425188378    0.879029775    0.879077656
    0.453534270    0.879056912    0.879081439
    0.481880162    0.879108546    0.879085427
    0.510226054    0.879170200    0.879089469
    0.538571946    0.879224329    0.879093374
    0.566917837    0.879255803    0.879096965
    0.595263729    0.879256609    0.879100134
    0.623609621    0.879228318    0.879102873
    0.651955513    0.879181558    0.879105278
    0.680301405    0.879132660    0.879107518
    0.708647297    0.879098554    0.879109783
    0.736993189    0.879091500    0.879112222
    0.765339080    0.879115292    0.879114902
    0.793684972    0.879164115    0.879117779
    0.822030864    0.879224393    0.879120713
    0.850376756    0.879279040    0.879123508
    0.878722648    0.879312779    0.879125972
    0.907068540    0.879316884    0.879127972
    0.935414432    0.879291857    0.879129478
    0.963760324    0.879247240    0.879130569
    0.992106215    0.879198617    0.879131406
    1.020452107    0.879162760    0.879132186
    1.048797999    0.879152422    0.879133074
    1.077143891    0.879172396    0.879134156
    1.105489783    0.879218060    0.879135404
    1.133835675    0.879276838    0.879136686
    1.162181567    0.879332123    0.879137802
    1.190527458    0.879368433    0.879138546
    1.218873350    0.879376203    0.879138766
    1.247219242    0.879354726    0.879138409
    1.275565134    0.879312352    0.879137538
    1.303911026    0.879263877    0.879136307
    1.332256918    0.879225950    0.879134915
    1.360602810    0.879211915    0.879133542
    1.388948702    0.879227692    0.879132286
    1.417294593    0.879269959    0.879131134
    1.445640485    0.879327195    0.879129960
    1.473986377    0.879383259    0.879128563
    1.502332269    0.879422386    0.879126722
    1.530678161    0.879434064    0.879124266
    1.559024053    0.879416274    0.879121123
    1.587369945    0.879376111    0.879117338
    1.615715837    0.879327579    0.879113058
    1.644061728    0.879287259    0.879108480
    1.672407620    0.879269178    0.879103792
    1.700753512    0.879280476    0.879099105
    1.729099404    0.879319195    0.879094416
    1.757445296    0.879374886    0.879089605
    1.785791188    0.879431834    0.879084468
    1.814137080    0.879473918    0.879078774
    1.842482971    0.879489596    0.879072333
    1.870828863    0.879475475    0.879065052
    1.899174755    0.879437375    0.879056958
    1.927520647    0.879388531    0.879048185
    1.955866539    0.879345515    0.879038929
    1.984212431    0.879323110    0.879029378
    2.012558323    0.879329728    0.879019652
    2.040904215    0.879364799    0.879009758
    2.069250106    0.879418926    0.878999581
    2.097595998    0.879476775    0.878988913
    2.125941890    0.879521809    0.878977512
    2.154287782    0.879541409    0.878965171
    2.182633674    0.879530789    0.878951776
    2.210979566    0.879494506    0.878937331
    2.239325458    0.879445072    0.878921954
    2.267671349    0.879399095    0.878905833
    2.296017241    0.879372151    0.878889154
    2.324363133    0.879373941    0.878872042
    2.352709025    0.879405263    0.878854508
    2.381054917    0.879457735    0.878836441
    2.409400809    0.879516358    0.878817631
    2.437746701    0.879564148    0.878797824
    2.466092593    0.879587401    0.878776796
    2.494438484    0.879579963    0.878754406
    2.522784376    0.879545168    0.878730636
    2.551130268    0.879494843    0.878705581
    2.579476160    0.879445666    0.878679412
    2.607822052    0.879414002    0.878652309
    2.636167944    0.879410811    0.878624395
    2.664513836    0.879438214    0.878595685
    2.692859728    0.879488794    0.878566068
    2.721205619    0.879547859    0.878535330
    2.749551511    0.879597984    0.878503207
    2.777897403    0.879624416    0.878469452
    2.806243295    0.879619685    0.878433898
    2.834589187    0.879585960    0.878396496
    2.862935079    0.879534415    0.878357311
    2.891280971    0.879481792    0.878316491
    2.919626862    0.879445205    0.878274200
    2.947972754    0.879436805    0.878230555
    2.976318646    0.879459966    0.878185567
    3.004664538    0.879508197    0.878139126
    3.033010430    0.879567110    0.878091011
    3.061356322    0.879618879    0.878040944
    3.089702214    0.879647781    0.877988655
    3.118048106    0.879645109    0.877933944
    3.146393997    0.879611923    0.877876722
    3.174739889    0.879558759    0.877817017
    3.203085781    0.879502378    0.877754942
    3.231431673    0.879460557    0.877690637
    3.259777565    0.879446544    0.877624203
    3.288123457    0.879464891    0.877555645
    3.316469349    0.879510000    0.877484845
    3.344815240    0.879567823    0.877411576
    3.373161132    0.879620217    0.877335542
    3.401507024    0.879650594    0.877256444
    3.429852916    0.879649110    0.877174042
    3.458198808    0.879615761    0.877088198
    3.486544700    0.879560423    0.876998891
    3.514890592    0.879499796    0.876906187
    3.543236484    0.879452203    0.876810190
    3.571582375    0.879431867    0.876710975
    3.599928267    0.879444446    0.876608531
    3.628274159    0.879485230    0.876502731
    3.656620051    0.879540581    0.876393335
    3.684965943    0.879592162    0.876280026
    3.713311835    0.879622654    0.876162470
    3.741657727    0.879621170    0.876040377
    3.770003619    0.879586675    0.875913551
    3.798349510    0.879528329    0.875781903
    3.826695402    0.879462648    0.875645439
    3.855041294    0.879408351    0.875504210
    3.883387186    0.879380510    0.875358255
    3.911733078    0.879385825    0.875207539
    3.940078970    0.879420504    0.875051917
    3.968424862    0.879471423    0.874891133
    3.996770753    0.879520204    0.874724842
    4.025116645    0.879548946    0.874552670
    4.053462537    0.879545812    0.874374266
    4.081808429    0.879508735    0.874189358
    4.110154321    0.879446069    0.873997776
    4.138500213    0.879373990    0.873799446
    4.166846105    0.879311441    0.873594349
    4.195191997    0.879274216    0.873382472
    4.223537888    0.879270011    0.873163744
    4.251883780    0.879296010    0.872937997
    4.280229672    0.879339746    0.872704953
    4.308575564    0.879382979    0.872464238
    4.336921456    0.879407377    0.872215427
    4.365267348    0.879400232    0.871958099
    4.393613240    0.879358415    0.871691892
    4.421959131    0.879289348    0.871416532
    4.450305023    0.879208681    0.871131842
    4.478650915    0.879135399    0.870837713
    4.506996807    0.879085893    0.870534062
    4.535342699    0.879068838    0.870220772
    4.563688591    0.879082484    0.869897645
    4.592034483    0.879115188    0.869564379
    4.620380375    0.879149041    0.869220569
    4.648726266    0.879165432    0.868865736
    4.677072158    0.879150837    0.868499379
    4.705418050    0.879101010    0.868121026
    4.733763942    0.879022283    0.867730275
    4.762109834    0.878929572    0.867326820
    4.790455726    0.878841714    0.866910435
    4.818801618    0.878775586    0.866480944
    4.847147510    0.878740846    0.866038170
    4.875493401    0.878736924    0.865581884
    4.903839293    0.878753193    0.865111762
    4.932185185    0.878772274    0.864627369
    4.960531077    0.878775419    0.864128174
    4.988876969    0.878748325    0.863613583
    5.017222861    0.878685540    0.863082992
    5.045568753    0.878592126    0.862535841
    5.073914644    0.878482044    0.861971651
    5.102260536    0.878373792    0.861390040
    5.130606428    0.878284633    0.860790709
    5.158952320    0.878225231    0.860173402
    5.187298212    0.878196329    0.859537849
    5.215644104    0.878188519    0.858883713
    5.243989996    0.878185153    0.858210541
    5.272335888    0.878167479    0.857517748
    5.300681779    0.878120429    0.856804636
    5.329027671    0.878037241    0.856070435
    5.357373563    0.877921504    0.855314365
    5.385719455    0.877785996    0.854535707
    5.414065347    0.877648682    0.853733850
    5.442411239    0.877527125    0.852908310
    5.470757131    0.877433023    0.852058717
    5.499103022    0.877368583    0.851184755
    5.527448914    0.877325822    0.850286083
    5.555794806    0.877289020    0.849362252
    5.584140698    0.877239544    0.848412642
    5.612486590    0.877161566    0.847436429
    5.640832482    0.877046891    0.846432617
    5.669178374    0.876897424    0.845400105
    5.697524266    0.876724520    0.844337798
    5.725870157    0.876545422    0.843244715
    5.754216049    0.876377893    0.842120074
    5.782561941    0.876234709    0.840963327
    5.810907833    0.876119681    0.839774116
    5.839253725    0.876026461    0.838552163
    5.867599617    0.875940454    0.837297120
    5.895945509    0.875843264    0.836008405
    5.924291401    0.875718303    0.834685087
    5.952637292    0.875555813    0.833325846
    5.980983184    0.875355797    0.831929043
    6.009329076    0.875127940    0.830492890
    6.037674968    0.874888552    0.829015684
    6.066020860    0.874655499    0.827496041
    6.094366752    0.874442652    0.825933075
    6.122712644    0.874255571    0.824326433
    6.151058535    0.874089743    0.822676175
    6.179404427    0.873931902    0.820982492
    6.207750319    0.873764017    0.819245314
    6.236096211    0.873568744    0.817463923
    6.264442103    0.873334643    0.815636655
    6.292787995    0.873059589    0.813760827
    6.321133887    0.872751327    0.811832943
    6.349479779    0.872425009    0.809849186
    6.377825670    0.872098465    0.807806148
    6.406171562    0.871786662    0.805701643
    6.434517454    0.871497035    0.803535448
    6.462863346    0.871227113    0.801309781
    6.491209238    0.870965174    0.799029383
    6.519555130    0.870693709    0.796701129
    6.547901022    0.870394648    0.794333197
    6.576246913    0.870054755    0.791933933
    6.604592805    0.869669544    0.789510601
    6.632938697    0.869244526    0.787068268
    6.661284589    0.868793413    0.784609038
    6.689630481    0.868333814    0.782131782
    6.717976373    0.867881749    0.779632430
    6.746322265    0.867446629    0.777104734
    6.774668157    0.867028249    0.774541358
    6.803014048    0.866616682    0.771935050
    6.831359940    0.866195141    0.769279666
    6.859705832    0.865744907    0.766570844
    6.888051724    0.865250856    0.763806231
    6.916397616    0.864705890    0.760985267
    6.944743508    0.864112940    0.758108631
    6.973089400    0.863483921    0.755177531
    7.001435292    0.862835960    0.752193043
    7.029781183    0.862186026    0.749155674
    7.058127075    0.861545601    0.746065250
    7.086472967    0.860916983    0.742921138
    7.114818859    0.860292371    0.739722716
    7.143164751    0.859655983    0.736469942
    7.171510643    0.858988601    0.733163865
    7.199856535    0.858273151    0.729806908
    7.228202426    0.857499651    0.726402876
    7.256548318    0.856668025    0.722956670
    7.284894210    0.855787927    0.719473801
    7.313240102    0.854875621    0.715959850
    7.341585994    0.853948852    0.712420009
    7.369931886    0.853021243    0.708858828
    7.398277778    0.852097910    0.705280229
    7.426623670    0.851173607    0.701687761
    7.454969561    0.850233985    0.698085000
    7.483315453    0.849259579    0.694475966
    7.511661345    0.848231351    0.690865412
    7.540007237    0.847136119    0.687258892
    7.568353129    0.845970249    0.683662561
    7.596699021    0.844740497    0.680082747
    7.625044913    0.843461725    0.676525381
    7.653390804    0.842152171    0.672995431
    7.681736696    0.840827676    0.669496444
    7.710082588    0.839496579    0.666030294
    7.738428480    0.838156815    0.662597162
    7.766774372    0.836796098    0.659195710
    7.795120264    0.835395145    0.655823365
    7.823466156    0.833933003    0.652476609
    7.851812048    0.832392912    0.649151186
    7.880157939    0.830766952    0.645842176
    7.908503831    0.829058094    0.642543946
    7.936849723    0.827279025    0.639250023
    7.965195615    0.825448065    0.635952993
    7.993541507    0.823583362    0.632644504
    8.021887399    0.821697074    0.629315435
    8.050233291    0.819791245    0.625956247
    8.078579183    0.817856632    0.622557462
    8.106925074    0.815874831    0.619110191
    8.135270966    0.813823143    0.615606609
    8.163616858    0.811680758    0.612040270
    8.191962750    0.809434458    0.608406230
    8.220308642    0.807082167    0.604700974
    8.248654534    0.804633265    0.600922205
    8.277000426    0.802105524    0.597068590
    8.305346317    0.799519523    0.593139565
    8.333692209    0.796892121    0.589135263
    8.362038101    0.794230886    0.585056596
    8.390383993    0.791531130    0.580905445
    8.418729885    0.788776458    0.576684884
    8.447075777    0.785942752    0.572399326
    8.475421669    0.783004499    0.568054500
    8.503767561    0.779941680    0.563657207
    8.532113452    0.776745229    0.559214872
    8.560459344    0.773419426    0.554734963
    8.588805236    0.769980456    0.550224408
    8.617151128    0.766451429    0.545689127
    8.645497020    0.762855215    0.541133813
    8.673842912    0.759207076    0.536561980
    8.702188804    0.755509268    0.531976280
    8.730534695    0.751749210    0.527378977
    8.758880587    0.747901921    0.522772446
    8.787226479    0.743936160    0.518159551
    8.815572371    0.739822650    0.513543799
    8.843918263    0.735542081    0.508929211
    8.872264155    0.731090540    0.504319970
    8.900610047    0.726480686    0.499719941
    8.928955939    0.721738092    0.495132208
    8.957301830    0.716893589    0.490558769
    8.985647722    0.711973620    0.486000497
    9.013993614    0.706991333    0.481457362
    9.042339506    0.701941040    0.476928871
    9.070685398    0.696797884    0.472414567
    9.099031290    0.691523130    0.467914459
    9.127377182    0.686073884    0.463429202
    9.155723074    0.680414667    0.458959975
    9.184068965    0.674527558    0.454508058
    9.212414857    0.668417803    0.450074206
    9.240760749    0.662112900    0.445658019
    9.269106641    0.655654925    0.441257483
    9.297452533    0.649087880    0.436868877
    9.325798425    0.642443404    0.432487131
    9.354144317    0.635728988    0.428106615
    9.382490208    0.628922433    0.423722233
    9.410836100    0.621974731    0.419330597
    9.439181992    0.614821270    0.414931040
    9.467527884    0.607398762    0.410526210
    9.495873776    0.599663319    0.406122120
    9.524219668    0.591604368    0.401727599
    9.552565560    0.583249774    0.397353251
    9.580911452    0.574659737    0.393010124
    9.609257343    0.565910133    0.388708342
    9.637603235    0.557069198    0.384455972
    9.665949127    0.548173891    0.380258330
    9.694295019    0.539213039    0.376117827
    9.722640911    0.530123158    0.372034326
    9.750986803    0.520799733    0.368005907
    9.779332695    0.511122412    0.364029807
    9.807678586    0.500988257    0.360103335
    9.836024478    0.490344048    0.356224554
    9.864370370    0.479207772    0.352392613
    9.892716262    0.467671363    0.348607706
    9.921062154    0.455881223    0.344870717
    9.949408046    0.443999150    0.341182698
    9.977753938    0.432152344    0.337544322
   10.006099830    0.420385614    0.333955479
   10.034445721    0.408630155    0.330415101
   10.062791613    0.396700710    0.326921236
   10.091137505    0.384326756    0.323471343
   10.119483397    0.371214872    0.320062685
   10.147829289    0.357130672    0.316692715
   10.176175181    0.341981943    0.313359336
   10.204521073    0.325881919    0.310060964
   10.232866965    0.309174001    0.306796382
   10.261212856    0.292406663    0.303564433
   10.289558748    0.276258207    0.300363643
   10.317904640    0.261423045    0.297191892
   10.346250532    0.248481324    0.294046236
   10.374596424    0.237779293    0.290922936
   10.402942316    0.229347267    0.287817726
   10.431288208    0.222874991    0.284726250
   10.459634099    0.217752251    0.281644588
   10.487979991    0.213168209    0.278569739
   10.516325883    0.208249726    0.275499942
   10.544671775    0.202209961    0.272434750
   10.573017667    0.194476149    0.269374811
   10.601363559    0.184770296    0.266321400
   10.629709451    0.173127485    0.263275788
   10.658055343    0.159850931    0.260238584
   10.686401234    0.145417333    0.257209213
   10.714747126    0.130356977    0.254185650
   10.743093018    0.115137707    0.251164518
   10.771438910    0.100079433    0.248141543
   10.799784802    0.085316911    0.245112317
   10.828130694    0.070815587    0.242073218
   10.856476586    0.056431763    0.239022301
   10.884822477    0.041997601    0.235959981
   10.913168369    0.027406267    0.232889312
   10.941514261    0.012673997    0.229815792
   10.969860153   -0.002036677    0.226746675
   10.998206045   -0.016436951    0.223689896
   11.026551937   -0.030167426    0.220652781
   11.054897829   -0.042872418    0.217640772
   11.083243721   -0.054271477    0.214656418
   11.111589612   -0.064208361    0.211698798
   11.139935504   -0.072664775    0.208763502
   11.168281396   -0.079736521    0.205843154
   11.196627288   -0.085580395    0.202928372
   11.224973180   -0.090348128    0.200008974
   11.253319072   -0.094126916    0.197075193
   11.281664964   -0.096903667    0.194118671
   11.310010856   -0.098563040    0.191133082
   11.338356747   -0.098919582    0.188114303
   11.366702639   -0.097774755    0.185060161
   11.395048531   -0.094982959    0.181969881
   11.423394423   -0.090508620    0.178843418
   11.451740315   -0.084459440    0.175680848
   11.480086207   -0.077087995    0.172481979
   11.508432099   -0.068762820    0.169246250
   11.536777990   -0.059918358    0.165972926
   11.565123882   -0.050998316    0.162661484
   11.593469774   -0.042407692    0.159312076
   11.621815666   -0.034485031    0.155925902
   11.650161558   -0.027499494    0.152505402
   11.678507450   -0.021669424    0.149054195
   11.706853342   -0.017192514    0.145576806
   11.735199234   -0.014274524    0.142078251
   11.763545125   -0.013144474    0.138563604
   11.791891017   -0.014049125    0.135037678
   11.820236909   -0.017226601    0.131504888
   11.848582801   -0.022866122    0.127969328
   11.876928693   -0.031065698    0.124435017
   11.905274585   -0.041800823    0.120906217
   11.933620477   -0.054914277    0.117387715
   11.961966368   -0.070131059    0.113884941
   11.990312260   -0.087095043    0.110403888
   12.018658152   -0.105417489    0.106950823
   12.047004044   -0.124724116    0.103531849
   12.075349936   -0.144688013    0.100152436
   12.103695828   -0.165040242    0.096817027
   12.132041720   -0.185557076    0.093528815
   12.160387612   -0.206030353    0.090289728
   12.188733503   -0.226232936    0.087100590
   12.217079395   -0.245893157    0.083961385
   12.245425287   -0.264689556    0.080871500
   12.273771179   -0.282270950    0.077829845
   12.302117071   -0.298298761    0.074834782
   12.330462963   -0.312500910    0.071883861
   12.358808855   -0.324721991    0.068973425
   12.387154747   -0.334954237    0.066098214
   12.415500638   -0.343338373    0.063251091
   12.443846530   -0.350131489    0.060423033
   12.472192422   -0.355648439    0.057603426
   12.500538314   -0.360191088    0.054780670
   12.528884206   -0.363983779    0.051942989
   12.557230098   -0.367132214    0.049079302
   12.585575990   -0.369616809    0.046179986
   12.613921881   -0.371322082    0.043237390
   12.642267773   -0.372093489    0.040246027
   12.670613665   -0.371805145    0.037202433
   12.698959557   -0.370418654    0.034104795
   12.727305449   -0.368015599    0.030952467
   12.755651341   -0.364793817    0.027745537
   12.783997233   -0.361028162    0.024484568
   12.812343125   -0.357007114    0.021170558
   12.840689016   -0.352964141    0.017805126
   12.869034908   -0.349024952    0.014390803
   12.897380800   -0.345187720    0.010931335
   12.925726692   -0.341344155    0.007431836
   12.954072584   -0.337337221    0.003898729
   12.982418476   -0.333039969    0.000339433
   13.010764368   -0.328432414   -0.003238119
   13.039110259   -0.323652239   -0.006826043
   13.067456151   -0.319000734   -0.010416977
   13.095802043   -0.314896698   -0.014004355
   13.124147935   -0.311785061   -0.017582414
   13.152493827   -0.310020045   -0.021145936
   13.180839719   -0.309751178   -0.024689834
   13.209185611   -0.310841881   -0.028208719
   13.237531503   -0.312844180   -0.031696616
   13.265877394   -0.315040441   -0.035146947
   13.294223286   -0.316547277   -0.038552827
   13.322569178   -0.316461567   -0.041907637
   13.350915070   -0.314017942   -0.045205717
   13.379260962   -0.308723711   -0.048443023
   13.407606854   -0.300441938   -0.051617532
   13.435952746   -0.289405099   -0.054729292
   13.464298638   -0.276157563   -0.057780056
   13.492644529   -0.261441113   -0.060772602
   13.520990421   -0.246050058   -0.063709889
   13.549336313   -0.230688250   -0.066594290
   13.577682205   -0.215858360   -0.069427107
   13.606028097   -0.201804789   -0.072208519
   13.634373989   -0.188518051   -0.074937989
   13.662719881   -0.175793870   -0.077615019
   13.691065772   -0.163328043   -0.080240054
   13.719411664   -0.150821316   -0.082815235
   13.747757556   -0.138068291   -0.085344763
   13.776103448   -0.125010511   -0.087834672
   13.804449340   -0.111744377   -0.090292000
   13.832795232   -0.098486643   -0.092723451
   13.861141124   -0.085510697   -0.095133843
   13.889487016   -0.073073284   -0.097524667
   13.917832907   -0.061352288   -0.099893122
   13.946178799   -0.050411798   -0.102231888
   13.974524691   -0.040202349   -0.104529767
   14.002870583   -0.030594344   -0.106773099
   14.031216475   -0.021433701   -0.108947738
   14.059562367   -0.012603170   -0.111041183
   14.087908259   -0.004071620   -0.113044461
   14.116254150    0.004082823   -0.114953386
   14.144600042    0.011682706   -0.116768942
   14.172945934    0.018492308   -0.118496729
   14.201291826    0.024279551   -0.120145602
   14.229637718    0.028882779   -0.121725792
   14.257983610    0.032264778   -0.123246890
   14.286329502    0.034539115   -0.124716085
   14.314675394    0.035960374   -0.126136976
   14.343021285    0.036878552   -0.127509138
   14.371367177    0.037666741   -0.128828448
   14.399713069    0.038638198   -0.130088037
   14.428058961    0.039972230   -0.131279605
   14.456404853    0.041667332   -0.132394804
   14.484750745    0.043534552   -0.133426397
   14.513096637    0.045235508   -0.134369021
   14.541442529    0.046359384   -0.135219443
   14.569788420    0.046524015   -0.135976367
   14.598134312    0.045479742   -0.136639933
   14.626480204    0.043192775   -0.137211068
   14.654826096    0.039887848   -0.137690903
   14.683171988    0.036037653   -0.138080385
   14.711517880    0.032297360   -0.138380154
   14.739863772    0.029394283   -0.138590682
   14.768209663    0.027992901   -0.138712601
   14.796555555    0.028561684   -0.138747106
   14.824901447    0.031268983   -0.138696319
   14.853247339    0.035930236   -0.138563538
   14.881593231    0.042018784   -0.138353319
   14.909939123    0.048739706   -0.138071399
   14.938285015    0.055153080   -0.137724498
   14.966630907    0.060322715   -0.137320065
   14.994976798    0.063461172   -0.136866017
   15.023322690    0.064042920   -0.136370509
   15.051668582    0.061864615   -0.135841750
   15.080014474    0.057043203   -0.135287854
   15.108360366    0.049956035   -0.134716709
   15.136706258    0.041139462   -0.134135852
   15.165052150    0.031170546   -0.133552351
   15.193398041    0.020558725   -0.132972704
   15.221743933    0.009670235   -0.132402798
   15.250089825   -0.001301194   -0.131847928
   15.278435717   -0.012315842   -0.131312915
   15.306781609   -0.023431882   -0.130802269
   15.335127501   -0.034730362   -0.130320356
   15.363473393   -0.046243265   -0.129871498
   15.391819285   -0.057904080   -0.129459901
   15.420165176   -0.069532796   -0.129089375
   15.448511068   -0.080856987   -0.128762819
   15.476856960   -0.091560506   -0.128481523
   15.505202852   -0.101344059   -0.128244417
   15.533548744   -0.109979390   -0.128047397
   15.561894636   -0.117341602   -0.127882930
   15.590240528   -0.123411209   -0.127740063
   15.618586420   -0.128246806   -0.127604912
   15.646932311   -0.131937942   -0.127461631
   15.675278203   -0.134553433   -0.127293722
   15.703624095   -0.136101386   -0.127085504
   15.731969987   -0.136513345   -0.126823490
   15.760315879   -0.135657500   -0.126497458
   15.788661771   -0.133377037   -0.126101012
   15.817007663   -0.129542108   -0.125631601
   15.845353554   -0.124099832   -0.125090001
   15.873699446   -0.117107431   -0.124479442
   15.902045338   -0.108738756   -0.123804570
   15.930391230   -0.099262614   -0.123070499
   15.958737122   -0.088999919   -0.122282140
   15.987083014   -0.078273191   -0.121443916
   16.015428906   -0.067364277   -0.120559871
   16.043774798   -0.056493632   -0.119634065
   16.072120689   -0.045827711   -0.118671085
   16.100466581   -0.035512085   -0.117676476
   16.128812473   -0.025719299   -0.116656921
   16.157158365   -0.016695145   -0.115620078
   16.185504257   -0.008786314   -0.114574089
   16.213850149   -0.002437033   -0.113526865
   16.242196041    0.001849218   -0.112485313
   16.270541932    0.003576665   -0.111454699
   16.298887824    0.002337888   -0.110438308
   16.327233716   -0.002111664   -0.109437464
   16.355579608   -0.009804438   -0.108451908
   16.383925500   -0.020549938   -0.107480408
   16.412271392   -0.033965559   -0.106521435
   16.440617284   -0.049541482   -0.105573714
   16.468963176   -0.066723233   -0.104636514
   16.497309067   -0.084991179   -0.103709601
   16.525654959   -0.103917821   -0.102792894
   16.554000851   -0.123190482   -0.101885947
   16.582346743   -0.142597270   -0.100987418
   16.610692635   -0.161984658   -0.100094718
   16.639038527   -0.181202933   -0.099203957
   16.667384419   -0.200058624   -0.098310231
   16.695730311   -0.218290104   -0.097408191
   16.724076202   -0.235574809   -0.096492746
   16.752422094   -0.251566218   -0.095559730
   16.780767986   -0.265949073   -0.094606322
   16.809113878   -0.278495251   -0.093631146
   16.837459770   -0.289102057   -0.092633996
   16.865805662   -0.297799840   -0.091615306
   16.894151554   -0.304725171   -0.090575521
   16.922497445   -0.310066607   -0.089514607
   16.950843337   -0.313999001   -0.088431876
   16.979189229   -0.316626546   -0.087326251
   17.007535121   -0.317952870   -0.086196981
   17.035881013   -0.317888879   -0.085044668
   17.064226905   -0.316297742   -0.083872400
   17.092572797   -0.313064882   -0.082686703
   17.120918689   -0.308172365   -0.081498078
   17.149264580   -0.301754593   -0.080320932
   17.177610472   -0.294116481   -0.079172881
   17.205956364   -0.285705505   -0.078073491
   17.234302256   -0.277042313   -0.077042689
   17.262648148   -0.268627077   -0.076099107
   17.290994040   -0.260846917   -0.075258664
   17.319339932   -0.253910693   -0.074533585
   17.347685823   -0.247830893   -0.073932005
   17.376031715   -0.242459610   -0.073458134
   17.404377607   -0.237570265   -0.073112874
   17.432723499   -0.232963022   -0.072894678
   17.461069391   -0.228563813   -0.072800451
   17.489415283   -0.224487004   -0.072826287
   17.517761175   -0.221040409   -0.072967934
   17.546107067   -0.218666421   -0.073220957
   17.574452958   -0.217830584   -0.073580666
   17.602798850   -0.218884237   -0.074041900
   17.631144742   -0.221936546   -0.074598828
   17.659490634   -0.226770877   -0.075244833
   17.687836526   -0.232830656   -0.075972569
   17.716182418   -0.239283191   -0.076774150
   17.744528310   -0.245150488   -0.077641438
   17.772874202   -0.249479020   -0.078566323
   17.801220093   -0.251510177   -0.079540928
   17.829565985   -0.250812423   -0.080557690
   17.857911877   -0.247345261   -0.081609308
   17.886257769   -0.241441553   -0.082688612
   17.914603661   -0.233714351   -0.083788417
   17.942949553   -0.224912109   -0.084901459
   17.971295445   -0.215757475   -0.086020450
   17.999641336   -0.206807157   -0.087138283
   18.027987228   -0.198363269   -0.088248360
   18.056333120   -0.190452297   -0.089344965
   18.084679012   -0.182870286   -0.090423604
   18.113024904   -0.175276750   -0.091481238
   18.141370796   -0.167309224   -0.092516346
   18.169716688   -0.158687646   -0.093528828
   18.198062580   -0.149283298   -0.094519767
   18.226408471   -0.139138671   -0.095491119
   18.254754363   -0.128438907   -0.096445406
   18.283100255   -0.117448423   -0.097385457
   18.311446147   -0.106434402   -0.098314242
   18.339792039   -0.095600229   -0.099234782
   18.368137931   -0.085046778   -0.100150114
   18.396483823   -0.074769585   -0.101063243
   18.424829714   -0.064688648   -0.101977076
   18.453175606   -0.054698141   -0.102894279
   18.481521498   -0.044718481   -0.103817105
   18.509867390   -0.034734010   -0.104747202
   18.538213282   -0.024805488   -0.105685466
   18.566559174   -0.015055502   -0.106631973
   18.594905066   -0.005633926   -0.107586019
   18.623250958    0.003323236   -0.108546245
   18.651596849    0.011726665   -0.109510805
   18.679942741    0.019546648   -0.110477517
   18.708288633    0.026801811   -0.111443925
   18.736634525    0.033527982   -0.112407248
   18.764980417    0.039738786   -0.113364189
   18.793326309    0.045393011   -0.114310683
   18.821672201    0.050382239   -0.115241631
   18.850018093    0.054546063   -0.116150739
   18.878363984    0.057713187   -0.117030525
   18.906709876    0.059757684   -0.117872554
   18.935055768    0.060653437   -0.118667877
   18.963401660    0.060508546   -0.119407612
   18.991747552    0.059565834   -0.120083568
   19.020093444    0.058164595   -0.120688778
   19.048439336    0.056669982   -0.121217854
   19.076785227    0.055386695   -0.121667096
   19.105131119    0.054479822   -0.122034355
   19.133477011    0.053925835   -0.122318730
   19.161822903    0.053510338   -0.122520168
   19.190168795    0.052877741   -0.122639117
   19.218514687    0.051624343   -0.122676288
   19.246860579    0.049414137   -0.122632609
   19.275206471    0.046089195   -0.122509336
   19.303552362    0.041746041   -0.122308275
   19.331898254    0.036756351   -0.122032023
   19.360244146    0.031722992   -0.121684138
   19.388590038    0.027377913   -0.121269179
   19.416935930    0.024442595   -0.120792594
   19.445281822    0.023481341   -0.120260492
   19.473627714    0.024779931   -0.119679381
   19.501973605    0.028276714   -0.119055953
   19.530319497    0.033561206   -0.118396979
   19.558665389    0.039939918   -0.117709358
   19.587011281    0.046554027   -0.117000278
   19.615357173    0.052522451   -0.116277419
   19.643703065    0.057079399   -0.115549097
   19.672048957    0.059678379   -0.114824245
   19.700394849    0.060044024   -0.114112174
   19.728740740    0.058166299   -0.113422120
   19.757086632    0.054245240   -0.112762628
   19.785432524    0.048605038   -0.112140920
   19.813778416    0.041601508   -0.111562373
   19.842124308    0.033545821   -0.111030236
   19.870470200    0.024660634   -0.110545667
   19.898816092    0.015074465   -0.110108067
   19.927161984    0.004849368   -0.109715637
   19.955507875   -0.005971541   -0.109365987
   19.983853767   -0.017314233   -0.109056637
   20.012199659   -0.029037970   -0.108785248
   20.040545551   -0.040924336   -0.108549500
   20.068891443   -0.052693543   -0.108346633
   20.097237335   -0.064042065   -0.108172738
   20.125583227   -0.074689418   -0.108021996
   20.153929118   -0.084419690   -0.107886059
   20.182275010   -0.093105452   -0.107753774
   20.210620902   -0.100707398   -0.107611369
   20.238966794   -0.107250496   -0.107443120
   20.267312686   -0.112784451   -0.107232437
   20.295658578   -0.117340831   -0.106963184
   20.324004470   -0.120899971   -0.106621027
   20.352350362   -0.123377712   -0.106194596
   20.380696253   -0.124635983   -0.105676288
   20.409042145   -0.124514177   -0.105062619
   20.437388037   -0.122872095   -0.104354128
   20.465733929   -0.119631970   -0.103554908
   20.494079821   -0.114807402   -0.102671898
   20.522425713   -0.108511088   -0.101714078
   20.550771605   -0.100939574   -0.100691722
   20.579117496   -0.092340192   -0.099615757
   20.607463388   -0.082970717   -0.098497313
   20.635809280   -0.073064516   -0.097347410
   20.664155172   -0.062812387   -0.096176774
   20.692501064   -0.052367221   -0.094995717
   20.720846956   -0.041870578   -0.093814039
   20.749192848   -0.031493201   -0.092640948
   20.777538740   -0.021476502   -0.091484978
   20.805884631   -0.012160664   -0.090353929
   20.834230523   -0.003987750   -0.089254839
   20.862576415    0.002525546   -0.088193975
   20.890922307    0.006842761   -0.087176838
   20.919268199    0.008479597   -0.086208146
   20.947614091    0.007077122   -0.085291766
   20.975959983    0.002459186   -0.084430580
   21.004305875   -0.005339764   -0.083626291
   21.032651766   -0.016083325   -0.082879209
   21.060997658   -0.029376225   -0.082188073
   21.089343550   -0.044731410   -0.081549979
   21.117689442   -0.061644943   -0.080960455
   21.146035334   -0.079661062   -0.080413707
   21.174381226   -0.098412876   -0.079903004
   21.202727118   -0.117631179   -0.079421118
   21.231073009   -0.137122676   -0.078960742
   21.259418901   -0.156727240   -0.078514759
   21.287764793   -0.176269307   -0.078076322
   21.316110685   -0.195519624   -0.077638709
   21.344456577   -0.214180119   -0.077195032
   21.372802469   -0.231897476   -0.076737895
   21.401148361   -0.248302304   -0.076259159
   21.429494253   -0.263062883   -0.075749969
   21.457840144   -0.275937821   -0.075201118
   21.486186036   -0.286811783   -0.074603789
   21.514531928   -0.295703012   -0.073950581
   21.542877820   -0.302739318   -0.073236675
   21.571223712   -0.308108384   -0.072460903
   21.599569604   -0.311995990   -0.071626508
   21.627915496   -0.314529731   -0.070741409
   21.656261387   -0.315744847   -0.069817880
   21.684607279   -0.315582917   -0.068871671
   21.712953171   -0.313924954   -0.067920698
   21.741299063   -0.310650465   -0.066983533
   21.769644955   -0.305706042   -0.066077947
   21.797990847   -0.299163560   -0.065219746
   21.826336739   -0.291250049   -0.064422073
   21.854682631   -0.282338616   -0.063695235
   21.883028522   -0.272900385   -0.063047002
   21.911374414   -0.263428541   -0.062483250
   21.939720306   -0.254353956   -0.062008716
   21.968066198   -0.245975137   -0.061627678
   21.996412090   -0.238422199   -0.061344388
   22.024757982   -0.231665811   -0.061163155
   22.053103874   -0.225569784   -0.061088108
   22.081449766   -0.219973551   -0.061122702
   22.109795657   -0.214781554   -0.061269141
   22.138141549   -0.210033333   -0.061527858
   22.166487441   -0.205932030   -0.061897201
   22.194833333   -0.202819295   -0.062373411
   22.223179225   -0.201098764   -0.062950879
   22.251525117   -0.201124606   -0.063622634
   22.279871009   -0.203082343   -0.064380946
   22.308216900   -0.206893094   -0.065217907
   22.336562792   -0.212168432   -0.066125875
   22.364908684   -0.218231728   -0.067097714
   22.393254576   -0.224206057   -0.068126803
   22.421600468   -0.229152323   -0.069206859
   22.449946360   -0.232228375   -0.070331646
   22.478292252   -0.232834070   -0.071494684
   22.506638144   -0.230709780   -0.072689026
   22.534984035   -0.225966500   -0.073907180
   22.563329927   -0.219041579   -0.075141206
   22.591675819   -0.210591422   -0.076382948
   22.620021711   -0.201346793   -0.077624369
   22.648367603   -0.191964271   -0.078857915
   22.676713495   -0.182906947   -0.080076846
   22.705059387   -0.174379068   -0.081275480
   22.733405278   -0.166325296   -0.082449334
   22.761751170   -0.158489251   -0.083595160
   22.790097062   -0.150512210   -0.084710902
   22.818442954   -0.142044525   -0.085795604
   22.846788846   -0.132841408   -0.086849300
   22.875134738   -0.122821016   -0.087872919
   22.903480630   -0.112074195   -0.088868195
   22.931826522   -0.100828580   -0.089837585
   22.960172413   -0.089381333   -0.090784173
   22.988518305   -0.078021706   -0.091711546
   23.016864197   -0.066965296   -0.092623628
   23.045210089   -0.056316615   -0.093524462
   23.073555981   -0.046067196   -0.094417976
   23.101901873   -0.036125912   -0.095307739
   23.130247765   -0.026369414   -0.096196745
   23.158593657   -0.016696055   -0.097087261
   23.186939548   -0.007067272   -0.097980752
   23.215285440    0.002474338   -0.098877889
   23.243631332    0.011813024   -0.099778626
   23.271977224    0.020788539   -0.100682330
   23.300323116    0.029234195   -0.101587911
   23.328669008    0.037011180   -0.102493928
   23.357014900    0.044028514   -0.103398634
   23.385360791    0.050243829   -0.104299949
   23.413706683    0.055647317   -0.105195364
   23.442052575    0.060237232   -0.106081798
   23.470398467    0.063998250   -0.106955446
   23.498744359    0.066892883   -0.107811649
   23.527090251    0.068871237   -0.108644848
   23.555436143    0.069897358   -0.109448630
   23.583782035    0.069983605   -0.110215881
   23.612127926    0.069220114   -0.110939053
   23.640473818    0.067786329   -0.111610488
   23.668819710    0.065935888   -0.112222790
   23.697165602    0.063954054   -0.112769176
   23.725511494    0.062095871   -0.113243775
   23.753857386    0.060520797   -0.113641844
   23.782203278    0.059242996   -0.113959883
   23.810549169    0.058114543   -0.114195658
   23.838895061    0.056851433   -0.114348141
   23.867240953    0.055101303   -0.114417399
   23.895586845    0.052539999   -0.114404453
   23.923932737    0.048974766   -0.114311148
   23.952278629    0.044427835   -0.114140022
   23.980624521    0.039176818   -0.113894219
   24.008970413    0.033737425   -0.113577409
   24.037316304    0.028787458   -0.113193753
   24.065662196    0.025045492   -0.112747874
   24.094008088    0.023129434   -0.112244860
   24.122353980    0.023426088   -0.111690277
   24.150699872    0.026001326   -0.111090206
   24.179045764    0.030571613   -0.110451290
   24.207391656    0.036543725   -0.109780772
   24.235737548    0.043113837   -0.109086510
   24.264083439    0.049403710   -0.108376945
   24.292429331    0.054603854   -0.107660981
   24.320775223    0.058093036   -0.106947783
   24.349121115    0.059510370   -0.106246464
   24.377467007    0.058768588   -0.105565717
   24.405812899    0.056011581   -0.104913402
   24.434158791    0.051532214   -0.104296177
   24.462504682    0.045674654   -0.103719210
   24.490850574    0.038746942   -0.103186041
   24.519196466    0.030964450   -0.102698614
   24.547542358    0.022434777   -0.102257463
   24.575888250    0.013182494   -0.101862013
   24.604234142    0.003201388   -0.101510899
   24.632580034   -0.007484817   -0.101202241
   24.660925926   -0.018773151   -0.100933755
   24.689271817   -0.030458675   -0.100702679
   24.717617709   -0.042244695   -0.100505493
   24.745963601   -0.053782161   -0.100337491
   24.774309493   -0.064725928   -0.100192295
   24.802655385   -0.074790988   -0.100061451
   24.831001277   -0.083792313   -0.099934229
   24.859347169   -0.091657240   -0.099797720
   24.887693060   -0.098407740   -0.099637299
   24.916038952   -0.104118797   -0.099437405
   24.944384844   -0.108866005   -0.099182575
   24.972730736   -0.112678327   -0.098858585
   25.001076628   -0.115510037   -0.098453533
   25.029422520   -0.117239928   -0.097958712
   25.057768412   -0.117697641   -0.097369157
   25.086114304   -0.116708953   -0.096683818
   25.114460195   -0.114146466   -0.095905343
   25.142806087   -0.109970809   -0.095039575
   25.171151979   -0.104250594   -0.094094842
   25.199497871   -0.097156021   -0.093081187
   25.227843763   -0.088929036   -0.092009631
   25.256189655   -0.079840115   -0.090891575
   25.284535547   -0.070145726   -0.089738354
   25.312881439   -0.060060246   -0.088560968
   25.341227330   -0.049751578   -0.087369937
   25.369573222   -0.039362175   -0.086175248
   25.397919114   -0.029049008   -0.084986340
   25.426265006   -0.019029430   -0.083812090
   25.454610898   -0.009617097   -0.082660785
   25.482956790   -0.001233879   -0.081540069
   25.511302682    0.005610220   -0.080456882
   25.539648573    0.010368418   -0.079417378
   25.567994465    0.012530166   -0.078426844
   25.596340357    0.011699532   -0.077489603
   25.624686249    0.007660315   -0.076608907
   25.653032141    0.000411804   -0.075786815
   25.681378033   -0.009833865   -0.075024071
   25.709723925   -0.022692319   -0.074319999
   25.738069817   -0.037675524   -0.073672448
   25.766415708   -0.054271455   -0.073077824
   25.794761600   -0.072015563   -0.072531218
   25.823107492   -0.090537482   -0.072026638
   25.851453384   -0.109573568   -0.071557310
   25.879799276   -0.128945406   -0.071116003
   25.908145168   -0.148513756   -0.070695302
   25.936491060   -0.168123934   -0.070287775
   25.964836951   -0.187560573   -0.069885998
   25.993182843   -0.206526503   -0.069482456
   26.021528735   -0.224653162   -0.069069349
   26.049874627   -0.241540460   -0.068638436
   26.078220519   -0.256815187   -0.068180996
   26.106566411   -0.270191308   -0.067688043
   26.134912303   -0.281514554   -0.067150821
   26.163258195   -0.290777872   -0.066561604
   26.191604086   -0.298102423   -0.065914690
   26.219949978   -0.303688621   -0.065207434
   26.248295870   -0.307750444   -0.064441141
   26.276641762   -0.310451352   -0.063621588
   26.304987654   -0.311860142   -0.062759066
   26.333333546   -0.311939785   -0.061867843
   26.361679438   -0.310573184   -0.060965133
   26.390025330   -0.307619292   -0.060069680
   26.418371221   -0.302984102   -0.059200235
   26.446717113   -0.296686283   -0.058374135
   26.475063005   -0.288898024   -0.057606250
   26.503408897   -0.279948006   -0.056908439
   26.531754789   -0.270283658   -0.056289553
   26.560100681   -0.260401194   -0.055755923
   26.588446573   -0.250761277   -0.055312145
   26.616792464   -0.241712765   -0.054961945
   26.645138356   -0.233445527   -0.054708900
   26.673484248   -0.225985809   -0.054556817
   26.701830140   -0.219236222   -0.054509728
   26.730176032   -0.213049841   -0.054571493
   26.758521924   -0.207317868   -0.054745158
   26.786867816   -0.202045471   -0.055032245
   26.815213708   -0.197392429   -0.055432173
   26.843559599   -0.193663726   -0.055941969
   26.871905491   -0.191248268   -0.056556346
   26.900251383   -0.190518031   -0.057268143
   26.928597275   -0.191711544   -0.058069009
   26.956943167   -0.194831413   -0.058950182
   26.985289059   -0.199583934   -0.059903180
   27.013634951   -0.205379825   -0.060920260
   27.041980842   -0.211400934   -0.061994559
   27.070326734   -0.216721782   -0.063119924
   27.098672626   -0.220461183   -0.064290505
   27.127018518   -0.221931210   -0.065500258
   27.155364410   -0.220750737   -0.066742494
   27.183710302   -0.216898569   -0.068009621
   27.212056194   -0.210695061   -0.069293147
   27.240402086   -0.202717522   -0.070583951
   27.268747977   -0.193669762   -0.071872769
   27.297093869   -0.184235966   -0.073150775
   27.325439761   -0.174951608   -0.074410146
   27.353785653   -0.166118670   -0.075644488
   27.382131545   -0.157780780   -0.076849061
   27.410477437   -0.149758948   -0.078020789
   27.438823329   -0.141734284   -0.079158083
   27.467169221   -0.133353894   -0.080260570
   27.495515112   -0.124332378   -0.081328789
   27.523861004   -0.114524744   -0.082363949
   27.552206896   -0.103955637   -0.083367782
   27.580552788   -0.092802114   -0.084342494
   27.608898680   -0.081339257   -0.085290773
   27.637244572   -0.069866665   -0.086215819
   27.665590464   -0.058637186   -0.087121309
   27.693936355   -0.047806666   -0.088011286
   27.722282247   -0.037416112   -0.088889942
   27.750628139   -0.027407763   -0.089761328
   27.778974031   -0.017667132   -0.090629045
   27.807319923   -0.008076601   -0.091495969
   27.835665815    0.001435733   -0.092364072
   27.864011707    0.010865360   -0.093234368
   27.892357599    0.020125694   -0.094106996
   27.920703490    0.029066389   -0.094981392
   27.949049382    0.037507604   -0.095856503
   27.977395274    0.045278234   -0.096730983
   28.005741166    0.052246222   -0.097603307
   28.034087058    0.058332839   -0.098471778
   28.062432950    0.063509000   -0.099334424
   28.090778842    0.067778048   -0.100188808
   28.119124733    0.071153925   -0.101031818
   28.147470625    0.073644832   -0.101859482
   28.175816517    0.075249952   -0.102666876
   28.204162409    0.075971451   -0.103448149
   28.232508301    0.075837619   -0.104196671
   28.260854193    0.074927779   -0.104905300
   28.289200085    0.073387485   -0.105566702
   28.317545977    0.071424340   -0.106173703
   28.345891868    0.069280357   -0.106719601
   28.374237760    0.067184496   -0.107198425
   28.402583652    0.065296550   -0.107605114
   28.430929544    0.063658501   -0.107935616
   28.459275436    0.062169886   -0.108186936
   28.487621328    0.060599112   -0.108357142
   28.515967220    0.058633844   -0.108445343
   28.544313112    0.055962795   -0.108451666
   28.572659003    0.052371392   -0.108377218
   28.601004895    0.047827817   -0.108224031
   28.629350787    0.042535765   -0.107994991
   28.657696679    0.036936485   -0.107693733
   28.686042571    0.031653949   -0.107324529
   28.714388463    0.027390778   -0.106892167
   28.742734355    0.024795192   -0.106401858
   28.771080246    0.024327506   -0.105859176
   28.799426138    0.026156237   -0.105270067
   28.827772030    0.030108041   -0.104640904
   28.856117922    0.035683789   -0.103978576
   28.884463814    0.042138009   -0.103290577
   28.912809706    0.048604355   -0.102585040
   28.941155598    0.054239455   -0.101870682
   28.969501490    0.058353857   -0.101156624
   28.997847381    0.060502866   -0.100452089
   29.026193273    0.060520508   -0.099766000
   29.054539165    0.058494086   -0.099106535
   29.082885057    0.054690976   -0.098480707
   29.111230949    0.049459962   -0.097894047
   29.139576841    0.043133871   -0.097350441
   29.167922733    0.035957682   -0.096852150
   29.196268624    0.028057634   -0.096399991
   29.224614516    0.019454672   -0.095993640
   29.252960408    0.010113304   -0.095631963
   29.281306300    0.000007818   -0.095313278
   29.309652192   -0.010815776   -0.095035487
   29.337998084   -0.022201118   -0.094796004
   29.366343976   -0.033877371   -0.094591495
   29.394689868   -0.045490197   -0.094417468
   29.423035759   -0.056658110   -0.094267819
   29.451381651   -0.067037382   -0.094134434
   29.479727543   -0.076376735   -0.094006984
   29.508073435   -0.084546533   -0.093872998
   29.536419327   -0.091535046   -0.093718259
   29.564765219   -0.097414126   -0.093527512
   29.593111111   -0.102285433   -0.093285419
   29.621457003   -0.106223681   -0.092977615
   29.649802894   -0.109233804   -0.092591761
   29.678148786   -0.111234397   -0.092118420
   29.706494678   -0.112071762   -0.091551653
   29.734840570   -0.111559803   -0.090889290
   29.763186462   -0.109533523   -0.090132839
   29.791532354   -0.105900179   -0.089287100
   29.819878246   -0.100673282   -0.088359569
   29.848224137   -0.093980124   -0.087359722
   29.876570029   -0.086041757   -0.086298306
   29.904915921   -0.077132756   -0.085186698
   29.933261813   -0.067534192   -0.084036402
   29.961607705   -0.057495161   -0.082858694
   29.989953597   -0.047215379   -0.081664404
   30.018299489   -0.036854556   -0.080463805
   30.046645381   -0.026565583   -0.079266572
   30.074991272   -0.016540534   -0.078081768
   30.103337164   -0.007053583   -0.076917845
   30.131683056    0.001515277   -0.075782624
   30.160028948    0.008687146   -0.074683258
   30.188374840    0.013924890   -0.073626178
   30.216720732    0.016701027   -0.072617012
   30.245066624    0.016578023   -0.071660483
   30.273412515    0.013281805   -0.070760288
   30.301758407    0.006750031   -0.069918961
   30.330104299   -0.002857435   -0.069137735
   30.358450191   -0.015188983   -0.068416435
   30.386796083   -0.029765326   -0.067753411
   30.415141975   -0.046061317   -0.067145556
   30.443487867   -0.063585269   -0.066588422
   30.471833759   -0.081936752   -0.066076426
   30.500179650   -0.100830058   -0.065603123
   30.528525542   -0.120080287   -0.065161513
   30.556871434   -0.139559351   -0.064744304
   30.585217326   -0.159137445   -0.064344091
   30.613563218   -0.178629183   -0.063953408
   30.641909110   -0.197761837   -0.063564659
   30.670255002   -0.216176303   -0.063169964
   30.698600894   -0.233461606   -0.062761012
   30.726946785   -0.249213693   -0.062329009
   30.755292677   -0.263101878   -0.061864845
   30.783638569   -0.274923691   -0.061359523
   30.811984461   -0.284631833   -0.060804875
   30.840330353   -0.292324710   -0.060194500
   30.868676245   -0.298202346   -0.059524786
   30.897022137   -0.302499497   -0.058795836
   30.925368028   -0.305414561   -0.058012107
   30.953713920   -0.307054493   -0.057182605
   30.982059812   -0.307411721   -0.056320525
   31.010405704   -0.306380242   -0.055442376
   31.038751596   -0.303806960   -0.054566677
   31.067097488   -0.299564126   -0.053712442
   31.095443380   -0.293622290   -0.052897696
   31.123789272   -0.286102449   -0.052138272
   31.152135163   -0.277291338   -0.051447062
   31.180481055   -0.267613808   -0.050833831
   31.208826947   -0.257568141   -0.050305545
   31.237172839   -0.247640785   -0.049867082
   31.265518731   -0.238223231   -0.049522122
   31.293864623   -0.229553819   -0.049273962
   31.322210515   -0.221700875   -0.049126060
   31.350556406   -0.214592438   -0.049082191
   31.378902298   -0.208084820   -0.049146185
   31.407248190   -0.202050948   -0.049321344
   31.435594082   -0.196463020   -0.049609706
   31.463939974   -0.191444439   -0.050011371
   31.492285866   -0.187273303   -0.050524063
   31.520631758   -0.184332291   -0.051143063
   31.548977650   -0.183014269   -0.051861527
   31.577323541   -0.183605618   -0.052671128
   31.605669433   -0.186176664   -0.053562860
   31.634015325   -0.190508629   -0.054527827
   31.662361217   -0.196078892   -0.055557825
   31.690707109   -0.202112874   -0.056645613
   31.719053001   -0.207694906   -0.057784830
   31.747398893   -0.211915810   -0.058969616
   31.775744785   -0.214025605   -0.060194071
   31.804090676   -0.213557854   -0.061451715
   31.832436568   -0.210398428   -0.062735117
   31.860782460   -0.204784197   -0.064035796
   31.889128352   -0.197233310   -0.065344438
   31.917474244   -0.188424229   -0.066651380
   31.945820136   -0.179051843   -0.067947255
   31.974166028   -0.169693097   -0.069223654
   32.002511919   -0.160710875   -0.070473662
   32.030857811   -0.152214512   -0.071692169
   32.059203703   -0.144081041   -0.072875917
   32.087549595   -0.136026788   -0.074023313
   32.115895487   -0.127707815   -0.075134089
   32.144241379   -0.118822520   -0.076208911
   32.172587271   -0.109191426   -0.077249051
   32.200933163   -0.098796988   -0.078256178
   32.229279054   -0.087777788   -0.079232300
   32.257624946   -0.076383500   -0.080179818
   32.285970838   -0.064906500   -0.081101621
   32.314316730   -0.053610515   -0.082001152
   32.342662622   -0.042675566   -0.082882369
   32.371008514   -0.032172251   -0.083749567
   32.399354406   -0.022069273   -0.084607086
   32.427700297   -0.012268652   -0.085458937
   32.456046189   -0.002655975   -0.086308457
   32.484392081    0.006849951   -0.087158031
   32.512737973    0.016262014   -0.088008986
   32.541083865    0.025512725   -0.088861629
   32.569429757    0.034466189   -0.089715444
   32.597775649    0.042948019   -0.090569361
   32.626121541    0.050782431   -0.091422020
   32.654467432    0.057824815   -0.092271959
   32.682813324    0.063980742   -0.093117667
   32.711159216    0.069207819   -0.093957489
   32.739505108    0.073502909   -0.094789415
   32.767851000    0.076882149   -0.095610812
   32.796196892    0.079363253   -0.096418181
   32.824542784    0.080958132   -0.097207004
   32.852888676    0.081679481   -0.097971740
   32.881234567    0.081559104   -0.098705974
   32.909580459    0.080670420   -0.099402700
   32.937926351    0.079144700   -0.100054677
   32.966272243    0.077171327   -0.100654810
   32.994618135    0.074976731   -0.101196472
   33.022964027    0.072783540   -0.101673744
   33.051309919    0.070758812   -0.102081561
   33.079655810    0.068965658   -0.102415765
   33.108001702    0.067334149   -0.102673110
   33.136347594    0.065664241   -0.102851250
   33.164693486    0.063665983   -0.102948738
   33.193039378    0.061032279   -0.102965056
   33.221385270    0.057529582   -0.102900655
   33.249731162    0.053085044   -0.102756993
   33.278077054    0.047846894   -0.102536529
   33.306422945    0.042199222   -0.102242674
   33.334768837    0.036722056   -0.101879666
   33.363114729    0.032100544   -0.101452414
   33.391460621    0.028999866   -0.100966325
   33.419806513    0.027931933   -0.100427166
   33.448152405    0.029143383   -0.099840989
   33.476498297    0.032550697   -0.099214143
   33.504844188    0.037738148   -0.098553361
   33.533190080    0.044020162   -0.097865876
   33.561535972    0.050554949   -0.097159522
   33.589881864    0.056484597   -0.096442748
   33.618227756    0.061071214   -0.095724507
   33.646573648    0.063800392   -0.095013996
   33.674919540    0.064431888   -0.094320260
   33.703265432    0.062990606   -0.093651726
   33.731611323    0.059705387   -0.093015739
   33.759957215    0.054915029   -0.092418190
   33.788303107    0.048967509   -0.091863302
   33.816648999    0.042137999   -0.091353616
   33.844994891    0.034584423   -0.090890164
   33.873340783    0.026347937   -0.090472779
   33.901686675    0.017393175   -0.090100455
   33.930032567    0.007672583   -0.089771640
   33.958378458   -0.002806393   -0.089484400
   33.986724350   -0.013931991   -0.089236368
   34.015070242   -0.025471140   -0.089024491
   34.043416134   -0.037089188   -0.088844622
   34.071762026   -0.048399974   -0.088691044
   34.100107918   -0.059031245   -0.088556055
   34.128453810   -0.068686500   -0.088429731
   34.156799701   -0.077185934   -0.088299963
   34.185145593   -0.084475680   -0.088152815
   34.213491485   -0.090603988   -0.087973192
   34.241837377   -0.095672554   -0.087745746
   34.270183269   -0.099778103   -0.087455911
   34.298529161   -0.102961697   -0.087090926
   34.326875053   -0.105180467   -0.086640720
   34.355220945   -0.106309504   -0.086098545
   34.383566836   -0.106172588   -0.085461293
   34.411912728   -0.104592068   -0.084729500
   34.440258620   -0.101442813   -0.083907046
   34.468604512   -0.096694472   -0.083000640
   34.496950404   -0.090430213   -0.082019181
   34.525296296   -0.082837558   -0.080973067
   34.553642188   -0.074175540   -0.079873559
   34.581988079   -0.064729596   -0.078732233
   34.610333971   -0.054769159   -0.077560558
   34.638679863   -0.044521816   -0.076369606
   34.667025755   -0.034172418   -0.075169882
   34.695371647   -0.023887304   -0.073971242
   34.723717539   -0.013855352   -0.072782871
   34.752063431   -0.004331438   -0.071613306
   34.780409323    0.004333986   -0.070470456
   34.808755214    0.011692382   -0.069361613
   34.837101106    0.017227616   -0.068293431
   34.865446998    0.020415895   -0.067271864
   34.893792890    0.020802703   -0.066302052
   34.922138782    0.018078523   -0.065388171
   34.950484674    0.012134278   -0.064533248
   34.978830566    0.003081882   -0.063738986
   35.007176458   -0.008766073   -0.063005613
   35.035522349   -0.022952993   -0.062331814
   35.063868241   -0.038957409   -0.061714754
   35.092214133   -0.056274894   -0.061150213
   35.120560025   -0.074482742   -0.060632828
   35.148905917   -0.093272424   -0.060156393
   35.177251809   -0.112443982   -0.059714173
   35.205597701   -0.131867202   -0.059299165
   35.233943592   -0.151423571   -0.058904253
   35.262289484   -0.170948197   -0.058522226
   35.290635376   -0.190190449   -0.058145672
   35.318981268   -0.208806351   -0.057766797
   35.347327160   -0.226386207   -0.057377255
   35.375673052   -0.242510419   -0.056968099
   35.404018944   -0.256817871   -0.056529950
   35.432364836   -0.269067237   -0.056053444
   35.460710727   -0.279173139   -0.055529970
   35.489056619   -0.287206029   -0.054952621
   35.517402511   -0.293354875   -0.054317243
   35.545748403   -0.297862487   -0.053623374
   35.574094295   -0.300951324   -0.052874919
   35.602440187   -0.302760761   -0.052080365
   35.630786079   -0.303313878   -0.051252472
   35.659131970   -0.302523730   -0.050407428
   35.687477862   -0.300237907   -0.049563574
   35.715823754   -0.296309183   -0.048739907
   35.744169646   -0.290672220   -0.047954580
   35.772515538   -0.283404080   -0.047223659
   35.800861430   -0.274750269   -0.046560322
   35.829207322   -0.265107369   -0.045974599
   35.857553214   -0.254965356   -0.045473642
   35.885899105   -0.244824168   -0.045062397
   35.914244997   -0.235106769   -0.044744489
   35.942590889   -0.226092485   -0.044523061
   35.970936781   -0.217889331   -0.044401388
   35.999282673   -0.210453494   -0.044383092
   36.027628565   -0.203651039   -0.044471951
   36.055974457   -0.197344688   -0.044671354
   36.084320349   -0.191480745   -0.044983567
   36.112666240   -0.186150073   -0.045409018
   36.141012132   -0.181603106   -0.045945790
   36.169358024   -0.178210667   -0.046589472
   36.197703916   -0.176376964   -0.047333401
   36.226049808   -0.176424627   -0.048169268
   36.254395700   -0.178480424   -0.049087918
   36.282741592   -0.182391900   -0.050080175
   36.311087483   -0.187699006   -0.051137509
   36.339433375   -0.193672151   -0.052252381
   36.367779267   -0.199412266   -0.053418233
   36.396125159   -0.203993228   -0.054629155
   36.424471051   -0.206616339   -0.055879334
   36.452816943   -0.206743104   -0.057162484
   36.481162835   -0.204177278   -0.058471393
   36.509508727   -0.199078793   -0.059797757
   36.537854618   -0.191907925   -0.061132335
   36.566200510   -0.183313895   -0.062465400
   36.594546402   -0.173994325   -0.063787395
   36.622892294   -0.164557485   -0.065089632
   36.651238186   -0.155417132   -0.066364884
   36.679584078   -0.146740565   -0.067607758
   36.707929970   -0.138456964   -0.068814777
   36.736275861   -0.130318513   -0.069984204
   36.764621753   -0.121994993   -0.071115681
   36.792967645   -0.113176122   -0.072209801
   36.821313537   -0.103656308   -0.073267740
   36.849659429   -0.093383023   -0.074291019
   36.878005321   -0.082460793   -0.075281445
   36.906351213   -0.071114707   -0.076241191
   36.934697105   -0.059627266   -0.077172952
   36.963042996   -0.048267973   -0.078080058
   36.991388888   -0.037235012   -0.078966487
   37.019734780   -0.026623320   -0.079836703
   37.048080672   -0.016424869   -0.080695338
   37.076426564   -0.006557670   -0.081546772
   37.104772456    0.003087501   -0.082394702
   37.133118348    0.012597490   -0.083241804
   37.161464240    0.021998491   -0.084089556
   37.189810131    0.031238748   -0.084938280
   37.218156023    0.040194952   -0.085787360
   37.246501915    0.048698003   -0.086635569
   37.274847807    0.056568618   -0.087481420
   37.303193699    0.063651448   -0.088323420
   37.331539591    0.069838089   -0.089160166
   37.359885483    0.075074030   -0.089990254
   37.388231374    0.079350337   -0.090812027
   37.416577266    0.082686000   -0.091623241
   37.444923158    0.085109569   -0.092420742
   37.473269050    0.086648265   -0.093200262
   37.501614942    0.087329275   -0.093956385
   37.529960834    0.087192741   -0.094682713
   37.558306726    0.086310712   -0.095372196
   37.586652618    0.084802964   -0.096017564
   37.614998509    0.082840382   -0.096611755
   37.643344401    0.080629813   -0.097148278
   37.671690293    0.078380193   -0.097621443
   37.700036185    0.076256593   -0.098026448
   37.728382077    0.074334381   -0.098359362
   37.756727969    0.072568175   -0.098617042
   37.785073861    0.070788382   -0.098797063
   37.813419752    0.068732043   -0.098897707
   37.841765644    0.066105810   -0.098918025
   37.870111536    0.062669416   -0.098857965
   37.898457428    0.058320663   -0.098718513
   37.926803320    0.053160026   -0.098501806
   37.955149212    0.047515600   -0.098211143
   37.983495104    0.041917151   -0.097850898
   38.011840996    0.037019616   -0.097426321
   38.040186887    0.033488862   -0.096943287
   38.068532779    0.031872559   -0.096408052
   38.096878671    0.032484067   -0.095827086
   38.125224563    0.035325603   -0.095207009
   38.153570455    0.040068987   -0.094554655
   38.181916347    0.046099596   -0.093877220
   38.210262239    0.052614891   -0.093182413
   38.238608131    0.058756536   -0.092478541
   38.266954022    0.063747718   -0.091774451
   38.295299914    0.067006672   -0.091079282
   38.323645806    0.068213694   -0.090402062
   38.351991698    0.067320537   -0.089751194
   38.380337590    0.064504929   -0.089133943
   38.408683482    0.060085682   -0.088556034
   38.437029374    0.054422198   -0.088021454
   38.465375265    0.047824242   -0.087532497
   38.493721157    0.040493275   -0.087090039
   38.522067049    0.032506942   -0.086693956
   38.550412941    0.023846105   -0.086343564
   38.578758833    0.014452526   -0.086037950
   38.607104725    0.004297766   -0.085776064
   38.635450617   -0.006557990   -0.085556534
   38.663796509   -0.017934416   -0.085377213
   38.692142400   -0.029535498   -0.085234540
   38.720488292   -0.040987996   -0.085122892
   38.748834184   -0.051902316   -0.085034059
   38.777180076   -0.061938265   -0.084957035
   38.805525968   -0.070857301   -0.084878200
   38.833871860   -0.078547338   -0.084781928
   38.862217752   -0.085014371   -0.084651560
   38.890563643   -0.090344765   -0.084470595
   38.918909535   -0.094650218   -0.084223942
   38.947255427   -0.098011903   -0.083899029
   38.975601319   -0.100439922   -0.083486627
   39.003947211   -0.101859243   -0.082981295
   39.032293103   -0.102125270   -0.082381423
   39.060638995   -0.101063573   -0.081688918
   39.088984887   -0.098521559   -0.080908647
   39.117330778   -0.094416920   -0.080047738
   39.145676670   -0.088769334   -0.079114893
   39.174022562   -0.081707477   -0.078119769
   39.202368454   -0.073451145   -0.077072518
   39.230714346   -0.064275878   -0.075983461
   39.259060238   -0.054472498   -0.074862897
   39.287406130   -0.044315036   -0.073720994
   39.315752022   -0.034047234   -0.072567710
   39.344097913   -0.023891252   -0.071412722
   39.372443805   -0.014074458   -0.070265342
   39.400789697   -0.004863516   -0.069134404
   39.429135589    0.003408261   -0.068028159
   39.457481481    0.010333263   -0.066954160
   39.485827373    0.015449259   -0.065919171
   39.514173265    0.018285960   -0.064929076
   39.542519156    0.018429600   -0.063988803
   39.570865048    0.015590362   -0.063102226
   39.599210940    0.009655329   -0.062272073
   39.627556832    0.000712413   -0.061499817
   39.655902724   -0.010962248   -0.060785591
   39.684248616   -0.024951422   -0.060128144
   39.712594508   -0.040767290   -0.059524863
   39.740940400   -0.057927811   -0.058971883
   39.769286291   -0.076019921   -0.058464277
   39.797632183   -0.094734271   -0.057996305
   39.825978075   -0.113864261   -0.057561666
   39.854323967   -0.133272256   -0.057153712
   39.882669859   -0.152835189   -0.056765576
   39.911015751   -0.172387592   -0.056390179
   39.939361643   -0.191680745   -0.056020149
   39.967707534   -0.210371828   -0.055647689
   39.996053426   -0.228048083   -0.055264486
   40.024399318   -0.244280461   -0.054861750
   40.052745210   -0.258692260   -0.054430474
   40.081091102   -0.271023251   -0.053961946
   40.109436994   -0.281170530   -0.053448520
   40.137782886   -0.289193465   -0.052884539
   40.166128778   -0.295280176   -0.052267303
   40.194474669   -0.299683966   -0.051597883
   40.222820561   -0.302646997   -0.050881628
   40.251166453   -0.304332580   -0.050128230
   40.279512345   -0.304785458   -0.049351273
   40.307858237   -0.303931872   -0.048567317
   40.336204129   -0.301620012   -0.047794609
   40.364550021   -0.297689883   -0.047051647
   40.392895913   -0.292052833   -0.046355791
   40.421241804   -0.284757725   -0.045722157
   40.449587696   -0.276023913   -0.045162950
   40.477933588   -0.266230143   -0.044687300
   40.506279480   -0.255860743   -0.044301569
   40.534625372   -0.245422661   -0.044010017
   40.562971264   -0.235355562   -0.043815611
   40.591317156   -0.225959708   -0.043720788
   40.619663047   -0.217362000   -0.043727977
   40.648008939   -0.209530189   -0.043839775
   40.676354831   -0.202331851   -0.044058747
   40.704700723   -0.195621758   -0.044386939
   40.733046615   -0.189332533   -0.044825238
   40.761392507   -0.183541437   -0.045372772
   40.789738399   -0.178491645   -0.046026514
   40.818084291   -0.174558029   -0.046781205
   40.846430182   -0.172162452   -0.047629630
   40.874776074   -0.171657728   -0.048563197
   40.903121966   -0.173209071   -0.049572670
   40.931467858   -0.176704188   -0.050648913
   40.959813750   -0.181717511   -0.051783455
   40.988159642   -0.187541560   -0.052968779
   41.016505534   -0.193282359   -0.054198278
   41.044851425   -0.198000081   -0.055465932
   41.073197317   -0.200864860   -0.056765816
   41.101543209   -0.201293684   -0.058091588
   41.129889101   -0.199038546   -0.059436123
   41.158234993   -0.194207477   -0.060791395
   41.186580885   -0.187215728   -0.062148649
   41.214926777   -0.178680366   -0.063498838
   41.243272669   -0.169283883   -0.064833210
   41.271618560   -0.159638226   -0.066143909
   41.299964452   -0.150178778   -0.067424462
   41.328310344   -0.141108957   -0.068670041
   41.356656236   -0.132402886   -0.069877470
   41.385002128   -0.123859410   -0.071045029
   41.413348020   -0.115189226   -0.072172115
   41.441693912   -0.106110697   -0.073258914
   41.470039804   -0.096430259   -0.074306170
   41.498385695   -0.086089613   -0.075315112
   41.526731587   -0.075172098   -0.076287552
   41.555077479   -0.063871780   -0.077226078
   41.583423371   -0.052438014   -0.078134226
   41.611769263   -0.041113163   -0.079016536
   41.640115155   -0.030080964   -0.079878374
   41.668461047   -0.019438215   -0.080725520
   41.696806938   -0.009194677   -0.081563552
   41.725152830    0.000702220   -0.082397151
   41.753498722    0.010327743   -0.083229488
   41.781844614    0.019738275   -0.084061837
   41.810190506    0.028939839   -0.084893537
   41.838536398    0.037874533   -0.085722316
   41.866882290    0.046426668   -0.086544925
   41.895228182    0.054444476   -0.087357920
   41.923574073    0.061769279   -0.088158413
   41.951919965    0.068262917   -0.088944595
   41.980265857    0.073826106   -0.089715893
   42.008611749    0.078404422   -0.090472716
   42.036957641    0.081983242   -0.091215846
   42.065303533    0.084576604   -0.091945636
   42.093649425    0.086216498   -0.092661198
   42.121995316    0.086947945   -0.093359814
   42.150341208    0.086832051   -0.094036697
   42.178687100    0.085955011   -0.094685186
   42.207032992    0.084437568   -0.095297321
   42.235378884    0.082437832   -0.095864654
   42.263724776    0.080141605   -0.096379121
   42.292070668    0.077738105   -0.096833753
   42.320416560    0.075384293   -0.097223108
   42.348762451    0.073166179   -0.097543331
   42.377108343    0.071068735   -0.097791908
   42.405454235    0.068966057   -0.097967214
   42.433800127    0.066639717   -0.098068047
   42.462146019    0.063826511   -0.098093294
   42.490491911    0.060288617   -0.098041854
   42.518837803    0.055891756   -0.097912848
   42.547183695    0.050672558   -0.097706052
   42.575529586    0.044876401   -0.097422425
   42.603875478    0.038952065   -0.097064565
   42.632221370    0.033498672   -0.096636942
   42.660567262    0.029171514   -0.096145835
   42.688913154    0.026563805   -0.095598956
   42.717259046    0.026088440   -0.095004862
   42.745604938    0.027885461   -0.094372293
   42.773950829    0.031776557   -0.093709608
   42.802296721    0.037278223   -0.093024444
   42.830642613    0.043672504   -0.092323675
   42.858988505    0.050121433   -0.091613640
   42.887334397    0.055801485   -0.090900535
   42.915680289    0.060030042   -0.090190823
   42.944026181    0.062357990   -0.089491492
   42.972372073    0.062610742   -0.088810062
   43.000717964    0.060872141   -0.088154305
   43.029063856    0.057418876   -0.087531722
   43.057409748    0.052624058   -0.086948927
   43.085755640    0.046854797   -0.086411082
   43.114101532    0.040388550   -0.085921557
   43.142447424    0.033366975   -0.085481880
   43.170793316    0.025795550   -0.085092005
   43.199139207    0.017585193   -0.084750776
   43.227485099    0.008621541   -0.084456454
   43.255830991   -0.001158858   -0.084207092
   43.284176883   -0.011707064   -0.084000640
   43.312522775   -0.022831713   -0.083834679
   43.340868667   -0.034208160   -0.083705840
   43.369214559   -0.045423794   -0.083609039
   43.397560451   -0.056046921   -0.083536744
   43.425906342   -0.065700676   -0.083478497
   43.454252234   -0.074122636   -0.083420890
   43.482598126   -0.081195093   -0.083348075
   43.510944018   -0.086939232   -0.083242780
   43.539289910   -0.091476168   -0.083087696
   43.567635802   -0.094966548   -0.082866971
   43.595981694   -0.097545711   -0.082567586
   43.624327586   -0.099272042   -0.082180336
   43.652673477   -0.100102047   -0.081700306
   43.681019369   -0.099898134   -0.081126783
   43.709365261   -0.098466166   -0.080462704
   43.737711153   -0.095612126   -0.079713805
   43.766057045   -0.091202590   -0.078887669
   43.794402937   -0.085213424   -0.077992901
   43.822748829   -0.077755027   -0.077038525
   43.851094720   -0.069069258   -0.076033680
   43.879440612   -0.059500977   -0.074987572
   43.907786504   -0.049453647   -0.073909563
   43.936132396   -0.039341854   -0.072809299
   43.964478288   -0.029553205   -0.071696739
   43.992824180   -0.020428048   -0.070582049
   44.021170072   -0.012259186   -0.069475340
   44.049515964   -0.005307223   -0.068386325
   44.077861855    0.000177700   -0.067323970
   44.106207747    0.003938772   -0.066296224
   44.134553639    0.005709115   -0.065309891
   44.162899531    0.005226459   -0.064370639
   44.191245423    0.002263928   -0.063483110
   44.219591315   -0.003330793   -0.062651043
   44.247937207   -0.011599123   -0.061877350
   44.276283098   -0.022449324   -0.061164075
   44.304628990   -0.035656139   -0.060512240
   44.332974882   -0.050884150   -0.059921626
   44.361320774   -0.067729971   -0.059390570
   44.389666666   -0.085772942   -0.058915872
   44.418012558   -0.104621454   -0.058492890
   44.446358450   -0.123943321   -0.058115845
   44.474704342   -0.143473302   -0.057778280
   44.503050233   -0.162997710   -0.057473591
   44.531396125   -0.182322959   -0.057195484
   44.559742017   -0.201239820   -0.056938250
   44.588087909   -0.219496548   -0.056696769
   44.616433801   -0.236791404   -0.056466260
   44.644779693   -0.252789124   -0.056241862
   44.673125585   -0.267158317   -0.056018197
   44.701471477   -0.279619846   -0.055789105
   44.729817368   -0.289992156   -0.055547704
   44.758163260   -0.298219506   -0.055286864
   44.786509152   -0.304373431   -0.055000080
   44.814855044   -0.308625206   -0.054682603
   44.843200936   -0.311195651   -0.054332615
   44.871546828   -0.312295574   -0.053952191
   44.899892720   -0.312073550   -0.053547805
   44.928238611   -0.310586252   -0.053130231
   44.956584503   -0.307800494   -0.052713802
   44.984930395   -0.303627162   -0.052315139
   45.013276287   -0.297977757   -0.051951578
   45.041622179   -0.290827237   -0.051639564
   45.069968071   -0.282264331   -0.051393322
   45.098313963   -0.272513481   -0.051224005
   45.126659855   -0.261920370   -0.051139452
   45.155005746   -0.250903460   -0.051144499
   45.183351638   -0.239884225   -0.051241717
   45.211697530   -0.229215592   -0.051432331
   45.240043422   -0.219129505   -0.051717079
   45.268389314   -0.209719697   -0.052096791
   45.296735206   -0.200965897   -0.052572578
   45.325081098   -0.192793463   -0.053145621
   45.353426989   -0.185151256   -0.053816666
   45.381772881   -0.178083817   -0.054585392
   45.410118773   -0.171773821   -0.055449856
   45.438464665   -0.166537710   -0.056406184
   45.466810557   -0.162769774   -0.057448586
   45.495156449   -0.160844628   -0.058569715
   45.523502341   -0.161000849   -0.059761258
   45.551848233   -0.163235953   -0.061014630
   45.580194124   -0.167242487   -0.062321585
   45.608540016   -0.172406512   -0.063674615
   45.636885908   -0.177875082   -0.065067063
   45.665231800   -0.182682186   -0.066492952
   45.693577692   -0.185907438   -0.067946604
   45.721923584   -0.186832672   -0.069422193
   45.750269476   -0.185061008   -0.070913354
   45.778615368   -0.180571315   -0.072412980
   45.806961259   -0.173696209   -0.073913250
   45.835307151   -0.165029892   -0.075405889
   45.863653043   -0.155288726   -0.076882595
   45.891998935   -0.145158051   -0.078335512
   45.920344827   -0.135160867   -0.079757654
   45.948690719   -0.125577132   -0.081143182
   45.977036611   -0.116428584   -0.082487507
   46.005382502   -0.107526989   -0.083787213
   46.033728394   -0.098567988   -0.085039896
   46.062074286   -0.089242427   -0.086243966
   46.090420178   -0.079334675   -0.087398526
   46.118766070   -0.068783223   -0.088503349
   46.147111962   -0.057690962   -0.089558977
   46.175457854   -0.046287253   -0.090566887
   46.203803746   -0.034857226   -0.091529643
   46.232149637   -0.023661843   -0.092450945
   46.260495529   -0.012873293   -0.093335511
   46.288841421   -0.002544170   -0.094188745
   46.317187313    0.007382281   -0.095016240
   46.345533205    0.017026301   -0.095823166
   46.373879097    0.026506192   -0.096613694
   46.402224989    0.035874758   -0.097390548
   46.430570880    0.045077786   -0.098154805
   46.458916772    0.053947485   -0.098905983
   46.487262664    0.062232762   -0.099642412
   46.515608556    0.069656920   -0.100361791
   46.543954448    0.075985131   -0.101061816
   46.572300340    0.081081298   -0.101740727
   46.600646232    0.084937482   -0.102397648
   46.628992124    0.087667649   -0.103032639
   46.657338015    0.089468515   -0.103646443
   46.685683907    0.090560282   -0.104239999
   46.714029799    0.091126000   -0.104813828
   46.742375691    0.091268410   -0.105367448
   46.770721583    0.090997305   -0.105898959
   46.799067475    0.090250536   -0.106404893
   46.827413367    0.088940885   -0.106880387
   46.855759259    0.087012399   -0.107319632
   46.884105150    0.084486374   -0.107716497
   46.912451042    0.081479971   -0.108065219
   46.940796934    0.078188919   -0.108360993
   46.969142826    0.074837344   -0.108600355
   46.997488718    0.071609011   -0.108781322
   47.025834610    0.068581630   -0.108903266
   47.054180502    0.065686963   -0.108966623
   47.082526393    0.062713469   -0.108972520
   47.110872285    0.059356709   -0.108922466
   47.139218177    0.055308666   -0.108818177
   47.167564069    0.050364631   -0.108661591
   47.195909961    0.044519005   -0.108455056
   47.224255853    0.038021728   -0.108201616
   47.252601745    0.031375303   -0.107905282
   47.280947637    0.025266732   -0.107571191
   47.309293528    0.020445388   -0.107205558
   47.337639420    0.017572505   -0.106815411
   47.365985312    0.017076563   -0.106408147
   47.394331204    0.019048946   -0.105991004
   47.422677096    0.023205568   -0.105570603
   47.451022988    0.028924810   -0.105152665
   47.479368880    0.035354016   -0.104742019
   47.507714771    0.041560522   -0.104342895
   47.536060663    0.046692927   -0.103959461
   47.564406555    0.050116659   -0.103596448
   47.592752447    0.051495071   -0.103259692
   47.621098339    0.050801412   -0.102956413
   47.649444231    0.048264248   -0.102695093
   47.677790123    0.044264757   -0.102484910
   47.706136015    0.039214888   -0.102334772
   47.734481906    0.033448028   -0.102252122
   47.762827798    0.027148352   -0.102241709
   47.791173690    0.020333162   -0.102304594
   47.819519582    0.012887669   -0.102437579
   47.847865474    0.004637990   -0.102633201
   47.876211366   -0.004561022   -0.102880309
   47.904557258   -0.014748732   -0.103165122
   47.932903150   -0.025813364   -0.103472581
   47.961249041   -0.037489187   -0.103787759
   47.989594933   -0.049394753   -0.104097074
   48.017940825   -0.061099582   -0.104389129
   48.046286717   -0.072199785   -0.104655074
   48.074632609   -0.082382043   -0.104888494
   48.102978501   -0.091460079   -0.105084927
   48.131324393   -0.099376603   -0.105241185
   48.159670284   -0.106173855   -0.105354658
   48.188016176   -0.111944528   -0.105422780
   48.216362068   -0.116779391   -0.105442751
   48.244707960   -0.120727593   -0.105411559
   48.273053852   -0.123780477   -0.105326253
   48.301399744   -0.125881865   -0.105184354
   48.329745636   -0.126959357   -0.104984294
   48.358091528   -0.126965016   -0.104725757
   48.386437419   -0.125911415   -0.104409836
   48.414783311   -0.123891141   -0.104038996
   48.443129203   -0.121073502   -0.103616854
   48.471475095   -0.117679728   -0.103147850
   48.499820987   -0.113944820   -0.102636888
   48.528166879   -0.110078493   -0.102089030
   48.556512771   -0.106237949   -0.101509284
   48.584858662   -0.102521539   -0.100902504
   48.613204554   -0.098985829   -0.100273394
   48.641550446   -0.095681159   -0.099626552
   48.669896338   -0.092694744   -0.098966534
   48.698242230   -0.090187454   -0.098297869
   48.726588122   -0.088411645   -0.097625029
   48.754934014   -0.087702312   -0.096952329
   48.783279906   -0.088441186   -0.096283799
   48.811625797   -0.091000939   -0.095623046
   48.839971689   -0.095682427   -0.094973135
   48.868317581   -0.102660069   -0.094336521
   48.896663473   -0.111948617   -0.093715023
   48.925009365   -0.123399114   -0.093109854
   48.953355257   -0.136724316   -0.092521687
   48.981701149   -0.151546475   -0.091950737
   49.010047041   -0.167454961   -0.091396866
   49.038392932   -0.184059422   -0.090859678
   49.066738824   -0.201026211   -0.090338633
   49.095084716   -0.218091178   -0.089833142
   49.123430608   -0.235048880   -0.089342670
   49.151776500   -0.251724947   -0.088866811
   49.180122392   -0.267942773   -0.088405337
   49.208468284   -0.283496746   -0.087958211
   49.236814175   -0.298141697   -0.087525551
   49.265160067   -0.311602864   -0.087107582
   49.293505959   -0.323604163   -0.086704589
   49.321851851   -0.333906738   -0.086316926
   49.350197743   -0.342346393   -0.085945112
   49.378543635   -0.348858514   -0.085590049
   49.406889527   -0.353482485   -0.085253350
   49.435235419   -0.356343389   -0.084937735
   49.463581310   -0.357615327   -0.084647428
   49.491927202   -0.357476040   -0.084388430
   49.520273094   -0.356065194   -0.084168586
   49.548618986   -0.353457815   -0.083997357
   49.576964878   -0.349660212   -0.083885267
   49.605310770   -0.344629379   -0.083843075
   49.633656662   -0.338310155   -0.083880772
   49.662002553   -0.330679223   -0.084006561
   49.690348445   -0.321782900   -0.084225993
   49.718694337   -0.311757216   -0.084541433
   49.747040229   -0.300823772   -0.084951937
   49.775386121   -0.289261791   -0.085453578
   49.803732013   -0.277363913   -0.086040145
   49.832077905   -0.265388382   -0.086704076
   49.860423797   -0.253521986   -0.087437433
   49.888769688   -0.241865570   -0.088232734
   49.917115580   -0.230447893   -0.089083481
   49.945461472   -0.219265373   -0.089984327
   49.973807364   -0.208337168   -0.090930887
   50.002153256   -0.197759370   -0.091919281
   50.030499148   -0.187740533   -0.092945576
   50.058845040   -0.178604129   -0.094005284
   50.087190932   -0.170751221   -0.095093049
   50.115536823   -0.164586915   -0.096202611
   50.143882715   -0.160424448   -0.097327029
   50.172228607   -0.158388422   -0.098459117
   50.200574499   -0.158341391   -0.099591937
   50.228920391   -0.159854870   -0.100719234
   50.257266283   -0.162237065   -0.101835694
   50.285612175   -0.164617282   -0.102936954
   50.313958066   -0.166073680   -0.104019380
   50.342303958   -0.165780217   -0.105079682
   50.370649850   -0.163142881   -0.106114481
   50.398995742   -0.157896380   -0.107119956
   50.427341634   -0.150140208   -0.108091674
   50.455687526   -0.140305941   -0.109024670
   50.484033418   -0.129062666   -0.109913766
   50.512379310   -0.117181131   -0.110754059
   50.540725201   -0.105386241   -0.111541490
   50.569071093   -0.094229683   -0.112273346
   50.597416985   -0.084009256   -0.112948588
   50.625762877   -0.074750110   -0.113567933
   50.654108769   -0.066248355   -0.114133643
   50.682454661   -0.058163020   -0.114649048
   50.710800553   -0.050131570   -0.115117869
   50.739146444   -0.041879799   -0.115543434
   50.767492336   -0.033299759   -0.115927893
   50.795838228   -0.024478687   -0.116271545
   50.824184120   -0.015675046   -0.116572356
   50.852530012   -0.007251388   -0.116825755
   50.880875904    0.000415691   -0.117024731
   50.909221796    0.007023450   -0.117160252
   50.937567688    0.012405700   -0.117221977
   50.965913579    0.016555278   -0.117199208
   50.994259471    0.019603098   -0.117081975
   51.022605363    0.021762704   -0.116862139
   51.050951255    0.023258500   -0.116534365
   51.079297147    0.024259535   -0.116096809
   51.107643039    0.024838067   -0.115551414
   51.135988931    0.024963956   -0.114903726
   51.164334823    0.024534642   -0.114162241
   51.192680714    0.023429458   -0.113337340
   51.221026606    0.021569460   -0.112439996
   51.249372498    0.018962196   -0.111480413
   51.277718390    0.015715384   -0.110466857
   51.306064282    0.012013147   -0.109404847
   51.334410174    0.008060480   -0.108296835
   51.362756066    0.004012373   -0.107142410
   51.391101957   -0.000089660   -0.105938949
   51.419447849   -0.004351270   -0.104682557
   51.447793741   -0.009013947   -0.103369084
   51.476139633   -0.014395739   -0.101995000
   51.504485525   -0.020795237   -0.100557965
   51.532831417   -0.028381975   -0.099056988
   51.561177309   -0.037102748   -0.097492205
   51.589523201   -0.046631818   -0.095864363
   51.617869092   -0.056383685   -0.094174188
   51.646214984   -0.065592046   -0.092421815
   51.674560876   -0.073441679   -0.090606450
   51.702906768   -0.079225539   -0.088726338
   51.731252660   -0.082491475   -0.086779065
   51.759598552   -0.083143765   -0.084762091
   51.787944444   -0.081474395   -0.082673386
   51.816290335   -0.078115171   -0.080512014
   51.844636227   -0.073920514   -0.078278510
   51.872982119   -0.069807222   -0.075974987
   51.901328011   -0.066587485   -0.073604958
   51.929673903   -0.064832420   -0.071172947
   51.958019795   -0.064795183   -0.068683988
   51.986365687   -0.066407496   -0.066143171
   52.014711579   -0.069345210   -0.063555311
   52.043057470   -0.073142040   -0.060924830
   52.071403362   -0.077320059   -0.058255817
   52.099749254   -0.081503447   -0.055552227
   52.128095146   -0.085488626   -0.052818111
   52.156441038   -0.089257183   -0.050057779
   52.184786930   -0.092934107   -0.047275829
   52.213132822   -0.096708403   -0.044477006
   52.241478714   -0.100742220   -0.041665937
   52.269824605   -0.105096046   -0.038846809
   52.298170497   -0.109691146   -0.036023073
   52.326516389   -0.114318432   -0.033197270
   52.354862281   -0.118688882   -0.030371017
   52.383208173   -0.122508605   -0.027545138
   52.411554065   -0.125554949   -0.024719907
   52.439899957   -0.127730536   -0.021895286
   52.468245848   -0.129079284   -0.019071091
   52.496591740   -0.129760234   -0.016246997
   52.524937632   -0.129987668   -0.013422367
   52.553283524   -0.129955937   -0.010595945
   52.581629416   -0.129771803   -0.007765477
   52.609975308   -0.129414618   -0.004927384
   52.638321200   -0.128736327   -0.002076595
   52.666667092   -0.127501420    0.000793409
   52.695012983   -0.125455291    0.003690284
   52.723358875   -0.122401185    0.006622320
   52.751704767   -0.118263593    0.009597815
   52.780050659   -0.113120105    0.012624452
   52.808396551   -0.107193076    0.015708792
   52.836742443   -0.100804285    0.018855966
   52.865088335   -0.094306481    0.022069589
   52.893434226   -0.088012297    0.025351881
   52.921780118   -0.082141489    0.028703902
   52.950126010   -0.076801729    0.032125824
   52.978471902   -0.072008031    0.035617135
   53.006817794   -0.067734207    0.039176724
   53.035163686   -0.063980037    0.042802831
   53.063509578   -0.060832930    0.046492896
   53.091855470   -0.058504121    0.050243390
   53.120201361   -0.057326628    0.054049700
   53.148547253   -0.057713085    0.057906139
   53.176893145   -0.060083134    0.061806120
   53.205239037   -0.064778856    0.065742477
   53.233584929   -0.071990352    0.069707870
   53.261930821   -0.081710928    0.073695186
   53.290276713   -0.093733242    0.077697855
   53.318622605   -0.107686615    0.081710001
   53.346968496   -0.123104629    0.085726420
   53.375314388   -0.139504361    0.089742390
   53.403660280   -0.156456219    0.093753402
   53.432006172   -0.173627002    0.097754894
   53.460352064   -0.190787258    0.101742081
   53.488697956   -0.207784797    0.105709942
   53.517043848   -0.224496043    0.109653382
   53.545389739   -0.240773057    0.113567533
   53.573735631   -0.256404709    0.117448109
   53.602081523   -0.271105507    0.121291724
   53.630427415   -0.284536677    0.125096085
   53.658773307   -0.296353806    0.128860002
   53.687119199   -0.306266889    0.132583214
   53.715465091   -0.314094449    0.136266087
   53.743810983   -0.319794819    0.139909281
   53.772156874   -0.323464207    0.143513490
   53.800502766   -0.325300973    0.147079351
   53.828848658   -0.325545589    0.150607576
   53.857194550   -0.324413192    0.154099276
   53.885540442   -0.322038086    0.157556410
   53.913886334   -0.318446317    0.160982214
   53.942232226   -0.313564385    0.164381475
   53.970578117   -0.307261598    0.167760503
   53.998924009   -0.299413552    0.171126747
   54.027269901   -0.289967752    0.174488060
   54.055615793   -0.278991367    0.177851708
   54.083961685   -0.266685989    0.181223297
   54.112307577   -0.253363684    0.184605832
   54.140653469   -0.239389931    0.187999097
   54.168999361   -0.225109083    0.191399513
   54.197345252   -0.210773648    0.194800525
   54.225691144   -0.196498449    0.198193475
   54.254037036   -0.182254246    0.201568796
   54.282382928   -0.167904582    0.204917325
   54.310728820   -0.153277207    0.208231485
   54.339074712   -0.138250992    0.211506113
   54.367420604   -0.122833673    0.214738810
   54.395766496   -0.107206847    0.217929774
   54.424112387   -0.091722205    0.221081182
   54.452458279   -0.076845286    0.224196292
   54.480804171   -0.063056854    0.227278489
   54.509150063   -0.050733804    0.230330475
   54.537495955   -0.040038082    0.233353778
   54.565841847   -0.030841704    0.236348664
   54.594187739   -0.022708516    0.239314432
   54.622533630   -0.014940620    0.242249976
   54.650879522   -0.006682460    0.245154469
   54.679225414    0.002937848    0.248027956
   54.707571306    0.014659136    0.250871740
   54.735917198    0.028960886    0.253688453
   54.764263090    0.045985935    0.256481820
   54.792608982    0.065527145    0.259256206
   54.820954874    0.087078835    0.262016066
   54.849300765    0.109939984    0.264765456
   54.877646657    0.133345790    0.267507724
   54.905992549    0.156599405    0.270245435
   54.934338441    0.179177420    0.272980536
   54.962684333    0.200790050    0.275714661
   54.991030225    0.221388054    0.278449485
   55.019376117    0.241120415    0.281186978
   55.047722008    0.260256941    0.283929487
   55.076067900    0.279096051    0.286679624
   55.104413792    0.297879185    0.289439994
   55.132759684    0.316729485    0.292212861
   55.161105576    0.335625232    0.294999894
   55.189451468    0.354409690    0.297802083
   55.217797360    0.372830866    0.300619901
   55.246143252    0.390598890    0.303453673
   55.274489143    0.407446337    0.306304080
   55.302835035    0.423178022    0.309172622
   55.331180927    0.437700792    0.312061889
   55.359526819    0.451029512    0.314975506
   55.387872711    0.463271118    0.317917689
   55.416218603    0.474593182    0.320892472
   55.444564495    0.485185845    0.323902740
   55.472910387    0.495226134    0.326949297
   55.501256278    0.504851759    0.330030203
   55.529602170    0.514148270    0.333140560
   55.557948062    0.523149898    0.336272879
   55.586293954    0.531851308    0.339417970
   55.614639846    0.540225509    0.342566223
   55.642985738    0.548242623    0.345709025
   55.671331630    0.555884926    0.348840020
   55.699677521    0.563155243    0.351955969
   55.728023413    0.570077866    0.355057025
   55.756369305    0.576693073    0.358146383
   55.784715197    0.583047722    0.361229426
   55.813061089    0.589184992    0.364312548
   55.841406981    0.595136086    0.367401953
   55.869752873    0.600915872    0.370502668
   55.898098765    0.606523194    0.373617970
   55.926444656    0.611945310    0.376749315
   55.954790548    0.617164944    0.379896689
   55.983136440    0.622167895    0.383059252
   56.011482332    0.626949175    0.386236059
   56.039828224    0.631516166    0.389426622
   56.068174116    0.635888155    0.392631198
   56.096520008    0.640092553    0.395850715
   56.124865900    0.644158963    0.399086402
   56.153211791    0.648112765    0.402339262
   56.181557683    0.651969965    0.405609551
   56.209903575    0.655734657    0.408896436
   56.238249467    0.659399739    0.412197942
   56.266595359    0.662950630    0.415511196
   56.294941251    0.666370927    0.418832889
   56.323287143    0.669648431    0.422159828
   56.351633034    0.672779856    0.425489404
   56.379978926    0.675772939    0.428819836
   56.408324818    0.678645343    0.432150130
   56.436670710    0.681420691    0.435479766
   56.465016602    0.684122841    0.438808212
   56.493362494    0.686770048    0.442134419
   56.521708386    0.689370671    0.445456454
   56.550054278    0.691921701    0.448771391
   56.578400169    0.694410532    0.452075501
   56.606746061    0.696819496    0.455364703
   56.635091953    0.699131868    0.458635150
   56.663437845    0.701337589    0.461883806
   56.691783737    0.703437029    0.465108857
   56.720129629    0.705441667    0.468309855
   56.748475521    0.707371454    0.471487586
   56.776821412    0.709249616    0.474643713
   56.805167304    0.711096419    0.477780330
   56.833513196    0.712923739    0.480899578
   56.861859088    0.714732074    0.484003449
   56.890204980    0.716510911    0.487093865
   56.918550872    0.718242381    0.490172991
   56.946896764    0.719907118    0.493243719
   56.975242656    0.721490607    0.496310155
   57.003588547    0.722988081    0.499377954
   57.031934439    0.724406505    0.502454386
   57.060280331    0.725763002    0.505548056
   57.088626223    0.727080183    0.508668343
   57.116972115    0.728379754    0.511824637
   57.145318007    0.729676350    0.515025561
   57.173663899    0.730973448    0.518278325
   57.202009791    0.732262641    0.521588344
   57.230355682    0.733526505    0.524959177
   57.258701574    0.734744224    0.528392741
   57.287047466    0.735898266    0.531889702
   57.315393358    0.736980087    0.535449903
   57.343739250    0.737993107    0.539072684
   57.372085142    0.738952038    0.542757007
   57.400431034    0.739878737    0.546501357
   57.428776925    0.740795845    0.550303482
   57.457122817    0.741720137    0.554160078
   57.485468709    0.742657634    0.558066552
   57.513814601    0.743601982    0.562016969
   57.542160493    0.744536610    0.566004247
   57.570506385    0.745440029    0.570020577
   57.598852277    0.746292657    0.574057969
   57.627198169    0.747083077    0.578108809
   57.655544060    0.747811798    0.582166266
   57.683889952    0.748491351    0.586224476
   57.712235844    0.749142682    0.590278439
   57.740581736    0.749788927    0.594323695
   57.768927628    0.750448488    0.598355888
   57.797273520    0.751129545    0.602370354
   57.825619412    0.751827689    0.606361881
   57.853965303    0.752527438    0.610324719
   57.882311195    0.753207154    0.614252866
   57.910657087    0.753845881    0.618140534
   57.939002979    0.754429972    0.621982697
   57.967348871    0.754957474    0.625775528
   57.995694763    0.755438899    0.629516626
   58.024040655    0.755894143    0.633204932
   58.052386547    0.756346492    0.636840367
   58.080732438    0.756815568    0.640423290
   58.109078330    0.757311390    0.643953915
   58.137424222    0.757831394    0.647431892
   58.165770114    0.758361344    0.650856159
   58.194116006    0.758879846    0.654225141
   58.222461898    0.759365081    0.657537259
   58.250807790    0.759801670    0.660791613
   58.279153682    0.760185551    0.663988651
   58.307499573    0.760525346    0.667130608
   58.335845465    0.760839800    0.670221569
   58.364191357    0.761152078    0.673267062
   58.392537249    0.761482688    0.676273226
   58.420883141    0.761843223    0.679245700
   58.449229033    0.762232866    0.682188453
   58.477574925    0.762638732    0.685102803
   58.505920816    0.763039954    0.687986843
   58.534266708    0.763414238    0.690835416
   58.562612600    0.763744856    0.693640638
   58.590958492    0.764025909    0.696392906
   58.619304384    0.764264220    0.699082157
   58.647650276    0.764477293    0.701699167
   58.675996168    0.764687940    0.704236635
   58.704342060    0.764917278    0.706689861
   58.732687951    0.765178247    0.709056948
   58.761033843    0.765471674    0.711338509
   58.789379735    0.765786092    0.713537014
   58.817725627    0.766101377    0.715655934
   58.846071519    0.766395062    0.717698884
   58.874417411    0.766649368    0.719668927
   58.902763303    0.766856770    0.721568176
   58.931109194    0.767022373    0.723397707
   58.959455086    0.767162362    0.725157782
   58.987800978    0.767299014    0.726848265
   59.016146870    0.767453828    0.728469121
   59.044492762    0.767640904    0.730020876
   59.072838654    0.767862628    0.731504927
   59.101184546    0.768109002    0.732923669
   59.129530438    0.768360813    0.734280413
   59.157876329    0.768595659    0.735579151
   59.186222221    0.768794949    0.736824214
   59.214568113    0.768949708    0.738019915
   59.242914005    0.769063381    0.739170240
   59.271259897    0.769150779    0.740278631
   59.299605789    0.769233496    0.741347885
   59.327951681    0.769333229    0.742380174
   59.356297573    0.769465082    0.743377144
   59.384643464    0.769632928    0.744340070
   59.412989356    0.769828263    0.745270034
   59.441335248    0.770032915    0.746168065
   59.469681140    0.770224728    0.747035246
   59.498027032    0.770384490    0.747872766
   59.526372924    0.770501909    0.748681912
   59.554718816    0.770578821    0.749464026
   59.583064707    0.770628619    0.750220432
   59.611410599    0.770672096    0.750952366
   59.639756491    0.770731000    0.751660919
   59.668102383    0.770821309    0.752347010
   59.696448275    0.770948316    0.753011395
   59.724794167    0.771105031    0.753654703
   59.753140059    0.771274409    0.754277500
   59.781485951    0.771434690    0.754880350
   59.809831842    0.771566181    0.755463871
   59.838177734    0.771657390    0.756028764
   59.866523626    0.771708589    0.756575810
   59.894869518    0.771731726    0.757105835
   59.923215410    0.771746706    0.757619653
   59.951561302    0.771775214    0.758118011
   59.979907194    0.771834002    0.758601535
   60.008253085    0.771929720    0.759070713
   60.036598977    0.772056895    0.759525908
   60.064944869    0.772199677    0.759967394
   60.093290761    0.772336801    0.760395426
   60.121636653    0.772448214    0.760810298
   60.149982545    0.772521316    0.761212390
   60.178328437    0.772554863    0.761602187
   60.206674329    0.772559349    0.761980256
   60.235020220    0.772553730    0.762347195
   60.263366112    0.772559542    0.762703574
   60.291712004    0.772594222    0.763049871
   60.320057896    0.772665721    0.763386431
   60.348403788    0.772770067    0.763713469
   60.376749680    0.772892641    0.764031100
   60.405095572    0.773012750    0.764339396
   60.433441464    0.773110070    0.764638464
   60.461787355    0.773170975    0.764928493
   60.490133247    0.773192756    0.765209792
   60.518479139    0.773184460    0.765482775
   60.546825031    0.773164061    0.765747916
   60.575170923    0.773152879    0.766005685
   60.603516815    0.773168960    0.766256478
   60.631862707    0.773221494    0.766500566
   60.660208598    0.773307984    0.766738082
   60.688554490    0.773415052    0.766969048
   60.716900382    0.773522624    0.767193432
   60.745246274    0.773610186    0.767411219
   60.773592166    0.773663159    0.767622478
   60.801938058    0.773677433    0.767827402
   60.830283950    0.773660631    0.768026302
   60.858629842    0.773629731    0.768219572
   60.886975733    0.773605786    0.768407620
   60.915321625    0.773607385    0.768590793
   60.943667517    0.773644887    0.768769321
   60.972013409    0.773717224    0.768943294
   61.000359301    0.773812251    0.769112680
   61.028705193    0.773910550    0.769277381
   61.057051085    0.773991473    0.769437305
   61.085396976    0.774039575    0.769592437
   61.113742868    0.774049409    0.769742888
   61.142088760    0.774027220    0.769888899
   61.170434652    0.773988989    0.770030804
   61.198780544    0.773955462    0.770168969
   61.227126436    0.773945700    0.770303712
   61.255472328    0.773971154    0.770435241
   61.283818220    0.774032125    0.770563624
   61.312164111    0.774117677    0.770688799
   61.340510003    0.774209064    0.770810626
   61.368855895    0.774285571    0.770928961
   61.397201787    0.774330966    0.771043732
   61.425547679    0.774338550    0.771154987
   61.453893571    0.774313243    0.771262911
   61.482239463    0.774270039    0.771367796
   61.510585355    0.774229342    0.771469976
   61.538931246    0.774210608    0.771569752
   61.567277138    0.774226297    0.771667320
   61.595623030    0.774277999    0.771762738
   61.623968922    0.774355958    0.771855931
   61.652314814    0.774442113    0.771946732
   61.680660706    0.774515744    0.772034964
   61.709006598    0.774559925    0.772120509
   61.737352489    0.774566797    0.772203370
   61.765698381    0.774540018    0.772283688
   61.794044273    0.774493613    0.772361718
   61.822390165    0.774447601    0.772437774
   61.850736057    0.774421756    0.772512142
   61.879081949    0.774429444    0.772585017
   61.907427841    0.774473469    0.772656455
   61.935773733    0.774545204    0.772726374
   61.964119624    0.774627297    0.772794598
   61.992465516    0.774699089    0.772860922
   62.020811408    0.774743059    0.772925197
   62.049157300    0.774750290    0.772987388
   62.077503192    0.774723246    0.773047601
   62.105849084    0.774674995    0.773106062
   62.134194976    0.774625129    0.773163066
   62.162540867    0.774593646    0.773218892
   62.190886759    0.774594715    0.773273735
   62.219232651    0.774632261    0.773327656
   62.247578543    0.774698754    0.773380573
   62.275924435    0.774777567    0.773432305
   62.304270327    0.774848179    0.773482630
   62.332616219    0.774892583    0.773531375
   62.360962111    0.774900907    0.773578475
   62.389308002    0.774874489    0.773624004
   62.417653894    0.774825449    0.773668166
   62.445999786    0.774772896    0.773711237
   62.474345678    0.774736954    0.773753492
   62.502691570    0.774732485    0.773795130
   62.531037462    0.774764449    0.773836217
   62.559383354    0.774826374    0.773876680
   62.587729246    0.774902392    0.773916334
   62.616075137    0.774972205    0.773954948
   62.644421029    0.775017432    0.773992331
   62.672766921    0.775027351    0.774028390
   62.701112813    0.775002233    0.774063176
   62.729458705    0.774953248    0.774096868
   62.757804597    0.774898959    0.774129730
   62.786150489    0.774859514    0.774162033
   62.814496380    0.774850353    0.774193980
   62.842842272    0.774877391    0.774225647
   62.871188164    0.774935192    0.774256968
   62.899534056    0.775008684    0.774287761
   62.927879948    0.775077883    0.774317792
   62.956225840    0.775124152    0.774346851
   62.984571732    0.775136011    0.774374827
   63.012917624    0.775112720    0.774401745
   63.041263515    0.775064484    0.774427767
   63.069609407    0.775009248    0.774453142
   63.097955299    0.774967075    0.774478140
   63.126301191    0.774953878    0.774502968
   63.154647083    0.774976458    0.774527711
   63.182992975    0.775030399    0.774552315
   63.211338867    0.775101476    0.774576603
   63.239684758    0.775170119    0.774600337
   63.268030650    0.775217536    0.774623297
   63.296376542    0.775231586    0.774645354
   63.324722434    0.775210548    0.774666513
   63.353068326    0.775163640    0.774686915
   63.381414218    0.775108110    0.774706800
   63.409760110    0.775063834    0.774726433
   63.438106002    0.775047099    0.774746026
   63.466451893    0.775065534    0.774765676
   63.494797785    0.775115748    0.774785340
   63.523143677    0.775184418    0.774804847
   63.551489569    0.775252481    0.774823961
   63.579835461    0.775301096    0.774842453
   63.608181353    0.775317527    0.774860178
   63.636527245    0.775299099    0.774877121
   63.664873137    0.775254008    0.774893409
   63.693219028    0.775198727    0.774909268
   63.721564920    0.775152844    0.774924961
   63.749910812    0.775132941    0.774940704
   63.778256704    0.775147433    0.774956605
   63.806602596    0.775193963    0.774972632
   63.834948488    0.775260176    0.774988625
   63.863294380    0.775327601    0.775004349
   63.891640271    0.775377436    0.775019569
   63.919986163    0.775396407    0.775034126
   63.948332055    0.775380894    0.775047990
   63.976677947    0.775338028    0.775061269
   64.005023839    0.775283431    0.775074180
   64.033369731    0.775236322    0.775086980
   64.061715623    0.775213512    0.775099891
   64.090061515    0.775224174    0.775113031
   64.118407406    0.775267009    0.775126380
   64.146753298    0.775330687    0.775139788
   64.175099190    0.775397410    0.775153025
   64.203445082    0.775448481    0.775165850
   64.231790974    0.775470129    0.775178096
   64.260136866    0.775457784    0.775189714
   64.288482758    0.775417472    0.775200798
   64.316828649    0.775363898    0.775211552
   64.345174541    0.775315843    0.775222230
   64.373520433    0.775290299    0.775233058
   64.401866325    0.775297189    0.775244163
   64.430212217    0.775336294    0.775255538
   64.458558109    0.775397364    0.775267044
   64.486904001    0.775463334    0.775278456
   64.515249893    0.775515662    0.775289532
   64.543595784    0.775540104    0.775300094
   64.571941676    0.775531130    0.775310079
   64.600287568    0.775493623    0.775319566
   64.628633460    0.775441319    0.775328747
   64.656979352    0.775392512    0.775337870
   64.685325244    0.775364349    0.775347165
   64.713671136    0.775367496    0.775356769
   64.742017028    0.775402843    0.775366687
   64.770362919    0.775461255    0.775376792
   64.798708811    0.775526446    0.775386865
   64.827054703    0.775580060    0.775396665
   64.855400595    0.775607388    0.775406004
   64.883746487    0.775601932    0.775414807
   64.912092379    0.775567400    0.775423136
   64.940438271    0.775516528    0.775431173
   64.968784162    0.775467097    0.775439159
   64.997130054    0.775436390    0.775447326
   65.025475946    0.775435822    0.775455820
   65.053821838    0.775467406    0.775464661
   65.082167730    0.775523148    0.775473732
   65.110513622    0.775587561    0.775482824
   65.138859514    0.775642489    0.775491694
   65.167205406    0.775672762    0.775500149
   65.195551297    0.775670905    0.775508100
   65.223897189    0.775639441    0.775515595
   65.252243081    0.775590092    0.775522802
   65.280588973    0.775540115    0.775529958
   65.308934865    0.775506926    0.775537295
   65.337280757    0.775502691    0.775544968
   65.365626649    0.775530548    0.775553009
   65.393972540    0.775583650    0.775561316
   65.422318432    0.775647307    0.775569687
   65.450664324    0.775703566    0.775577882
   65.479010216    0.775736799    0.775585700
   65.507356108    0.775738553    0.775593042
   65.535702000    0.775710176    0.775599940
   65.564047892    0.775662382    0.775606549
   65.592393784    0.775611910    0.775613100
   65.620739675    0.775576312    0.775619825
   65.649085567    0.775568496    0.775626888
   65.677431459    0.775592711    0.775634334
   65.705777351    0.775643238    0.775642073
   65.734123243    0.775706172    0.775649914
   65.762469135    0.775763755    0.775657619
   65.790815027    0.775799904    0.775664983
   65.819160919    0.775805213    0.775671893
   65.847506810    0.775779878    0.775678368
   65.875852702    0.775733632    0.775684549
   65.904198594    0.775682712    0.775690660
   65.932544486    0.775644805    0.775696934
   65.960890378    0.775633541    0.775703542
   65.989236270    0.775654247    0.775710541
   66.017582162    0.775702293    0.775717857
   66.045928053    0.775764530    0.775725307
   66.074273945    0.775823390    0.775732658
   66.102619837    0.775862351    0.775739699
   66.130965729    0.775871092    0.775746307
   66.159311621    0.775848704    0.775752486
   66.187657513    0.775803981    0.775758364
   66.216003405    0.775752678    0.775764156
   66.244349297    0.775712607    0.775770096
   66.272695188    0.775698080    0.775776361
   66.301041080    0.775715449    0.775783023
   66.329386972    0.775761120    0.775790021
   66.357732864    0.775822666    0.775797182
   66.386078756    0.775882703    0.775804278
   66.414424648    0.775924308    0.775811092
   66.442770540    0.775936301    0.775817493
   66.471116431    0.775916736    0.775823468
   66.499462323    0.775873514    0.775829133
   66.527808215    0.775821929    0.775834695
   66.556154107    0.775779889    0.775840387
   66.584499999    0.775762334    0.775846394
   66.612845891    0.775776566    0.775852798
   66.641191783    0.775819960    0.775859554
   66.669537675    0.775880780    0.775866500
   66.697883566    0.775941838    0.775873412
   66.726229458    0.775985860    0.775880070
   66.754575350    0.776000885    0.775886331
   66.782921242    0.775984007    0.775892170
   66.811267134    0.775942291    0.775897689
   66.839613026    0.775890569    0.775903086
   66.867958918    0.775846809    0.775908592
   66.896304810    0.775826500    0.775914401
   66.924650701    0.775837802    0.775920607
   66.952996593    0.775878994    0.775927177
   66.981342485    0.775939004    0.775933962
   67.009688377    0.776000865    0.775940742
   67.038034269    0.776047027    0.775947294
   67.066380161    0.776064843    0.775953464
   67.094726053    0.776050532    0.775959215
   67.123071944    0.776010364    0.775964636
   67.151417836    0.775958706    0.775969915
   67.179763728    0.775913522    0.775975283
   67.208109620    0.775890751    0.775980939
   67.236455512    0.775899321    0.775986989
   67.264801404    0.775938345    0.775993415
   67.293147296    0.775997401    0.776000078
   67.321493188    0.776059795    0.776006762
   67.349839079    0.776107789    0.776013244
   67.378184971    0.776128155    0.776019360
   67.406530863    0.776116320    0.776025058
   67.434876755    0.776077798    0.776030415
   67.463222647    0.776026457    0.776035611
   67.491568539    0.775980176    0.776040875
   67.519914431    0.775955242    0.776046411
   67.548260322    0.775961244    0.776052338
   67.576606214    0.775998078    0.776058650
   67.604952106    0.776055981    0.776065219
   67.633297998    0.776118595    0.776071834
   67.661643890    0.776168101    0.776078271
   67.689989782    0.776190799    0.776084357
   67.718335674    0.776181400    0.776090027
   67.746681566    0.776144674    0.776095345
   67.775027457    0.776093947    0.776100484
   67.803373349    0.776046914    0.776105669
   67.831719241    0.776020091    0.776111111
   67.860065133    0.776023643    0.776116939
   67.888411025    0.776058207    0.776123158
   67.916756917    0.776114705    0.776129653
   67.945102809    0.776177203    0.776136219
   67.973448701    0.776227912    0.776142628
   68.001794592    0.776252767    0.776148701
   68.030140484    0.776245821    0.776154361
   68.058486376    0.776211097    0.776159659
   68.086832268    0.776161308    0.776164760
   68.115178160    0.776113858    0.776169886
   68.143524052    0.776085383    0.776175253
   68.171869944    0.776086542    0.776180998
   68.200215835    0.776118697    0.776187142
   68.228561727    0.776173503    0.776193577
   68.256907619    0.776235547    0.776200105
   68.285253511    0.776287186    0.776206499
   68.313599403    0.776314080    0.776212570
   68.341945295    0.776309664    0.776218231
   68.370291187    0.776277188    0.776223523
   68.398637079    0.776228669    0.776228600
   68.426982970    0.776181107    0.776233682
   68.455328862    0.776151157    0.776238989
   68.483674754    0.776149917    0.776244666
   68.512020646    0.776179475    0.776250746
   68.540366538    0.776232286    0.776257131
   68.568712430    0.776293560    0.776263630
   68.597058322    0.776345909    0.776270014
   68.625404213    0.776374789    0.776276091
   68.653750105    0.776373035    0.776281763
   68.682095997    0.776343075    0.776287058
   68.710441889    0.776296141    0.776292123
   68.738787781    0.776248723    0.776297174
   68.767133673    0.776217409    0.776302432
   68.795479565    0.776213700    0.776308052
   68.823825457    0.776240440    0.776314075
   68.852171348    0.776290961    0.776320417
   68.880517240    0.776351197    0.776326891
   68.908863132    0.776404103    0.776333271
   68.937209024    0.776434982    0.776339358
   68.965554916    0.776436061    0.776345046
   68.993900808    0.776408888    0.776350353
   69.022246700    0.776363812    0.776355414
   69.050592592    0.776316725    0.776360443
   69.078938483    0.776284086    0.776365662
   69.107284375    0.776277790    0.776371232
   69.135630267    0.776301481    0.776377205
   69.163976159    0.776349448    0.776383507
   69.192322051    0.776408441    0.776389959
   69.220667943    0.776461826    0.776396337
   69.249013835    0.776494776    0.776402438
   69.277359726    0.776498880    0.776408146
   69.305705618    0.776474738    0.776413470
   69.334051510    0.776431734    0.776418536
   69.362397402    0.776385087    0.776423551
   69.390743294    0.776351096    0.776428738
   69.419089186    0.776342064    0.776434264
   69.447435078    0.776362489    0.776440192
   69.475780970    0.776407696    0.776446455
   69.504126861    0.776465319    0.776452886
   69.532472753    0.776519176    0.776459261
   69.560818645    0.776554309    0.776465377
   69.589164537    0.776561626    0.776471110
   69.617510429    0.776540709    0.776476456
   69.645856321    0.776499911    0.776481533
   69.674202213    0.776453736    0.776486541
   69.702548104    0.776418314    0.776491702
   69.730893996    0.776406390    0.776497189
   69.759239888    0.776423375    0.776503073
   69.787585780    0.776465690    0.776509299
   69.815931672    0.776521899    0.776515707
   69.844277564    0.776576283    0.776522080
   69.872623456    0.776613729    0.776528211
   69.900969348    0.776624415    0.776533970
   69.929315239    0.776606847    0.776539344
   69.957661131    0.776568304    0.776544437
   69.986007023    0.776522561    0.776549445
   70.014352915    0.776485599    0.776554585
   70.042698807    0.776470647    0.776560036
   70.071044699    0.776484082    0.776565876
   70.099390591    0.776523459    0.776572064
   70.127736483    0.776578288    0.776578448
   70.156082374    0.776633298    0.776584818
   70.184428266    0.776673179    0.776590965
   70.212774158    0.776687330    0.776596753
   70.241120050    0.776673149    0.776602158
   70.269465942    0.776636826    0.776607274
   70.297811834    0.776591421    0.776612285
   70.326157726    0.776552806    0.776617409
   70.354503617    0.776534739    0.776622825
   70.382849509    0.776544595    0.776628622
   70.411195401    0.776581079    0.776634770
   70.439541293    0.776634628    0.776641129
   70.467887185    0.776690378    0.776647493
   70.496233077    0.776732777    0.776653657
   70.524578969    0.776750414    0.776659476
   70.552924861    0.776739564    0.776664916
   70.581270752    0.776705350    0.776670059
   70.609616644    0.776660160    0.776675079
   70.637962536    0.776619803    0.776680188
   70.666308428    0.776598605    0.776685570
   70.694654320    0.776604949    0.776691324
   70.723000212    0.776638668    0.776697429
   70.751346104    0.776691079    0.776703760
   70.779691995    0.776747671    0.776710119
   70.808037887    0.776792610    0.776716300
   70.836383779    0.776813659    0.776722153
   70.864729671    0.776805995    0.776727632
   70.893075563    0.776773724    0.776732806
   70.921421455    0.776728623    0.776737838
   70.949767347    0.776686490    0.776742935
   70.978113239    0.776662234    0.776748284
   71.006459130    0.776665228    0.776753991
   71.034805022    0.776696376    0.776760052
   71.063150914    0.776747805    0.776766352
   71.091496806    0.776805299    0.776772704
   71.119842698    0.776852713    0.776778903
   71.148188590    0.776877003    0.776784794
   71.176534482    0.776872304    0.776790316
   71.204880374    0.776841781    0.776795525
   71.233226265    0.776796675    0.776800572
   71.261572157    0.776752808    0.776805658
   71.289918049    0.776725668    0.776810972
   71.318263941    0.776725558    0.776816630
   71.346609833    0.776754370    0.776822643
   71.374955725    0.776804958    0.776828911
   71.403301617    0.776863345    0.776835255
   71.431647508    0.776913072    0.776841474
   71.459993400    0.776940339    0.776847405
   71.488339292    0.776938327    0.776852976
   71.516685184    0.776909362    0.776858225
   71.545031076    0.776864214    0.776863289
   71.573376968    0.776818753    0.776868364
   71.601722860    0.776788998    0.776873640
   71.630068752    0.776786098    0.776879244
   71.658414643    0.776812821    0.776885204
   71.686760535    0.776862659    0.776891436
   71.715106427    0.776921838    0.776897772
   71.743452319    0.776973616    0.776904015
   71.771798211    0.777003518    0.776909993
   71.800144103    0.777003893    0.776915620
   71.828489995    0.776976330    0.776920915
   71.856835886    0.776931188    0.776926001
   71.885181778    0.776884374    0.776931063
   71.913527670    0.776852362    0.776936294
   71.941873562    0.776847023    0.776941835
   71.970219454    0.776871881    0.776947731
   71.998565346    0.776920985    0.776953920
   72.026911238    0.776980753    0.776960249
   72.055257130    0.777034222    0.776966522
   72.083603021    0.777066368    0.776972563
   72.111948913    0.777068838    0.776978265
   72.140294805    0.777042587    0.776983622
   72.168640697    0.776997602    0.776988736
   72.196986589    0.776949777    0.776993778
   72.225332481    0.776915930    0.776998942
   72.253678373    0.776908507    0.777004386
   72.282024265    0.776931668    0.777010183
   72.310370156    0.776979956    0.777016306
   72.338716048    0.777040004    0.777022628
   72.367061940    0.777094730    0.777028969
   72.395407832    0.777128709    0.777035141
   72.423753724    0.777133025    0.777041005
   72.452099616    0.777108090    0.777046503
   72.480445508    0.777063520    0.777051673
   72.508791399    0.777015114    0.777056637
   72.537137291    0.776979885    0.777061564
   72.565483183    0.776970705    0.777066638
   72.593829075    0.776992250    0.777072024
   72.622174967    0.777039530    0.777077859
   72.650520859    0.777099453    0.777084266
   72.678866751    0.777154956    0.777091377
   72.707212643    0.777190371    0.777099373
   72.735558534    0.777196362    0.777108507
   72.763904426    0.777172857    0.777119106
   72.792250318    0.777129065    0.777131552
   72.820596210    0.777080568    0.777146233
   72.848942102    0.777044410    0.777163483
   72.877287994    0.777033731    0.777183529
   72.905633886    0.777053637    0.777206456
   72.933979777    0.777099605    0.777232201
   72.962325669    0.777158923    0.777260593
   72.990671561    0.777214707    0.777291403
   73.019017453    0.777251219    0.777324426
   73.047363345    0.777258816    0.777359531
   73.075709237    0.777236970    0.777396709
   73.104055129    0.777194405    0.777436066
   73.132401021    0.777146337    0.777477788
   73.160746912    0.777109662    0.777522089
   73.189092804    0.777097648    0.777569137
   73.217438696    0.777115771    0.777619006
   73.245784588    0.777160024    0.777671655
   73.274130480    0.777218211    0.777726937
   73.302476372    0.777273806    0.777784650
   73.330822264    0.777311161    0.777844597
   73.359168156    0.777320416    0.777906646
   73.387514047    0.777300567    0.777970776
   73.415859939    0.777259744    0.778037077
   73.444205831    0.777212617    0.778105726
   73.472551723    0.777175762    0.778176932
   73.500897615    0.777162456    0.778250868
   73.529243507    0.777178533    0.778327620
   73.557589399    0.777220590    0.778407158
   73.585935290    0.777277110    0.778489349
   73.614281182    0.777332108    0.778573993
   73.642627074    0.777370167    0.778660889
   73.670972966    0.777381257    0.778749897
   73.699318858    0.777363840    0.778840982
   73.727664750    0.777325301    0.778934223
   73.756010642    0.777279580    0.779029792
   73.784356534    0.777242773    0.779127896
   73.812702425    0.777228091    0.779228717
   73.841048317    0.777241749    0.779332352
   73.869394209    0.777281080    0.779438784
   73.897740101    0.777335423    0.779547886
   73.926085993    0.777389513    0.779659461
   73.954431885    0.777428268    0.779773306
   73.982777777    0.777441491    0.779889270
   74.011123668    0.777427009    0.780007307
   74.039469560    0.777391289    0.780127487
   74.067815452    0.777347359    0.780249976
   74.096161344    0.777310702    0.780374981
   74.124507236    0.777294427    0.780502691
   74.152853128    0.777305206    0.780633213
   74.181199020    0.777341262    0.780766539
   74.209544912    0.777392984    0.780902551
   74.237890803    0.777445974    0.781041056
   74.266236695    0.777485554    0.781181844
   74.294582587    0.777501316    0.781324761
   74.322928479    0.777490312    0.781469748
   74.351274371    0.777457908    0.781616867
   74.379620263    0.777416045    0.781766278
   74.407966155    0.777379502    0.781918190
   74.436312047    0.777361293    0.782072794
   74.464657938    0.777368667    0.782230205
   74.493003830    0.777400915    0.782390426
   74.521349722    0.777449657    0.782553346
   74.549695614    0.777501490    0.782718774
   74.578041506    0.777542157    0.782886502
   74.606387398    0.777560954    0.783056367
   74.634733290    0.777553989    0.783228303
   74.663079181    0.777525332    0.783402364
   74.691425073    0.777485695    0.783578702
   74.719770965    0.777449090    0.783757525
   74.748116857    0.777428497    0.783939027
   74.776462749    0.777431891    0.784123330
   74.804808641    0.777459828    0.784310445
   74.833154533    0.777505330    0.784500268
   74.861500425    0.777556078    0.784692614
   74.889846316    0.777598221    0.784887276
   74.918192208    0.777620628    0.785084086
   74.946538100    0.777618273    0.785282972
   74.974883992    0.777593737    0.785483977
   75.003229884    0.777556370    0.785687249
   75.031575776    0.777519398    0.785892990
   75.059921668    0.777495863    0.786101395
   75.088267559    0.777494645    0.786312590
   75.116613451    0.777517775    0.786526596
   75.144959343    0.777559847    0.786743316
   75.173305235    0.777609700    0.786962574
   75.201651127    0.777653835    0.787184163
   75.229997019    0.777680535    0.787407916
   75.258342911    0.777683421    0.787633753
   75.286688803    0.777663375    0.787861710
   75.315034694    0.777628254    0.788091923
   75.343380586    0.777590488    0.788324588
   75.371726478    0.777563296    0.788559899
   75.400072370    0.777556683    0.788797987
   75.428418262    0.777574402    0.789038878
   75.456764154    0.777612827    0.789282488
   75.485110046    0.777662050    0.789528648
   75.513455938    0.777708877    0.789777160
   75.541801829    0.777740817    0.790027855
   75.570147721    0.777749858    0.790280648
   75.598493613    0.777734887    0.790535564
   75.626839505    0.777702047    0.790792727
   75.655185397    0.777662896    0.791052325
   75.683531289    0.777630946    0.791314545
   75.711877181    0.777617609    0.791579522
   75.740223072    0.777628756    0.791847290
   75.768568964    0.777662941    0.792117778
   75.796914856    0.777711797    0.792390832
   75.825260748    0.777762499    0.792666260
   75.853606640    0.777801567    0.792943898
   75.881952532    0.777818869    0.793223655
   75.910298424    0.777810641    0.793505542
   75.938644316    0.777780647    0.793789670
   75.966990207    0.777739116    0.794076209
   75.995336099    0.777699798    0.794365341
   76.023681991    0.777675988    0.794657200
   76.052027883    0.777676678    0.794951830
   76.080373775    0.777703949    0.795249179
   76.108719667    0.777752328    0.795549110
   76.137065559    0.777810266    0.795851449
   76.165411450    0.777863284    0.796156035
   76.193757342    0.777897864    0.796462772
   76.222103234    0.777905019    0.796771655
   76.250449126    0.777882593    0.797082770
   76.278795018    0.777835792    0.797396267
   76.307140910    0.777775963    0.797712311
   76.335486802    0.777718169    0.798031033
   76.363832694    0.777678380    0.798352494
   76.392178585    0.777671138    0.798676665
   76.420524477    0.777708272    0.799003442
   76.448870369    0.777798826    0.799332678
   76.477216261    0.777949875    0.799664228
   76.505562153    0.778167611    0.799997990
   76.533908045    0.778457985    0.800333935
   76.562253937    0.778826419    0.800672105
   76.590599829    0.779276472    0.801012601
   76.618945720    0.779807855    0.801355551
   76.647291612    0.780414524    0.801701072
   76.675637504    0.781083679    0.802049240
   76.703983396    0.781796354    0.802400081
   76.732329288    0.782529774    0.802753574
   76.760675180    0.783261124    0.803109662
   76.789021072    0.783971838    0.803468275
   76.817366963    0.784651246    0.803829339
   76.845712855    0.785298497    0.804192777
   76.874058747    0.785922094    0.804558488
   76.902404639    0.786537036    0.804926320
   76.930750531    0.787160281    0.805296050
   76.959096423    0.787805748    0.805667361
   76.987442315    0.788480279    0.806039857
   77.015788207    0.789181722    0.806413092
   77.044134098    0.789899700    0.806786625
   77.072479990    0.790618848    0.807160078
   77.100825882    0.791323542    0.807533194
   77.129171774    0.792002698    0.807905871
   77.157517666    0.792653176    0.808278155
   77.185863558    0.793280747    0.808650215
   77.214209450    0.793898305    0.809022277
   77.242555341    0.794521872    0.809394558
   77.270901233    0.795165624    0.809767200
   77.299247125    0.795837465    0.810140234
   77.327593017    0.796536545    0.810513571
   77.355938909    0.797253491    0.810887038
   77.384284801    0.797973310    0.811260426
   77.412630693    0.798680061    0.811633554
   77.440976585    0.799361840    0.812006325
   77.469322476    0.800014536    0.812378749
   77.497668368    0.800643148    0.812750940
   77.526014260    0.801260256    0.813123080
   77.554360152    0.801882096    0.813495362
   77.582706044    0.802523474    0.813867933
   77.611051936    0.803193099    0.814240853
   77.639397828    0.803890826    0.814614074
   77.667743720    0.804607666    0.814987457
   77.696089611    0.805328587    0.815360819
   77.724435503    0.806037233    0.815733984
   77.752781395    0.806721071    0.816106838
   77.781127287    0.807375354    0.816479361
   77.809473179    0.808004635    0.816851635
   77.837819071    0.808621359    0.817223816
   77.866164963    0.809241948    0.817596085
   77.894510854    0.809881631    0.817968596
   77.922856746    0.810549635    0.818341430
   77.951202638    0.811246265    0.818714566
   77.979548530    0.811962801    0.819087894
   78.007894422    0.812684235    0.819461246
   78.036240314    0.813394015    0.819834447
   78.064586206    0.814079264    0.820207371
   78.092932098    0.814734847    0.820579974
   78.121277989    0.815364989    0.820952311
   78.149623881    0.815981939    0.821324518
   78.177969773    0.816602090    0.821696769
   78.206315665    0.817240804    0.822069224
   78.234661557    0.817907559    0.822441982
   78.263007449    0.818602972    0.822815047
   78.291353341    0.819318622    0.823188332
   78.319699232    0.820039729    0.823561681
   78.348045124    0.820749838    0.823934920
   78.376391016    0.821436013    0.824307908
   78.404736908    0.822092910    0.824680582
   78.433082800    0.822724430    0.825052972
   78.461428692    0.823342450    0.825425198
   78.489774584    0.823963044    0.825797427
   78.518120476    0.824601397    0.826169827
   78.546466367    0.825267021    0.826542514
   78.574812259    0.825960794    0.826915516
   78.603158151    0.826674733    0.827288764
   78.631504043    0.827394566    0.827662115
   78.659849935    0.828104264    0.828035394
   78.688195827    0.828791097    0.828408445
   78.716541719    0.829449612    0.828781184
   78.744887611    0.830083290    0.829153622
   78.773233502    0.830703378    0.829525861
   78.801579394    0.831325287    0.829898065
   78.829925286    0.831963717    0.830270410
   78.858271178    0.832628054    0.830643029
   78.886617070    0.833319477    0.831015972
   78.914962962    0.834030676    0.831389189
   78.943308854    0.834748234    0.831762546
   78.971654745    0.835456896    0.832135865
   79.000000637    0.836144363    0.832508978
   79.028346529    0.836805099    0.832881780
   79.056692421    0.837441974    0.833254261
   79.085038313    0.838065257    0.833626509
   79.113384205    0.838689310    0.833998685
   79.141730097    0.839328056    0.834370974
   79.170075989    0.839990651    0.834743527
   79.198421880    0.840678709    0.835116414
   79.226767772    0.841385923    0.835489604
   79.255113664    0.842100151    0.835862970
   79.283459556    0.842807281    0.836236331
   79.311805448    0.843495636    0.836609506
   79.340151340    0.844159541    0.836982370
   79.368497232    0.844800958    0.837354891
   79.396843123    0.845428737    0.837727145
   79.425189015    0.846055745    0.838099290
   79.453534907    0.846694826    0.838471521
   79.481880799    0.847354863    0.838844006
   79.510226691    0.848038139    0.839216837
   79.538572583    0.848739798    0.839590000
   79.566918475    0.849449498    0.839963379
   79.595264367    0.850154699    0.840336787
   79.623610258    0.850844530    0.840710029
   79.651956150    0.851513039    0.841082958
   79.680302042    0.852160858    0.841455522
   79.708647934    0.852794816    0.841827780
   79.736993826    0.853425705    0.842199888
   79.765339718    0.854064921    0.842572049
   79.793685610    0.854721044    0.842944453
   79.822031502    0.855397384    0.843317218
   79.850377393    0.856091186    0.843690351
   79.878723285    0.856794666    0.844063749
   79.907069177    0.857497487    0.844437224
   79.935415069    0.858189868    0.844810562
   79.963760961    0.858865397    0.845183586
   79.992106853    0.859522719    0.845556211
   80.020452745    0.860165692    0.845928471
   80.048798636    0.860802040    0.846300508
   80.077144528    0.861441001    0.846672536
   80.105490420    0.862090690    0.847044778
   80.133836312    0.862755957    0.847417403
   80.162182204    0.863437282    0.847790479
   80.190528096    0.864130929    0.848163952
   80.218873988    0.864830185    0.848537659
   80.247219880    0.865527253    0.848911360
   80.275565771    0.866215223    0.849284788
   80.303911663    0.866889609    0.849657693
   80.332257555    0.867549163    0.850029865
   80.360603447    0.868195883    0.850401131
   80.388949339    0.868834389    0.850771338
   80.417295231    0.869470939    0.851140314
   80.445641123    0.870112358    0.851507840
   80.473987014    0.870765042    0.851873640
   80.502332906    0.871434090    0.852237392
   80.530678798    0.872122479    0.852598766
   80.559024690    0.872830217    0.852957482
   80.587370582    0.873553460    0.853313357
   80.615716474    0.874283722    0.853666344
   80.644062366    0.875007468    0.854016528
   80.672408258    0.875706398    0.854364099
   80.700754149    0.876358719    0.854709287
   80.729100041    0.876941458    0.855052299
   80.757445933    0.877433627    0.855393251
   80.785791825    0.877819714    0.855732140
   80.814137717    0.878092785    0.856068840
   80.842483609    0.878256426    0.856403149
   80.870829501    0.878324936    0.856734845
   80.899175393    0.878321516    0.857063763
   80.927521284    0.878274677    0.857389839
   80.955867176    0.878213519    0.857713132
   80.984213068    0.878162876    0.858033807
   81.012558960    0.878139376    0.858352083
   81.040904852    0.878149295    0.858668161
   81.069250744    0.878188690    0.858982167
   81.097596636    0.878245732    0.859294106
   81.125942527    0.878304642    0.859603866
   81.154288419    0.878350238    0.859911249
   81.182634311    0.878371990    0.860216037
   81.210980203    0.878366582    0.860518055
   81.239326095    0.878338421    0.860817233
   81.267671987    0.878298059    0.861113620
   81.296017879    0.878259019    0.861407375
   81.324363771    0.878233939    0.861698716
   81.352709662    0.878231093    0.861987847
   81.381055554    0.878252225    0.862274900
   81.409401446    0.878292246    0.862559890
   81.437747338    0.878340838    0.862842712
   81.466093230    0.878385483    0.863123171
   81.494439122    0.878415046    0.863401049
   81.522785014    0.878422911    0.863676166
   81.551130905    0.878408793    0.863948444
   81.579476797    0.878378736    0.864217925
   81.607822689    0.878343307    0.864484762
   81.636168581    0.878314523    0.864749170
   81.664514473    0.878302373    0.865011355
   81.692860365    0.878311945    0.865271456
   81.721206257    0.878341972    0.865529494
   81.749552149    0.878385212    0.865785371
   81.777898040    0.878430566    0.866038899
   81.806243932    0.878466318    0.866289860
   81.834589824    0.878483571    0.866538072
   81.862935716    0.878478867    0.866783450
   81.891281608    0.878455235    0.867026028
   81.919627500    0.878421334    0.867265951
   81.947973392    0.878388919    0.867503430
   81.976319284    0.878369380    0.867738671
   82.004665175    0.878370345    0.867971815
   82.033011067    0.878393362    0.868202894
   82.061356959    0.878433378    0.868431817
   82.089702851    0.878480181    0.868658405
   82.118048743    0.878521407    0.868882441
   82.146394635    0.878546242    0.869103745
   82.174740527    0.878548710    0.869322223
   82.203086418    0.878529542    0.869537901
   82.231432310    0.878496051    0.869750915
   82.259778202    0.878460000    0.869961466
   82.288124094    0.878434088    0.870169761
   82.316469986    0.878428085    0.870375944
   82.344815878    0.878445808    0.870580054
   82.373161770    0.878483856    0.870782013
   82.401507662    0.878532544    0.870981649
   82.429853553    0.878578780    0.871178754
   82.458199445    0.878610036    0.871373145
   82.486545337    0.878618223    0.871564723
   82.514891229    0.878602250    0.871753504
   82.543237121    0.878568478    0.871939611
   82.571583013    0.878528866    0.872123235
   82.599928905    0.878497358    0.872304580
   82.628274796    0.878485587    0.872483793
   82.656620688    0.878499230    0.872660921
   82.684966580    0.878536145    0.872835901
   82.713312472    0.878586920    0.873008574
   82.741658364    0.878637692    0.873178739
   82.770004256    0.878674404    0.873346213
   82.798350148    0.878687183    0.873510892
   82.826696040    0.878673495    0.873672776
   82.855041931    0.878639039    0.873831975
   82.883387823    0.878596088    0.873988669
   82.911733715    0.878559738    0.874143055
   82.940079607    0.878543219    0.874295283
   82.968425499    0.878553720    0.874445414
   82.996771391    0.878590048    0.874593399
   83.025117283    0.878642893    0.874739094
   83.053463175    0.878697641    0.874882307
   83.081809066    0.878738902    0.875022859
   83.110154958    0.878755338    0.875160635
   83.138500850    0.878743281    0.875295621
   83.166846742    0.878707985    0.875427908
   83.195192634    0.878662078    0.875557663
   83.223538526    0.878621669    0.875685076
   83.251884418    0.878601311    0.875810301
   83.280230309    0.878609397    0.875933412
   83.308576201    0.878645440    0.876054379
   83.336922093    0.878700134    0.876173076
   83.365267985    0.878758199    0.876289324
   83.393613877    0.878803141    0.876402944
   83.421959769    0.878822452    0.876513811
   83.450305661    0.878811598    0.876621894
   83.478651553    0.878775527    0.876727261
   83.506997444    0.878727193    0.876830063
   83.535343336    0.878683533    0.876930480
   83.563689228    0.878660144    0.877028673
   83.592035120    0.878666346    0.877124732
   83.620381012    0.878702180    0.877218649
   83.648726904    0.878758324    0.877310321
   83.677072796    0.878818970    0.877399583
   83.705418687    0.878866775    0.877486258
   83.733764579    0.878888342    0.877570208
   83.762110471    0.878878477    0.877651379
   83.790456363    0.878841893    0.877729814
   83.818802255    0.878791776    0.877805639
   83.847148147    0.878745665    0.877879027
   83.875494039    0.878719929    0.877950143
   83.903839931    0.878724582    0.878019098
   83.932185822    0.878760079    0.878085913
   83.960531714    0.878817129    0.878150515
   83.988877606    0.878879584    0.878212760
   84.017223498    0.878929519    0.878272474
   84.045569390    0.878952892    0.878329504
   84.073915282    0.878944004    0.878383763
   84.102261174    0.878907331    0.878435256
   84.130607066    0.878856142    0.878484075
   84.158952957    0.878808335    0.878530374
   84.187298849    0.878780791    0.878574326
   84.215644741    0.878784034    0.878616069
   84.243990633    0.878818891    0.878655673
   84.272336525    0.878876205    0.878693119
   84.300682417    0.878939708    0.878728305
   84.329028309    0.878991150    0.878761073
   84.357374200    0.879016058    0.878791249
   84.385720092    0.879008314    0.878818689
   84.414065984    0.878972095    0.878843310
   84.442411876    0.878920567    0.878865107
   84.470757768    0.878871733    0.878884158
   84.499103660    0.878842758    0.878900606
   84.527449552    0.878844551    0.878914642
   84.555795444    0.878878323    0.878926484
   84.584141335    0.878935205    0.878936368
   84.612487227    0.878999048    0.878944549
   84.640833119    0.879051515    0.878951300
   84.669179011    0.879077861    0.878956919
   84.697524903    0.879071576    0.878961731
   84.725870795    0.879036427    0.878966066
   84.754216687    0.878985261    0.878970239
   84.782562578    0.878935950    0.878974509
   84.810908470    0.878905753    0.878979051
   84.839254362    0.878905895    0.878983930
   84.867600254    0.878938043    0.878989101
   84.895946146    0.878993800    0.878994425
   84.924292038    0.879057367    0.878999717
   84.952637930    0.879110526    0.879004792
   84.980983822    0.879138367    0.879009523
   85.009329713    0.879133962    0.879013870
