    0.000000000    0.649960857    0.649972106
    0.031495435    0.650000770    0.649978897
    0.062990871    0.650034601    0.649985404
    0.094486306    0.650051825    0.649991429
    0.125981742    0.650048089    0.649996961
    0.157477177    0.650026947    0.650002167
    0.188972612    0.649998612    0.650007329
    0.220468048    0.649976161    0.650012730
    0.251963483    0.649970600    0.650018550
    0.283458919    0.649986645    0.650024793
    0.314954354    0.650020842    0.650031296
    0.346449790    0.650062769    0.650037787
    0.377945225    0.650098918    0.650043996
    0.409440660    0.650117808    0.650049753
    0.440936096    0.650114398    0.650055055
    0.472431531    0.650092101    0.650060057
    0.503926967    0.650061596    0.650065016
    0.535422402    0.650036848    0.650070187
    0.566917837    0.650029802    0.650075727
    0.598413273    0.650045784    0.650081633
    0.629908708    0.650081367    0.650087747
    0.661404144    0.650125564    0.650093819
    0.692899579    0.650163937    0.650099598
    0.724395014    0.650184091    0.650104932
    0.755890450    0.650180461    0.650109819
    0.787385885    0.650156540    0.650114408
    0.818881321    0.650123664    0.650118937
    0.850376756    0.650096759    0.650123643
    0.881872191    0.650088649    0.650128664
    0.913367627    0.650105093    0.650133994
    0.944863062    0.650142477    0.650139480
    0.976358498    0.650189078    0.650144883
    1.007853933    0.650229476    0.650149967
    1.039349369    0.650250444    0.650154587
    1.070844804    0.650246075    0.650158743
    1.102340239    0.650220155    0.650162575
    1.133835675    0.650184822    0.650166307
    1.165331110    0.650155995    0.650170159
    1.196826546    0.650147274    0.650174260
    1.228321981    0.650164663    0.650178597
    1.259817416    0.650204163    0.650183021
    1.291312852    0.650253186    0.650187299
    1.322808287    0.650295323    0.650191203
    1.354303723    0.650316631    0.650194591
    1.385799158    0.650311053    0.650197460
    1.417294593    0.650282853    0.650199941
    1.448790029    0.650245081    0.650202244
    1.480285464    0.650214633    0.650204575
    1.511780900    0.650205755    0.650207053
    1.543276335    0.650224507    0.650209663
    1.574771770    0.650266327    0.650212252
    1.606267206    0.650317680    0.650214591
    1.637762641    0.650361199    0.650216451
    1.669258077    0.650382369    0.650217688
    1.700753512    0.650375173    0.650218291
    1.732248948    0.650344509    0.650218379
    1.763744383    0.650304406    0.650218150
    1.795239818    0.650272681    0.650217796
    1.826735254    0.650264079    0.650217426
    1.858230689    0.650284530    0.650217015
    1.889726125    0.650328766    0.650216407
    1.921221560    0.650382258    0.650215364
    1.952716995    0.650426756    0.650213650
    1.984212431    0.650447327    0.650211111
    2.015707866    0.650438171    0.650207721
    2.047203302    0.650404948    0.650203584
    2.078698737    0.650362691    0.650198881
    2.110194172    0.650330053    0.650193788
    2.141689608    0.650322113    0.650188400
    2.173185043    0.650344503    0.650182677
    2.204680479    0.650391140    0.650176445
    2.236175914    0.650446496    0.650169450
    2.267671349    0.650491537    0.650161434
    2.299166785    0.650511074    0.650152220
    2.330662220    0.650499684    0.650141758
    2.362157656    0.650463882    0.650130129
    2.393653091    0.650419686    0.650117490
    2.425148527    0.650386476    0.650103997
    2.456643962    0.650379507    0.650089718
    2.488139397    0.650403959    0.650074583
    2.519634833    0.650452865    0.650058386
    2.551130268    0.650509727    0.650040833
    2.582625704    0.650554845    0.650021625
    2.614121139    0.650572937    0.650000542
    2.645616574    0.650559088    0.649977494
    2.677112010    0.650520724    0.649952524
    2.708607445    0.650474805    0.649925752
    2.740102881    0.650441311    0.649897293
    2.771598316    0.650435511    0.649867169
    2.803093751    0.650462021    0.649835254
    2.834589187    0.650512948    0.649801276
    2.866084622    0.650570882    0.649764862
    2.897580058    0.650615591    0.649725637
    2.929075493    0.650631845    0.649683302
    2.960570928    0.650615346    0.649637696
    2.992066364    0.650574449    0.649588794
    3.023561799    0.650526984    0.649536650
    3.055057235    0.650493396    0.649481306
    3.086552670    0.650488832    0.649422697
    3.118048106    0.650517245    0.649360589
    3.149543541    0.650569813    0.649294581
    3.181038976    0.650628297    0.649224159
    3.212534412    0.650672062    0.649148798
    3.244029847    0.650686063    0.649068059
    3.275525283    0.650666692    0.648981650
    3.307020718    0.650623221    0.648889428
    3.338516153    0.650574263    0.648791330
    3.370011589    0.650540595    0.648687264
    3.401507024    0.650537118    0.648577003
    3.433002460    0.650567068    0.648460107
    3.464497895    0.650620713    0.648335927
    3.495993330    0.650679076    0.648203675
    3.527488766    0.650721248    0.648062541
    3.558984201    0.650732475    0.647911819
    3.590479637    0.650709884    0.647750980
    3.621975072    0.650663631    0.647579671
    3.653470507    0.650613011    0.647397625
    3.684965943    0.650579012    0.647204522
    3.716461378    0.650576196    0.646999831
    3.747956814    0.650607043    0.646782714
    3.779452249    0.650660955    0.646552023
    3.810947685    0.650718316    0.646306394
    3.842443120    0.650758053    0.646044423
    3.873938555    0.650765780    0.645764854
    3.905433991    0.650739375    0.645466711
    3.936929426    0.650689827    0.645149302
    3.968424862    0.650637011    0.644812077
    3.999920297    0.650602020    0.644454370
    4.031415732    0.650599005    0.644075063
    4.062911168    0.650629682    0.643672293
    4.094406603    0.650682638    0.643243283
    4.125902039    0.650737705    0.642784358
    4.157397474    0.650773735    0.642291162
    4.188892909    0.650776762    0.641759032
    4.220388345    0.650745407    0.641183454
    4.251883780    0.650691428    0.640560473
    4.283379216    0.650635193    0.639886981
    4.314874651    0.650597816    0.639160815
    4.346370086    0.650592993    0.638380658
    4.377865522    0.650621686    0.637545796
    4.409360957    0.650671717    0.636655814
    4.440856393    0.650722442    0.635710315
    4.472351828    0.650752696    0.634708754
    4.503847264    0.650748954    0.633650413
    4.535342699    0.650710558    0.632534513
    4.566838134    0.650649976    0.631360415
    4.598333570    0.650587996    0.630127835
    4.629829005    0.650545699    0.628837002
    4.661324441    0.650536301    0.627488705
    4.692819876    0.650560021    0.626084227
    4.724315311    0.650603956    0.624625179
    4.755810747    0.650647021    0.623113287
    4.787306182    0.650668055    0.621550203
    4.818801618    0.650653967    0.619937384
    4.850297053    0.650604781    0.618276070
    4.881792488    0.650533627    0.616567354
    4.913287924    0.650461666    0.614812314
    4.944783359    0.650409913    0.613012134
    4.976278795    0.650391095    0.611168189
    5.007774230    0.650404691    0.609282033
    5.039269665    0.650437075    0.607355287
    5.070765101    0.650466714    0.605389466
    5.102260536    0.650472428    0.603385781
    5.133755972    0.650441527    0.601344988
    5.165251407    0.650374684    0.599267325
    5.196746843    0.650285669    0.597152585
    5.228242278    0.650196011    0.595000287
    5.259737713    0.650126664    0.592809916
    5.291233149    0.650089863    0.590581151
    5.322728584    0.650084324    0.588314005
    5.354224020    0.650095648    0.586008823
    5.385719455    0.650101782    0.583666142
    5.417214890    0.650081447    0.581286424
    5.448710326    0.650022295    0.578869789
    5.480205761    0.649925626    0.576415802
    5.511701197    0.649805864    0.573923448
    5.543196632    0.649684943    0.571391297
    5.574692067    0.649583779    0.568817851
    5.606187503    0.649514093    0.566201969
    5.637682938    0.649473747    0.563543216
    5.669178374    0.649447412    0.560842021
    5.700673809    0.649412327    0.558099519
    5.732169245    0.649346948    0.555317115
    5.763664680    0.649239163    0.552495850
    5.795160115    0.649090889    0.549635797
    5.826655551    0.648917269    0.546735704
    5.858150986    0.648740736    0.543793090
    5.889646422    0.648582214    0.540804881
    5.921141857    0.648452847    0.537768505
    5.952637292    0.648349445    0.534683219
    5.984132728    0.648255442    0.531551307
    6.015628163    0.648147023    0.528378783
    6.047123599    0.648002092    0.525175319
    6.078619034    0.647808637    0.521953280
    6.110114469    0.647569226    0.518726010
    6.141609905    0.647299887    0.515505713
    6.173105340    0.647023742    0.512301400
    6.204600776    0.646761810    0.509117414
    6.236096211    0.646524523    0.505952885
    6.267591646    0.646307251    0.502802248
    6.299087082    0.646091602    0.499656688
    6.330582517    0.645852066    0.496506125
    6.362077953    0.645565484    0.493341217
    6.393573388    0.645219684    0.490154894
    6.425068824    0.644817944    0.486943055
    6.456564259    0.644377455    0.483704350
    6.488059694    0.643922331    0.480439207
    6.519555130    0.643473775    0.477148484
    6.551050565    0.643041192    0.473832209
    6.582546001    0.642617725    0.470488811
    6.614041436    0.642182023    0.467115058
    6.645536871    0.641705661    0.463706692
    6.677032307    0.641163430    0.460259516
    6.708527742    0.640542531    0.456770572
    6.740023178    0.639847061    0.453239037
    6.771518613    0.639095933    0.449666575
    6.803014048    0.638314879    0.446057092
    6.834509484    0.637525525    0.442416022
    6.866004919    0.636735724    0.438749428
    6.897500355    0.635934967    0.435063236
    6.928995790    0.635096807    0.431362832
    6.960491225    0.634187563    0.427653118
    6.991986661    0.633178080    0.423938926
    7.023482096    0.632054028    0.420225575
    7.054977532    0.630820643    0.416519289
    7.086472967    0.629499825    0.412827276
    7.117968403    0.628120434    0.409157387
    7.149463838    0.626705281    0.405517428
    7.180959273    0.625259808    0.401914345
    7.212454709    0.623766950    0.398353522
    7.243950144    0.622190528    0.394838410
    7.275445580    0.620486266    0.391370539
    7.306941015    0.618616525    0.387949861
    7.338436450    0.616563154    0.384575215
    7.369931886    0.614333290    0.381244676
    7.401427321    0.611955326    0.377955591
    7.432922757    0.609465921    0.374704258
    7.464418192    0.606892455    0.371485322
    7.495913627    0.604237426    0.368291130
    7.527409063    0.601471028    0.365111312
    7.558904498    0.598535561    0.361932824
    7.590399934    0.595361060    0.358740539
    7.621895369    0.591887255    0.355518328
    7.653390804    0.588084033    0.352250382
    7.684886240    0.583962324    0.348922489
    7.716381675    0.579569942    0.345522970
    7.747877111    0.574971712    0.342043098
    7.779372546    0.570218727    0.338477003
    7.810867982    0.565315841    0.334821192
    7.842363417    0.560198140    0.331073936
    7.873858852    0.554725279    0.327234773
    7.905354288    0.548697712    0.323304281
    7.936849723    0.541892411    0.319284162
    7.968345159    0.534109551    0.315177519
    7.999840594    0.525217893    0.310989132
    8.031336029    0.515186401    0.306725552
    8.062831465    0.504093153    0.302394876
    8.094326900    0.492108865    0.298006231
    8.125822336    0.479459469    0.293569097
    8.157317771    0.466378009    0.289092669
    8.188813206    0.453058962    0.284585468
    8.220308642    0.439627070    0.280055298
    8.251804077    0.426128279    0.275509524
    8.283299513    0.412543789    0.270955519
    8.314794948    0.398821552    0.266401045
    8.346290383    0.384914773    0.261854365
    8.377785819    0.370815429    0.257323986
    8.409281254    0.356572917    0.252818056
    8.440776690    0.342292869    0.248343633
    8.472272125    0.328117420    0.243906053
    8.503767561    0.314193818    0.239508645
    8.535262996    0.300641564    0.235152921
    8.566758431    0.287528369    0.230839161
    8.598253867    0.274862073    0.226567180
    8.629749302    0.262600477    0.222336961
    8.661244738    0.250675282    0.218148864
    8.692740173    0.239021884    0.214003241
    8.724235608    0.227605017    0.209899544
    8.755731044    0.216431653    0.205835172
    8.787226479    0.205546775    0.201804494
    8.818721915    0.195013335    0.197798461
    8.850217350    0.184883047    0.193805089
    8.881712785    0.175168014    0.189810854
    8.913208221    0.165823336    0.185802748
    8.944703656    0.156747605    0.181770523
    8.976199092    0.147802548    0.177708546
    9.007694527    0.138846604    0.173616783
    9.039189962    0.129772137    0.169500622
    9.070685398    0.120533968    0.165369584
    9.102180833    0.111158923    0.161235256
    9.133676269    0.101731746    0.157108976
    9.165171704    0.092360451    0.152999853
    9.196667140    0.083131544    0.148913576
    9.228162575    0.074070027    0.144852216
    9.259658010    0.065118813    0.140814948
    9.291153446    0.056146897    0.136799352
    9.322648881    0.046986394    0.132802863
    9.354144317    0.037488370    0.128823940
    9.385639752    0.027579478    0.124862667
    9.417135187    0.017298871    0.120920728
    9.448630623    0.006799261    0.117000896
    9.480126058   -0.003693407    0.113106306
    9.511621494   -0.013953197    0.109239799
    9.543116929   -0.023838861    0.105403552
    9.574612364   -0.033361105    0.101599052
    9.606107800   -0.042705072    0.097827323
    9.637603235   -0.052191696    0.094089248
    9.669098671   -0.062179738    0.090385782
    9.700594106   -0.072930447    0.086717953
    9.732089541   -0.084472562    0.083086640
    9.763584977   -0.096511054    0.079492247
    9.795080412   -0.108415633    0.075934421
    9.826575848   -0.119305451    0.072411970
    9.858071283   -0.128219477    0.068923035
    9.889566719   -0.134335439    0.065465452
    9.921062154   -0.137182211    0.062037162
    9.952557589   -0.136787343    0.058636463
    9.984053025   -0.133715190    0.055261984
   10.015548460   -0.128978755    0.051912324
   10.047043896   -0.123842499    0.048585489
   10.078539331   -0.119564048    0.045278310
   10.110034766   -0.117140748    0.041986125
   10.141530202   -0.117126501    0.038702864
   10.173025637   -0.119565035    0.035421615
   10.204521073   -0.124053038    0.032135520
   10.236016508   -0.129910078    0.028838739
   10.267511943   -0.136402793    0.025527163
   10.299007379   -0.142957343    0.022198607
   10.330502814   -0.149300391    0.018852401
   10.361998250   -0.155492782    0.015488483
   10.393493685   -0.161853970    0.012106299
   10.424989121   -0.168808279    0.008703908
   10.456484556   -0.176706247    0.005277662
   10.487979991   -0.185678793    0.001822662
   10.519475427   -0.195568164   -0.001666056
   10.550970862   -0.205952540   -0.005191902
   10.582466298   -0.216250124   -0.008755140
   10.613961733   -0.225863790   -0.012351841
   10.645457168   -0.234316715   -0.015973745
   10.676952604   -0.241335842   -0.019609192
   10.708448039   -0.246860538   -0.023244945
   10.739943475   -0.250980870   -0.026868498
   10.771438910   -0.253834036   -0.030470303
   10.802934345   -0.255500358   -0.034045375
   10.834429781   -0.255937966   -0.037593895
   10.865925216   -0.254979214   -0.041120713
   10.897420652   -0.252388149   -0.044633939
   10.928916087   -0.247955868   -0.048143033
   10.960411522   -0.241597232   -0.051656905
   10.991906958   -0.233412904   -0.055182487
   11.023402393   -0.223694447   -0.058724061
   11.054897829   -0.212871933   -0.062283392
   11.086393264   -0.201425045   -0.065860482
   11.117888700   -0.189792032   -0.069454628
   11.149384135   -0.178311119   -0.073065403
   11.180879570   -0.167216129   -0.076693279
   11.212375006   -0.156686820   -0.080339750
   11.243870441   -0.146932741   -0.084006986
   11.275365877   -0.138275331   -0.087697180
   11.306861312   -0.131191857   -0.091411830
   11.338356747   -0.126297276   -0.095151170
   11.369852183   -0.124261821   -0.098913879
   11.401347618   -0.125685396   -0.102697090
   11.432843054   -0.130966223   -0.106496636
   11.464338489   -0.140204794   -0.110307391
   11.495833924   -0.153173564   -0.114123581
   11.527329360   -0.169361696   -0.117938988
   11.558824795   -0.188079985   -0.121747015
   11.590320231   -0.208592267   -0.125540655
   11.621815666   -0.230232801   -0.129312437
   11.653311101   -0.252476285   -0.133054404
   11.684806537   -0.274945606   -0.136758170
   11.716301972   -0.297365147   -0.140415043
   11.747797408   -0.319486217   -0.144016193
   11.779292843   -0.341019266   -0.147552830
   11.810788279   -0.361602317   -0.151016386
   11.842283714   -0.380818866   -0.154398710
   11.873779149   -0.398257741   -0.157692322
   11.905274585   -0.413590111   -0.160890754
   11.936770020   -0.426631618   -0.163989005
   11.968265456   -0.437363231   -0.166984051
   11.999760891   -0.445900659   -0.169875334
   12.031256326   -0.452422708   -0.172665100
   12.062751762   -0.457085828   -0.175358481
   12.094247197   -0.459958434   -0.177963246
   12.125742633   -0.461001788   -0.180489230
   12.157238068   -0.460106454   -0.182947552
   12.188733503   -0.457171338   -0.185349769
   12.220228939   -0.452194507   -0.187707139
   12.251724374   -0.445338592   -0.190030156
   12.283219810   -0.436941621   -0.192328384
   12.314715245   -0.427464201   -0.194610580
   12.346210680   -0.417388876   -0.196884957
   12.377706116   -0.407107871   -0.199159426
   12.409201551   -0.396843029   -0.201441662
   12.440696987   -0.386632888   -0.203738908
   12.472192422   -0.376398642   -0.206057533
   12.503687858   -0.366070975   -0.208402457
   12.535183293   -0.355734112   -0.210776621
   12.566678728   -0.345731689   -0.213180668
   12.598174164   -0.336686590   -0.215612954
   12.629669599   -0.329412478   -0.218069897
   12.661165035   -0.324730552   -0.220546580
   12.692660470   -0.323239301   -0.223037422
   12.724155905   -0.325105756   -0.225536739
   12.755651341   -0.329946112   -0.228039044
   12.787146776   -0.336840721   -0.230539042
   12.818642212   -0.344489839   -0.233031365
   12.850137647   -0.351474212   -0.235510221
   12.881633082   -0.356552143   -0.237969122
   12.913128518   -0.358912638   -0.240400850
   12.944623953   -0.358316663   -0.242797730
   12.976119389   -0.355091527   -0.245152139
   13.007614824   -0.349986468   -0.247457118
   13.039110259   -0.343936950   -0.249706866
   13.070605695   -0.337808858   -0.251896960
   13.102101130   -0.332194680   -0.254024213
   13.133596566   -0.327312819   -0.256086226
   13.165092001   -0.323025935   -0.258080815
   13.196587437   -0.318956888   -0.260005555
   13.228082872   -0.314653488   -0.261857678
   13.259578307   -0.309744029   -0.263634438
   13.291073743   -0.304036084   -0.265333918
   13.322569178   -0.297536205   -0.266956067
   13.354064614   -0.290398026   -0.268503643
   13.385560049   -0.282830316   -0.269982696
   13.417055484   -0.275006521   -0.271402359
   13.448550920   -0.267011163   -0.272773842
   13.480046355   -0.258839530   -0.274108817
   13.511541791   -0.250443671   -0.275417538
   13.543037226   -0.241798955   -0.276707191
   13.574532661   -0.232958552   -0.277980919
   13.606028097   -0.224070155   -0.279237833
   13.637523532   -0.215346803   -0.280474032
   13.669018968   -0.207004382   -0.281684396
   13.700514403   -0.199193581   -0.282864680
   13.732009838   -0.191957653   -0.284013309
   13.763505274   -0.185237428   -0.285132398
   13.795000709   -0.178925631   -0.286227661
   13.826496145   -0.172951106   -0.287307238
   13.857991580   -0.167359005   -0.288379729
   13.889487016   -0.162351345   -0.289451990
   13.920982451   -0.158265274   -0.290527272
   13.952477886   -0.155489382   -0.291604225
   13.983973322   -0.154343283   -0.292676995
   14.015468757   -0.154962661   -0.293736382
   14.046964193   -0.157234109   -0.294771681
   14.078459628   -0.160809448   -0.295772689
   14.109955063   -0.165202115   -0.296731312
   14.141450499   -0.169938015   -0.297642368
   14.172945934   -0.174710723   -0.298503431
   14.204441370   -0.179484944   -0.299313862
   14.235936805   -0.184505912   -0.300073417
   14.267432240   -0.190202231   -0.300780918
   14.298927676   -0.197006159   -0.301433442
   14.330423111   -0.205145985   -0.302026287
   14.361918547   -0.214479259   -0.302553732
   14.393413982   -0.224427403   -0.303010321
   14.424909417   -0.234043401   -0.303392285
   14.456404853   -0.242203595   -0.303698648
   14.487900288   -0.247874879   -0.303931693
   14.519395724   -0.250382858   -0.304096690
   14.550891159   -0.249603277   -0.304200993
   14.582386595   -0.246019790   -0.304252832
   14.613882030   -0.240629451   -0.304260200
   14.645377465   -0.234721447   -0.304230156
   14.676872901   -0.229590617   -0.304168740
   14.708368336   -0.226264412   -0.304081450
   14.739863772   -0.225315208   -0.303974058
   14.771359207   -0.226802129   -0.303853419
   14.802854642   -0.230347094   -0.303727942
   14.834350078   -0.235311237   -0.303607528
   14.865845513   -0.241011940   -0.303502924
   14.897340949   -0.246914661   -0.303424698
   14.928836384   -0.252747934   -0.303382110
   14.960331819   -0.258518539   -0.303382212
   14.991827255   -0.264436640   -0.303429423
   15.023322690   -0.270787024   -0.303525645
   15.054818126   -0.277794634   -0.303670805
   15.086313561   -0.285527912   -0.303863578
   15.117808996   -0.293865251   -0.304101948
   15.149304432   -0.302525598   -0.304383376
   15.180799867   -0.311142710   -0.304704426
   15.212295303   -0.319350727   -0.305059953
   15.243790738   -0.326849761   -0.305442076
   15.275286174   -0.333432161   -0.305839305
   15.306781609   -0.338967668   -0.306236166
   15.338277044   -0.343361803   -0.306613560
   15.369772480   -0.346510670   -0.306949918
   15.401267915   -0.348274243   -0.307223009
   15.432763351   -0.348480460   -0.307412088
   15.464258786   -0.346958462   -0.307499988
   15.495754221   -0.343586875   -0.307474771
   15.527249657   -0.338337052   -0.307330652
   15.558745092   -0.331293619   -0.307068097
   15.590240528   -0.322644375   -0.306693137
   15.621735963   -0.312644308   -0.306216113
   15.653231398   -0.301569108   -0.305650163
   15.684726834   -0.289677808   -0.305009726
   15.716222269   -0.277200300   -0.304309345
   15.747717705   -0.264355064   -0.303562900
   15.779213140   -0.251389468   -0.302783318
   15.810708576   -0.238624691   -0.301982673
   15.842204011   -0.226483663   -0.301172539
   15.873699446   -0.215485191   -0.300364404
   15.905194882   -0.206199012   -0.299569957
   15.936690317   -0.199170733   -0.298801145
   15.968185753   -0.194837340   -0.298069901
   15.999681188   -0.193458722   -0.297387597
   16.031176623   -0.195086539   -0.296764307
   16.062672059   -0.199580104   -0.296208045
   16.094167494   -0.206663659   -0.295724150
   16.125662930   -0.216005895   -0.295314986
   16.157158365   -0.227295586   -0.294980036
   16.188653800   -0.240289161   -0.294716385
   16.220149236   -0.254816344   -0.294519480
   16.251644671   -0.270744976   -0.294383961
   16.283140107   -0.287920636   -0.294304323
   16.314635542   -0.306105540   -0.294275203
   16.346130977   -0.324941518   -0.294291175
   16.377626413   -0.343953366   -0.294346093
   16.409121848   -0.362594769   -0.294432167
   16.440617284   -0.380323998   -0.294539061
   16.472112719   -0.396686033   -0.294653389
   16.503608155   -0.411375256   -0.294758868
   16.535103590   -0.424259127   -0.294837277
   16.566599025   -0.435356265   -0.294870170
   16.598094461   -0.444777476   -0.294841040
   16.629589896   -0.452650361   -0.294737530
   16.661085332   -0.459053142   -0.294553215
   16.692580767   -0.463979530   -0.294288550
   16.724076202   -0.467345245   -0.293950781
   16.755571638   -0.469032086   -0.293552841
   16.787067073   -0.468952284   -0.293111492
   16.818562509   -0.467108794   -0.292645152
   16.850057944   -0.463628690   -0.292171854
   16.881553379   -0.458756416   -0.291707777
   16.913048815   -0.452808100   -0.291266539
   16.944544250   -0.446102558   -0.290859287
   16.976039686   -0.438893953   -0.290495376
   17.007535121   -0.431331916   -0.290183318
   17.039030556   -0.423466662   -0.289931656
   17.070525992   -0.415301599   -0.289749477
   17.102021427   -0.406878801   -0.289646435
   17.133516863   -0.398369198   -0.289632308
   17.165012298   -0.390134027   -0.289716250
   17.196507734   -0.382729394   -0.289905961
   17.228003169   -0.376840732   -0.290206989
   17.259498604   -0.373154565   -0.290622317
   17.290994040   -0.372195358   -0.291152291
   17.322489475   -0.374169118   -0.291794827
   17.353984911   -0.378858270   -0.292545816
   17.385480346   -0.385602515   -0.293399592
   17.416975781   -0.393380030   -0.294349379
   17.448471217   -0.400977577   -0.295387659
   17.479966652   -0.407213919   -0.296506457
   17.511462088   -0.411165160   -0.297697546
   17.542957523   -0.412337925   -0.298952597
   17.574452958   -0.410747985   -0.300263258
   17.605948394   -0.406885049   -0.301621160
   17.637443829   -0.401573188   -0.303017841
   17.668939265   -0.395762769   -0.304444591
   17.700434700   -0.390306819   -0.305892267
   17.731930135   -0.385777584   -0.307351162
   17.763425571   -0.382366948   -0.308811010
   17.794921006   -0.379890727   -0.310261190
   17.826416442   -0.377888320   -0.311691143
   17.857911877   -0.375783874   -0.313090945
   17.889407313   -0.373060064   -0.314451908
   17.920902748   -0.369394971   -0.315767078
   17.952398183   -0.364726143   -0.317031497
   17.983893619   -0.359229489   -0.318242193
   18.015389054   -0.353226809   -0.319397920
   18.046884490   -0.347056709   -0.320498802
   18.078379925   -0.340952985   -0.321546021
   18.109875360   -0.334969827   -0.322541714
   18.141370796   -0.328976127   -0.323489117
   18.172866231   -0.322717545   -0.324392920
   18.204361667   -0.315922442   -0.325259642
   18.235857102   -0.308413738   -0.326097803
   18.267352537   -0.300187512   -0.326917682
   18.298847973   -0.291431214   -0.327730556
   18.330343408   -0.282475381   -0.328547460
   18.361838844   -0.273695790   -0.329377712
   18.393334279   -0.265400142   -0.330227497
   18.424829714   -0.257738881   -0.331098903
   18.456325150   -0.250671595   -0.331989650
   18.487820585   -0.244001380   -0.332893619
   18.519316021   -0.237465906   -0.333802050
   18.550811456   -0.230853896   -0.334705130
   18.582306892   -0.224106248   -0.335593561
   18.613802327   -0.217365559   -0.336459729
   18.645297762   -0.210955115   -0.337298242
   18.676793198   -0.205292732   -0.338105766
   18.708288633   -0.200767888   -0.338880329
   18.739784069   -0.197624308   -0.339620367
   18.771279504   -0.195889490   -0.340323861
   18.802774939   -0.195377332   -0.340987822
   18.834270375   -0.195764975   -0.341608251
   18.865765810   -0.196718434   -0.342180522
   18.897261246   -0.198022916   -0.342700002
   18.928756681   -0.199669590   -0.343162672
   18.960252116   -0.201863202   -0.343565538
   18.991747552   -0.204940621   -0.343906739
   19.023242987   -0.209221175   -0.344185395
   19.054738423   -0.214835106   -0.344401343
   19.086233858   -0.221587951   -0.344554938
   19.117729293   -0.228911515   -0.344647072
   19.149224729   -0.235927889   -0.344679442
   19.180720164   -0.241618800   -0.344654978
   19.212215600   -0.245059067   -0.344578245
   19.243711035   -0.245650842   -0.344455630
   19.275206471   -0.243291951   -0.344295174
   19.306701906   -0.238428524   -0.344106038
   19.338197341   -0.231974386   -0.343897740
   19.369692777   -0.225117597   -0.343679379
   19.401188212   -0.219066502   -0.343459096
   19.432683648   -0.214803946   -0.343243937
   19.464179083   -0.212914164   -0.343040123
   19.495674518   -0.213523815   -0.342853592
   19.527169954   -0.216364181   -0.342690552
   19.558665389   -0.220926382   -0.342557753
   19.590160825   -0.226656424   -0.342462297
   19.621656260   -0.233129101   -0.342410943
   19.653151695   -0.240150922   -0.342409078
   19.684647131   -0.247767861   -0.342459660
   19.716142566   -0.256185172   -0.342562488
   19.747638002   -0.265633564   -0.342714063
   19.779133437   -0.276230407   -0.342908109
   19.810628872   -0.287882635   -0.343136622
   19.842124308   -0.300261146   -0.343391093
   19.873619743   -0.312851245   -0.343663483
   19.905115179   -0.325058629   -0.343946613
   19.936610614   -0.336333813   -0.344233797
   19.968106050   -0.346274500   -0.344517853
   19.999601485   -0.354675555   -0.344789845
   20.031096920   -0.361515685   -0.345038072
   20.062592356   -0.366891519   -0.345247785
   20.094087791   -0.370926283   -0.345401923
   20.125583227   -0.373686456   -0.345482865
   20.157078662   -0.375134275   -0.345474845
   20.188574097   -0.375129504   -0.345366468
   20.220069533   -0.373475990   -0.345152676
   20.251564968   -0.369993599   -0.344835619
   20.283060404   -0.364589091   -0.344424217
   20.314555839   -0.357302218   -0.343932493
   20.346051274   -0.348314122   -0.343377154
   20.377546710   -0.337919586   -0.342775052
   20.409042145   -0.326477325   -0.342141160
   20.440537581   -0.314358923   -0.341487544
   20.472033016   -0.301915171   -0.340823455
   20.503528452   -0.289469736   -0.340156339
   20.535023887   -0.277337865   -0.339493306
   20.566519322   -0.265857194   -0.338842477
   20.598014758   -0.255412537   -0.338213703
   20.629510193   -0.246438834   -0.337618417
   20.661005629   -0.239395075   -0.337068632
   20.692501064   -0.234713698   -0.336575444
   20.723996499   -0.232740091   -0.336147487
   20.755491935   -0.233681610   -0.335789855
   20.786987370   -0.237582941   -0.335503781
   20.818482806   -0.244335781   -0.335287144
   20.849978241   -0.253718791   -0.335135585
   20.881473676   -0.265453166   -0.335043808
   20.912969112   -0.279253886   -0.335006617
   20.944464547   -0.294858880   -0.335019314
   20.975959983   -0.312027134   -0.335077320
   21.007455418   -0.330509125   -0.335175167
   21.038950853   -0.350004207   -0.335305204
   21.070446289   -0.370125556   -0.335456528
   21.101941724   -0.390391535   -0.335614562
   21.133437160   -0.410253264   -0.335761579
   21.164932595   -0.429154954   -0.335878171
   21.196428031   -0.446610782   -0.335945424
   21.227923466   -0.462274543   -0.335947318
   21.259418901   -0.475978968   -0.335872835
   21.290914337   -0.487730509   -0.335717299
   21.322409772   -0.497659822   -0.335482666
   21.353905208   -0.505943109   -0.335176754
   21.385400643   -0.512719781   -0.334811628
   21.416896078   -0.518033687   -0.334401569
   21.448391514   -0.521817603   -0.333961087
   21.479886949   -0.523926021   -0.333503419
   21.511382385   -0.524204562   -0.333039767
   21.542877820   -0.522571217   -0.332579335
   21.574373255   -0.519079926   -0.332130019
   21.605868691   -0.513942586   -0.331699454
   21.637364126   -0.507499940   -0.331296059
   21.668859562   -0.500150066   -0.330929756
   21.700354997   -0.492259199   -0.330612153
   21.731850432   -0.484087489   -0.330356149
   21.763345868   -0.475758806   -0.330175046
   21.794841303   -0.467289465   -0.330081404
   21.826336739   -0.458669980   -0.330085911
   21.857832174   -0.449973607   -0.330196506
   21.889327610   -0.441452468   -0.330417951
   21.920823045   -0.433581601   -0.330751877
   21.952318480   -0.427024430   -0.331197261
   21.983813916   -0.422516550   -0.331751148
   22.015309351   -0.420691526   -0.332409428
   22.046804787   -0.421894060   -0.333167461
   22.078300222   -0.426035143   -0.334020431
   22.109795657   -0.432536838   -0.334963374
   22.141291093   -0.440392341   -0.335990970
   22.172786528   -0.448335759   -0.337097202
   22.204281964   -0.455084667   -0.338275059
   22.235777399   -0.459596382   -0.339516420
   22.267272834   -0.461272838   -0.340812184
   22.298768270   -0.460061369   -0.342152653
   22.330263705   -0.456426167   -0.343528053
   22.361759141   -0.451200053   -0.344929066
   22.393254576   -0.445358224   -0.346347234
   22.424750011   -0.439775638   -0.347775105
   22.456245447   -0.435031902   -0.349206119
   22.487740882   -0.431311553   -0.350634273
   22.519236318   -0.428418632   -0.352053704
   22.550731753   -0.425891184   -0.353458335
   22.582227189   -0.423173931   -0.354841741
   22.613722624   -0.419793686   -0.356197298
   22.645218059   -0.415485777   -0.357518626
   22.676713495   -0.410238795   -0.358800225
   22.708208930   -0.404252967   -0.360038165
   22.739704366   -0.397834975   -0.361230653
   22.771199801   -0.391270657   -0.362378355
   22.802695236   -0.384721014   -0.363484383
   22.834190672   -0.378175788   -0.364553959
   22.865686107   -0.371476916   -0.365593835
   22.897181543   -0.364399135   -0.366611578
   22.928676978   -0.356755468   -0.367614869
   22.960172413   -0.348487745   -0.368610889
   22.991667849   -0.339708918   -0.369605879
   23.023163284   -0.330682111   -0.370604865
   23.054658720   -0.321744519   -0.371611525
   23.086154155   -0.313204240   -0.372628145
   23.117649590   -0.305247888   -0.373655636
   23.149145026   -0.297892976   -0.374693565
   23.180640461   -0.291003000   -0.375740226
   23.212135897   -0.284360493   -0.376792725
   23.243631332   -0.277772187   -0.377847128
   23.275126768   -0.271168279   -0.378898634
   23.306622203   -0.264659130   -0.379941782
   23.338117638   -0.258527322   -0.380970660
   23.369613074   -0.253155856   -0.381979065
   23.401108509   -0.248916383   -0.382960632
   23.432603945   -0.246056575   -0.383908887
   23.464099380   -0.244627219   -0.384817289
   23.495594815   -0.244476543   -0.385679257
   23.527090251   -0.245315731   -0.386488238
   23.558585686   -0.246833589   -0.387237834
   23.590081122   -0.248819077   -0.387921992
   23.621576557   -0.251245030   -0.388535229
   23.653071992   -0.254277557   -0.389072892
   23.684567428   -0.258200129   -0.389531385
   23.716062863   -0.263271529   -0.389908378
   23.747558299   -0.269562427   -0.390202951
   23.779053734   -0.276827276   -0.390415704
   23.810549169   -0.284461730   -0.390548795
   23.842044605   -0.291571894   -0.390605939
   23.873540040   -0.297147548   -0.390592315
   23.905035476   -0.300297573   -0.390514392
   23.936530911   -0.300483310   -0.390379655
   23.968026347   -0.297682060   -0.390196258
   23.999521782   -0.292430246   -0.389972636
   24.031017217   -0.285729075   -0.389717182
   24.062512653   -0.278834902   -0.389438046
   24.094008088   -0.272989781   -0.389143127
   24.125503524   -0.269164739   -0.388840266
   24.156998959   -0.267883804   -0.388537580
   24.188494394   -0.269172295   -0.388243791
   24.219989830   -0.272636004   -0.387968410
   24.251485265   -0.277640099   -0.387721602
   24.282980701   -0.283529387   -0.387513663
   24.314476136   -0.289822909   -0.387354149
   24.345971571   -0.296327761   -0.387250801
   24.377467007   -0.303144976   -0.387208522
   24.408962442   -0.310575038   -0.387228686
   24.440457878   -0.318960952   -0.387308986
   24.471953313   -0.328523589   -0.387443899
   24.503448748   -0.339242678   -0.387625677
   24.534944184   -0.350818770   -0.387845592
   24.566439619   -0.362723477   -0.388095070
   24.597935055   -0.374316699   -0.388366372
   24.629430490   -0.384989761   -0.388652591
   24.660925926   -0.394288046   -0.388946954
   24.692421361   -0.401976758   -0.389241643
   24.723916796   -0.408034600   -0.389526551
   24.755412232   -0.412584679   -0.389788453
   24.786907667   -0.415791727   -0.390010996
   24.818403103   -0.417763383   -0.390175702
   24.849898538   -0.418488830   -0.390263912
   24.881393973   -0.417832869   -0.390259268
   24.912889409   -0.415583420   -0.390150195
   24.944384844   -0.411532539   -0.389931750
   24.975880280   -0.405561335   -0.389606376
   25.007375715   -0.397700203   -0.389183361
   25.038871150   -0.388146582   -0.388677126
   25.070366586   -0.377238398   -0.388104807
   25.101862021   -0.365396592   -0.387483722
   25.133357457   -0.353059394   -0.386829360
   25.164852892   -0.340631390   -0.386154326
   25.196348327   -0.328462504   -0.385468395
   25.227843763   -0.316859218   -0.384779488
   25.259339198   -0.306117635   -0.384095120
   25.290834634   -0.296560077   -0.383423770
   25.322330069   -0.288556365   -0.382775671
   25.353825505   -0.282517577   -0.382162726
   25.385320940   -0.278861121   -0.381597570
   25.416816375   -0.277956983   -0.381092069
   25.448311811   -0.280071952   -0.380655714
   25.479807246   -0.285329094   -0.380294418
   25.511302682   -0.293693837   -0.380010062
   25.542798117   -0.304988281   -0.379800895
   25.574293552   -0.318925660   -0.379662618
   25.605788988   -0.335150906   -0.379589755
   25.637284423   -0.353273162   -0.379576836
   25.668779859   -0.372881674   -0.379618988
   25.700275294   -0.393545187   -0.379711729
   25.731770729   -0.414803286   -0.379850048
   25.763266165   -0.436162388   -0.380027096
   25.794761600   -0.457107647   -0.380232967
   25.826257036   -0.477135136   -0.380454068
   25.857752471   -0.495799179   -0.380673399
   25.889247907   -0.512761316   -0.380871848
   25.920743342   -0.527823823   -0.381030288
   25.952238777   -0.540933685   -0.381132042
   25.983734213   -0.552152006   -0.381165183
   26.015229648   -0.561595792   -0.381124156
   26.046725084   -0.569369666   -0.381010375
   26.078220519   -0.575510115   -0.380831740
   26.109715954   -0.579962074   -0.380601218
   26.141211390   -0.582597394   -0.380334906
   26.172706825   -0.583270335   -0.380050005
   26.204202261   -0.581891551   -0.379763154
   26.235697696   -0.578494215   -0.379489396
   26.267193131   -0.573267057   -0.379241846
   26.298688567   -0.566539488   -0.379031967
   26.330184002   -0.558720425   -0.378870175
   26.361679438   -0.550209523   -0.378766511
   26.393174873   -0.541311165   -0.378731083
   26.424670308   -0.532183180   -0.378774169
   26.456165744   -0.522842610   -0.378905938
   26.487661179   -0.513232288   -0.379135903
   26.519156615   -0.503330356   -0.379472273
   26.550652050   -0.493267329   -0.379921380
   26.582147486   -0.483408141   -0.380487311
   26.613642921   -0.474363166   -0.381171799
   26.645138356   -0.466911410   -0.381974341
   26.676633792   -0.461845642   -0.382892484
   26.708129227   -0.459775275   -0.383922150
   26.739624663   -0.460939941   -0.385057940
   26.771120098   -0.465089005   -0.386293369
   26.802615533   -0.471468098   -0.387621022
   26.834110969   -0.478926416   -0.389032679
   26.865606404   -0.486125621   -0.390519439
   26.897101840   -0.491802182   -0.392071880
   26.928597275   -0.495018516   -0.393680257
   26.960092710   -0.495339582   -0.395334717
   26.991588146   -0.492890543   -0.397025490
   27.023083581   -0.488282604   -0.398743037
   27.054579017   -0.482429219   -0.400478119
   27.086074452   -0.476303481   -0.402221824
   27.117569887   -0.470701600   -0.403965565
   27.149065323   -0.466073065   -0.405701102
   27.180560758   -0.462457013   -0.407420612
   27.212056194   -0.459532974   -0.409116797
   27.243551629   -0.456761886   -0.410783022
   27.275047065   -0.453569563   -0.412413406
   27.306542500   -0.449516198   -0.414002850
   27.338037935   -0.444404019   -0.415546953
   27.369533371   -0.438297447   -0.417041867
   27.401028806   -0.431458818   -0.418484145
   27.432524242   -0.424228696   -0.419870699
   27.464019677   -0.416895189   -0.421198941
   27.495515112   -0.409597080   -0.422467182
   27.527010548   -0.402291484   -0.423675240
   27.558505983   -0.394793275   -0.424825134
   27.590001419   -0.386868625   -0.425921681
   27.621496854   -0.378346950   -0.426972762
   27.652992289   -0.369210068   -0.427989077
   27.684487725   -0.359626215   -0.428983297
   27.715983160   -0.349916355   -0.429968696
   27.747478596   -0.340464301   -0.430957438
   27.778974031   -0.331602224   -0.431958886
   27.810469466   -0.323512369   -0.432978250
   27.841964902   -0.316180817   -0.434015915
   27.873460337   -0.309421660   -0.435067589
   27.904955773   -0.302965529   -0.436125248
   27.936451208   -0.296583441   -0.437178658
   27.967946644   -0.290203290   -0.438217107
   27.999442079   -0.283976864   -0.439230940
   28.030937514   -0.278270487   -0.440212564
   28.062432950   -0.273577420   -0.441156728
   28.093928385   -0.270377020   -0.442060105
   28.125423821   -0.268985208   -0.442920386
   28.156919256   -0.269446249   -0.443735222
   28.188414691   -0.271504594   -0.444501365
   28.219910127   -0.274670754   -0.445214290
   28.251405562   -0.278364450   -0.445868384
   28.282900998   -0.282091521   -0.446457640
   28.314396433   -0.285597408   -0.446976608
   28.345891868   -0.288944517   -0.447421316
   28.377387304   -0.292482792   -0.447789883
   28.408882739   -0.296716055   -0.448082685
   28.440378175   -0.302100872   -0.448302092
   28.471873610   -0.308838828   -0.448451933
   28.503369045   -0.316729109   -0.448536940
   28.534864481   -0.325133427   -0.448562402
   28.566359916   -0.333073507   -0.448534166
   28.597855352   -0.339441882   -0.448458956
   28.629350787   -0.343271679   -0.448344856
   28.660846223   -0.343991226   -0.448201710
   28.692341658   -0.341591243   -0.448041194
   28.723837093   -0.336655795   -0.447876446
   28.755332529   -0.330246326   -0.447721266
   28.786827964   -0.323669632   -0.447589096
   28.818323400   -0.318193006   -0.447492061
   28.849818835   -0.314783537   -0.447440371
   28.881314270   -0.313939604   -0.447442254
   28.912809706   -0.315654117   -0.447504414
   28.944305141   -0.319510004   -0.447632794
   28.975800577   -0.324870654   -0.447833307
   29.007296012   -0.331103037   -0.448112132
   29.038791447   -0.337765862   -0.448475342
   29.070286883   -0.344710345   -0.448927796
   29.101782318   -0.352071299   -0.449471524
   29.133277754   -0.360161335   -0.450104040
   29.164773189   -0.369309941   -0.450817100
   29.196268624   -0.379703318   -0.451596379
   29.227764060   -0.391276618   -0.452422295
   29.259259495   -0.403690015   -0.453271914
   29.290754931   -0.416391161   -0.454121556
   29.322250366   -0.428738893   -0.454949514
   29.353745802   -0.440145298   -0.455738258
   29.385241237   -0.450190526   -0.456475629
   29.416736672   -0.458677023   -0.457154833
   29.448232108   -0.465612077   -0.457773348
   29.479727543   -0.471131798   -0.458331195
   29.511222979   -0.475397707   -0.458829128
   29.542718414   -0.478503452   -0.459267314
   29.574213849   -0.480422477   -0.459644842
   29.605709285   -0.481010958   -0.459960114
   29.637204720   -0.480060367   -0.460211888
   29.668700156   -0.477377680   -0.460400499
   29.700195591   -0.472863890   -0.460528777
   29.731691026   -0.466565095   -0.460602294
   29.763186462   -0.458682673   -0.460628801
   29.794681897   -0.449545067   -0.460617040
   29.826177333   -0.439557172   -0.460575289
   29.857672768   -0.429149485   -0.460510133
   29.889168203   -0.418746178   -0.460425829
   29.920663639   -0.408760703   -0.460324463
   29.952159074   -0.399614062   -0.460206789
   29.983654510   -0.391759807   -0.460073432
   30.015149945   -0.385695799   -0.459926002
   30.046645381   -0.381947237   -0.459767716
   30.078140816   -0.381016948   -0.459603291
   30.109636251   -0.383312842   -0.459438145
   30.141131687   -0.389073431   -0.459277188
   30.172627122   -0.398315929   -0.459123612
   30.204122558   -0.410825967   -0.458978119
   30.235617993   -0.426195052   -0.458838830
   30.267113428   -0.443896135   -0.458701908
   30.298608864   -0.463374703   -0.458562646
   30.330104299   -0.484127501   -0.458416605
   30.361599735   -0.505745509   -0.458260381
   30.393095170   -0.527910584   -0.458091697
   30.424590605   -0.550351983   -0.457908789
   30.456086041   -0.572783484   -0.457709327
   30.487581476   -0.594849011   -0.457489334
   30.519076912   -0.616101558   -0.457242624
   30.550572347   -0.636027831   -0.456961140
   30.582067783   -0.654113767   -0.456636338
   30.613563218   -0.669930049   -0.456261398
   30.645058653   -0.683207921   -0.455833733
   30.676554089   -0.693877449   -0.455357140
   30.708049524   -0.702052534   -0.454842946
   30.739544960   -0.707965398   -0.454309749
   30.771040395   -0.711871455   -0.453781697
   30.802535830   -0.713956885   -0.453285659
   30.834031266   -0.714281408   -0.452847905
   30.865526701   -0.712777314   -0.452491051
   30.897022137   -0.709306236   -0.452231924
   30.928517572   -0.703754332   -0.452080731
   30.960013007   -0.696131634   -0.452041555
   30.991508443   -0.686638115   -0.452113875
   31.023003878   -0.675669050   -0.452294544
   31.054499314   -0.663752658   -0.452579642
   31.085994749   -0.651437108   -0.452965720
   31.117490184   -0.639163454   -0.453450208
   31.148985620   -0.627168856   -0.454031065
   31.180481055   -0.615457148   -0.454705959
   31.211976491   -0.603853047   -0.455471383
   31.243471926   -0.592128353   -0.456322089
   31.274967362   -0.580162397   -0.457251043
   31.306462797   -0.568083665   -0.458249900
   31.337958232   -0.556340744   -0.459309793
   31.369453668   -0.545669089   -0.460422148
   31.400949103   -0.536950786   -0.461579218
   31.432444539   -0.530998253   -0.462774191
   31.463939974   -0.528319266   -0.464000859
   31.495435409   -0.528931122   -0.465253040
   31.526930845   -0.532282183   -0.466524026
   31.558426280   -0.537311570   -0.467806298
   31.589921716   -0.542639965   -0.469091677
   31.621417151   -0.546847316   -0.470371872
   31.652912586   -0.548767680   -0.471639247
   31.684408022   -0.547725272   -0.472887538
   31.715903457   -0.543650935   -0.474112237
   31.747398893   -0.537050681   -0.475310504
   31.778894328   -0.528838132   -0.476480616
   31.810389763   -0.520079217   -0.477621156
   31.841885199   -0.511719795   -0.478730241
   31.873380634   -0.504368874   -0.479805097
   31.904876070   -0.498191553   -0.480842180
   31.936371505   -0.492932643   -0.481837828
   31.967866941   -0.488054070   -0.482789241
   31.999362376   -0.482937876   -0.483695416
   32.030857811   -0.477090704   -0.484557632
   32.062353247   -0.470289378   -0.485379191
   32.093848682   -0.462628645   -0.486164332
   32.125344118   -0.454464193   -0.486916505
   32.156839553   -0.446276828   -0.487636446
   32.188334988   -0.438506890   -0.488320586
   32.219830424   -0.431415056   -0.488960350
   32.251325859   -0.425014730   -0.489542644
   32.282821295   -0.419096279   -0.490051578
   32.314316730   -0.413332552   -0.490471091
   32.345812165   -0.407428313   -0.490787912
   32.377307601   -0.401261927   -0.490994139
   32.408803036   -0.394970281   -0.491088807
   32.440298472   -0.388946584   -0.491078025
   32.471793907   -0.383749356   -0.490973635
   32.503289342   -0.379950375   -0.490790696
   32.534784778   -0.377970103   -0.490544375
   32.566280213   -0.377954390   -0.490246957
   32.597775649   -0.379734043   -0.489905647
   32.629271084   -0.382882874   -0.489521577
   32.660766520   -0.386858019   -0.489090159
   32.692261955   -0.391178894   -0.488602545
   32.723757390   -0.395586892   -0.488047736
   32.755252826   -0.400131864   -0.487414770
   32.786748261   -0.405152847   -0.486694441
   32.818243697   -0.411153191   -0.485880206
   32.849739132   -0.418604211   -0.484968195
   32.881234567   -0.427736216   -0.483956483
   32.912730003   -0.438383039   -0.482843967
   32.944225438   -0.449933332   -0.481629270
   32.975720874   -0.461412072   -0.480310035
   33.007216309   -0.471677595   -0.478882790
   33.038711744   -0.479684480   -0.477343428
   33.070207180   -0.484741240   -0.475688104
   33.101702615   -0.486690976   -0.473914291
   33.133198051   -0.485963303   -0.472021674
   33.164693486   -0.483481385   -0.470012681
   33.196188921   -0.480448379   -0.467892513
   33.227684357   -0.478070967   -0.465668737
   33.259179792   -0.477294311   -0.463350580
   33.290675228   -0.478617715   -0.460948127
   33.322170663   -0.482035507   -0.458471623
   33.353666099   -0.487110694   -0.455931010
   33.385161534   -0.493151150   -0.453335730
   33.416656969   -0.499430656   -0.450694748
   33.448152405   -0.505387924   -0.448016702
   33.479647840   -0.510747892   -0.445310048
   33.511143276   -0.515536846   -0.442583136
   33.542638711   -0.519997317   -0.439844151
   33.574134146   -0.524439267   -0.437100958
   33.605629582   -0.529081472   -0.434360866
   33.637125017   -0.533936465   -0.431630379
   33.668620453   -0.538774845   -0.428914953
   33.700115888   -0.543176681   -0.426218776
   33.731611323   -0.546648627   -0.423544535
   33.763106759   -0.548764669   -0.420893174
   33.794602194   -0.549282596   -0.418263626
   33.826097630   -0.548198457   -0.415652561
   33.857593065   -0.545723555   -0.413054217
   33.889088500   -0.542194852   -0.410460392
   33.920583936   -0.537951356   -0.407860667
   33.952079371   -0.533218843   -0.405242895
   33.983574807   -0.528040564   -0.402593907
   34.015070242   -0.522274527   -0.399900350
   34.046565678   -0.515654746   -0.397149513
   34.078061113   -0.507892755   -0.394330011
   34.109556548   -0.498783689   -0.391432206
   34.141051984   -0.488282023   -0.388448360
   34.172547419   -0.476524888   -0.385372546
   34.204042855   -0.463800597   -0.382200424
   34.235538290   -0.450479512   -0.378929038
   34.267033725   -0.436936710   -0.375556722
   34.298529161   -0.423496875   -0.372083179
   34.330024596   -0.410421515   -0.368509703
   34.361520032   -0.397940978   -0.364839450
   34.393015467   -0.386315434   -0.361077612
   34.424510902   -0.375896759   -0.357231383
   34.456006338   -0.367161537   -0.353309658
   34.487501773   -0.360694878   -0.349322478
   34.518997209   -0.357122021   -0.345280346
   34.550492644   -0.357003580   -0.341193574
   34.581988079   -0.360724107   -0.337071819
   34.613483515   -0.368407359   -0.332923920
   34.644978950   -0.379884090   -0.328758042
   34.676474386   -0.394721816   -0.324582038
   34.707969821   -0.412306639   -0.320403854
   34.739465257   -0.431951544   -0.316231793
   34.770960692   -0.452998793   -0.312074493
   34.802456127   -0.474888404   -0.307940573
   34.833951563   -0.497178170   -0.303838023
   34.865446998   -0.519518361   -0.299773517
   34.896942434   -0.541599703   -0.295751876
   34.928437869   -0.563101018   -0.291775859
   34.959933304   -0.583660554   -0.287846401
   34.991428740   -0.602883772   -0.283963215
   35.022924175   -0.620384653   -0.280125601
   35.054419611   -0.635843513   -0.276333169
   35.085915046   -0.649057205   -0.272586211
   35.117410481   -0.659960162   -0.268885535
   35.148905917   -0.668605905   -0.265231764
   35.180401352   -0.675114230   -0.261624245
   35.211896788   -0.679603213   -0.258059925
   35.243392223   -0.682131959   -0.254532558
   35.274887658   -0.682676932   -0.251032600
   35.306383094   -0.681152454   -0.247547954
   35.337878529   -0.677469052   -0.244065530
   35.369373965   -0.671608069   -0.240573304
   35.400869400   -0.663683164   -0.237062439
   35.432364836   -0.653962535   -0.233528928
   35.463860271   -0.642839072   -0.229974349
   35.495355706   -0.630754841   -0.226405491
   35.526851142   -0.618104352   -0.222832933
   35.558346577   -0.605151144   -0.219268883
   35.589842013   -0.591990111   -0.215724809
   35.621337448   -0.578573571   -0.212209407
   35.652832883   -0.564796871   -0.208727399
   35.684328319   -0.550616699   -0.205279365
   35.715823754   -0.536160463   -0.201862604
   35.747319190   -0.521783776   -0.198472677
   35.778814625   -0.508046800   -0.195105193
   35.810310060   -0.495605166   -0.191757304
   35.841805496   -0.485039768   -0.188428540
   35.873300931   -0.476672436   -0.185120794
   35.904796367   -0.470423642   -0.181837565
   35.936291802   -0.465760138   -0.178582743
   35.967787238   -0.461756632   -0.175359374
   35.999282673   -0.457263232   -0.172168779
   36.030778108   -0.451139158   -0.169010312
   36.062273544   -0.442492863   -0.165881754
   36.093768979   -0.430865634   -0.162780203
   36.125264415   -0.416310973   -0.159703077
   36.156759850   -0.399351038   -0.156648899
   36.188255285   -0.380825412   -0.153617539
   36.219750721   -0.361676201   -0.150609848
   36.251246156   -0.342728731   -0.147626763
   36.282741592   -0.324524732   -0.144668207
   36.314237027   -0.307246526   -0.141732156
   36.345732462   -0.290742512   -0.138814194
   36.377227898   -0.274635217   -0.135907756
   36.408723333   -0.258471943   -0.133004998
   36.440218769   -0.241870485   -0.130098053
   36.471714204   -0.224619480   -0.127180266
   36.503209639   -0.206711395   -0.124247039
   36.534705075   -0.188309139   -0.121295976
   36.566200510   -0.169667206   -0.118326312
   36.597695946   -0.151039331   -0.115337778
   36.629191381   -0.132604133   -0.112329314
   36.660686817   -0.114429790   -0.109298069
   36.692182252   -0.096482819   -0.106239090
   36.723677687   -0.078670611   -0.103145877
   36.755173123   -0.060897468   -0.100011728
   36.786668558   -0.043112402   -0.096831527
   36.818163994   -0.025333224   -0.093603467
   36.849659429   -0.007642499   -0.090330179
   36.881154864    0.009837920   -0.087018879
   36.912650300    0.026979864   -0.083680412
   36.944145735    0.043674518   -0.080327367
   36.975641171    0.059841109   -0.076971722
   37.007136606    0.075417543   -0.073622584
   37.038632041    0.090340378   -0.070284602
   37.070127477    0.104526315   -0.066957419
   37.101622912    0.117866784   -0.063636259
   37.133118348    0.130241510   -0.060313437
   37.164613783    0.141548579   -0.056980349
   37.196109218    0.151740846   -0.053629393
   37.227604654    0.160854657   -0.050255350
   37.259100089    0.169018398   -0.046855915
   37.290595525    0.176434899   -0.043431374
   37.322090960    0.183340810   -0.039983640
   37.353586396    0.189954475   -0.036515038
   37.385081831    0.196428316   -0.033027279
   37.416577266    0.202820753   -0.029520929
   37.448072702    0.209096389   -0.025995515
   37.479568137    0.215153855   -0.022450177
   37.511063573    0.220871611   -0.018884588
   37.542559008    0.226156266   -0.015299817
   37.574054443    0.230977617   -0.011698815
   37.605549879    0.235379628   -0.008086377
   37.637045314    0.239465077   -0.004468584
   37.668540750    0.243360638   -0.000851931
   37.700036185    0.247175511    0.002757571
   37.731531620    0.250968301    0.006355051
   37.763027056    0.254733259    0.009936982
   37.794522491    0.258409715    0.013500917
   37.826017927    0.261910200    0.017044874
   37.857513362    0.265156402    0.020566607
   37.889008797    0.268109819    0.024063019
   37.920504233    0.270786469    0.027529918
   37.951999668    0.273251175    0.030962173
   37.983495104    0.275594425    0.034354225
   38.014990539    0.277900927    0.037700764
   38.046485975    0.280221535    0.040997365
   38.077981410    0.282558544    0.044240918
   38.109476845    0.284869086    0.047429769
   38.140972281    0.287084649    0.050563615
   38.172467716    0.289138979    0.053643297
   38.203963152    0.290993917    0.056670648
   38.235458587    0.292653860    0.059648541
   38.266954022    0.294164044    0.062581169
   38.298449458    0.295593901    0.065474506
   38.329944893    0.297012135    0.068336758
   38.361440329    0.298462918    0.071178626
   38.392935764    0.299951881    0.074013212
   38.424431199    0.301446664    0.076855487
   38.455926635    0.302891310    0.079721385
   38.487422070    0.304228761    0.082626693
   38.518917506    0.305422920    0.085585946
   38.550412941    0.306472208    0.088611566
   38.581908376    0.307409932    0.091713374
   38.613403812    0.308291747    0.094898509
   38.644899247    0.309175263    0.098171670
   38.676394683    0.310099532    0.101535523
   38.707890118    0.311071980    0.104991078
   38.739385554    0.312067371    0.108537937
   38.770880989    0.313038802    0.112174335
   38.802376424    0.313936348    0.115897053
   38.833871860    0.314726215    0.119701307
   38.865367295    0.315403361    0.123580736
   38.896862731    0.315993080    0.127527596
   38.928358166    0.316541312    0.131533141
   38.959853601    0.317097550    0.135588129
   38.991349037    0.317696889    0.139683310
   39.022844472    0.318347864    0.143809766
   39.054339908    0.319030436    0.147959008
   39.085835343    0.319704591    0.152122842
   39.117330778    0.320326096    0.156293093
   39.148826214    0.320863392    0.160461343
   39.180321649    0.321309335    0.164618842
   39.211817085    0.321683573    0.168756669
   39.243312520    0.322024900    0.172866168
   39.274807955    0.322376679    0.176939518
   39.306303391    0.322770910    0.180970269
   39.337798826    0.323216885    0.184953663
   39.369294262    0.323698537    0.188886602
   39.400789697    0.324181265    0.192767270
   39.432285133    0.324625470    0.196594535
   39.463780568    0.325001636    0.200367343
   39.495276003    0.325301310    0.204084346
   39.526771439    0.325539980    0.207743947
   39.558266874    0.325750984    0.211344784
   39.589762310    0.325972888    0.214886534
   39.621257745    0.326235185    0.218370774
   39.652753180    0.326547671    0.221801551
   39.684248616    0.326897371    0.225185396
   39.715744051    0.327254008    0.228530629
   39.747239487    0.327581801    0.231846015
   39.778734922    0.327853065    0.235139044
   39.810230357    0.328058513    0.238414233
   39.841725793    0.328210484    0.241671898
   39.873221228    0.328338034    0.244907720
   39.904716664    0.328475882    0.248113263
   39.936212099    0.328651443    0.251277348
   39.967707534    0.328874843    0.254387949
   39.999202970    0.329135563    0.257434170
   40.030698405    0.329406859    0.260407851
   40.062193841    0.329656149    0.263304429
   40.093689276    0.329857396    0.266122945
   40.125184712    0.330000804    0.268865256
   40.156680147    0.330096281    0.271534745
   40.188175582    0.330169454    0.274134920
   40.219671018    0.330251884    0.276668251
   40.251166453    0.330369228    0.279135528
   40.282661889    0.330531806    0.281535818
   40.314157324    0.330731074    0.283866928
   40.345652759    0.330943204    0.286126158
   40.377148195    0.331138332    0.288311080
   40.408643630    0.331291897    0.290420099
   40.440139066    0.331393814    0.292452673
   40.471634501    0.331452067    0.294409189
   40.503129936    0.331489475    0.296290595
   40.534625372    0.331534952    0.298097958
   40.566120807    0.331612619    0.299832109
   40.597616243    0.331732883    0.301493483
   40.629111678    0.331888796    0.303082172
   40.660607114    0.332058977    0.304598146
   40.692102549    0.332215893    0.306041533
   40.723597984    0.332336323    0.307412857
   40.755093420    0.332410040    0.308713164
   40.786588855    0.332443488    0.309944028
   40.818084291    0.332457150    0.311107462
   40.849579726    0.332477677    0.312205820
   40.881075161    0.332527832    0.313241737
   40.912570597    0.332618026    0.314218139
   40.944066032    0.332742626    0.315138307
   40.975561468    0.332882329    0.316005939
   41.007056903    0.333011637    0.316825139
   41.038552338    0.333108553    0.317600295
   41.070047774    0.333162821    0.318335824
   41.101543209    0.333179631    0.319035844
   41.133038645    0.333177482    0.319703845
   41.164534080    0.333181065    0.320342464
   41.196029515    0.333211918    0.320953430
   41.227524951    0.333280395    0.321537705
   41.259020386    0.333381952    0.322095780
   41.290515822    0.333499078    0.322628051
   41.322011257    0.333608072    0.323135147
   41.353506693    0.333688062    0.323618128
   41.385002128    0.333728830    0.324078501
   41.416497563    0.333734530    0.324518063
   41.447992999    0.333721952    0.324938632
   41.479488434    0.333714052    0.325341773
   41.510983870    0.333731252    0.325728604
   41.542479305    0.333783807    0.326099756
   41.573974740    0.333868092    0.326455480
   41.605470176    0.333968159    0.326795869
   41.636965611    0.334061916    0.327121108
   41.668461047    0.334129528    0.327431656
   41.699956482    0.334160867    0.327728321
   41.731451917    0.334159210    0.328012181
   41.762947353    0.334139851    0.328284412
   41.794442788    0.334124198    0.328546068
   41.825938224    0.334131652    0.328797912
   41.857433659    0.334172338    0.329040344
   41.888929094    0.334243421    0.329273451
   41.920424530    0.334330345    0.329497165
   41.951919965    0.334412467    0.329711454
   41.983415401    0.334470912    0.329916487
   42.014910836    0.334495672    0.330112714
   42.046406272    0.334489268    0.330300833
   42.077901707    0.334465661    0.330481655
   42.109397142    0.334444862    0.330655940
   42.140892578    0.334445332    0.330824238
   42.172388013    0.334477055    0.330986810
   42.203883449    0.334537891    0.331143657
   42.235378884    0.334614530    0.331294631
   42.266874319    0.334687648    0.331439588
   42.298369755    0.334739259    0.331578544
   42.329865190    0.334759482    0.331711745
   42.361360626    0.334750171    0.331839661
   42.392856061    0.334724087    0.331962887
   42.424351496    0.334699970    0.332081998
   42.455846932    0.334695414    0.332197414
   42.487342367    0.334720267    0.332309321
   42.518837803    0.334773009    0.332417676
   42.550333238    0.334841466    0.332522291
   42.581828673    0.334907517    0.332622974
   42.613324109    0.334953996    0.332719649
   42.644819544    0.334971146    0.332812443
   42.676314980    0.334960219    0.332901683
   42.707810415    0.334932882    0.332987824
   42.739305851    0.334906714    0.333071325
   42.770801286    0.334898519    0.333152525
   42.802296721    0.334918017    0.333231568
   42.833792157    0.334964261    0.333308392
   42.865287592    0.335026113    0.333382802
   42.896783028    0.335086559    0.333454578
   42.928278463    0.335129179    0.333523597
   42.959773898    0.335144328    0.333589912
   42.991269334    0.335132700    0.333653758
   43.022764769    0.335104960    0.333715496
   43.054260205    0.335077623    0.333775509
   43.085755640    0.335066779    0.333834085
   43.117251075    0.335082040    0.333891344
   43.148746511    0.335122990    0.333947223
   43.180241946    0.335179452    0.334001525
   43.211737382    0.335235419    0.334054027
   43.243232817    0.335275147    0.334104576
   43.274728252    0.335289081    0.334153178
   43.306223688    0.335277392    0.334200005
   43.337719123    0.335249821    0.334245355
   43.369214559    0.335221913    0.334289557
   43.400709994    0.335209115    0.334332866
   43.432205430    0.335220958    0.334375390
   43.463700865    0.335257533    0.334417067
   43.495196300    0.335309545    0.334457712
   43.526691736    0.335361909    0.334497099
   43.558187171    0.335399482    0.334535063
   43.589682607    0.335412771    0.334571577
   43.621178042    0.335401452    0.334606772
   43.652673477    0.335374414    0.334640898
   43.684168913    0.335346323    0.334674247
   43.715664348    0.335332056    0.334707052
   43.747159784    0.335341095    0.334739413
   43.778655219    0.335374011    0.334771276
   43.810150654    0.335422325    0.334802465
   43.841646090    0.335471782    0.334832760
   43.873141525    0.335507771    0.334861990
   43.904636961    0.335520829    0.334890107
   43.936132396    0.335510164    0.334917210
   43.967627831    0.335483877    0.334943517
   43.999123267    0.335455847    0.334969290
   44.030618702    0.335440452    0.334994744
   44.062114138    0.335447158    0.335019980
   44.093609573    0.335476991    0.335044948
   44.125105009    0.335522220    0.335069485
   44.156600444    0.335569335    0.335093377
   44.188095879    0.335604185    0.335116452
   44.219591315    0.335617308    0.335138646
   44.251086750    0.335607463    0.335160037
   44.282582186    0.335582037    0.335180816
   44.314077621    0.335554205    0.335201223
   44.345573056    0.335537920    0.335221462
   44.377068492    0.335542660    0.335241628
   44.408563927    0.335569881    0.335261684
   44.440059363    0.335612534    0.335281473
   44.471554798    0.335657769    0.335300793
   44.503050233    0.335691822    0.335319469
   44.534545669    0.335705205    0.335337431
   44.566041104    0.335696258    0.335354737
   44.597536540    0.335671723    0.335371558
   44.629031975    0.335644153    0.335388118
   44.660527410    0.335627147    0.335404608
   44.692022846    0.335630216    0.335421125
   44.723518281    0.335655226    0.335437637
   44.755013717    0.335695733    0.335453998
   44.786509152    0.335739464    0.335470014
   44.818004588    0.335772980    0.335485513
   44.849500023    0.335786745    0.335500418
   44.880995458    0.335778708    0.335514773
   44.912490894    0.335755036    0.335528734
   44.943986329    0.335727746    0.335542509
   44.975481765    0.335710145    0.335556281
   45.006977200    0.335711798    0.335570145
   45.038472635    0.335734942    0.335584075
   45.069968071    0.335773672    0.335597938
   45.101463506    0.335816212    0.335611546
   45.132958942    0.335849383    0.335624730
   45.164454377    0.335863590    0.335637408
   45.195949812    0.335856426    0.335649616
   45.227445248    0.335833555    0.335661494
   45.258940683    0.335806537    0.335673237
   45.290436119    0.335788441    0.335685022
   45.321931554    0.335788898    0.335696943
   45.353426989    0.335810480    0.335708979
   45.384922425    0.335847749    0.335721005
   45.416417860    0.335889347    0.335732843
   45.447913296    0.335922307    0.335744328
   45.479408731    0.335936964    0.335755375
   45.510904167    0.335930599    0.335766010
   45.542399602    0.335908443    0.335776363
   45.573895037    0.335881674    0.335786616
   45.605390473    0.335863171    0.335796939
   45.636885908    0.335862634    0.335807427
   45.668381344    0.335882925    0.335818063
   45.699876779    0.335919002    0.335828732
   45.731372214    0.335959855    0.335839261
   45.762867650    0.335992686    0.335849493
   45.794363085    0.336007764    0.335859339
   45.825858521    0.336002101    0.335868818
   45.857353956    0.335980567    0.335878049
   45.888849391    0.335954025    0.335887206
   45.920344827    0.335935201    0.335896450
   45.951840262    0.335933858    0.335905876
   45.983335698    0.335953099    0.335915473
   46.014831133    0.335988212    0.335925133
   46.046326569    0.336028469    0.335934692
   46.077822004    0.336061211    0.335943995
   46.109317439    0.336076651    0.335952954
   46.140812875    0.336071581    0.335961582
   46.172308310    0.336050577    0.335969987
   46.203803746    0.336024246    0.335978334
   46.235299181    0.336005189    0.335986779
   46.266794616    0.336003214    0.335995415
   46.298290052    0.336021619    0.336004236
   46.329785487    0.336055954    0.336013143
   46.361280923    0.336095722    0.336021979
   46.392776358    0.336128378    0.336030593
   46.424271793    0.336144100    0.336038897
   46.455767229    0.336139511    0.336046896
   46.487262664    0.336118956    0.336054692
   46.518758100    0.336092834    0.336062439
   46.550253535    0.336073635    0.336070290
   46.581748970    0.336071194    0.336078337
   46.613244406    0.336088949    0.336086578
   46.644739841    0.336122654    0.336094921
   46.676235277    0.336161999    0.336103216
   46.707730712    0.336194544    0.336111318
   46.739226148    0.336210457    0.336119136
   46.770721583    0.336206244    0.336126673
   46.802217018    0.336186073    0.336134019
   46.833712454    0.336160172    0.336141323
   46.865207889    0.336140929    0.336148731
   46.896703325    0.336138173    0.336156336
   46.928198760    0.336155437    0.336164141
   46.959694195    0.336188623    0.336172060
   46.991189631    0.336227577    0.336179951
   47.022685066    0.336259965    0.336187672
   47.054180502    0.336275974    0.336195131
   47.085675937    0.336272043    0.336202326
   47.117171372    0.336252210    0.336209341
   47.148666808    0.336226560    0.336216316
   47.180162243    0.336207373    0.336223395
   47.211657679    0.336204440    0.336230668
   47.243153114    0.336221338    0.336238144
   47.274648549    0.336254080    0.336245744
   47.306143985    0.336292646    0.336253332
   47.337639420    0.336324817    0.336260769
   47.369134856    0.336340831    0.336267963
   47.400630291    0.336337107    0.336274907
   47.432125727    0.336317589    0.336281678
   47.463621162    0.336292234    0.336288410
   47.495116597    0.336273201    0.336295240
   47.526612033    0.336270208    0.336302264
   47.558107468    0.336286838    0.336309491
   47.589602904    0.336319179    0.336316850
   47.621098339    0.336357337    0.336324211
   47.652593774    0.336389222    0.336331437
   47.684089210    0.336405163    0.336338437
   47.715584645    0.336401591    0.336345197
   47.747080081    0.336382386    0.336351788
   47.778575516    0.336357382    0.336358339
   47.810070951    0.336338595    0.336364984
   47.841566387    0.336335641    0.336371818
   47.873061822    0.336352068    0.336378857
   47.904557258    0.336384022    0.336386034
   47.936052693    0.336421735    0.336393224
   47.967548128    0.336453267    0.336400295
   47.999043564    0.336469069    0.336407151
   48.030538999    0.336465619    0.336413777
   48.062034435    0.336446746    0.336420237
   48.093529870    0.336422154    0.336426653
   48.125025306    0.336403697    0.336433159
   48.156520741    0.336400853    0.336439850
   48.188016176    0.336417114    0.336446745
   48.219511612    0.336448671    0.336453784
   48.251007047    0.336485890    0.336460847
   48.282502483    0.336517010    0.336467802
   48.313997918    0.336532629    0.336474554
   48.345493353    0.336529293    0.336481082
   48.376988789    0.336510787    0.336487445
   48.408484224    0.336486672    0.336493761
   48.439979660    0.336468613    0.336500162
   48.471475095    0.336465927    0.336506744
   48.502970530    0.336482030    0.336513530
   48.534465966    0.336513160    0.336520465
   48.565961401    0.336549836    0.336527433
   48.597456837    0.336580494    0.336534303
   48.628952272    0.336595908    0.336540980
   48.660447707    0.336592701    0.336547436
   48.691943143    0.336574609    0.336553728
   48.723438578    0.336551031    0.336559970
   48.754934014    0.336533422    0.336566291
   48.786429449    0.336530913    0.336572789
   48.817924885    0.336546844    0.336579493
   48.849420320    0.336577506    0.336586349
   48.880915755    0.336613590    0.336593246
   48.912411191    0.336643755    0.336600054
   48.943906626    0.336658964    0.336606676
   48.975402062    0.336655920    0.336613081
   49.006897497    0.336638295    0.336619321
   49.038392932    0.336615307    0.336625506
   49.069888368    0.336598176    0.336631767
   49.101383803    0.336595842    0.336638201
   49.132879239    0.336611565    0.336644842
   49.164374674    0.336641711    0.336651639
   49.195870109    0.336677163    0.336658484
   49.227365545    0.336706824    0.336665247
   49.258860980    0.336721851    0.336671828
   49.290356416    0.336719018    0.336678196
   49.321851851    0.336701916    0.336684397
   49.353347286    0.336679556    0.336690540
   49.384842722    0.336662909    0.336696754
   49.416338157    0.336660721    0.336703141
   49.447833593    0.336676188    0.336709733
   49.479329028    0.336705770    0.336716486
   49.510824464    0.336740566    0.336723292
   49.542319899    0.336769733    0.336730022
   49.573815334    0.336784620    0.336736574
   49.605310770    0.336782057    0.336742915
   49.636806205    0.336765527    0.336749087
   49.668301641    0.336743815    0.336755198
   49.699797076    0.336727636    0.336761377
   49.731292511    0.336725547    0.336767726
   49.762787947    0.336740701    0.336774283
   49.794283382    0.336769677    0.336781003
   49.825778818    0.336803810    0.336787780
   49.857274253    0.336832515    0.336794486
   49.888769688    0.336847322    0.336801017
   49.920265124    0.336845090    0.336807337
   49.951760559    0.336829171    0.336813487
   49.983255995    0.336808109    0.336819574
   50.014751430    0.336792358    0.336825727
   50.046246865    0.336790305    0.336832048
   50.077742301    0.336805088    0.336838577
   50.109237736    0.336833429    0.336845273
   50.140733172    0.336866911    0.336852029
   50.172228607    0.336895206    0.336858717
   50.203724043    0.336910003    0.336865232
   50.235219478    0.336908162    0.336871536
   50.266714913    0.336892880    0.336877670
   50.298210349    0.336872444    0.336883739
   50.329705784    0.336857063    0.336889871
   50.361201220    0.336854976    0.336896172
   50.392696655    0.336869333    0.336902682
   50.424192090    0.336897025    0.336909359
   50.455687526    0.336929891    0.336916099
   50.487182961    0.336957844    0.336922773
   50.518678397    0.336972707    0.336929276
   50.550173832    0.336971309    0.336935568
   50.581669267    0.336956669    0.336941690
   50.613164703    0.336936819    0.336947744
   50.644660138    0.336921733    0.336953862
   50.676155574    0.336919535    0.336960148
   50.707651009    0.336933422    0.336966643
   50.739146444    0.336960470    0.336973307
   50.770641880    0.336992776    0.336980035
   50.802137315    0.337020470    0.336986698
   50.833632751    0.337035474    0.336993192
   50.865128186    0.337034558    0.336999474
   50.896623622    0.337020545    0.337005585
   50.928119057    0.337001217    0.337011630
   50.959614492    0.336986341    0.337017738
   50.991109928    0.336983961    0.337024013
   51.022605363    0.336997347    0.337030498
   51.054100799    0.337023780    0.337037152
   51.085596234    0.337055597    0.337043870
   51.117091669    0.337083121    0.337050524
   51.148587105    0.337098337    0.337057009
   51.180082540    0.337097925    0.337063284
   51.211577976    0.337084503    0.337069388
   51.243073411    0.337065617    0.337075425
   51.274568846    0.337050861    0.337081526
   51.306064282    0.337048233    0.337087795
   51.337559717    0.337061109    0.337094272
   51.369055153    0.337086973    0.337100918
   51.400550588    0.337118389    0.337107628
   51.432046024    0.337145836    0.337114275
   51.463541459    0.337161323    0.337120752
   51.495036894    0.337161415    0.337127020
   51.526532330    0.337148527    0.337133118
   51.558027765    0.337129991    0.337139152
   51.589523201    0.337115264    0.337145249
   51.621018636    0.337112340    0.337151513
   51.652514071    0.337124715    0.337157985
   51.684009507    0.337150077    0.337164625
   51.715504942    0.337181189    0.337171328
   51.747000378    0.337208646    0.337177967
   51.778495813    0.337224446    0.337184437
   51.809991248    0.337225023    0.337190700
   51.841486684    0.337212594    0.337196795
   51.872982119    0.337194308    0.337202826
   51.904477555    0.337179528    0.337208921
   51.935972990    0.337176273    0.337215184
   51.967468425    0.337188180    0.337221652
   51.998963861    0.337213124    0.337228286
   52.030459296    0.337244034    0.337234982
   52.061954732    0.337271580    0.337241614
   52.093450167    0.337287715    0.337248078
   52.124945603    0.337288735    0.337254336
   52.156441038    0.337276675    0.337260429
   52.187936473    0.337258538    0.337266460
   52.219431909    0.337243633    0.337272556
   52.250927344    0.337240037    0.337278817
   52.282422780    0.337251527    0.337285283
   52.313918215    0.337276150    0.337291912
   52.345413650    0.337306958    0.337298601
   52.376909086    0.337334655    0.337305225
   52.408404521    0.337351128    0.337311683
   52.439899957    0.337352527    0.337317938
   52.471395392    0.337340735    0.337324031
   52.502890827    0.337322651    0.337330063
   52.534386263    0.337307567    0.337336161
   52.565881698    0.337303640    0.337342422
   52.597377134    0.337314787    0.337348885
   52.628872569    0.337339190    0.337355509
   52.660368004    0.337369989    0.337362191
   52.691863440    0.337397883    0.337368808
   52.723358875    0.337414670    0.337375261
   52.754854311    0.337416370    0.337381514
   52.786349746    0.337404743    0.337387607
   52.817845182    0.337386624    0.337393643
   52.849340617    0.337371327    0.337399742
   52.880836052    0.337367103    0.337406005
   52.912331488    0.337377992    0.337412465
   52.943826923    0.337402282    0.337419083
   52.975322359    0.337433152    0.337425758
   53.006817794    0.337461265    0.337432368
   53.038313229    0.337478323    0.337438816
   53.069808665    0.337480231    0.337445068
   53.101304100    0.337468665    0.337451164
   53.132799536    0.337450439    0.337457203
   53.164294971    0.337434920    0.337463306
   53.195790406    0.337430453    0.337469569
   53.227285842    0.337441181    0.337476026
   53.258781277    0.337465457    0.337482638
   53.290276713    0.337496460    0.337489306
   53.321772148    0.337524791    0.337495909
   53.353267583    0.337542057    0.337502354
   53.384763019    0.337544073    0.337508606
   53.416258454    0.337532473    0.337514705
   53.447753890    0.337514089    0.337520748
   53.479249325    0.337498359    0.337526855
   53.510744761    0.337493721    0.337533118
   53.542240196    0.337504390    0.337539572
   53.573735631    0.337528742    0.337546177
   53.605231067    0.337559920    0.337552837
   53.636726502    0.337588445    0.337559435
   53.668221938    0.337605839    0.337565877
   53.699717373    0.337607862    0.337572130
   53.731212808    0.337596144    0.337578233
   53.762708244    0.337577573    0.337584281
   53.794203679    0.337561667    0.337590391
   53.825699115    0.337556944    0.337596654
   53.857194550    0.337567655    0.337603103
   53.888689985    0.337592158    0.337609702
   53.920185421    0.337623527    0.337616355
   53.951680856    0.337652201    0.337622947
   53.983176292    0.337669632    0.337629388
   54.014671727    0.337671564    0.337635643
   54.046167162    0.337659665    0.337641751
   54.077662598    0.337640900    0.337647804
   54.109158033    0.337624875    0.337653916
   54.140653469    0.337620160    0.337660178
   54.172148904    0.337631007    0.337666623
   54.203644340    0.337655714    0.337673214
   54.235139775    0.337687269    0.337679860
   54.266635210    0.337716027    0.337686449
   54.298130646    0.337733400    0.337692889
   54.329626081    0.337735154    0.337699147
   54.361121517    0.337723029    0.337705260
   54.392616952    0.337704089    0.337711318
   54.424112387    0.337688017    0.337717432
   54.455607823    0.337683406    0.337723691
   54.487103258    0.337694469    0.337730131
   54.518598694    0.337719412    0.337736716
   54.550094129    0.337751124    0.337743356
   54.581589564    0.337779886    0.337749941
   54.613085000    0.337797107    0.337756381
   54.644580435    0.337798610    0.337762644
   54.676075871    0.337786241    0.337768762
   54.707571306    0.337767167    0.337774823
   54.739066741    0.337751131    0.337780938
   54.770562177    0.337746717    0.337787195
   54.802057612    0.337758058    0.337793629
   54.833553048    0.337783245    0.337800207
   54.865048483    0.337815062    0.337806842
   54.896543919    0.337843743    0.337813425
   54.928039354    0.337860723    0.337819867
   54.959534789    0.337861922    0.337826134
   54.991030225    0.337849313    0.337832256
   55.022525660    0.337830165    0.337838321
   55.054021096    0.337814255    0.337844436
   55.085516531    0.337810120    0.337850690
   55.117011966    0.337821781    0.337857118
   55.148507402    0.337847196    0.337863689
   55.180002837    0.337879050    0.337870320
   55.211498273    0.337907558    0.337876902
   55.242993708    0.337924221    0.337883347
   55.274489143    0.337925089    0.337889618
   55.305984579    0.337912268    0.337895745
   55.337480014    0.337893120    0.337901812
   55.368975450    0.337877426    0.337907925
   55.400470885    0.337873638    0.337914175
   55.431966320    0.337885635    0.337920597
   55.463461756    0.337911237    0.337927164
   55.494957191    0.337943049    0.337933791
   55.526452627    0.337971298    0.337940373
   55.557948062    0.337987587    0.337946821
   55.589443498    0.337988117    0.337953096
   55.620938933    0.337975135    0.337959227
   55.652434368    0.337956070    0.337965295
   55.683929804    0.337940675    0.337971407
   55.715425239    0.337937281    0.337977652
   55.746920675    0.337949608    0.337984068
   55.778416110    0.337975339    0.337990631
   55.809911545    0.338007023    0.337997256
   55.841406981    0.338034934    0.338003839
   55.872902416    0.338050813    0.338010290
   55.904397852    0.338051024    0.338016569
   55.935893287    0.338037948    0.338022703
   55.967388722    0.338019054    0.338028771
   55.998884158    0.338004028    0.338034880
   56.030379593    0.338001054    0.338041120
   56.061875029    0.338013679    0.338047532
   56.093370464    0.338039465    0.338054091
   56.124865900    0.338070934    0.338060716
   56.156361335    0.338098446    0.338067301
   56.187856770    0.338113900    0.338073755
   56.219352206    0.338113836    0.338080038
   56.250847641    0.338100745    0.338086172
   56.282343077    0.338082105    0.338092239
   56.313838512    0.338067502    0.338098345
   56.345333947    0.338064948    0.338104581
   56.376829383    0.338077820    0.338110989
   56.408324818    0.338103577    0.338117545
   56.439820254    0.338134751    0.338124171
   56.471315689    0.338161820    0.338130758
   56.502811124    0.338176863    0.338137216
   56.534306560    0.338176583    0.338143501
   56.565801995    0.338163564    0.338149636
   56.597297431    0.338145253    0.338155701
   56.628792866    0.338131105    0.338161802
   56.660288301    0.338128947    0.338168034
   56.691783737    0.338141995    0.338174439
   56.723279172    0.338167637    0.338180995
   56.754774608    0.338198448    0.338187621
   56.786270043    0.338225055    0.338194212
   56.817765479    0.338239720    0.338200672
   56.849260914    0.338239303    0.338206958
   56.880756349    0.338226441    0.338213092
   56.912251785    0.338208520    0.338219154
   56.943747220    0.338194835    0.338225252
   56.975242656    0.338193026    0.338231480
   57.006738091    0.338206168    0.338237883
   57.038233526    0.338231610    0.338244439
   57.069728962    0.338262009    0.338251068
   57.101224397    0.338288156    0.338257661
   57.132719833    0.338302502    0.338264124
   57.164215268    0.338302034    0.338270410
   57.195710703    0.338289410    0.338276542
   57.227206139    0.338271918    0.338282600
   57.258701574    0.338258679    0.338288694
   57.290197010    0.338257154    0.338294920
   57.321692445    0.338270301    0.338301322
   57.353187880    0.338295468    0.338307880
   57.384683316    0.338325425    0.338314511
   57.416178751    0.338351141    0.338321107
   57.447674187    0.338365243    0.338327570
   57.479169622    0.338364814    0.338333856
   57.510665058    0.338352495    0.338339985
   57.542160493    0.338335450    0.338346039
   57.573655928    0.338322618    0.338352130
   57.605151364    0.338321294    0.338358353
   57.636646799    0.338334357    0.338364756
   57.668142235    0.338359190    0.338371316
   57.699637670    0.338388698    0.338377951
   57.731133105    0.338414036    0.338384549
   57.762628541    0.338427980    0.338391012
   57.794123976    0.338427677    0.338397295
   57.825619412    0.338415714    0.338403420
   57.857114847    0.338399109    0.338409471
   57.888610282    0.338386622    0.338415559
   57.920105718    0.338385408    0.338421782
   57.951601153    0.338398304    0.338428187
   57.983096589    0.338422762    0.338434750
   58.014592024    0.338451842    0.338441387
   58.046087459    0.338476872    0.338447986
   58.077582895    0.338490752    0.338454448
   58.109078330    0.338490653    0.338460728
   58.140573766    0.338479075    0.338466849
   58.172069201    0.338462879    0.338472895
   58.203564637    0.338450656    0.338478982
   58.235060072    0.338449457    0.338485206
   58.266555507    0.338462115    0.338491613
   58.298050943    0.338486181    0.338498180
   58.329546378    0.338514877    0.338504819
   58.361041814    0.338539686    0.338511418
   58.392537249    0.338553596    0.338517878
   58.424032684    0.338553763    0.338524154
   58.455528120    0.338542576    0.338530270
   58.487023555    0.338526733    0.338536314
   58.518518991    0.338514683    0.338542399
   58.550014426    0.338513408    0.338548625
   58.581509861    0.338525775    0.338555036
   58.613005297    0.338549457    0.338561606
   58.644500732    0.338577834    0.338568248
   58.675996168    0.338602517    0.338574846
   58.707491603    0.338616545    0.338581302
   58.738987038    0.338617021    0.338587573
   58.770482474    0.338606203    0.338593685
   58.801977909    0.338590639    0.338599726
   58.833473345    0.338578663    0.338605812
   58.864968780    0.338577230    0.338612041
   58.896464216    0.338589274    0.338618456
   58.927959651    0.338612605    0.338625029
   58.959455086    0.338640746    0.338631672
   58.990950522    0.338665404    0.338638268
   59.022445957    0.338679625    0.338644720
   59.053941393    0.338680428    0.338650985
   59.085436828    0.338669936    0.338657093
   59.116932263    0.338654560    0.338663133
   59.148427699    0.338642559    0.338669220
   59.179923134    0.338640901    0.338675453
   59.211418570    0.338652617    0.338681872
   59.242914005    0.338675652    0.338688449
   59.274409440    0.338703653    0.338695091
   59.305904876    0.338728383    0.338701684
   59.337400311    0.338742853    0.338708131
   59.368895747    0.338743978    0.338714391
   59.400391182    0.338733744    0.338720495
   59.431886617    0.338718456    0.338726534
   59.463382053    0.338706338    0.338732625
   59.494877488    0.338704409    0.338738862
   59.526372924    0.338715815    0.338745286
   59.557868359    0.338738631    0.338751864
   59.589363795    0.338766595    0.338758505
   59.620859230    0.338791483    0.338765094
   59.652354665    0.338806238    0.338771535
   59.683850101    0.338807653    0.338777790
   59.715345536    0.338797593    0.338783892
   59.746840972    0.338782289    0.338789932
   59.778336407    0.338769974    0.338796026
   59.809831842    0.338767751    0.338802268
   59.841327278    0.338778890    0.338808695
   59.872822713    0.338801580    0.338815275
   59.904318149    0.338829610    0.338821914
   59.935813584    0.338854727    0.338828497
   59.967309019    0.338869777    0.338834933
   59.998804455    0.338871426    0.338841183
   60.030299890    0.338861441    0.338847283
   60.061795326    0.338846021    0.338853325
   60.093290761    0.338833448    0.338859424
   60.124786196    0.338830935    0.338865671
   60.156281632    0.338841874    0.338872101
   60.187777067    0.338864540    0.338878681
   60.219272503    0.338892731    0.338885316
   60.250767938    0.338918128    0.338891894
   60.282263374    0.338933456    0.338898324
   60.313758809    0.338935264    0.338904571
   60.345254244    0.338925249    0.338910670
   60.376749680    0.338909623    0.338916715
   60.408245115    0.338896753    0.338922818
   60.439740551    0.338893978    0.338929070
   60.471235986    0.338904803    0.338935503
   60.502731421    0.338927550    0.338942081
   60.534226857    0.338955987    0.338948713
   60.565722292    0.338981689    0.338955285
   60.597217728    0.338997254    0.338961709
   60.628713163    0.338999128    0.338967953
   60.660208598    0.338988978    0.338974053
   60.691704034    0.338973071    0.338980102
   60.723199469    0.338959891    0.338986210
   60.754694905    0.338956908    0.338992466
   60.786190340    0.338967717    0.338998900
   60.817685775    0.338990648    0.339005476
   60.849181211    0.339019395    0.339012103
   60.880676646    0.339045403    0.339018669
   60.912172082    0.339061139    0.339025089
   60.943667517    0.339062976    0.339031331
   60.975162953    0.339052593    0.339037433
   61.006658388    0.339036351    0.339043486
   61.038153823    0.339022875    0.339049599
   61.069649259    0.339019760    0.339055858
   61.101144694    0.339030657    0.339062292
   61.132640130    0.339053866    0.339068865
   61.164135565    0.339082964    0.339075486
   61.195631000    0.339109251    0.339082047
   61.227126436    0.339125075    0.339088463
   61.258621871    0.339126769    0.339094704
   61.290117307    0.339116067    0.339100809
   61.321612742    0.339099461    0.339106867
   61.353108177    0.339085728    0.339112984
   61.384603613    0.339082572    0.339119246
   61.416099048    0.339093664    0.339125679
   61.447594484    0.339117227    0.339132248
   61.479089919    0.339146692    0.339138863
   61.510585355    0.339173206    0.339145419
   61.542080790    0.339189020    0.339151832
   61.573576225    0.339190467    0.339158075
   61.605071661    0.339179380    0.339164183
   61.636567096    0.339162408    0.339170245
   61.668062532    0.339148482    0.339176366
   61.699557967    0.339145386    0.339182628
   61.731053402    0.339156773    0.339189060
   61.762548838    0.339180745    0.339195624
   61.794044273    0.339210566    0.339202234
   61.825539709    0.339237234    0.339208786
   61.857035144    0.339252933    0.339215198
   61.888530579    0.339254039    0.339221442
   61.920026015    0.339242523    0.339227554
   61.951521450    0.339225211    0.339233620
   61.983016886    0.339211173    0.339239744
   62.014512321    0.339208245    0.339246006
   62.046007756    0.339220013    0.339252435
   62.077503192    0.339244424    0.339258994
   62.108998627    0.339274563    0.339265599
   62.140494063    0.339301293    0.339272148
   62.171989498    0.339316772    0.339278559
   62.203484934    0.339317460    0.339284806
   62.234980369    0.339305498    0.339290922
   62.266475804    0.339287896    0.339296992
   62.297971240    0.339273844    0.339303117
   62.329466675    0.339271187    0.339309378
   62.360962111    0.339283403    0.339315803
   62.392457546    0.339308257    0.339322357
   62.423952981    0.339338651    0.339328958
   62.455448417    0.339365343    0.339335505
   62.486943852    0.339380501    0.339341918
   62.518439288    0.339380715    0.339348167
   62.549934723    0.339368319    0.339354287
   62.581430158    0.339350499    0.339360360
   62.612925594    0.339336538    0.339366486
   62.644421029    0.339334246    0.339372744
   62.675916465    0.339346953    0.339379165
   62.707411900    0.339372225    0.339385715
   62.738907335    0.339402792    0.339392313
   62.770402771    0.339429339    0.339398859
   62.801898206    0.339444091    0.339405273
   62.833393642    0.339443801    0.339411527
   62.864889077    0.339431008    0.339417650
   62.896384513    0.339413062    0.339423724
   62.927879948    0.339399297    0.339429849
   62.959375383    0.339397446    0.339436104
   62.990870819    0.339410661    0.339442520
   63.022366254    0.339436301    0.339449066
   63.053861690    0.339466944    0.339455662
   63.085357125    0.339493243    0.339462209
   63.116852560    0.339507521    0.339468626
   63.148347996    0.339506725    0.339474883
   63.179843431    0.339493598    0.339481009
   63.211338867    0.339475627    0.339487084
   63.242834302    0.339462158    0.339493206
   63.274329737    0.339460804    0.339499457
   63.305825173    0.339474515    0.339505869
   63.337320608    0.339500449    0.339512412
   63.368816044    0.339531063    0.339519008
   63.400311479    0.339557021    0.339525557
   63.431806914    0.339570783    0.339531977
   63.463302350    0.339569505    0.339538237
   63.494797785    0.339556127    0.339544364
   63.526293221    0.339538237    0.339550438
   63.557788656    0.339525150    0.339556557
   63.589284092    0.339524322    0.339562804
   63.620779527    0.339538492    0.339569212
   63.652274962    0.339564628    0.339575754
   63.683770398    0.339595106    0.339582350
   63.715265833    0.339620646    0.339588902
   63.746761269    0.339633876    0.339595326
   63.778256704    0.339632169    0.339601588
   63.809752139    0.339618639    0.339607715
   63.841247575    0.339600934    0.339613787
   63.872743010    0.339588295    0.339619902
   63.904238446    0.339587995    0.339626145
   63.935733881    0.339602558    0.339632550
   63.967229316    0.339628793    0.339639091
   63.998724752    0.339659036    0.339645689
   64.030220187    0.339684103    0.339652244
   64.061715623    0.339696815    0.339658671
   64.093211058    0.339694754    0.339664935
   64.124706493    0.339681178    0.339671062
   64.156201929    0.339663753    0.339677130
   64.187697364    0.339651603    0.339683240
   64.219192800    0.339651804    0.339689479
   64.250688235    0.339666674    0.339695882
   64.282183671    0.339692900    0.339702424
   64.313679106    0.339722822    0.339709026
   64.345174541    0.339747387    0.339715584
   64.376669977    0.339759622    0.339722015
   64.408165412    0.339757301    0.339728279
   64.439660848    0.339743787    0.339734403
   64.471156283    0.339726719    0.339740466
   64.502651718    0.339715073    0.339746572
   64.534147154    0.339715720    0.339752807
   64.565642589    0.339730797    0.339759210
   64.597138025    0.339756908    0.339765754
   64.628633460    0.339786442    0.339772360
   64.660128895    0.339810506    0.339778923
   64.691624331    0.339822330    0.339785355
   64.723119766    0.339819856    0.339791618
   64.754615202    0.339806505    0.339797738
   64.786110637    0.339789848    0.339803796
   64.817606072    0.339778692    0.339809898
   64.849101508    0.339779707    0.339816131
   64.880596943    0.339794881    0.339822534
   64.912092379    0.339820782    0.339829082
   64.943587814    0.339849886    0.339835692
   64.975083250    0.339873478    0.339842258
   65.006578685    0.339884980    0.339848691
   65.038074120    0.339882464    0.339854952
   65.069569556    0.339869365    0.339861068
   65.101064991    0.339853147    0.339867120
   65.132560427    0.339842436    0.339873217
   65.164055862    0.339843721    0.339879449
   65.195551297    0.339858882    0.339885855
   65.227046733    0.339884493    0.339892407
   65.258542168    0.339913155    0.339899022
   65.290037604    0.339936331    0.339905591
   65.321533039    0.339947617    0.339912024
   65.353028474    0.339945167    0.339918281
   65.384523910    0.339932387    0.339924391
   65.416019345    0.339916607    0.339930438
   65.447514781    0.339906273    0.339936531
   65.479010216    0.339907718    0.339942763
   65.510505651    0.339922760    0.339949172
   65.542001087    0.339948026    0.339955729
   65.573496522    0.339976261    0.339962349
   65.604991958    0.339999105    0.339968921
   65.636487393    0.340010286    0.339975352
   65.667982829    0.340008001    0.339981604
   65.699478264    0.339995583    0.339987707
   65.730973699    0.339980210    0.339993749
   65.762469135    0.339970159    0.339999840
   65.793964570    0.339971650    0.340006073
   65.825460006    0.339986483    0.340012487
   65.856955441    0.340011376    0.340019050
   65.888450876    0.340039229    0.340025674
   65.919946312    0.340061841    0.340032247
   65.951441747    0.340073034    0.340038675
   65.982937183    0.340070995    0.340044921
   66.014432618    0.340058953    0.340051018
   66.045928053    0.340043927    0.340057054
   66.077423489    0.340034051    0.340063144
   66.108918924    0.340035474    0.340069380
   66.140414360    0.340050028    0.340075800
   66.171909795    0.340074549    0.340082369
   66.203405231    0.340102093    0.340088996
   66.234900666    0.340124587    0.340095569
   66.266396101    0.340135900    0.340101992
   66.297891537    0.340134166    0.340108232
   66.329386972    0.340122483    0.340114322
   66.360882408    0.340107720    0.340120354
   66.392377843    0.340097901    0.340126444
   66.423873278    0.340099153    0.340132685
   66.455368714    0.340113383    0.340139111
   66.486864149    0.340137564    0.340145685
   66.518359585    0.340164895    0.340152315
   66.549855020    0.340187392    0.340158886
   66.581350455    0.340198919    0.340165304
   66.612845891    0.340197520    0.340171536
   66.644341326    0.340186148    0.340177620
   66.675836762    0.340171543    0.340183650
   66.707332197    0.340161661    0.340189741
   66.738827632    0.340162658    0.340195987
   66.770323068    0.340176549    0.340202419
   66.801818503    0.340200451    0.340208999
   66.833313939    0.340227682    0.340215630
   66.864809374    0.340250298    0.340222197
   66.896304810    0.340262114    0.340228609
   66.927800245    0.340261048    0.340234834
   66.959295680    0.340249914    0.340240912
   66.990791116    0.340235348    0.340246941
   67.022286551    0.340225291    0.340253035
   67.053781987    0.340225971    0.340259287
   67.085277422    0.340239540    0.340265726
   67.116772857    0.340263250    0.340272309
   67.148268293    0.340290503    0.340278941
   67.179763728    0.340313345    0.340285503
   67.211259164    0.340325497    0.340291908
   67.242754599    0.340324734    0.340298125
   67.274250034    0.340313739    0.340304199
   67.305745470    0.340299088    0.340310228
   67.337240905    0.340288756    0.340316327
   67.368736341    0.340289087    0.340322585
   67.400231776    0.340302380    0.340329030
   67.431727211    0.340326006    0.340335616
   67.463222647    0.340353405    0.340342246
   67.494718082    0.340376563    0.340348803
   67.526213518    0.340389068    0.340355200
   67.557708953    0.340388545    0.340361411
   67.589204389    0.340377573    0.340367482
   67.620699824    0.340362715    0.340373512
   67.652195259    0.340352031    0.340379617
   67.683690695    0.340352011    0.340385881
   67.715186130    0.340365104    0.340392331
   67.746681566    0.340388769    0.340398919
   67.778177001    0.340416431    0.340405546
   67.809672436    0.340439970    0.340412097
   67.841167872    0.340452813    0.340418486
   67.872663307    0.340452441    0.340424692
   67.904158743    0.340441367    0.340430761
   67.935654178    0.340426191    0.340436794
   67.967149613    0.340415103    0.340442904
   67.998645049    0.340414764    0.340449175
   68.030140484    0.340427758    0.340455629
   68.061635920    0.340451589    0.340462217
   68.093131355    0.340479617    0.340468840
   68.124626790    0.340503573    0.340475384
   68.156122226    0.340516707    0.340481766
   68.187617661    0.340516377    0.340487968
   68.219113097    0.340505072    0.340494037
   68.250608532    0.340489484    0.340500073
   68.282103968    0.340477974    0.340506190
   68.313599403    0.340477377    0.340512467
   68.345094838    0.340490389    0.340518923
   68.376590274    0.340514512    0.340525510
   68.408085709    0.340542989    0.340532127
   68.439581145    0.340567365    0.340538664
   68.471076580    0.340580715    0.340545041
   68.502572015    0.340580301    0.340551239
   68.534067451    0.340568643    0.340557310
   68.565562886    0.340552575    0.340563351
   68.597058322    0.340540654    0.340569473
   68.628553757    0.340539890    0.340575755
   68.660049192    0.340553049    0.340582213
   68.691544628    0.340577581    0.340588797
   68.723040063    0.340606561    0.340595409
   68.754535499    0.340631327    0.340601939
   68.786030934    0.340644790    0.340608310
   68.817526369    0.340644162    0.340614507
   68.849021805    0.340632044    0.340620580
   68.880517240    0.340615457    0.340626627
   68.912012676    0.340603172    0.340632755
   68.943508111    0.340602351    0.340639040
   68.975003547    0.340615790    0.340645498
   69.006498982    0.340640826    0.340652078
   69.037994417    0.340670331    0.340658683
   69.069489853    0.340695426    0.340665207
   69.100985288    0.340708883    0.340671576
   69.132480724    0.340707910    0.340677773
   69.163976159    0.340695247    0.340683849
   69.195471594    0.340678136    0.340689901
   69.226967030    0.340665564    0.340696033
   69.258462465    0.340664813    0.340702320
   69.289957901    0.340678657    0.340708777
   69.321453336    0.340704270    0.340715352
   69.352948771    0.340734288    0.340721951
   69.384444207    0.340759621    0.340728471
   69.415939642    0.340772940    0.340734837
   69.447435078    0.340771505    0.340741035
   69.478930513    0.340758239    0.340747116
   69.510425948    0.340740632    0.340753173
   69.541921384    0.340727875    0.340759309
   69.573416819    0.340727329    0.340765596
   69.604912255    0.340741688    0.340772050
   69.636407690    0.340767918    0.340778620
   69.667903126    0.340798405    0.340785214
   69.699398561    0.340823863    0.340791729
   69.730893996    0.340836910    0.340798095
   69.762389432    0.340834911    0.340804296
   69.793884867    0.340821019    0.340810381
   69.825380303    0.340802978    0.340816442
   69.856875738    0.340790157    0.340822580
   69.888371173    0.340789948    0.340828867
   69.919866609    0.340804910    0.340835316
   69.951362044    0.340831766    0.340841881
   69.982857480    0.340862644    0.340848470
   70.014352915    0.340888098    0.340854984
   70.045848350    0.340900744    0.340861350
   70.077343786    0.340898108    0.340867555
   70.108839221    0.340883600    0.340873645
   70.140334657    0.340865216    0.340879709
   70.171830092    0.340852466    0.340885847
   70.203325527    0.340852716    0.340892131
   70.234820963    0.340868340    0.340898576
   70.266316398    0.340895792    0.340905136
   70.297811834    0.340926958    0.340911722
   70.329307269    0.340952272    0.340918235
   70.360802705    0.340964403    0.340924604
   70.392298140    0.340961087    0.340930813
   70.423793575    0.340946009    0.340936906
   70.455289011    0.340927396    0.340942972
   70.486784446    0.340914854    0.340949109
   70.518279882    0.340915666    0.340955389
   70.549775317    0.340931978    0.340961829
   70.581270752    0.340959964    0.340968384
   70.612766188    0.340991293    0.340974968
   70.644261623    0.341016332    0.340981483
   70.675757059    0.341027859    0.340987855
   70.707252494    0.341023855    0.340994069
   70.738747929    0.341008285    0.341000165
   70.770243365    0.340989575    0.341006231
   70.801738800    0.340977372    0.341012366
   70.833234236    0.340978821    0.341018641
   70.864729671    0.340995810    0.341025075
   70.896225106    0.341024239    0.341031628
   70.927720542    0.341055594    0.341038211
   70.959215977    0.341080232    0.341044729
   70.990711413    0.341091095    0.341051106
   71.022206848    0.341086432    0.341057323
   71.053702284    0.341070475    0.341063421
   71.085197719    0.341051808    0.341069485
   71.116693154    0.341040060    0.341075616
   71.148188590    0.341042191    0.341081885
   71.179684025    0.341059811    0.341088315
   71.211179461    0.341088563    0.341094866
   71.242674896    0.341119805    0.341101451
   71.274170331    0.341143938    0.341107973
   71.305665767    0.341154110    0.341114354
   71.337161202    0.341148851    0.341120575
   71.368656638    0.341132635    0.341126673
   71.400152073    0.341114150    0.341132734
   71.431647508    0.341102949    0.341138859
   71.463142944    0.341105768    0.341145123
   71.494638379    0.341123939    0.341151549
   71.526133815    0.341152881    0.341158100
   71.557629250    0.341183874    0.341164689
   71.589124686    0.341207424    0.341171215
   71.620620121    0.341216917    0.341177601
   71.652115556    0.341211158    0.341183824
   71.683610992    0.341194823    0.341189920
   71.715106427    0.341176647    0.341195977
   71.746601863    0.341166055    0.341202095
   71.778097298    0.341169534    0.341208354
   71.809592733    0.341188146    0.341214778
   71.841088169    0.341217133    0.341221331
   71.872583604    0.341247760    0.341227924
   71.904079040    0.341270682    0.341234456
   71.935574475    0.341279543    0.341240847
   71.967069910    0.341273405    0.341247070
   71.998565346    0.341257096    0.341253162
   72.030060781    0.341239337    0.341259213
   72.061556217    0.341229380    0.341265324
   72.093051652    0.341233452    0.341271579
   72.124547087    0.341252374    0.341278003
   72.156042523    0.341281264    0.341284559
   72.187537958    0.341311429    0.341291158
   72.219033394    0.341333717    0.341297696
   72.250528829    0.341342030    0.341304090
   72.282024265    0.341335653    0.341310311
   72.313519700    0.341319508    0.341316399
   72.345015135    0.341302246    0.341322442
   72.376510571    0.341292912    0.341328547
   72.408006006    0.341297478    0.341334798
   72.439501442    0.341316564    0.341341223
   72.470996877    0.341345225    0.341347784
   72.502492312    0.341374865    0.341354391
   72.533987748    0.341396549    0.341360934
   72.565483183    0.341404428    0.341367330
   72.596978619    0.341397961    0.341373548
   72.628474054    0.341382104    0.341379629
   72.659969489    0.341365384    0.341385664
   72.691464925    0.341356622    0.341391763
   72.722960360    0.341361555    0.341398012
   72.754455796    0.341380655    0.341404440
   72.785951231    0.341408975    0.341411008
   72.817446666    0.341438064    0.341417622
   72.848942102    0.341459215    0.341424170
   72.880437537    0.341466796    0.341430566
   72.911932973    0.341460388    0.341436780
   72.943428408    0.341444916    0.341442852
   72.974923844    0.341428745    0.341448879
   73.006419279    0.341420468    0.341454973
   73.037914714    0.341425623    0.341461222
   73.069410150    0.341444593    0.341467655
   73.100905585    0.341472489    0.341474230
   73.132401021    0.341501039    0.341480852
   73.163896456    0.341521761    0.341487404
   73.195391891    0.341529197    0.341493798
   73.226887327    0.341522985    0.341500005
   73.258382762    0.341507964    0.341506068
   73.289878198    0.341492309    0.341512087
   73.321373633    0.341484398    0.341518177
   73.352869068    0.341489618    0.341524428
   73.384364504    0.341508330    0.341530867
   73.415859939    0.341535756    0.341537452
   73.447355375    0.341563821    0.341544080
   73.478850810    0.341584245    0.341550634
   73.510346245    0.341591693    0.341557025
   73.541841681    0.341585793    0.341563223
   73.573337116    0.341571251    0.341569277
   73.604832552    0.341556039    0.341575288
   73.636327987    0.341548350    0.341581376
   73.667823423    0.341553480    0.341587631
   73.699318858    0.341571831    0.341594079
   73.730814293    0.341598779    0.341600672
   73.762309729    0.341626450    0.341607306
   73.793805164    0.341646730    0.341613861
   73.825300600    0.341654342    0.341620245
   73.856796035    0.341648841    0.341626435
   73.888291470    0.341634765    0.341632479
   73.919786906    0.341619887    0.341638484
   73.951282341    0.341612260    0.341644571
   73.982777777    0.341617156    0.341650832
   74.014273212    0.341635076    0.341657289
   74.045768647    0.341661580    0.341663890
   74.077264083    0.341688983    0.341670529
   74.108759518    0.341709282    0.341677082
   74.140254954    0.341717192    0.341683460
   74.171750389    0.341712141    0.341689639
   74.203245824    0.341698475    0.341695674
   74.234741260    0.341683792    0.341701674
   74.266236695    0.341676062    0.341707763
   74.297732131    0.341680601    0.341714031
   74.329227566    0.341698061    0.341720497
   74.360723002    0.341724197    0.341727107
   74.392218437    0.341751481    0.341733749
   74.423713872    0.341771963    0.341740298
   74.455209308    0.341780281    0.341746667
   74.486704743    0.341775689    0.341752836
   74.518200179    0.341762337    0.341758862
   74.549695614    0.341747689    0.341764860
   74.581191049    0.341739697    0.341770953
   74.612686485    0.341743785    0.341777229
   74.644181920    0.341760797    0.341783705
   74.675677356    0.341786679    0.341790322
   74.707172791    0.341814014    0.341796964
   74.738668226    0.341834832    0.341803508
   74.770163662    0.341843631    0.341809867
   74.801659097    0.341839464    0.341816025
   74.833154533    0.341826295    0.341822045
   74.864649968    0.341811510    0.341828042
   74.896145403    0.341803112    0.341834140
   74.927640839    0.341806695    0.341840426
   74.959136274    0.341823316    0.341846911
   74.990631710    0.341849089    0.341853533
   75.022127145    0.341876648    0.341860174
   75.053622581    0.341897933    0.341866711
   75.085118016    0.341907248    0.341873059
   75.116613451    0.341903426    0.341879208
   75.148108887    0.341890284    0.341885222
   75.179604322    0.341875188    0.341891221
   75.211099758    0.341866268    0.341897326
   75.242595193    0.341869335    0.341903621
   75.274090628    0.341885663    0.341910115
   75.305586064    0.341911495    0.341916740
   75.337081499    0.341939446    0.341923378
   75.368576935    0.341961298    0.341929906
   75.400072370    0.341971118    0.341936244
   75.431567805    0.341967525    0.341942384
   75.463063241    0.341954233    0.341948396
   75.494558676    0.341938664    0.341954398
   75.526054112    0.341929141    0.341960511
   75.557549547    0.341931725    0.341966816
   75.589044982    0.341947896    0.341973316
   75.620540418    0.341973968    0.341979942
   75.652035853    0.342002464    0.341986575
   75.683531289    0.342024943    0.341993094
   75.715026724    0.342035211    0.341999422
   75.746522160    0.342031695    0.342005555
   75.778017595    0.342018071    0.342011566
   75.809513030    0.342001890    0.342017573
   75.841008466    0.341991725    0.342023695
   75.872503901    0.341993905    0.342030009
   75.903999337    0.342010083    0.342036514
   75.935494772    0.342036578    0.342043139
   75.966990207    0.342065744    0.342049765
   75.998485643    0.342088865    0.342056274
   76.029981078    0.342099480    0.342062592
   76.061476514    0.342095866    0.342068721
   76.092971949    0.342081730    0.342074734
   76.124467384    0.342064830    0.342080747
   76.155962820    0.342054032    0.342086878
   76.187458255    0.342055929    0.342093199
   76.218953691    0.342072298    0.342099707
   76.250449126    0.342099387    0.342106329
   76.281944562    0.342129311    0.342112947
   76.313439997    0.342153043    0.342119446
   76.344935432    0.342163865    0.342125757
   76.376430868    0.342159963    0.342131884
   76.407926303    0.342145155    0.342137899
   76.439421739    0.342127467    0.342143920
   76.470917174    0.342116092    0.342150060
   76.502412609    0.342117863    0.342156386
   76.533908045    0.342134616    0.342162895
   76.565403480    0.342162448    0.342169511
   76.596898916    0.342193173    0.342176121
   76.628394351    0.342217435    0.342182611
   76.659889786    0.342228295    0.342188917
   76.691385222    0.342223913    0.342195043
   76.722880657    0.342208298    0.342201064
   76.754376093    0.342189805    0.342207093
   76.785871528    0.342177955    0.342213240
   76.817366963    0.342179782    0.342219570
   76.848862399    0.342197106    0.342226076
   76.880357834    0.342225796    0.342232686
   76.911853270    0.342257318    0.342239287
   76.943348705    0.342281987    0.342245770
   76.974844141    0.342292692    0.342252073
   77.006339576    0.342287650    0.342258201
   77.037835011    0.342271134    0.342264228
   77.069330447    0.342251864    0.342270264
   77.100825882    0.342239683    0.342276417
   77.132321318    0.342241764    0.342282748
   77.163816753    0.342259830    0.342289250
   77.195312188    0.342289451    0.342295853
   77.226807624    0.342321714    0.342302445
   77.258303059    0.342346628    0.342308923
   77.289798495    0.342356977    0.342315225
   77.321293930    0.342351118    0.342321357
   77.352789365    0.342333651    0.342327391
   77.384284801    0.342313687    0.342333434
   77.415780236    0.342301351    0.342339590
   77.447275672    0.342303887    0.342345920
   77.478771107    0.342322836    0.342352416
   77.510266542    0.342353412    0.342359011
   77.541761978    0.342386311    0.342365596
   77.573257413    0.342411282    0.342372071
   77.604752849    0.342421078    0.342378375
   77.636248284    0.342414277    0.342384513
   77.667743720    0.342395863    0.342390554
   77.699239155    0.342375329    0.342396602
   77.730734590    0.342363039    0.342402759
   77.762230026    0.342366220    0.342409084
   77.793725461    0.342386154    0.342415574
   77.825220897    0.342417656    0.342422161
   77.856716332    0.342451044    0.342428741
   77.888211767    0.342475864    0.342435215
   77.919707203    0.342484928    0.342441523
   77.951202638    0.342477108    0.342447668
   77.982698074    0.342457801    0.342453715
   78.014193509    0.342436866    0.342459766
   78.045688944    0.342424830    0.342465922
   78.077184380    0.342428822    0.342472241
   78.108679815    0.342449795    0.342478723
   78.140175251    0.342482141    0.342485303
   78.171670686    0.342515835    0.342491881
   78.203166121    0.342540294    0.342498357
   78.234661557    0.342548476    0.342504671
   78.266156992    0.342539610    0.342510823
   78.297652428    0.342519517    0.342516875
   78.329147863    0.342498377    0.342522926
   78.360643299    0.342486803    0.342529077
   78.392138734    0.342491735    0.342535389
   78.423634169    0.342513747    0.342541863
   78.455129605    0.342546807    0.342548438
   78.486625040    0.342580598    0.342555016
   78.518120476    0.342604497    0.342561497
   78.549615911    0.342611689    0.342567818
   78.581111346    0.342601805    0.342573977
   78.612606782    0.342581080    0.342580031
   78.644102217    0.342559951    0.342586081
   78.675597653    0.342549028    0.342592225
   78.707093088    0.342554984    0.342598528
   78.738588523    0.342577978    0.342604995
   78.770083959    0.342611577    0.342611568
   78.801579394    0.342645245    0.342618149
   78.833074830    0.342668410    0.342624637
   78.864570265    0.342674554    0.342630966
   78.896065700    0.342663737    0.342637130
   78.927561136    0.342642571    0.342643184
   78.959056571    0.342621674    0.342649228
   78.990552007    0.342611558    0.342655363
   79.022047442    0.342618569    0.342661657
   79.053542878    0.342642432    0.342668119
   79.085038313    0.342676364    0.342674693
   79.116533748    0.342709693    0.342681280
   79.148029184    0.342731986    0.342687777
   79.179524619    0.342737083    0.342694114
   79.211020055    0.342725469    0.342700280
   79.242515490    0.342704082    0.342706331
   79.274010925    0.342683626    0.342712366
   79.305506361    0.342674432    0.342718491
   79.337001796    0.342682466    0.342724777
   79.368497232    0.342707039    0.342731237
   79.399992667    0.342741076    0.342737815
   79.431488102    0.342773867    0.342744412
   79.462983538    0.342795201    0.342750918
   79.494478973    0.342799310    0.342757261
   79.525974409    0.342787083    0.342763426
   79.557469844    0.342765706    0.342769470
   79.588965279    0.342745875    0.342775494
   79.620460715    0.342737662    0.342781608
   79.651956150    0.342746632    0.342787889
   79.683451586    0.342771710    0.342794351
   79.714947021    0.342805621    0.342800938
   79.746442457    0.342837707    0.342807546
   79.777937892    0.342858051    0.342814061
   79.809433327    0.342861291    0.342820406
   79.840928763    0.342848670    0.342826565
   79.872424198    0.342827532    0.342832596
   79.903919634    0.342808471    0.342838607
   79.935415069    0.342801239    0.342844713
   79.966910504    0.342810997    0.342850995
   79.998405940    0.342836349    0.342857466
   80.029901375    0.342869911    0.342864067
   80.061396811    0.342901173    0.342870687
   80.092892246    0.342920560    0.342877207
   80.124387681    0.342923103    0.342883545
   80.155883117    0.342910330    0.342889689
   80.187378552    0.342889642    0.342895703
   80.218873988    0.342871443    0.342901701
   80.250369423    0.342865126    0.342907806
   80.281864858    0.342875476    0.342914100
   80.313360294    0.342900856    0.342920592
   80.344855729    0.342933874    0.342927214
   80.376351165    0.342964250    0.342933843
   80.407846600    0.342982776    0.342940354
   80.439342036    0.342984840    0.342946668
   80.470837471    0.342972162    0.342952779
   80.502332906    0.342952099    0.342958768
   80.533828342    0.342934792    0.342964762
   80.565323777    0.342929263    0.342970890
   80.596819213    0.342939970    0.342977230
   80.628314648    0.342965132    0.342983773
   80.659810083    0.342997454    0.342990424
   80.691305519    0.343026947    0.342997041
   80.722800954    0.343044772    0.343003492
   80.754296390    0.343046606    0.343009711
   80.785791825    0.343034260    0.343015732
   80.817287260    0.343014949    0.343021682
   80.848782696    0.342998496    0.343027730
   80.880278131    0.342993566    0.343034017
   80.911773567    0.343004370    0.343040580
   80.943269002    0.343029090    0.343047320
   80.974764437    0.343060619    0.343054016
   81.006259873    0.343089303    0.343060407
   81.037755308    0.343106641    0.343066310
   81.069250744    0.343108511    0.343071761
   81.100746179    0.343096706    0.343077116
   81.132241615    0.343078209    0.343083100
   81.163737050    0.343062501    0.343090774
   81.195232485    0.343057933    0.343101431
   81.226727921    0.343068567    0.343116447
   81.258223356    0.343092658    0.343137118
   81.289718792    0.343123367    0.343164537
   81.321214227    0.343151386    0.343199513
   81.352709662    0.343168493    0.343242569
   81.384205098    0.343170663    0.343293985
   81.415700533    0.343159559    0.343353873
   81.447195969    0.343141867    0.343422254
   81.478691404    0.343126726    0.343499117
   81.510186839    0.343122248    0.343584443
   81.541682275    0.343132455    0.343678210
   81.573177710    0.343155788    0.343780377
   81.604673146    0.343185725    0.343890883
   81.636168581    0.343213288    0.344009645
   81.667664017    0.343230450    0.344136589
   81.699159452    0.343233161    0.344271670
   81.730654887    0.343222855    0.344414902
   81.762150323    0.343205878    0.344566356
   81.793645758    0.343191064    0.344726139
   81.825141194    0.343186384    0.344894363
   81.856636629    0.343195945    0.345071094
   81.888132064    0.343218458    0.345256332
   81.919627500    0.343247754    0.345450000
   81.951122935    0.343275129    0.345651975
   81.982618371    0.343292638    0.345862131
   82.014113806    0.343296086    0.346080389
   82.045609241    0.343286596    0.346306747
   82.077104677    0.343270164    0.346541285
   82.108600112    0.343255387    0.346784135
   82.140095548    0.343250217    0.347035435
   82.171590983    0.343258964    0.347295268
   82.203086418    0.343280687    0.347563637
   82.234581854    0.343309554    0.347840457
   82.266077289    0.343337049    0.348125586
   82.297572725    0.343355182    0.348418885
   82.329068160    0.343359496    0.348720263
   82.360563596    0.343350745    0.349029723
   82.392059031    0.343334606    0.349347354
   82.423554466    0.343319544    0.349673302
   82.455049902    0.343313623    0.350007714
   82.486545337    0.343321472    0.350350677
   82.518040773    0.343342531    0.350702188
   82.549536208    0.343371259    0.351062152
   82.581031643    0.343399206    0.351430417
   82.612527079    0.343418198    0.351806836
   82.644022514    0.343423414    0.352191320
   82.675517950    0.343415220    0.352583876
   82.707013385    0.343399047    0.352984606
   82.738508820    0.343383364    0.353393665
   82.770004256    0.343376494    0.353811202
   82.801499691    0.343383467    0.354237305
   82.832995127    0.343404104    0.354671961
   82.864490562    0.343433053    0.355115064
   82.895985997    0.343461783    0.355566456
   82.927481433    0.343481788    0.356025984
   82.958976868    0.343487816    0.356493565
   82.990472304    0.343479874    0.356969217
   83.021967739    0.343463274    0.357453051
   83.053463175    0.343446655    0.357945229
   83.084958610    0.343438737    0.358445903
   83.116454045    0.343445004    0.358955151
   83.147949481    0.343465593    0.359472952
   83.179444916    0.343495186    0.359999189
   83.210940352    0.343524987    0.360533697
   83.242435787    0.343546032    0.361076326
   83.273931222    0.343552606    0.361627001
   83.305426658    0.343544466    0.362185750
   83.336922093    0.343526988    0.362752693
   83.368417529    0.343509183    0.363327999
   83.399912964    0.343500287    0.363911815
   83.431408399    0.343506229    0.364504212
   83.462903835    0.343527312    0.365105156
   83.494399270    0.343558027    0.365714521
   83.525894706    0.343589093    0.366332139
   83.557390141    0.343610977    0.366957863
   83.588885576    0.343617565    0.367591629
   83.620381012    0.343608567    0.368233476
   83.651876447    0.343589710    0.368883535
   83.683371883    0.343570613    0.369541976
   83.714867318    0.343561119    0.370208941
   83.746362754    0.343567479    0.370884489
   83.777858189    0.343589871    0.371568574
   83.809353624    0.343622235    0.372261060
   83.840849060    0.343654536    0.372961779
   83.872344495    0.343676615    0.373670592
   83.903839931    0.343682165    0.374387446
   83.935335366    0.343671266    0.375112396
   83.966830801    0.343650469    0.375845578
   83.998326237    0.343630326    0.376587163
   84.029821672    0.343621303    0.377337283
   84.061317108    0.343629631    0.378095983
   84.092812543    0.343654744    0.378863204
   84.124307978    0.343689367    0.379638804
   84.155803414    0.343722282    0.380422615
   84.187298849    0.343742743    0.381214510
   84.218794285    0.343744822    0.382014453
   84.250289720    0.343729946    0.382822509
   84.281785155    0.343706511    0.383638824
   84.313280591    0.343686655    0.384463561
   84.344776026    0.343681360    0.385296843
   84.376271462    0.343695841    0.386138696
   84.407766897    0.343727117    0.386989047
   84.439262333    0.343764889    0.387847751
   84.470757768    0.343795566    0.388714644
   84.502253203    0.343807950    0.389589615
   84.533748639    0.343798321    0.390472645
   84.565244074    0.343772720    0.391363814
   84.596739510    0.343745188    0.392263272
   84.628234945    0.343732279    0.393171175
   84.659730380    0.343745731    0.394087625
   84.691225816    0.343786155    0.395012632
   84.722721251    0.343840567    0.395946107
   84.754216687    0.343885465    0.396887901
   84.785712122    0.343895267    0.397837862
   84.817207557    0.343853920    0.398795899
   84.848702993    0.343766076    0.399762015
   84.880198428    0.343663968    0.400736306
   84.911693864    0.343607162    0.401718923
   84.943189299    0.343674430    0.402710008
   84.974684734    0.343949398    0.403709641
   85.006180170    0.344503662    0.404717804
   85.037675605    0.345381902    0.405734392
   85.069171041    0.346593040    0.406759255
   85.100666476    0.348109684    0.407792261
   85.132161912    0.349875695    0.408833347
   85.163657347    0.351819376    0.409882545
   85.195152782    0.353868403    0.410939972
   85.226648218    0.355962436    0.412005775
   85.258143653    0.358060468    0.413080074
   85.289639089    0.360141918    0.414162913
   85.321134524    0.362202431    0.415254237
   85.352629959    0.364246877    0.416353919
   85.384125395    0.366282390    0.417461815
   85.415620830    0.368313764    0.418577820
   85.447116266    0.370342122    0.419701921
   85.478611701    0.372366371    0.420834196
   85.510107136    0.374385887    0.421974786
   85.541602572    0.376402634    0.423123830
   85.573098007    0.378421472    0.424281404
   85.604593443    0.380448450    0.425447488
   85.636088878    0.382487929    0.426621971
   85.667584313    0.384540015    0.427804704
   85.699079749    0.386599647    0.428995573
   85.730575184    0.388657989    0.430194554
   85.762070620    0.390705702    0.431401719
   85.793566055    0.392736801    0.432617174
   85.825061491    0.394751429    0.433840932
   85.856556926    0.396756293    0.435072758
   85.888052361    0.398762397    0.436312039
   85.919547797    0.400780865    0.437557718
   85.951043232    0.402818483    0.438808346
   85.982538668    0.404874775    0.440062238
   86.014034103    0.406941869    0.441317712
   86.045529538    0.409007346    0.442573344
   86.077024974    0.411059005    0.443828165
   86.108520409    0.413089715    0.445081764
   86.140015845    0.415100395    0.446334247
   86.171511280    0.417099878    0.447586081
   86.203006715    0.419101623    0.448837869
   86.234502151    0.421118508    0.450090124
   86.265997586    0.423157725    0.451343110
   86.297493022    0.425217823    0.452596783
   86.328988457    0.427289102    0.453850850
   86.360483893    0.429357293    0.455104901
   86.391979328    0.431409100    0.456358577
   86.423474763    0.433437463    0.457611691
   86.454970199    0.435444443    0.458864287
   86.486465634    0.437440546    0.460116603
   86.517961070    0.439440697    0.461368967
   86.549456505    0.441458422    0.462621666
   86.580951940    0.443500494    0.463874843
   86.612447376    0.445564182    0.465128448
   86.643942811    0.447638218    0.466382270
   86.675438247    0.449707143    0.467636025
   86.706933682    0.451757354    0.468889467
   86.738429117    0.453782488    0.470142481
   86.769924553    0.455785999    0.471395123
   86.801419988    0.457779882    0.472647587
   86.832915424    0.459780020    0.473900132
   86.864410859    0.461799959    0.475152974
   86.895906294    0.463845541    0.476406209
   86.927401730    0.465912551    0.477659779
   86.958897165    0.467988303    0.478913498
   86.990392601    0.470056590    0.480167128
   87.021888036    0.472104049    0.481420472
   87.053383472    0.474125454    0.482673448
   87.084878907    0.476125820    0.483926117
   87.116374342    0.478118480    0.485178657
   87.147869778    0.480119867    0.486431292
   87.179365213    0.482143040    0.487684203
   87.210860649    0.484192517    0.488937463
   87.242356084    0.486262458    0.490191008
   87.273851519    0.488338925    0.491444667
   87.305346955    0.490405365    0.492698227
   87.336842390    0.492449139    0.493951517
   87.368337826    0.494466524    0.495204474
   87.399833261    0.496464211    0.496457163
   87.431328696    0.498456686    0.497709750
   87.462824132    0.500460514    0.498962440
   87.494319567    0.502487798    0.500215393
   87.525815003    0.504541378    0.501468666
   87.557310438    0.506613699    0.502722194
   87.588805873    0.508689787    0.503975812
   87.620301309    0.510753175    0.505229324
   87.651796744    0.512792423    0.506482579
   87.683292180    0.514805656    0.507735523
   87.714787615    0.516801306    0.508988225
   87.746283051    0.518794766    0.510240846
   87.777778486    0.520802281    0.511493576
   87.809273921    0.522834499    0.512746560
   87.840769357    0.524892244    0.513999845
   87.872264792    0.526966203    0.515253360
   87.903760228    0.529040639    0.516506947
   87.935255663    0.531099664    0.517760421
   87.966751098    0.533133560    0.519013643
   87.998246534    0.535142643    0.520266571
   88.029741969    0.537137112    0.521519280
   88.061237405    0.539132960    0.522771929
   88.092732840    0.541145570    0.524024699
   88.124228275    0.543183577    0.525277721
   88.155723711    0.545245427    0.526531027
   88.187219146    0.547320034    0.527784539
   88.218714582    0.549391250    0.529038094
   88.250210017    0.551444359    0.530291516
   88.281705452    0.553471984    0.531544681
   88.313200888    0.555477028    0.532797570
   88.344696323    0.557471467    0.534050276
   88.376191759    0.559471494    0.535302967
   88.407687194    0.561490963    0.536555818
   88.439182630    0.563535792    0.537808938
   88.470678065    0.565601597    0.539062320
   88.502173500    0.567675499    0.540315841
   88.533668936    0.569741392    0.541569312
   88.565164371    0.571786511    0.542822556
   88.596659807    0.573806642    0.544075496
   88.628155242    0.575807823    0.545328203
   88.659650677    0.577803853    0.546580890
   88.691146113    0.579810606    0.547833833
   88.722641548    0.581839475    0.549087244
   88.754136984    0.583892657    0.550341128
   88.785632419    0.585962230    0.551595156
   88.817127854    0.588033428    0.552848615
   88.848623290    0.590090793    0.554100437
   88.880118725    0.592124662    0.555349299
   88.911614161    0.594135278    0.556593792
   88.943109596    0.596132773    0.557832586
   88.974605031    0.598132963    0.559064574
   89.006100467    0.600150666    0.560288949
   89.037595902    0.602193321    0.561505213
   89.069091338    0.604257644    0.562713120
   89.100586773    0.606330813    0.563912593
   89.132082209    0.608395819    0.565103631
   89.163577644    0.610438801    0.566286247
   89.195073079    0.612455270    0.567460436
   89.226568515    0.614452457    0.568626188
   89.258063950    0.616446599    0.569783506
   89.289559386    0.618456075    0.570932427
   89.321054821    0.620493209    0.572073028
   89.352550256    0.622558292    0.573205403
   89.384045692    0.624638668    0.574329630
   89.415541127    0.626713701    0.575445736
   89.447036563    0.628763915    0.576553681
   89.478531998    0.630780490    0.577653364
   89.510027433    0.632770677    0.578744658
   89.541522869    0.634755821    0.579827460
   89.573018304    0.636761360    0.580901727
   89.604513740    0.638801432    0.581967503
   89.636009175    0.640863365    0.583024897
   89.667504610    0.642898194    0.584074051
   89.699000046    0.644822026    0.585115083
   89.730495481    0.646529737    0.586148042
   89.761990917    0.647918307    0.587172885
   89.793486352    0.648913457    0.588189494
   89.824981788    0.649491506    0.589197720
   89.856477223    0.649689291    0.590197437
   89.887972658    0.649598379    0.591188592
   89.919468094    0.649344589    0.592171228
   89.950963529    0.649058500    0.593145468
   89.982458965    0.648845498    0.594111468
   90.013954400    0.648764097    0.595069358
   90.045449835    0.648818576    0.596019194
   90.076945271    0.648967393    0.596960931
   90.108440706    0.649143846    0.597894443
   90.139936142    0.649281757    0.598819569
   90.171431577    0.649337763    0.599736175
   90.202927012    0.649303405    0.600644205
   90.234422448    0.649204027    0.601543704
   90.265917883    0.649086087    0.602434803
   90.297413319    0.648998276    0.603317665
   90.328908754    0.648973582    0.604192429
   90.360404189    0.649018553    0.605059149
   90.391899625    0.649113044    0.605917780
   90.423395060    0.649219761    0.606768186
   90.454890496    0.649299437    0.607610202
   90.486385931    0.649325688    0.608443686
   90.517881367    0.649294111    0.609268585
   90.549376802    0.649222595    0.610084947
   90.580872237    0.649143243    0.610892910
   90.612367673    0.649089411    0.611692643
   90.643863108    0.649082967    0.612484288
   90.675358544    0.649126551    0.613267898
   90.706853979    0.649203512    0.614043421
   90.738349414    0.649285158    0.614810718
   90.769844850    0.649342259    0.615569615
   90.801340285    0.649356239    0.616319972
   90.832835721    0.649325833    0.617061736
   90.864331156    0.649266871    0.617794962
   90.895826591    0.649205544    0.618519792
   90.927322027    0.649167981    0.619236403
   90.958817462    0.649170242    0.619944934
   90.990312898    0.649212531    0.620645436
   91.021808333    0.649279669    0.621337852
   91.053303768    0.649347441    0.622022035
   91.084799204    0.649392175    0.622697808
   91.116294639    0.649399796    0.623365031
   91.147790075    0.649370912    0.624023657
   91.179285510    0.649320118    0.624673747
   91.210780946    0.649269981    0.625315450
   91.242276381    0.649242148    0.625948944
   91.273771816    0.649249094    0.626574366
   91.305267252    0.649289608    0.627191763
   91.336762687    0.649349653    0.627801069
   91.368258123    0.649408101    0.628402132
   91.399753558    0.649445008    0.628994774
   91.431248993    0.649449209    0.629578860
   91.462744429    0.649422344    0.630154346
   91.494239864    0.649377888    0.630721302
   91.525735300    0.649335688    0.631279883
   91.557230735    0.649314223    0.631830266
   91.588726170    0.649323584    0.632372584
   91.620221606    0.649361850    0.632906876
   91.651717041    0.649416120    0.633433068
   91.683212477    0.649467711    0.633951005
   91.714707912    0.649499418    0.634460510
   91.746203348    0.649502022    0.634961451
   91.777698783    0.649477605    0.635453797
   91.809194218    0.649438473    0.635937624
   91.840689654    0.649402239    0.636413089
   91.872185089    0.649384999    0.636880368
   91.903680525    0.649395264    0.637339587
   91.935175960    0.649430910    0.637790773
   91.966671395    0.649480235    0.638233845
   91.998166831    0.649526619    0.638668646
   92.029662266    0.649554932    0.639095003
   92.061157702    0.649557221    0.639512796
   92.092653137    0.649535560    0.639922001
   92.124148572    0.649501028    0.640322705
   92.155644008    0.649469327    0.640715064
   92.187139443    0.649454750    0.641099248
   92.218634879    0.649464819    0.641475371
   92.250130314    0.649497602    0.641843448
   92.281625749    0.649542648    0.642203391
   92.313121185    0.649585106    0.642555043
   92.344616620    0.649611404    0.642898240
   92.376112056    0.649614328    0.643232877
   92.407607491    0.649595597    0.643558945
   92.439102927    0.649565029    0.643876535
   92.470598362    0.649536690    0.644185802
   92.502093797    0.649523539    0.644486902
   92.533589233    0.649532590    0.644779933
   92.565084668    0.649562405    0.645064894
   92.596580104    0.649603798    0.645341690
   92.628075539    0.649643419    0.645610172
   92.659570974    0.649668819    0.645870193
   92.691066410    0.649673087    0.646121666
   92.722561845    0.649657324    0.646364601
   92.754057281    0.649630091    0.646599094
   92.785552716    0.649604088    0.646825291
   92.817048151    0.649591349    0.647043326
   92.848543587    0.649598777    0.647253268
   92.880039022    0.649625654    0.647455099
   92.911534458    0.649664029    0.647648720
   92.943029893    0.649701788    0.647833995
   92.974525328    0.649727213    0.648010807
   93.006020764    0.649733331    0.648179104
   93.037516199    0.649720439    0.648338919
   93.069011635    0.649695895    0.648490350
   93.100507070    0.649671298    0.648633520
   93.132002506    0.649658135    0.648768521
   93.163497941    0.649663525    0.648895381
   93.194993376    0.649687624    0.649014051
   93.226488812    0.649723641    0.649124436
   93.257984247    0.649760423    0.649226435
   93.289479683    0.649786626    0.649319989
   93.320975118    0.649794923    0.649405102
   93.352470553    0.649784682    0.649481833
   93.383965989    0.649762156    0.649550254
   93.415461424    0.649738122    0.649610417
   93.446956860    0.649723858    0.649662333
   93.478452295    0.649726966    0.649706001
   93.509947730    0.649748564    0.649741497
   93.541443166    0.649782900    0.649769092
   93.572938601    0.649819505    0.649789370
   93.604434037    0.649847088    0.649803303
   93.635929472    0.649857726    0.649812233
   93.667424907    0.649849805    0.649817759
   93.698920343    0.649828614    0.649821528
   93.730415778    0.649804387    0.649825001
   93.761911214    0.649788498    0.649829229
   93.793406649    0.649789236    0.649834729
   93.824902085    0.649808711    0.649841479
   93.856397520    0.649842050    0.649849042
   93.887892955    0.649879187    0.649856778
   93.919388391    0.649908598    0.649864087
   93.950883826    0.649921591    0.649870601
   93.982379262    0.649915569    0.649876281
   94.013874697    0.649895035    0.649881395
   94.045370132    0.649869955    0.649886387
   94.076865568    0.649852065    0.649891709
   94.108361003    0.649850489    0.649897647
   94.139856439    0.649868299    0.649904236
   94.171351874    0.649901309    0.649911261
   94.202847309    0.649939585    0.649918355
   94.234342745    0.649971126    0.649925139
   94.265838180    0.649986353    0.649931370
   94.297333616    0.649981741    0.649937020
   94.328829051    0.649961208    0.649942280
   94.360324486    0.649934721    0.649947476
   94.391819922    0.649914598    0.649952940
   94.423315357    0.649910887    0.649958887
   94.454810793    0.649927543    0.649965335
