    0.000000000    0.848752074    0.848675235
    0.028345892    0.848741289    0.848679653
    0.056691784    0.848720285    0.848683937
    0.085037676    0.848697385    0.848688141
    0.113383567    0.848681443    0.848692336
    0.141729459    0.848679092    0.848696584
    0.170075351    0.848692702    0.848700918
    0.198421243    0.848719676    0.848705332
    0.226767135    0.848753295    0.848709782
    0.255113027    0.848784823    0.848714193
    0.283458919    0.848806233    0.848718483
    0.311804811    0.848812677    0.848722587
    0.340150702    0.848803969    0.848726479
    0.368496594    0.848784607    0.848730177
    0.396842486    0.848762351    0.848733741
    0.425188378    0.848745803    0.848737252
    0.453534270    0.848741751    0.848740790
    0.481880162    0.848753085    0.848744406
    0.510226054    0.848777927    0.848748104
    0.538571946    0.848810247    0.848751841
    0.566917837    0.848841737    0.848755534
    0.595263729    0.848864390    0.848759090
    0.623609621    0.848872961    0.848762426
    0.651955513    0.848866564    0.848765503
    0.680301405    0.848848925    0.848768331
    0.708647297    0.848827210    0.848770969
    0.736993189    0.848809808    0.848773506
    0.765339080    0.848803743    0.848776031
    0.793684972    0.848812526    0.848778607
    0.822030864    0.848835083    0.848781245
    0.850376756    0.848866111    0.848783903
    0.878722648    0.848897714    0.848786497
    0.907068540    0.848921840    0.848788919
    0.935414432    0.848932751    0.848791079
    0.963760324    0.848928784    0.848792925
    0.992106215    0.848912844    0.848794459
    1.020452107    0.848891511    0.848795737
    1.048797999    0.848873008    0.848796852
    1.077143891    0.848864676    0.848797899
    1.105489783    0.848870722    0.848798947
    1.133835675    0.848890927    0.848800013
    1.162181567    0.848920719    0.848801059
    1.190527458    0.848952575    0.848801994
    1.218873350    0.848978331    0.848802707
    1.247219242    0.848991689    0.848803097
    1.275565134    0.848990155    0.848803100
    1.303911026    0.848975807    0.848802711
    1.332256918    0.848954664    0.848801984
    1.360602810    0.848934840    0.848801007
    1.388948702    0.848924057    0.848799881
    1.417294593    0.848927265    0.848798676
    1.445640485    0.848945113    0.848797417
    1.473986377    0.848973738    0.848796063
    1.502332269    0.849005939    0.848794525
    1.530678161    0.849033385    0.848792684
    1.559024053    0.849049173    0.848790431
    1.587369945    0.849049967    0.848787693
    1.615715837    0.849037035    0.848784457
    1.644061728    0.849015880    0.848780766
    1.672407620    0.848994561    0.848776708
    1.700753512    0.848981217    0.848772380
    1.729099404    0.848981553    0.848767855
    1.757445296    0.848997068    0.848763158
    1.785791188    0.849024565    0.848758252
    1.814137080    0.849057118    0.848753043
    1.842482971    0.849086189    0.848747412
    1.870828863    0.849104263    0.848741239
    1.899174755    0.849107178    0.848734442
    1.927520647    0.849095438    0.848726997
    1.955866539    0.849074077    0.848718936
    1.984212431    0.849051135    0.848710339
    2.012558323    0.849035178    0.848701298
    2.040904215    0.849032646    0.848691884
    2.069250106    0.849045838    0.848682122
    2.097595998    0.849072175    0.848671975
    2.125941890    0.849104964    0.848661349
    2.154287782    0.849135454    0.848650119
    2.182633674    0.849155537    0.848638158
    2.210979566    0.849160278    0.848625374
    2.239325458    0.849149470    0.848611727
    2.267671349    0.849127725    0.848597236
    2.296017241    0.849103074    0.848581967
    2.324363133    0.849084488    0.848566002
    2.352709025    0.849079088    0.848549408
    2.381054917    0.849089910    0.848532205
    2.409400809    0.849114939    0.848514356
    2.437746701    0.849147697    0.848495766
    2.466092593    0.849179236    0.848476304
    2.494438484    0.849200917    0.848455835
    2.522784376    0.849207099    0.848434253
    2.551130268    0.849196926    0.848411500
    2.579476160    0.849174618    0.848387577
    2.607822052    0.849148184    0.848362529
    2.636167944    0.849126942    0.848336425
    2.664513836    0.849118613    0.848309319
    2.692859728    0.849126900    0.848281226
    2.721205619    0.849150307    0.848252104
    2.749551511    0.849182574    0.848221856
    2.777897403    0.849214613    0.848190346
    2.806243295    0.849237330    0.848157428
    2.834589187    0.849244468    0.848122976
    2.862935079    0.849234580    0.848086913
    2.891280971    0.849211500    0.848049211
    2.919626862    0.849183171    0.848009892
    2.947972754    0.849159171    0.847968999
    2.976318646    0.849147727    0.847926571
    3.004664538    0.849153130    0.847882612
    3.033010430    0.849174378    0.847837072
    3.061356322    0.849205464    0.847789848
    3.089702214    0.849237236    0.847740797
    3.118048106    0.849260254    0.847689757
    3.146393997    0.849267733    0.847636583
    3.174739889    0.849257681    0.847581165
    3.203085781    0.849233532    0.847523444
    3.231431673    0.849203083    0.847463406
    3.259777565    0.849176067    0.847401062
    3.288123457    0.849161108    0.847336426
    3.316469349    0.849163017    0.847269483
    3.344815240    0.849181278    0.847200172
    3.373161132    0.849210197    0.847128381
    3.401507024    0.849240669    0.847053952
    3.429852916    0.849263020    0.846976708
    3.458198808    0.849270030    0.846896473
    3.486544700    0.849259189    0.846813102
    3.514890592    0.849233485    0.846726491
    3.543236484    0.849200473    0.846636578
    3.571582375    0.849169909    0.846543333
    3.599928267    0.849150707    0.846446733
    3.628274159    0.849148140    0.846346737
    3.656620051    0.849162199    0.846243264
    3.684965943    0.849187585    0.846136188
    3.713311835    0.849215365    0.846025334
    3.741657727    0.849235759    0.845910499
    3.770003619    0.849241187    0.845791474
    3.798349510    0.849228630    0.845668065
    3.826695402    0.849200564    0.845540112
    3.855041294    0.849164176    0.845407493
    3.883387186    0.849129113    0.845270121
    3.911733078    0.849104467    0.845127923
    3.940078970    0.849095938    0.844980820
    3.968424862    0.849104058    0.844828703
    3.996770753    0.849124033    0.844671425
    4.025116645    0.849147240    0.844508787
    4.053462537    0.849163911    0.844340558
    4.081808429    0.849166176    0.844166483
    4.110154321    0.849150493    0.843986310
    4.138500213    0.849118736    0.843799809
    4.166846105    0.849077589    0.843606780
    4.195191997    0.849036446    0.843407060
    4.223537888    0.849004484    0.843200512
    4.251883780    0.848987800    0.842987004
    4.280229672    0.848987529    0.842766390
    4.308575564    0.848999500    0.842538492
    4.336921456    0.849015539    0.842303087
    4.365267348    0.849026012    0.842059904
    4.393613240    0.849022806    0.841808638
    4.421959131    0.849001829    0.841548968
    4.450305023    0.848964246    0.841280574
    4.478650915    0.848916093    0.841003162
    4.506996807    0.848866373    0.840716471
    4.535342699    0.848824256    0.840420278
    4.563688591    0.848796231    0.840114383
    4.592034483    0.848784102    0.839798592
    4.620380375    0.848784448    0.839472690
    4.648726266    0.848789686    0.839136425
    4.677072158    0.848790422    0.838789489
    4.705418050    0.848778342    0.838431519
    4.733763942    0.848748754    0.838062112
    4.762109834    0.848702006    0.837680843
    4.790455726    0.848643335    0.837287297
    4.818801618    0.848581220    0.836881089
    4.847147510    0.848524744    0.836461885
    4.875493401    0.848480780    0.836029396
    4.903839293    0.848451883    0.835583368
    4.932185185    0.848435503    0.835123548
    4.960531077    0.848424786    0.834649654
    4.988876969    0.848410673    0.834161343
    5.017222861    0.848384680    0.833658195
    5.045568753    0.848341466    0.833139711
    5.073914644    0.848280443    0.832605338
    5.102260536    0.848205906    0.832054507
    5.130606428    0.848125677    0.831486669
    5.158952320    0.848048673    0.830901339
    5.187298212    0.847982153    0.830298112
    5.215644104    0.847929487    0.829676653
    5.243989996    0.847889122    0.829036668
    5.272335888    0.847855054    0.828377855
    5.300681779    0.847818657    0.827699842
    5.329027671    0.847771298    0.827002150
    5.357373563    0.847706944    0.826284171
    5.385719455    0.847623955    0.825545186
    5.414065347    0.847525545    0.824784409
    5.442411239    0.847418745    0.824001060
    5.470757131    0.847312223    0.823194431
    5.499103022    0.847213613    0.822363942
    5.527448914    0.847127158    0.821509147
    5.555794806    0.847052408    0.820629706
    5.584140698    0.846984331    0.819725309
    5.612486590    0.846914825    0.818795582
    5.640832482    0.846835147    0.817839995
    5.669178374    0.846738525    0.816857809
    5.697524266    0.846622172    0.815848068
    5.725870157    0.846488073    0.814809665
    5.754216049    0.846342333    0.813741448
    5.782561941    0.846193272    0.812642353
    5.810907833    0.846048860    0.811511513
    5.839253725    0.845914254    0.810348321
    5.867599617    0.845790197    0.809152404
    5.895945509    0.845672749    0.807923516
    5.924291401    0.845554434    0.806661375
    5.952637292    0.845426445    0.805365474
    5.980983184    0.845281258    0.804034937
    6.009329076    0.845114839    0.802668462
    6.037674968    0.844927805    0.801264385
    6.066020860    0.844725176    0.799820858
    6.094366752    0.844514793    0.798336104
    6.122712644    0.844304892    0.796808687
    6.151058535    0.844101549    0.795237704
    6.179404427    0.843906781    0.793622831
    6.207750319    0.843717863    0.791964192
    6.236096211    0.843528065    0.790262048
    6.264442103    0.843328605    0.788516377
    6.292787995    0.843111207    0.786726449
    6.321133887    0.842870515    0.784890525
    6.349479779    0.842605622    0.783005797
    6.377825670    0.842320270    0.781068632
    6.406171562    0.842021643    0.779075125
    6.434517454    0.841718123    0.777021876
    6.462863346    0.841416679    0.774906850
    6.491209238    0.841120668    0.772730117
    6.519555130    0.840828716    0.770494302
    6.547901022    0.840535008    0.768204584
    6.576246913    0.840230912    0.765868218
    6.604592805    0.839907447    0.763493612
    6.632938697    0.839557859    0.761089117
    6.661284589    0.839179546    0.758661757
    6.689630481    0.838774728    0.756216142
    6.717976373    0.838349680    0.753753784
    6.746322265    0.837912745    0.751272944
    6.774668157    0.837471712    0.748769037
    6.803014048    0.837031339    0.746235499
    6.831359940    0.836591776    0.743664925
    6.859705832    0.836148344    0.741050234
    6.888051724    0.835692755    0.738385632
    6.916397616    0.835215413    0.735667184
    6.944743508    0.834708113    0.732892937
    6.973089400    0.834166337    0.730062605
    7.001435292    0.833590465    0.727176965
    7.029781183    0.832985520    0.724237150
    7.058127075    0.832359535    0.721244041
    7.086472967    0.831720995    0.718197907
    7.114818859    0.831076126    0.715098389
    7.143164751    0.830426830    0.711944792
    7.171510643    0.829769877    0.708736586
    7.199856535    0.829097616    0.705473967
    7.228202426    0.828399993    0.702158300
    7.256548318    0.827667301    0.698792335
    7.284894210    0.826892846    0.695380125
    7.313240102    0.826074738    0.691926684
    7.341585994    0.825216279    0.688437488
    7.369931886    0.824324809    0.684917955
    7.398277778    0.823409331    0.681373046
    7.426623670    0.822477623    0.677807091
    7.454969561    0.821533655    0.674223877
    7.483315453    0.820576095    0.670626938
    7.511661345    0.819598355    0.667019969
    7.540007237    0.818590176    0.663407204
    7.568353129    0.817540314    0.659793638
    7.596699021    0.816439554    0.656185024
    7.625044913    0.815283167    0.652587600
    7.653390804    0.814072084    0.649007627
    7.681736696    0.812812417    0.645450815
    7.710082588    0.811513439    0.641921786
    7.738428480    0.810184594    0.638423676
    7.766774372    0.808832371    0.634957943
    7.795120264    0.807457991    0.631524410
    7.823466156    0.806056559    0.628121461
    7.851812048    0.804618004    0.624746341
    7.880157939    0.803129539    0.621395421
    7.908503831    0.801578987    0.618064380
    7.936849723    0.799957997    0.614748246
    7.965195615    0.798264234    0.611441328
    7.993541507    0.796501842    0.608137089
    8.021887399    0.794680021    0.604828060
    8.050233291    0.792810059    0.601505872
    8.078579183    0.790901641    0.598161443
    8.106925074    0.788959505    0.594785350
    8.135270966    0.786981412    0.591368301
    8.163616858    0.784958106    0.587901650
    8.191962750    0.782875316    0.584377833
    8.220308642    0.780717317    0.580790660
    8.248654534    0.778471059    0.577135412
    8.277000426    0.776129665    0.573408763
    8.305346317    0.773694244    0.569608576
    8.333692209    0.771173420    0.565733685
    8.362038101    0.768580596    0.561783715
    8.390383993    0.765929656    0.557759037
    8.418729885    0.763230319    0.553660845
    8.447075777    0.760484478    0.549491333
    8.475421669    0.757684689    0.545253880
    8.503767561    0.754815346    0.540953153
    8.532113452    0.751856357    0.536595054
    8.560459344    0.748788358    0.532186457
    8.588805236    0.745597983    0.527734773
    8.617151128    0.742281635    0.523247406
    8.645497020    0.738846518    0.518731220
    8.673842912    0.735308481    0.514192120
    8.702188804    0.731687096    0.509634866
    8.730534695    0.727999304    0.505063124
    8.758880587    0.724253443    0.500479749
    8.787226479    0.720445482    0.495887204
    8.815572371    0.716558754    0.491287984
    8.843918263    0.712567506    0.486684931
    8.872264155    0.708443432    0.482081351
    8.900610047    0.704163424    0.477480896
    8.928955939    0.699716257    0.472887256
    8.957301830    0.695106097    0.468303762
    8.985647722    0.690351524    0.463733023
    9.013993614    0.685480043    0.459176702
    9.042339506    0.680519422    0.454635527
    9.070685398    0.675488276    0.450109516
    9.099031290    0.670388739    0.445598358
    9.127377182    0.665203615    0.441101837
    9.155723074    0.659899266    0.436620147
    9.184068965    0.654433783    0.432153986
    9.212414857    0.648768357    0.427704381
    9.240760749    0.642878588    0.423272261
    9.269106641    0.636762237    0.418857895
    9.297452533    0.630440704    0.414460352
    9.325798425    0.623953256    0.410077161
    9.354144317    0.617345128    0.405704325
    9.382490208    0.610652690    0.401336745
    9.410836100    0.603889997    0.396969027
    9.439181992    0.597041037    0.392596530
    9.467527884    0.590060635    0.388216462
    9.495873776    0.582884529    0.383828771
    9.524219668    0.575446379    0.379436640
    9.552565560    0.567697062    0.375046450
    9.580911452    0.559620483    0.370667198
    9.609257343    0.551240599    0.366309464
    9.637603235    0.542616543    0.361984127
    9.665949127    0.533826123    0.357701072
    9.694295019    0.524941548    0.353468127
    9.722640911    0.516004116    0.349290424
    9.750986803    0.507005605    0.345170270
    9.779332695    0.497882943    0.341107501
    9.807678586    0.488529405    0.337100212
    9.836024478    0.478820841    0.333145657
    9.864370370    0.468650728    0.329241132
    9.892716262    0.457964302    0.325384633
    9.921062154    0.446781157    0.321575200
    9.949408046    0.435197790    0.317812894
    9.977753938    0.423366538    0.314098487
   10.006099830    0.411453926    0.310432969
   10.034445721    0.399588031    0.306817022
   10.062791613    0.387809014    0.303250618
   10.091137505    0.376038085    0.299732805
   10.119483397    0.364077073    0.296261749
   10.147829289    0.351643853    0.292834969
   10.176175181    0.338439702    0.289449691
   10.204521073    0.324235432    0.286103222
   10.232866965    0.308956380    0.282793212
   10.261212856    0.292744130    0.279517759
   10.289558748    0.275976083    0.276275320
   10.317904640    0.259232517    0.273064463
   10.346250532    0.243212594    0.269883545
   10.374596424    0.228613288    0.266730406
   10.402942316    0.215995241    0.263602181
   10.431288208    0.205664396    0.260495308
   10.459634099    0.197596427    0.257405730
   10.487979991    0.191422641    0.254329280
   10.516325883    0.186482831    0.251262162
   10.544671775    0.181935642    0.248201409
   10.573017667    0.176903909    0.245145220
   10.601363559    0.170624393    0.242093070
   10.629709451    0.162570390    0.239045552
   10.658055343    0.152522087    0.236003977
   10.686401234    0.140571890    0.232969776
   10.714747126    0.127067046    0.229943867
   10.743093018    0.112506186    0.226926087
   10.771438910    0.097416348    0.223914866
   10.799784802    0.082240228    0.220907215
   10.828130694    0.067259275    0.217899072
   10.856476586    0.052567946    0.214885974
   10.884822477    0.038100807    0.211863923
   10.913168369    0.023700747    0.208830294
   10.941514261    0.009206796    0.205784587
   10.969860153   -0.005463701    0.202728855
   10.998206045   -0.020260738    0.199667681
   11.026551937   -0.034988586    0.196607675
   11.054897829   -0.049335484    0.193556554
   11.083243721   -0.062935823    0.190521937
   11.111589612   -0.075446036    0.187510089
   11.139935504   -0.086612492    0.184524807
   11.168281396   -0.096312762    0.181566684
   11.196627288   -0.104559880    0.178632863
   11.224973180   -0.111469948    0.175717328
   11.253319072   -0.117203817    0.172811660
   11.281664964   -0.121900553    0.169906116
   11.310010856   -0.125622278    0.166990803
   11.338356747   -0.128326228    0.164056748
   11.366702639   -0.129871877    0.161096668
   11.395048531   -0.130060908    0.158105347
   11.423394423   -0.128698736    0.155079590
   11.451740315   -0.125660549    0.152017850
   11.480086207   -0.120944083    0.148919650
   11.508432099   -0.114695503    0.145784988
   11.536777990   -0.107202641    0.142613861
   11.565123882   -0.098858903    0.139406032
   11.593469774   -0.090108973    0.136161049
   11.621815666   -0.081391665    0.132878490
   11.650161558   -0.073094959    0.129558339
   11.678507450   -0.065533587    0.126201343
   11.706853342   -0.058952077    0.122809274
   11.735199234   -0.053548246    0.119384999
   11.763545125   -0.049506063    0.115932349
   11.791891017   -0.047024407    0.112455842
   11.820236909   -0.046330095    0.108960333
   11.848582801   -0.047669039    0.105450699
   11.876928693   -0.051276664    0.101931634
   11.905274585   -0.057335666    0.098407602
   11.933620477   -0.065933528    0.094882946
   11.961966368   -0.077032707    0.091362073
   11.990312260   -0.090462959    0.087849671
   12.018658152   -0.105938802    0.084350830
   12.047004044   -0.123097808    0.080871048
   12.075349936   -0.141549322    0.077416072
   12.103695828   -0.160920309    0.073991621
   12.132041720   -0.180886196    0.070603047
   12.160387612   -0.201179416    0.067255024
   12.188733503   -0.221575492    0.063951315
   12.217079395   -0.241863624    0.060694675
   12.245425287   -0.261813789    0.057486868
   12.273771179   -0.281153613    0.054328751
   12.302117071   -0.299565370    0.051220367
   12.330462963   -0.316707151    0.048160949
   12.358808855   -0.332254467    0.045148821
   12.387154747   -0.345951542    0.042181180
   12.415500638   -0.357657661    0.039253815
   12.443846530   -0.367374266    0.036360857
   12.472192422   -0.375243261    0.033494661
   12.500538314   -0.381514751    0.030645902
   12.528884206   -0.386491128    0.027803937
   12.557230098   -0.390461364    0.024957394
   12.585575990   -0.393642564    0.022094923
   12.613921881   -0.396144153    0.019205963
   12.642267773   -0.397963972    0.016281393
   12.670613665   -0.399016651    0.013313955
   12.698959557   -0.399185437    0.010298382
   12.727305449   -0.398381960    0.007231240
   12.755651341   -0.396596069    0.004110573
   12.783997233   -0.393920789    0.000935472
   12.812343125   -0.390544759   -0.002294309
   12.840689016   -0.386714249   -0.005578549
   12.869034908   -0.382676176   -0.008916553
   12.897380800   -0.378619655   -0.012306940
   12.925726692   -0.374634672   -0.015747326
   12.954072584   -0.370701982   -0.019234018
   12.982418476   -0.366719355   -0.022761849
   13.010764368   -0.362558368   -0.026324248
   13.039110259   -0.358136132   -0.029913551
   13.067456151   -0.353480516   -0.033521515
   13.095802043   -0.348767499   -0.037139897
   13.124147935   -0.344315516   -0.040760983
   13.152493827   -0.340532595   -0.044377900
   13.180839719   -0.337824929   -0.047984664
   13.209185611   -0.336486902   -0.051575951
   13.237531503   -0.336599264   -0.055146678
   13.265877394   -0.337962253   -0.058691544
   13.294223286   -0.340083601   -0.062204692
   13.322569178   -0.342229139   -0.065679632
   13.350915070   -0.343529044   -0.069109489
   13.379260962   -0.343119328   -0.072487540
   13.407606854   -0.340289281   -0.075807932
   13.435952746   -0.334603556   -0.079066374
   13.464298638   -0.325972919   -0.082260625
   13.492644529   -0.314659106   -0.085390610
   13.520990421   -0.301213922   -0.088458118
   13.549336313   -0.286367206   -0.091466117
   13.577682205   -0.270888999   -0.094417863
   13.606028097   -0.255455886   -0.097316033
   13.634373989   -0.240549060   -0.100162113
   13.662719881   -0.226403045   -0.102956219
   13.691065772   -0.213011502   -0.105697434
   13.719411664   -0.200183318   -0.108384566
   13.747757556   -0.187631338   -0.111017140
   13.776103448   -0.175070142   -0.113596324
   13.804449340   -0.162299283   -0.116125507
   13.832795232   -0.149253973   -0.118610284
   13.861141124   -0.136014672   -0.121057770
   13.889487016   -0.122777798   -0.123475319
   13.917832907   -0.109799159   -0.125868884
   13.946178799   -0.097327464   -0.128241390
   13.974524691   -0.085546352   -0.130591494
   14.002870583   -0.074539663   -0.132913078
   14.031216475   -0.064287560   -0.135195639
   14.059562367   -0.054692493   -0.137425587
   14.087908259   -0.045626086   -0.139588208
   14.116254150   -0.036982880   -0.141669937
   14.144600042   -0.028725439   -0.143660478
   14.172945934   -0.020908063   -0.145554327
   14.201291826   -0.013672144   -0.147351410
   14.229637718   -0.007213797   -0.149056684
   14.257983610   -0.001731688   -0.150678818
   14.286329502    0.002631690   -0.152228229
   14.314675394    0.005839977   -0.153714892
   14.343021285    0.007990494   -0.155146373
   14.371367177    0.009310749   -0.156526454
   14.399713069    0.010122518   -0.157854602
   14.428058961    0.010779926   -0.159126302
   14.456404853    0.011594531   -0.160334123
   14.484750745    0.012764294   -0.161469219
   14.513096637    0.014323485   -0.162522909
   14.541442529    0.016126842   -0.163487997
   14.569788420    0.017874395   -0.164359590
   14.598134312    0.019174593   -0.165135301
   14.626480204    0.019634594   -0.165814910
   14.654826096    0.018959744   -0.166399629
   14.683171988    0.017040929   -0.166891252
   14.711517880    0.014009613   -0.167291407
   14.739863772    0.010245957   -0.167601121
   14.768209663    0.006334520   -0.167820774
   14.796555555    0.002972854   -0.167950423
   14.824901447    0.000848614   -0.167990363
   14.853247339    0.000508295   -0.167941760
   14.881593231    0.002243608   -0.167807173
   14.909939123    0.006019035   -0.167590833
   14.938285015    0.011456444   -0.167298621
   14.966630907    0.017881417   -0.166937773
   14.994976798    0.024423422   -0.166516403
   15.023322690    0.030150837   -0.166042970
   15.051668582    0.034214694   -0.165525824
   15.080014474    0.035973414   -0.164972899
   15.108360366    0.035075159   -0.164391601
   15.136706258    0.031483850   -0.163788849
   15.165052150    0.025447114   -0.163171212
   15.193398041    0.017416786   -0.162545053
   15.221743933    0.007942077   -0.161916608
   15.250089825   -0.002439811   -0.161291990
   15.278435717   -0.013292104   -0.160677100
   15.306781609   -0.024328966   -0.160077510
   15.335127501   -0.035421381   -0.159498362
   15.363473393   -0.046562790   -0.158944323
   15.391819285   -0.057808242   -0.158419610
   15.420165176   -0.069206024   -0.157928030
   15.448511068   -0.080740886   -0.157473000
   15.476856960   -0.092303092   -0.157057429
   15.505202852   -0.103689367   -0.156683430
   15.533548744   -0.114632545   -0.156351838
   15.561894636   -0.124849053   -0.156061589
   15.590240528   -0.134089178   -0.155809076
   15.618586420   -0.142175400   -0.155587652
   15.646932311   -0.149018583   -0.155387435
   15.675278203   -0.154608995   -0.155195535
   15.703624095   -0.158986775   -0.154996774
   15.731969987   -0.162202422   -0.154774818
   15.760315879   -0.164280332   -0.154513586
   15.788661771   -0.165196892   -0.154198701
   15.817007663   -0.164879707   -0.153818745
   15.845353554   -0.163227719   -0.153366091
   15.873699446   -0.160145554   -0.152837182
   15.902045338   -0.155581182   -0.152232244
   15.930391230   -0.149555280   -0.151554522
   15.958737122   -0.142173701   -0.150809237
   15.987083014   -0.133620021   -0.150002515
   16.015428906   -0.124131730   -0.149140499
   16.043774798   -0.113968861   -0.148228827
   16.072120689   -0.103386235   -0.147272524
   16.100466581   -0.092619152   -0.146276256
   16.128812473   -0.081887621   -0.145244803
   16.157158365   -0.071417604   -0.144183559
   16.185504257   -0.061471310   -0.143098850
   16.213850149   -0.052374403   -0.141997966
   16.242196041   -0.044527570   -0.140888841
   16.270541932   -0.038393555   -0.139779457
   16.298887824   -0.034457577   -0.138677112
   16.327233716   -0.033167150   -0.137587736
   16.355579608   -0.034864198   -0.136515424
   16.383925500   -0.039725963   -0.135462300
   16.412271392   -0.047730214   -0.134428736
   16.440617284   -0.058654810   -0.133413843
   16.468963176   -0.072113041   -0.132416102
   16.497309067   -0.087616885   -0.131433951
   16.525654959   -0.104652888   -0.130466169
   16.554000851   -0.122752071   -0.129511971
   16.582346743   -0.141537083   -0.128570814
   16.610692635   -0.160736361   -0.127641978
   16.639038527   -0.180164472   -0.126724098
   16.667384419   -0.199677442   -0.125814787
   16.695730311   -0.219118943   -0.124910491
   16.724076202   -0.238275570   -0.124006654
   16.752422094   -0.256856425   -0.123098140
   16.780767986   -0.274504652   -0.122179833
   16.809113878   -0.290838581   -0.121247245
   16.837459770   -0.305510799   -0.120296959
   16.865805662   -0.318267496   -0.119326820
   16.894151554   -0.328989732   -0.118335808
   16.922497445   -0.337703179   -0.117323668
   16.950843337   -0.344552052   -0.116290440
   16.979189229   -0.349743735   -0.115236055
   17.007535121   -0.353479756   -0.114160189
   17.035881013   -0.355893560   -0.113062466
   17.064226905   -0.357014291   -0.111943038
   17.092572797   -0.356768685   -0.110803444
   17.120918689   -0.355022154   -0.109647551
   17.149264580   -0.351648261   -0.108482360
   17.177610472   -0.346606617   -0.107318453
   17.205956364   -0.340005558   -0.106169914
   17.234302256   -0.332129126   -0.105053699
   17.262648148   -0.323417274   -0.103988507
   17.290994040   -0.314401278   -0.102993351
   17.319339932   -0.305609561   -0.102086066
   17.347685823   -0.297468547   -0.101281998
   17.376031715   -0.290225960   -0.100593096
   17.404377607   -0.283919061   -0.100027503
   17.432723499   -0.278398680   -0.099589648
   17.461069391   -0.273404635   -0.099280754
   17.489415283   -0.268673354   -0.099099576
   17.517761175   -0.264048390   -0.099043193
   17.546107067   -0.259562116   -0.099107676
   17.574452958   -0.255463172   -0.099288543
   17.602798850   -0.252177812   -0.099580957
   17.631144742   -0.250210753   -0.099979725
   17.659490634   -0.250007907   -0.100479189
   17.687836526   -0.251814825   -0.101073094
   17.716182418   -0.255567701   -0.101754551
   17.744528310   -0.260847233   -0.102516095
   17.772874202   -0.266911028   -0.103349863
   17.801220093   -0.272801202   -0.104247817
   17.829565985   -0.277505195   -0.105201951
   17.857911877   -0.280134397   -0.106204428
   17.886257769   -0.280080405   -0.107247608
   17.914603661   -0.277113879   -0.108323985
   17.942949553   -0.271404634   -0.109426079
   17.971295445   -0.263460398   -0.110546353
   17.999641336   -0.254000695   -0.111677228
   18.027987228   -0.243796883   -0.112811216
   18.056333120   -0.233515978   -0.113941194
   18.084679012   -0.223603067   -0.115060754
   18.113024904   -0.214225955   -0.116164567
   18.141370796   -0.205289326   -0.117248662
   18.169716688   -0.196508494   -0.118310575
   18.198062580   -0.187519123   -0.119349306
   18.226408471   -0.177992447   -0.120365124
   18.254754363   -0.167726840   -0.121359261
   18.283100255   -0.156695169   -0.122333571
   18.311446147   -0.145040642   -0.123290240
   18.339792039   -0.133027874   -0.124231601
   18.368137931   -0.120967043   -0.125160064
   18.396483823   -0.109134466   -0.126078139
   18.424829714   -0.097711622   -0.126988499
   18.453175606   -0.086757541   -0.127894000
   18.481521498   -0.076218809   -0.128797623
   18.509867390   -0.065970604   -0.129702294
   18.538213282   -0.055873999   -0.130610615
   18.566559174   -0.045831547   -0.131524558
   18.594905066   -0.035825326   -0.132445198
   18.623250958   -0.025928161   -0.133372558
   18.651596849   -0.016287462   -0.134305615
   18.679942741   -0.007089286   -0.135242459
   18.708288633    0.001484570   -0.136180561
   18.736634525    0.009292763   -0.137117066
   18.764980417    0.016253636   -0.138049012
   18.793326309    0.022343704   -0.138973404
   18.821672201    0.027578848   -0.139887102
   18.850018093    0.031987405   -0.140786547
   18.878363984    0.035586682   -0.141667407
   18.906709876    0.038372735   -0.142524248
   18.935055768    0.040328094   -0.143350358
   18.963401660    0.041445221   -0.144137799
   18.991747552    0.041757143   -0.144877736
   19.020093444    0.041362993   -0.145560994
   19.048439336    0.040436587   -0.146178757
   19.076785227    0.039210626   -0.146723265
   19.105131119    0.037936563   -0.147188372
   19.133477011    0.036828384   -0.147569860
   19.161822903    0.036005034   -0.147865449
   19.190168795    0.035448831   -0.148074530
   19.218514687    0.034994840   -0.148197712
   19.246860579    0.034359173   -0.148236306
   19.275206471    0.033204178   -0.148191877
   19.303552362    0.031228070   -0.148065978
   19.331898254    0.028258670   -0.147860113
   19.360244146    0.024327789   -0.147575913
   19.388590038    0.019705627   -0.147215459
   19.416935930    0.014882807   -0.146781641
   19.445281822    0.010499618   -0.146278449
   19.473627714    0.007234599   -0.145711110
   19.501973605    0.005674802   -0.145086039
   19.530319497    0.006195189   -0.144410629
   19.558665389    0.008873338   -0.143692928
   19.587011281    0.013458249   -0.142941307
   19.615357173    0.019400206   -0.142164184
   19.643703065    0.025935279   -0.141369854
   19.672048957    0.032206386   -0.140566434
   19.700394849    0.037395507   -0.139761884
   19.728740740    0.040840331   -0.138964036
   19.757086632    0.042113467   -0.138180574
   19.785432524    0.041051826   -0.137418906
   19.813778416    0.037735549   -0.136685932
   19.842124308    0.032426931   -0.135987727
   19.870470200    0.025487524   -0.135329231
   19.898816092    0.017294507   -0.134713997
   19.927161984    0.008174947   -0.134144090
   19.955507875   -0.001630036   -0.133620149
   19.983853767   -0.011968099   -0.133141603
   20.012199659   -0.022751088   -0.132706957
   20.040545551   -0.033914964   -0.132314076
   20.068891443   -0.045378634   -0.131960338
   20.097237335   -0.057014523   -0.131642604
   20.125583227   -0.068638769   -0.131356977
   20.153929118   -0.080022360   -0.131098394
   20.182275010   -0.090918179   -0.130860155
   20.210620902   -0.101094650   -0.130633523
   20.238966794   -0.110365423   -0.130407534
   20.267312686   -0.118606485   -0.130169124
   20.295658578   -0.125756447   -0.129903618
   20.324004470   -0.131801045   -0.129595552
   20.352350362   -0.136747616   -0.129229725
   20.380696253   -0.140597984   -0.128792342
   20.409042145   -0.143328263   -0.128272069
   20.437388037   -0.144881554   -0.127660861
   20.465733929   -0.145175401   -0.126954449
   20.494079821   -0.144121311   -0.126152454
   20.522425713   -0.141650204   -0.125258146
   20.550771605   -0.137736216   -0.124277926
   20.579117496   -0.132412254   -0.123220636
   20.607463388   -0.125773668   -0.122096811
   20.635809280   -0.117970436   -0.120917964
   20.664155172   -0.109191955   -0.119695978
   20.692501064   -0.099650792   -0.118442626
   20.720846956   -0.089571780   -0.117169231
   20.749192848   -0.079190646   -0.115886449
   20.777538740   -0.068762615   -0.114604153
   20.805884631   -0.058577275   -0.113331392
   20.834230523   -0.048972842   -0.112076413
   20.862576415   -0.040341898   -0.110846713
   20.890922307   -0.033122113   -0.109649121
   20.919268199   -0.027769288   -0.108489854
   20.947614091   -0.024715108   -0.107374548
   20.975959983   -0.024316931   -0.106308202
   21.004305875   -0.026810262   -0.105295048
   21.032651766   -0.032275121   -0.104338327
   21.060997658   -0.040625024   -0.103440019
   21.089343550   -0.051622207   -0.102600568
   21.117689442   -0.064916402   -0.101818694
   21.146035334   -0.080098502   -0.101091329
   21.174381226   -0.096756643   -0.100413755
   21.202727118   -0.114521610   -0.099779924
   21.231073009   -0.133091373   -0.099182923
   21.259418901   -0.152230300   -0.098615495
   21.287764793   -0.171745598   -0.098070497
   21.316110685   -0.191449950   -0.097541200
   21.344456577   -0.211123227   -0.097021340
   21.372802469   -0.230486518   -0.096504915
   21.401148361   -0.249198205   -0.095985809
   21.429494253   -0.266875396   -0.095457341
   21.457840144   -0.283136470   -0.094911929
   21.486186036   -0.297653839   -0.094341033
   21.514531928   -0.310202379   -0.093735482
   21.542877820   -0.320689357   -0.093086227
   21.571223712   -0.329156244   -0.092385446
   21.599569604   -0.335750374   -0.091627828
   21.627915496   -0.340672901   -0.090811795
   21.656261387   -0.344116652   -0.089940412
   21.684607279   -0.346210957   -0.089021757
   21.712953171   -0.346989402   -0.088068652
   21.741299063   -0.346390642   -0.087097736
   21.769644955   -0.344293439   -0.086128034
   21.797990847   -0.340577330   -0.085179264
   21.826336739   -0.335192491   -0.084270162
   21.854682631   -0.328218830   -0.083417140
   21.883028522   -0.319896184   -0.082633454
   21.911374414   -0.310614680   -0.081929012
   21.939720306   -0.300864825   -0.081310755
   21.968066198   -0.291158188   -0.080783460
   21.996412090   -0.281938346   -0.080350713
   22.024757982   -0.273505556   -0.080015801
   22.053103874   -0.265976075   -0.079782293
   22.081449766   -0.259288602   -0.079654176
   22.109795657   -0.253257921   -0.079635562
   22.138141549   -0.247662741   -0.079730045
   22.166487441   -0.242344566   -0.079939913
   22.194833333   -0.237289985   -0.080265432
   22.223179225   -0.232671668   -0.080704398
   22.251525117   -0.228833078   -0.081252080
   22.279871009   -0.226216241   -0.081901564
   22.308216900   -0.225247194   -0.082644436
   22.336562792   -0.226206002   -0.083471618
   22.364908684   -0.229114040   -0.084374179
   22.393254576   -0.233668959   -0.085343936
   22.421600468   -0.239247438   -0.086373722
   22.449946360   -0.244980130   -0.087457294
   22.478292252   -0.249885699   -0.088588940
   22.506638144   -0.253036140   -0.089762925
   22.534984035   -0.253717320   -0.090972940
   22.563329927   -0.251549080   -0.092211720
   22.591675819   -0.246538304   -0.093470949
   22.620021711   -0.239053907   -0.094741474
   22.648367603   -0.229730805   -0.096013805
   22.676713495   -0.219326233   -0.097278773
   22.705059387   -0.208562116   -0.098528200
   22.733405278   -0.197989239   -0.099755440
   22.761751170   -0.187902290   -0.100955687
   22.790097062   -0.178321408   -0.102125995
   22.818442954   -0.169039115   -0.103265050
   22.846788846   -0.159715895   -0.104372771
   22.875134738   -0.149996947   -0.105449861
   22.903480630   -0.139619383   -0.106497430
   22.931826522   -0.128483837   -0.107516763
   22.960172413   -0.116675464   -0.108509285
   22.988518305   -0.104433533   -0.109476670
   23.016864197   -0.092082313   -0.110421048
   23.045210089   -0.079945244   -0.111345182
   23.073555981   -0.068267210   -0.112252537
   23.101901873   -0.057165701   -0.113147174
   23.130247765   -0.046622259   -0.114033453
   23.158593657   -0.036513654   -0.114915592
   23.186939548   -0.026671205   -0.115797182
   23.215285440   -0.016949512   -0.116680739
   23.243631332   -0.007284394   -0.117567436
   23.271977224    0.002275903   -0.118457035
   23.300323116    0.011573581   -0.119348074
   23.328669008    0.020375497   -0.120238228
   23.357014900    0.028427174   -0.121124767
   23.385360791    0.035510206   -0.122004992
   23.413706683    0.041486779   -0.122876527
   23.442052575    0.046319985   -0.123737393
   23.470398467    0.050066548   -0.124585854
   23.498744359    0.052847089   -0.125420046
   23.527090251    0.054805479   -0.126237512
   23.555436143    0.056071268   -0.127034742
   23.583782035    0.056737032   -0.127806857
   23.612127926    0.056856592   -0.128547516
   23.640473818    0.056462399   -0.129249107
   23.668819710    0.055593394   -0.129903186
   23.697165602    0.054320790   -0.130501090
   23.725511494    0.052759607   -0.131034612
   23.753857386    0.051058575   -0.131496615
   23.782203278    0.049368645   -0.131881461
   23.810549169    0.047798481   -0.132185219
   23.838895061    0.046371332   -0.132405613
   23.867240953    0.044999419   -0.132541780
   23.895586845    0.043488614   -0.132593920
   23.923932737    0.041578347   -0.132562930
   23.952278629    0.039011398   -0.132450129
   23.980624521    0.035618411   -0.132257129
   24.008970413    0.031395579   -0.131985866
   24.037316304    0.026553070   -0.131638763
   24.065662196    0.021517087   -0.131218958
   24.094008088    0.016878905   -0.130730521
   24.122353980    0.013297291   -0.130178587
   24.150699872    0.011373003   -0.129569366
   24.179045764    0.011522260   -0.128910005
   24.207391656    0.013877916   -0.128208361
   24.235737548    0.018241770   -0.127472710
   24.264083439    0.024100257   -0.126711467
   24.292429331    0.030701316   -0.125932966
   24.320775223    0.037176225   -0.125145328
   24.349121115    0.042680060   -0.124356405
   24.377467007    0.046520715   -0.123573772
   24.405812899    0.048250012   -0.122804722
   24.434158791    0.047700213   -0.122056213
   24.462504682    0.044962745   -0.121334742
   24.490850574    0.040319515   -0.120646152
   24.519196466    0.034147588   -0.119995391
   24.547542358    0.026822594   -0.119386287
   24.575888250    0.018644184   -0.118821377
   24.604234142    0.009799093   -0.118301848
   24.632580034    0.000366109   -0.117827591
   24.660925926   -0.009644235   -0.117397346
   24.689271817   -0.020231158   -0.117008892
   24.717617709   -0.031345985   -0.116659207
   24.745963601   -0.042853120   -0.116344523
   24.774309493   -0.054520681   -0.116060256
   24.802655385   -0.066042447   -0.115800782
   24.831001277   -0.077083484   -0.115559142
   24.859347169   -0.087335262   -0.115326733
   24.887693060   -0.096563933   -0.115093119
   24.916038952   -0.104638146   -0.114846056
   24.944384844   -0.111529283   -0.114571799
   24.972730736   -0.117285314   -0.114255726
   25.001076628   -0.121987064   -0.113883208
   25.029422520   -0.125700430   -0.113440647
   25.057768412   -0.128438732   -0.112916525
   25.086114304   -0.130145839   -0.112302310
   25.114460195   -0.130704300   -0.111593097
   25.142806087   -0.129965294   -0.110787889
   25.171151979   -0.127791062   -0.109889500
   25.199497871   -0.124097396   -0.108904114
   25.227843763   -0.118884434   -0.107840599
   25.256189655   -0.112248151   -0.106709689
   25.284535547   -0.104371194   -0.105523164
   25.312881439   -0.095497986   -0.104293135
   25.341227330   -0.085903541   -0.103031485
   25.369573222   -0.075866667   -0.101749525
   25.397919114   -0.065656065   -0.100457810
   25.426265006   -0.055532758   -0.099166109
   25.454610898   -0.045766227   -0.097883452
   25.482956790   -0.036656259   -0.096618210
   25.511302682   -0.028549817   -0.095378170
   25.539648573   -0.021842969   -0.094170561
   25.567994465   -0.016962079   -0.093002038
   25.596340357   -0.014324763   -0.091878610
   25.624686249   -0.014287785   -0.090805520
   25.653032141   -0.017093940   -0.089787085
   25.681378033   -0.022831564   -0.088826518
   25.709723925   -0.031417963   -0.087925744
   25.738069817   -0.042612255   -0.087085238
   25.766415708   -0.056055527   -0.086303925
   25.794761600   -0.071328852   -0.085579165
   25.823107492   -0.088014861   -0.084906850
   25.851453384   -0.105747533   -0.084281621
   25.879799276   -0.124238245   -0.083697187
   25.908145168   -0.143272801   -0.083146692
   25.936491060   -0.162682535   -0.082623074
   25.964836951   -0.182300057   -0.082119327
   25.993182843   -0.201914775   -0.081628630
   26.021528735   -0.221243478   -0.081144292
   26.049874627   -0.239926987   -0.080659551
   26.078220519   -0.257556185   -0.080167305
   26.106566411   -0.273721932   -0.079659876
   26.134912303   -0.288075844   -0.079128954
   26.163258195   -0.300385009   -0.078565824
   26.191604086   -0.310564637   -0.077961936
   26.219949978   -0.318678212   -0.077309797
   26.248295870   -0.324903605   -0.076604080
   26.276641762   -0.329473254   -0.075842760
   26.304987654   -0.332604215   -0.075028052
   26.333333546   -0.334437388   -0.074166941
   26.361679438   -0.335003303   -0.073271137
   26.390025330   -0.334224977   -0.072356408
   26.418371221   -0.331958150   -0.071441357
   26.446717113   -0.328058615   -0.070545826
   26.475063005   -0.322458169   -0.069689201
   26.503408897   -0.315227520   -0.068888898
   26.531754789   -0.306607156   -0.068159308
   26.560100681   -0.296995370   -0.067511328
   26.588446573   -0.286894156   -0.066952534
   26.616792464   -0.276825409   -0.066487866
   26.645138356   -0.267238718   -0.066120611
   26.673484248   -0.258435204   -0.065853423
   26.701830140   -0.250528494   -0.065689090
   26.730176032   -0.243454501   -0.065630889
   26.758521924   -0.237028751   -0.065682447
   26.786867816   -0.231036738   -0.065847168
   26.815213708   -0.225333063   -0.066127417
   26.843559599   -0.219921438   -0.066523683
   26.871905491   -0.214991449   -0.067033971
   26.900251383   -0.210898440   -0.067653595
   26.928597275   -0.208087450   -0.068375443
   26.956943167   -0.206977223   -0.069190647
   26.985289059   -0.207831788   -0.070089507
   27.013634951   -0.210652024   -0.071062432
   27.041980842   -0.215116367   -0.072100688
   27.070326734   -0.220589061   -0.073196757
   27.098672626   -0.226198578   -0.074344270
   27.127018518   -0.230971956   -0.075537551
   27.155364410   -0.233997038   -0.076770921
   27.183710302   -0.234577384   -0.078038004
   27.212056194   -0.232345882   -0.079331208
   27.240402086   -0.227312467   -0.080641586
   27.268747977   -0.219836616   -0.081959101
   27.297093869   -0.210532620   -0.083273276
   27.325439761   -0.200130771   -0.084574051
   27.353785653   -0.189326889   -0.085852672
   27.382131545   -0.178653937   -0.087102381
   27.410477437   -0.168402641   -0.088318775
   27.438823329   -0.158605085   -0.089499757
   27.467169221   -0.149079481   -0.090645121
   27.495515112   -0.139519886   -0.091755922
   27.523861004   -0.129604941   -0.092833780
   27.552206896   -0.119097055   -0.093880330
   27.580552788   -0.107908157   -0.094896922
   27.608898680   -0.096118533   -0.095884642
   27.637244572   -0.083948465   -0.096844587
   27.665590464   -0.071694744   -0.097778282
   27.693936355   -0.059652465   -0.098688071
   27.722282247   -0.048044892   -0.099577332
   27.750628139   -0.036980233   -0.100450410
   27.778974031   -0.026445386   -0.101312254
   27.807319923   -0.016335757   -0.102167821
   27.835665815   -0.006510134   -0.103021392
   27.864011707    0.003146751   -0.103875965
   27.892357599    0.012672560   -0.104732871
   27.920703490    0.022001021   -0.105591716
   27.949049382    0.030967377   -0.106450655
   27.977395274    0.039342660   -0.107306911
   28.005741166    0.046885761   -0.108157411
   28.034087058    0.053397780   -0.108999364
   28.062432950    0.058763399   -0.109830616
   28.090778842    0.062968679   -0.110649706
   28.119124733    0.066092191   -0.111455607
   28.147470625    0.068274474   -0.112247213
   28.175816517    0.069676877   -0.113022732
   28.204162409    0.070443282   -0.113779129
   28.232508301    0.070676267   -0.114511790
   28.260854193    0.070433766   -0.115214479
   28.289200085    0.069744987   -0.115879633
   28.317545977    0.068637592   -0.116498914
   28.345891868    0.067164218   -0.117063906
   28.374237760    0.065416469   -0.117566811
   28.402583652    0.063518766   -0.118000999
   28.430929544    0.061601547   -0.118361322
   28.459275436    0.059761097   -0.118644162
   28.487621328    0.058019226   -0.118847258
   28.515967220    0.056298115   -0.118969401
   28.544313112    0.054422854   -0.119010098
   28.572659003    0.052157044   -0.118969335
   28.601004895    0.049267217   -0.118847483
   28.629350787    0.045602260   -0.118645375
   28.657696679    0.041167610   -0.118364507
   28.686042571    0.036172625   -0.118007290
   28.714388463    0.031034162   -0.117577263
   28.742734355    0.026329122   -0.117079195
   28.771080246    0.022701239   -0.116519022
   28.799426138    0.020739487   -0.115903650
   28.827772030    0.020853942   -0.115240642
   28.856117922    0.023177268   -0.114537889
   28.884463814    0.027515470   -0.113803327
   28.912809706    0.033360898   -0.113044757
   28.941155598    0.039966442   -0.112269791
   28.969501490    0.046465722   -0.111485902
   28.997847381    0.052013526   -0.110700519
   29.026193273    0.055916386   -0.109921092
   29.054539165    0.057726103   -0.109155077
   29.082885057    0.057278444   -0.108409784
   29.111230949    0.054672671   -0.107692115
   29.139576841    0.050201625   -0.107008213
   29.167922733    0.044253117   -0.106363118
   29.196268624    0.037208814   -0.105760485
   29.224614516    0.029365346   -0.105202452
   29.252960408    0.020894758   -0.104689670
   29.281306300    0.011849834   -0.104221484
   29.309652192    0.002207571   -0.103796205
   29.337998084   -0.008065718   -0.103411376
   29.366343976   -0.018948868   -0.103063955
   29.394689868   -0.030319762   -0.102750336
   29.423035759   -0.041941796   -0.102466183
   29.451381651   -0.053485992   -0.102206114
   29.479727543   -0.064581438   -0.101963313
   29.508073435   -0.074878864   -0.101729181
   29.536419327   -0.084108945   -0.101493149
   29.564765219   -0.092119062   -0.101242764
   29.593111111   -0.098878949   -0.100964082
   29.621457003   -0.104454839   -0.100642372
   29.649802894   -0.108960689   -0.100263057
   29.678148786   -0.112501304   -0.099812762
   29.706494678   -0.115123952   -0.099280334
   29.734840570   -0.116792073   -0.098657683
   29.763186462   -0.117387929   -0.097940338
   29.791532354   -0.116742578   -0.097127642
   29.819878246   -0.114683917   -0.096222613
   29.848224137   -0.111088861   -0.095231487
   29.876570029   -0.105925266   -0.094163060
   29.904915921   -0.099272952   -0.093027930
   29.933261813   -0.091319804   -0.091837736
   29.961607705   -0.082336448   -0.090604499
   29.989953597   -0.072638999   -0.089340096
   30.018299489   -0.062552233   -0.088055906
   30.046645381   -0.052384340   -0.086762603
   30.074991272   -0.042419724   -0.085470081
   30.103337164   -0.032929690   -0.084187462
   30.131683056   -0.024194312   -0.082923147
   30.160028948   -0.016524573   -0.081684886
   30.188374840   -0.010273190   -0.080479821
   30.216720732   -0.005825790   -0.079314503
   30.245066624   -0.003570291   -0.078194845
   30.273412515   -0.003849541   -0.077126034
   30.301758407   -0.006908331   -0.076112378
   30.330104299   -0.012848832   -0.075157123
   30.358450191   -0.021607278   -0.074262250
   30.386796083   -0.032959615   -0.073428296
   30.415141975   -0.046556123   -0.072654240
   30.443487867   -0.061977079   -0.071937488
   30.471833759   -0.078795519   -0.071273976
   30.500179650   -0.096631107   -0.070658405
   30.528525542   -0.115181562   -0.070084569
   30.556871434   -0.134224545   -0.069545722
   30.585217326   -0.153591518   -0.069034919
   30.613563218   -0.173123351   -0.068545251
   30.641909110   -0.192622986   -0.068069933
   30.670255002   -0.211821511   -0.067602224
   30.698600894   -0.230370216   -0.067135222
   30.726946785   -0.247863492   -0.066661604
   30.755292677   -0.263888103   -0.066173449
   30.783638569   -0.278086010   -0.065662246
   30.811984461   -0.290213107   -0.065119190
   30.840330353   -0.300176523   -0.064535809
   30.868676245   -0.308038519   -0.063904878
   30.897022137   -0.313984188   -0.063221500
   30.925368028   -0.318260525   -0.062484182
   30.953713920   -0.321102988   -0.061695672
   30.982059812   -0.322669940   -0.060863395
   31.010405704   -0.323003852   -0.059999322
   31.038751596   -0.322031167   -0.059119261
   31.067097488   -0.319602072   -0.058241636
   31.095443380   -0.315559947   -0.057385950
   31.123789272   -0.309821350   -0.056571175
   31.152135163   -0.302443531   -0.055814336
   31.180481055   -0.293659077   -0.055129538
   31.208826947   -0.283865738   -0.054527543
   31.237172839   -0.273571663   -0.054015935
   31.265518731   -0.263308866   -0.053599757
   31.293864623   -0.253537195   -0.053282420
   31.322210515   -0.244564636   -0.053066621
   31.350556406   -0.236506247   -0.052955050
   31.378902298   -0.229294096   -0.052950708
   31.407248190   -0.222736835   -0.053056776
   31.435594082   -0.216613570   -0.053276103
   31.463939974   -0.210776457   -0.053610467
   31.492285866   -0.205232776   -0.054059829
   31.520631758   -0.200181470   -0.054621802
   31.548977650   -0.195990354   -0.055291474
   31.577323541   -0.193115676   -0.056061673
   31.605669433   -0.191981377   -0.056923591
   31.634015325   -0.192847201   -0.057867637
   31.662361217   -0.195699369   -0.058884306
   31.690707109   -0.200193585   -0.059964853
   31.719053001   -0.205668380   -0.061101625
   31.747398893   -0.211230112   -0.062287986
   31.775744785   -0.215893530   -0.063517896
   31.804090676   -0.218747972   -0.064785270
   31.832436568   -0.219112686   -0.066083342
   31.860782460   -0.216646947   -0.067404216
   31.889128352   -0.211391214   -0.068738758
   31.917474244   -0.203731738   -0.070076886
   31.945820136   -0.194298831   -0.071408213
   31.974166028   -0.183823961   -0.072722885
   32.002511919   -0.172989321   -0.074012432
   32.030857811   -0.162303685   -0.075270421
   32.059203703   -0.152030311   -0.076492782
   32.087549595   -0.142178772   -0.077677722
   32.115895487   -0.132556574   -0.078825303
   32.144241379   -0.122862296   -0.079936781
   32.172587271   -0.112793309   -0.081013920
   32.200933163   -0.102139763   -0.082058437
   32.229279054   -0.090842427   -0.083071722
   32.257624946   -0.079003200   -0.084054867
   32.285970838   -0.066850457   -0.085008974
   32.314316730   -0.054673151   -0.085935588
   32.342662622   -0.042744870   -0.086837112
   32.371008514   -0.031260011   -0.087717022
   32.399354406   -0.020299170   -0.088579797
   32.427700297   -0.009831327   -0.089430532
   32.456046189    0.000250495   -0.090274307
   32.484392081    0.010072823   -0.091115471
   32.512737973    0.019722444   -0.091957000
   32.541083865    0.029201960   -0.092800109
   32.569429757    0.038412647   -0.093644200
   32.597775649    0.047168561   -0.094487176
   32.626121541    0.055236585   -0.095326017
   32.654467432    0.062389872   -0.096157473
   32.682813324    0.068458900   -0.096978689
   32.711159216    0.073365874   -0.097787589
   32.739505108    0.077133863   -0.098582927
   32.767851000    0.079869954   -0.099363984
   32.796196892    0.081729475   -0.100130003
   32.824542784    0.082873559   -0.100879509
   32.852888676    0.083433567   -0.101609711
   32.881234567    0.083492836   -0.102316128
   32.909580459    0.083089947   -0.102992567
   32.937926351    0.082240243   -0.103631459
   32.966272243    0.080966024   -0.104224467
   32.994618135    0.079322790   -0.104763253
   33.022964027    0.077410044   -0.105240205
   33.051309919    0.075360348   -0.105648990
   33.079655810    0.073307884   -0.105984831
   33.108001702    0.071345488   -0.106244480
   33.136347594    0.069484440   -0.106425959
   33.164693486    0.067632409   -0.106528179
   33.193039378    0.065601168   -0.106550568
   33.221385270    0.063147832   -0.106492846
   33.249731162    0.060043481   -0.106354998
   33.278077054    0.056153861   -0.106137455
   33.306422945    0.051511219   -0.105841417
   33.334768837    0.046356041   -0.105469204
   33.363114729    0.041133071   -0.105024525
   33.391460621    0.036436346   -0.104512565
   33.419806513    0.032910569   -0.103939852
   33.448152405    0.031127753   -0.103313929
   33.476498297    0.031465586   -0.102642909
   33.504844188    0.034015197   -0.101935016
   33.533190080    0.038540489   -0.101198233
   33.561535972    0.044499969   -0.100440115
   33.589881864    0.051127889   -0.099667802
   33.618227756    0.057557904   -0.098888183
   33.646573648    0.062962793   -0.098108124
   33.674919540    0.066680442   -0.097334656
   33.703265432    0.068300180   -0.096575025
   33.731611323    0.067693442   -0.095836554
   33.759957215    0.064986340   -0.095126314
   33.788303107    0.060485287   -0.094450681
   33.816648999    0.054577225   -0.093814872
   33.844994891    0.047630520   -0.093222573
   33.873340783    0.039920464   -0.092675766
   33.901686675    0.031595202   -0.092174771
   33.930032567    0.022686296   -0.091718500
   33.958378458    0.013156065   -0.091304830
   33.986724350    0.002964576   -0.090930973
   34.015070242   -0.007864981   -0.090593725
   34.043416134   -0.019202005   -0.090289501
   34.071762026   -0.030797725   -0.090014128
   34.100107918   -0.042310312   -0.089762430
   34.128453810   -0.053357914   -0.089527731
   34.156799701   -0.063584042   -0.089301405
   34.185145593   -0.072716781   -0.089072650
   34.213491485   -0.080605601   -0.088828582
   34.241837377   -0.087226353   -0.088554718
   34.270183269   -0.092654252   -0.088235819
   34.298529161   -0.097013579   -0.087856974
   34.326875053   -0.100419058   -0.087404776
   34.355220945   -0.102925718   -0.086868404
   34.383566836   -0.104501068   -0.086240448
   34.411912728   -0.105026783   -0.085517365
   34.440258620   -0.104328617   -0.084699527
   34.468604512   -0.102225533   -0.083790889
   34.496950404   -0.098584142   -0.082798384
   34.525296296   -0.093363786   -0.081731157
   34.553642188   -0.086640996   -0.080599777
   34.581988079   -0.078608491   -0.079415541
   34.610333971   -0.069551314   -0.078189931
   34.638679863   -0.059808955   -0.076934240
   34.667025755   -0.049735562   -0.075659365
   34.695371647   -0.039669716   -0.074375706
   34.723717539   -0.029921166   -0.073093127
   34.752063431   -0.020775630   -0.071820934
   34.780409323   -0.012512388   -0.070567842
   34.808755214   -0.005424882   -0.069341924
   34.837101106    0.000166678   -0.068150547
   34.865446998    0.003919227   -0.067000297
   34.893792890    0.005490415   -0.065896918
   34.922138782    0.004578275   -0.064845240
   34.950484674    0.000967617   -0.063849110
   34.978830566   -0.005429414   -0.062911305
   35.007176458   -0.014550565   -0.062033434
   35.035522349   -0.026186158   -0.061215835
   35.063868241   -0.040008075   -0.060457488
   35.092214133   -0.055618568   -0.059755981
   35.120560025   -0.072606684   -0.059107564
   35.148905917   -0.090597878   -0.058507286
   35.177251809   -0.109284222   -0.057949238
   35.205597701   -0.128428290   -0.057426847
   35.233943592   -0.147841554   -0.056933170
   35.262289484   -0.167345759   -0.056461140
   35.290635376   -0.186731036   -0.056003689
   35.318981268   -0.205725674   -0.055553745
   35.347327160   -0.223989237   -0.055104123
   35.375673052   -0.241133720   -0.054647363
   35.404018944   -0.256768874   -0.054175632
   35.432364836   -0.270559991   -0.053680781
   35.460710727   -0.282281903   -0.053154655
   35.489056619   -0.291853041   -0.052589693
   35.517402511   -0.299338342   -0.051979759
   35.545748403   -0.304918329   -0.051321132
   35.574094295   -0.308831391   -0.050613446
   35.602440187   -0.311304414   -0.049860417
   35.630786079   -0.312490981   -0.049070155
   35.659131970   -0.312435013   -0.048254969
   35.687477862   -0.311071133   -0.047430626
   35.715823754   -0.308262931   -0.046615157
   35.744169646   -0.303869363   -0.045827388
   35.772515538   -0.297820975   -0.045085443
   35.800861430   -0.290183968   -0.044405458
   35.829207322   -0.281192555   -0.043800717
   35.857553214   -0.271238252   -0.043281322
   35.885899105   -0.260816440   -0.042854397
   35.914244997   -0.250442707   -0.042524706
   35.942590889   -0.240560572   -0.042295498
   35.970936781   -0.231465558   -0.042169331
   35.999282673   -0.223267096   -0.042148671
   36.027628565   -0.215899963   -0.042236125
   36.055974457   -0.209183547   -0.042434273
   36.084320349   -0.202913623   -0.042745167
   36.112666240   -0.196961429   -0.043169657
   36.141012132   -0.191351449   -0.043706758
   36.169358024   -0.186293688   -0.044353227
   36.197703916   -0.182157486   -0.045103505
   36.226049808   -0.179389261   -0.045950033
   36.254395700   -0.178392021   -0.046883889
   36.282741592   -0.179395902   -0.047895593
   36.311087483   -0.182353172   -0.048975876
   36.339433375   -0.186886814   -0.050116239
   36.367779267   -0.192309691   -0.051309183
   36.396125159   -0.197714513   -0.052548066
   36.424471051   -0.202117444   -0.053826661
   36.452816943   -0.204624666   -0.055138571
   36.481162835   -0.204585131   -0.056476673
   36.509508727   -0.201695538   -0.057832786
   36.537854618   -0.196034708   -0.059197670
   36.566200510   -0.188021148   -0.060561384
   36.594546402   -0.178305528   -0.061913941
   36.622892294   -0.167624547   -0.063246097
   36.651238186   -0.156650608   -0.064550113
   36.679584078   -0.145871139   -0.065820279
   36.707929970   -0.135522517   -0.067053117
   36.736275861   -0.125589053   -0.068247217
   36.764621753   -0.115861127   -0.069402772
   36.792967645   -0.106032581   -0.070520951
   36.821313537   -0.095809353   -0.071603298
   36.849659429   -0.085000801   -0.072651287
   36.878005321   -0.073572026   -0.073666163
   36.906351213   -0.061647509   -0.074649063
   36.934697105   -0.049470114   -0.075601357
   36.963042996   -0.037331159   -0.076525055
   36.991388888   -0.025493944   -0.077423142
   37.019734780   -0.014133114   -0.078299664
   37.048080672   -0.003306145   -0.079159524
   37.076426564    0.007037121   -0.080007981
   37.104772456    0.017012306   -0.080849957
   37.133118348    0.026740304   -0.081689321
   37.161464240    0.036288190   -0.082528319
   37.189810131    0.045629052   -0.083367308
   37.218156023    0.054632272   -0.084204856
   37.246501915    0.063086275   -0.085038195
   37.274847807    0.070746164   -0.085863902
   37.303193699    0.077391646   -0.086678638
   37.331539591    0.082878166   -0.087479747
   37.359885483    0.087166899   -0.088265561
   37.388231374    0.090326046   -0.089035322
   37.416577266    0.092504725   -0.089788759
   37.444923158    0.093888869   -0.090525418
   37.473269050    0.094653472   -0.091243936
   37.501614942    0.094925934   -0.091941447
   37.529960834    0.094771006   -0.092613291
   37.558306726    0.094200434   -0.093253094
   37.586652618    0.093202060   -0.093853221
   37.614998509    0.091776645   -0.094405485
   37.643344401    0.089967979   -0.094901944
   37.671690293    0.087873949   -0.095335610
   37.700036185    0.085632533   -0.095700907
   37.728382077    0.083385335   -0.095993825
   37.756727969    0.081229581   -0.096211752
   37.785073861    0.079174822   -0.096353115
   37.813419752    0.077121000   -0.096416947
   37.841765644    0.074869721   -0.096402559
   37.870111536    0.072171433   -0.096309414
   37.898457428    0.068800396   -0.096137265
   37.926803320    0.064639786   -0.095886496
   37.955149212    0.059753979   -0.095558579
   37.983495104    0.054425826   -0.095156482
   38.011840996    0.049143752   -0.094684899
   38.040186887    0.044535309   -0.094150204
   38.068532779    0.041257432   -0.093560128
   38.096878671    0.039865465   -0.092923212
   38.125224563    0.040689984   -0.092248176
   38.153570455    0.043750243   -0.091543357
   38.181916347    0.048725748   -0.090816356
   38.210262239    0.054994470   -0.090073953
   38.238608131    0.061730841   -0.089322299
   38.266954022    0.068042715   -0.088567297
   38.295299914    0.073117487   -0.087815011
   38.323645806    0.076345797   -0.087071969
   38.351991698    0.077397146   -0.086345236
   38.380337590    0.076233785   -0.085642188
   38.408683482    0.073064270   -0.084970046
   38.437029374    0.068252295   -0.084335266
   38.465375265    0.062206248   -0.083742955
   38.493721157    0.055277982   -0.083196455
   38.522067049    0.047695055   -0.082697220
   38.550412941    0.039540411   -0.082245001
   38.578758833    0.030780184   -0.081838261
   38.607104725    0.021327432   -0.081474699
   38.635450617    0.011120693   -0.081151679
   38.663796509    0.000193371   -0.080866414
   38.692142400   -0.011286257   -0.080615817
   38.720488292   -0.023015485   -0.080396013
   38.748834184   -0.034597348   -0.080201635
   38.777180076   -0.045608611   -0.080025111
   38.805525968   -0.055676174   -0.079856159
   38.833871860   -0.064540619   -0.079681695
   38.862217752   -0.072089724   -0.079486281
   38.890563643   -0.078353539   -0.079253098
   38.918909535   -0.083463466   -0.078965311
   38.947255427   -0.087587734   -0.078607609
   38.975601319   -0.090861872   -0.078167622
   39.003947211   -0.093333734   -0.077636971
   39.032293103   -0.094938156   -0.077011768
   39.060638995   -0.095507800   -0.076292508
   39.088984887   -0.094816695   -0.075483435
   39.117330778   -0.092644162   -0.074591559
   39.145676670   -0.088841698   -0.073625563
   39.174022562   -0.083385209   -0.072594836
   39.202368454   -0.076399660   -0.071508810
   39.230714346   -0.068151207   -0.070376665
   39.259060238   -0.059010899   -0.069207368
   39.287406130   -0.049401437   -0.068009923
   39.315752022   -0.039742244   -0.066793653
   39.344097913   -0.030407343   -0.065568364
   39.372443805   -0.021705623   -0.064344283
   39.400789697   -0.013885600   -0.063131735
   39.429135589   -0.007159088   -0.061940655
   39.457481481   -0.001732519   -0.060780037
   39.485827373    0.002167326   -0.059657471
   39.514173265    0.004284204   -0.058578897
   39.542519156    0.004345298   -0.057548615
   39.570865048    0.002094197   -0.056569529
   39.599210940   -0.002664683   -0.055643522
   39.627556832   -0.010022934   -0.054771832
   39.655902724   -0.019939163   -0.053955287
   39.684248616   -0.032233315   -0.053194319
   39.712594508   -0.046606889   -0.052488745
   39.740940400   -0.062684160   -0.051837401
   39.769286291   -0.080063530   -0.051237737
   39.797632183   -0.098365278   -0.050685541
   39.825978075   -0.117263290   -0.050174909
   39.854323967   -0.136493368   -0.049698503
   39.882669859   -0.155837973   -0.049248076
   39.911015751   -0.175094596   -0.048815137
   39.939361643   -0.194040093   -0.048391599
   39.967707534   -0.212404676   -0.047970253
   39.996053426   -0.229866349   -0.047544952
   40.024399318   -0.246070208   -0.047110493
   40.052745210   -0.260669012   -0.046662289
   40.081091102   -0.273374301   -0.046195971
   40.109436994   -0.284003148   -0.045707142
   40.137782886   -0.292505969   -0.045191433
   40.166128778   -0.298965544   -0.044644969
   40.194474669   -0.303565475   -0.044065189
   40.222820561   -0.306535296   -0.043451887
   40.251166453   -0.308086726   -0.042808228
   40.279512345   -0.308358951   -0.042141449
   40.307858237   -0.307389018   -0.041463033
   40.336204129   -0.305116849   -0.040788218
   40.364550021   -0.301424690   -0.040134879
   40.392895913   -0.296200693   -0.039521939
   40.421241804   -0.289408825   -0.038967627
   40.449587696   -0.281144534   -0.038487893
   40.477933588   -0.271658785   -0.038095300
   40.506279480   -0.261341361   -0.037798561
   40.534625372   -0.250665651   -0.037602786
   40.562971264   -0.240108335   -0.037510268
   40.591317156   -0.230065195   -0.037521599
   40.619663047   -0.220786381   -0.037636762
   40.648008939   -0.212349930   -0.037855942
   40.676354831   -0.204682277   -0.038179844
   40.704700723   -0.197621385   -0.038609490
   40.733046615   -0.191005669   -0.039145588
   40.761392507   -0.184763559   -0.039787707
   40.789738399   -0.178976886   -0.040533517
   40.818084291   -0.173897074   -0.041378339
   40.846430182   -0.169905050   -0.042315170
   40.874776074   -0.167420952   -0.043335159
   40.903121966   -0.166783944   -0.044428451
   40.931467858   -0.168132020   -0.045585141
   40.959813750   -0.171313706   -0.046796105
   40.988159642   -0.175857288   -0.048053491
   41.016505534   -0.181009977   -0.049350748
   41.044851425   -0.185842528   -0.050682229
   41.073197317   -0.189398507   -0.052042498
   41.101543209   -0.190855974   -0.053425585
   41.129889101   -0.189665681   -0.054824417
   41.158234993   -0.185635089   -0.056230613
   41.186580885   -0.178940261   -0.057634733
   41.214926777   -0.170064725   -0.059026918
   41.243272669   -0.159681443   -0.060397765
   41.271618560   -0.148506750   -0.061739196
   41.299964452   -0.137160427   -0.063045112
   41.328310344   -0.126062818   -0.064311657
   41.356656236   -0.115389196   -0.065537055
   41.385002128   -0.105086378   -0.066721092
   41.413348020   -0.094941037   -0.067864433
   41.441693912   -0.084677216   -0.068967969
   41.470039804   -0.074055195   -0.070032423
   41.498385695   -0.062946050   -0.071058305
   41.526731587   -0.051365119   -0.072046215
   41.555077479   -0.039460202   -0.072997375
   41.583423371   -0.027463161   -0.073914184
   41.611769263   -0.015623030   -0.074800558
   41.640115155   -0.004142419   -0.075661896
   41.668461047    0.006863872   -0.076504596
   41.696806938    0.017377213   -0.077335184
   41.725152830    0.027450494   -0.078159257
   41.753498722    0.037160655   -0.078980482
   41.781844614    0.046555153   -0.079799928
   41.810190506    0.055610305   -0.080615919
   41.838536398    0.064215075   -0.081424463
   41.866882290    0.072185460   -0.082220173
   41.895228182    0.079304887   -0.082997465
   41.923574073    0.085377924   -0.083751725
   41.951919965    0.090280644   -0.084480170
   41.980265857    0.093992202   -0.085182179
   42.008611749    0.096598254   -0.085859024
   42.036957641    0.098265669   -0.086513081
   42.065303533    0.099196931   -0.087146725
   42.093649425    0.099578768   -0.087761208
   42.121995316    0.099541095   -0.088355787
   42.150341208    0.099138701   -0.088927326
   42.178687100    0.098360534   -0.089470443
   42.207032992    0.097162208   -0.089978121
   42.235378884    0.095509514   -0.090442632
   42.263724776    0.093416759   -0.090856489
   42.292070668    0.090965126   -0.091213221
   42.320416560    0.088292637   -0.091507785
   42.348762451    0.085556911   -0.091736588
   42.377108343    0.082881726   -0.091897182
   42.405454235    0.080305287   -0.091987811
   42.433800127    0.077749672   -0.092007003
   42.462146019    0.075026230   -0.091953390
   42.490491911    0.071881828   -0.091825827
   42.518837803    0.068078333   -0.091623799
   42.547183695    0.063486291   -0.091347979
   42.575529586    0.058166857   -0.091000752
   42.603875478    0.052416136   -0.090586503
   42.632221370    0.046753681   -0.090111557
   42.660567262    0.041850330   -0.089583727
   42.688913154    0.038406565   -0.089011564
   42.717259046    0.037006643   -0.088403507
   42.745604938    0.037982164   -0.087767133
   42.773950829    0.041318622   -0.087108735
   42.802296721    0.046629706   -0.086433309
   42.830642613    0.053208458   -0.085744967
   42.858988505    0.060145922   -0.085047631
   42.887334397    0.066491281   -0.084345788
   42.915680289    0.071417161   -0.083645081
   42.944026181    0.074352539   -0.082952519
   42.972372073    0.075053954   -0.082276246
   43.000717964    0.073601344   -0.081624894
   43.029063856    0.070323770   -0.081006694
   43.057409748    0.065677572   -0.080428594
   43.085755640    0.060110537   -0.079895615
   43.114101532    0.053947742   -0.079410620
   43.142447424    0.047327349   -0.078974546
   43.170793316    0.040200026   -0.078587004
   43.199139207    0.032387814   -0.078247022
   43.227485099    0.023682216   -0.077953674
   43.255830991    0.013951163   -0.077706343
   43.284176883    0.003223164   -0.077504469
   43.312522775   -0.008275615   -0.077346808
   43.340868667   -0.020141564   -0.077230349
   43.369214559   -0.031864789   -0.077149209
   43.397560451   -0.042930466   -0.077093814
   43.425906342   -0.052921419   -0.077050692
   43.454252234   -0.061593083   -0.077003016
   43.482598126   -0.068900379   -0.076931899
   43.510944018   -0.074970072   -0.076818211
   43.539289910   -0.080027849   -0.076644593
   43.567635802   -0.084302214   -0.076397252
   43.595981694   -0.087933631   -0.076067172
   43.624327586   -0.090915514   -0.075650523
   43.652673477   -0.093084238   -0.075148231
   43.681019369   -0.094161105   -0.074564865
   43.709365261   -0.093834233   -0.073907160
   43.737711153   -0.091856984   -0.073182550
   43.766057045   -0.088134919   -0.072398061
   43.794402937   -0.082776701   -0.071559782
   43.822748829   -0.076094714   -0.070672974
   43.851094720   -0.068555503   -0.069742676
   43.879440612   -0.060694210   -0.068774553
   43.907786504   -0.053017107   -0.067775674
   43.936132396   -0.045919188   -0.066754923
   43.964478288   -0.039638950   -0.065722906
   43.992824180   -0.034261407   -0.064691344
   44.021170072   -0.029766235   -0.063672097
   44.049515964   -0.026104966   -0.062676099
   44.077861855   -0.023282902   -0.061712478
   44.106207747   -0.021420330   -0.060788098
   44.134553639   -0.020773861   -0.059907629
   44.162899531   -0.021710462   -0.059074088
   44.191245423   -0.024640499   -0.058289672
   44.219591315   -0.029927960   -0.057556612
   44.247937207   -0.037802556   -0.056877768
   44.276283098   -0.048297790   -0.056256782
   44.304628990   -0.061231657   -0.055697728
   44.332974882   -0.076234556   -0.055204351
   44.361320774   -0.092815873   -0.054779118
   44.389666666   -0.110450237   -0.054422357
   44.418012558   -0.128659726   -0.054131747
   44.446358450   -0.147070460   -0.053902307
   44.474704342   -0.165430356   -0.053726912
   44.503050233   -0.183586769   -0.053597191
   44.531396125   -0.201434693   -0.053504572
   44.559742017   -0.218854644   -0.053441189
   44.588087909   -0.235661875   -0.053400408
   44.616433801   -0.251584427   -0.053376866
   44.644779693   -0.266278147   -0.053366056
   44.673125585   -0.279374992   -0.053363623
   44.701471477   -0.290550270   -0.053364678
   44.729817368   -0.299588275   -0.053363385
   44.758163260   -0.306425757   -0.053353079
   44.786509152   -0.311159036   -0.053326949
   44.814855044   -0.314011289   -0.053279227
   44.843200936   -0.315268495   -0.053206613
   44.871546828   -0.315202083   -0.053109595
   44.899892720   -0.314000614   -0.052993319
   44.928238611   -0.311730472   -0.052867759
   44.956584503   -0.308337232   -0.052747064
   44.984930395   -0.303687412   -0.052648204
   45.013276287   -0.297638352   -0.052589139
   45.041622179   -0.290115435   -0.052586901
   45.069968071   -0.281173420   -0.052655957
   45.098313963   -0.271023076   -0.052807149
   45.126659855   -0.260014362   -0.053047367
   45.155005746   -0.248580214   -0.053379936
   45.183351638   -0.237156783   -0.053805509
   45.211697530   -0.226103243   -0.054323191
   45.240043422   -0.215644826   -0.054931578
   45.268389314   -0.205856201   -0.055629448
   45.296735206   -0.196690551   -0.056415982
   45.325081098   -0.188046013   -0.057290533
   45.353426989   -0.179849518   -0.058252086
   45.381772881   -0.172131953   -0.059298625
   45.410118773   -0.165069891   -0.060426651
   45.438464665   -0.158977743   -0.061630996
   45.466810557   -0.154247802   -0.062905010
   45.495156449   -0.151250564   -0.064241049
   45.523502341   -0.150219772   -0.065631114
   45.551848233   -0.151152390   -0.067067446
   45.580194124   -0.153751473   -0.068542907
   45.608540016   -0.157430087   -0.070051044
   45.636885908   -0.161379579   -0.071585842
   45.665231800   -0.164689533   -0.073141276
   45.693577692   -0.166493839   -0.074710828
   45.721923584   -0.166110833   -0.076287152
   45.750269476   -0.163147026   -0.077862017
   45.778615368   -0.157543028   -0.079426580
   45.806961259   -0.149554315   -0.080971911
   45.835307151   -0.139674792   -0.082489647
   45.863653043   -0.128523693   -0.083972576
   45.891998935   -0.116723219   -0.085414981
   45.920344827   -0.104793938   -0.086812669
   45.948690719   -0.093088108   -0.088162667
   45.977036611   -0.081769831   -0.089462721
   46.005382502   -0.070838703   -0.090710766
   46.033728394   -0.060183672   -0.091904573
   46.062074286   -0.049648562   -0.093041713
   46.090420178   -0.039091040   -0.094119902
   46.118766070   -0.028422049   -0.095137641
   46.147111962   -0.017620687   -0.096094971
   46.175457854   -0.006727632   -0.096994115
   46.203803746    0.004174061   -0.097839743
   46.232149637    0.014980047   -0.098638731
   46.260495529    0.025579026   -0.099399355
   46.288841421    0.035856551   -0.100130073
   46.317187313    0.045690283   -0.100838117
   46.345533205    0.054942970   -0.101528239
   46.373879097    0.063460858   -0.102201902
   46.402224989    0.071083229   -0.102857146
   46.430570880    0.077664107   -0.103489196
   46.458916772    0.083101586   -0.104091696
   46.487262664    0.087365845   -0.104658305
   46.515608556    0.090515462   -0.105184311
   46.543954448    0.092693908   -0.105667891
   46.572300340    0.094103659   -0.106110730
   46.600646232    0.094962467   -0.106517874
   46.628992124    0.095452779   -0.106896864
   46.657338015    0.095678759   -0.107256338
   46.685683907    0.095644434   -0.107604464
   46.714029799    0.095261134   -0.107947512
   46.742375691    0.094383921   -0.108288903
   46.770721583    0.092867563   -0.108628890
   46.799067475    0.090625742   -0.108964900
   46.827413367    0.087674837   -0.109292395
   46.855759259    0.084146949   -0.109606017
   46.884105150    0.080265267   -0.109900707
   46.912451042    0.076286107   -0.110172565
   46.940796934    0.072422907   -0.110419255
   46.969142826    0.068774584   -0.110639939
   46.997488718    0.065281688   -0.110834819
   47.025834610    0.061727756   -0.111004462
   47.054180502    0.057791529   -0.111149148
   47.082526393    0.053141214   -0.111268427
   47.110872285    0.047548724   -0.111361024
   47.139218177    0.040993782   -0.111425122
   47.167564069    0.033727500   -0.111458942
   47.195909961    0.026273235   -0.111461478
   47.224255853    0.019357344   -0.111433192
   47.252601745    0.013780361   -0.111376510
   47.280947637    0.010255293   -0.111295986
   47.309293528    0.009249847   -0.111198111
   47.337639420    0.010870419   -0.111090800
   47.365985312    0.014817089   -0.110982656
   47.394331204    0.020422508   -0.110882173
   47.422677096    0.026767587   -0.110796988
   47.451022988    0.032848337   -0.110733318
   47.479368880    0.037755899   -0.110695625
   47.507714771    0.040828909   -0.110686543
   47.536060663    0.041744685   -0.110707022
   47.564406555    0.040531239   -0.110756652
   47.592752447    0.037501946   -0.110834087
   47.621098339    0.033133429   -0.110937528
   47.649444231    0.027920324   -0.111065192
   47.677790123    0.022244540   -0.111215737
   47.706136015    0.016290904   -0.111388604
   47.734481906    0.010027277   -0.111584219
   47.762827798    0.003249359   -0.111804052
   47.791173690   -0.004326701   -0.112050477
   47.819519582   -0.012952634   -0.112326445
   47.847865474   -0.022749597   -0.112634984
   47.876211366   -0.033649964   -0.112978574
   47.904557258   -0.045393957   -0.113358495
   47.932903150   -0.057579866   -0.113774241
   47.961249041   -0.069751822   -0.114223100
   47.989594933   -0.081499283   -0.114700004
   48.017940825   -0.092540195   -0.115197661
   48.046286717   -0.102765462   -0.115706962
   48.074632609   -0.112233979   -0.116217608
   48.102978501   -0.121121707   -0.116718815
   48.131324393   -0.129640934   -0.117200002
   48.159670284   -0.137953569   -0.117651329
   48.188016176   -0.146103069   -0.118064021
   48.216362068   -0.153983481   -0.118430457
   48.244707960   -0.161353017   -0.118744072
   48.273053852   -0.167886989   -0.118999133
   48.301399744   -0.173254246   -0.119190512
   48.329745636   -0.177195532   -0.119313533
   48.358091528   -0.179582752   -0.119363953
   48.386437419   -0.180444558   -0.119338079
   48.414783311   -0.179953866   -0.119232990
   48.443129203   -0.178383830   -0.119046774
   48.471475095   -0.176047226   -0.118778712
   48.499820987   -0.173237869   -0.118429325
   48.528166879   -0.170190745   -0.118000267
   48.556512771   -0.167070794   -0.117494078
   48.584858662   -0.163990924   -0.116913852
   48.613204554   -0.161050722   -0.116262911
   48.641550446   -0.158381140   -0.115544573
   48.669896338   -0.156178914   -0.114762061
   48.698242230   -0.154717920   -0.113918581
   48.726588122   -0.154331875   -0.113017524
   48.754934014   -0.155371619   -0.112062739
   48.783279906   -0.158147844   -0.111058767
   48.811625797   -0.162874552   -0.110010983
   48.839971689   -0.169628300   -0.108925572
   48.868317581   -0.178333794   -0.107809369
   48.896663473   -0.188778945   -0.106669589
   48.925009365   -0.200654386   -0.105513529
   48.953355257   -0.213606062   -0.104348345
   48.981701149   -0.227286653   -0.103180933
   49.010047041   -0.241392919   -0.102017981
   49.038392932   -0.255681071   -0.100866119
   49.066738824   -0.269959337   -0.099732125
   49.095084716   -0.284063750   -0.098623072
   49.123430608   -0.297827912   -0.097546311
   49.151776500   -0.311058641   -0.096509257
   49.180122392   -0.323526807   -0.095518937
   49.208468284   -0.334977245   -0.094581391
   49.236814175   -0.345155121   -0.093701015
   49.265160067   -0.353840610   -0.092880009
   49.293505959   -0.360880872   -0.092118057
   49.321851851   -0.366209008   -0.091412332
   49.350197743   -0.369843640   -0.090757879
   49.378543635   -0.371868751   -0.090148308
   49.406889527   -0.372399544   -0.089576707
   49.435235419   -0.371544517   -0.089036601
   49.463581310   -0.369375139   -0.088522804
   49.491927202   -0.365912296   -0.088032010
   49.520273094   -0.361133472   -0.087563040
   49.548618986   -0.354998224   -0.087116717
   49.576964878   -0.347483688   -0.086695423
   49.605310770   -0.338618544   -0.086302425
   49.633656662   -0.328504029   -0.085941114
   49.662002553   -0.317314392   -0.085614264
   49.690348445   -0.305275364   -0.085323441
   49.718694337   -0.292626213   -0.085068611
   49.747040229   -0.279576445   -0.084847996
   49.775386121   -0.266270658   -0.084658155
   49.803732013   -0.252773519   -0.084494255
   49.832077905   -0.239081579   -0.084350493
   49.860423797   -0.225161050   -0.084220598
   49.888769688   -0.211002801   -0.084098360
   49.917115580   -0.196679844   -0.083978121
   49.945461472   -0.182390348   -0.083855178
   49.973807364   -0.168471426   -0.083726042
   50.002153256   -0.155375299   -0.083588508
   50.030499148   -0.143608456   -0.083441523
   50.058845040   -0.133643872   -0.083284857
   50.087190932   -0.125823866   -0.083118630
   50.115536823   -0.120274825   -0.082942773
   50.143882715   -0.116853822   -0.082756547
   50.172228607   -0.115141230   -0.082558223
   50.200574499   -0.114484151   -0.082345036
   50.228920391   -0.114084852   -0.082113446
   50.257266283   -0.113118892   -0.081859679
   50.285612175   -0.110861288   -0.081580453
   50.313958066   -0.106797296   -0.081273724
   50.342303958   -0.100697432   -0.080939243
   50.370649850   -0.092643566   -0.080578775
   50.398995742   -0.083002564   -0.080195841
   50.427341634   -0.072354072   -0.079794995
   50.455687526   -0.061387448   -0.079380718
   50.484033418   -0.050787996   -0.078956162
   50.512379310   -0.041133654   -0.078521998
   50.540725201   -0.032820090   -0.078075639
   50.569071093   -0.026025666   -0.077611068
   50.597416985   -0.020719337   -0.077119326
   50.625762877   -0.016706065   -0.076589620
   50.654108769   -0.013697308   -0.076010842
   50.682454661   -0.011390071   -0.075373172
   50.710800553   -0.009537361   -0.074669436
   50.739146444   -0.007995853   -0.073895923
   50.767492336   -0.006742322   -0.073052463
   50.795838228   -0.005857711   -0.072141789
   50.824184120   -0.005485056   -0.071168318
   50.852530012   -0.005773302   -0.070136665
   50.880875904   -0.006822113   -0.069050262
   50.909221796   -0.008642297   -0.067910413
   50.937567688   -0.011142640   -0.066716035
   50.965913579   -0.014147396   -0.065464145
   50.994259471   -0.017440930   -0.064150983
   51.022605363   -0.020828767   -0.062773488
   51.050951255   -0.024199359   -0.061330749
   51.079297147   -0.027569535   -0.059825076
   51.107643039   -0.031099405   -0.058262382
   51.135988931   -0.035069126   -0.056651778
   51.164334823   -0.039818906   -0.055004421
   51.192680714   -0.045663121   -0.053331873
   51.221026606   -0.052796889   -0.051644319
   51.249372498   -0.061217163   -0.049949029
   51.277718390   -0.070678948   -0.048249396
   51.306064282   -0.080700754   -0.046544712
   51.334410174   -0.090623001   -0.044830717
   51.362756066   -0.099711075   -0.043100730
   51.391101957   -0.107283906   -0.041347087
   51.419447849   -0.112841975   -0.039562533
   51.447793741   -0.116167361   -0.037741273
   51.476139633   -0.117373500   -0.035879473
   51.504485525   -0.116892627   -0.033975176
   51.532831417   -0.115402338   -0.032027723
   51.561177309   -0.113705993   -0.030036909
   51.589523201   -0.112591858   -0.028002135
   51.617869092   -0.112700330   -0.025921804
   51.646214984   -0.114426311   -0.023793129
   51.674560876   -0.117875293   -0.021612373
   51.702906768   -0.122879122   -0.019375452
   51.731252660   -0.129063739   -0.017078701
   51.759598552   -0.135949861   -0.014719604
   51.787944444   -0.143061216   -0.012297265
   51.816290335   -0.150014971   -0.009812523
   51.844636227   -0.156575251   -0.007267680
   51.872982119   -0.162661177   -0.004665953
   51.901328011   -0.168312930   -0.002010785
   51.929673903   -0.173629715    0.000694756
   51.958019795   -0.178699552    0.003448363
   51.986365687   -0.183541265    0.006248541
   52.014711579   -0.188073946    0.009094342
   52.043057470   -0.192120259    0.011984877
   52.071403362   -0.195439914    0.014918738
   52.099749254   -0.197781212    0.017893529
   52.128095146   -0.198934140    0.020905605
   52.156441038   -0.198769084    0.023950118
   52.184786930   -0.197250484    0.027021341
   52.213132822   -0.194422879    0.030113187
   52.241478714   -0.190375434    0.033219786
   52.269824605   -0.185197416    0.036335989
   52.298170497   -0.178939589    0.039457689
   52.326516389   -0.171594230    0.042581909
   52.354862281   -0.163100412    0.045706693
   52.383208173   -0.153373076    0.048830868
   52.411554065   -0.142346850    0.051953798
   52.439899957   -0.130020756    0.055075218
   52.468245848   -0.116489469    0.058195237
   52.496591740   -0.101950672    0.061314492
   52.524937632   -0.086685300    0.064434418
   52.553283524   -0.071015706    0.067557545
   52.581629416   -0.055253764    0.070687694
   52.609975308   -0.039654249    0.073830015
   52.638321200   -0.024387652    0.076990801
   52.666667092   -0.009541063    0.080177091
   52.695012983    0.004852579    0.083396155
   52.723358875    0.018765146    0.086654930
   52.751704767    0.032118618    0.089959535
   52.780050659    0.044741996    0.093314941
   52.808396551    0.056354128    0.096724840
   52.836742443    0.066579884    0.100191689
   52.865088335    0.074997871    0.103716884
   52.893434226    0.081208953    0.107300972
   52.921780118    0.084908759    0.110943821
   52.950126010    0.085945887    0.114644701
   52.978471902    0.084351120    0.118402244
   53.006817794    0.080330611    0.122214334
   53.035163686    0.074225603    0.126077971
   53.063509578    0.066449993    0.129989183
   53.091855470    0.057422557    0.133943049
   53.120201361    0.047511355    0.137933847
   53.148547253    0.037003588    0.141955323
   53.176893145    0.026106275    0.146001015
   53.205239037    0.014973929    0.150064568
   53.233584929    0.003751574    0.154139966
   53.261930821   -0.007382744    0.158221626
   53.290276713   -0.018191109    0.162304356
   53.318622605   -0.028374471    0.166383209
   53.346968496   -0.037598623    0.170453285
   53.375314388   -0.045540349    0.174509576
   53.403660280   -0.051940053    0.178546916
   53.432006172   -0.056644745    0.182560052
   53.460352064   -0.059627726    0.186543859
   53.488697956   -0.060978011    0.190493607
   53.517043848   -0.060861542    0.194405241
   53.545389739   -0.059464769    0.198275563
   53.573735631   -0.056936780    0.202102269
   53.602081523   -0.053346992    0.205883831
   53.630427415   -0.048671162    0.209619240
   53.658773307   -0.042810290    0.213307710
   53.687119199   -0.035637202    0.216948420
   53.715465091   -0.027057105    0.220540412
   53.743810983   -0.017063761    0.224082691
   53.772156874   -0.005773616    0.227574537
   53.800502766    0.006573787    0.231015978
   53.828848658    0.019651090    0.234408307
   53.857194550    0.033105423    0.237754506
   53.885540442    0.046630504    0.241059440
   53.913886334    0.060027542    0.244329726
   53.942232226    0.073236092    0.247573242
   53.970578117    0.086323896    0.250798318
   53.998924009    0.099436144    0.254012745
   54.027269901    0.112716568    0.257222750
   54.055615793    0.126221828    0.260432142
   54.083961685    0.139854182    0.263641785
   54.112307577    0.153334133    0.266849512
   54.140653469    0.166225278    0.270050490
   54.168999361    0.178010192    0.273238008
   54.197345252    0.188202393    0.276404521
   54.225691144    0.196468849    0.279542799
   54.254037036    0.202733017    0.282646965
   54.282382928    0.207231497    0.285713278
   54.310728820    0.210507317    0.288740529
   54.339074712    0.213337440    0.291730025
   54.367420604    0.216607546    0.294685193
   54.395766496    0.221159834    0.297610915
   54.424112387    0.227646147    0.300512732
   54.452458279    0.236417737    0.303396078
   54.480804171    0.247474586    0.306265682
   54.509150063    0.260483563    0.309125225
   54.537495955    0.274859233    0.311977281
   54.565841847    0.289887492    0.314823521
   54.594187739    0.304863720    0.317665085
   54.622533630    0.319215493    0.320503023
   54.650879522    0.332585313    0.323338669
   54.679225414    0.344859539    0.326173872
   54.707571306    0.356142931    0.329011021
   54.735917198    0.366690606    0.331852868
   54.764263090    0.376817808    0.334702211
   54.792608982    0.386810946    0.337561518
   54.820954874    0.396860482    0.340432626
   54.849300765    0.407028709    0.343316591
   54.877646657    0.417255449    0.346213761
   54.905992549    0.427394966    0.349124078
   54.934338441    0.437270363    0.352047541
   54.962684333    0.446728918    0.354984728
   54.991030225    0.455683541    0.357937240
   55.019376117    0.464130941    0.360907916
   55.047722008    0.472144373    0.363900751
   55.076067900    0.479845912    0.366920457
   55.104413792    0.487368233    0.369971743
   55.132759684    0.494817644    0.373058428
   55.161105576    0.502248551    0.376182569
   55.189451468    0.509655313    0.379343805
   55.217797360    0.516981980    0.382539068
   55.246143252    0.524145362    0.385762780
   55.274489143    0.531063547    0.389007509
   55.302835035    0.537681220    0.392265003
   55.331180927    0.543984838    0.395527416
   55.359526819    0.550004237    0.398788486
   55.387872711    0.555801453    0.402044444
   55.416218603    0.561451130    0.405294493
   55.444564495    0.567018903    0.408540756
   55.472910387    0.572544219    0.411787736
   55.501256278    0.578032210    0.415041407
   55.529602170    0.583456220    0.418308145
   55.557948062    0.588769408    0.421593705
   55.586293954    0.593921283    0.424902457
   55.614639846    0.598873975    0.428236988
   55.642985738    0.603613483    0.431598110
   55.671331630    0.608153008    0.434985212
   55.699677521    0.612527987    0.438396801
   55.728023413    0.616784917    0.441831089
   55.756369305    0.620967710    0.445286448
   55.784715197    0.625105769    0.448761632
   55.813061089    0.629207183    0.452255733
   55.841406981    0.633258660    0.455767932
   55.869752873    0.637231748    0.459297109
   55.898098765    0.641093078    0.462841492
   55.926444656    0.644815312    0.466398404
   55.954790548    0.648385533    0.469964225
   55.983136440    0.651808779    0.473534544
   56.011482332    0.655106003    0.477104461
   56.039828224    0.658307448    0.480668944
   56.068174116    0.661443700    0.484223134
   56.096520008    0.664537211    0.487762516
   56.124865900    0.667596780    0.491282923
   56.153211791    0.670616409    0.494780390
   56.181557683    0.673578600    0.498250931
   56.209903575    0.676460822    0.501690334
   56.238249467    0.679243034    0.505094060
   56.266595359    0.681913980    0.508457314
   56.294941251    0.684474467    0.511775277
   56.323287143    0.686936864    0.515043467
   56.351633034    0.689321203    0.518258131
   56.379978926    0.691649263    0.521416555
   56.408324818    0.693938493    0.524517231
   56.436670710    0.696197592    0.527559821
   56.465016602    0.698424942    0.530544944
   56.493362494    0.700610163    0.533473856
   56.521708386    0.702738149    0.536348139
   56.550054278    0.704794236    0.539169482
   56.578400169    0.706768906    0.541939664
   56.606746061    0.708660679    0.544660731
   56.635091953    0.710476456    0.547335345
   56.663437845    0.712229372    0.549967200
   56.691783737    0.713934944    0.552561378
   56.720129629    0.715606759    0.555124530
   56.748475521    0.717252979    0.557664800
   56.776821412    0.718874652    0.560191470
   56.805167304    0.720466192    0.562714399
   56.833513196    0.722017766    0.565243330
   56.861859088    0.723518762    0.567787240
   56.890204980    0.724961263    0.570353827
   56.918550872    0.726342512    0.572949245
   56.946896764    0.727665728    0.575578084
   56.975242656    0.728939118    0.578243567
   57.003588547    0.730173508    0.580947858
   57.031934439    0.731379350    0.583692373
   57.060280331    0.732564021    0.586477973
   57.088626223    0.733730162    0.589305009
   57.116972115    0.734875483    0.592173185
   57.145318007    0.735993990    0.595081335
   57.173663899    0.737078191    0.598027183
   57.202009791    0.738121594    0.601007201
   57.230355682    0.739120756    0.604016649
   57.258701574    0.740076339    0.607049811
   57.287047466    0.740992916    0.610100392
   57.315393358    0.741877688    0.613162002
   57.343739250    0.742738509    0.616228589
   57.372085142    0.743581853    0.619294733
   57.400431034    0.744411277    0.622355724
   57.428776925    0.745226794    0.625407420
   57.457122817    0.746025268    0.628445939
   57.485468709    0.746801672    0.631467309
   57.513814601    0.747550791    0.634467173
   57.542160493    0.748268880    0.637440684
   57.570506385    0.748954822    0.640382627
   57.598852277    0.749610480    0.643287748
   57.627198169    0.750240211    0.646151220
   57.655544060    0.750849700    0.648969113
   57.683889952    0.751444493    0.651738724
   57.712235844    0.752028624    0.654458671
   57.740581736    0.752603728    0.657128726
   57.768927628    0.753168842    0.659749400
   57.797273520    0.753720925    0.662321427
   57.825619412    0.754255923    0.664845271
   57.853965303    0.754770058    0.667320843
   57.882311195    0.755260998    0.669747499
   57.910657087    0.755728580    0.672124372
   57.939002979    0.756174916    0.674450949
   57.967348871    0.756603868    0.676727761
   57.995694763    0.757020066    0.678956966
   58.024040655    0.757427725    0.681142656
   58.052386547    0.757829615    0.683290739
   58.080732438    0.758226433    0.685408361
   58.109078330    0.758616766    0.687502951
   58.137424222    0.758997619    0.689581048
   58.165770114    0.759365375    0.691647166
   58.194116006    0.759716908    0.693702931
   58.222461898    0.760050547    0.695746679
   58.250807790    0.760366624    0.697773637
   58.279153682    0.760667463    0.699776632
   58.307499573    0.760956801    0.701747214
   58.335845465    0.761238826    0.703676958
   58.364191357    0.761517076    0.705558690
   58.392537249    0.761793525    0.707387409
   58.420883141    0.762068104    0.709160748
   58.449229033    0.762338797    0.710878927
   58.477574925    0.762602289    0.712544255
   58.505920816    0.762854987    0.714160338
   58.534266708    0.763094117    0.715731181
   58.562612600    0.763318603    0.717260395
   58.590958492    0.763529454    0.718750657
   58.619304384    0.763729554    0.720203500
   58.647650276    0.763922904    0.721619423
   58.675996168    0.764113534    0.722998246
   58.704342060    0.764304391    0.724339574
   58.732687951    0.764496531    0.725643233
   58.761033843    0.764688848    0.726909576
   58.789379735    0.764878440    0.728139585
   58.817725627    0.765061495    0.729334783
   58.846071519    0.765234460    0.730496992
   58.874417411    0.765395140    0.731628038
   58.902763303    0.765543416    0.732729485
   58.931109194    0.765681343    0.733802460
   58.959455086    0.765812619    0.734847628
   58.987800978    0.765941545    0.735865284
   59.016146870    0.766071801    0.736855538
   59.044492762    0.766205389    0.737818524
   59.072838654    0.766342058    0.738754569
   59.101184546    0.766479400    0.739664287
   59.129530438    0.766613582    0.740548569
   59.157876329    0.766740522    0.741408489
   59.186222221    0.766857140    0.742245159
   59.214568113    0.766962332    0.743059589
   59.242914005    0.767057353    0.743852573
   59.271259897    0.767145501    0.744624656
   59.299605789    0.767231176    0.745376166
   59.327951681    0.767318603    0.746107299
   59.356297573    0.767410586    0.746818238
   59.384643464    0.767507682    0.747509255
   59.412989356    0.767608040    0.748180770
   59.441335248    0.767707963    0.748833369
   59.469681140    0.767803035    0.749467751
   59.498027032    0.767889476    0.750084660
   59.526372924    0.767965315    0.750684791
   59.554718816    0.768031027    0.751268725
   59.583064707    0.768089439    0.751836895
   59.611410599    0.768144915    0.752389597
   59.639756491    0.768202074    0.752927036
   59.668102383    0.768264412    0.753449393
   59.696448275    0.768333251    0.753956888
   59.724794167    0.768407344    0.754449825
   59.753140059    0.768483245    0.754928608
   59.781485951    0.768556361    0.755393719
   59.809831842    0.768622352    0.755845676
   59.838177734    0.768678473    0.756284976
   59.866523626    0.768724440    0.756712058
   59.894869518    0.768762555    0.757127270
   59.923215410    0.768797042    0.757530873
   59.951561302    0.768832797    0.757923061
   59.979907194    0.768873914    0.758304005
   60.008253085    0.768922445    0.758673890
   60.036598977    0.768977775    0.759032946
   60.064944869    0.769036798    0.759381462
   60.093290761    0.769094856    0.759719779
   60.121636653    0.769147162    0.760048264
   60.149982545    0.769190275    0.760367281
   60.178328437    0.769223172    0.760677162
   60.206674329    0.769247593    0.760978188
   60.235020220    0.769267549    0.761270582
   60.263366112    0.769288120    0.761554525
   60.291712004    0.769313924    0.761830172
   60.320057896    0.769347710    0.762097678
   60.348403788    0.769389508    0.762357221
   60.376749680    0.769436610    0.762609008
   60.405095572    0.769484380    0.762853279
   60.433441464    0.769527674    0.763090292
   60.461787355    0.769562415    0.763320310
   60.490133247    0.769586868    0.763543581
   60.518479139    0.769602198    0.763760326
   60.546825031    0.769612144    0.763970734
   60.575170923    0.769621905    0.764174963
   60.603516815    0.769636561    0.764373151
   60.631862707    0.769659516    0.764565429
   60.660208598    0.769691448    0.764751932
   60.688554490    0.769730078    0.764932807
   60.716900382    0.769770857    0.765108218
   60.745246274    0.769808350    0.765278340
   60.773592166    0.769837906    0.765443357
   60.801938058    0.769857110    0.765603448
   60.830283950    0.769866546    0.765758783
   60.858629842    0.769869654    0.765909516
   60.886975733    0.769871695    0.766055784
   60.915321625    0.769878154    0.766197708
   60.943667517    0.769893049    0.766335397
   60.972013409    0.769917687    0.766468955
   61.000359301    0.769950238    0.766598485
   61.028705193    0.769986279    0.766724092
   61.057051085    0.770020143    0.766845890
   61.085396976    0.770046666    0.766963998
   61.113742868    0.770062789    0.767078541
   61.142088760    0.770068533    0.767189644
   61.170434652    0.770067017    0.767297432
   61.198780544    0.770063525    0.767402023
   61.227126436    0.770063891    0.767503522
   61.255472328    0.770072698    0.767602024
   61.283818220    0.770091853    0.767697610
   61.312164111    0.770119973    0.767790349
   61.340510003    0.770152794    0.767880306
   61.368855895    0.770184471    0.767967546
   61.397201787    0.770209382    0.768052139
   61.425547679    0.770223880    0.768134165
   61.453893571    0.770227444    0.768213715
   61.482239463    0.770222867    0.768290888
   61.510585355    0.770215416    0.768365785
   61.538931246    0.770211220    0.768438501
   61.567277138    0.770215369    0.768509120
   61.595623030    0.770230328    0.768577708
   61.623968922    0.770255154    0.768644311
   61.652314814    0.770285761    0.768708965
   61.680660706    0.770316179    0.768771697
   61.709006598    0.770340394    0.768832541
   61.737352489    0.770354227    0.768891541
   61.765698381    0.770356650    0.768948760
   61.794044273    0.770350126    0.769004275
   61.822390165    0.770339872    0.769058174
   61.850736057    0.770332249    0.769110546
   61.879081949    0.770332790    0.769161467
   61.907427841    0.770344471    0.769210993
   61.935773733    0.770366767    0.769259158
   61.964119624    0.770395797    0.769305974
   61.992465516    0.770425515    0.769351443
   62.020811408    0.770449589    0.769395570
   62.049157300    0.770463370    0.769438371
   62.077503192    0.770465361    0.769479884
   62.105849084    0.770457697    0.769520172
   62.134194976    0.770445504    0.769559312
   62.162540867    0.770435313    0.769597387
   62.190886759    0.770433026    0.769634469
   62.219232651    0.770442076    0.769670611
   62.247578543    0.770462340    0.769705836
   62.275924435    0.770490164    0.769740144
   62.304270327    0.770519487    0.769773518
   62.332616219    0.770543729    0.769805939
   62.360962111    0.770557841    0.769837402
   62.389308002    0.770559896    0.769867926
   62.417653894    0.770551699    0.769897561
   62.445999786    0.770538241    0.769926375
   62.474345678    0.770526149    0.769954447
   62.502691570    0.770521624    0.769981850
   62.531037462    0.770528501    0.770008633
   62.559383354    0.770547043    0.770034817
   62.587729246    0.770573848    0.770060392
   62.616075137    0.770602906    0.770085326
   62.644421029    0.770627465    0.770109586
   62.672766921    0.770642146    0.770133147
   62.701112813    0.770644626    0.770156015
   62.729458705    0.770636369    0.770178226
   62.757804597    0.770622184    0.770199842
   62.786150489    0.770608721    0.770220942
   62.814496380    0.770602403    0.770241597
   62.842842272    0.770607418    0.770261859
   62.871188164    0.770624405    0.770281745
   62.899534056    0.770650249    0.770301242
   62.927879948    0.770679054    0.770320307
   62.956225840    0.770703979    0.770338895
   62.984571732    0.770719375    0.770356968
   63.012917624    0.770722551    0.770374519
   63.041263515    0.770714618    0.770391573
   63.069609407    0.770700145    0.770408188
   63.097955299    0.770685732    0.770424440
   63.126301191    0.770677954    0.770440403
   63.154647083    0.770681306    0.770456131
   63.182992975    0.770696802    0.770471641
   63.211338867    0.770721655    0.770486917
   63.239684758    0.770750153    0.770501913
   63.268030650    0.770775437    0.770516570
   63.296376542    0.770791646    0.770530843
   63.324722434    0.770795741    0.770544711
   63.353068326    0.770788455    0.770558194
   63.381414218    0.770774060    0.770571343
   63.409760110    0.770759034    0.770584234
   63.438106002    0.770750040    0.770596941
   63.466451893    0.770751848    0.770609522
   63.494797785    0.770765850    0.770621998
   63.523143677    0.770789635    0.770634350
   63.551489569    0.770817740    0.770646528
   63.579835461    0.770843356    0.770658469
   63.608181353    0.770860455    0.770670118
   63.636527245    0.770865659    0.770681444
   63.664873137    0.770859294    0.770692460
   63.693219028    0.770845278    0.770703214
   63.721564920    0.770829899    0.770713778
   63.749910812    0.770819856    0.770724231
   63.778256704    0.770820170    0.770734632
   63.806602596    0.770832631    0.770745005
   63.834948488    0.770855245    0.770755333
   63.863294380    0.770882862    0.770765565
   63.891640271    0.770908781    0.770775633
   63.919986163    0.770926838    0.770785474
   63.948332055    0.770933316    0.770795051
   63.976677947    0.770928101    0.770804369
   64.005023839    0.770914702    0.770813471
   64.033369731    0.770899162    0.770822428
   64.061715623    0.770888174    0.770831321
   64.090061515    0.770887003    0.770840213
   64.118407406    0.770897853    0.770849130
   64.146753298    0.770919195    0.770858060
   64.175099190    0.770946243    0.770866950
   64.203445082    0.770972447    0.770875728
   64.231790974    0.770991530    0.770884328
   64.260136866    0.770999426    0.770892705
   64.288482758    0.770995545    0.770900857
   64.316828649    0.770982944    0.770908824
   64.345174541    0.770967375    0.770916674
   64.373520433    0.770955500    0.770924490
   64.401866325    0.770952824    0.770932337
   64.430212217    0.770961994    0.770940247
   64.458558109    0.770981979    0.770948209
   64.486904001    0.771008402    0.770956174
   64.515249893    0.771034892    0.770964068
   64.543595784    0.771055065    0.770971817
   64.571941676    0.771064494    0.770979375
   64.600287568    0.771062085    0.770986731
   64.628633460    0.771050403    0.770993920
   64.656979352    0.771034885    0.771001010
   64.685325244    0.771022146    0.771008082
   64.713671136    0.771017939    0.771015205
   64.742017028    0.771025372    0.771022417
   64.770362919    0.771043947    0.771029710
   64.798708811    0.771069718    0.771037037
   64.827054703    0.771096508    0.771044324
   64.855400595    0.771117826    0.771051495
   64.883746487    0.771128871    0.771058495
   64.912092379    0.771128019    0.771065309
   64.940438271    0.771117325    0.771071968
   64.968784162    0.771101894    0.771078536
   64.997130054    0.771088295    0.771085095
   65.025475946    0.771082539    0.771091717
   65.053821838    0.771088210    0.771098444
   65.082167730    0.771105358    0.771105274
   65.110513622    0.771130478    0.771112160
   65.138859514    0.771157592    0.771119032
   65.167205406    0.771180094    0.771125809
   65.195551297    0.771192795    0.771132432
   65.223897189    0.771193533    0.771138882
   65.252243081    0.771183849    0.771145182
   65.280588973    0.771168513    0.771151393
   65.308934865    0.771154057    0.771157599
   65.337280757    0.771146755    0.771163872
   65.365626649    0.771150675    0.771170260
   65.393972540    0.771166416    0.771176766
   65.422318432    0.771190912    0.771183348
   65.450664324    0.771218371    0.771189936
   65.479010216    0.771242066    0.771196447
   65.507356108    0.771256419    0.771202819
   65.535702000    0.771258733    0.771209025
   65.564047892    0.771250039    0.771215083
   65.592393784    0.771234791    0.771221052
   65.620739675    0.771219492    0.771227012
   65.649085567    0.771210680    0.771233042
   65.677431459    0.771212903    0.771239192
   65.705777351    0.771227291    0.771245471
   65.734123243    0.771251200    0.771251841
   65.762469135    0.771279012    0.771258234
   65.790815027    0.771303875    0.771264567
   65.819160919    0.771319826    0.771270773
   65.847506810    0.771323655    0.771276818
   65.875852702    0.771315910    0.771282715
   65.904198594    0.771300744    0.771288520
   65.932544486    0.771284639    0.771294311
   65.960890378    0.771274395    0.771300169
   65.989236270    0.771275012    0.771306150
   66.017582162    0.771288128    0.771312267
   66.045928053    0.771311489    0.771318489
   66.074273945    0.771339636    0.771324749
   66.102619837    0.771365597    0.771330964
   66.130965729    0.771383049    0.771337061
   66.159311621    0.771388299    0.771343002
   66.187657513    0.771381448    0.771348795
   66.216003405    0.771366373    0.771354488
   66.244349297    0.771349537    0.771360162
   66.272695188    0.771337978    0.771365898
   66.301041080    0.771337117    0.771371756
   66.329386972    0.771349051    0.771377757
   66.357732864    0.771371889    0.771383874
   66.386078756    0.771400320    0.771390043
   66.414424648    0.771427265    0.771396180
   66.442770540    0.771446079    0.771402208
   66.471116431    0.771452637    0.771408085
   66.499462323    0.771446630    0.771413810
   66.527808215    0.771431682    0.771419430
   66.556154107    0.771414228    0.771425022
   66.584499999    0.771401512    0.771430669
   66.612845891    0.771399320    0.771436437
   66.641191783    0.771410162    0.771442353
   66.669537675    0.771432476    0.771448395
   66.697883566    0.771461098    0.771454501
   66.726229458    0.771488872    0.771460587
   66.754575350    0.771508883    0.771466574
   66.782921242    0.771516628    0.771472412
   66.811267134    0.771511435    0.771478096
   66.839613026    0.771496687    0.771483667
   66.867958918    0.771478769    0.771489201
   66.896304810    0.771465082    0.771494784
   66.924650701    0.771461715    0.771500485
   66.952996593    0.771471539    0.771506337
   66.981342485    0.771493293    0.771512323
   67.009688377    0.771521971    0.771518386
   67.038034269    0.771550384    0.771524440
   67.066380161    0.771571411    0.771530403
   67.094726053    0.771580234    0.771536221
   67.123071944    0.771575857    0.771541881
   67.151417836    0.771561421    0.771547421
   67.179763728    0.771543229    0.771552914
   67.208109620    0.771528774    0.771558449
   67.236455512    0.771524382    0.771564098
   67.264801404    0.771533231    0.771569901
   67.293147296    0.771554348    0.771575846
   67.321493188    0.771582909    0.771581877
   67.349839079    0.771611749    0.771587912
   67.378184971    0.771633614    0.771593863
   67.406530863    0.771643431    0.771599672
   67.434876755    0.771639908    0.771605320
   67.463222647    0.771625936    0.771610841
   67.491568539    0.771607685    0.771616306
   67.519914431    0.771592666    0.771621804
   67.548260322    0.771587376    0.771627413
   67.576606214    0.771595256    0.771633177
   67.604952106    0.771615618    0.771639090
   67.633297998    0.771643859    0.771645099
   67.661643890    0.771672908    0.771651121
   67.689989782    0.771695449    0.771657068
   67.718335674    0.771706212    0.771662875
   67.746681566    0.771703625    0.771668519
   67.775027457    0.771690302    0.771674029
   67.803373349    0.771672216    0.771679474
   67.831719241    0.771656825    0.771684945
   67.860065133    0.771650728    0.771690522
   67.888411025    0.771657602    0.771696254
   67.916756917    0.771677054    0.771702141
   67.945102809    0.771704756    0.771708133
   67.973448701    0.771733805    0.771714148
   68.001794592    0.771756893    0.771720095
   68.030140484    0.771768597    0.771725905
   68.058486376    0.771767067    0.771731551
   68.086832268    0.771754597    0.771737056
   68.115178160    0.771736898    0.771742488
   68.143524052    0.771721295    0.771747937
   68.171869944    0.771714438    0.771753489
   68.200215835    0.771720225    0.771759195
   68.228561727    0.771738587    0.771765060
   68.256907619    0.771765531    0.771771038
   68.285253511    0.771794397    0.771777047
   68.313599403    0.771817948    0.771782997
   68.341945295    0.771830634    0.771788813
   68.370291187    0.771830312    0.771794464
   68.398637079    0.771818905    0.771799968
   68.426982970    0.771801788    0.771805393
   68.455328862    0.771786091    0.771810826
   68.483674754    0.771778476    0.771816356
   68.512020646    0.771783058    0.771822040
   68.540366538    0.771800138    0.771827885
   68.568712430    0.771826123    0.771833851
   68.597058322    0.771854664    0.771839856
   68.625404213    0.771878643    0.771845809
   68.653750105    0.771892391    0.771851633
   68.682095997    0.771893446    0.771857291
   68.710441889    0.771883300    0.771862799
   68.738787781    0.771866924    0.771868220
   68.767133673    0.771851200    0.771873642
   68.795479565    0.771842780    0.771879154
   68.823825457    0.771846017    0.771884818
   68.852171348    0.771861630    0.771890645
   68.880517240    0.771886490    0.771896599
   68.908863132    0.771914616    0.771902600
   68.937209024    0.771939036    0.771908556
   68.965554916    0.771953959    0.771914388
   68.993900808    0.771956558    0.771920056
   69.022246700    0.771947841    0.771925571
   69.050592592    0.771932314    0.771930991
   69.078938483    0.771916577    0.771936406
   69.107284375    0.771907269    0.771941904
   69.135630267    0.771909013    0.771947549
   69.163976159    0.771922997    0.771953359
   69.192322051    0.771946615    0.771959299
   69.220667943    0.771974290    0.771965295
   69.249013835    0.771999209    0.771971254
   69.277359726    0.772015433    0.771977095
   69.305705618    0.772019729    0.771982775
   69.334051510    0.772012560    0.771988299
   69.362397402    0.771997933    0.771993723
   69.390743294    0.771982147    0.771999132
   69.419089186    0.771971845    0.772004618
   69.447435078    0.771971959    0.772010246
   69.475780970    0.771984196    0.772016038
   69.504126861    0.772006512    0.772021964
   69.532472753    0.772033756    0.772027953
   69.560818645    0.772059262    0.772033915
   69.589164537    0.772076912    0.772039765
   69.617510429    0.772083017    0.772045458
   69.645856321    0.772077461    0.772050994
   69.674202213    0.772063725    0.772056424
   69.702548104    0.772047815    0.772061832
   69.730893996    0.772036406    0.772067306
   69.759239888    0.772034784    0.772072917
   69.787585780    0.772045210    0.772078690
   69.815931672    0.772066227    0.772084601
   69.844277564    0.772093106    0.772090583
   69.872623456    0.772119303    0.772096545
   69.900969348    0.772138479    0.772102406
   69.929315239    0.772146456    0.772108113
   69.957661131    0.772142511    0.772113664
   69.986007023    0.772129604    0.772119103
   70.014352915    0.772113472    0.772124510
   70.042698807    0.772100860    0.772129975
   70.071044699    0.772097441    0.772135569
   70.099390591    0.772106058    0.772141322
   70.127736483    0.772125837    0.772147216
   70.156082374    0.772152449    0.772153188
   70.184428266    0.772179435    0.772159151
   70.212774158    0.772200197    0.772165022
   70.241120050    0.772210043    0.772170746
   70.269465942    0.772207646    0.772176314
   70.297811834    0.772195466    0.772181764
   70.326157726    0.772179010    0.772187174
   70.354503617    0.772165131    0.772192629
   70.382849509    0.772159917    0.772198205
   70.411195401    0.772166792    0.772203937
   70.439541293    0.772185444    0.772209811
   70.467887185    0.772211901    0.772215773
   70.496233077    0.772239746    0.772221736
   70.524578969    0.772262097    0.772227619
   70.552924861    0.772273742    0.772233361
   70.581270752    0.772272772    0.772238948
   70.609616644    0.772261195    0.772244412
   70.637962536    0.772244329    0.772249824
   70.666308428    0.772229173    0.772255271
   70.694654320    0.772222235    0.772260827
   70.723000212    0.772227497    0.772266536
   70.751346104    0.772245163    0.772272390
   70.779691995    0.772271569    0.772278339
   70.808037887    0.772300299    0.772284304
   70.836383779    0.772324172    0.772290199
   70.864729671    0.772337480    0.772295962
   70.893075563    0.772337778    0.772301570
   70.921421455    0.772326675    0.772307049
   70.949767347    0.772309353    0.772312464
   70.978113239    0.772292975    0.772317901
   71.006459130    0.772284452    0.772323437
   71.034805022    0.772288280    0.772329120
   71.063150914    0.772305115    0.772334952
   71.091496806    0.772331544    0.772340889
   71.119842698    0.772361122    0.772346855
   71.148188590    0.772386381    0.772352764
   71.176534482    0.772401157    0.772358550
   71.204880374    0.772402541    0.772364181
   71.233226265    0.772391806    0.772369677
   71.261572157    0.772374039    0.772375096
   71.289918049    0.772356566    0.772380522
   71.318263941    0.772346661    0.772386035
   71.346609833    0.772349263    0.772391690
   71.374955725    0.772365410    0.772397498
   71.403301617    0.772391884    0.772403422
   71.431647508    0.772422203    0.772409390
   71.459993400    0.772448642    0.772415317
   71.488339292    0.772464655    0.772421128
   71.516685184    0.772466944    0.772426786
   71.545031076    0.772456515    0.772432300
   71.573376968    0.772438382    0.772437722
   71.601722860    0.772420011    0.772443134
   71.630068752    0.772408975    0.772448621
   71.658414643    0.772410570    0.772454245
   71.686760535    0.772426135    0.772460026
   71.715106427    0.772452612    0.772465937
   71.743452319    0.772483491    0.772471910
   71.771798211    0.772510850    0.772477858
   71.800144103    0.772527848    0.772483701
   71.828489995    0.772530888    0.772489389
   71.856835886    0.772520763    0.772494922
   71.885181778    0.772502419    0.772500345
   71.913527670    0.772483411    0.772505739
   71.941873562    0.772471523    0.772511192
   71.970219454    0.772472310    0.772516777
   71.998565346    0.772487345    0.772522528
   72.026911238    0.772513706    0.772528426
   72.055257130    0.772544894    0.772534410
   72.083603021    0.772572876    0.772540390
   72.111948913    0.772590616    0.772546277
   72.140294805    0.772594303    0.772552007
   72.168640697    0.772584554    0.772557564
   72.196986589    0.772566228    0.772562983
   72.225332481    0.772546890    0.772568341
   72.253678373    0.772534430    0.772573735
   72.282024265    0.772534568    0.772579256
   72.310370156    0.772549052    0.772584959
   72.338716048    0.772575104    0.772590847
   72.367061940    0.772606297    0.772596868
   72.395407832    0.772634589    0.772602932
   72.423753724    0.772652860    0.772608927
   72.452099616    0.772657158    0.772614755
   72.480445508    0.772647939    0.772620357
   72.508791399    0.772629920    0.772625728
   72.537137291    0.772610583    0.772630924
   72.565483183    0.772597809    0.772636059
   72.593829075    0.772597393    0.772641284
   72.622174967    0.772611225    0.772646777
   72.650520859    0.772636701    0.772652720
   72.678866751    0.772667560    0.772659299
   72.707212643    0.772695867    0.772666697
   72.735558534    0.772714516    0.772675099
   72.763904426    0.772719469    0.772684695
   72.792250318    0.772711007    0.772695679
   72.820596210    0.772693631    0.772708245
   72.848942102    0.772674622    0.772722568
   72.877287994    0.772661742    0.772738789
   72.905633886    0.772660788    0.772756996
   72.933979777    0.772673785    0.772777215
   72.962325669    0.772698367    0.772799411
   72.990671561    0.772728544    0.772823505
   73.019017453    0.772756609    0.772849396
   73.047363345    0.772775560    0.772876993
   73.075709237    0.772781298    0.772906238
   73.104055129    0.772773886    0.772937125
   73.132401021    0.772757508    0.772969698
   73.160746912    0.772739124    0.773004040
   73.189092804    0.772726273    0.773040243
   73.217438696    0.772724709    0.773078385
   73.245784588    0.772736615    0.773118502
   73.274130480    0.772759949    0.773160580
   73.302476372    0.772789118    0.773204557
   73.330822264    0.772816751    0.773250345
   73.359168156    0.772836017    0.773297855
   73.387514047    0.772842751    0.773347025
   73.415859939    0.772836728    0.773397839
   73.444205831    0.772821696    0.773450334
   73.472551723    0.772804175    0.773504586
   73.500897615    0.772791400    0.773560688
   73.529243507    0.772789064    0.773618720
   73.557589399    0.772799565    0.773678727
   73.585935290    0.772821294    0.773740700
   73.614281182    0.772849174    0.773804582
   73.642627074    0.772876270    0.773870286
   73.670972966    0.772895958    0.773937720
   73.699318858    0.772903970    0.774006816
   73.727664750    0.772899695    0.774077554
   73.756010642    0.772886322    0.774149965
   73.784356534    0.772869823    0.774224122
   73.812702425    0.772857073    0.774300120
   73.841048317    0.772853723    0.774378044
   73.869394209    0.772862468    0.774457943
   73.897740101    0.772882254    0.774539813
   73.926085993    0.772908638    0.774623601
   73.954431885    0.772935192    0.774709220
   73.982777777    0.772955499    0.774796576
   74.011123668    0.772965123    0.774885596
   74.039469560    0.772962948    0.774976256
   74.067815452    0.772951487    0.775068582
   74.096161344    0.772936072    0.775162646
   74.124507236    0.772923198    0.775258544
   74.152853128    0.772918524    0.775356363
   74.181199020    0.772925152    0.775456155
   74.209544912    0.772942705    0.775557922
   74.237890803    0.772967476    0.775661614
   74.266236695    0.772993585    0.775767145
   74.294582587    0.773014789    0.775874419
   74.322928479    0.773026388    0.775983362
   74.351274371    0.773026637    0.776093943
   74.379620263    0.773017257    0.776206186
   74.407966155    0.773002884    0.776320161
   74.436312047    0.772989645    0.776435962
   74.464657938    0.772983290    0.776553678
   74.493003830    0.772987449    0.776673364
   74.521349722    0.773002547    0.776795027
   74.549695614    0.773025687    0.776918621
   74.578041506    0.773051548    0.777044059
   74.606387398    0.773073995    0.777171249
   74.634733290    0.773087944    0.777300112
   74.663079181    0.773090893    0.777430616
   74.691425073    0.773083675    0.777562779
   74.719770965    0.773070198    0.777696669
   74.748116857    0.773056271    0.777832376
   74.776462749    0.773047841    0.777969991
   74.804808641    0.773049202    0.778109571
   74.833154533    0.773061692    0.778251128
   74.861500425    0.773083285    0.778394618
   74.889846316    0.773109188    0.778539961
   74.918192208    0.773133284    0.778687063
   74.946538100    0.773149967    0.778835847
   74.974883992    0.773155847    0.778986275
   75.003229884    0.773150786    0.779138363
   75.031575776    0.773137965    0.779292171
   75.059921668    0.773122943    0.779447788
   75.088267559    0.773112000    0.779605303
   75.116613451    0.773110240    0.779764776
   75.144959343    0.773120026    0.779926222
   75.173305235    0.773140239    0.780089604
   75.201651127    0.773166574    0.780254847
   75.229997019    0.773192803    0.780421860
   75.258342911    0.773212649    0.780590565
   75.286688803    0.773221689    0.780760922
   75.315034694    0.773218731    0.780932939
   75.343380586    0.773206227    0.781106670
   75.371726478    0.773189589    0.781282200
   75.400072370    0.773175584    0.781459615
   75.428418262    0.773170299    0.781638977
   75.456764154    0.773177264    0.781820307
   75.485110046    0.773196325    0.782003576
   75.513455938    0.773223615    0.782188715
   75.541801829    0.773252662    0.782375638
   75.570147721    0.773276308    0.782564267
   75.598493613    0.773288894    0.782754558
   75.626839505    0.773288024    0.782946510
   75.655185397    0.773275382    0.783140170
   75.683531289    0.773256317    0.783335615
   75.711877181    0.773238295    0.783532928
   75.740223072    0.773228670    0.783732175
   75.768568964    0.773232421    0.783933381
   75.796914856    0.773250556    0.784136529
   75.825260748    0.773279688    0.784341560
   75.853606640    0.773312930    0.784548393
   75.881952532    0.773341898    0.784756952
   75.910298424    0.773359217    0.784967185
   75.938644316    0.773360813    0.785179083
   75.966990207    0.773347273    0.785392679
   75.995336099    0.773323853    0.785608040
   76.023681991    0.773299071    0.785825246
   76.052027883    0.773282276    0.786044366
   76.080373775    0.773280880    0.786265437
   76.108719667    0.773298043    0.786488453
   76.137065559    0.773331512    0.786713371
   76.165411450    0.773373981    0.786940119
   76.193757342    0.773414902    0.787168618
   76.222103234    0.773443296    0.787398811
   76.250449126    0.773450808    0.787630671
   76.278795018    0.773434210    0.787864214
   76.307140910    0.773396717    0.788099492
   76.335486802    0.773347812    0.788336578
   76.363832694    0.773301689    0.788575548
   76.392178585    0.773274783    0.788816455
   76.420524477    0.773283045    0.789059317
   76.448870369    0.773339633    0.789304113
   76.477216261    0.773453495    0.789550786
   76.505562153    0.773629005    0.789799261
   76.533908045    0.773866502    0.790049461
   76.562253937    0.774163342    0.790301331
   76.590599829    0.774514995    0.790554852
   76.618945720    0.774915818    0.790810042
   76.647291612    0.775359340    0.791066961
   76.675637504    0.775838155    0.791325691
   76.703983396    0.776343712    0.791586322
   76.732329288    0.776866351    0.791848934
   76.760675180    0.777395842    0.792113575
   76.789021072    0.777922478    0.792380246
   76.817366963    0.778438513    0.792648899
   76.845712855    0.778939537    0.792919426
   76.874058747    0.779425308    0.793191666
   76.902404639    0.779899687    0.793465412
   76.930750531    0.780369538    0.793740421
   76.959096423    0.780842812    0.794016427
   76.987442315    0.781326296    0.794293158
   77.015788207    0.781823657    0.794570352
   77.044134098    0.782334367    0.794847778
   77.072479990    0.782853864    0.795125247
   77.100825882    0.783374922    0.795402629
   77.129171774    0.783889839    0.795679856
   77.157517666    0.784392806    0.795956918
   77.185863558    0.784881701    0.796233856
   77.214209450    0.785358769    0.796510740
   77.242555341    0.785829948    0.796787651
   77.270901233    0.786303036    0.797064656
   77.299247125    0.786785268    0.797341794
   77.327593017    0.787281040    0.797619066
   77.355938909    0.787790517    0.797896437
   77.384284801    0.788309560    0.798173845
   77.412630693    0.788831002    0.798451221
   77.440976585    0.789346895    0.798728504
   77.469322476    0.789851011    0.799005662
   77.497668368    0.790340814    0.799282698
   77.526014260    0.790818273    0.799559649
   77.554360152    0.791289257    0.799836575
   77.582706044    0.791761694    0.800113542
   77.611051936    0.792243066    0.800390607
   77.639397828    0.792738047    0.800667796
   77.667743720    0.793247019    0.800945100
   77.696089611    0.793765945    0.801222477
   77.724435503    0.794287646    0.801499863
   77.752781395    0.794804064    0.801777194
   77.781127287    0.795308814    0.802054418
   77.809473179    0.795799200    0.802331516
   77.837819071    0.796277065    0.802608505
   77.866164963    0.796748200    0.802885436
   77.894510854    0.797220509    0.803162374
   77.922856746    0.797701503    0.803439386
   77.951202638    0.798195933    0.803716517
   77.979548530    0.798704295    0.803993774
   78.007894422    0.799222693    0.804271131
   78.036240314    0.799744083    0.804548529
   78.064586206    0.800260515    0.804825897
   78.092932098    0.800765638    0.805103171
   78.121277989    0.801256700    0.805380316
   78.149623881    0.801735386    0.805657333
   78.177969773    0.802207264    0.805934264
   78.206315665    0.802680000    0.806211177
   78.234661557    0.803160934    0.806488145
   78.263007449    0.803654775    0.806765227
   78.291353341    0.804162144    0.807042448
   78.319699232    0.804679415    0.807319791
   78.348045124    0.805199895    0.807597201
   78.376391016    0.805715951    0.807874602
   78.404736908    0.806221410    0.808151920
   78.433082800    0.806713478    0.808429103
   78.461428692    0.807193574    0.808706142
   78.489774584    0.807666833    0.808983071
   78.518120476    0.808140464    0.809259958
   78.546466367    0.808621465    0.809536886
   78.574812259    0.809114457    0.809813927
   78.603158151    0.809620269    0.810091118
   78.631504043    0.810135741    0.810368451
   78.659849935    0.810654762    0.810645874
   78.688195827    0.811170213    0.810923306
   78.716541719    0.811676183    0.811200662
   78.744887611    0.812169784    0.811477879
   78.773233502    0.812651987    0.811754935
   78.801579394    0.813127259    0.812031859
   78.829925286    0.813602124    0.812308721
   78.858271178    0.814083119    0.812585612
   78.886617070    0.814574789    0.812862615
   78.914962962    0.815078330    0.813139780
   78.943308854    0.815591291    0.813417106
   78.971654745    0.816108392    0.813694543
   79.000000637    0.816623191    0.813972006
   79.028346529    0.817130070    0.814249397
   79.056692421    0.817625918    0.814526643
   79.085038313    0.818111021    0.814803713
   79.113384205    0.818588903    0.815080630
   79.141730097    0.819065193    0.815357467
   79.170075989    0.819545885    0.815634322
   79.198421880    0.820035536    0.815911290
   79.226767772    0.820535937    0.816188432
   79.255113664    0.821045637    0.816465755
   79.283459556    0.821560451    0.816743208
   79.311805448    0.822074760    0.817020700
   79.340151340    0.822583200    0.817298126
   79.368497232    0.823082236    0.817575398
   79.396843123    0.823571158    0.817852478
   79.425189015    0.824052231    0.818129386
   79.453534907    0.824529972    0.818406195
   79.481880799    0.825009797    0.818683015
   79.510226691    0.825496435    0.818959949
   79.538572583    0.825992585    0.819237070
   79.566918475    0.826498172    0.819514391
   79.595264367    0.827010411    0.819791864
   79.623610258    0.827524638    0.820069389
   79.651956150    0.828035652    0.820346851
   79.680302042    0.828539194    0.820624151
   79.708647934    0.829033135    0.820901240
   79.736993826    0.829518065    0.821178132
   79.765339718    0.829997120    0.821454907
   79.793685610    0.830475113    0.821731681
   79.822031502    0.830957200    0.822008574
   79.850377393    0.831447451    0.822285672
   79.878723285    0.831947709    0.822562998
   79.907069177    0.832457045    0.822840504
   79.935415069    0.832971958    0.823118083
   79.963760961    0.833487284    0.823395603
   79.992106853    0.833997571    0.823672944
   80.020452745    0.834498580    0.823950038
   80.048798636    0.834988510    0.824226891
   80.077144528    0.835468599    0.824503583
   80.105490420    0.835942935    0.824780252
   80.133836312    0.836417466    0.825057051
   80.162182204    0.836898456    0.825334107
   80.190528096    0.837390750    0.825611480
   80.218873988    0.837896315    0.825889141
   80.247219880    0.838413473    0.826166972
   80.275565771    0.838937072    0.826444777
   80.303911663    0.839459637    0.826722319
   80.332257555    0.839973262    0.826999352
   80.360603447    0.840471799    0.827275646
   80.388949339    0.840952781    0.827551008
   80.417295231    0.841418537    0.827825278
   80.445641123    0.841876120    0.828098316
   80.473987014    0.842335952    0.828369992
   80.502332906    0.842809402    0.828640166
   80.530678798    0.843305808    0.828908692
   80.559024690    0.843829613    0.829175423
   80.587370582    0.844378322    0.829440233
   80.615716474    0.844941809    0.829703039
   80.644062366    0.845503206    0.829963814
   80.672408258    0.846041264    0.830222596
   80.700754149    0.846533698    0.830479472
   80.729100041    0.846960832    0.830734556
   80.757445933    0.847308783    0.830987953
   80.785791825    0.847571539    0.831239727
   80.814137717    0.847751542    0.831489888
   80.842483609    0.847858770    0.831738383
   80.870829501    0.847908581    0.831985115
   80.899175393    0.847918879    0.832229974
   80.927521284    0.847907214    0.832472870
   80.955867176    0.847888397    0.832713760
   80.984213068    0.847873002    0.832952664
   81.012558960    0.847866881    0.833189654
   81.040904852    0.847871604    0.833424836
   81.069250744    0.847885514    0.833658315
   81.097596636    0.847905071    0.833890162
   81.125942527    0.847926130    0.834120392
   81.154288419    0.847944967    0.834348959
   81.182634311    0.847958917    0.834575773
   81.210980203    0.847966674    0.834800723
   81.239326095    0.847968302    0.835023718
   81.267671987    0.847965057    0.835244712
   81.296017879    0.847959088    0.835463718
   81.324363771    0.847953035    0.835680804
   81.352709662    0.847949559    0.835896074
   81.381055554    0.847950819    0.836109633
   81.409401446    0.847957990    0.836321554
   81.437747338    0.847970903    0.836531855
   81.466093230    0.847987960    0.836740496
   81.494439122    0.848006387    0.836947390
   81.522785014    0.848022845    0.837152429
   81.551130905    0.848034276    0.837355521
   81.579476797    0.848038786    0.837556617
   81.607822689    0.848036298    0.837755725
   81.636168581    0.848028740    0.837952910
   81.664514473    0.848019656    0.838148270
   81.692860365    0.848013280    0.838341908
   81.721206257    0.848013324    0.838533900
   81.749552149    0.848021812    0.838724268
   81.777898040    0.848038339    0.838912977
   81.806243932    0.848060031    0.839099945
   81.834589824    0.848082270    0.839285070
   81.862935716    0.848100016    0.839468257
   81.891281608    0.848109353    0.839649456
   81.919627500    0.848108766    0.839828669
   81.947973392    0.848099753    0.840005954
   81.976319284    0.848086508    0.840181404
   82.004665175    0.848074735    0.840355120
   82.033011067    0.848069925    0.840527179
   82.061356959    0.848075615    0.840697607
   82.089702851    0.848092183    0.840866378
   82.118048743    0.848116597    0.841033415
   82.146394635    0.848143237    0.841198620
   82.174740527    0.848165579    0.841361902
   82.203086418    0.848178227    0.841523204
   82.231432310    0.848178674    0.841682524
   82.259778202    0.848168195    0.841839910
   82.288124094    0.848151568    0.841995449
   82.316469986    0.848135668    0.842149239
   82.344815878    0.848127340    0.842301358
   82.373161770    0.848131215    0.842451838
   82.401507662    0.848148174    0.842600662
   82.429853553    0.848174957    0.842747761
   82.458199445    0.848205095    0.842893043
   82.486545337    0.848230892    0.843036417
   82.514891229    0.848245850    0.843177823
   82.543237121    0.848246775    0.843317249
   82.571583013    0.848234874    0.843454735
   82.599928905    0.848215469    0.843590360
   82.628274796    0.848196386    0.843724217
   82.656620688    0.848185505    0.843856386
   82.684966580    0.848188242    0.843986908
   82.713312472    0.848205770    0.844115775
   82.741658364    0.848234565    0.844242928
   82.770004256    0.848267443    0.844368282
   82.798350148    0.848295797    0.844491746
   82.826696040    0.848312324    0.844613254
   82.855041931    0.848313381    0.844732784
   82.883387823    0.848300210    0.844850365
   82.911733715    0.848278609    0.844966067
   82.940079607    0.848257153    0.845079981
   82.968425499    0.848244482    0.845192188
   82.996771391    0.848246547    0.845302739
   83.025117283    0.848264666    0.845411637
   83.053463175    0.848295052    0.845518835
   83.081809066    0.848329957    0.845624253
   83.110154958    0.848360109    0.845727801
   83.138500850    0.848377651    0.845829406
   83.166846742    0.848378674    0.845929035
   83.195192634    0.848364499    0.846026702
   83.223538526    0.848341306    0.846122470
   83.251884418    0.848318207    0.846216423
   83.280230309    0.848304357    0.846308651
   83.308576201    0.848306035    0.846399212
   83.336922093    0.848324619    0.846488124
   83.365267985    0.848356105    0.846575353
   83.393613877    0.848392354    0.846660825
   83.421959769    0.848423658    0.846744449
   83.450305661    0.848441828    0.846826143
   83.478651553    0.848442809    0.846905860
   83.506997444    0.848428002    0.846983599
   83.535343336    0.848403835    0.847059412
   83.563689228    0.848379746    0.847133382
   83.592035120    0.848365183    0.847205603
   83.620381012    0.848366600    0.847276149
   83.648726904    0.848385392    0.847345051
   83.677072796    0.848417435    0.847412291
   83.705418687    0.848454383    0.847477802
   83.733764579    0.848486312    0.847541490
   83.762110471    0.848504875    0.847603261
   83.790456363    0.848505950    0.847663049
   83.818802255    0.848490963    0.847720838
   83.847148147    0.848466435    0.847776666
   83.875494039    0.848441918    0.847830615
   83.903839931    0.848426964    0.847882786
   83.932185822    0.848428095    0.847933272
   83.960531714    0.848446738    0.847982127
   83.988877606    0.848478770    0.848029349
   84.017223498    0.848515834    0.848074880
   84.045569390    0.848547987    0.848118620
   84.073915282    0.848566855    0.848160459
   84.102261174    0.848568276    0.848200304
   84.130607066    0.848553608    0.848238112
   84.158952957    0.848529293    0.848273904
   84.187298849    0.848504803    0.848307758
   84.215644741    0.848489639    0.848339793
   84.243990633    0.848490334    0.848370131
   84.272336525    0.848508400    0.848398865
   84.300682417    0.848539863    0.848426027
   84.329028309    0.848576545    0.848451578
   84.357374200    0.848608651    0.848475410
   84.385720092    0.848627866    0.848497372
   84.414065984    0.848629967    0.848517313
   84.442411876    0.848616130    0.848535117
   84.470757768    0.848592537    0.848550741
   84.499103660    0.848568407    0.848564239
   84.527449552    0.848553081    0.848575758
   84.555795444    0.848553089    0.848585528
   84.584141335    0.848570116    0.848593828
   84.612487227    0.848600496    0.848600957
   84.640833119    0.848636401    0.848607199
   84.669179011    0.848668315    0.848612802
   84.697524903    0.848688026    0.848617970
   84.725870795    0.848691190    0.848622858
   84.754216687    0.848678667    0.848627588
   84.782562578    0.848656214    0.848632247
   84.810908470    0.848632654    0.848636905
   84.839254362    0.848617099    0.848641610
   84.867600254    0.848616103    0.848646390
   84.895946146    0.848631632    0.848651246
   84.924292038    0.848660485    0.848656153
   84.952637930    0.848695332    0.848661064
   84.980983822    0.848727023    0.848665916
   85.009329713    0.848747452    0.848670653
