    0.000000000    0.821783870    0.821701127
    0.028345892    0.821739411    0.821705017
    0.056691784    0.821693700    0.821708844
    0.085037676    0.821662766    0.821712818
    0.113383567    0.821658035    0.821717095
    0.141729459    0.821682748    0.821721724
    0.170075351    0.821730938    0.821726635
    0.198421243    0.821789287    0.821731655
    0.226767135    0.821841280    0.821736565
    0.255113027    0.821872367    0.821741164
    0.283458919    0.821874517    0.821745331
    0.311804811    0.821848733    0.821749065
    0.340150702    0.821804751    0.821752483
    0.368496594    0.821758009    0.821755785
    0.396842486    0.821724823    0.821759191
    0.425188378    0.821717293    0.821762874
    0.453534270    0.821739514    0.821766902
    0.481880162    0.821786288    0.821771220
    0.510226054    0.821844734    0.821775663
    0.538571946    0.821898306    0.821780006
    0.566917837    0.821931957    0.821784033
    0.595263729    0.821936837    0.821787605
    0.623609621    0.821913072    0.821790702
    0.651955513    0.821869730    0.821793429
    0.680301405    0.821822008    0.821795983
    0.708647297    0.821786487    0.821798592
    0.736993189    0.821775962    0.821801443
    0.765339080    0.821795441    0.821804625
    0.793684972    0.821840568    0.821808094
    0.822030864    0.821898968    0.821811692
    0.850376756    0.821954101    0.821815188
    0.878722648    0.821990414    0.821818355
    0.907068540    0.821998202    0.821821033
    0.935414432    0.821976639    0.821823184
    0.963760324    0.821934059    0.821824901
    0.992106215    0.821885366    0.821826377
    1.020452107    0.821847398    0.821827847
    1.048797999    0.821833671    0.821829513
    1.077143891    0.821850165    0.821831479
    1.105489783    0.821893432    0.821833717
    1.133835675    0.821951662    0.821836072
    1.162181567    0.822008346    0.821838312
    1.190527458    0.822047417    0.821840193
    1.218873350    0.822058261    0.821841537
    1.247219242    0.822039046    0.821842287
    1.275565134    0.821997306    0.821842521
    1.303911026    0.821947617    0.821842429
    1.332256918    0.821907066    0.821842250
    1.360602810    0.821889926    0.821842201
    1.388948702    0.821903198    0.821842402
    1.417294593    0.821944407    0.821842838
    1.445640485    0.822002353    0.821843360
    1.473986377    0.822060574    0.821843731
    1.502332269    0.822102473    0.821843692
    1.530678161    0.822116490    0.821843046
    1.559024053    0.822099723    0.821841714
    1.587369945    0.822058858    0.821839757
    1.615715837    0.822008114    0.821837359
    1.644061728    0.821964827    0.821834766
    1.672407620    0.821944055    0.821832205
    1.700753512    0.821953873    0.821829812
    1.729099404    0.821992828    0.821827586
    1.757445296    0.822050365    0.821825383
    1.785791188    0.822110085    0.821822961
    1.814137080    0.822154845    0.821820044
    1.842482971    0.822172098    0.821816414
    1.870828863    0.822157827    0.821811965
    1.899174755    0.822117827    0.821806744
    1.927520647    0.822065936    0.821800924
    1.955866539    0.822019741    0.821794752
    1.984212431    0.821995111    0.821788466
    2.012558323    0.822001234    0.821782219
    2.040904215    0.822037722    0.821776022
    2.069250106    0.822094699    0.821769735
    2.097595998    0.822155840    0.821763109
    2.125941890    0.822203440    0.821755852
    2.154287782    0.822223936    0.821747716
    2.182633674    0.822212156    0.821738572
    2.210979566    0.822172968    0.821728440
    2.239325458    0.822119806    0.821717482
    2.267671349    0.822070509    0.821705943
    2.296017241    0.822041775    0.821694070
    2.324363133    0.822043935    0.821682028
    2.352709025    0.822077708    0.821669840
    2.381054917    0.822133921    0.821657371
    2.409400809    0.822196336    0.821644361
    2.437746701    0.822246683    0.821630495
    2.466092593    0.822270358    0.821615495
    2.494438484    0.822261001    0.821599197
    2.522784376    0.822222520    0.821581592
    2.551130268    0.822167922    0.821562821
    2.579476160    0.822115290    0.821543123
    2.607822052    0.822082159    0.821522749
    2.636167944    0.822080037    0.821501876
    2.664513836    0.822110772    0.821480534
    2.692859728    0.822165931    0.821458588
    2.721205619    0.822229379    0.821435764
    2.749551511    0.822282284    0.821411720
    2.777897403    0.822308984    0.821386137
    2.806243295    0.822301903    0.821358806
    2.834589187    0.822263955    0.821329677
    2.862935079    0.822207690    0.821298862
    2.891280971    0.822151421    0.821266584
    2.919626862    0.822113526    0.821233091
    2.947972754    0.822106702    0.821198564
    2.976318646    0.822133965    0.821163037
    3.004664538    0.822187654    0.821126369
    3.033010430    0.822251764    0.821088264
    3.061356322    0.822306912    0.821048338
    3.089702214    0.822336370    0.821006220
    3.118048106    0.822331317    0.820961637
    3.146393997    0.822293636    0.820914482
    3.174739889    0.822235383    0.820864817
    3.203085781    0.822175071    0.820812835
    3.231431673    0.822131916    0.820758768
    3.259777565    0.822119825    0.820702789
    3.288123457    0.822143014    0.820644927
    3.316469349    0.822194638    0.820585022
    3.344815240    0.822258864    0.820522741
    3.373161132    0.822315774    0.820457641
    3.401507024    0.822347570    0.820389271
    3.429852916    0.822344155    0.820317268
    3.458198808    0.822306333    0.820241434
    3.486544700    0.822245614    0.820161755
    3.514890592    0.822180678    0.820078362
    3.543236484    0.822131563    0.819991449
    3.571582375    0.822113404    0.819901161
    3.599928267    0.822131665    0.819807504
    3.628274159    0.822180371    0.819710279
    3.656620051    0.822243910    0.819609092
    3.684965943    0.822301860    0.819503407
    3.713311835    0.822335347    0.819392650
    3.741657727    0.822332960    0.819276317
    3.770003619    0.822294362    0.819154064
    3.798349510    0.822230455    0.819025739
    3.826695402    0.822160034    0.818891362
    3.855041294    0.822103946    0.818751042
    3.883387186    0.822078577    0.818604863
    3.911733078    0.822090693    0.818452775
    3.940078970    0.822135264    0.818294512
    3.968424862    0.822196962    0.818129580
    3.996770753    0.822254894    0.817957295
    4.025116645    0.822289104    0.817776881
    4.053462537    0.822286817    0.817587592
    4.081808429    0.822246476    0.817388815
    4.110154321    0.822178290    0.817180141
    4.138500213    0.822101112    0.816961359
    4.166846105    0.822036580    0.816732399
    4.195191997    0.822002362    0.816493222
    4.223537888    0.822006600    0.816243688
    4.251883780    0.822045296    0.815983446
    4.280229672    0.822103486    0.815711860
    4.308575564    0.822159846    0.815427992
    4.336921456    0.822193319    0.815130645
    4.365267348    0.822189698    0.814818440
    4.393613240    0.822146107    0.814489905
    4.421959131    0.822071963    0.814143561
    4.450305023    0.821986102    0.813777972
    4.478650915    0.821910939    0.813391765
    4.506996807    0.821865471    0.812983626
    4.535342699    0.821859308    0.812552289
    4.563688591    0.821889596    0.812096529
    4.592034483    0.821941825    0.811615188
    4.620380375    0.821994280    0.811107215
    4.648726266    0.822024777    0.810571733
    4.677072158    0.822017590    0.810008086
    4.705418050    0.821968396    0.809415869
    4.733763942    0.821885698    0.808794910
    4.762109834    0.821788236    0.808145209
    4.790455726    0.821699190    0.807466839
    4.818801618    0.821638948    0.806759841
    4.847147510    0.821618705    0.806024140
    4.875493401    0.821636885    0.805259510
    4.903839293    0.821679539    0.804465608
    4.932185185    0.821724598    0.803642057
    4.960531077    0.821748710    0.802788573
    4.988876969    0.821734508    0.801905089
    5.017222861    0.821676069    0.800991832
    5.045568753    0.821580831    0.800049341
    5.073914644    0.821467347    0.799078393
    5.102260536    0.821359554    0.798079871
    5.130606428    0.821279312    0.797054597
    5.158952320    0.821239545    0.796003179
    5.187298212    0.821240115    0.794925916
    5.215644104    0.821267749    0.793822792
    5.243989996    0.821300066    0.792693563
    5.272335888    0.821312475    0.791537902
    5.300681779    0.821285822    0.790355573
    5.329027671    0.821212386    0.789146573
    5.357373563    0.821098362    0.787911188
    5.385719455    0.820962009    0.786649947
    5.414065347    0.820828018    0.785363484
    5.442411239    0.820719830    0.784052339
    5.470757131    0.820652274    0.782716755
    5.499103022    0.820626842    0.781356545
    5.527448914    0.820631077    0.779971060
    5.555794806    0.820642316    0.778559290
    5.584140698    0.820634645    0.777120064
    5.612486590    0.820586924    0.775652307
    5.640832482    0.820489396    0.774155269
    5.669178374    0.820346792    0.772628660
    5.697524266    0.820176948    0.771072644
    5.725870157    0.820005311    0.769487682
    5.754216049    0.819857030    0.767874268
    5.782561941    0.819749059    0.766232619
    5.810907833    0.819684744    0.764562428
    5.839253725    0.819652604    0.762862748
    5.867599617    0.819629722    0.761132061
    5.895945509    0.819588733    0.759368526
    5.924291401    0.819506262    0.757570350
    5.952637292    0.819370200    0.755736179
    5.980983184    0.819183533    0.753865390
    6.009329076    0.818963501    0.751958190
    6.037674968    0.818736301    0.750015473
    6.066020860    0.818528945    0.748038444
    6.094366752    0.818360768    0.746028099
    6.122712644    0.818237248    0.743984699
    6.151058535    0.818148071    0.741907389
    6.179404427    0.818070093    0.739794098
    6.207750319    0.817974330    0.737641797
    6.236096211    0.817834844    0.735447091
    6.264442103    0.817636767    0.733207059
    6.292787995    0.817380966    0.730920154
    6.321133887    0.817083857    0.728586968
    6.349479779    0.816772361    0.726210661
    6.377825670    0.816475535    0.723796931
    6.406171562    0.816215425    0.721353485
    6.434517454    0.815999992    0.718889090
    6.462863346    0.815820335    0.716412369
    6.491209238    0.815653119    0.713930570
    6.519555130    0.815467524    0.711448553
    6.547901022    0.815234604    0.708968174
    6.576246913    0.814936174    0.706488183
    6.604592805    0.814570453    0.704004630
    6.632938697    0.814152676    0.701511674
    6.661284589    0.813710405    0.699002598
    6.689630481    0.813274936    0.696470832
    6.717976373    0.812871423    0.693910765
    6.746322265    0.812510764    0.691318221
    6.774668157    0.812185796    0.688690540
    6.803014048    0.811873037    0.686026318
    6.831359940    0.811539525    0.683324921
    6.859705832    0.811152674    0.680585931
    6.888051724    0.810690155    0.677808699
    6.916397616    0.810146729    0.674992100
    6.944743508    0.809535855    0.672134562
    6.973089400    0.808885513    0.669234328
    7.001435292    0.808229436    0.666289879
    7.029781183    0.807596410    0.663300382
    7.058127075    0.807000917    0.660266053
    7.086472967    0.806438045    0.657188340
    7.114818859    0.805884304    0.654069889
    7.143164751    0.805304196    0.650914319
    7.171510643    0.804660586    0.647725874
    7.199856535    0.803925739    0.644509051
    7.228202426    0.803089629    0.641268306
    7.256548318    0.802162884    0.638007883
    7.284894210    0.801173393    0.634731817
    7.313240102    0.800157491    0.631444058
    7.341585994    0.799148350    0.628148664
    7.369931886    0.798165101    0.624849980
    7.398277778    0.797206036    0.621552726
    7.426623670    0.796248057    0.618261950
    7.454969561    0.795252655    0.614982840
    7.483315453    0.794176699    0.611720422
    7.511661345    0.792984826    0.608479227
    7.540007237    0.791659669    0.605262971
    7.568353129    0.790206763    0.602074330
    7.596699021    0.788652528    0.598914837
    7.625044913    0.787035799    0.595784897
    7.653390804    0.785395357    0.592683882
    7.681736696    0.783757135    0.589610254
    7.710082588    0.782124962    0.586561659
    7.738428480    0.780477686    0.583534946
    7.766774372    0.778773661    0.580526116
    7.795120264    0.776961406    0.577530206
    7.823466156    0.774993363    0.574541179
    7.851812048    0.772838784    0.571551876
    7.880157939    0.770491901    0.568554084
    7.908503831    0.767972950    0.565538766
    7.936849723    0.765321595    0.562496424
    7.965195615    0.762584530    0.559417582
    7.993541507    0.759800622    0.556293293
    8.021887399    0.756987678    0.553115599
    8.050233291    0.754134362    0.549877879
    8.078579183    0.751199297    0.546575023
    8.106925074    0.748117379    0.543203441
    8.135270966    0.744811340    0.539760938
    8.163616858    0.741205337    0.536246502
    8.191962750    0.737237033    0.532660101
    8.220308642    0.732865368    0.529002519
    8.248654534    0.728072763    0.525275297
    8.277000426    0.722862181    0.521480755
    8.305346317    0.717250999    0.517622074
    8.333692209    0.711264249    0.513703383
    8.362038101    0.704929624    0.509729787
    8.390383993    0.698275570    0.505707287
    8.418729885    0.691332386    0.501642592
    8.447075777    0.684134938    0.497542829
    8.475421669    0.676724893    0.493415199
    8.503767561    0.669150538    0.489266654
    8.532113452    0.661463185    0.485103651
    8.560459344    0.653710603    0.480932023
    8.588805236    0.645929323    0.476756985
    8.617151128    0.638138456    0.472583235
    8.645497020    0.630337595    0.468415114
    8.673842912    0.622510276    0.464256734
    8.702188804    0.614632773    0.460112054
    8.730534695    0.606686100    0.455984833
    8.758880587    0.598667752    0.451878504
    8.787226479    0.590599372    0.447795976
    8.815572371    0.582527423    0.443739453
    8.843918263    0.574515865    0.439710317
    8.872264155    0.566632311    0.435709128
    8.900610047    0.558931304    0.431735750
    8.928955939    0.551439591    0.427789574
    8.957301830    0.544148052    0.423869766
    8.985647722    0.537013248    0.419975465
    9.013993614    0.529968767    0.416105852
    9.042339506    0.522943557    0.412260045
    9.070685398    0.515882068    0.408436847
    9.099031290    0.508760114    0.404634387
    9.127377182    0.501591333    0.400849789
    9.155723074    0.494421682    0.397078970
    9.184068965    0.487312994    0.393316695
    9.212414857    0.480320096    0.389556940
    9.240760749    0.473468310    0.385793542
    9.269106641    0.466738498    0.382021070
    9.297452533    0.460064963    0.378235748
    9.325798425    0.453347898    0.374436245
    9.354144317    0.446477631    0.370624174
    9.382490208    0.439364072    0.366804155
    9.410836100    0.431962640    0.362983428
    9.439181992    0.424288359    0.359171032
    9.467527884    0.416412846    0.355376730
    9.495873776    0.408443751    0.351609846
    9.524219668    0.400491595    0.347878246
    9.552565560    0.392633177    0.344187623
    9.580911452    0.384882547    0.340541218
    9.609257343    0.377179124    0.336939972
    9.637603235    0.369398087    0.333383053
    9.665949127    0.361381853    0.329868607
    9.694295019    0.352984931    0.326394550
    9.722640911    0.344119687    0.322959236
    9.750986803    0.334789152    0.319561873
    9.779332695    0.325095561    0.316202631
    9.807678586    0.315219490    0.312882459
    9.836024478    0.305372697    0.309602700
    9.864370370    0.295735876    0.306364618
    9.892716262    0.286398144    0.303168973
    9.921062154    0.277316417    0.300015724
    9.949408046    0.268309127    0.296903938
    9.977753938    0.259090639    0.293831873
   10.006099830    0.249342094    0.290797208
   10.034445721    0.238804017    0.287797334
   10.062791613    0.227368628    0.284829619
   10.091137505    0.215147662    0.281891595
   10.119483397    0.202495499    0.278981027
   10.147829289    0.189976939    0.276095869
   10.176175181    0.178281793    0.273234146
   10.204521073    0.168101640    0.270393806
   10.232866965    0.159994094    0.267572601
   10.261212856    0.154264306    0.264768020
   10.289558748    0.150890685    0.261977310
   10.317904640    0.149512611    0.259197556
   10.346250532    0.149484171    0.256425817
   10.374596424    0.149983111    0.253659269
   10.402942316    0.150151753    0.250895337
   10.431288208    0.149239640    0.248131798
   10.459634099    0.146717883    0.245366823
   10.487979991    0.142342355    0.242598993
   10.516325883    0.136155321    0.239827252
   10.544671775    0.128429541    0.237050835
   10.573017667    0.119571908    0.234269158
   10.601363559    0.110011975    0.231481687
   10.629709451    0.100102625    0.228687788
   10.658055343    0.090055213    0.225886591
   10.686401234    0.079921461    0.223076895
   10.714747126    0.069621858    0.220257140
   10.743093018    0.059008638    0.217425497
   10.771438910    0.047943506    0.214580088
   10.799784802    0.036368004    0.211719328
   10.828130694    0.024347956    0.208842347
   10.856476586    0.012081662    0.205949428
   10.884822477   -0.000128073    0.203042349
   10.913168369   -0.011928292    0.200124543
   10.941514261   -0.022980340    0.197200990
   10.969860153   -0.033016478    0.194277807
   10.998206045   -0.041874089    0.191361571
   11.026551937   -0.049500004    0.188458459
   11.054897829   -0.055926334    0.185573354
   11.083243721   -0.061227087    0.182709072
   11.111589612   -0.065469707    0.179865873
   11.139935504   -0.068676363    0.177041349
   11.168281396   -0.070806127    0.174230723
   11.196627288   -0.071762642    0.171427510
   11.224973180   -0.071424201    0.168624396
   11.253319072   -0.069686814    0.165814174
   11.281664964   -0.066507401    0.162990552
   11.310010856   -0.061934744    0.160148690
   11.338356747   -0.056119833    0.157285378
   11.366702639   -0.049303573    0.154398877
   11.395048531   -0.041786419    0.151488500
   11.423394423   -0.033889573    0.148554061
   11.451740315   -0.025919335    0.145595381
   11.480086207   -0.018144629    0.142611944
   11.508432099   -0.010793155    0.139602817
   11.536777990   -0.004065479    0.136566814
   11.565123882    0.001839460    0.133502859
   11.593469774    0.006697737    0.130410420
   11.621815666    0.010243621    0.127289907
   11.650161558    0.012170688    0.124142904
   11.678507450    0.012153686    0.120972204
   11.706853342    0.009887672    0.117781627
   11.735199234    0.005135513    0.114575703
   11.763545125   -0.002228130    0.111359293
   11.791891017   -0.012187840    0.108137275
   11.820236909   -0.024581357    0.104914352
   11.848582801   -0.039118374    0.101695030
   11.876928693   -0.055419743    0.098483738
   11.905274585   -0.073067466    0.095285033
   11.933620477   -0.091653338    0.092103798
   11.961966368   -0.110814998    0.088945360
   11.990312260   -0.130252134    0.085815471
   12.018658152   -0.149721432    0.082720143
   12.047004044   -0.169014945    0.079665377
   12.075349936   -0.187931078    0.076656841
   12.103695828   -0.206249086    0.073699570
   12.132041720   -0.223716442    0.070797759
   12.160387612   -0.240054132    0.067954640
   12.188733503   -0.254979178    0.065172468
   12.217079395   -0.268238245    0.062452528
   12.245425287   -0.279642582    0.059795129
   12.273771179   -0.289093921    0.057199539
   12.302117071   -0.296593462    0.054663818
   12.330462963   -0.302230911    0.052184610
   12.358808855   -0.306156358    0.049756933
   12.387154747   -0.308542789    0.047374061
   12.415500638   -0.309549685    0.045027581
   12.443846530   -0.309297813    0.042707672
   12.472192422   -0.307861824    0.040403593
   12.500538314   -0.305281881    0.038104337
   12.528884206   -0.301589693    0.035799331
   12.557230098   -0.296839860    0.033479075
   12.585575990   -0.291135723    0.031135583
   12.613921881   -0.284640495    0.028762588
   12.642267773   -0.277568980    0.026355483
   12.670613665   -0.270161324    0.023911061
   12.698959557   -0.262646176    0.021427166
   12.727305449   -0.255204571    0.018902357
   12.755651341   -0.247946424    0.016335720
   12.783997233   -0.240908437    0.013726842
   12.812343125   -0.234076185    0.011075986
   12.840689016   -0.227425715    0.008384356
   12.869034908   -0.220973406    0.005654377
   12.897380800   -0.214818942    0.002889861
   12.925726692   -0.209166491    0.000095978
   12.954072584   -0.204313725   -0.002720985
   12.982418476   -0.200606201   -0.005554052
   13.010764368   -0.198363948   -0.008396058
   13.039110259   -0.197795415   -0.011240115
   13.067456151   -0.198918882   -0.014079914
   13.095802043   -0.201511665   -0.016909796
   13.124147935   -0.205102444   -0.019724598
   13.152493827   -0.209013017   -0.022519331
   13.180839719   -0.212444654   -0.025288815
   13.209185611   -0.214593828   -0.028027412
   13.237531503   -0.214774836   -0.030728969
   13.265877394   -0.212524683   -0.033387013
   13.294223286   -0.207668993   -0.035995194
   13.322569178   -0.200336010   -0.038547845
   13.350915070   -0.190916875   -0.041040537
   13.379260962   -0.179981778   -0.043470456
   13.407606854   -0.168170538   -0.045836506
   13.435952746   -0.156080754   -0.048139091
   13.464298638   -0.144175899   -0.050379650
   13.492644529   -0.132730039   -0.052560061
   13.520990421   -0.121816839   -0.054682103
   13.549336313   -0.111340393   -0.056747139
   13.577682205   -0.101096604   -0.058756115
   13.606028097   -0.090848348   -0.060709888
   13.634373989   -0.080396419   -0.062609767
   13.662719881   -0.069631259   -0.064458105
   13.691065772   -0.058556605   -0.066258709
   13.719411664   -0.047283666   -0.068016885
   13.747757556   -0.036001410   -0.069739025
   13.776103448   -0.024933278   -0.071431755
   13.804449340   -0.014292404   -0.073100808
   13.832795232   -0.004245994   -0.074749866
   13.861141124    0.005104238   -0.076379676
   13.889487016    0.013723572   -0.077987679
   13.917832907    0.021630377   -0.079568311
   13.946178799    0.028872775   -0.081113942
   13.974524691    0.035503116   -0.082616310
   14.002870583    0.041556870   -0.084068131
   14.031216475    0.047040354   -0.085464533
   14.059562367    0.051928850   -0.086803994
   14.087908259    0.056174001   -0.088088544
   14.116254150    0.059717480   -0.089323193
   14.144600042    0.062507113   -0.090514693
   14.172945934    0.064511864   -0.091669917
   14.201291826    0.065732917   -0.092794219
   14.229637718    0.066209223   -0.093890123
   14.257983610    0.066016878   -0.094956628
   14.286329502    0.065262425   -0.095989256
   14.314675394    0.064070728   -0.096980781
   14.343021285    0.062568586   -0.097922447
   14.371367177    0.060865897   -0.098805368
   14.399713069    0.059037047   -0.099621788
   14.428058961    0.057106000   -0.100365927
   14.456404853    0.055039052   -0.101034287
   14.484750745    0.052748854   -0.101625403
   14.513096637    0.050111879   -0.102139200
   14.541442529    0.046998913   -0.102576163
   14.569788420    0.043314882   -0.102936597
   14.598134312    0.039040990   -0.103220171
   14.626480204    0.034269839   -0.103425851
   14.654826096    0.029223734   -0.103552231
   14.683171988    0.024248309   -0.103598124
   14.711517880    0.019777965   -0.103563232
   14.739863772    0.016275559   -0.103448713
   14.768209663    0.014155147   -0.103257470
   14.796555555    0.013701703   -0.102994126
   14.824901447    0.015004203   -0.102664694
   14.853247339    0.017917341   -0.102276076
   14.881593231    0.022062289   -0.101835544
   14.909939123    0.026869281   -0.101350339
   14.938285015    0.031655933   -0.100827507
   14.966630907    0.035727233   -0.100273959
   14.994976798    0.038478004   -0.099696702
   15.023322690    0.039477711   -0.099103102
   15.051668582    0.038521117   -0.098501043
   15.080014474    0.035635736   -0.097898869
   15.108360366    0.031046573   -0.097305056
   15.136706258    0.025107953   -0.096727688
   15.165052150    0.018219149   -0.096173833
   15.193398041    0.010743302   -0.095648999
   15.221743933    0.002947262   -0.095156818
   15.250089825   -0.005026078   -0.094699070
   15.278435717   -0.013149871   -0.094276031
   15.306781609   -0.021475588   -0.093887078
   15.335127501   -0.030078117   -0.093531359
   15.363473393   -0.038999596   -0.093208316
   15.391819285   -0.048206926   -0.092917896
   15.420165176   -0.057573109   -0.092660317
   15.448511068   -0.066885470   -0.092435411
   15.476856960   -0.075876381   -0.092241675
   15.505202852   -0.084266429   -0.092075238
   15.533548744   -0.091807396   -0.091929041
   15.561894636   -0.098313566   -0.091792443
   15.590240528   -0.103674111   -0.091651447
   15.618586420   -0.107845360   -0.091489548
   15.646932311   -0.110827653   -0.091289112
   15.675278203   -0.112635664   -0.091033043
   15.703624095   -0.113272328   -0.090706455
   15.731969987   -0.112714645   -0.090298031
   15.760315879   -0.110915369   -0.089800863
   15.788661771   -0.107819357   -0.089212653
   15.817007663   -0.103388735   -0.088535290
   15.845353554   -0.097628503   -0.087773981
   15.873699446   -0.090604447   -0.086936140
   15.902045338   -0.082448030   -0.086030306
   15.930391230   -0.073347471   -0.085065296
   15.958737122   -0.063528803   -0.084049717
   15.987083014   -0.053234035   -0.082991845
   16.015428906   -0.042704349   -0.081899801
   16.043774798   -0.032174353   -0.080781849
   16.072120689   -0.021879354   -0.079646665
   16.100466581   -0.012072627   -0.078503420
   16.128812473   -0.003045425   -0.077361620
   16.157158365    0.004859596   -0.076230714
   16.185504257    0.011249980   -0.075119565
   16.213850149    0.015704793   -0.074035910
   16.242196041    0.017814703   -0.072985953
   16.270541932    0.017233958   -0.071974184
   16.298887824    0.013733010   -0.071003453
   16.327233716    0.007239069   -0.070075254
   16.355579608   -0.002146101   -0.069190121
   16.383925500   -0.014156686   -0.068348006
   16.412271392   -0.028400239   -0.067548536
   16.440617284   -0.044413851   -0.066791075
   16.468963176   -0.061726148   -0.066074596
   16.497309067   -0.079910821   -0.065397430
   16.525654959   -0.098619912   -0.064756997
   16.554000851   -0.117590723   -0.064149623
   16.582346743   -0.136627531   -0.063570544
   16.610692635   -0.155566160   -0.063014089
   16.639038527   -0.174233942   -0.062474035
   16.667384419   -0.192418466   -0.061944012
   16.695730311   -0.209855495   -0.061417846
   16.724076202   -0.226240396   -0.060889743
   16.752422094   -0.241260197   -0.060354260
   16.780767986   -0.254636981   -0.059806091
   16.809113878   -0.266169738   -0.059239769
   16.837459770   -0.275761984   -0.058649444
   16.865805662   -0.283426510   -0.058028885
   16.894151554   -0.289265252   -0.057371838
   16.922497445   -0.293429668   -0.056672763
   16.950843337   -0.296072902   -0.055927879
   16.979189229   -0.297307655   -0.055136341
   17.007535121   -0.297182264   -0.054301297
   17.035881013   -0.295682329   -0.053430577
   17.064226905   -0.292757745   -0.052536804
   17.092572797   -0.288367448   -0.051636826
   17.120918689   -0.282528648   -0.050750510
   17.149264580   -0.275355619   -0.049899075
   17.177610472   -0.267075692   -0.049103247
   17.205956364   -0.258016441   -0.048381553
   17.234302256   -0.248566235   -0.047749041
   17.262648148   -0.239118167   -0.047216643
   17.290994040   -0.230012445   -0.046791207
   17.319339932   -0.221493149   -0.046476144
   17.347685823   -0.213691434   -0.046272440
   17.376031715   -0.206639812   -0.046179790
   17.404377607   -0.200313061   -0.046197546
   17.432723499   -0.194683244   -0.046325294
   17.461069391   -0.189771596   -0.046562953
   17.489415283   -0.185680125   -0.046910439
   17.517761175   -0.182590897   -0.047367045
   17.546107067   -0.180729799   -0.047930753
   17.574452958   -0.180301806   -0.048597689
   17.602798850   -0.181413591   -0.049361911
   17.631144742   -0.184004202   -0.050215563
   17.659490634   -0.187804037   -0.051149389
   17.687836526   -0.192336287   -0.052153445
   17.716182418   -0.196965038   -0.053217842
   17.744528310   -0.200982568   -0.054333317
   17.772874202   -0.203718351   -0.055491514
   17.801220093   -0.204646282   -0.056684937
   17.829565985   -0.203466430   -0.057906617
   17.857911877   -0.200143251   -0.059149648
   17.886257769   -0.194892235   -0.060406752
   17.914603661   -0.188118985   -0.061670039
   17.942949553   -0.180325522   -0.062931059
   17.971295445   -0.172005713   -0.064181167
   17.999641336   -0.163553282   -0.065412110
   18.027987228   -0.155201703   -0.066616703
   18.056333120   -0.147006687   -0.067789414
   18.084679012   -0.138871164   -0.068926708
   18.113024904   -0.130602576   -0.070027074
   18.141370796   -0.121985328   -0.071090721
   18.169716688   -0.112849081   -0.072119045
   18.198062580   -0.103116410   -0.073114008
   18.226408471   -0.092820184   -0.074077591
   18.254754363   -0.082089780   -0.075011468
   18.283100255   -0.071113480   -0.075916960
   18.311446147   -0.060090004   -0.076795256
   18.339792039   -0.049183706   -0.077647819
   18.368137931   -0.038495493   -0.078476810
   18.396483823   -0.028055884   -0.079285395
   18.424829714   -0.017839712   -0.080077800
   18.453175606   -0.007795783   -0.080859077
   18.481521498    0.002118890   -0.081634593
   18.509867390    0.011911055   -0.082409374
   18.538213282    0.021537240   -0.083187427
   18.566559174    0.030906685   -0.083971218
   18.594905066    0.039898484   -0.084761397
   18.623250958    0.048385980   -0.085556844
   18.651596849    0.056259684   -0.086354979
   18.679942741    0.063441195   -0.087152248
   18.708288633    0.069884270   -0.087944642
   18.736634525    0.075564113   -0.088728126
   18.764980417    0.080460365   -0.089498850
   18.793326309    0.084541804   -0.090253148
   18.821672201    0.087760437   -0.090987325
   18.850018093    0.090059537   -0.091697353
   18.878363984    0.091395139   -0.092378588
   18.906709876    0.091765170   -0.093025613
   18.935055768    0.091236516   -0.093632296
   18.963401660    0.089959271   -0.094192066
   18.991747552    0.088159874   -0.094698344
   19.020093444    0.086110264   -0.095145047
   19.048439336    0.084077302   -0.095527041
   19.076785227    0.082263452   -0.095840431
   19.105131119    0.080754028   -0.096082655
   19.133477011    0.079486754   -0.096252350
   19.161822903    0.078255385   -0.096349079
   19.190168795    0.076751423   -0.096372992
   19.218514687    0.074638318   -0.096324532
   19.246860579    0.071643462   -0.096204272
   19.275206471    0.067647126   -0.096012924
   19.303552362    0.062746226   -0.095751500
   19.331898254    0.057274946   -0.095421577
   19.360244146    0.051773195   -0.095025584
   19.388590038    0.046905600   -0.094567009
   19.416935930    0.043345399   -0.094050488
   19.445281822    0.041646483   -0.093481731
   19.473627714    0.042130460   -0.092867334
   19.501973605    0.044813202   -0.092214520
   19.530319497    0.049387101   -0.091530878
   19.558665389    0.055263268   -0.090824177
   19.587011281    0.061664847   -0.090102261
   19.615357173    0.067751692   -0.089373038
   19.643703065    0.072750296   -0.088644498
   19.672048957    0.076062671   -0.087924708
   19.700394849    0.077333609   -0.087221711
   19.728740740    0.076466051   -0.086543309
   19.757086632    0.073586418   -0.085896714
   19.785432524    0.068972875   -0.085288141
   19.813778416    0.062966810   -0.084722415
   19.842124308    0.055889921   -0.084202676
   19.870470200    0.047985747   -0.083730279
   19.898816092    0.039396604   -0.083304892
   19.927161984    0.030176863   -0.082924787
   19.955507875    0.020333954   -0.082587244
   19.983853767    0.009881945   -0.082288946
   20.012199659   -0.001109559   -0.082026257
   20.040545551   -0.012485765   -0.081795289
   20.068891443   -0.024004366   -0.081591721
   20.097237335   -0.035360325   -0.081410410
   20.125583227   -0.046229778   -0.081244890
   20.153929118   -0.056319934   -0.081086902
   20.182275010   -0.065410678   -0.080926112
   20.210620902   -0.073376520   -0.080750149
   20.238966794   -0.080183608   -0.080545009
   20.267312686   -0.085863844   -0.080295840
   20.295658578   -0.090474684   -0.079987987
   20.324004470   -0.094057035   -0.079608163
   20.352350362   -0.096603779   -0.079145553
   20.380696253   -0.098048005   -0.078592676
   20.409042145   -0.098273975   -0.077945897
   20.437388037   -0.097147130   -0.077205508
   20.465733929   -0.094553962   -0.076375419
   20.494079821   -0.090439948   -0.075462539
   20.522425713   -0.084834676   -0.074475985
   20.550771605   -0.077857493   -0.073426256
   20.579117496   -0.069703086   -0.072324504
   20.607463388   -0.060612632   -0.071181977
   20.635809280   -0.050840544   -0.070009676
   20.664155172   -0.040628032   -0.068818190
   20.692501064   -0.030192392   -0.067617669
   20.720846956   -0.019735650   -0.066417860
   20.749192848   -0.009469598   -0.065228125
   20.777538740    0.000351706   -0.064057427
   20.805884631    0.009404349   -0.062914236
   20.834230523    0.017283998   -0.061806378
   20.862576415    0.023520452   -0.060740860
   20.890922307    0.027618588   -0.059723687
   20.919268199    0.029119236   -0.058759724
   20.947614091    0.027667131   -0.057852590
   20.975959983    0.023069907   -0.057004618
   21.004305875    0.015333216   -0.056216848
   21.032651766    0.004662339   -0.055489050
   21.060997658   -0.008571173   -0.054819774
   21.089343550   -0.023890500   -0.054206397
   21.117689442   -0.040787757   -0.053645191
   21.146035334   -0.058793671   -0.053131407
   21.174381226   -0.077526348   -0.052659372
   21.202727118   -0.096708647   -0.052222609
   21.231073009   -0.116152335   -0.051813957
   21.259418901   -0.135716393   -0.051425702
   21.287764793   -0.155253925   -0.051049681
   21.316110685   -0.174565101   -0.050677375
   21.344456577   -0.193371558   -0.050299993
   21.372802469   -0.211321245   -0.049908570
   21.401148361   -0.228023566   -0.049494124
   21.429494253   -0.243105524   -0.049047912
   21.457840144   -0.256272977   -0.048561798
   21.486186036   -0.267359097   -0.048028765
   21.514531928   -0.276345282   -0.047443525
   21.542877820   -0.283347390   -0.046803162
   21.571223712   -0.288570039   -0.046107726
   21.599569604   -0.292241120   -0.045360659
   21.627915496   -0.294544780   -0.044568961
   21.656261387   -0.295572157   -0.043743027
   21.684607279   -0.295304561   -0.042896138
   21.712953171   -0.293634852   -0.042043658
   21.741299063   -0.290421799   -0.041202023
   21.769644955   -0.285562457   -0.040387682
   21.797990847   -0.279061749   -0.039616121
   21.826336739   -0.271078471   -0.038901127
   21.854682631   -0.261932909   -0.038254355
   21.883028522   -0.252071686   -0.037685261
   21.911374414   -0.241997574   -0.037201311
   21.939720306   -0.232182293   -0.036808416
   21.968066198   -0.222985860   -0.036511412
   21.996412090   -0.214605081   -0.036314486
   22.024757982   -0.207066261   -0.036221419
   22.053103874   -0.200265160   -0.036235590
   22.081449766   -0.194043744   -0.036359764
   22.109795657   -0.188282209   -0.036595722
   22.138141549   -0.182979285   -0.036943836
   22.166487441   -0.178295696   -0.037402727
   22.194833333   -0.174544691   -0.037969094
   22.223179225   -0.172127510   -0.038637780
   22.251525117   -0.171426983   -0.039402081
   22.279871009   -0.172684912   -0.040254226
   22.308216900   -0.175895101   -0.041185949
   22.336562792   -0.180741903   -0.042189014
   22.364908684   -0.186604196   -0.043255595
   22.393254576   -0.192629153   -0.044378447
   22.421600468   -0.197862964   -0.045550834
   22.449946360   -0.201411126   -0.046766276
   22.478292252   -0.202592943   -0.048018191
   22.506638144   -0.201055508   -0.049299549
   22.534984035   -0.196821636   -0.050602642
   22.563329927   -0.190261681   -0.051919050
   22.591675819   -0.181997023   -0.053239837
   22.620021711   -0.172758739   -0.054555940
   22.648367603   -0.163234708   -0.055858681
   22.676713495   -0.153939819   -0.057140308
   22.705059387   -0.145136905   -0.058394451
   22.733405278   -0.136822541   -0.059616412
   22.761751170   -0.128775544   -0.060803253
   22.790097062   -0.120651047   -0.061953678
   22.818442954   -0.112093256   -0.063067772
   22.846788846   -0.102837444   -0.064146656
   22.875134738   -0.092776931   -0.065192158
   22.903480630   -0.081981666   -0.066206554
   22.931826522   -0.070668685   -0.067192418
   22.960172413   -0.059137185   -0.068152581
   22.988518305   -0.047689154   -0.069090145
   23.016864197   -0.036558460   -0.070008522
   23.045210089   -0.025866898   -0.070911406
   23.073555981   -0.015616677   -0.071802672
   23.101901873   -0.005717820   -0.072686170
   23.130247765    0.003960660   -0.073565449
   23.158593657    0.013532720   -0.074443464
   23.186939548    0.023047726   -0.075322334
   23.215285440    0.032466198   -0.076203201
   23.243631332    0.041663709   -0.077086224
   23.271977224    0.050459086   -0.077970714
   23.300323116    0.058656142   -0.078855362
   23.328669008    0.066085091   -0.079738486
   23.357014900    0.072631239   -0.080618248
   23.385360791    0.078243753   -0.081492753
   23.413706683    0.082924547   -0.082360008
   23.442052575    0.086704072   -0.083217752
   23.470398467    0.089614929   -0.084063193
   23.498744359    0.091674425   -0.084892734
   23.527090251    0.092883443   -0.085701766
   23.555436143    0.093242550   -0.086484598
   23.583782035    0.092779316   -0.087234562
   23.612127926    0.091575729   -0.087944298
   23.640473818    0.089783126   -0.088606156
   23.668819710    0.087615067   -0.089212668
   23.697165602    0.085315212   -0.089756987
   23.725511494    0.083105691   -0.090233232
   23.753857386    0.081129103   -0.090636686
   23.782203278    0.079401534   -0.090963853
   23.810549169    0.077793300   -0.091212376
   23.838895061    0.076048220   -0.091380898
   23.867240953    0.073842320   -0.091468904
   23.895586845    0.070871716   -0.091476603
   23.923932737    0.066949916   -0.091404879
   23.952278629    0.062089917   -0.091255311
   23.980624521    0.056547891   -0.091030229
   24.008970413    0.050812958   -0.090732778
   24.037316304    0.045539963   -0.090366942
   24.065662196    0.041436147   -0.089937512
   24.094008088    0.039124605   -0.089449985
   24.122353980    0.039014306   -0.088910440
   24.150699872    0.041206113   -0.088325395
   24.179045764    0.045456751   -0.087701713
   24.207391656    0.051209656   -0.087046560
   24.235737548    0.057686308   -0.086367429
   24.264083439    0.064017863   -0.085672180
   24.292429331    0.069388053   -0.084969077
   24.320775223    0.073156547   -0.084266731
   24.349121115    0.074937684   -0.083573941
   24.377467007    0.074621016   -0.082899393
   24.405812899    0.072334483   -0.082251252
   24.434158791    0.068364523   -0.081636720
   24.462504682    0.063056670   -0.081061614
   24.490850574    0.056723033   -0.080530085
   24.519196466    0.049578985   -0.080044516
   24.547542358    0.041721944   -0.079605631
   24.575888250    0.033152841   -0.079212782
   24.604234142    0.023829334   -0.078864325
   24.632580034    0.013731911   -0.078557985
   24.660925926    0.002921803   -0.078291104
   24.689271817   -0.008426702   -0.078060661
   24.717617709   -0.020028582   -0.077863072
   24.745963601   -0.031523621   -0.077693783
   24.774309493   -0.042534189   -0.077546754
   24.802655385   -0.052728272   -0.077413991
   24.831001277   -0.061869807   -0.077285262
   24.859347169   -0.069842664   -0.077148114
   24.887693060   -0.076642598   -0.076988269
   24.916038952   -0.082340884   -0.076790376
   24.944384844   -0.087031373   -0.076539033
   24.972730736   -0.090777045   -0.076219938
   25.001076628   -0.093571823   -0.075820991
   25.029422520   -0.095328421   -0.075333191
   25.057768412   -0.095895129   -0.074751196
   25.086114304   -0.095095922   -0.074073510
   25.114460195   -0.092781596   -0.073302285
   25.142806087   -0.088876805   -0.072442843
   25.171151979   -0.083409533   -0.071503006
   25.199497871   -0.076515162   -0.070492371
   25.227843763   -0.068415169   -0.069421639
   25.256189655   -0.059378213   -0.068302055
   25.284535547   -0.049676600   -0.067144995
   25.312881439   -0.039552354   -0.065961694
   25.341227330   -0.029203930   -0.064763063
   25.369573222   -0.018797915   -0.063559569
   25.397919114   -0.008501900   -0.062361143
   25.426265006    0.001472510   -0.061177079
   25.454610898    0.010831709   -0.060015955
   25.482956790    0.019181873   -0.058885555
   25.511302682    0.026040425   -0.057792825
   25.539648573    0.030879020   -0.056743849
   25.567994465    0.033190829   -0.055743845
   25.596340357    0.032567477   -0.054797150
   25.624686249    0.028767303   -0.053907175
   25.653032141    0.021757880   -0.053076311
   25.681378033    0.011721693   -0.052305792
   25.709723925   -0.000977017   -0.051595534
   25.738069817   -0.015856399   -0.050944009
   25.766415708   -0.032396458   -0.050348183
   25.794761600   -0.050114485   -0.049803575
   25.823107492   -0.068618592   -0.049304452
   25.851453384   -0.087627827   -0.048844127
   25.879799276   -0.106956651   -0.048415315
   25.908145168   -0.126471455   -0.048010470
   25.936491060   -0.146034312   -0.047622018
   25.964836951   -0.165452407   -0.047242441
   25.993182843   -0.184449505   -0.046864199
   26.021528735   -0.202669117   -0.046479533
   26.049874627   -0.219709532   -0.046080257
   26.078220519   -0.235181318   -0.045657664
   26.106566411   -0.248771046   -0.045202648
   26.134912303   -0.260292722   -0.044706155
   26.163258195   -0.269711584   -0.044159934
   26.191604086   -0.277132545   -0.043557548
   26.219949978   -0.282755607   -0.042895457
   26.248295870   -0.286810139   -0.042173992
   26.276641762   -0.289486301   -0.041397992
   26.304987654   -0.290883106   -0.040576946
   26.333333546   -0.290988352   -0.039724560
   26.361679438   -0.289696825   -0.038857763
   26.390025330   -0.286862335   -0.037995322
   26.418371221   -0.282369295   -0.037156273
   26.446717113   -0.276203446   -0.036358436
   26.475063005   -0.268500950   -0.035617274
   26.503408897   -0.259560509   -0.034945245
   26.531754789   -0.249813178   -0.034351727
   26.560100681   -0.239756339   -0.033843441
   26.588446573   -0.229868670   -0.033425220
   26.616792464   -0.220528815   -0.033100879
   26.645138356   -0.211960196   -0.032873976
   26.673484248   -0.204217715   -0.032748247
   26.701830140   -0.197220761   -0.032727658
   26.730176032   -0.190823946   -0.032816053
   26.758521924   -0.184905840   -0.033016537
   26.786867816   -0.179449976   -0.033330770
   26.815213708   -0.174593237   -0.033758362
   26.843559599   -0.170624606   -0.034296544
   26.871905491   -0.167930161   -0.034940210
   26.900251383   -0.166894896   -0.035682312
   26.928597275   -0.167784521   -0.036514523
   26.956943167   -0.170637365   -0.037428015
   26.985289059   -0.175195883   -0.038414165
   27.013634951   -0.180898904   -0.039465033
   27.041980842   -0.186941580   -0.040573537
   27.070326734   -0.192393608   -0.041733302
   27.098672626   -0.196351651   -0.042938266
   27.127018518   -0.198092960   -0.044182171
   27.155364410   -0.197196149   -0.045458101
   27.183710302   -0.193602339   -0.046758201
   27.212056194   -0.187603644   -0.048073661
   27.240402086   -0.179762837   -0.049394990
   27.268747977   -0.170783762   -0.050712518
   27.297093869   -0.161362862   -0.052017020
   27.325439761   -0.152055389   -0.053300324
   27.353785653   -0.143184992   -0.054555791
   27.382131545   -0.134813734   -0.055778578
   27.410477437   -0.126774386   -0.056965659
   27.438823329   -0.118751976   -0.058115633
   27.467169221   -0.110390693   -0.059228402
   27.495515112   -0.101397967   -0.060304807
   27.523861004   -0.091620549   -0.061346304
   27.552206896   -0.081076499   -0.062354765
   27.580552788   -0.069939610   -0.063332386
   27.608898680   -0.058485237   -0.064281706
   27.637244572   -0.047015758   -0.065205667
   27.665590464   -0.035787583   -0.066107653
   27.693936355   -0.024959181   -0.066991455
   27.722282247   -0.014572160   -0.067861131
   27.750628139   -0.004567265   -0.068720765
   27.778974031    0.005172652   -0.069574171
   27.807319923    0.014767469   -0.070424602
   27.835665815    0.024289313   -0.071274512
   27.864011707    0.033730780   -0.072125434
   27.892357599    0.042999192   -0.072977983
   27.920703490    0.051935972   -0.073831972
   27.949049382    0.060352871   -0.074686597
   27.977395274    0.068072552   -0.075540634
   28.005741166    0.074960932   -0.076392581
   28.034087058    0.080942559   -0.077240716
   28.062432950    0.085996670   -0.078083049
   28.090778842    0.090138327   -0.078917180
   28.119124733    0.093393906   -0.079740119
   28.147470625    0.095781711   -0.080548108
   28.175816517    0.097306091   -0.081336521
   28.204162409    0.097968024   -0.082099853
   28.232508301    0.097788473   -0.082831847
   28.260854193    0.096835207   -0.083525715
   28.289200085    0.095241156   -0.084174442
   28.317545977    0.093203894   -0.084771111
   28.345891868    0.090961165   -0.085309208
   28.374237760    0.088745204   -0.085782864
   28.402583652    0.086726429   -0.086187022
   28.430929544    0.084962485   -0.086517535
   28.459275436    0.083369629   -0.086771199
   28.487621328    0.081729281   -0.086945762
   28.515967220    0.079734065   -0.087039918
   28.544313112    0.077066827   -0.087053313
   28.572659003    0.073496006   -0.086986555
   28.601004895    0.068964169   -0.086841211
   28.629350787    0.063645744   -0.086619791
   28.657696679    0.057955515   -0.086325689
   28.686042571    0.052500362   -0.085963089
   28.714388463    0.047980310   -0.085536829
   28.742734355    0.045057867   -0.085052272
   28.771080246    0.044223452   -0.084515188
   28.799426138    0.045687013   -0.083931687
   28.827772030    0.049320872   -0.083308220
   28.856117922    0.054667596   -0.082651630
   28.884463814    0.061011868   -0.081969239
   28.912809706    0.067500699   -0.081268917
   28.941155598    0.073285455   -0.080559082
   28.969501490    0.077654816   -0.079848599
   28.997847381    0.080130898   -0.079146540
   29.026193273    0.080510487   -0.078461823
   29.054539165    0.078847108   -0.077802776
   29.082885057    0.075383798   -0.077176693
   29.111230949    0.070457553   -0.076589449
   29.139576841    0.064401606   -0.076045272
   29.167922733    0.057470047   -0.075546684
   29.196268624    0.049801415   -0.075094643
   29.224614516    0.041426232   -0.074688825
   29.252960408    0.032311224   -0.074327972
   29.281306300    0.022423493   -0.074010220
   29.309652192    0.011793524   -0.073733284
   29.337998084    0.000557693   -0.073494462
   29.366343976   -0.011032088   -0.073290426
   29.394689868   -0.022633760   -0.073116831
   29.423035759   -0.033867465   -0.072967845
   29.451381651   -0.044379227   -0.072835716
   29.479727543   -0.053897617   -0.072710499
   29.508073435   -0.062267633   -0.072580064
   29.536419327   -0.069453131   -0.072430440
   29.564765219   -0.075508424   -0.072246483
   29.593111111   -0.080528561   -0.072012819
   29.621457003   -0.084593626   -0.071714916
   29.649802894   -0.087723622   -0.071340161
   29.678148786   -0.089856947   -0.070878774
   29.706494678   -0.090858160   -0.070324439
   29.734840570   -0.090552031   -0.069674601
   29.763186462   -0.088773279   -0.068930400
   29.791532354   -0.085417073   -0.068096295
   29.819878246   -0.080475666   -0.067179476
   29.848224137   -0.074051048   -0.066189160
   29.876570029   -0.066341081   -0.065135894
   29.904915921   -0.057604663   -0.064030928
   29.933261813   -0.048117808   -0.062885720
   29.961607705   -0.038135133   -0.061711590
   29.989953597   -0.027869324   -0.060519492
   30.018299489   -0.017495280   -0.059319889
   30.046645381   -0.007177578   -0.058122677
   30.074991272    0.002887966   -0.056937148
   30.103337164    0.012433145   -0.055771949
   30.131683056    0.021092099   -0.054635045
   30.160028948    0.028403773   -0.053533678
   30.188374840    0.033846478   -0.052474324
   30.216720732    0.036899780   -0.051462638
   30.245066624    0.037120762   -0.050503386
   30.273412515    0.034216711   -0.049600356
   30.301758407    0.028096168   -0.048756241
   30.330104299    0.018885118   -0.047972507
   30.358450191    0.006903662   -0.047249265
   30.386796083   -0.007391474   -0.046585175
   30.415141975   -0.023484527   -0.045977429
   30.443487867   -0.040879343   -0.045421821
   30.471833759   -0.059160159   -0.044912931
   30.500179650   -0.078020839   -0.044444398
   30.528525542   -0.097257791   -0.044009226
   30.556871434   -0.116731854   -0.043600081
   30.585217326   -0.136312962   -0.043209498
   30.613563218   -0.155825858   -0.042829969
   30.641909110   -0.175014441   -0.042453887
   30.670255002   -0.193536568   -0.042073393
   30.698600894   -0.210992010   -0.041680210
   30.726946785   -0.226976367   -0.041265560
   30.755292677   -0.241145859   -0.040820289
   30.783638569   -0.253274368   -0.040335260
   30.811984461   -0.263285913   -0.039802050
   30.840330353   -0.271252472   -0.039213883
   30.868676245   -0.277356823   -0.038566671
   30.897022137   -0.281830132   -0.037859981
   30.925368028   -0.284881479   -0.037097725
   30.953713920   -0.286639210   -0.036288405
   30.982059812   -0.287121030   -0.035444811
   31.010405704   -0.286241914   -0.034583172
   31.038751596   -0.283858278   -0.033721873
   31.067097488   -0.279836394   -0.032879935
   31.095443380   -0.274125745   -0.032075515
   31.123789272   -0.266816018   -0.031324664
   31.152135163   -0.258160436   -0.030640546
   31.180481055   -0.248557124   -0.030033211
   31.208826947   -0.238491815   -0.029509890
   31.237172839   -0.228456218   -0.029075692
   31.265518731   -0.218863633   -0.028734473
   31.293864623   -0.209984865   -0.028489660
   31.322210515   -0.201922425   -0.028344804
   31.350556406   -0.194630791   -0.028303756
   31.378902298   -0.187977698   -0.028370419
   31.407248190   -0.181829566   -0.028548186
   31.435594082   -0.176136575   -0.028839219
   31.463939974   -0.170991827   -0.029243772
   31.492285866   -0.166644966   -0.029759752
   31.520631758   -0.163462296   -0.030382630
   31.548977650   -0.161839814   -0.031105747
   31.577323541   -0.162088914   -0.031920924
   31.605669433   -0.164323271   -0.032819255
   31.634015325   -0.168376955   -0.033791880
   31.662361217   -0.173777727   -0.034830566
   31.690707109   -0.179786826   -0.035927994
   31.719053001   -0.185500704   -0.037077688
   31.747398893   -0.189994821   -0.038273665
   31.775744785   -0.192478917   -0.039509911
   31.804090676   -0.192429677   -0.040779859
   31.832436568   -0.189671510   -0.042076022
   31.860782460   -0.184387990   -0.043389883
   31.889128352   -0.177062551   -0.044712101
   31.917474244   -0.168363196   -0.046032974
   31.945820136   -0.158998424   -0.047343066
   31.974166028   -0.149577172   -0.048633859
   32.002511919   -0.140503278   -0.049898290
   32.030857811   -0.131925405   -0.051131073
   32.059203703   -0.123749229   -0.052328768
   32.087549595   -0.115703644   -0.053489615
   32.115895487   -0.107440484   -0.054613213
   32.144241379   -0.098640798   -0.055700137
   32.172587271   -0.089101280   -0.056751613
   32.200933163   -0.078781614   -0.057769294
   32.229279054   -0.067804931   -0.058755186
   32.257624946   -0.056416191   -0.059711677
   32.285970838   -0.044913695   -0.060641629
   32.314316730   -0.033574525   -0.061548436
   32.342662622   -0.022594437   -0.062435996
   32.371008514   -0.012056945   -0.063308554
   32.399354406   -0.001937085   -0.064170427
   32.427700297    0.007864649   -0.065025661
   32.456046189    0.017470662   -0.065877681
   32.484392081    0.026973189   -0.066729022
   32.512737973    0.036394999   -0.067581195
   32.541083865    0.045673776   -0.068434703
   32.569429757    0.054672307   -0.069289210
   32.597775649    0.063208933   -0.070143781
   32.626121541    0.071097265   -0.070997142
   32.654467432    0.078182493   -0.071847869
   32.682813324    0.084364015   -0.072694465
   32.711159216    0.089599533   -0.073535292
   32.739505108    0.093892363   -0.074368391
   32.767851000    0.097269292   -0.075191234
   32.796196892    0.099759144   -0.076000490
   32.824542784    0.101381250   -0.076791858
   32.852888676    0.102148871   -0.077560042
   32.881234567    0.102086423   -0.078298858
   32.909580459    0.101253472   -0.079001486
   32.937926351    0.099764746   -0.079660801
   32.966272243    0.097795433   -0.080269734
   32.994618135    0.095564942   -0.080821607
   33.022964027    0.093299158   -0.081310385
   33.051309919    0.091178972   -0.081730849
   33.079655810    0.089289062   -0.082078671
   33.108001702    0.087583390   -0.082350437
   33.136347594    0.085881477   -0.082543642
   33.164693486    0.083902510   -0.082656686
   33.193039378    0.081334244   -0.082688893
   33.221385270    0.077923328   -0.082640536
   33.249731162    0.073565883   -0.082512876
   33.278077054    0.068374486   -0.082308160
   33.306422945    0.062701209   -0.082029587
   33.334768837    0.057105663   -0.081681206
   33.363114729    0.052269874   -0.081267784
   33.391460621    0.048875186   -0.080794645
   33.419806513    0.047466697   -0.080267531
   33.448152405    0.048335221   -0.079692517
   33.476498297    0.051443954   -0.079075992
   33.504844188    0.056417518   -0.078424715
   33.533190080    0.062596980   -0.077745903
   33.561535972    0.069149263   -0.077047319
   33.589881864    0.075206987   -0.076337294
   33.618227756    0.080008129   -0.075624642
   33.646573648    0.083005748   -0.074918436
   33.674919540    0.083926021   -0.074227662
   33.703265432    0.082765902   -0.073560785
   33.731611323    0.079736386   -0.072925301
   33.759957215    0.075169964   -0.072327351
   33.788303107    0.069418201   -0.071771473
   33.816648999    0.062765779   -0.071260538
   33.844994891    0.055381028   -0.070795867
   33.873340783    0.047311791   -0.070377496
   33.901686675    0.038522686   -0.070004518
   33.930032567    0.028958823   -0.069675387
   33.958378458    0.018614745   -0.069388114
   33.986724350    0.007587241   -0.069140281
   34.015070242   -0.003903474   -0.068928841
   34.043416134   -0.015529852   -0.068749756
   34.071762026   -0.026904995   -0.068597544
   34.100107918   -0.037648078   -0.068464846
   34.128453810   -0.047448258   -0.068342143
   34.156799701   -0.056109122   -0.068217726
   34.185145593   -0.063561894   -0.068077979
   34.213491485   -0.069844965   -0.067907980
   34.241837377   -0.075057068   -0.067692368
   34.270183269   -0.079298770   -0.067416373
   34.298529161   -0.082619833   -0.067066864
   34.326875053   -0.084987750   -0.066633282
   34.355220945   -0.086286082   -0.066108341
   34.383566836   -0.086342282   -0.065488409
   34.411912728   -0.084976061   -0.064773552
   34.440258620   -0.082053604   -0.063967272
   34.468604512   -0.077531701   -0.063075990
   34.496950404   -0.071479395   -0.062108398
   34.525296296   -0.064071888   -0.061074755
   34.553642188   -0.055560060   -0.059986221
   34.581988079   -0.046226332   -0.058854308
   34.610333971   -0.036341627   -0.057690453
   34.638679863   -0.026137531   -0.056505731
   34.667025755   -0.015802687   -0.055310699
   34.695371647   -0.005504470   -0.054115310
   34.723717539    0.004571488   -0.052928895
   34.752063431    0.014177796   -0.051760165
   34.780409323    0.022973984   -0.050617208
   34.808755214    0.030520975   -0.049507483
   34.837101106    0.036308057   -0.048437777
   34.865446998    0.039809808   -0.047414142
   34.893792890    0.040561449   -0.046441789
   34.922138782    0.038234953   -0.045524964
   34.950484674    0.032696917   -0.044666787
   34.978830566    0.024033062   -0.043869106
   35.007176458    0.012532461   -0.043132357
   35.035522349   -0.001365143   -0.042455489
   35.063868241   -0.017146011   -0.041835961
   35.092214133   -0.034304062   -0.041269846
   35.120560025   -0.052407504   -0.040752026
   35.148905917   -0.071134909   -0.040276461
   35.177251809   -0.090273905   -0.039836493
   35.205597701   -0.109686121   -0.039425113
   35.233943592   -0.129251353   -0.039035146
   35.262289484   -0.148809518   -0.038659313
   35.290635376   -0.168119179   -0.038290165
   35.318981268   -0.186846284   -0.037919933
   35.347327160   -0.204587709   -0.037540355
   35.375673052   -0.220923772   -0.037142600
   35.404018944   -0.235485152   -0.036717389
   35.432364836   -0.248015065   -0.036255373
   35.460710727   -0.258408497   -0.035747808
   35.489056619   -0.266716527   -0.035187473
   35.517402511   -0.273113631   -0.034569707
   35.545748403   -0.277836402   -0.033893391
   35.574094295   -0.281110546   -0.033161692
   35.602440187   -0.283086658   -0.032382376
   35.630786079   -0.283803178   -0.031567599
   35.659131970   -0.283187497   -0.030733140
   35.687477862   -0.281095466   -0.029897182
   35.715823754   -0.277378577   -0.029078805
   35.744169646   -0.271959854   -0.028296455
   35.772515538   -0.264896567   -0.027566624
   35.800861430   -0.256410992   -0.026902957
   35.829207322   -0.246879024   -0.026315908
   35.857553214   -0.236778096   -0.025812949
   35.885899105   -0.226607348   -0.025399215
   35.914244997   -0.216801170   -0.025078393
   35.942590889   -0.207659658   -0.024853608
   35.970936781   -0.199315374   -0.024728085
   35.999282673   -0.191746091   -0.024705430
   36.027628565   -0.184830469   -0.024789480
   36.055974457   -0.178431311   -0.024983773
   36.084320349   -0.172482624   -0.025290815
   36.112666240   -0.167054545   -0.025711326
   36.141012132   -0.162375205   -0.026243695
   36.169358024   -0.158799517   -0.026883774
   36.197703916   -0.156729050   -0.027625098
   36.226049808   -0.156500823   -0.028459459
   36.254395700   -0.158272379   -0.029377715
   36.282741592   -0.161933224   -0.030370641
   36.311087483   -0.167067754   -0.031429617
   36.339433375   -0.172983168   -0.032547017
   36.367779267   -0.178800448   -0.033716223
   36.396125159   -0.183591105   -0.034931302
   36.424471051   -0.186530925   -0.036186461
   36.452816943   -0.187037299   -0.037475453
   36.481162835   -0.184860093   -0.038791113
   36.509508727   -0.180106633   -0.040125163
   36.537854618   -0.173196498   -0.041468345
   36.566200510   -0.164757841   -0.042810872
   36.594546402   -0.155489859   -0.044143081
   36.622892294   -0.146022811   -0.045456139
   36.651238186   -0.136806088   -0.046742658
   36.679584078   -0.128046844   -0.047997075
   36.707929970   -0.119708647   -0.049215755
   36.736275861   -0.111565048   -0.050396820
   36.764621753   -0.103290483   -0.051539786
   36.792967645   -0.094563425   -0.052645139
   36.821313537   -0.085155887   -0.053713953
   36.849659429   -0.074988961   -0.054747655
   36.878005321   -0.064144301   -0.055747960
   36.906351213   -0.052833436   -0.056716955
   36.934697105   -0.041337325   -0.057657258
   36.963042996   -0.029935051   -0.058572147
   36.991388888   -0.018841585   -0.059465569
   37.019734780   -0.008170254   -0.060341996
   37.048080672    0.002072536   -0.061206101
   37.076426564    0.011962195   -0.062062339
   37.104772456    0.021610465   -0.062914508
   37.133118348    0.031114239   -0.063765397
   37.161464240    0.040513553   -0.064616607
   37.189810131    0.049769702   -0.065468574
   37.218156023    0.058767628   -0.066320781
   37.246501915    0.067339461   -0.067172090
   37.274847807    0.075300268   -0.068021082
   37.303193699    0.082484466   -0.068866324
   37.331539591    0.088772439   -0.069706471
   37.359885483    0.094101121   -0.070540182
   37.388231374    0.098458152   -0.071365875
   37.416577266    0.101864701   -0.072181396
   37.444923158    0.104355491   -0.072983702
   37.473269050    0.105964770   -0.073768646
   37.501614942    0.106724070   -0.074530935
   37.529960834    0.106672533   -0.075264293
   37.558306726    0.105875097   -0.075961771
   37.586652618    0.104439871   -0.076616170
   37.614998509    0.102525052   -0.077220466
   37.643344401    0.100328255   -0.077768159
   37.671690293    0.098056644   -0.078253508
   37.700036185    0.095883072   -0.078671623
   37.728382077    0.093899556   -0.079018447
   37.756727969    0.092082599   -0.079290690
   37.785073861    0.090283933   -0.079485761
   37.813419752    0.088254900   -0.079601767
   37.841765644    0.085704124   -0.079637585
   37.870111536    0.082378456   -0.079592990
   37.898457428    0.078149244   -0.079468807
   37.926803320    0.073082000   -0.079267024
   37.955149212    0.067469186   -0.078990809
   37.983495104    0.061813026   -0.078644423
   38.011840996    0.056756517   -0.078233023
   38.040186887    0.052973476   -0.077762412
   38.068532779    0.051039289   -0.077238789
   38.096878671    0.051310090   -0.076668573
   38.125224563    0.053837703   -0.076058342
   38.153570455    0.058340503   -0.075414879
   38.181916347    0.064238178   -0.074745325
   38.210262239    0.070743884   -0.074057329
   38.238608131    0.076994246   -0.073359141
   38.266954022    0.082189142   -0.072659565
   38.295299914    0.085711527   -0.071967731
   38.323645806    0.087202858   -0.071292701
   38.351991698    0.086580887   -0.070642968
   38.380337590    0.084000544   -0.070025937
   38.408683482    0.079771967   -0.069447525
   38.437029374    0.074259074   -0.068911929
   38.465375265    0.067785100   -0.068421658
   38.493721157    0.060567843   -0.067977774
   38.522067049    0.052697971   -0.067580298
   38.550412941    0.044161532   -0.067228641
   38.578758833    0.034895862   -0.066921944
   38.607104725    0.024859798   -0.066659193
   38.635450617    0.014096331   -0.066439073
   38.663796509    0.002769201   -0.066259537
   38.692142400   -0.008836739   -0.066117207
   38.720488292   -0.020350793   -0.066006722
   38.748834184   -0.031376625   -0.065920207
   38.777180076   -0.041559907   -0.065847023
   38.805525968   -0.050644426   -0.065773900
   38.833871860   -0.058501526   -0.065685483
   38.862217752   -0.065125809   -0.065565245
   38.890563643   -0.070599816   -0.065396651
   38.918909535   -0.075039098   -0.065164386
   38.947255427   -0.078534262   -0.064855491
   38.975601319   -0.081106827   -0.064460226
   39.003947211   -0.082691155   -0.063972582
   39.032293103   -0.083146778   -0.063390385
   39.060638995   -0.082296546   -0.062715048
   39.088984887   -0.079978733   -0.061951050
   39.117330778   -0.076097713   -0.061105259
   39.145676670   -0.070658926   -0.060186231
   39.174022562   -0.063779141   -0.059203574
   39.202368454   -0.055670874   -0.058167440
   39.230714346   -0.046607651   -0.057088179
   39.259060238   -0.036882449   -0.055976108
   39.287406130   -0.026773184   -0.054841401
   39.315752022   -0.016526289   -0.053694009
   39.344097913   -0.006363028   -0.052543606
   39.372443805    0.003494770   -0.051399520
   39.400789697    0.012789854   -0.050270640
   39.429135589    0.021199763   -0.049165311
   39.457481481    0.028325684   -0.048091225
   39.485827373    0.033708590   -0.047055311
   39.514173265    0.036873261   -0.046063630
   39.542519156    0.037392136   -0.045121283
   39.570865048    0.034954152   -0.044232304
   39.599210940    0.029421001   -0.043399566
   39.627556832    0.020855447   -0.042624677
   39.655902724    0.009513124   -0.041907909
   39.684248616   -0.004201342   -0.041248158
   39.712594508   -0.019803521   -0.040642972
   39.740940400   -0.036806488   -0.040088660
   39.769286291   -0.054786909   -0.039580468
   39.797632183   -0.073423775   -0.039112807
   39.825978075   -0.092501422   -0.038679500
   39.854323967   -0.111878604   -0.038273984
   39.882669859   -0.131435047   -0.037889432
   39.911015751   -0.151013287   -0.037518784
   39.939361643   -0.170374852   -0.037154669
   39.967707534   -0.189185559   -0.036789298
   39.996053426   -0.207036071   -0.036414375
   40.024399318   -0.223493273   -0.036021131
   40.052745210   -0.238168680   -0.035600555
   40.081091102   -0.250784522   -0.035143881
   40.109436994   -0.261218247   -0.034643308
   40.137782886   -0.269511843   -0.034092902
   40.166128778   -0.275842205   -0.033489543
   40.194474669   -0.280459855   -0.032833761
   40.222820561   -0.283612651   -0.032130292
   40.251166453   -0.285475760   -0.031388201
   40.279512345   -0.286107886   -0.030620527
   40.307858237   -0.285446624   -0.029843434
   40.336204129   -0.283344852   -0.029074984
   40.364550021   -0.279638328   -0.028333719
   40.392895913   -0.274225452   -0.027637250
   40.421241804   -0.267136159   -0.027001100
   40.449587696   -0.258569443   -0.026437953
   40.477933588   -0.248887417   -0.025957400
   40.506279480   -0.238565856   -0.025566178
   40.534625372   -0.228113566   -0.025268783
   40.562971264   -0.217982067   -0.025068280
   40.591317156   -0.208490358   -0.024967087
   40.619663047   -0.199785905   -0.024967563
   40.648008939   -0.191853232   -0.025072242
   40.676354831   -0.184568253   -0.025283698
   40.704700723   -0.177783327   -0.025604096
   40.733046615   -0.171418710   -0.026034551
   40.761392507   -0.165533190   -0.026574503
   40.789738399   -0.160351362   -0.027221267
   40.818084291   -0.156236060   -0.027969899
   40.846430182   -0.153609145   -0.028813413
   40.874776074   -0.152838230   -0.029743327
   40.903121966   -0.154117232   -0.030750398
   40.931467858   -0.157371856   -0.031825386
   40.959813750   -0.162216408   -0.032959667
   40.988159642   -0.167976617   -0.034145575
   41.016505534   -0.173777370   -0.035376407
   41.044851425   -0.178678446   -0.036646124
   41.073197317   -0.181829432   -0.037948859
   41.101543209   -0.182610045   -0.039278386
   41.129889101   -0.180725358   -0.040627709
   41.158234993   -0.176235942   -0.041988900
   41.186580885   -0.169518155   -0.043353238
   41.214926777   -0.161165779   -0.044711619
   41.243272669   -0.151857068   -0.046055154
   41.271618560   -0.142217984   -0.047375790
   41.299964452   -0.132711471   -0.048666836
   41.328310344   -0.123574739   -0.049923256
   41.356656236   -0.114813830   -0.051141713
   41.385002128   -0.106250669   -0.052320375
   41.413348020   -0.097605937   -0.053458571
   41.441693912   -0.088594123   -0.054556441
   41.470039804   -0.079006586   -0.055614670
   41.498385695   -0.068763856   -0.056634395
   41.526731587   -0.057928098   -0.057617292
   41.555077479   -0.046677640   -0.058565772
   41.583423371   -0.035255001   -0.059483190
   41.611769263   -0.023905357   -0.060373930
   41.640115155   -0.012823027   -0.061243273
   41.668461047   -0.002119360   -0.062097013
   41.696806938    0.008181856   -0.062940851
   41.725152830    0.018123587   -0.063779685
   41.753498722    0.027778213   -0.064616957
   41.781844614    0.037206117   -0.065454220
   41.810190506    0.046422411   -0.066291045
   41.838536398    0.055380294   -0.067125301
   41.866882290    0.063973808   -0.067953771
   41.895228182    0.072056875   -0.068772941
   41.923574073    0.079471206   -0.069579787
   41.951919965    0.086074096   -0.070372342
   41.980265857    0.091758498   -0.071149907
   42.008611749    0.096461391   -0.071912843
   42.036957641    0.100160932   -0.072661990
   42.065303533    0.102866684   -0.073397856
   42.093649425    0.104609040   -0.074119789
   42.121995316    0.105433329   -0.074825334
   42.150341208    0.105401273   -0.075509954
   42.178687100    0.104598497   -0.076167173
   42.207032992    0.103143272   -0.076789122
   42.235378884    0.101189794   -0.077367349
   42.263724776    0.098920080   -0.077893698
   42.292070668    0.096521881   -0.078361059
   42.320416560    0.094154980   -0.078763824
   42.348762451    0.091913390   -0.079097994
   42.377108343    0.089794478   -0.079360939
   42.405454235    0.087686515   -0.079550965
   42.433800127    0.085383100   -0.079666820
   42.462146019    0.082626642   -0.079707346
   42.490491911    0.079175185   -0.079671371
   42.518837803    0.074879353   -0.079557901
   42.547183695    0.069751330   -0.079366547
   42.575529586    0.064007140   -0.079098059
   42.603875478    0.058067782   -0.078754804
   42.632221370    0.052513235   -0.078341036
   42.660567262    0.047994164   -0.077862854
   42.688913154    0.045116785   -0.077327858
   42.717259046    0.044323896   -0.076744556
   42.745604938    0.045797707   -0.076121704
   42.773950829    0.049406609   -0.075467711
   42.802296721    0.054709224   -0.074790278
   42.830642613    0.061016724   -0.074096323
   42.858988505    0.067501530   -0.073392193
   42.887334397    0.073330094   -0.072684059
   42.915680289    0.077792141   -0.071978330
   42.944026181    0.080399808   -0.071281943
   42.972372073    0.080937379   -0.070602398
   43.000717964    0.079453917   -0.069947497
   43.029063856    0.076204365   -0.069324841
   43.057409748    0.071556202   -0.068741203
   43.085755640    0.065885923   -0.068201953
   43.114101532    0.059490619   -0.067710679
   43.142447424    0.052534777   -0.067269111
   43.170793316    0.045042552   -0.066877361
   43.199139207    0.036933681   -0.066534377
   43.227485099    0.028090168   -0.066238476
   43.255830991    0.018433529   -0.065987750
   43.284176883    0.007990571   -0.065780202
   43.312522775   -0.003070350   -0.065613523
   43.340868667   -0.014442102   -0.065484534
   43.369214559   -0.025719316   -0.065388431
   43.397560451   -0.036465371   -0.065318032
   43.425906342   -0.046287723   -0.065263264
   43.454252234   -0.054901746   -0.065211074
   43.482598126   -0.062166841   -0.065145877
   43.510944018   -0.068086368   -0.065050521
   43.539289910   -0.072772821   -0.064907632
   43.567635802   -0.076388866   -0.064701112
   43.595981694   -0.079080938   -0.064417526
   43.624327586   -0.080923584   -0.064047146
   43.652673477   -0.081889267   -0.063584480
   43.681019369   -0.081851113   -0.063028262
   43.709365261   -0.080617047   -0.062380951
   43.737711153   -0.077985490   -0.061647913
   43.766057045   -0.073807493   -0.060836495
   43.794402937   -0.068039095   -0.059955173
   43.822748829   -0.060771120   -0.059012930
   43.851094720   -0.052230226   -0.058018914
   43.879440612   -0.042753035   -0.056982352
   43.907786504   -0.032742169   -0.055912624
   43.936132396   -0.022617126   -0.054819368
   43.964478288   -0.012773126   -0.053712531
   43.992824180   -0.003557432   -0.052602260
   44.021170072    0.004733538   -0.051498673
   44.049515964    0.011839873   -0.050411522
   44.077861855    0.017515516   -0.049349851
   44.106207747    0.021508641   -0.048321729
   44.134553639    0.023555007   -0.047334108
   44.162899531    0.023389712   -0.046392818
   44.191245423    0.020776372   -0.045502665
   44.219591315    0.015546598   -0.044667546
   44.247937207    0.007638581   -0.043890524
   44.276283098   -0.002877048   -0.043173792
   44.304628990   -0.015792874   -0.042518525
   44.332974882   -0.030784837   -0.041924665
   44.361320774   -0.047452874   -0.041390720
   44.389666666   -0.065372166   -0.040913658
   44.418012558   -0.084141934   -0.040488993
   44.446358450   -0.103419456   -0.040111063
   44.474704342   -0.122931311   -0.039773488
   44.503050233   -0.142460671   -0.039469686
   44.531396125   -0.161816692   -0.039193344
   44.559742017   -0.180797513   -0.038938706
   44.588087909   -0.199160419   -0.038700606
   44.616433801   -0.216610594   -0.038474241
   44.644779693   -0.232814191   -0.038254766
   44.673125585   -0.247433781   -0.038036855
   44.701471477   -0.260176917   -0.037814415
   44.729817368   -0.270843816   -0.037580606
   44.758163260   -0.279359512   -0.037328270
   44.786509152   -0.285779722   -0.037050758
   44.814855044   -0.290266931   -0.036743032
   44.843200936   -0.293041925   -0.036402850
   44.871546828   -0.294323559   -0.036031747
   44.899892720   -0.294273546   -0.035635613
   44.928238611   -0.292962308   -0.035224664
   44.956584503   -0.290366310   -0.034812792
   44.984930395   -0.286398407   -0.034416360
   45.013276287   -0.280963013   -0.034052658
   45.041622179   -0.274020213   -0.033738310
   45.069968071   -0.265639718   -0.033487888
   45.098313963   -0.256027808   -0.033313005
   45.126659855   -0.245517796   -0.033221974
   45.155005746   -0.234525018   -0.033220051
   45.183351638   -0.223477960   -0.033310106
   45.211697530   -0.212744701   -0.033493525
   45.240043422   -0.202576084   -0.033771078
   45.268389314   -0.193082894   -0.034143544
   45.296735206   -0.184254903   -0.034611964
   45.325081098   -0.176017308   -0.035177490
   45.353426989   -0.168308448   -0.035840925
   45.381772881   -0.161155112   -0.036602105
   45.410118773   -0.154720711   -0.037459334
   45.438464665   -0.149307760   -0.038409029
   45.466810557   -0.145308065   -0.039445685
   45.495156449   -0.143108796   -0.040562173
   45.523502341   -0.142975990   -0.041750303
   45.551848233   -0.144945431   -0.043001495
   45.580194124   -0.148751435   -0.044307414
   45.608540016   -0.153816464   -0.045660406
   45.636885908   -0.159310309   -0.047053659
   45.665231800   -0.164270360   -0.048481082
   45.693577692   -0.167758710   -0.049936957
   45.721923584   -0.169021724   -0.051415497
   45.750269476   -0.167616024   -0.052910443
   45.778615368   -0.163472221   -0.054414819
   45.806961259   -0.156882354   -0.055920921
   45.835307151   -0.148415194   -0.057420534
   45.863653043   -0.138780619   -0.058905337
   45.891998935   -0.128675853   -0.060367370
   45.920344827   -0.118649535   -0.061799477
   45.948690719   -0.109013693   -0.063195620
   45.977036611   -0.099820450   -0.064551008
   46.005382502   -0.090903385   -0.065862062
   46.033728394   -0.081967292   -0.067126260
   46.062074286   -0.072699024   -0.068341939
   46.090420178   -0.062868713   -0.069508153
   46.118766070   -0.052395616   -0.070624621
   46.147111962   -0.041364356   -0.071691803
   46.175457854   -0.029992037   -0.072711044
   46.203803746   -0.018560321   -0.073684740
   46.232149637   -0.007335439   -0.074616402
   46.260495529    0.003499044   -0.075510580
   46.288841421    0.013877315   -0.076372572
   46.317187313    0.023845566   -0.077207954
   46.345533205    0.033519508   -0.078021990
   46.373879097    0.043020239   -0.078819043
   46.402224989    0.052409566   -0.079602090
   46.430570880    0.061645428   -0.080372481
   46.458916772    0.070571290   -0.081129969
   46.487262664    0.078942691   -0.081873035
   46.515608556    0.086482656   -0.082599422
   46.543954448    0.092948985   -0.083306765
   46.572300340    0.098193076   -0.083993167
   46.600646232    0.102192806   -0.084657587
   46.628992124    0.105050155   -0.085299938
   46.657338015    0.106955147   -0.085920891
   46.685683907    0.108127962   -0.086521411
   46.714029799    0.108757570   -0.087102145
   46.742375691    0.108955984   -0.087662818
   46.770721583    0.108742034   -0.088201769
   46.799067475    0.108058975   -0.088715758
   46.827413367    0.106819244   -0.089200087
   46.855759259    0.104960754   -0.089649015
   46.884105150    0.102494958   -0.090056381
   46.912451042    0.099529091   -0.090416300
   46.940796934    0.096252907   -0.090723787
   46.969142826    0.092891604   -0.090975182
   46.997488718    0.089638083   -0.091168323
   47.025834610    0.086585643   -0.091302449
   47.054180502    0.083684023   -0.091377913
   47.082526393    0.080736551   -0.091395805
   47.110872285    0.077445105   -0.091357610
   47.139218177    0.073495706   -0.091265011
   47.167564069    0.068664672   -0.091119877
   47.195909961    0.062917268   -0.090924441
   47.224255853    0.056470133   -0.090681590
   47.252601745    0.049796202   -0.090395158
   47.280947637    0.043564511   -0.090070116
   47.309293528    0.038523899   -0.089712558
   47.337639420    0.035354653   -0.089329456
   47.365985312    0.034521619   -0.088928231
   47.394331204    0.036163473   -0.088516212
   47.422677096    0.040045196   -0.088100148
   47.451022988    0.045586194   -0.087685888
   47.479368880    0.051958594   -0.087278349
   47.507714771    0.058233618   -0.086881776
   47.536060663    0.063542814   -0.086500269
   47.564406555    0.067218139   -0.086138410
   47.592752447    0.068880978   -0.085801847
   47.621098339    0.068463460   -0.085497619
   47.649444231    0.066162385   -0.085234088
   47.677790123    0.062342212   -0.085020425
   47.706136015    0.057414860   -0.084865683
   47.734481906    0.051727812   -0.084777601
   47.762827798    0.045487621   -0.084761366
   47.791173690    0.038734780   -0.084818567
   47.819519582    0.031371485   -0.084946567
   47.847865474    0.023229814   -0.085138423
   47.876211366    0.014158117   -0.085383400
   47.904557258    0.004100145   -0.085667983
   47.932903150   -0.006854725   -0.085977209
   47.961249041   -0.018462507   -0.086296078
   47.989594933   -0.030357106   -0.086610800
   48.017940825   -0.042113230   -0.086909682
   48.046286717   -0.053321118   -0.087183548
   48.074632609   -0.063652569   -0.087425672
   48.102978501   -0.072901692   -0.087631347
   48.131324393   -0.080992007   -0.087797223
   48.159670284   -0.087951585   -0.087920611
   48.188016176   -0.093866714   -0.087998931
   48.216362068   -0.098829820   -0.088029408
   48.244707960   -0.102897656   -0.088009060
   48.273053852   -0.106071428   -0.087934933
   48.301399744   -0.108302978   -0.087804500
   48.329745636   -0.109522857   -0.087616087
   48.358091528   -0.109679583   -0.087369222
   48.386437419   -0.108776443   -0.087064814
   48.414783311   -0.106893583   -0.086705137
   48.443129203   -0.104188300   -0.086293641
   48.471475095   -0.100873624   -0.085834637
   48.499820987   -0.097182302   -0.085332957
   48.528166879   -0.093327946   -0.084793640
   48.556512771   -0.089476001   -0.084221714
   48.584858662   -0.085734184   -0.083622083
   48.613204554   -0.082165894   -0.082999503
   48.641550446   -0.078822875   -0.082358623
   48.669896338   -0.075787111   -0.081704028
   48.698242230   -0.073208583   -0.081040261
   48.726588122   -0.071326051   -0.080371790
   48.754934014   -0.070462368   -0.079702928
   48.783279906   -0.070992764   -0.079037714
   48.811625797   -0.073292075   -0.078379787
   48.839971689   -0.077672926   -0.077732270
   48.868317581   -0.084329637   -0.077097703
   48.896663473   -0.093301442   -0.076478009
   48.925009365   -0.104463723   -0.075874514
   48.953355257   -0.117548793   -0.075287989
   48.981701149   -0.132190312   -0.074718731
   49.010047041   -0.147979687   -0.074166647
   49.038392932   -0.164520365   -0.073631356
   49.066738824   -0.181467376   -0.073112299
   49.095084716   -0.198544218   -0.072608853
   49.123430608   -0.215535980   -0.072120438
   49.151776500   -0.232264290   -0.071646609
   49.180122392   -0.248554584   -0.071187117
   49.208468284   -0.264207806   -0.070741923
   49.236814175   -0.278986760   -0.070311160
   49.265160067   -0.292622407   -0.069895078
   49.293505959   -0.304839061   -0.069493978
   49.321851851   -0.315391414   -0.069108208
   49.350197743   -0.324102532   -0.068738237
   49.378543635   -0.330891273   -0.068384864
   49.406889527   -0.335780454   -0.068049545
   49.435235419   -0.338882467   -0.067734791
   49.463581310   -0.340365499   -0.067444586
   49.491927202   -0.340409208   -0.067184686
   49.520273094   -0.339161837   -0.066962723
   49.548618986   -0.336710590   -0.066788004
   49.576964878   -0.333073464   -0.066671001
   49.605310770   -0.328214716   -0.066622534
   49.633656662   -0.322079392   -0.066652775
   49.662002553   -0.314636812   -0.066770219
   49.690348445   -0.305920119   -0.066980792
   49.718694337   -0.296049929   -0.067287270
   49.747040229   -0.285234518   -0.067689114
   49.775386121   -0.273745699   -0.068182746
   49.803732013   -0.261876751   -0.068762214
   49.832077905   -0.249894377   -0.069420104
   49.860423797   -0.237998982   -0.070148512
   49.888769688   -0.226305843   -0.070939893
   49.917115580   -0.214854143   -0.071787631
   49.945461472   -0.203642873   -0.072686239
   49.973807364   -0.192684316   -0.073631210
   50.002153256   -0.182059532   -0.074618596
   50.030499148   -0.171957995   -0.075644461
   50.058845040   -0.162686026   -0.076704374
   50.087190932   -0.154635803   -0.077793077
   50.115536823   -0.148216761   -0.078904417
   50.143882715   -0.143761766   -0.080031542
   50.172228607   -0.141428701   -0.081167301
   50.200574499   -0.141121760   -0.082304735
   50.228920391   -0.142454515   -0.083437509
   50.257266283   -0.144768821   -0.084560188
   50.285612175   -0.147211530   -0.085668276
   50.313958066   -0.148857602   -0.086758029
   50.342303958   -0.148856635   -0.087826091
   50.370649850   -0.146573186   -0.088869071
   50.398995742   -0.141691213   -0.089883189
   50.427341634   -0.134259899   -0.090864086
   50.455687526   -0.124670520   -0.091806867
   50.484033418   -0.113569135   -0.092706388
   50.512379310   -0.101724122   -0.093557719
   50.540725201   -0.089877499   -0.094356693
   50.569071093   -0.078612248   -0.095100411
   50.597416985   -0.068263571   -0.095787598
   50.625762877   -0.058891263   -0.096418716
   50.654108769   -0.050315756   -0.096995804
   50.682454661   -0.042205507   -0.097522042
   50.710800553   -0.034191846   -0.098001115
   50.739146444   -0.025981995   -0.098436441
   50.767492336   -0.017442942   -0.098830387
   50.795838228   -0.008637424   -0.099183570
   50.824184120    0.000193677   -0.099494340
   50.852530012    0.008694404   -0.099758513
   50.880875904    0.016482876   -0.099969422
   50.909221796    0.023241490   -0.100118282
   50.937567688    0.028784270   -0.100194864
   50.965913579    0.033084949   -0.100188420
   50.994259471    0.036260969   -0.100088774
   51.022605363    0.038520994   -0.099887439
   51.050951255    0.040093384   -0.099578625
   51.079297147    0.041157604   -0.099159985
   51.107643039    0.041798620   -0.098632963
   51.135988931    0.041996662   -0.098002670
   51.164334823    0.041653575   -0.097277287
   51.192680714    0.040645609   -0.096467034
   51.221026606    0.038884320   -0.095582887
   51.249372498    0.036364697   -0.094635220
   51.277718390    0.033183434   -0.093632592
   51.306064282    0.029519586   -0.092580895
   51.334410174    0.025581794   -0.091482971
   51.362756066    0.021537515   -0.090338753
   51.391101957    0.017446693   -0.089145874
   51.419447849    0.013222877   -0.087900571
   51.447793741    0.008638331   -0.086598701
   51.476139633    0.003377815   -0.085236640
   51.504485525   -0.002868495   -0.083811883
   51.532831417   -0.010294988   -0.082323266
   51.561177309   -0.018882733   -0.080770782
   51.589523201   -0.028342476   -0.079155104
   51.617869092   -0.038118788   -0.077476967
   51.646214984   -0.047461102   -0.075736588
   51.674560876   -0.055550387   -0.073933298
   51.702906768   -0.061655221   -0.072065473
   51.731252660   -0.065282116   -0.070130786
   51.759598552   -0.066284671   -0.068126712
   51.787944444   -0.064904765   -0.066051148
   51.816290335   -0.061734665   -0.063903002
   51.844636227   -0.057607567   -0.061682599
   51.872982119   -0.053441064   -0.059391827
   51.901328011   -0.050069033   -0.057033995
   51.929673903   -0.048099560   -0.054613480
   51.958019795   -0.047829399   -0.052135245
   51.986365687   -0.049230920   -0.049604380
   52.014711579   -0.052009483   -0.047025753
   52.043057470   -0.055712215   -0.044403863
   52.071403362   -0.059857784   -0.041742869
   52.099749254   -0.064053546   -0.039046767
   52.128095146   -0.068072045   -0.036319607
   52.156441038   -0.071871425   -0.033565667
   52.184786930   -0.075560249   -0.030789498
   52.213132822   -0.079322106   -0.027995808
   52.241478714   -0.083325251   -0.025189226
   52.269824605   -0.087644931   -0.022373983
   52.298170497   -0.092220602   -0.019553628
   52.326516389   -0.096858842   -0.016730832
   52.354862281   -0.101278859   -0.013907353
   52.383208173   -0.105185057   -0.011084146
   52.411554065   -0.108343725   -0.008261581
   52.439899957   -0.110640446   -0.005439679
   52.468245848   -0.112101238   -0.002618282
   52.496591740   -0.112871678    0.000202919
   52.524937632   -0.113160913    0.003024528
   52.553283524   -0.113167862    0.005847730
   52.581629416   -0.113011983    0.008674653
   52.609975308   -0.112689456    0.011508700
   52.638321200   -0.112067894    0.014354737
   52.666667092   -0.110921329    0.017219077
   52.695012983   -0.108995314    0.020109215
   52.723358875   -0.106083322    0.023033354
   52.751704767   -0.102092430    0.025999799
   52.780050659   -0.097079631    0.029016339
   52.808396551   -0.091248834    0.032089719
   52.836742443   -0.084910166    0.035225300
   52.865088335   -0.078414143    0.038426938
   52.893434226   -0.072080432    0.041697064
   52.921780118   -0.066142212    0.045036903
   52.950126010   -0.060722265    0.048446738
   52.978471902   -0.055847252    0.051926128
   53.006817794   -0.051495145    0.055474012
   53.035163686   -0.047660712    0.059088690
   53.063509578   -0.044418403    0.062767694
   53.091855470   -0.041962373    0.066507622
   53.120201361   -0.040609825    0.070304017
   53.148547253   -0.040764238    0.074151356
   53.176893145   -0.042846623    0.078043194
   53.205239037   -0.047212145    0.081972458
   53.233584929   -0.054073827    0.085931828
   53.261930821   -0.063453251    0.089914146
   53.290276713   -0.075170839    0.093912738
   53.318622605   -0.088877484    0.097921604
   53.346968496   -0.104118180    0.101935419
   53.375314388   -0.120410035    0.105949378
   53.403660280   -0.137313857    0.109958945
   53.432006172   -0.154481336    0.113959582
   53.460352064   -0.171667636    0.117946560
   53.488697956   -0.188709672    0.121914917
   53.517043848   -0.205480410    0.125859591
   53.545389739   -0.221836194    0.129775684
   53.573735631   -0.237575558    0.133658819
   53.602081523   -0.252423861    0.137505458
   53.630427415   -0.266049646    0.141313125
   53.658773307   -0.278108561    0.145080451
   53.687119199   -0.288301858    0.148807029
   53.715465091   -0.296431688    0.152493144
   53.743810983   -0.302435969    0.156139434
   53.772156874   -0.306391432    0.159746617
   53.800502766   -0.308482781    0.163315368
   53.828848658   -0.308945970    0.166846409
   53.857194550   -0.308001484    0.170340795
   53.885540442   -0.305796686    0.173800350
   53.913886334   -0.302373970    0.177228104
   53.942232226   -0.297674046    0.180628596
   53.970578117   -0.291573466    0.184007907
   53.998924009   -0.283945335    0.187373334
   54.027269901   -0.274725105    0.190732710
   54.055615793   -0.263961458    0.194093445
   54.083961685   -0.251836286    0.197461454
   54.112307577   -0.238646539    0.200840177
   54.140653469   -0.224751832    0.204229893
   54.168999361   -0.210501972    0.207627502
   54.197345252   -0.196165017    0.211026827
   54.225691144   -0.181877110    0.214419423
   54.254037036   -0.167629866    0.217795744
   54.282382928   -0.153300791    0.221146462
   54.310728820   -0.138720007    0.224463690
   54.339074712   -0.123755657    0.227741881
   54.367420604   -0.108393971    0.230978257
   54.395766496   -0.092790005    0.234172703
   54.424112387   -0.077271630    0.237327206
   54.452458279   -0.062291038    0.240444970
   54.480804171   -0.048331754    0.243529445
   54.509150063   -0.035791407    0.246583474
   54.537495955   -0.024868020    0.249608757
   54.565841847   -0.015478341    0.252605696
   54.594187739   -0.007230317    0.255573660
   54.622533630    0.000540204    0.258511526
   54.650879522    0.008673200    0.261418368
   54.679225414    0.018047198    0.264294078
   54.707571306    0.029429170    0.267139794
   54.735917198    0.043342896    0.269958002
   54.764263090    0.059982970    0.272752336
   54.792608982    0.079191385    0.275527137
   54.820954874    0.100499808    0.278286892
   54.849300765    0.123226494    0.281035732
   54.877646657    0.146605689    0.283777086
   54.905992549    0.169921550    0.286513590
   54.934338441    0.192619396    0.289247223
   54.962684333    0.214373677    0.291979619
   54.991030225    0.235102822    0.294712421
   55.019376117    0.254933232    0.297447562
   55.047722008    0.274125311    0.300187370
   55.076067900    0.292981386    0.302934470
   55.104413792    0.311757253    0.305691517
   55.132759684    0.330596045    0.308460857
   55.161105576    0.349496205    0.311244247
   55.189451468    0.368316575    0.314042748
   55.217797360    0.386813093    0.316856852
   55.246143252    0.404695257    0.319686842
   55.274489143    0.421687612    0.322533294
   55.302835035    0.437582154    0.325397565
   55.331180927    0.452271406    0.328282102
   55.359526819    0.465757436    0.331190429
   55.387872711    0.478138095    0.334126757
   55.416218603    0.489576524    0.337095230
   55.444564495    0.500262858    0.340098968
   55.472910387    0.510377422    0.343139114
   55.501256278    0.520062975    0.346214111
   55.529602170    0.529410369    0.349319433
   55.557948062    0.538458272    0.352447876
   55.586293954    0.547204343    0.355590390
   55.614639846    0.555623103    0.358737329
   55.642985738    0.563685015    0.361879870
   55.671331630    0.571371988    0.365011307
   55.699677521    0.578686205    0.368127971
   55.728023413    0.585651309    0.371229578
   55.756369305    0.592307044    0.374318963
   55.784715197    0.598699847    0.377401267
   55.813061089    0.604872564    0.380482802
   55.841406981    0.610856168    0.383569833
   55.869752873    0.616665472    0.386667560
   55.898098765    0.622299533    0.389779497
   55.926444656    0.627746157    0.392907326
   55.954790548    0.632988916    0.396051213
   55.983136440    0.638014598    0.399210415
   56.011482332    0.642819096    0.402383994
   56.039828224    0.647410291    0.405571405
   56.068174116    0.651807394    0.408772819
   56.096520008    0.656037132    0.411989087
   56.124865900    0.660127985    0.415221412
   56.153211791    0.664104099    0.418470831
   56.181557683    0.667980537    0.421737694
   56.209903575    0.671761081    0.425021305
   56.238249467    0.675439113    0.428319828
   56.266595359    0.679001247    0.431630493
   56.294941251    0.682432659    0.434950044
   56.323287143    0.685722647    0.438275272
   56.351633034    0.688868869    0.441603498
   56.379978926    0.691879129    0.444932841
   56.408324818    0.694770231    0.448262217
   56.436670710    0.697564247    0.451591052
   56.465016602    0.700283268    0.454918821
   56.493362494    0.702944120    0.458244537
   56.521708386    0.705554556    0.461566378
   56.550054278    0.708112006    0.464881533
   56.578400169    0.710605251    0.468186366
   56.606746061    0.713018565    0.471476828
   56.635091953    0.715337121    0.474749032
   56.663437845    0.717552121    0.477999828
   56.691783737    0.719664146    0.481227237
   56.720129629    0.721683741    0.484430629
   56.748475521    0.723629051    0.487610623
   56.776821412    0.725521176    0.490768761
   56.805167304    0.727378596    0.493907074
   56.833513196    0.729212327    0.497027688
   56.861859088    0.731023222    0.500132607
   56.890204980    0.732802261    0.503223751
   56.918550872    0.734533762    0.506303248
   56.946896764    0.736200573    0.509373889
   56.975242656    0.737789717    0.512439618
   57.003588547    0.739296804    0.515505886
   57.031934439    0.740727867    0.518579754
   57.060280331    0.742098069    0.521669660
   57.088626223    0.743427624    0.524784892
   57.116972115    0.744736161    0.527934856
   57.145318007    0.746037215    0.531128296
   57.173663899    0.747334507    0.534372634
   57.202009791    0.748621166    0.537673549
   57.230355682    0.749882133    0.541034871
   57.258701574    0.751099059    0.544458755
   57.287047466    0.752256204    0.547946048
   57.315393358    0.753345572    0.551496708
   57.343739250    0.754369699    0.555110144
   57.372085142    0.755341235    0.558785360
   57.400431034    0.756279440    0.562520896
   57.428776925    0.757204625    0.566314591
   57.457122817    0.758132249    0.570163273
   57.485468709    0.759068453    0.574062520
   57.513814601    0.760008424    0.578006575
   57.542160493    0.760938082    0.581988514
   57.570506385    0.761838614    0.586000626
   57.598852277    0.762692453    0.590034943
   57.627198169    0.763488899    0.594083794
   57.655544060    0.764227639    0.598140235
   57.683889952    0.764919093    0.602198257
   57.712235844    0.765581449    0.606252729
   57.740581736    0.766235310    0.610299111
   57.768927628    0.766897568    0.614333028
   57.797273520    0.767576398    0.618349857
   57.825619412    0.768268913    0.622344464
   57.853965303    0.768962208    0.626311180
   57.882311195    0.769637484    0.630244039
   57.910657087    0.770275986    0.634137225
   57.939002979    0.770864941    0.637985601
   57.967348871    0.771401650    0.641785169
   57.995694763    0.771894489    0.645533318
   58.024040655    0.772360489    0.649228798
   58.052386547    0.772820240    0.652871392
   58.080732438    0.773291685    0.656461399
   58.109078330    0.773784721    0.659999065
   58.137424222    0.774298267    0.663484129
   58.165770114    0.774820715    0.666915637
   58.194116006    0.775333623    0.670292089
   58.222461898    0.775817526    0.673611901
   58.250807790    0.776258052    0.676874065
   58.279153682    0.776650479    0.680078822
   58.307499573    0.777001301    0.683228142
   58.335845465    0.777326331    0.686325846
   58.364191357    0.777645917    0.689377271
   58.392537249    0.777978757    0.692388501
   58.420883141    0.778336211    0.695365294
   58.449229033    0.778718884    0.698311911
   58.477574925    0.779116529    0.701230095
   58.505920816    0.779511305    0.704118431
   58.534266708    0.779883383    0.706972225
   58.562612600    0.780217160    0.709783952
   58.590958492    0.780506166    0.712544192
   58.619304384    0.780755137    0.715242863
   58.647650276    0.780978622    0.717870534
   58.675996168    0.781196545    0.720419552
   58.704342060    0.781428104    0.722884801
   58.732687951    0.781685900    0.725263973
   58.761033843    0.781972102    0.727557357
   58.789379735    0.782277853    0.729767220
   58.817725627    0.782586081    0.731896974
   58.846071519    0.782876858    0.733950289
   58.874417411    0.783133632    0.735930369
   58.902763303    0.783348412    0.737839484
   58.931109194    0.783524284    0.739678848
   58.959455086    0.783674506    0.741448797
   58.987800978    0.783818432    0.743149190
   59.016146870    0.783975561    0.744779916
   59.044492762    0.784159545    0.746341372
   59.072838654    0.784374010    0.747834812
   59.101184546    0.784611495    0.749262499
   59.129530438    0.784855824    0.750627650
   59.157876329    0.785087177    0.751934210
   59.186222221    0.785288285    0.753186510
   59.214568113    0.785449822    0.754388906
   59.242914005    0.785573327    0.755545442
   59.271259897    0.785670746    0.756659630
   59.299605789    0.785760753    0.757734331
   59.327951681    0.785862983    0.758771767
   59.356297573    0.785991978    0.759773628
   59.384643464    0.786152717    0.760741223
   59.412989356    0.786339124    0.761675662
   59.441335248    0.786536007    0.762577996
   59.469681140    0.786723815    0.763449332
   59.498027032    0.786884748    0.764290873
   59.526372924    0.787008301    0.765103911
   59.554718816    0.787094549    0.765889786
   59.583064707    0.787154125    0.766649812
   59.611410599    0.787204932    0.767385211
   59.639756491    0.787266603    0.768097066
   59.668102383    0.787354426    0.768786293
   59.696448275    0.787474639    0.769453659
   59.724794167    0.787622531    0.770099816
   59.753140059    0.787783953    0.770725356
   59.781485951    0.787939751    0.771330872
   59.809831842    0.788071745    0.771917005
   59.838177734    0.788168391    0.772484462
   59.866523626    0.788228378    0.773034017
   59.894869518    0.788261029    0.773566478
   59.923215410    0.788283414    0.774082636
   59.951561302    0.788315046    0.774583218
   59.979907194    0.788371843    0.775068842
   60.008253085    0.788461210    0.775540003
   60.036598977    0.788579772    0.775997085
   60.064944869    0.788714467    0.776440393
   60.093290761    0.788846636    0.776870212
   60.121636653    0.788957848    0.777286858
   60.149982545    0.789035638    0.777690719
   60.178328437    0.789077386    0.778082270
   60.206674329    0.789091122    0.778462053
   60.235020220    0.789093026    0.778830642
   60.263366112    0.789102404    0.779188582
   60.291712004    0.789135692    0.779536336
   60.320057896    0.789201378    0.779874259
   60.348403788    0.789297387    0.780202584
   60.376749680    0.789411767    0.780521457
   60.405095572    0.789526432    0.780830985
   60.433441464    0.789622807    0.781131294
   60.461787355    0.789687613    0.781422583
   60.490133247    0.789716991    0.781705149
   60.518479139    0.789717700    0.781979381
   60.546825031    0.789704998    0.782245725
   60.575170923    0.789697900    0.782504623
   60.603516815    0.789713269    0.782756456
   60.631862707    0.789760590    0.783001499
   60.660208598    0.789839047    0.783239907
   60.688554490    0.789937810    0.783471733
   60.716900382    0.790039424    0.783696976
   60.745246274    0.790125264    0.783915647
   60.773592166    0.790181331    0.784127822
   60.801938058    0.790202607    0.784333683
   60.830283950    0.790194602    0.784533518
   60.858629842    0.790171630    0.784727688
   60.886975733    0.790152351    0.784916573
   60.915321625    0.790153966    0.785100504
   60.943667517    0.790186879    0.785279712
   60.972013409    0.790251486    0.785454307
   61.000359301    0.790338074    0.785624289
   61.028705193    0.790429872    0.785789591
   61.057051085    0.790508282    0.785950149
   61.085396976    0.790558678    0.786105956
   61.113742868    0.790574952    0.786257115
   61.142088760    0.790561402    0.786403840
   61.170434652    0.790531385    0.786546435
   61.198780544    0.790503145    0.786685234
   61.227126436    0.790494143    0.786820539
   61.255472328    0.790515623    0.786952556
   61.283818220    0.790569139    0.787081373
   61.312164111    0.790646087    0.787206956
   61.340510003    0.790730413    0.787329202
   61.368855895    0.790803624    0.787447992
   61.397201787    0.790850549    0.787563264
   61.425547679    0.790864064    0.787675060
   61.453893571    0.790847294    0.787783541
   61.482239463    0.790812629    0.787888965
   61.510585355    0.790777853    0.787991637
   61.538931246    0.790760607    0.788091837
   61.567277138    0.790772897    0.788189758
   61.595623030    0.790817377    0.788285476
   61.623968922    0.790886539    0.788378943
   61.652314814    0.790965076    0.788470030
   61.680660706    0.791034663    0.788558585
   61.709006598    0.791079670    0.788644504
   61.737352489    0.791092031    0.788727783
   61.765698381    0.791073740    0.788808542
   61.794044273    0.791036218    0.788887005
   61.822390165    0.790996744    0.788963450
   61.850736057    0.790973065    0.789038143
   61.879081949    0.790977870    0.789111275
   61.907427841    0.791014855    0.789182916
   61.935773733    0.791077588    0.789253014
   61.964119624    0.791151533    0.789321423
   61.992465516    0.791218596    0.789387972
   62.020811408    0.791262770    0.789452525
   62.049157300    0.791275120    0.789515043
   62.077503192    0.791256552    0.789575612
   62.105849084    0.791217522    0.789634426
   62.134194976    0.791174759    0.789691746
   62.162540867    0.791146044    0.789747827
   62.190886759    0.791144672    0.789802859
   62.219232651    0.791175321    0.789856912
   62.247578543    0.791232612    0.789909935
   62.275924435    0.791302802    0.789961779
   62.304270327    0.791368090    0.790012254
   62.332616219    0.791412169    0.790061204
   62.360962111    0.791425308    0.790108562
   62.389308002    0.791407373    0.790154383
   62.417653894    0.791367853    0.790198839
   62.445999786    0.791322887    0.790242172
   62.474345678    0.791290222    0.790284633
   62.502691570    0.791283681    0.790326409
   62.531037462    0.791308865    0.790367579
   62.559383354    0.791361422    0.790408094
   62.587729246    0.791428427    0.790447804
   62.616075137    0.791492429    0.790486511
   62.644421029    0.791536896    0.790524042
   62.672766921    0.791551376    0.790560306
   62.701112813    0.791534735    0.790595335
   62.729458705    0.791495501    0.790629278
   62.757804597    0.791449182    0.790662363
   62.786150489    0.791413421    0.790694836
   62.814496380    0.791402495    0.790726886
   62.842842272    0.791422868    0.790758599
   62.871188164    0.791471197    0.790789932
   62.899534056    0.791535393    0.790820739
   62.927879948    0.791598410    0.790850818
   62.956225840    0.791643571    0.790879981
   62.984571732    0.791659766    0.790908120
   63.012917624    0.791644905    0.790935245
   63.041263515    0.791606553    0.790961485
   63.069609407    0.791559551    0.790987057
   63.097955299    0.791521373    0.791012199
   63.126301191    0.791506674    0.791037104
   63.154647083    0.791522731    0.791061867
   63.182992975    0.791567187    0.791086453
   63.211338867    0.791628809    0.791110722
   63.239684758    0.791691012    0.791134469
   63.268030650    0.791737043    0.791157499
   63.296376542    0.791755199    0.791179687
   63.324722434    0.791742473    0.791201023
   63.353068326    0.791705467    0.791221620
   63.381414218    0.791658316    0.791241681
   63.409760110    0.791618261    0.791261440
   63.438106002    0.791600273    0.791281094
   63.466451893    0.791612386    0.791300744
   63.494797785    0.791653211    0.791320369
   63.523143677    0.791712395    0.791339832
   63.551489569    0.791773865    0.791358932
   63.579835461    0.791820852    0.791377466
   63.608181353    0.791841127    0.791395296
   63.636527245    0.791830796    0.791412395
   63.664873137    0.791795500    0.791428859
   63.693219028    0.791748629    0.791444880
   63.721564920    0.791707137    0.791460686
   63.749910812    0.791686244    0.791476478
   63.778256704    0.791694697    0.791492366
   63.806602596    0.791732062    0.791508338
   63.834948488    0.791788880    0.791524268
   63.863294380    0.791849636    0.791539957
   63.891640271    0.791897612    0.791555197
   63.919986163    0.791920101    0.791569839
   63.948332055    0.791912355    0.791583841
   63.976677947    0.791879050    0.791597282
   64.005023839    0.791832805    0.791610343
   64.033369731    0.791790230    0.791623249
   64.061715623    0.791766738    0.791636201
   64.090061515    0.791771750    0.791649318
   64.118407406    0.791805769    0.791662601
   64.146753298    0.791860249    0.791675933
   64.175099190    0.791920274    0.791689118
   64.203445082    0.791969230    0.791701947
   64.231790974    0.791993980    0.791714260
   64.260136866    0.791988952    0.791726002
   64.288482758    0.791957859    0.791737236
   64.316828649    0.791912515    0.791748133
   64.345174541    0.791869143    0.791758911
   64.373520433    0.791843301    0.791769775
   64.401866325    0.791845044    0.791780852
   64.430212217    0.791875798    0.791792153
   64.458558109    0.791927943    0.791803572
   64.486904001    0.791987199    0.791814921
   64.515249893    0.792037101    0.791825986
   64.543595784    0.792064127    0.791836602
   64.571941676    0.792061906    0.791846698
   64.600287568    0.792033187    0.791856326
   64.628633460    0.791988965    0.791865643
   64.656979352    0.791945030    0.791874863
   64.685325244    0.791917044    0.791884192
   64.713671136    0.791915660    0.791893764
   64.742017028    0.791943214    0.791903604
   64.770362919    0.791993017    0.791913615
   64.798708811    0.792051456    0.791923615
   64.827054703    0.792102253    0.791933393
   64.855400595    0.792131541    0.791942774
   64.883746487    0.792132176    0.791951678
   64.912092379    0.792105952    0.791960140
   64.940438271    0.792063022    0.791968307
   64.968784162    0.792018718    0.791976387
   64.997130054    0.791988764    0.791984588
   65.025475946    0.791984379    0.791993051
   65.053821838    0.792008790    0.792001811
   65.082167730    0.792056243    0.792010784
   65.110513622    0.792113812    0.792019796
   65.138859514    0.792165441    0.792028634
   65.167205406    0.792196953    0.792037121
   65.195551297    0.792200459    0.792045163
   65.223897189    0.792176808    0.792052783
   65.252243081    0.792135304    0.792060117
   65.280588973    0.792090793    0.792067365
   65.308934865    0.792059028    0.792074736
   65.337280757    0.792051762    0.792082379
   65.365626649    0.792073090    0.792090341
   65.393972540    0.792118189    0.792098547
   65.422318432    0.792174834    0.792106832
   65.450664324    0.792227221    0.792114987
   65.479010216    0.792260897    0.792122828
   65.507356108    0.792267257    0.792130251
   65.535702000    0.792246223    0.792137268
   65.564047892    0.792206248    0.792144000
   65.592393784    0.792161671    0.792150642
   65.620739675    0.792128245    0.792157404
   65.649085567    0.792118219    0.792164440
   65.677431459    0.792136531    0.792171808
   65.705777351    0.792179277    0.792179446
   65.734123243    0.792234942    0.792187197
   65.762469135    0.792288001    0.792194856
   65.790815027    0.792323758    0.792202232
   65.819160919    0.792332928    0.792209214
   65.847506810    0.792314526    0.792215801
   65.875852702    0.792276159    0.792222101
   65.904198594    0.792231647    0.792228305
   65.932544486    0.792196706    0.792234618
   65.960890378    0.792184048    0.792241204
   65.989236270    0.792199419    0.792248129
   66.017582162    0.792239819    0.792255344
   66.045928053    0.792294448    0.792262702
   66.074273945    0.792348078    0.792269999
   66.102619837    0.792385811    0.792277044
   66.130965729    0.792397720    0.792283715
   66.159311621    0.792381943    0.792289998
   66.187657513    0.792345249    0.792295992
   66.216003405    0.792300926    0.792301878
   66.244349297    0.792264623    0.792307861
   66.272695188    0.792249469    0.792314111
   66.301041080    0.792261985    0.792320703
   66.329386972    0.792300051    0.792327602
   66.357732864    0.792353578    0.792334668
   66.386078756    0.792407665    0.792341703
   66.414424648    0.792447250    0.792348513
   66.442770540    0.792461807    0.792354967
   66.471116431    0.792448631    0.792361039
   66.499462323    0.792413669    0.792366818
   66.527808215    0.792369661    0.792372475
   66.556154107    0.792332154    0.792378216
   66.584499999    0.792314653    0.792384213
   66.612845891    0.792324406    0.792390554
   66.641191783    0.792360146    0.792397213
   66.669537675    0.792412499    0.792404062
   66.697883566    0.792466914    0.792410906
   66.726229458    0.792508207    0.792417551
   66.754575350    0.792525305    0.792423856
   66.782921242    0.792514697    0.792429786
   66.811267134    0.792481523    0.792435416
   66.839613026    0.792437961    0.792440910
   66.867958918    0.792399420    0.792446472
   66.896304810    0.792379727    0.792452278
   66.924650701    0.792386811    0.792458426
   66.952996593    0.792420232    0.792464902
   66.981342485    0.792471327    0.792471587
   67.009688377    0.792525923    0.792478293
   67.038034269    0.792568768    0.792484823
   67.066380161    0.792588291    0.792491029
   67.094726053    0.792580216    0.792496865
   67.123071944    0.792548890    0.792502395
   67.151417836    0.792505914    0.792507774
   67.179763728    0.792466517    0.792513204
   67.208109620    0.792444792    0.792518865
   67.236455512    0.792449299    0.792524863
   67.264801404    0.792480397    0.792531197
   67.293147296    0.792530138    0.792537758
   67.321493188    0.792584759    0.792544362
   67.349839079    0.792628988    0.792550812
   67.378184971    0.792650816    0.792556956
   67.406530863    0.792645243    0.792562733
   67.434876755    0.792615833    0.792568198
   67.463222647    0.792573592    0.792573498
   67.491568539    0.792533521    0.792578830
   67.519914431    0.792509923    0.792584379
   67.548260322    0.792511941    0.792590259
   67.576606214    0.792540702    0.792596481
   67.604952106    0.792588979    0.792602945
   67.633297998    0.792643458    0.792609475
   67.661643890    0.792688902    0.792615872
   67.689989782    0.792712918    0.792621977
   67.718335674    0.792709822    0.792627722
   67.746681566    0.792682406    0.792633148
   67.775027457    0.792641055    0.792638393
   67.803373349    0.792600493    0.792643654
   67.831719241    0.792575177    0.792649115
   67.860065133    0.792574780    0.792654902
   67.888411025    0.792601178    0.792661033
   67.916756917    0.792647874    0.792667421
   67.945102809    0.792702038    0.792673894
   67.973448701    0.792748530    0.792680256
   68.001794592    0.792774627    0.792686341
   68.030140484    0.792773994    0.792692071
   68.058486376    0.792748658    0.792697477
   68.086832268    0.792708355    0.792702688
   68.115178160    0.792667483    0.792707895
   68.143524052    0.792640592    0.792713289
   68.171869944    0.792637842    0.792718998
   68.200215835    0.792661838    0.792725055
   68.228561727    0.792706827    0.792731380
   68.256907619    0.792760509    0.792737811
   68.285253511    0.792807890    0.792744149
   68.313599403    0.792835971    0.792750227
   68.341945295    0.792837801    0.792755955
   68.370291187    0.792814637    0.792761354
   68.398637079    0.792775539    0.792766545
   68.426982970    0.792734526    0.792771714
   68.455328862    0.792706188    0.792777053
   68.483674754    0.792701133    0.792782698
   68.512020646    0.792722679    0.792788692
   68.540366538    0.792765835    0.792794965
   68.568712430    0.792818872    0.792801361
   68.597058322    0.792866999    0.792807685
   68.625404213    0.792896985    0.792813764
   68.653750105    0.792901285    0.792819499
   68.682095997    0.792880388    0.792824902
   68.710441889    0.792842643    0.792830084
   68.738787781    0.792801642    0.792835226
   68.767133673    0.792771969    0.792840520
   68.795479565    0.792764641    0.792846111
   68.823825457    0.792783684    0.792852050
   68.852171348    0.792824887    0.792858278
   68.880517240    0.792877133    0.792864646
   68.908863132    0.792925879    0.792870961
   68.937209024    0.792957704    0.792877046
   68.965554916    0.792964492    0.792882795
   68.993900808    0.792945952    0.792888209
   69.022246700    0.792909694    0.792893389
   69.050592592    0.792868841    0.792898513
   69.078938483    0.792837923    0.792903771
   69.107284375    0.792828345    0.792909316
   69.135630267    0.792844833    0.792915206
   69.163976159    0.792883974    0.792921393
   69.192322051    0.792935300    0.792927736
   69.220667943    0.792984559    0.792934045
   69.249013835    0.793018173    0.792940140
   69.277359726    0.793027467    0.792945908
   69.305705618    0.793011363    0.792951338
   69.334051510    0.792976707    0.792956524
   69.362397402    0.792936114    0.792961635
   69.390743294    0.792904028    0.792966865
   69.419089186    0.792892216    0.792972368
   69.447435078    0.792906102    0.792978213
   69.475780970    0.792943091    0.792984363
   69.504126861    0.792993391    0.792990684
   69.532472753    0.793043076    0.792996989
   69.560818645    0.793078437    0.793003096
   69.589164537    0.793090250    0.793008886
   69.617510429    0.793076647    0.793014336
   69.645856321    0.793043685    0.793019532
   69.674202213    0.793003442    0.793024637
   69.702548104    0.792970250    0.793029843
   69.730893996    0.792956219    0.793035309
   69.759239888    0.792967471    0.793041112
   69.787585780    0.793002240    0.793047226
   69.815931672    0.793051432    0.793053526
   69.844277564    0.793101474    0.793059827
   69.872623456    0.793138543    0.793065948
   69.900969348    0.793152879    0.793071762
   69.929315239    0.793141819    0.793077236
   69.957661131    0.793110616    0.793082447
   69.986007023    0.793070793    0.793087550
   70.014352915    0.793036548    0.793092736
   70.042698807    0.793020322    0.793098168
   70.071044699    0.793028928    0.793103932
   70.099390591    0.793061434    0.793110011
   70.127736483    0.793109460    0.793116289
   70.156082374    0.793159799    0.793122588
   70.184428266    0.793198535    0.793128723
   70.212774158    0.793215381    0.793134561
   70.241120050    0.793206879    0.793140062
   70.269465942    0.793177477    0.793145291
   70.297811834    0.793138129    0.793150396
   70.326157726    0.793102883    0.793155565
   70.354503617    0.793084498    0.793160965
   70.382849509    0.793090470    0.793166692
   70.411195401    0.793120697    0.793172736
   70.439541293    0.793167517    0.793178993
   70.467887185    0.793218101    0.793185288
   70.496233077    0.793258453    0.793191437
   70.524578969    0.793277771    0.793197302
   70.552924861    0.793271817    0.793202832
   70.581270752    0.793244233    0.793208081
   70.609616644    0.793205403    0.793213191
   70.637962536    0.793169215    0.793218346
   70.666308428    0.793148729    0.793223717
   70.694654320    0.793152106    0.793229406
   70.723000212    0.793180062    0.793235417
   70.751346104    0.793225651    0.793241651
   70.779691995    0.793276426    0.793247942
   70.808037887    0.793318323    0.793254106
   70.836383779    0.793340051    0.793259997
   70.864729671    0.793336607    0.793265557
   70.893075563    0.793310843    0.793270829
   70.921421455    0.793272573    0.793275947
   70.949767347    0.793235515    0.793281091
   70.978113239    0.793213009    0.793286434
   71.006459130    0.793213857    0.793292086
   71.034805022    0.793239572    0.793298062
   71.063150914    0.793283910    0.793304273
   71.091496806    0.793334811    0.793310559
   71.119842698    0.793378163    0.793316737
   71.148188590    0.793402210    0.793322656
   71.176534482    0.793401215    0.793328248
   71.204880374    0.793377261    0.793333545
   71.233226265    0.793339599    0.793338672
   71.261572157    0.793301763    0.793343807
   71.289918049    0.793277345    0.793349123
   71.318263941    0.793275755    0.793354739
   71.346609833    0.793299272    0.793360678
   71.374955725    0.793342338    0.793366865
   71.403301617    0.793393284    0.793373146
   71.431647508    0.793437974    0.793379337
   71.459993400    0.793464223    0.793385285
   71.488339292    0.793465600    0.793390911
   71.516685184    0.793443445    0.793396235
   71.545031076    0.793406450    0.793401374
   71.573376968    0.793367951    0.793406500
   71.601722860    0.793341757    0.793411790
   71.630068752    0.793337839    0.793417369
   71.658414643    0.793359208    0.793423272
   71.686760535    0.793400971    0.793429433
   71.715106427    0.793451859    0.793435707
   71.743452319    0.793497744    0.793441913
   71.771798211    0.793526057    0.793447890
   71.800144103    0.793529718    0.793453551
   71.828489995    0.793509356    0.793458905
   71.856835886    0.793473109    0.793464058
   71.885181778    0.793434089    0.793469177
   71.913527670    0.793406277    0.793474440
   71.941873562    0.793400154    0.793479979
   71.970219454    0.793419421    0.793485843
   71.998565346    0.793459834    0.793491977
   72.026911238    0.793510536    0.793498243
   72.055257130    0.793557446    0.793504464
   72.083603021    0.793587670    0.793510474
   72.111948913    0.793593528    0.793516176
   72.140294805    0.793574967    0.793521565
   72.168640697    0.793539572    0.793526734
   72.196986589    0.793500197    0.793531845
   72.225332481    0.793470943    0.793537076
   72.253678373    0.793462743    0.793542568
   72.282024265    0.793479942    0.793548384
   72.310370156    0.793518935    0.793554483
   72.338716048    0.793569297    0.793560742
   72.367061940    0.793617046    0.793566986
   72.395407832    0.793649020    0.793573047
   72.423753724    0.793656996    0.793578811
   72.452099616    0.793640265    0.793584255
   72.480445508    0.793605851    0.793589449
   72.508791399    0.793566310    0.793594539
   72.537137291    0.793535800    0.793599695
   72.565483183    0.793525644    0.793605071
   72.593829075    0.793540791    0.793610757
   72.622174967    0.793578268    0.793616765
   72.650520859    0.793628114    0.793623038
   72.678866751    0.793676501    0.793629486
   72.707212643    0.793710067    0.793636033
   72.735558534    0.793720098    0.793642661
   72.763904426    0.793705252    0.793649438
   72.792250318    0.793671973    0.793656519
   72.820596210    0.793632470    0.793664111
   72.848942102    0.793600889    0.793672430
   72.877287994    0.793588883    0.793681643
   72.905633886    0.793601971    0.793691826
   72.933979777    0.793637811    0.793702946
   72.962325669    0.793686945    0.793714875
   72.990671561    0.793735766    0.793727434
   73.019017453    0.793770779    0.793740443
   73.047363345    0.793782827    0.793753784
   73.075709237    0.793769947    0.793767429
   73.104055129    0.793737978    0.793781456
   73.132401021    0.793698723    0.793796016
   73.160746912    0.793666247    0.793811294
   73.189092804    0.793652476    0.793827444
   73.217438696    0.793663468    0.793844546
   73.245784588    0.793697526    0.793862579
   73.274130480    0.793745744    0.793881428
   73.302476372    0.793794802    0.793900921
   73.330822264    0.793831138    0.793920882
   73.359168156    0.793845191    0.793941185
   73.387514047    0.793834384    0.793961795
   73.415859939    0.793803913    0.793982777
   73.444205831    0.793765113    0.794004278
   73.472551723    0.793731900    0.794026477
   73.500897615    0.793716420    0.794049535
   73.529243507    0.793725252    0.794073541
   73.557589399    0.793757366    0.794098483
   73.585935290    0.793804463    0.794124255
   73.614281182    0.793853576    0.794150690
   73.642627074    0.793891138    0.794177608
   73.670972966    0.793907217    0.794204878
   73.699318858    0.793898610    0.794232453
   73.727664750    0.793869830    0.794260390
   73.756010642    0.793831679    0.794288829
   73.784356534    0.793797861    0.794317950
   73.812702425    0.793780695    0.794347917
   73.841048317    0.793787278    0.794378826
   73.869394209    0.793817277    0.794410677
   73.897740101    0.793863055    0.794443373
   73.926085993    0.793912068    0.794476748
   73.954431885    0.793950792    0.794510622
   73.982777777    0.793968944    0.794544857
   74.011123668    0.793962680    0.794579397
   74.039469560    0.793935781    0.794614290
   74.067815452    0.793898452    0.794649669
   74.096161344    0.793864126    0.794685713
   74.124507236    0.793845267    0.794722589
   74.152853128    0.793849492    0.794760404
   74.181199020    0.793877202    0.794799165
   74.209544912    0.793921483    0.794838782
   74.237890803    0.793970270    0.794879096
   74.266236695    0.794010126    0.794919924
   74.294582587    0.794030424    0.794961123
   74.322928479    0.794026655    0.795002628
   74.351274371    0.794001814    0.795044477
   74.379620263    0.793965449    0.795086798
   74.407966155    0.793930678    0.795129766
   74.436312047    0.793910089    0.795173555
   74.464657938    0.793911832    0.795218275
   74.493003830    0.793937087    0.795263945
   74.521349722    0.793979716    0.795310483
   74.549695614    0.794028188    0.795357733
   74.578041506    0.794069179    0.795405514
   74.606387398    0.794091718    0.795453675
   74.634733290    0.794090595    0.795502144
   74.663079181    0.794067968    0.795550951
   74.691425073    0.794032680    0.795600215
   74.719770965    0.793997491    0.795650112
   74.748116857    0.793975109    0.795700814
   74.776462749    0.793974237    0.795752441
   74.804808641    0.793996880    0.795805019
   74.833154533    0.794037730    0.795858476
   74.861500425    0.794085832    0.795912660
   74.889846316    0.794127992    0.795967390
   74.918192208    0.794152883    0.796022512
   74.946538100    0.794154557    0.796077946
   74.974883992    0.794134287    0.796133712
   75.003229884    0.794100156    0.796189923
   75.031575776    0.794064545    0.796246750
   75.059921668    0.794040278    0.796304367
   75.088267559    0.794036647    0.796362901
   75.116613451    0.794056526    0.796422387
   75.144959343    0.794095490    0.796482760
   75.173305235    0.794143195    0.796543875
   75.201651127    0.794186591    0.796605553
   75.229997019    0.794213972    0.796667635
   75.258342911    0.794218609    0.796730034
   75.286688803    0.794200830    0.796792761
   75.315034694    0.794167919    0.796855921
   75.343380586    0.794131848    0.796919681
   75.371726478    0.794105570    0.796984216
   75.400072370    0.794098997    0.797049657
   75.428418262    0.794115935    0.797116049
   75.456764154    0.794152902    0.797183335
   75.485110046    0.794200205    0.797251378
   75.513455938    0.794244949    0.797320001
   75.541801829    0.794275024    0.797389042
   75.570147721    0.794282857    0.797458408
   75.598493613    0.794267761    0.797528099
   75.626839505    0.794236145    0.797598212
   75.655185397    0.794199536    0.797668907
   75.683531289    0.794171019    0.797740361
   75.711877181    0.794161185    0.797812709
   75.740223072    0.794174865    0.797886003
   75.768568964    0.794209627    0.797960199
   75.796914856    0.794256524    0.798035167
   75.825260748    0.794302852    0.798110732
   75.853606640    0.794336064    0.798186733
   75.881952532    0.794347633    0.798263067
   75.910298424    0.794335685    0.798339726
   75.938644316    0.794305575    0.798416795
   75.966990207    0.794268246    0.798494430
   75.995336099    0.794236875    0.798572804
   76.023681991    0.794222841    0.798652057
   76.052027883    0.794232246    0.798732251
   76.080373775    0.794264061    0.798813352
   76.108719667    0.794310452    0.798895239
   76.137065559    0.794359161    0.798977744
   76.165411450    0.794397222    0.799060704
   76.193757342    0.794414845    0.799144011
   76.222103234    0.794408306    0.799227644
   76.250449126    0.794380983    0.799311678
   76.278795018    0.794342262    0.799396257
   76.307140910    0.794304712    0.799481552
   76.335486802    0.794280447    0.799567706
   76.363832694    0.794277827    0.799654790
   76.392178585    0.794299535    0.799742785
   76.420524477    0.794342574    0.799831582
   76.448870369    0.794400134    0.799921023
   76.477216261    0.794464662    0.800010947
   76.505562153    0.794531068    0.800101238
   76.533908045    0.794598979    0.800191863
   76.562253937    0.794673263    0.800282878
   76.590599829    0.794762598    0.800374414
   76.618945720    0.794876545    0.800466629
   76.647291612    0.795022038    0.800559667
   76.675637504    0.795200477    0.800653611
   76.703983396    0.795406414    0.800748459
   76.732329288    0.795628329    0.800844132
   76.760675180    0.795851370    0.800940497
   76.789021072    0.796061260    0.801037408
   76.817366963    0.796248199    0.801134755
   76.845712855    0.796409567    0.801232483
   76.874058747    0.796550555    0.801330607
   76.902404639    0.796682488    0.801429186
   76.930750531    0.796819334    0.801528290
   76.959096423    0.796973411    0.801627953
   76.987442315    0.797151623    0.801728142
   77.015788207    0.797353357    0.801828743
   77.044134098    0.797570698    0.801929570
   77.072479990    0.797790901    0.802030413
   77.100825882    0.798000349    0.802131076
   77.129171774    0.798188790    0.802231434
   77.157517666    0.798352523    0.802331462
   77.185863558    0.798495553    0.802431234
   77.214209450    0.798628346    0.802530905
   77.242555341    0.798764569    0.802630656
   77.270901233    0.798916827    0.802730643
   77.299247125    0.799092727    0.802830948
   77.327593017    0.799292500    0.802931555
   77.355938909    0.799508913    0.803032356
   77.384284801    0.799729522    0.803133184
   77.412630693    0.799940557    0.803233864
   77.440976585    0.800131224    0.803334268
   77.469322476    0.800297085    0.803434351
   77.497668368    0.800441461    0.803534172
   77.526014260    0.800574397    0.803633865
   77.554360152    0.800709534    0.803733606
   77.582706044    0.800859839    0.803833556
   77.611051936    0.801033548    0.803933809
   77.639397828    0.801231579    0.804034366
   77.667743720    0.801447234    0.804135136
   77.696089611    0.801668288    0.804235959
   77.724435503    0.801880815    0.804336661
   77.752781395    0.802073543    0.804437106
   77.781127287    0.802241393    0.804537236
   77.809473179    0.802387074    0.804637092
   77.837819071    0.802520242    0.804736799
   77.866164963    0.802654481    0.804836528
   77.894510854    0.802803049    0.804936444
   77.922856746    0.802974719    0.805036652
   77.951202638    0.803171034    0.805137167
   77.979548530    0.803385813    0.805237911
   78.007894422    0.803607089    0.805338732
   78.036240314    0.803820855    0.805439456
   78.064586206    0.804015456    0.805539939
   78.092932098    0.804185240    0.805640110
   78.121277989    0.804332330    0.805739998
   78.149623881    0.804465959    0.805839716
   78.177969773    0.804599578    0.805939433
   78.206315665    0.804746636    0.806039315
   78.234661557    0.804916366    0.806139481
   78.263007449    0.805110896    0.806239958
   78.291353341    0.805324585    0.806340678
   78.319699232    0.805545793    0.806441498
   78.348045124    0.805760534    0.806542243
   78.376391016    0.805956860    0.806642761
   78.404736908    0.806128598    0.806742972
   78.433082800    0.806277282    0.806842889
   78.461428692    0.806411662    0.806942618
   78.489774584    0.806544956    0.807042322
   78.518120476    0.806690703    0.807142173
   78.546466367    0.806858528    0.807242297
   78.574812259    0.807051129    0.807342736
   78.603158151    0.807263451    0.807443433
   78.631504043    0.807484275    0.807544252
   78.659849935    0.807699742    0.807645018
   78.688195827    0.807897697    0.807745572
   78.716541719    0.808071482    0.807845822
   78.744887611    0.808222013    0.807945767
   78.773233502    0.808357472    0.808045506
   78.801579394    0.808490733    0.808145197
   78.829925286    0.808635328    0.808245016
   78.858271178    0.808801214    0.808345100
   78.886617070    0.808991671    0.808445502
   78.914962962    0.809202297    0.808546177
   78.943308854    0.809422405    0.808646995
   78.971654745    0.809638378    0.808747781
   79.000000637    0.809837927    0.808848370
   79.028346529    0.810013928    0.808948656
   79.056692421    0.810166622    0.809048631
   79.085038313    0.810303521    0.809148378
   79.113384205    0.810437034    0.809248057
   79.141730097    0.810580585    0.809347845
   79.170075989    0.810744424    0.809447889
   79.198421880    0.810932444    0.809548254
   79.226767772    0.811140992    0.809648906
   79.255113664    0.811360039    0.809749723
   79.283459556    0.811576327    0.809850529
   79.311805448    0.811777506    0.809951152
   79.340151340    0.811955977    0.810051476
   79.368497232    0.812111229    0.810151478
   79.396843123    0.812249973    0.810251235
   79.425189015    0.812384016    0.810350902
   79.453534907    0.812526577    0.810450659
   79.481880799    0.812688171    0.810550661
   79.510226691    0.812873359    0.810650989
   79.538572583    0.813079364    0.810751618
   79.566918475    0.813296969    0.810852433
   79.595264367    0.813513407    0.810953259
   79.623610258    0.813716335    0.811053917
   79.651956150    0.813897654    0.811154280
   79.680302042    0.814055989    0.811254311
   79.708647934    0.814197080    0.811354078
   79.736993826    0.814331964    0.811453731
   79.765339718    0.814473534    0.811553454
   79.793685610    0.814632547    0.811653413
   79.822031502    0.814814321    0.811753699
   79.850377393    0.815017130    0.811854303
   79.878723285    0.815232783    0.811955117
   79.907069177    0.815449192    0.812055967
   79.935415069    0.815654111    0.812156666
   79.963760961    0.815838905    0.812257075
   79.992106853    0.816001166    0.812357141
   80.020452745    0.816145405    0.812456918
   80.048798636    0.816281608    0.812556549
   80.077144528    0.816422138    0.812656223
   80.105490420    0.816577936    0.812756116
   80.133836312    0.816755206    0.812856342
   80.162182204    0.816953570    0.812956912
   80.190528096    0.817166268    0.813057738
   80.218873988    0.817382276    0.813158654
   80.247219880    0.817589701    0.813259463
   80.275565771    0.817779371    0.813359997
   80.303911663    0.817947549    0.813460154
   80.332257555    0.818096953    0.813559918
   80.360603447    0.818235813    0.813659348
   80.388949339    0.818375305    0.813758537
   80.417295231    0.818526180    0.813857565
   80.445641123    0.818695629    0.813956452
   80.473987014    0.818885326    0.814055128
   80.502332906    0.819091190    0.814153440
   80.530678798    0.819304851    0.814251182
   80.559024690    0.819516284    0.814348146
   80.587370582    0.819716715    0.814444178
   80.615716474    0.819900851    0.814539222
   80.644062366    0.820067755    0.814633332
   80.672408258    0.820220125    0.814726654
   80.700754149    0.820362311    0.814819382
   80.729100041    0.820497802    0.814911696
   80.757445933    0.820627100    0.815003709
   80.785791825    0.820746764    0.815095430
   80.814137717    0.820850033    0.815186762
   80.842483609    0.820928874    0.815277532
   80.870829501    0.820976825    0.815367549
   80.899175393    0.820991698    0.815456656
   80.927521284    0.820977211    0.815544785
   80.955867176    0.820942908    0.815631976
   80.984213068    0.820902276    0.815718367
   81.012558960    0.820869524    0.815804145
   81.040904852    0.820855929    0.815889495
   81.069250744    0.820866850    0.815974537
   81.097596636    0.820900335    0.816059291
   81.125942527    0.820947781    0.816143669
   81.154288419    0.820996524    0.816227504
   81.182634311    0.821033604    0.816310599
   81.210980203    0.821049635    0.816392795
   81.239326095    0.821041600    0.816474012
   81.267671987    0.821013749    0.816554282
   81.296017879    0.820976311    0.816633734
   81.324363771    0.820942402    0.816712557
   81.352709662    0.820924044    0.816790938
   81.381055554    0.820928525    0.816869006
   81.409401446    0.820956171    0.816946791
   81.437747338    0.821000243    0.817024214
   81.466093230    0.821048987    0.817101110
   81.494439122    0.821089214    0.817177283
   81.522785014    0.821110330    0.817252565
   81.551130905    0.821107589    0.817326870
   81.579476797    0.821083553    0.817400217
   81.607822689    0.821047326    0.817472731
   81.636168581    0.821011770    0.817544598
   81.664514473    0.820989568    0.817616009
   81.692860365    0.820989319    0.817687102
   81.721206257    0.821012883    0.817757914
   81.749552149    0.821054787    0.817828376
   81.777898040    0.821103889    0.817898329
   81.806243932    0.821146798    0.817967576
   81.834589824    0.821171993    0.818035942
   81.862935716    0.821173389    0.818103332
   81.891281608    0.821152235    0.818169757
   81.919627500    0.821116754    0.818235333
   81.947973392    0.821079632    0.818300243
   81.976319284    0.821054107    0.818364683
   82.004665175    0.821049873    0.818428796
   82.033011067    0.821070071    0.818492631
   82.061356959    0.821110281    0.818556127
   82.089702851    0.821159861    0.818619131
   82.118048743    0.821205221    0.818681446
   82.146394635    0.821234022    0.818742892
   82.174740527    0.821239011    0.818803366
   82.203086418    0.821220298    0.818862867
   82.231432310    0.821185353    0.818921504
   82.259778202    0.821146725    0.818979456
   82.288124094    0.821118165    0.819036920
   82.316469986    0.821110356    0.819094049
   82.344815878    0.821127578    0.819150900
   82.373161770    0.821166342    0.819207423
   82.401507662    0.821216440    0.819263470
   82.429853553    0.821264083    0.819318847
   82.458199445    0.821296181    0.819373370
   82.486545337    0.821304423    0.819426923
   82.514891229    0.821287888    0.819479498
   82.543237121    0.821253376    0.819531194
   82.571583013    0.821213325    0.819582184
   82.599928905    0.821181960    0.819632668
   82.628274796    0.821170872    0.819682805
   82.656620688    0.821185379    0.819732663
   82.684966580    0.821222839    0.819782203
   82.713312472    0.821273431    0.819831285
   82.741658364    0.821323185    0.819879716
   82.770004256    0.821358321    0.819927308
   82.798350148    0.821369557    0.819973937
   82.826696040    0.821355031    0.820019581
   82.855041931    0.821320925    0.820064330
   82.883387823    0.821279571    0.820108353
   82.911733715    0.821245628    0.820151848
   82.940079607    0.821231510    0.820194982
   82.968425499    0.821243491    0.820237836
   82.996771391    0.821279713    0.820280380
   83.025117283    0.821330721    0.820322485
   83.053463175    0.821382389    0.820363960
   83.081809066    0.821420317    0.820404612
   83.110154958    0.821434336    0.820444309
   83.138500850    0.821421715    0.820483016
   83.166846742    0.821388052    0.820520810
   83.195192634    0.821345559    0.820557855
   83.223538526    0.821309270    0.820594349
   83.251884418    0.821292346    0.820630467
   83.280230309    0.821301938    0.820666299
   83.308576201    0.821336922    0.820701832
   83.336922093    0.821388211    0.820736943
   83.365267985    0.821441570    0.820771447
   83.393613877    0.821482053    0.820805148
   83.421959769    0.821498685    0.820837900
   83.450305661    0.821487923    0.820869658
   83.478651553    0.821454796    0.820900486
   83.506997444    0.821411366    0.820930538
   83.535343336    0.821372973    0.820960013
   83.563689228    0.821353439    0.820989093
   83.592035120    0.821360726    0.821017883
   83.620381012    0.821394414    0.821046380
   83.648726904    0.821445803    0.821074477
   83.677072796    0.821500608    0.821101990
   83.705418687    0.821543420    0.821128720
   83.733764579    0.821562535    0.821154512
   83.762110471    0.821553641    0.821179305
   83.790456363    0.821521196    0.821203147
   83.818802255    0.821477061    0.821226184
   83.847148147    0.821436804    0.821248616
   83.875494039    0.821414825    0.821270628
   83.903839931    0.821419838    0.821292341
   83.932185822    0.821452119    0.821313770
   83.960531714    0.821503387    0.821334820
   83.988877606    0.821559382    0.821355313
   84.017223498    0.821604316    0.821375049
   84.045569390    0.821625827    0.821393859
   84.073915282    0.821618862    0.821411665
   84.102261174    0.821587287    0.821428498
   84.130607066    0.821542699    0.821444492
   84.158952957    0.821500803    0.821459839
   84.187298849    0.821476506    0.821474736
   84.215644741    0.821479228    0.821489318
   84.243990633    0.821509940    0.821503622
   84.272336525    0.821560838    0.821517573
   84.300682417    0.821617767    0.821531008
   84.329028309    0.821664646    0.821543724
   84.357374200    0.821688511    0.821555541
   84.385720092    0.821683582    0.821566355
   84.414065984    0.821653097    0.821576166
   84.442411876    0.821608310    0.821585078
   84.470757768    0.821564982    0.821593266
   84.499103660    0.821538449    0.821600924
   84.527449552    0.821538811    0.821608210
   84.555795444    0.821567757    0.821615208
   84.584141335    0.821618020    0.821621917
   84.612487227    0.821675637    0.821628265
   84.640833119    0.821724317    0.821634160
   84.669179011    0.821750538    0.821639533
   84.697524903    0.821747791    0.821644392
   84.725870795    0.821718633    0.821648834
   84.754216687    0.821673895    0.821653041
   84.782562578    0.821629308    0.821657233
   84.810908470    0.821600578    0.821661620
   84.839254362    0.821598468    0.821666336
   84.867600254    0.821625420    0.821671408
   84.895946146    0.821674779    0.821676743
   84.924292038    0.821732861    0.821682162
   84.952637930    0.821783233    0.821687448
   84.980983822    0.821811851    0.821692417
   85.009329713    0.821811459    0.821696970
