    0.000000000    0.635527369    0.635230916
    0.022046805    0.635517793    0.635253533
    0.044093610    0.635504930    0.635275263
    0.066140414    0.635492045    0.635296153
    0.088187219    0.635482418    0.635316251
    0.110234024    0.635478716    0.635335604
    0.132280829    0.635482487    0.635354242
    0.154327634    0.635493860    0.635372178
    0.176374438    0.635511518    0.635389402
    0.198421243    0.635532943    0.635405884
    0.220468048    0.635554893    0.635421578
    0.242514853    0.635574015    0.635436432
    0.264561657    0.635587487    0.635450391
    0.286608462    0.635593552    0.635463414
    0.308655267    0.635591859    0.635475474
    0.330702072    0.635583531    0.635486565
    0.352748877    0.635570959    0.635496705
    0.374795681    0.635557347    0.635505930
    0.396842486    0.635546105    0.635514292
    0.418889291    0.635540203    0.635521854
    0.440936096    0.635541600    0.635528679
    0.462982901    0.635550872    0.635534829
    0.485029705    0.635567096    0.635540360
    0.507076510    0.635588020    0.635545323
    0.529123315    0.635610494    0.635549762
    0.551170120    0.635631061    0.635553722
    0.573216924    0.635646617    0.635557248
    0.595263729    0.635655003    0.635560394
    0.617310534    0.635655420    0.635563220
    0.639357339    0.635648582    0.635565795
    0.661404144    0.635636588    0.635568194
    0.683450948    0.635622523    0.635570490
    0.705497753    0.635609874    0.635572754
    0.727544558    0.635601868    0.635575039
    0.749591363    0.635600857    0.635577380
    0.771638168    0.635607865    0.635579792
    0.793684972    0.635622391    0.635582263
    0.815731777    0.635642499    0.635584761
    0.837778582    0.635665186    0.635587242
    0.859825387    0.635686947    0.635589653
    0.881872191    0.635704443    0.635591945
    0.903918996    0.635715136    0.635594080
    0.925965801    0.635717780    0.635596037
    0.948012606    0.635712653    0.635597818
    0.970059411    0.635701517    0.635599442
    0.992106215    0.635687280    0.635600946
    1.014153020    0.635673449    0.635602374
    1.036199825    0.635663462    0.635603771
    1.058246630    0.635660034    0.635605173
    1.080293435    0.635664634    0.635606598
    1.102340239    0.635677207    0.635608048
    1.124387044    0.635696178    0.635609501
    1.146433849    0.635718746    0.635610920
    1.168480654    0.635741417    0.635612257
    1.190527458    0.635760667    0.635613463
    1.212574263    0.635773611    0.635614495
    1.234621068    0.635778560    0.635615324
    1.256667873    0.635775338    0.635615943
    1.278714678    0.635765326    0.635616362
    1.300761482    0.635751201    0.635616611
    1.322808287    0.635736428    0.635616732
    1.344855092    0.635724604    0.635616768
    1.366901897    0.635718772    0.635616759
    1.388948702    0.635720839    0.635616731
    1.410995506    0.635731213    0.635616691
    1.433042311    0.635748717    0.635616625
    1.455089116    0.635770811    0.635616500
    1.477135921    0.635794073    0.635616268
    1.499182725    0.635814846    0.635615879
    1.521229530    0.635829938    0.635615284
    1.543276335    0.635837226    0.635614446
    1.565323140    0.635836068    0.635613347
    1.587369945    0.635827427    0.635611990
    1.609416749    0.635813691    0.635610396
    1.631463554    0.635798222    0.635608603
    1.653510359    0.635784721    0.635606656
    1.675557164    0.635776519    0.635604596
    1.697603969    0.635775944    0.635602456
    1.719650773    0.635783877    0.635600247
    1.741697578    0.635799576    0.635597964
    1.763744383    0.635820816    0.635595577
    1.785791188    0.635844308    0.635593041
    1.807837992    0.635866324    0.635590303
    1.829884797    0.635883402    0.635587309
    1.851931602    0.635893011    0.635584012
    1.873978407    0.635894033    0.635580385
    1.896025212    0.635886978    0.635576421
    1.918072016    0.635873893    0.635572132
    1.940118821    0.635857975    0.635567550
    1.962165626    0.635842965    0.635562718
    1.984212431    0.635832439    0.635557679
    2.006259236    0.635829122    0.635552469
    2.028306040    0.635834371    0.635547108
    2.050352845    0.635847911    0.635541596
    2.072399650    0.635867884    0.635535907
    2.094446455    0.635891198    0.635530000
    2.116493260    0.635914114    0.635523819
    2.138540064    0.635932952    0.635517304
    2.160586869    0.635944798    0.635510401
    2.182633674    0.635948056    0.635503070
    2.204680479    0.635942757    0.635495293
    2.226727283    0.635930554    0.635487072
    2.248774088    0.635914416    0.635478431
    2.270820893    0.635898063    0.635469408
    2.292867698    0.635885259    0.635460046
    2.314914503    0.635879097    0.635450385
    2.336961307    0.635881409    0.635440450
    2.359008112    0.635892412    0.635430246
    2.381054917    0.635910664    0.635419754
    2.403101722    0.635933332    0.635408935
    2.425148527    0.635956732    0.635397731
    2.447195331    0.635977024    0.635386077
    2.469242136    0.635990942    0.635373908
    2.491288941    0.635996420    0.635361174
    2.513335746    0.635992984    0.635347841
    2.535382550    0.635981850    0.635333901
    2.557429355    0.635965691    0.635319366
    2.579476160    0.635948140    0.635304267
    2.601522965    0.635933092    0.635288646
    2.623569770    0.635923969    0.635272542
    2.645616574    0.635923067    0.635255986
    2.667663379    0.635931115    0.635238988
    2.689710184    0.635947132    0.635221535
    2.711756989    0.635968611    0.635203588
    2.733803794    0.635991989    0.635185089
    2.755850598    0.636013325    0.635165967
    2.777897403    0.636029045    0.635146148
    2.799944208    0.636036625    0.635125566
    2.821991013    0.636035073    0.635104174
    2.844037817    0.636025118    0.635081945
    2.866084622    0.636009080    0.635058881
    2.888131427    0.635990430    0.635035001
    2.910178232    0.635973131    0.635010342
    2.932225037    0.635960890    0.634984942
    2.954271841    0.635956448    0.634958834
    2.976318646    0.635961058    0.634932033
    2.998365451    0.635974245    0.634904529
    3.020412256    0.635993884    0.634876287
    3.042459061    0.636016611    0.634847246
    3.064505865    0.636038447    0.634817329
    3.086552670    0.636055560    0.634786452
    3.108599475    0.636064990    0.634754531
    3.130646280    0.636065215    0.634721502
    3.152693084    0.636056441    0.634687319
    3.174739889    0.636040568    0.634651966
    3.196786694    0.636020834    0.634615449
    3.218833499    0.636001203    0.634577794
    3.240880304    0.635985610    0.634539037
    3.262927108    0.635977216    0.634499209
    3.284973913    0.635977806    0.634458328
    3.307020718    0.635987442    0.634416388
    3.329067523    0.636004451    0.634373355
    3.351114328    0.636025732    0.634329166
    3.373161132    0.636047346    0.634283738
    3.395207937    0.636065258    0.634236970
    3.417254742    0.636076101    0.634188765
    3.439301547    0.636077821    0.634139033
    3.461348351    0.636070064    0.634087708
    3.483395156    0.636054254    0.634034749
    3.505441961    0.636033319    0.633980145
    3.527488766    0.636011145    0.633923907
    3.549535571    0.635991837    0.633866063
    3.571582375    0.635978942    0.633806640
    3.593629180    0.635974772    0.633745657
    3.615675985    0.635979962    0.633683110
    3.637722790    0.635993343    0.633618965
    3.659769595    0.636012159    0.633553157
    3.681816399    0.636032584    0.633485591
    3.703863204    0.636050445    0.633416154
    3.725910009    0.636062007    0.633344726
    3.747956814    0.636064690    0.633271193
    3.770003619    0.636057551    0.633195458
    3.792050423    0.636041475    0.633117454
    3.814097228    0.636019007    0.633037144
    3.836144033    0.635993873    0.632954521
    3.858190838    0.635970281    0.632869596
    3.880237642    0.635952117    0.632782391
    3.902284447    0.635942210    0.632692922
    3.924331252    0.635941793    0.632601183
    3.946378057    0.635950259    0.632507140
    3.968424862    0.635965271    0.632410723
    3.990471666    0.635983201    0.632311829
    4.012518471    0.635999807    0.632210325
    4.034565276    0.636011036    0.632106067
    4.056612081    0.636013793    0.631998909
    4.078658886    0.636006526    0.631888720
    4.100705690    0.635989524    0.631775398
    4.122752495    0.635964869    0.631658873
    4.144799300    0.635936044    0.631539110
    4.166846105    0.635907278    0.631416102
    4.188892909    0.635882745    0.631289858
    4.210939714    0.635865771    0.631160385
    4.232986519    0.635858204    0.631027678
    4.255033324    0.635860052    0.630891698
    4.277080129    0.635869477    0.630752370
    4.299126933    0.635883131    0.630609578
    4.321173738    0.635896787    0.630463171
    4.343220543    0.635906130    0.630312973
    4.365267348    0.635907573    0.630158801
    4.387314153    0.635898938    0.630000484
    4.409360957    0.635879865    0.629837875
    4.431407762    0.635851895    0.629670862
    4.453454567    0.635818173    0.629499374
    4.475501372    0.635782864    0.629323378
    4.497548176    0.635750365    0.629142863
    4.519594981    0.635724471    0.628957827
    4.541641786    0.635707653    0.628768258
    4.563688591    0.635700583    0.628574115
    4.585735396    0.635701998    0.628375316
    4.607782200    0.635708926    0.628171733
    4.629829005    0.635717241    0.627963189
    4.651875810    0.635722433    0.627749478
    4.673922615    0.635720458    0.627530371
    4.695969420    0.635708498    0.627305647
    4.718016224    0.635685500    0.627075103
    4.740063029    0.635652379    0.626838576
    4.762109834    0.635611846    0.626595951
    4.784156639    0.635567907    0.626347156
    4.806203443    0.635525105    0.626092155
    4.828250248    0.635487661    0.625830934
    4.850297053    0.635458673    0.625563474
    4.872343858    0.635439520    0.625289730
    4.894390663    0.635429592    0.625009616
    4.916437467    0.635426390    0.624722989
    4.938484272    0.635425986    0.624429650
    4.960531077    0.635423752    0.624129352
    4.982577882    0.635415229    0.623821818
    5.004624687    0.635396964    0.623506762
    5.026671491    0.635367160    0.623183917
    5.048718296    0.635326024    0.622853053
    5.070765101    0.635275732    0.622513996
    5.092811906    0.635220023    0.622166627
    5.114858710    0.635163497    0.621810879
    5.136905515    0.635110749    0.621446720
    5.158952320    0.635065494    0.621074124
    5.180999125    0.635029856    0.620693046
    5.203045930    0.635003956    0.620303399
    5.225092734    0.634985869    0.619905028
    5.247139539    0.634971971    0.619497710
    5.269186344    0.634957608    0.619081156
    5.291233149    0.634937959    0.618655025
    5.313279954    0.634908941    0.618218956
    5.335326758    0.634867975    0.617772596
    5.357373563    0.634814479    0.617315629
    5.379420368    0.634749978    0.616847803
    5.401467173    0.634677827    0.616368937
    5.423513977    0.634602582    0.615878921
    5.445560782    0.634529141    0.615377699
    5.467607587    0.634461818    0.614865241
    5.489654392    0.634403513    0.614341507
    5.511701197    0.634355155    0.613806413
    5.533748001    0.634315500    0.613259800
    5.555794806    0.634281346    0.612701417
    5.577841611    0.634248110    0.612130924
    5.599888416    0.634210682    0.611547901
    5.621935221    0.634164365    0.610951882
    5.643982025    0.634105762    0.610342397
    5.666028830    0.634033413    0.609719008
    5.688075635    0.633948075    0.609081348
    5.710122440    0.633852589    0.608429145
    5.732169245    0.633751347    0.607762227
    5.754216049    0.633649467    0.607080506
    5.776262854    0.633551826    0.606383950
    5.798309659    0.633462127    0.605672532
    5.820356464    0.633382181    0.604946186
    5.842403268    0.633311539    0.604204758
    5.864450073    0.633247546    0.603447970
    5.886496878    0.633185814    0.602675415
    5.908543683    0.633121017    0.601886562
    5.930590488    0.633047878    0.601080794
    5.952637292    0.632962148    0.600257457
    5.974684097    0.632861403    0.599415920
    5.996730902    0.632745503    0.598555639
    6.018777707    0.632616625    0.597676193
    6.040824512    0.632478858    0.596777315
    6.062871316    0.632337441    0.595858879
    6.084918121    0.632197764    0.594920866
    6.106964926    0.632064345    0.593963305
    6.129011731    0.631939955    0.592986193
    6.151058535    0.631825057    0.591989422
    6.173105340    0.631717689    0.590972714
    6.195152145    0.631613786    0.589935579
    6.217198950    0.631507907    0.588877318
    6.239245755    0.631394235    0.587797052
    6.261292559    0.631267642    0.586693799
    6.283339364    0.631124648    0.585566566
    6.305386169    0.630964074    0.584414456
    6.327432974    0.630787267    0.583236760
    6.349479779    0.630597854    0.582033028
    6.371526583    0.630401064    0.580803088
    6.393573388    0.630202736    0.579547016
    6.415620193    0.630008209    0.578265056
    6.437666998    0.629821285    0.576957492
    6.459713802    0.629643472    0.575624496
    6.481760607    0.629473654    0.574265982
    6.503807412    0.629308245    0.572881476
    6.525854217    0.629141808    0.571470049
    6.547901022    0.628968039    0.570030311
    6.569947826    0.628780913    0.568560502
    6.591994631    0.628575796    0.567058645
    6.614041436    0.628350313    0.565522779
    6.636088241    0.628104792    0.563951224
    6.658135046    0.627842206    0.562342850
    6.680181850    0.627567623    0.560697311
    6.702228655    0.627287243    0.559015212
    6.724275460    0.627007217    0.557298176
    6.746322265    0.626732454    0.555548792
    6.768369069    0.626465648    0.553770453
    6.790415874    0.626206710    0.551967081
    6.812462679    0.625952709    0.550142788
    6.834509484    0.625698359    0.548301493
    6.856556289    0.625436939    0.546446558
    6.878603093    0.625161514    0.544580475
    6.900649898    0.624866194    0.542704640
    6.922696703    0.624547229    0.540819257
    6.944743508    0.624203705    0.538923359
    6.966790313    0.623837719    0.537014952
    6.988837117    0.623453989    0.535091264
    7.010883922    0.623058961    0.533149050
    7.032930727    0.622659576    0.531184923
    7.054977532    0.622261929    0.529195668
    7.077024336    0.621870055    0.527178489
    7.099071141    0.621485100    0.525131186
    7.121117946    0.621105007    0.523052222
    7.143164751    0.620724807    0.520940705
    7.165211556    0.620337467    0.518796284
    7.187258360    0.619935132    0.516618988
    7.209305165    0.619510545    0.514409057
    7.231351970    0.619058375    0.512166767
    7.253398775    0.618576208    0.509892306
    7.275445580    0.618064991    0.507585701
    7.297492384    0.617528862    0.505246814
    7.319539189    0.616974364    0.502875401
    7.341585994    0.616409195    0.500471208
    7.363632799    0.615840714    0.498034103
    7.385679603    0.615274487    0.495564203
    7.407726408    0.614713140    0.493061969
    7.429773213    0.614155750    0.490528275
    7.451820018    0.613597893    0.487964405
    7.473866823    0.613032349    0.485372019
    7.495913627    0.612450351    0.482753062
    7.517960432    0.611843150    0.480109655
    7.540007237    0.611203597    0.477443985
    7.562054042    0.610527459    0.474758203
    7.584100847    0.609814205    0.472054367
    7.606147651    0.609067104    0.469334414
    7.628194456    0.608292607    0.466600184
    7.650241261    0.607499112    0.463853478
    7.672288066    0.606695340    0.461096132
    7.694334871    0.605888607    0.458330090
    7.716381675    0.605083331    0.455557466
    7.738428480    0.604280056    0.452780564
    7.760475285    0.603475186    0.450001851
    7.782522090    0.602661490    0.447223893
    7.804568894    0.601829318    0.444449245
    7.826615699    0.600968283    0.441680319
    7.848662504    0.600069129    0.438919250
    7.870709309    0.599125417    0.436167780
    7.892756114    0.598134718    0.433427173
    7.914802918    0.597099061    0.430698184
    7.936849723    0.596024561    0.427981081
    7.958896528    0.594920243    0.425275705
    7.980943333    0.593796300    0.422581575
    8.002990138    0.592662084    0.419897999
    8.025036942    0.591524208    0.417224180
    8.047083747    0.590385120    0.414559290
    8.069130552    0.589242435    0.411902504
    8.091177357    0.588089163    0.409252977
    8.113224161    0.586914821    0.406609775
    8.135270966    0.585707222    0.403971769
    8.157317771    0.584454643    0.401337508
    8.179364576    0.583147944    0.398705100
    8.201411381    0.581782254    0.396072126
    8.223458185    0.580357888    0.393435598
    8.245504990    0.578880292    0.390791986
    8.267551795    0.577359019    0.388137310
    8.289598600    0.575805893    0.385467283
    8.311645405    0.574232686    0.382777508
    8.333692209    0.572648752    0.380063683
    8.355739014    0.571059051    0.377321798
    8.377785819    0.569462953    0.374548308
    8.399832624    0.567854071    0.371740241
    8.421879428    0.566221192    0.368895256
    8.443926233    0.564550136    0.366011630
    8.465973038    0.562826243    0.363088198
    8.488019843    0.561037007    0.360124256
    8.510066648    0.559174386    0.357119451
    8.532113452    0.557236312    0.354073685
    8.554160257    0.555227116    0.350987043
    8.576207062    0.553156736    0.347859771
    8.598253867    0.551038837    0.344692290
    8.620300672    0.548888156    0.341485258
    8.642347476    0.546717571    0.338239644
    8.664394281    0.544535421    0.334956816
    8.686441086    0.542343619    0.331638605
    8.708487891    0.540136928    0.328287327
    8.730534695    0.537903569    0.324905757
    8.752581500    0.535627109    0.321497050
    8.774628305    0.533289282    0.318064605
    8.796675110    0.530873259    0.314611897
    8.818721915    0.528366743    0.311142295
    8.840768719    0.525764298    0.307658899
    8.862815524    0.523068443    0.304164402
    8.884862329    0.520289261    0.300661017
    8.906909134    0.517442541    0.297150465
    8.928955939    0.514546769    0.293634033
    8.951002743    0.511619494    0.290112683
    8.973049548    0.508673738    0.286587197
    8.995096353    0.505715147    0.283058335
    9.017143158    0.502740450    0.279526976
    9.039189962    0.499737561    0.275994214
    9.061236767    0.496687373    0.272461409
    9.083283572    0.493566957    0.268930165
    9.105330377    0.490353619    0.265402261
    9.127377182    0.487029051    0.261879527
    9.149423986    0.483582808    0.258363711
    9.171470791    0.480014402    0.254856342
    9.193517596    0.476333570    0.251358625
    9.215564401    0.472558585    0.247871386
    9.237611206    0.468712854    0.244395068
    9.259658010    0.464820392    0.240929791
    9.281704815    0.460900974    0.237475457
    9.303751620    0.456965906    0.234031880
    9.325798425    0.453015218    0.230598915
    9.347845230    0.449036915    0.227176570
    9.369892034    0.445008478    0.223765059
    9.391938839    0.440900469    0.220364804
    9.413985644    0.436681605    0.216976371
    9.436032449    0.432324430    0.213600341
    9.458079253    0.427810496    0.210237162
    9.480126058    0.423134059    0.206886975
    9.502172863    0.418303496    0.203549478
    9.524219668    0.413340073    0.200223834
    9.546266473    0.408274155    0.196908662
    9.568313277    0.403139471    0.193602114
    9.590360082    0.397966424    0.190302045
    9.612406887    0.392775681    0.187006258
    9.634453692    0.387573292    0.183712792
    9.656500497    0.382348344    0.180420228
    9.678547301    0.377073755    0.177127970
    9.700594106    0.371710205    0.173836451
    9.722640911    0.366212660    0.170547253
    9.744687716    0.360538355    0.167263108
    9.766734520    0.354654820    0.163987775
    9.788781325    0.348546398    0.160725814
    9.810828130    0.342217923    0.157482268
    9.832874935    0.335694667    0.154262300
    9.854921740    0.329018342    0.151070819
    9.876968544    0.322239651    0.147912138
    9.899015349    0.315408575    0.144789703
    9.921062154    0.308564123    0.141705920
    9.943108959    0.301725417    0.138662091
    9.965155764    0.294885944    0.135658463
    9.987202568    0.288012278    0.132694381
   10.009249373    0.281047850    0.129768509
   10.031296178    0.273921441    0.126879097
   10.053342983    0.266559163    0.124024254
   10.075389787    0.258897939    0.121202198
   10.097436592    0.250898072    0.118411446
   10.119483397    0.242552464    0.115650937
   10.141530202    0.233890465    0.112920063
   10.163577007    0.224975158    0.110218634
   10.185623811    0.215893991    0.107546767
   10.207670616    0.206743856    0.104904731
   10.229717421    0.197612841    0.102292776
   10.251764226    0.188561657    0.099710961
   10.273811031    0.179608096    0.097159015
   10.295857835    0.170717638    0.094636241
   10.317904640    0.161802554    0.092141481
   10.339951445    0.152730594    0.089673133
   10.361998250    0.143342853    0.087229229
   10.384045054    0.133478789    0.084807550
   10.406091859    0.123005052    0.082405763
   10.428138664    0.111843843    0.080021569
   10.450185469    0.099996264    0.077652826
   10.472232274    0.087556521    0.075297655
   10.494279078    0.074714001    0.072954493
   10.516325883    0.061741832    0.070622112
   10.538372688    0.048972552    0.068299584
   10.560419493    0.036763426    0.065986223
   10.582466298    0.025455655    0.063681495
   10.604513102    0.015332807    0.061384931
   10.626559907    0.006584131    0.059096038
   10.648606712   -0.000722045    0.056814246
   10.670653517   -0.006650936    0.054538878
   10.692700321   -0.011397910    0.052269159
   10.714747126   -0.015269272    0.050004266
   10.736793931   -0.018649631    0.047743390
   10.758840736   -0.021960127    0.045485824
   10.780887541   -0.025613079    0.043231035
   10.802934345   -0.029969049    0.040978729
   10.824981150   -0.035301908    0.038728864
   10.847027955   -0.041776229    0.036481635
   10.869074760   -0.049439485    0.034237404
   10.891121565   -0.058229351    0.031996593
   10.913168369   -0.067994231    0.029759547
   10.935215174   -0.078523289    0.027526399
   10.957261979   -0.089581087    0.025296936
   10.979308784   -0.100941468    0.023070525
   11.001355588   -0.112415775    0.020846076
   11.023402393   -0.123871631    0.018622098
   11.045449198   -0.135240203    0.016396818
   11.067496003   -0.146511830    0.014168369
   11.089542808   -0.157721738    0.011935031
   11.111589612   -0.168929093    0.009695485
   11.133636417   -0.180193503    0.007449060
   11.155683222   -0.191553280    0.005195914
   11.177730027   -0.203009170    0.002937154
   11.199776832   -0.214516131    0.000674829
   11.221823636   -0.225984166   -0.001588181
   11.243870441   -0.237287573   -0.003848391
   11.265917246   -0.248280498   -0.006102032
   11.287964051   -0.258815665   -0.008345429
   11.310010856   -0.268762711   -0.010575392
   11.332057660   -0.278022770   -0.012789590
   11.354104465   -0.286536804   -0.014986833
   11.376151270   -0.294286408   -0.017167260
   11.398198075   -0.301287274   -0.019332382
   11.420244879   -0.307576887   -0.021484992
   11.442291684   -0.313199075   -0.023628949
   11.464338489   -0.318188577   -0.025768853
   11.486385294   -0.322558757   -0.027909674
   11.508432099   -0.326294931   -0.030056358
   11.530478903   -0.329354708   -0.032213468
   11.552525708   -0.331675365   -0.034384907
   11.574572513   -0.333186945   -0.036573737
   11.596619318   -0.333828655   -0.038782121
   11.618666123   -0.333565488   -0.041011372
   11.640712927   -0.332401892   -0.043262100
   11.662759732   -0.330389853   -0.045534421
   11.684806537   -0.327629706   -0.047828188
   11.706853342   -0.324263355   -0.050143204
   11.728900146   -0.320460931   -0.052479395
   11.750946951   -0.316403173   -0.054836897
   11.772993756   -0.312262581   -0.057216072
   11.795040561   -0.308186697   -0.059617439
   11.817087366   -0.304286487   -0.062041549
   11.839134170   -0.300631936   -0.064488824
   11.861180975   -0.297255644   -0.066959395
   11.883227780   -0.294163806   -0.069452971
   11.905274585   -0.291352563   -0.071968752
   11.927321390   -0.288826712   -0.074505420
   11.949368194   -0.286617283   -0.077061188
   11.971414999   -0.284794579   -0.079633911
   11.993461804   -0.283474048   -0.082221230
   12.015508609   -0.282813528   -0.084820728
   12.037555413   -0.283001907   -0.087430070
   12.059602218   -0.284240728   -0.090047101
   12.081649023   -0.286721507   -0.092669882
   12.103695828   -0.290602335   -0.095296677
   12.125742633   -0.295987470   -0.097925876
   12.147789437   -0.302913202   -0.100555884
   12.169836242   -0.311342215   -0.103184999
   12.191883047   -0.321167290   -0.105811302
   12.213929852   -0.332223625   -0.108432585
   12.235976657   -0.344307660   -0.111046336
   12.258023461   -0.357199243   -0.113649788
   12.280070266   -0.370683482   -0.116240030
   12.302117071   -0.384568821   -0.118814163
   12.324163876   -0.398698576   -0.121369483
   12.346210680   -0.412954454   -0.123903660
   12.368257485   -0.427252007   -0.126414893
   12.390304290   -0.441529451   -0.128902013
   12.412351095   -0.455732468   -0.131364519
   12.434397900   -0.469798297   -0.133802557
   12.456444704   -0.483642515   -0.136216833
   12.478491509   -0.497151401   -0.138608497
   12.500538314   -0.510181673   -0.140978997
   12.522585119   -0.522568051   -0.143329959
   12.544631924   -0.534137563   -0.145663082
   12.566678728   -0.544728244   -0.147980093
   12.588725533   -0.554208984   -0.150282751
   12.610772338   -0.562496944   -0.152572898
   12.632819143   -0.569569322   -0.154852550
   12.654865947   -0.575467132   -0.157123993
   12.676912752   -0.580290005   -0.159389879
   12.698959557   -0.584182568   -0.161653279
   12.721006362   -0.587314379   -0.163917690
   12.743053167   -0.589856576   -0.166186981
   12.765099971   -0.591958958   -0.168465274
   12.787146776   -0.593731176   -0.170756790
   12.809193581   -0.595231067   -0.173065654
   12.831240386   -0.596461924   -0.175395703
   12.853287191   -0.597379014   -0.177750315
   12.875333995   -0.597904056   -0.180132283
   12.897380800   -0.597945067   -0.182543737
   12.919427605   -0.597418033   -0.184986132
   12.941474410   -0.596266621   -0.187460295
   12.963521214   -0.594476509   -0.189966506
   12.985568019   -0.592081858   -0.192504603
   13.007614824   -0.589162890   -0.195074086
   13.029661629   -0.585835091   -0.197674204
   13.051708434   -0.582232063   -0.200304000
   13.073755238   -0.578485187   -0.202962326
   13.095802043   -0.574703843   -0.205647810
   13.117848848   -0.570959886   -0.208358804
   13.139895653   -0.567279294   -0.211093326
   13.161942458   -0.563642719   -0.213849003
   13.183989262   -0.559995018   -0.216623054
   13.206036067   -0.556262265   -0.219412303
   13.228082872   -0.552373308   -0.222213248
   13.250129677   -0.548282024   -0.225022162
   13.272176482   -0.543986135   -0.227835224
   13.294223286   -0.539538867   -0.230648664
   13.316270091   -0.535050788   -0.233458883
   13.338316896   -0.530680715   -0.236262554
   13.360363701   -0.526616357   -0.239056667
   13.382410505   -0.523047096   -0.241838518
   13.404457310   -0.520132686   -0.244605662
   13.426504115   -0.517972531   -0.247355812
   13.448550920   -0.516580286   -0.250086740
   13.470597725   -0.515867975   -0.252796182
   13.492644529   -0.515642533   -0.255481767
   13.514691334   -0.515615996   -0.258141015
   13.536738139   -0.515428622   -0.260771377
   13.558784944   -0.514682387   -0.263370346
   13.580831749   -0.512980807   -0.265935599
   13.602878553   -0.509970122   -0.268465161
   13.624925358   -0.505376632   -0.270957566
   13.646972163   -0.499035497   -0.273411961
   13.669018968   -0.490907440   -0.275828160
   13.691065772   -0.481081400   -0.278206608
   13.713112577   -0.469763041   -0.280548266
   13.735159382   -0.457250808   -0.282854430
   13.757206187   -0.443902794   -0.285126497
   13.779252992   -0.430098706   -0.287365734
   13.801299796   -0.416201686   -0.289573075
   13.823346601   -0.402524560   -0.291748977
   13.845393406   -0.389304301   -0.293893379
   13.867440211   -0.376687289   -0.296005765
   13.889487016   -0.364726428   -0.298085325
   13.911533820   -0.353389661   -0.300131194
   13.933580625   -0.342578010   -0.302142736
   13.955627430   -0.332150193   -0.304119814
   13.977674235   -0.321950260   -0.306063005
   13.999721039   -0.311834519   -0.307973718
   14.021767844   -0.301694408   -0.309854165
   14.043814649   -0.291472678   -0.311707200
   14.065861454   -0.281171308   -0.313536012
   14.087908259   -0.270850716   -0.315343718
   14.109955063   -0.260620967   -0.317132894
   14.132001868   -0.250626660   -0.318905118
   14.154048673   -0.241027859   -0.320660580
   14.176095478   -0.231979815   -0.322397823
   14.198142283   -0.223614205   -0.324113655
   14.220189087   -0.216024248   -0.325803258
   14.242235892   -0.209255464   -0.327460488
   14.264282697   -0.203302982   -0.329078347
   14.286329502   -0.198115419   -0.330649553
   14.308376306   -0.193604472   -0.332167174
   14.330423111   -0.189658638   -0.333625223
   14.352469916   -0.186158975   -0.335019161
   14.374516721   -0.182994606   -0.336346249
   14.396563526   -0.180075761   -0.337605694
   14.418610330   -0.177342576   -0.338798600
   14.440657135   -0.174768487   -0.339927720
   14.462703940   -0.172357911   -0.340997040
   14.484750745   -0.170138725   -0.342011267
   14.506797550   -0.168150916   -0.342975269
   14.528844354   -0.166433328   -0.343893543
   14.550891159   -0.165010832   -0.344769761
   14.572937964   -0.163884194   -0.345606455
   14.594984769   -0.163024571   -0.346404847
   14.617031573   -0.162373864   -0.347164847
   14.639078378   -0.161851248   -0.347885194
   14.661125183   -0.161365133   -0.348563714
   14.683171988   -0.160828857   -0.349197645
   14.705218793   -0.160177605   -0.349783990
   14.727265597   -0.159383644   -0.350319850
   14.749312402   -0.158466955   -0.350802704
   14.771359207   -0.157498866   -0.351230601
   14.793406012   -0.156597192   -0.351602270
   14.815452817   -0.155912658   -0.351917139
   14.837499621   -0.155607780   -0.352175284
   14.859546426   -0.155830729   -0.352377324
   14.881593231   -0.156687735   -0.352524295
   14.903640036   -0.158218199   -0.352617519
   14.925686841   -0.160376657   -0.352658492
   14.947733645   -0.163025063   -0.352648808
   14.969780450   -0.165937640   -0.352590104
   14.991827255   -0.168818813   -0.352484049
   15.013874060   -0.171332887   -0.352332351
   15.035920864   -0.173142296   -0.352136779
   15.057967669   -0.173949771   -0.351899180
   15.080014474   -0.173538929   -0.351621502
   15.102061279   -0.171807675   -0.351305793
   15.124108084   -0.168789527   -0.350954195
   15.146154888   -0.164659431   -0.350568928
   15.168201693   -0.159722647   -0.350152265
   15.190248498   -0.154387603   -0.349706520
   15.212295303   -0.149125820   -0.349234032
   15.234342108   -0.144423880   -0.348737169
   15.256388912   -0.140733554   -0.348218336
   15.278435717   -0.138426530   -0.347679994
   15.300482522   -0.137759514   -0.347124672
   15.322529327   -0.138854068   -0.346554978
   15.344576131   -0.141693417   -0.345973596
   15.366622936   -0.146136044   -0.345383262
   15.388669741   -0.151943590   -0.344786728
   15.410716546   -0.158818534   -0.344186709
   15.432763351   -0.166445970   -0.343585823
   15.454810155   -0.174533341   -0.342986542
   15.476856960   -0.182842620   -0.342391148
   15.498903765   -0.191210752   -0.341801714
   15.520950570   -0.199556201   -0.341220111
   15.542997375   -0.207871662   -0.340648032
   15.565044179   -0.216205152   -0.340087041
   15.587090984   -0.224633460   -0.339538617
   15.609137789   -0.233232891   -0.339004191
   15.631184594   -0.242052481   -0.338485157
   15.653231398   -0.251094119   -0.337982837
   15.675278203   -0.260302684   -0.337498404
   15.697325008   -0.269567394   -0.337032753
   15.719371813   -0.278733602   -0.336586340
   15.741418618   -0.287622482   -0.336158995
   15.763465422   -0.296054748   -0.335749741
   15.785512227   -0.303874000   -0.335356645
   15.807559032   -0.310965476   -0.334976731
   15.829605837   -0.317266975   -0.334605970
   15.851652642   -0.322770204   -0.334239371
   15.873699446   -0.327512584   -0.333871170
   15.895746251   -0.331561292   -0.333495098
   15.917793056   -0.334992710   -0.333104728
   15.939839861   -0.337871218   -0.332693843
   15.961886665   -0.340231391   -0.332256799
   15.983933470   -0.342066943   -0.331788852
   16.005980275   -0.343328550   -0.331286394
   16.028027080   -0.343931035   -0.330747089
   16.050073885   -0.343768701   -0.330169901
   16.072120689   -0.342736128   -0.329554993
   16.094167494   -0.340750757   -0.328903542
   16.116214299   -0.337773279   -0.328217480
   16.138261104   -0.333822236   -0.327499210
   16.160307909   -0.328980247   -0.326751317
   16.182354713   -0.323390800   -0.325976337
   16.204401518   -0.317246152   -0.325176589
   16.226448323   -0.310768470   -0.324354090
   16.248495128   -0.304187461   -0.323510567
   16.270541932   -0.297718316   -0.322647538
   16.292588737   -0.291543663   -0.321766451
   16.314635542   -0.285802423   -0.320868843
   16.336682347   -0.280587189   -0.319956496
   16.358729152   -0.275950170   -0.319031544
   16.380775956   -0.271916184   -0.318096526
   16.402822761   -0.268499939   -0.317154364
   16.424869566   -0.265724080   -0.316208268
   16.446916371   -0.263634392   -0.315261581
   16.468963176   -0.262309109   -0.314317586
   16.491009980   -0.261860379   -0.313379300
   16.513056785   -0.262427409   -0.312449295
   16.535103590   -0.264162328   -0.311529556
   16.557150395   -0.267211150   -0.310621405
   16.579197199   -0.271693109   -0.309725494
   16.601244004   -0.277681944   -0.308841872
   16.623290809   -0.285192344   -0.307970102
   16.645337614   -0.294173858   -0.307109416
   16.667384419   -0.304513240   -0.306258881
   16.689431223   -0.316044731   -0.305417550
   16.711478028   -0.328566390   -0.304584577
   16.733524833   -0.341859619   -0.303759289
   16.755571638   -0.355708534   -0.302941200
   16.777618443   -0.369916020   -0.302129982
   16.799665247   -0.384314001   -0.301325395
   16.821712052   -0.398766686   -0.300527212
   16.843758857   -0.413166868   -0.299735130
   16.865805662   -0.427426706   -0.298948719
   16.887852467   -0.441465456   -0.298167392
   16.909899271   -0.455197108   -0.297390425
   16.931946076   -0.468520854   -0.296617006
   16.953992881   -0.481316654   -0.295846323
   16.976039686   -0.493447106   -0.295077656
   16.998086490   -0.504765472   -0.294310471
   17.020133295   -0.515128436   -0.293544488
   17.042180100   -0.524411127   -0.292779724
   17.064226905   -0.532521402   -0.292016479
   17.086273710   -0.539410421   -0.291255300
   17.108320514   -0.545077187   -0.290496897
   17.130367319   -0.549565854   -0.289742052
   17.152414124   -0.552955976   -0.288991524
   17.174460929   -0.555347291   -0.288245983
   17.196507734   -0.556841752   -0.287505977
   17.218554538   -0.557526171   -0.286771951
   17.240601343   -0.557458840   -0.286044325
   17.262648148   -0.556662872   -0.285323617
   17.284694953   -0.555127785   -0.284610613
   17.306741757   -0.552819337   -0.283906543
   17.328788562   -0.549695996   -0.283213266
   17.350835367   -0.545729093   -0.282533415
   17.372882172   -0.540922805   -0.281870492
   17.394928977   -0.535329983   -0.281228904
   17.416975781   -0.529060362   -0.280613904
   17.439022586   -0.522278984   -0.280031467
   17.461069391   -0.515194309   -0.279488086
   17.483116196   -0.508037433   -0.278990513
   17.505163001   -0.501035506   -0.278545462
   17.527209805   -0.494383698   -0.278159300
   17.549256610   -0.488220573   -0.277837751
   17.571303415   -0.482611400   -0.277585632
   17.593350220   -0.477542741   -0.277406646
   17.615397024   -0.472929885   -0.277303245
   17.637443829   -0.468636498   -0.277276564
   17.659490634   -0.464503719   -0.277326446
   17.681537439   -0.460384125   -0.277451526
   17.703584244   -0.456174972   -0.277649391
   17.725631048   -0.451844900   -0.277916788
   17.747677853   -0.447449166   -0.278249859
   17.769724658   -0.443130123   -0.278644394
   17.791771463   -0.439101989   -0.279096066
   17.813818268   -0.435621471   -0.279600647
   17.835865072   -0.432948218   -0.280154165
   17.857911877   -0.431300841   -0.280753016
   17.879958682   -0.430815226   -0.281393989
   17.902005487   -0.431511697   -0.282074242
   17.924052291   -0.433276457   -0.282791206
   17.946099096   -0.435860681   -0.283542445
   17.968145901   -0.438898049   -0.284325489
   17.990192706   -0.441938720   -0.285137665
   18.012239511   -0.444495327   -0.285975950
   18.034286315   -0.446094723   -0.286836874
   18.056333120   -0.446328409   -0.287716487
   18.078379925   -0.444894775   -0.288610398
   18.100426730   -0.441627576   -0.289513898
   18.122473535   -0.436507142   -0.290422142
   18.144520339   -0.429653407   -0.291330385
   18.166567144   -0.421302450   -0.292234226
   18.188613949   -0.411770596   -0.293129843
   18.210660754   -0.401411660   -0.294014181
   18.232707558   -0.390573672   -0.294885064
   18.254754363   -0.379561072   -0.295741222
   18.276801168   -0.368607182   -0.296582216
   18.298847973   -0.357859859   -0.297408286
   18.320894778   -0.347381060   -0.298220131
   18.342941582   -0.337158822   -0.299018663
   18.364988387   -0.327128395   -0.299804763
   18.387035192   -0.317198135   -0.300579085
   18.409081997   -0.307275421   -0.301341937
   18.431128802   -0.297288338   -0.302093251
   18.453175606   -0.287200051   -0.302832651
   18.475222411   -0.277014348   -0.303559606
   18.497269216   -0.266772577   -0.304273643
   18.519316021   -0.256543739   -0.304974570
   18.541362825   -0.246410551   -0.305662682
   18.563409630   -0.236454828   -0.306338891
   18.585456435   -0.226745293   -0.307004765
   18.607503240   -0.217330168   -0.307662448
   18.629550045   -0.208235710   -0.308314463
   18.651596849   -0.199470516   -0.308963424
   18.673643654   -0.191034158   -0.309611695
   18.695690459   -0.182927849   -0.310261037
   18.717737264   -0.175164427   -0.310912305
   18.739784069   -0.167775171   -0.311565244
   18.761830873   -0.160811644   -0.312218411
   18.783877678   -0.154341858   -0.312869252
   18.805924483   -0.148441281   -0.313514327
   18.827971288   -0.143180341   -0.314149653
   18.850018093   -0.138610878   -0.314771115
   18.872064897   -0.134754336   -0.315374906
   18.894111702   -0.131594208   -0.315957907
   18.916158507   -0.129074542   -0.316517977
   18.938205312   -0.127105152   -0.317054086
   18.960252116   -0.125572911   -0.317566297
   18.982298921   -0.124357286   -0.318055566
   19.004345726   -0.123347416   -0.318523430
   19.026392531   -0.122457622   -0.318971586
   19.048439336   -0.121638467   -0.319401451
   19.070486140   -0.120881219   -0.319813765
   19.092532945   -0.120214774   -0.320208274
   19.114579750   -0.119695461   -0.320583562
   19.136626555   -0.119391568   -0.320937043
   19.158673360   -0.119365417   -0.321265107
   19.180720164   -0.119656429   -0.321563414
   19.202766969   -0.120268508   -0.321827266
   19.224813774   -0.121164403   -0.322052036
   19.246860579   -0.122268470   -0.322233559
   19.268907383   -0.123477739   -0.322368469
   19.290954188   -0.124679580   -0.322454412
   19.313000993   -0.125772984   -0.322490140
   19.335047798   -0.126689567   -0.322475465
   19.357094603   -0.127410263   -0.322411115
   19.379141407   -0.127974202   -0.322298501
   19.401188212   -0.128477446   -0.322139462
   19.423235017   -0.129060916   -0.321936012
   19.445281822   -0.129888713   -0.321690142
   19.467328627   -0.131119752   -0.321403684
   19.489375431   -0.132876988   -0.321078269
   19.511422236   -0.135219146   -0.320715348
   19.533469041   -0.138119790   -0.320316283
   19.555515846   -0.141457636   -0.319882458
   19.577562650   -0.145020451   -0.319415398
   19.599609455   -0.148522854   -0.318916861
   19.621656260   -0.151636248   -0.318388883
   19.643703065   -0.154027167   -0.317833774
   19.665749870   -0.155398978   -0.317254072
   19.687796674   -0.155531231   -0.316652459
   19.709843479   -0.154311158   -0.316031669
   19.731890284   -0.151752895   -0.315394408
   19.753937089   -0.148001682   -0.314743300
   19.775983894   -0.143322423   -0.314080881
   19.798030698   -0.138074160   -0.313409624
   19.820077503   -0.132673966   -0.312732000
   19.842124308   -0.127555115   -0.312050560
   19.864171113   -0.123125070   -0.311367993
   19.886217917   -0.119728633   -0.310687171
   19.908264722   -0.117620656   -0.310011138
   19.930311527   -0.116951159   -0.309343051
   19.952358332   -0.117763844   -0.308686070
   19.974405137   -0.120006998   -0.308043216
   19.996451941   -0.123554176   -0.307417217
   20.018498746   -0.128230799   -0.306810374
   20.040545551   -0.133842340   -0.306224459
   20.062592356   -0.140199908   -0.305660689
   20.084639161   -0.147139850   -0.305119749
   20.106685965   -0.154535265   -0.304601889
   20.128732770   -0.162298797   -0.304107056
   20.150779575   -0.170377569   -0.303635037
   20.172826380   -0.178742282   -0.303185578
   20.194873184   -0.187373297   -0.302758447
   20.216919989   -0.196246707   -0.302353423
   20.238966794   -0.205323090   -0.301970178
   20.261013599   -0.214540886   -0.301608095
   20.283060404   -0.223815289   -0.301266012
   20.305107208   -0.233042413   -0.300941954
   20.327154013   -0.242107537   -0.300632893
   20.349200818   -0.250895514   -0.300334584
   20.371247623   -0.259301178   -0.300041518
   20.393294428   -0.267237705   -0.299747031
   20.415341232   -0.274641434   -0.299443549
   20.437388037   -0.281472466   -0.299122981
   20.459434842   -0.287711202   -0.298777194
   20.481481647   -0.293351848   -0.298398543
   20.503528452   -0.298394457   -0.297980361
   20.525575256   -0.302837336   -0.297517376
   20.547622061   -0.306671523   -0.297005984
   20.569668866   -0.309878551   -0.296444360
   20.591715671   -0.312432021   -0.295832395
   20.613762475   -0.314302678   -0.295171464
   20.635809280   -0.315465964   -0.294464098
   20.657856085   -0.315910446   -0.293713573
   20.679902890   -0.315645328   -0.292923521
   20.701949695   -0.314705381   -0.292097585
   20.723996499   -0.313152072   -0.291239191
   20.746043304   -0.311070454   -0.290351448
   20.768090109   -0.308562142   -0.289437171
   20.790136914   -0.305735549   -0.288499028
   20.812183719   -0.302695109   -0.287539745
   20.834230523   -0.299531511   -0.286562328
   20.856277328   -0.296314852   -0.285570247
   20.878324133   -0.293092162   -0.284567545
   20.900370938   -0.289890000   -0.283558826
   20.922417742   -0.286721872   -0.282549128
   20.944464547   -0.283599344   -0.281543698
   20.966511352   -0.280544957   -0.280547699
   20.988558157   -0.277604615   -0.279565894
   21.010604962   -0.274857079   -0.278602374
   21.032651766   -0.272418583   -0.277660362
   21.054698571   -0.270441316   -0.276742139
   21.076745376   -0.269105496   -0.275849093
   21.098792181   -0.268605818   -0.274981887
   21.120838986   -0.269134028   -0.274140722
   21.142885790   -0.270860040   -0.273325626
   21.164932595   -0.273914340   -0.272536738
   21.186979400   -0.278374250   -0.271774517
   21.209026205   -0.284256073   -0.271039853
   21.231073009   -0.291514221   -0.270334038
   21.253119814   -0.300047332   -0.269658621
   21.275166619   -0.309710297   -0.269015159
   21.297213424   -0.320330212   -0.268404912
   21.319260229   -0.331723668   -0.267828546
   21.341307033   -0.343712705   -0.267285880
   21.363353838   -0.356137026   -0.266775751
   21.385400643   -0.368860810   -0.266296002
   21.407447448   -0.381773467   -0.265843615
   21.429494253   -0.394784746   -0.265414962
   21.451541057   -0.407815649   -0.265006139
   21.473587862   -0.420787314   -0.264613322
   21.495634667   -0.433610390   -0.264233091
   21.517681472   -0.446177302   -0.263862665
   21.539728276   -0.458359244   -0.263500007
   21.561775081   -0.470008851   -0.263143788
   21.583821886   -0.480968388   -0.262793219
   21.605868691   -0.491082239   -0.262447782
   21.627915496   -0.500211602   -0.262106922
   21.649962300   -0.508248771   -0.261769758
   21.672009105   -0.515128362   -0.261434875
   21.694055910   -0.520833266   -0.261100253
   21.716102715   -0.525393977   -0.260763354
   21.738149520   -0.528881075   -0.260421377
   21.760196324   -0.531391850   -0.260071636
   21.782243129   -0.533033145   -0.259712036
   21.804289934   -0.533903240   -0.259341546
   21.826336739   -0.534075891   -0.258960627
   21.848383543   -0.533589363   -0.258571513
   21.870430348   -0.532442554   -0.258178328
   21.892477153   -0.530599120   -0.257786991
   21.914523958   -0.527999178   -0.257404918
   21.936570763   -0.524576775   -0.257040562
   21.958617567   -0.520280287   -0.256702849
   21.980664372   -0.515092223   -0.256400567
   22.002711177   -0.509044895   -0.256141809
   22.024757982   -0.502228951   -0.255933514
   22.046804787   -0.494792863   -0.255781168
   22.068851591   -0.486932909   -0.255688686
   22.090898396   -0.478874787   -0.255658466
   22.112945201   -0.470849462   -0.255691596
   22.134992006   -0.463066918   -0.255788156
   22.157038810   -0.455691999   -0.255947552
   22.179085615   -0.448826356   -0.256168842
   22.201132420   -0.442499657   -0.256450981
   22.223179225   -0.436671827   -0.256792966
   22.245226030   -0.431246336   -0.257193880
   22.267272834   -0.426092719   -0.257652816
   22.289319639   -0.421074958   -0.258168751
   22.311366444   -0.416081226   -0.258740378
   22.333413249   -0.411050114   -0.259365953
   22.355460054   -0.405988807   -0.260043198
   22.377506858   -0.400979816   -0.260769280
   22.399553663   -0.396174517   -0.261540867
   22.421600468   -0.391773823   -0.262354263
   22.443647273   -0.387998321   -0.263205590
   22.465694078   -0.385051981   -0.264090976
   22.487740882   -0.383084688   -0.265006720
   22.509787687   -0.382159249   -0.265949397
   22.531834492   -0.382228067   -0.266915877
   22.553881297   -0.383123418   -0.267903273
   22.575928101   -0.384563380   -0.268908803
   22.597974906   -0.386173272   -0.269929629
   22.620021711   -0.387520210   -0.270962674
   22.642068516   -0.388156495   -0.272004496
   22.664115321   -0.387666240   -0.273051221
   22.686162125   -0.385709159   -0.274098579
   22.708208930   -0.382055808   -0.275142032
   22.730255735   -0.376609765   -0.276176995
   22.752302540   -0.369414040   -0.277199105
   22.774349345   -0.360641214   -0.278204500
   22.796396149   -0.350568978   -0.279190067
   22.818442954   -0.339544700   -0.280153599
   22.840489759   -0.327943987   -0.281093858
   22.862536564   -0.316128833   -0.282010503
   22.884583368   -0.304410758   -0.282903915
   22.906630173   -0.293023395   -0.283774931
   22.928676978   -0.282107454   -0.284624548
   22.950723783   -0.271709146   -0.285453636
   22.972770588   -0.261791205   -0.286262711
   22.994817392   -0.252253993   -0.287051823
   23.016864197   -0.242962939   -0.287820557
   23.038911002   -0.233777966   -0.288568169
   23.060957807   -0.224580621   -0.289293818
   23.083004612   -0.215295299   -0.289996861
   23.105051416   -0.205902093   -0.290677150
   23.127098221   -0.196440193   -0.291335269
   23.149145026   -0.187002237   -0.291972666
   23.171191831   -0.177721215   -0.292591647
   23.193238635   -0.168752492   -0.293195208
   23.215285440   -0.160253911   -0.293786724
   23.237332245   -0.152366924   -0.294369538
   23.259379050   -0.145201246   -0.294946508
   23.281425855   -0.138824731   -0.295519563
   23.303472659   -0.133259268   -0.296089365
   23.325519464   -0.128482542   -0.296655111
   23.347566269   -0.124434752   -0.297214523
   23.369613074   -0.121028818   -0.297764027
   23.391659879   -0.118162358   -0.298299121
   23.413706683   -0.115729783   -0.298814869
   23.435753488   -0.113633079   -0.299306455
   23.457800293   -0.111790285   -0.299769745
   23.479847098   -0.110141117   -0.300201750
   23.501893902   -0.108649623   -0.300600956
   23.523940707   -0.107304068   -0.300967455
   23.545987512   -0.106114469   -0.301302878
   23.568034317   -0.105108283   -0.301610135
   23.590081122   -0.104324762   -0.301893000
   23.612127926   -0.103808450   -0.302155603
   23.634174731   -0.103602302   -0.302401898
   23.656221536   -0.103740884   -0.302635173
   23.678268341   -0.104244185   -0.302857677
   23.700315146   -0.105112658   -0.303070379
   23.722361950   -0.106324129   -0.303272917
   23.744408755   -0.107833217   -0.303463699
   23.766455560   -0.109573749   -0.303640151
   23.788502365   -0.111464385   -0.303799062
   23.810549169   -0.113417242   -0.303936967
   23.832595974   -0.115348789   -0.304050522
   23.854642779   -0.117191798   -0.304136820
   23.876689584   -0.118906669   -0.304193606
   23.898736389   -0.120490260   -0.304219383
   23.920783193   -0.121980376   -0.304213402
   23.942829998   -0.123454460   -0.304175557
   23.964876803   -0.125021735   -0.304106210
   23.986923608   -0.126808960   -0.304005991
   24.008970413   -0.128941045   -0.303875595
   24.031017217   -0.131518755   -0.303715629
   24.053064022   -0.134596519   -0.303526514
   24.075110827   -0.138163742   -0.303308459
   24.097157632   -0.142132902   -0.303061512
   24.119204436   -0.146337060   -0.302785657
   24.141251241   -0.150538275   -0.302480960
   24.163298046   -0.154446931   -0.302147713
   24.185344851   -0.157750363   -0.301786570
   24.207391656   -0.160147648   -0.301398645
   24.229438460   -0.161386302   -0.300985558
   24.251485265   -0.161296001   -0.300549426
   24.273532070   -0.159814602   -0.300092798
   24.295578875   -0.157002540   -0.299618553
   24.317625680   -0.153043148   -0.299129762
   24.339672484   -0.148228357   -0.298629552
   24.361719289   -0.142931243   -0.298120969
   24.383766094   -0.137568823   -0.297606881
   24.405812899   -0.132559906   -0.297089904
   24.427859704   -0.128283590   -0.296572385
   24.449906508   -0.125043883   -0.296056416
   24.471953313   -0.123045082   -0.295543893
   24.494000118   -0.122380909   -0.295036596
   24.516046923   -0.123038384   -0.294536284
   24.538093727   -0.124915204   -0.294044783
   24.560140532   -0.127847437   -0.293564060
   24.582187337   -0.131642845   -0.293096257
   24.604234142   -0.136114457   -0.292643697
   24.626280947   -0.141109139   -0.292208824
   24.648327751   -0.146526903   -0.291794113
   24.670374556   -0.152328307   -0.291401924
   24.692421361   -0.158529384   -0.291034329
   24.714468166   -0.165185581   -0.290692921
   24.736514971   -0.172368043   -0.290378625
   24.758561775   -0.180136755   -0.290091524
   24.780608580   -0.188515537   -0.289830739
   24.802655385   -0.197473429   -0.289594353
   24.824702190   -0.206915887   -0.289379424
   24.846748994   -0.216687407   -0.289182062
   24.868795799   -0.226585245   -0.288997591
   24.890842604   -0.236381947   -0.288820778
   24.912889409   -0.245852889   -0.288646106
   24.934936214   -0.254804198   -0.288468074
   24.956983018   -0.263096316   -0.288281487
   24.979029823   -0.270659283   -0.288081718
   25.001076628   -0.277497175   -0.287864906
   25.023123433   -0.283681001   -0.287628075
   25.045170238   -0.289331304   -0.287369165
   25.067217042   -0.294593410   -0.287086981
   25.089263847   -0.299609480   -0.286781056
   25.111310652   -0.304491999   -0.286451477
   25.133357457   -0.309303015   -0.286098673
   25.155404261   -0.314042435   -0.285723220
   25.177451066   -0.318647089   -0.285325685
   25.199497871   -0.323000472   -0.284906520
   25.221544676   -0.326951272   -0.284466050
   25.243591481   -0.330337415   -0.284004519
   25.265638285   -0.333011496   -0.283522223
   25.287685090   -0.334863432   -0.283019671
   25.309731895   -0.335836721   -0.282497784
   25.331778700   -0.335935995   -0.281958061
   25.353825505   -0.335225075   -0.281402717
   25.375872309   -0.333816458   -0.280834737
   25.397919114   -0.331854581   -0.280257854
   25.419965919   -0.329496209   -0.279676437
   25.442012724   -0.326891642   -0.279095298
   25.464059528   -0.324170101   -0.278519449
   25.486106333   -0.321431728   -0.277953823
   25.508153138   -0.318747275   -0.277403016
   25.530199943   -0.316165054   -0.276871051
   25.552246748   -0.313723290   -0.276361228
   25.574293552   -0.311465028   -0.275876039
   25.596340357   -0.309452235   -0.275417185
   25.618387162   -0.307775935   -0.274985669
   25.640433967   -0.306559952   -0.274581951
   25.662480772   -0.305957079   -0.274206136
   25.684527576   -0.306137914   -0.273858173
   25.706574381   -0.307274015   -0.273538017
   25.728621186   -0.309518116   -0.273245753
   25.750667991   -0.312984759   -0.272981635
   25.772714795   -0.317734650   -0.272746066
   25.794761600   -0.323765477   -0.272539506
   25.816808405   -0.331010758   -0.272362324
   25.838855210   -0.339346951   -0.272214633
   25.860902015   -0.348607574   -0.272096123
   25.882948819   -0.358601929   -0.272005921
   25.904995624   -0.369135241   -0.271942507
   25.927042429   -0.380026866   -0.271903700
   25.949089234   -0.391123646   -0.271886715
   25.971136039   -0.402306446   -0.271888289
   25.993182843   -0.413489216   -0.271904861
   26.015229648   -0.424611318   -0.271932794
   26.037276453   -0.435625080   -0.271968589
   26.059323258   -0.446481445   -0.272009092
   26.081370063   -0.457116841   -0.272051657
   26.103416867   -0.467444146   -0.272094250
   26.125463672   -0.477349777   -0.272135487
   26.147510477   -0.486697725   -0.272174602
   26.169557282   -0.495339955   -0.272211369
   26.191604086   -0.503131339   -0.272245973
   26.213650891   -0.509946347   -0.272278864
   26.235697696   -0.515694282   -0.272310626
   26.257744501   -0.520330072   -0.272341851
   26.279791306   -0.523858366   -0.272373080
   26.301838110   -0.526329895   -0.272404779
   26.323884915   -0.527830499   -0.272437388
   26.345931720   -0.528464579   -0.272471414
   26.367978525   -0.528335857   -0.272507574
   26.390025330   -0.527528873   -0.272546959
   26.412072134   -0.526094636   -0.272591197
   26.434118939   -0.524043154   -0.272642603
   26.456165744   -0.521344404   -0.272704273
   26.478212549   -0.517937770   -0.272780127
   26.500259353   -0.513748469   -0.272874864
   26.522306158   -0.508708146   -0.272993846
   26.544352963   -0.502775986   -0.273142901
   26.566399768   -0.495956493   -0.273328058
   26.588446573   -0.488310559   -0.273555249
   26.610493377   -0.479957560   -0.273829979
   26.632540182   -0.471067708   -0.274157016
   26.654586987   -0.461845631   -0.274540125
   26.676633792   -0.452507679   -0.274981856
   26.698680597   -0.443256666   -0.275483436
   26.720727401   -0.434258255   -0.276044746
   26.742774206   -0.425623075   -0.276664406
   26.764821011   -0.417397717   -0.277339949
   26.786867816   -0.409566347   -0.278068062
   26.808914620   -0.402062845   -0.278844870
   26.830961425   -0.394791600   -0.279666237
   26.853008230   -0.387653520   -0.280528030
   26.875055035   -0.380572839   -0.281426346
   26.897101840   -0.373520040   -0.282357645
   26.919148644   -0.366526704   -0.283318805
   26.941195449   -0.359689335   -0.284307085
   26.963242254   -0.353160947   -0.285320001
   26.985289059   -0.347131173   -0.286355153
   27.007335864   -0.341797568   -0.287410022
   27.029382668   -0.337332288   -0.288481771
   27.051429473   -0.333849197   -0.289567089
   27.073476278   -0.331376557   -0.290662094
   27.095523083   -0.329839747   -0.291762331
   27.117569887   -0.329057061   -0.292862846
   27.139616692   -0.328749732   -0.293958353
   27.161663497   -0.328565297   -0.295043450
   27.183710302   -0.328111452   -0.296112877
   27.205757107   -0.326996034   -0.297161767
   27.227803911   -0.324867919   -0.298185857
   27.249850716   -0.321453500   -0.299181639
   27.271897521   -0.316584090   -0.300146418
   27.293944326   -0.310210910   -0.301078288
   27.315991131   -0.302406081   -0.301976010
   27.338037935   -0.293349975   -0.302838833
   27.360084740   -0.283307078   -0.303666282
   27.382131545   -0.272593986   -0.304457946
   27.404178350   -0.261543968   -0.305213296
   27.426225154   -0.250472803   -0.305931591
   27.448271959   -0.239650071   -0.306611856
   27.470318764   -0.229279106   -0.307252967
   27.492365569   -0.219487389   -0.307853818
   27.514412374   -0.210327624   -0.308413558
   27.536459178   -0.201788229   -0.308931852
   27.558505983   -0.193810830   -0.309409135
   27.580552788   -0.186311537   -0.309846802
   27.602599593   -0.179202571   -0.310247320
   27.624646398   -0.172411064   -0.310614208
   27.646693202   -0.165892568   -0.310951895
   27.668740007   -0.159637778   -0.311265462
   27.690786812   -0.153672141   -0.311560275
   27.712833617   -0.148049078   -0.311841568
   27.734880421   -0.142838460   -0.312114013
   27.756927226   -0.138112559   -0.312381330
   27.778974031   -0.133931902   -0.312645992
   27.801020836   -0.130333346   -0.312909046
   27.823067641   -0.127322174   -0.313170103
   27.845114445   -0.124869345   -0.313427472
   27.867161250   -0.122914197   -0.313678449
   27.889208055   -0.121372083   -0.313919711
   27.911254860   -0.120145715   -0.314147786
   27.933301665   -0.119138471   -0.314359540
   27.955348469   -0.118267699   -0.314552627
   27.977395274   -0.117476046   -0.314725847
   27.999442079   -0.116739163   -0.314879388
   28.021488884   -0.116068635   -0.315014915
   28.043535689   -0.115509671   -0.315135501
   28.065582493   -0.115133793   -0.315245419
   28.087629298   -0.115027494   -0.315349814
   28.109676103   -0.115278401   -0.315454296
   28.131722908   -0.115960895   -0.315564497
   28.153769712   -0.117123259   -0.315685642
   28.175816517   -0.118778318   -0.315822174
   28.197863322   -0.120899110   -0.315977467
   28.219910127   -0.123420482   -0.316153645
   28.241956932   -0.126246715   -0.316351524
   28.264003736   -0.129264389   -0.316570664
   28.286050541   -0.132358867   -0.316809523
   28.308097346   -0.135432143   -0.317065680
   28.330144151   -0.138419391   -0.317336104
   28.352190956   -0.141301537   -0.317617440
   28.374237760   -0.144111535   -0.317906282
   28.396284565   -0.146932770   -0.318199401
   28.418331370   -0.149889050   -0.318493934
   28.440378175   -0.153126838   -0.318787502
   28.462424979   -0.156791640   -0.319078270
   28.484471784   -0.161001479   -0.319364953
   28.506518589   -0.165821106   -0.319646763
   28.528565394   -0.171240836   -0.319923332
   28.550612199   -0.177163557   -0.320194603
   28.572659003   -0.183402613   -0.320460708
   28.594705808   -0.189691871   -0.320721852
   28.616752613   -0.195707706   -0.320978189
   28.638799418   -0.201100877   -0.321229726
   28.660846223   -0.205534740   -0.321476237
   28.682893027   -0.208725135   -0.321717202
   28.704939832   -0.210476736   -0.321951774
   28.726986637   -0.210710896   -0.322178775
   28.749033442   -0.209480910   -0.322396722
   28.771080246   -0.206972212   -0.322603894
   28.793127051   -0.203486977   -0.322798424
   28.815173856   -0.199414745   -0.322978425
   28.837220661   -0.195192627   -0.323142137
   28.859267466   -0.191260183   -0.323288090
   28.881314270   -0.188014834   -0.323415262
   28.903361075   -0.185773662   -0.323523230
   28.925407880   -0.184746571   -0.323612287
   28.947454685   -0.185024161   -0.323683513
   28.969501490   -0.186581585   -0.323738807
   28.991548294   -0.189297316   -0.323780836
   29.013595099   -0.192983686   -0.323812950
   29.035641904   -0.197424334   -0.323839027
   29.057688709   -0.202412833   -0.323863286
   29.079735513   -0.207786708   -0.323890074
   29.101782318   -0.213451894   -0.323923663
   29.123829123   -0.219394258   -0.323968044
   29.145875928   -0.225676903   -0.324026785
   29.167922733   -0.232424163   -0.324102914
   29.189969537   -0.239795278   -0.324198874
   29.212016342   -0.247952252   -0.324316526
   29.234063147   -0.257027184   -0.324457200
   29.256109952   -0.267094298   -0.324621771
   29.278156757   -0.278150999   -0.324810755
   29.300203561   -0.290110714   -0.325024386
   29.322250366   -0.302808315   -0.325262679
   29.344297171   -0.316016885   -0.325525445
   29.366343976   -0.329472798   -0.325812264
   29.388390780   -0.342904888   -0.326122418
   29.410437585   -0.356062950   -0.326454790
   29.432484390   -0.368741146   -0.326807746
   29.454531195   -0.380792901   -0.327179022
   29.476578000   -0.392135433   -0.327565637
   29.498624804   -0.402743864   -0.327963844
   29.520671609   -0.412636620   -0.328369137
   29.542718414   -0.421855205   -0.328776324
   29.564765219   -0.430442253   -0.329179643
   29.586812024   -0.438421881   -0.329572935
   29.608858828   -0.445785757   -0.329949839
   29.630905633   -0.452487151   -0.330303986
   29.652952438   -0.458443731   -0.330629193
   29.674999243   -0.463548249   -0.330919605
   29.697046047   -0.467684919   -0.331169800
   29.719092852   -0.470748337   -0.331374841
   29.741139657   -0.472661446   -0.331530273
   29.763186462   -0.473389398   -0.331632091
   29.785233267   -0.472946970   -0.331676674
   29.807280071   -0.471398526   -0.331660728
   29.829326876   -0.468850853   -0.331581237
   29.851373681   -0.465440565   -0.331435446
   29.873420486   -0.461318642   -0.331220881
   29.895467291   -0.456635168   -0.330935415
   29.917514095   -0.451527127   -0.330577364
   29.939560900   -0.446111421   -0.330145602
   29.961607705   -0.440484197   -0.329639682
   29.983654510   -0.434726236   -0.329059943
   30.005701315   -0.428912965   -0.328407585
   30.027748119   -0.423126670   -0.327684697
   30.049794924   -0.417468073   -0.326894243
   30.071841729   -0.412064456   -0.326039992
   30.093888534   -0.407072207   -0.325126421
   30.115935338   -0.402672657   -0.324158581
   30.137982143   -0.399061394   -0.323141968
   30.160028948   -0.396432445   -0.322082395
   30.182075753   -0.394959789   -0.320985893
   30.204122558   -0.394779167   -0.319858633
   30.226169362   -0.395973239   -0.318706893
   30.248216167   -0.398562565   -0.317537037
   30.270262972   -0.402503929   -0.316355519
   30.292309777   -0.407696269   -0.315168884
   30.314356582   -0.413993161   -0.313983749
   30.336403386   -0.421219722   -0.312806762
   30.358450191   -0.429191046   -0.311644527
   30.380496996   -0.437729171   -0.310503486
   30.402543801   -0.446675851   -0.309389776
   30.424590605   -0.455899360   -0.308309070
   30.446637410   -0.465294628   -0.307266415
   30.468684215   -0.474777351   -0.306266092
   30.490731020   -0.484273812   -0.305311516
   30.512777825   -0.493708924   -0.304405179
   30.534824629   -0.502995315   -0.303548659
   30.556871434   -0.512025976   -0.302742677
   30.578918239   -0.520672271   -0.301987205
   30.600965044   -0.528787964   -0.301281601
   30.623011849   -0.536218708   -0.300624753
   30.645058653   -0.542815288   -0.300015213
   30.667105458   -0.548448102   -0.299451301
   30.689152263   -0.553020037   -0.298931166
   30.711199068   -0.556475143   -0.298452797
   30.733245872   -0.558801227   -0.298013997
   30.755292677   -0.560025648   -0.297612310
   30.777339482   -0.560204881   -0.297244948
   30.799386287   -0.559409645   -0.296908710
   30.821433092   -0.557708289   -0.296599934
   30.843479896   -0.555151573   -0.296314491
   30.865526701   -0.551761762   -0.296047836
   30.887573506   -0.547528256   -0.295795118
   30.909620311   -0.542410750   -0.295551347
   30.931667116   -0.536349537   -0.295311600
   30.953713920   -0.529281153   -0.295071255
   30.975760725   -0.521156519   -0.294826217
   30.997807530   -0.511958099   -0.294573128
   31.019854335   -0.501712719   -0.294309519
   31.041901139   -0.490497326   -0.294033913
   31.063947944   -0.478436259   -0.293745834
   31.085994749   -0.465690114   -0.293445753
   31.108041554   -0.452437921   -0.293134962
   31.130088359   -0.438855660   -0.292815376
   31.152135163   -0.425095017   -0.292489310
   31.174181968   -0.411266389   -0.292159223
   31.196228773   -0.397429595   -0.291827471
   31.218275578   -0.383594465   -0.291496081
   31.240322383   -0.369731802   -0.291166569
   31.262369187   -0.355793304   -0.290839808
   31.284415992   -0.341737313   -0.290515972
   31.306462797   -0.327556034   -0.290194535
   31.328509602   -0.313299275   -0.289874349
   31.350556406   -0.299090114   -0.289553770
   31.372603211   -0.285128956   -0.289230834
   31.394650016   -0.271684237   -0.288903469
   31.416696821   -0.259070156   -0.288569702
   31.438743626   -0.247614003   -0.288227873
   31.460790430   -0.237617444   -0.287876805
   31.482837235   -0.229317361   -0.287515934
   31.504884040   -0.222852102   -0.287145373
   31.526930845   -0.218238429   -0.286765900
   31.548977650   -0.215362974   -0.286378873
   31.571024454   -0.213989904   -0.285986082
   31.593071259   -0.213784137   -0.285589530
   31.615118064   -0.214347123   -0.285191189
   31.637164869   -0.215260346   -0.284792737
   31.659211674   -0.216130618   -0.284395310
   31.681258478   -0.216631005   -0.283999303
   31.703305283   -0.216531987   -0.283604220
   31.725352088   -0.215719010   -0.283208622
   31.747398893   -0.214194669   -0.282810155
   31.769445697   -0.212066075   -0.282405664
   31.791492502   -0.209520100   -0.281991384
   31.813539307   -0.206790794   -0.281563183
   31.835586112   -0.204124195   -0.281116830
   31.857632917   -0.201745757   -0.280648261
   31.879679721   -0.199834820   -0.280153812
   31.901726526   -0.198509094   -0.279630401
   31.923773331   -0.197820303   -0.279075636
   31.945820136   -0.197760215   -0.278487852
   31.967866941   -0.198274674   -0.277866079
   31.989913745   -0.199282157   -0.277209949
   32.011960550   -0.200692979   -0.276519564
   32.034007355   -0.202425587   -0.275795350
   32.056054160   -0.204417333   -0.275037914
   32.078100964   -0.206628511   -0.274247918
   32.100147769   -0.209039894   -0.273425986
   32.122194574   -0.211645404   -0.272572648
   32.144241379   -0.214442471   -0.271688306
   32.166288184   -0.217422968   -0.270773233
   32.188334988   -0.220567393   -0.269827576
   32.210381793   -0.223844044   -0.268851363
   32.232428598   -0.227213768   -0.267844498
   32.254475403   -0.230639432   -0.266806758
   32.276522208   -0.234098066   -0.265737773
   32.298569012   -0.237592788   -0.264637019
   32.320615817   -0.241161348   -0.263503822
   32.342662622   -0.244878566   -0.262337390
   32.364709427   -0.248850898   -0.261136891
   32.386756231   -0.253202843   -0.259901563
   32.408803036   -0.258056505   -0.258630865
   32.430849841   -0.263507098   -0.257324648
   32.452896646   -0.269598324   -0.255983330
   32.474943451   -0.276301971   -0.254608039
   32.496990255   -0.283505802   -0.253200711
   32.519037060   -0.291012790   -0.251764098
   32.541083865   -0.298553118   -0.250301693
   32.563130670   -0.305808384   -0.248817553
   32.585177475   -0.312445481   -0.247316031
   32.607224279   -0.318155906   -0.245801457
   32.629271084   -0.322695161   -0.244277780
   32.651317889   -0.325916634   -0.242748229
   32.673364694   -0.327794886   -0.241215033
   32.695411498   -0.328434694   -0.239679229
   32.717458303   -0.328064124   -0.238140598
   32.739505108   -0.327012205   -0.236597724
   32.761551913   -0.325674003   -0.235048177
   32.783598718   -0.324467678   -0.233488792
   32.805645522   -0.323789283   -0.231916012
   32.827692327   -0.323971301   -0.230326235
   32.849739132   -0.325250336   -0.228716131
   32.871785937   -0.327747943   -0.227082883
   32.893832742   -0.331466596   -0.225424323
   32.915879546   -0.336300611   -0.223738941
   32.937926351   -0.342059649   -0.222025792
   32.959973156   -0.348500770   -0.220284306
   32.982019961   -0.355363939   -0.218514048
   33.004066765   -0.362405662   -0.216714468
   33.026113570   -0.369426042   -0.214884680
   33.048160375   -0.376285804   -0.213023324
   33.070207180   -0.382911617   -0.211128513
   33.092253985   -0.389289927   -0.209197893
   33.114300789   -0.395451344   -0.207228797
   33.136347594   -0.401448922   -0.205218475
   33.158394399   -0.407334473   -0.203164350
   33.180441204   -0.413137057   -0.201064286
   33.202488009   -0.418847155   -0.198916798
   33.224534813   -0.424408885   -0.196721194
   33.246581618   -0.429721086   -0.194477631
   33.268628423   -0.434646593   -0.192187060
   33.290675228   -0.439027650   -0.189851102
   33.312722032   -0.442704527   -0.187471861
   33.334768837   -0.445533994   -0.185051710
   33.356815642   -0.447404554   -0.182593095
   33.378862447   -0.448246051   -0.180098372
   33.400909252   -0.448032366   -0.177569718
   33.422956056   -0.446777178   -0.175009112
   33.445002861   -0.444523937   -0.172418384
   33.467049666   -0.441332172   -0.169799326
   33.489096471   -0.437262710   -0.167153820
   33.511143276   -0.432364474   -0.164483973
   33.533190080   -0.426665096   -0.161792222
   33.555236885   -0.420166773   -0.159081380
   33.577283690   -0.412847840   -0.156354626
   33.599330495   -0.404669512   -0.153615427
   33.621377300   -0.395586369   -0.150867408
   33.643424104   -0.385558646   -0.148114190
   33.665470909   -0.374564150   -0.145359220
   33.687517714   -0.362607901   -0.142605622
   33.709564519   -0.349728077   -0.139856086
   33.731611323   -0.335997628   -0.137112811
   33.753658128   -0.321521704   -0.134377498
   33.775704933   -0.306431809   -0.131651397
   33.797751738   -0.290878034   -0.128935378
   33.819798543   -0.275020962   -0.126230019
   33.841845347   -0.259024714   -0.123535672
   33.863892152   -0.243052159   -0.120852503
   33.885938957   -0.227262772   -0.118180495
   33.907985762   -0.211812919   -0.115519396
   33.930032567   -0.196857800   -0.112868644
   33.952079371   -0.182553864   -0.110227271
   33.974126176   -0.169060392   -0.107593806
   33.996172981   -0.156539113   -0.104966211
   34.018219786   -0.145151124   -0.102341868
   34.040266590   -0.135050980   -0.099717608
   34.062313395   -0.126378470   -0.097089820
   34.084360200   -0.119249152   -0.094454603
   34.106407005   -0.113745105   -0.091807949
   34.128453810   -0.109907465   -0.089145954
   34.150500614   -0.107732118   -0.086464996
   34.172547419   -0.107169454   -0.083761898
   34.194594224   -0.108128474   -0.081034019
   34.216641029   -0.110484760   -0.078279297
   34.238687834   -0.114091226   -0.075496229
   34.260734638   -0.118790032   -0.072683807
   34.282781443   -0.124423881   -0.069841421
   34.304828248   -0.130845005   -0.066968771
   34.326875053   -0.137920594   -0.064065773
   34.348921857   -0.145534027   -0.061132525
   34.370968662   -0.153582079   -0.058169287
   34.393015467   -0.161968951   -0.055176524
   34.415062272   -0.170598628   -0.052154963
   34.437109077   -0.179367320   -0.049105670
   34.459155881   -0.188157779   -0.046030122
   34.481202686   -0.196836921   -0.042930250
   34.503249491   -0.205257565   -0.039808442
   34.525296296   -0.213264335   -0.036667497
   34.547343101   -0.220702953   -0.033510537
   34.569389905   -0.227431455   -0.030340886
   34.591436710   -0.233331452   -0.027161928
   34.613483515   -0.238317412   -0.023976980
   34.635530320   -0.242342245   -0.020789186
   34.657577124   -0.245398019   -0.017601460
   34.679623929   -0.247511476   -0.014416481
   34.701670734   -0.248734904   -0.011236738
   34.723717539   -0.249133771   -0.008064613
   34.745764344   -0.248773121   -0.004902490
   34.767811148   -0.247705023   -0.001752854
   34.789857953   -0.245959251    0.001381635
   34.811904758   -0.243538849    0.004498115
   34.833951563   -0.240421431    0.007593548
   34.855998368   -0.236566098    0.010664804
   34.878045172   -0.231924811    0.013708792
   34.900091977   -0.226456291    0.016722614
   34.922138782   -0.220139949    0.019703711
   34.944185587   -0.212987311    0.022649989
   34.966232391   -0.205048718    0.025559887
   34.988279196   -0.196413849    0.028432381
   35.010326001   -0.187205661    0.031266920
   35.032372806   -0.177568479    0.034063311
   35.054419611   -0.167652042    0.036821563
   35.076466415   -0.157594098    0.039541732
   35.098513220   -0.147504542    0.042223791
   35.120560025   -0.137453945    0.044867559
   35.142606830   -0.127468722    0.047472708
   35.164653635   -0.117534145    0.050038852
   35.186700439   -0.107605112    0.052565709
   35.208747244   -0.097623237    0.055053322
   35.230794049   -0.087537666    0.057502287
   35.252840854   -0.077326200    0.059913968
   35.274887658   -0.067013041    0.062290644
   35.296934463   -0.056679806    0.064635557
   35.318981268   -0.046467279    0.066952850
   35.341028073   -0.036566779    0.069247380
   35.363074878   -0.027201524    0.071524435
   35.385121682   -0.018600043    0.073789370
   35.407168487   -0.010965012    0.076047222
   35.429215292   -0.004441818    0.078302343
   35.451262097    0.000908547    0.080558101
   35.473308902    0.005128042    0.082816690
   35.495355706    0.008368394    0.085079072
   35.517402511    0.010884507    0.087345049
   35.539449316    0.013014642    0.089613465
   35.561496121    0.015149365    0.091882503
   35.583542926    0.017692916    0.094150022
   35.605589730    0.021021723    0.096413911
   35.627636535    0.025445303    0.098672397
   35.649683340    0.031174512    0.100924277
   35.671730145    0.038301148    0.103169052
   35.693776949    0.046791416    0.105406947
   35.715823754    0.056493907    0.107638848
   35.737870559    0.067160801    0.109866147
   35.759917364    0.078479297    0.112090555
   35.781964169    0.090108989    0.114313905
   35.804010973    0.101720229    0.116537973
   35.826057778    0.113028591    0.118764347
   35.848104583    0.123821239    0.120994364
   35.870151388    0.133972312    0.123229086
   35.892198193    0.143446048    0.125469351
   35.914244997    0.152288132    0.127715830
   35.936291802    0.160607330    0.129969108
   35.958338607    0.168550719    0.132229748
   35.980385412    0.176276474    0.134498325
   36.002432216    0.183928269    0.136775432
   36.024479021    0.191614823    0.139061652
   36.046525826    0.199397084    0.141357512
   36.068572631    0.207284267    0.143663432
   36.090619436    0.215238500    0.145979700
   36.112666240    0.223186570    0.148306463
   36.134713045    0.231036284    0.150643776
   36.156759850    0.238694414    0.152991676
   36.178806655    0.246083215    0.155350296
   36.200853460    0.253152926    0.157719981
   36.222900264    0.259888532    0.160101394
   36.244947069    0.266310099    0.162495577
   36.266993874    0.272467128    0.164903951
   36.289040679    0.278428298    0.167328241
   36.311087483    0.284268666    0.169770321
   36.333134288    0.290056663    0.172232000
   36.355181093    0.295843131    0.174714770
   36.377227898    0.301654116    0.177219549
   36.399274703    0.307488451    0.179746459
   36.421321507    0.313320209    0.182294685
   36.443368312    0.319105341    0.184862427
   36.465415117    0.324791069    0.187446977
   36.487461922    0.330326254    0.190044909
   36.509508727    0.335670865    0.192652374
   36.531555531    0.340802940    0.195265455
   36.553602336    0.345721951    0.197880558
   36.575649141    0.350448162    0.200494765
   36.597695946    0.355018312    0.203106132
   36.619742750    0.359478554    0.205713873
   36.641789555    0.363876053    0.208318416
   36.663836360    0.368250793    0.210921332
   36.685883165    0.372629042    0.213525137
   36.707929970    0.377019579    0.216133011
   36.729976774    0.381413211    0.218748456
   36.752023579    0.385785554    0.221374953
   36.774070384    0.390102412    0.224015656
   36.796117189    0.394326703    0.226673154
   36.818163994    0.398425608    0.229349334
   36.840210798    0.402376655    0.232045340
   36.862257603    0.406171680    0.234761634
   36.884304408    0.409818034    0.237498130
   36.906351213    0.413336917    0.240254370
   36.928398017    0.416759252    0.243029709
   36.950444822    0.420119932    0.245823486
   36.972491627    0.423451539    0.248635136
   36.994538432    0.426778702    0.251464241
   37.016585237    0.430114086    0.254310523
   37.038632041    0.433456697    0.257173762
   37.060678846    0.436792730    0.260053685
   37.082725651    0.440098724    0.262949834
   37.104772456    0.443346380    0.265861443
   37.126819261    0.446508106    0.268787339
   37.148866065    0.449562255    0.271725901
   37.170912870    0.452497115    0.274675061
   37.192959675    0.455312950    0.277632361
   37.215006480    0.458021775    0.280595048
   37.237053285    0.460644985    0.283560196
   37.259100089    0.463209313    0.286524821
   37.281146894    0.465741920    0.289485995
   37.303193699    0.468265539    0.292440910
   37.325240504    0.470794557    0.295386922
   37.347287308    0.473332738    0.298321541
   37.369334113    0.475872963    0.301242393
   37.391380918    0.478398974    0.304147160
   37.413427723    0.480888763    0.307033507
   37.435474528    0.483318933    0.309899024
   37.457521332    0.485669205    0.312741191
   37.479568137    0.487926240    0.315557362
   37.501614942    0.490086081    0.318344799
   37.523661747    0.492154802    0.321100721
   37.545708552    0.494147285    0.323822386
   37.567755356    0.496084391    0.326507185
   37.589802161    0.497989082    0.329152730
   37.611848966    0.499882250    0.331756939
   37.633895771    0.501779002    0.334318100
   37.655942575    0.503686115    0.336834913
   37.677989380    0.505601073    0.339306518
   37.700036185    0.507512859    0.341732500
   37.722082990    0.509404300    0.344112889
   37.744129795    0.511255510    0.346448160
   37.766176599    0.513047762    0.348739226
   37.788223404    0.514767067    0.350987454
   37.810270209    0.516406805    0.353194674
   37.832317014    0.517968922    0.355363192
   37.854363819    0.519463520    0.357495803
   37.876410623    0.520906924    0.359595784
   37.898457428    0.522318637    0.361666872
   37.920504233    0.523717750    0.363713208
   37.942551038    0.525119495    0.365739263
   37.964597842    0.526532580    0.367749729
   37.986644647    0.527957784    0.369749395
   38.008691452    0.529388058    0.371743016
   38.030738257    0.530810079    0.373735181
   38.052785062    0.532206949    0.375730205
   38.074831866    0.533561513    0.377732037
   38.096878671    0.534859667    0.379744208
   38.118925476    0.536093041    0.381769808
   38.140972281    0.537260566    0.383811497
   38.163019086    0.538368644    0.385871532
   38.185065890    0.539429925    0.387951815
   38.207112695    0.540460929    0.390053927
   38.229159500    0.541478983    0.392179164
   38.251206305    0.542499052    0.394328545
   38.273253109    0.543531059    0.396502805
   38.295299914    0.544578192    0.398702361
   38.317346719    0.545636493    0.400927273
   38.339393524    0.546695790    0.403177200
   38.361440329    0.547741778    0.405451359
   38.383487133    0.548758845    0.407748514
   38.405533938    0.549733098    0.410066986
   38.427580743    0.550655019    0.412404700
   38.449627548    0.551521272    0.414759256
   38.471674353    0.552335311    0.417128033
   38.493721157    0.553106713    0.419508295
   38.515767962    0.553849369    0.421897304
   38.537814767    0.554578889    0.424292405
   38.559861572    0.555309717    0.426691097
   38.581908376    0.556052501    0.429091058
   38.603955181    0.556812216    0.431490137
   38.626001986    0.557587368    0.433886310
   38.648048791    0.558370427    0.436277619
   38.670095596    0.559149388    0.438662094
   38.692142400    0.559910145    0.441037692
   38.714189205    0.560639238    0.443402249
   38.736236010    0.561326435    0.445753469
   38.758282815    0.561966681    0.448088954
   38.780329620    0.562561038    0.450406267
   38.802376424    0.563116474    0.452703025
   38.824423229    0.563644536    0.454977007
   38.846470034    0.564159173    0.457226262
   38.868516839    0.564674143    0.459449196
   38.890563643    0.565200473    0.461644621
   38.912610448    0.565744471    0.463811765
   38.934657253    0.566306643    0.465950233
   38.956704058    0.566881718    0.468059923
   38.978750863    0.567459758    0.470140916
   39.000797667    0.568028132    0.472193357
   39.022844472    0.568573974    0.474217342
   39.044891277    0.569086666    0.476212844
   39.066938082    0.569559851    0.478179680
   39.088984887    0.569992639    0.480117539
   39.111031691    0.570389756    0.482026070
   39.133078496    0.570760639    0.483905007
   39.155125301    0.571117642    0.485754332
   39.177172106    0.571473724    0.487574438
   39.199218911    0.571840034    0.489366263
   39.221265715    0.572223869    0.491131371
   39.243312520    0.572627373    0.492871965
   39.265359325    0.573047230    0.494590810
   39.287406130    0.573475381    0.496291066
   39.309452934    0.573900632    0.497976054
   39.331499739    0.574310836    0.499648970
   39.353546544    0.574695234    0.501312574
   39.375593349    0.575046508    0.502968907
   39.397640154    0.575362164    0.504619060
   39.419686958    0.575644989    0.506263019
   39.441733763    0.575902507    0.507899637
   39.463780568    0.576145545    0.509526698
   39.485827373    0.576386185    0.511141110
   39.507874178    0.576635500    0.512739176
   39.529920982    0.576901501    0.514316926
   39.551967787    0.577187680    0.515870472
   39.574014592    0.577492425    0.517396340
   39.596061397    0.577809395    0.518891747
   39.618108201    0.578128794    0.520354791
   39.640155006    0.578439283    0.521784537
   39.662201811    0.578730166    0.523180995
   39.684248616    0.578993431    0.524544996
   39.706295421    0.579225272    0.525877996
   39.728342225    0.579426792    0.527181831
   39.750389030    0.579603782    0.528458459
   39.772435835    0.579765601    0.529709721
   39.794482640    0.579923403    0.530937157
   39.816529445    0.580088027    0.532141887
   39.838576249    0.580267979    0.533324572
   39.860623054    0.580467854    0.534485446
   39.882669859    0.580687527    0.535624413
   39.904716664    0.580922236    0.536741187
   39.926763468    0.581163543    0.537835435
   39.948810273    0.581400982    0.538906925
   39.970857078    0.581624081    0.539955631
   39.992903883    0.581824362    0.540981798
   40.014950688    0.581996951    0.541985950
   40.036997492    0.582141491    0.542968851
   40.059044297    0.582262191    0.543931427
   40.081091102    0.582367010    0.544874663
   40.103137907    0.582466135    0.545799498
   40.125184712    0.582570050    0.546706731
   40.147231516    0.582687563    0.547596963
   40.169278321    0.582824166    0.548470565
   40.191325126    0.582981035    0.549327696
   40.213371931    0.583154857    0.550168353
   40.235418735    0.583338505    0.550992438
   40.257465540    0.583522435    0.551799847
   40.279512345    0.583696530    0.552590547
   40.301559150    0.583852035    0.553364631
   40.323605955    0.583983223    0.554122357
   40.345652759    0.584088468    0.554864145
   40.367699564    0.584170541    0.555590547
   40.389746369    0.584236063    0.556302195
   40.411793174    0.584294232    0.556999735
   40.433839979    0.584355071    0.557683762
   40.455886783    0.584427534    0.558354761
   40.477933588    0.584517827    0.559013075
   40.499980393    0.584628258    0.559658899
   40.522027198    0.584756840    0.560292292
   40.544074002    0.584897710    0.560913224
   40.566120807    0.585042280    0.561521625
   40.588167612    0.585180894    0.562117447
   40.610214417    0.585304683    0.562700710
   40.632261222    0.585407250    0.563271545
   40.654308026    0.585485878    0.563830199
   40.676354831    0.585542030    0.564377035
   40.698401636    0.585581052    0.564912495
   40.720448441    0.585611139    0.565437058
   40.742495246    0.585641771    0.565951190
   40.764542050    0.585681910    0.566455294
   40.786588855    0.585738312    0.566949678
   40.808635660    0.585814263    0.567434537
   40.830682465    0.585908990    0.567909955
   40.852729269    0.586017841    0.568375926
   40.874776074    0.586133201    0.568832398
   40.896822879    0.586245967    0.569279311
   40.918869684    0.586347293    0.569716644
   40.940916489    0.586430277    0.570144453
   40.962963293    0.586491269    0.570562884
   40.985010098    0.586530545    0.570972181
   41.007056903    0.586552243    0.571372668
   41.029103708    0.586563552    0.571764713
   41.051150513    0.586573338    0.572148695
   41.073197317    0.586590450    0.572524960
   41.095244122    0.586622047    0.572893785
   41.117290927    0.586672254    0.573255362
   41.139337732    0.586741401    0.573609784
   41.161384537    0.586825989    0.573957066
   41.183431341    0.586919385    0.574297165
   41.205478146    0.587013109    0.574630020
   41.227524951    0.587098460    0.574955585
   41.249571756    0.587168179    0.575273869
   41.271618560    0.587217825    0.575584951
   41.293665365    0.587246606    0.575888997
   41.315712170    0.587257516    0.576186245
   41.337758975    0.587256741    0.576476986
   41.359805780    0.587252477    0.576761534
   41.381852584    0.587253354    0.577040188
   41.403899389    0.587266806    0.577313201
   41.425946194    0.587297660    0.577580755
   41.447992999    0.587347241    0.577842951
   41.470039804    0.587413145    0.578099816
   41.492086608    0.587489721    0.578351316
   41.514133413    0.587569166    0.578597388
   41.536180218    0.587643031    0.578837973
   41.558227023    0.587703832    0.579073044
   41.580273827    0.587746470    0.579302635
   41.602320632    0.587769197    0.579526850
   41.624367437    0.587773928    0.579745863
   41.646414242    0.587765863    0.579959904
   41.668461047    0.587752476    0.580169232
   41.690507851    0.587742092    0.580374108
   41.712554656    0.587742293    0.580574760
   41.734601461    0.587758488    0.580771360
   41.756648266    0.587792893    0.580964013
   41.778695071    0.587844135    0.581152750
   41.800741875    0.587907532    0.581337547
   41.822788680    0.587976009    0.581518339
   41.844835485    0.588041453    0.581695057
   41.866882290    0.588096276    0.581867650
   41.888929094    0.588134848    0.582036114
   41.910975899    0.588154571    0.582200507
   41.933022704    0.588156352    0.582360951
   41.955069509    0.588144417    0.582517624
   41.977116314    0.588125491    0.582670742
   41.999163118    0.588107508    0.582820527
   42.021209923    0.588098091    0.582967186
   42.043256728    0.588103110    0.583110880
   42.065303533    0.588125574    0.583251714
   42.087350338    0.588165072    0.583389725
   42.109397142    0.588217876    0.583524893
   42.131443947    0.588277667    0.583657157
   42.153490752    0.588336751    0.583786438
   42.175537557    0.588387542    0.583912669
   42.197584361    0.588423998    0.584035818
   42.219631166    0.588442771    0.584155905
   42.241677971    0.588443831    0.584273011
   42.263724776    0.588430459    0.584387269
   42.285771581    0.588408602    0.584498857
   42.307818385    0.588385731    0.584607966
   42.329865190    0.588369414    0.584714781
   42.351911995    0.588365872    0.584819456
   42.373958800    0.588378803    0.584922091
   42.396005605    0.588408693    0.585022729
   42.418052409    0.588452739    0.585121356
   42.440099214    0.588505402    0.585217914
   42.462146019    0.588559477    0.585312322
   42.484192824    0.588607475    0.585404501
   42.506239628    0.588643052    0.585494397
   42.528286433    0.588662212    0.585582001
   42.550333238    0.588664061    0.585667359
   42.572380043    0.588650962    0.585750569
   42.594426848    0.588628070    0.585831774
   42.616473652    0.588602336    0.585911139
   42.638520457    0.588581177    0.585988831
   42.660567262    0.588571062    0.586064992
   42.682614067    0.588576282    0.586139723
   42.704660872    0.588598147    0.586213071
   42.726707676    0.588634749    0.586285030
   42.748754481    0.588681343    0.586355545
   42.770801286    0.588731267    0.586424537
   42.792848091    0.588777220    0.586491919
   42.814894896    0.588812655    0.586557623
   42.836941700    0.588833031    0.586621615
   42.858988505    0.588836661    0.586683915
   42.881035310    0.588825027    0.586744590
   42.903082115    0.588802483    0.586803753
   42.925128919    0.588775411    0.586861548
   42.947175724    0.588750995    0.586918123
   42.969222529    0.588735851    0.586973612
   42.991269334    0.588734770    0.587028116
   43.013316139    0.588749812    0.587081686
   43.035362943    0.588779925    0.587134323
   43.057409748    0.588821165    0.587185980
   43.079456553    0.588867459    0.587236581
   43.101503358    0.588911772    0.587286036
   43.123550163    0.588947455    0.587334265
   43.145596967    0.588969511    0.587381219
   43.167643772    0.588975539    0.587426893
   43.189690577    0.588966183    0.587471329
   43.211737382    0.588944994    0.587514617
   43.233784186    0.588917741    0.587556878
   43.255830991    0.588891303    0.587598246
   43.277877796    0.588872353    0.587638847
   43.299924601    0.588866087    0.587678780
   43.321971406    0.588875237    0.587718104
   43.344018210    0.588899569    0.587756825
   43.366065015    0.588935935    0.587794907
   43.388111820    0.588978888    0.587832276
   43.410158625    0.589021733    0.587868845
   43.432205430    0.589057805    0.587904526
   43.454252234    0.589081747    0.587939257
   43.476299039    0.589090518    0.587973015
   43.498345844    0.589083969    0.588005822
   43.520392649    0.589064858    0.588037744
   43.542439453    0.589038309    0.588068883
   43.564486258    0.589010830    0.588099362
   43.586533063    0.588989062    0.588129298
   43.608579868    0.588978515    0.588158790
   43.630626673    0.588982523    0.588187900
   43.652673477    0.589001616    0.588216646
   43.674720282    0.589033433    0.588244998
   43.696767087    0.589073183    0.588272891
   43.718813892    0.589114572    0.588300238
   43.740860697    0.589151007    0.588326951
   43.762907501    0.589176856    0.588352956
   43.784954306    0.589188517    0.588378217
   43.807001111    0.589185101    0.588402736
   43.829047916    0.589168583    0.588426561
   43.851094720    0.589143420    0.588449779
   43.873141525    0.589115689    0.588472497
   43.895188330    0.589091921    0.588494827
   43.917235135    0.589077853    0.588516867
   43.939281940    0.589077341    0.588538684
   43.961328744    0.589091629    0.588560303
   43.983375549    0.589119125    0.588581705
   44.005422354    0.589155716    0.588602832
   44.027469159    0.589195562    0.588623603
   44.049515964    0.589232219    0.588643928
   44.071562768    0.589259867    0.588663728
   44.093609573    0.589274424    0.588682953
   44.115656378    0.589274309    0.588701591
   44.137703183    0.589260740    0.588719675
   44.159749987    0.589237490    0.588737273
   44.181796792    0.589210154    0.588754482
   44.203843597    0.589185077    0.588771408
   44.225890402    0.589168141    0.588788147
   44.247937207    0.589163645    0.588804770
   44.269984011    0.589173493    0.588821310
   44.292030816    0.589196838    0.588837758
   44.314077621    0.589230255    0.588854065
   44.336124426    0.589268408    0.588870157
   44.358171231    0.589305072    0.588885943
   44.380218035    0.589334325    0.588901342
   44.402264840    0.589351675    0.588916294
   44.424311645    0.589354914    0.588930775
   44.446358450    0.589344528    0.588944802
   44.468405254    0.589323596    0.588958430
   44.490452059    0.589297189    0.588971743
   44.512498864    0.589271400    0.588984841
   44.534545669    0.589252173    0.588997818
   44.556592474    0.589244175    0.589010750
   44.578639278    0.589249908    0.589023676
   44.600686083    0.589269241    0.589036597
   44.622732888    0.589299445    0.589049474
   44.644779693    0.589335723    0.589062240
   44.666826498    0.589372137    0.589074807
   44.688873302    0.589402739    0.589087092
   44.710920107    0.589422708    0.589099028
   44.732966912    0.589429267    0.589110580
   44.755013717    0.589422204    0.589121751
   44.777060522    0.589403901    0.589132584
   44.799107326    0.589378872    0.589143152
   44.821154131    0.589352894    0.589153548
   44.843200936    0.589331898    0.589163863
   44.865247741    0.589320841    0.589174175
   44.887294545    0.589322763    0.589184531
   44.909341350    0.589338212    0.589194943
   44.931388155    0.589365153    0.589205381
   44.953434960    0.589399362    0.589215783
   44.975481765    0.589435243    0.589226069
   44.997528569    0.589466899    0.589236154
   45.019575374    0.589489257    0.589245967
   45.041622179    0.589499033    0.589255462
   45.063668984    0.589495354    0.589264631
   45.085715789    0.589479912    0.589273505
   45.107762593    0.589456637    0.589282146
   45.129809398    0.589430932    0.589290640
   45.151856203    0.589408645    0.589299074
   45.173903008    0.589394947    0.589307531
   45.195949812    0.589393351    0.589316062
   45.217996617    0.589405045    0.589324687
   45.240043422    0.589428678    0.589333387
   45.262090227    0.589460624    0.589342110
   45.284137032    0.589495682    0.589350779
   45.306183836    0.589528074    0.589359312
   45.328230641    0.589552549    0.589367632
   45.350277446    0.589565385    0.589375687
   45.372324251    0.589565088    0.589383460
   45.394371056    0.589552675    0.589390967
   45.416417860    0.589531467    0.589398263
   45.438464665    0.589506449    0.589405423
   45.460511470    0.589483315    0.589412534
   45.482558275    0.589467377    0.589419677
   45.504605079    0.589462554    0.589426911
   45.526651884    0.589470633    0.589434263
   45.548698689    0.589490928    0.589441724
   45.570745494    0.589520428    0.589449251
   45.592792299    0.589554373    0.589456773
   45.614839103    0.589587172    0.589464209
   45.636885908    0.589613468    0.589471483
   45.658932713    0.589629165    0.589478535
   45.680979518    0.589632197    0.589485337
   45.703026323    0.589622922    0.589491898
   45.725073127    0.589604042    0.589498259
   45.747119932    0.589580081    0.589504489
   45.769166737    0.589556515    0.589510672
   45.791213542    0.589538725    0.589516887
   45.813260346    0.589530973    0.589523199
   45.835307151    0.589535588    0.589529642
   45.857353956    0.589552536    0.589536217
   45.879400761    0.589579426    0.589542889
   45.901447566    0.589611980    0.589549595
   45.923494370    0.589644853    0.589556258
   45.945541175    0.589672655    0.589562799
   45.967587980    0.589690980    0.589569154
   45.989634785    0.589697243    0.589575287
   46.011681590    0.589691168    0.589581196
   46.033728394    0.589674830    0.589586913
   46.055775199    0.589652256    0.589592500
   46.077822004    0.589628646    0.589598034
   46.099868809    0.589609383    0.589603595
   46.121915613    0.589599000    0.589609251
   46.143962418    0.589600324    0.589615044
   46.166009223    0.589613938    0.589620983
   46.188056028    0.589638078    0.589627041
   46.210102833    0.589668980    0.589633164
   46.232149637    0.589701599    0.589639279
   46.254196442    0.589730579    0.589645306
   46.276243247    0.589751274    0.589651179
   46.298290052    0.589760633    0.589656854
   46.320336857    0.589757773    0.589662320
   46.342383661    0.589744147    0.589667599
   46.364430466    0.589723252    0.589672745
   46.386477271    0.589699963    0.589677829
   46.408524076    0.589679596    0.589682931
   46.430570880    0.589666891    0.589688120
   46.452617685    0.589665112    0.589693445
   46.474664490    0.589675432    0.589698924
   46.496711295    0.589696710    0.589704538
   46.518758100    0.589725718    0.589710242
   46.540804904    0.589757764    0.589715966
   46.562851709    0.589787591    0.589721633
   46.584898514    0.589810379    0.589727174
   46.606945319    0.589822665    0.589732539
   46.628992124    0.589822998    0.589737707
   46.651038928    0.589812211    0.589742693
   46.673085733    0.589793254    0.589747540
   46.695132538    0.589770627    0.589752315
   46.717179343    0.589749515    0.589757096
   46.739226148    0.589734799    0.589761953
   46.761272952    0.589730128    0.589766941
   46.783319757    0.589737222    0.589772084
   46.805366562    0.589755553    0.589777374
   46.827413367    0.589782451    0.589782773
   46.849460171    0.589813620    0.589788216
   46.871506976    0.589843962    0.589793630
   46.893553781    0.589868549    0.589798943
   46.915600586    0.589883566    0.589804100
   46.937647391    0.589887032    0.589809072
   46.959694195    0.589879174    0.589813866
   46.981741000    0.589862378    0.589818515
   47.003787805    0.589840727    0.589823082
   47.025834610    0.589819220    0.589827640
   47.047881415    0.589802812    0.589832261
   47.069928219    0.589795474    0.589837003
   47.091975024    0.589799436    0.589841900
   47.114021829    0.589814767    0.589846950
   47.136068634    0.589839365    0.589852123
   47.158115438    0.589869371    0.589857362
   47.180162243    0.589899900    0.589862596
   47.202209048    0.589925983    0.589867752
   47.224255853    0.589943510    0.589872771
   47.246302658    0.589950015    0.589877619
   47.268349462    0.589945138    0.589882290
   47.290396267    0.589930692    0.589886814
   47.312443072    0.589910309    0.589891243
   47.334489877    0.589888744    0.589895648
   47.356536682    0.589870965    0.589900102
   47.378583486    0.589861204    0.589904665
   47.400630291    0.589862156    0.589909377
   47.422677096    0.589874463    0.589914246
   47.444723901    0.589896601    0.589919250
   47.466770705    0.589925176    0.589924337
   47.488817510    0.589955573    0.589929441
   47.510864315    0.589982841    0.589934489
   47.532911120    0.590002638    0.589939419
   47.554957925    0.590012058    0.589944190
   47.577004729    0.590010180    0.589948789
   47.599051534    0.589998240    0.589953237
   47.621098339    0.589979390    0.589957579
   47.643145144    0.589958090    0.589961882
   47.665191949    0.589939261    0.589966217
   47.687238753    0.589927336    0.589970649
   47.709285558    0.589925424    0.589975222
   47.731332363    0.589934716    0.589979952
   47.753379168    0.589954263    0.589984824
   47.775425972    0.589981164    0.589989796
   47.797472777    0.590011119    0.589994803
   47.819519582    0.590039259    0.589999777
   47.841566387    0.590061069    0.590004650
   47.863613192    0.590073253    0.590009377
   47.885659996    0.590074357    0.590013938
   47.907706801    0.590065045    0.590018344
   47.929753606    0.590047965    0.590022635
   47.951800411    0.590027240    0.590026872
   47.973847216    0.590007679    0.590031125
   47.995894020    0.589993861    0.590035460
   48.017940825    0.589989256    0.590039926
   48.039987630    0.589995571    0.590044547
   48.062034435    0.590012428    0.590049316
   48.084081239    0.590037435    0.590054196
   48.106128044    0.590066656    0.590059131
   48.128174849    0.590095354    0.590064050
   48.150221654    0.590118905    0.590068888
   48.172268459    0.590133676    0.590073593
   48.194315263    0.590137714    0.590078139
   48.216362068    0.590131119    0.590082529
   48.238408873    0.590116019    0.590086794
   48.260455678    0.590096159    0.590090992
   48.282502483    0.590076184    0.590095189
   48.304549287    0.590060753    0.590099452
   48.326596092    0.590053647    0.590103835
   48.348642897    0.590057054    0.590108368
   48.370689702    0.590071151    0.590113052
   48.392736507    0.590094074    0.590117859
   48.414783311    0.590122281    0.590122735
   48.436830116    0.590151229    0.590127614
   48.458876921    0.590176240    0.590132431
   48.480923726    0.590193398    0.590137128
   48.502970530    0.590200292    0.590141674
   48.525017335    0.590196471    0.590146064
   48.547064140    0.590183533    0.590150323
   48.569110945    0.590164809    0.590154500
   48.591157750    0.590144728    0.590158661
   48.613204554    0.590127973    0.590162871
   48.635251359    0.590118579    0.590167189
   48.657298164    0.590119173    0.590171651
   48.679344969    0.590130472    0.590176264
   48.701391774    0.590151146    0.590181007
   48.723438578    0.590178083    0.590185834
   48.745485383    0.590206977    0.590190682
   48.767532188    0.590233160    0.590195485
   48.789578993    0.590252487    0.590200184
   48.811625797    0.590262128    0.590204740
   48.833672602    0.590261106    0.590209142
   48.855719407    0.590250481    0.590213407
   48.877766212    0.590233143    0.590217578
   48.899813017    0.590213258    0.590221717
   48.921859821    0.590195470    0.590225890
   48.943906626    0.590184018    0.590230156
   48.965953431    0.590181923    0.590234558
   48.988000236    0.590190417    0.590239109
   49.010047041    0.590208707    0.590243797
   49.032093845    0.590234136    0.590248581
   49.054140650    0.590262685    0.590253403
   49.076187455    0.590289747    0.590258197
   49.098234260    0.590311006    0.590262902
   49.120281064    0.590323260    0.590267474
   49.142327869    0.590325031    0.590271895
   49.164374674    0.590316842    0.590276175
   49.186421479    0.590301117    0.590280352
   49.208468284    0.590281714    0.590284480
   49.230515088    0.590263190    0.590288627
   49.252561893    0.590249924    0.590292852
   49.274608698    0.590245288    0.590297202
   49.296655503    0.590251000    0.590301700
   49.318702308    0.590266801    0.590306338
   49.340749112    0.590290508    0.590311083
   49.362795917    0.590318431    0.590315880
   49.384842722    0.590346078    0.590320667
   49.406889527    0.590369020    0.590325380
   49.428936331    0.590383730    0.590329972
   49.450983136    0.590388256    0.590334417
   49.473029941    0.590382593    0.590338720
   49.495076746    0.590368684    0.590342909
   49.517123551    0.590350040    0.590347036
   49.539170355    0.590331072    0.590351165
   49.561217160    0.590316250    0.590355358
   49.583263965    0.590309243    0.590359665
   49.605310770    0.590312225    0.590364114
   49.627357575    0.590325462    0.590368705
   49.649404379    0.590347259    0.590373413
   49.671451184    0.590374289    0.590378187
   49.693497989    0.590402231    0.590382966
   49.715544794    0.590426595    0.590387688
   49.737591598    0.590443578    0.590392301
   49.759638403    0.590450793    0.590396773
   49.781685208    0.590447720    0.590401102
   49.803732013    0.590435802    0.590405310
   49.825778818    0.590418174    0.590409443
   49.847825622    0.590399053    0.590413562
   49.869872427    0.590382940    0.590417730
   49.891919232    0.590373755    0.590422000
   49.913966037    0.590374089    0.590426405
   49.936012842    0.590384715    0.590430953
   49.958059646    0.590404439    0.590435624
   49.980106451    0.590430328    0.590440374
   50.002153256    0.590458278    0.590445145
   50.024200061    0.590483794    0.590449875
   50.046246865    0.590502851    0.590454508
   50.068293670    0.590512662    0.590459009
   50.090340475    0.590512208    0.590463366
   50.112387280    0.590502433    0.590467597
   50.134434085    0.590486060    0.590471742
   50.156480889    0.590467069    0.590475858
   50.178527694    0.590449938    0.590480007
   50.200574499    0.590438784    0.590484245
   50.222621304    0.590436578    0.590488610
   50.244668109    0.590444578    0.590493117
   50.266714913    0.590462093    0.590497751
   50.288761718    0.590486613    0.590502477
   50.310808523    0.590514292    0.590507238
   50.332855328    0.590540686    0.590511973
   50.354902133    0.590561598    0.590516626
   50.376948937    0.590573884    0.590521155
   50.398995742    0.590576051    0.590525544
   50.421042547    0.590568540    0.590529801
   50.443089352    0.590553641    0.590533963
   50.465136156    0.590535055    0.590538081
   50.487182961    0.590517183    0.590542216
   50.509229766    0.590504287    0.590546427
   50.531276571    0.590499672    0.590550756
   50.553323376    0.590505060    0.590555223
   50.575370180    0.590520259    0.590559822
   50.597416985    0.590543201    0.590564521
   50.619463790    0.590570341    0.590569270
   50.641510595    0.590597336    0.590574009
   50.663557400    0.590619870    0.590578679
   50.685604204    0.590634488    0.590583235
   50.707651009    0.590639247    0.590587655
   50.729697814    0.590634094    0.590591942
   50.751744619    0.590620866    0.590596123
   50.773791423    0.590602947    0.590600248
   50.795838228    0.590584612    0.590604376
   50.817885033    0.590570212    0.590608564
   50.839931838    0.590563345    0.590612860
   50.861978643    0.590566163    0.590617289
   50.884025447    0.590578967    0.590621852
   50.906072252    0.590600147    0.590626524
   50.928119057    0.590626493    0.590631258
   50.950165862    0.590653811    0.590635997
   50.972212667    0.590677723    0.590640682
   50.994259471    0.590694506    0.590645264
   51.016306276    0.590701802    0.590649716
   51.038353081    0.590699070    0.590654033
   51.060399886    0.590687687    0.590658238
   51.082446690    0.590670682    0.590662374
   51.104493495    0.590652159    0.590666498
   51.126540300    0.590636507    0.590670668
   51.148587105    0.590627564    0.590674934
   51.170633910    0.590627883    0.590679328
   51.192680714    0.590638241    0.590683856
   51.214727519    0.590657499    0.590688498
   51.236774324    0.590682811    0.590693215
   51.258821129    0.590710180    0.590697951
   51.280867934    0.590735215    0.590702648
   51.302914738    0.590753976    0.590707254
   51.324961543    0.590763725    0.590711737
   51.347008348    0.590763451    0.590716086
   51.369055153    0.590754060    0.590720316
   51.391101957    0.590738201    0.590724467
   51.413148762    0.590719760    0.590728592
   51.435195567    0.590703114    0.590732748
   51.457242372    0.590692292    0.590736988
   51.479289177    0.590690207    0.590741348
   51.501335981    0.590698100    0.590745840
   51.523382786    0.590715300    0.590750453
   51.545429591    0.590739356    0.590755150
   51.567476396    0.590766508    0.590759880
   51.589523201    0.590792405    0.590764585
   51.611570005    0.590812940    0.590769213
   51.633616810    0.590825033    0.590773725
   51.655663615    0.590827224    0.590778106
   51.677710420    0.590819946    0.590782364
   51.699757224    0.590805446    0.590786533
   51.721804029    0.590787351    0.590790662
   51.743850834    0.590769973    0.590794809
   51.765897639    0.590757484    0.590799026
   51.787944444    0.590753119    0.590803355
   51.809991248    0.590758553    0.590807812
   51.832038053    0.590773587    0.590812393
   51.854084858    0.590796185    0.590817068
   51.876131663    0.590822862    0.590821789
   51.898178468    0.590849357    0.590826500
   51.920225272    0.590871445    0.590831146
   51.942272077    0.590885749    0.590835686
   51.964318882    0.590890382    0.590840098
   51.986365687    0.590885312    0.590844386
   52.008412491    0.590872364    0.590848576
   52.030459296    0.590854867    0.590852714
   52.052506101    0.590837023    0.590856855
   52.074552906    0.590823094    0.590861053
   52.096599711    0.590816592    0.590865352
   52.118646515    0.590819604    0.590869776
   52.140693320    0.590832392    0.590874325
   52.162740125    0.590853350    0.590878975
   52.184786930    0.590879305    0.590883684
   52.206833735    0.590906132    0.590888396
   52.228880539    0.590929541    0.590893057
   52.250927344    0.590945899    0.590897623
   52.272974149    0.590952927    0.590902067
   52.295020954    0.590950131    0.590906385
   52.317067759    0.590938903    0.590910599
   52.339114563    0.590922246    0.590914748
   52.361161368    0.590904200    0.590918887
   52.383208173    0.590889070    0.590923070
   52.405254978    0.590880598    0.590927343
   52.427301782    0.590881250    0.590931734
   52.449348587    0.590891740    0.590936251
   52.471395392    0.590910900    0.590940875
   52.493442197    0.590935900    0.590945568
   52.515489002    0.590962797    0.590950278
   52.537535806    0.590987283    0.590954951
   52.559582611    0.591005519    0.590959540
   52.581629416    0.591014864    0.590964014
   52.603676221    0.591014382    0.590968363
   52.625723026    0.591005020    0.590972602
   52.647769830    0.590989427    0.590976767
   52.669816635    0.590971441    0.590980908
   52.691863440    0.590955357    0.590985079
   52.713910245    0.590945101    0.590989328
   52.735957049    0.590943482    0.590993689
   52.758003854    0.590951649    0.590998173
   52.780050659    0.590968877    0.591002769
   52.802097464    0.590992707    0.591007443
   52.824144269    0.591019414    0.591012148
   52.846191073    0.591044728    0.591016830
   52.868237878    0.591064647    0.591021439
   52.890284683    0.591076207    0.591025942
   52.912331488    0.591078048    0.591030321
   52.934378293    0.591070674    0.591034588
   52.956425097    0.591056353    0.591038772
   52.978471902    0.591038681    0.591042918
   53.000518707    0.591021896    0.591047081
   53.022565512    0.591010060    0.591051310
   53.044612316    0.591006284    0.591055641
   53.066659121    0.591012132    0.591060093
   53.088705926    0.591027322    0.591064660
   53.110752731    0.591049781    0.591069313
   53.132799536    0.591076049    0.591074009
   53.154846340    0.591101934    0.591078695
   53.176893145    0.591123325    0.591083322
   53.198939950    0.591136974    0.591087851
   53.220986755    0.591141122    0.591092261
   53.243033560    0.591135830    0.591096557
   53.265080364    0.591122969    0.591100761
   53.287127169    0.591105858    0.591104917
   53.309173974    0.591088629    0.591109076
   53.331220779    0.591075430    0.591113288
   53.353267583    0.591069636    0.591117592
   53.375314388    0.591073195    0.591122013
   53.397361193    0.591086265    0.591126549
   53.419407998    0.591107177    0.591131178
   53.441454803    0.591132763    0.591135862
   53.463501607    0.591158963    0.591140549
   53.485548412    0.591181602    0.591145190
   53.507595217    0.591197192    0.591149743
   53.529642022    0.591203600    0.591154183
   53.551688827    0.591200458    0.591158508
   53.573735631    0.591189224    0.591162736
   53.595782436    0.591172908    0.591166905
   53.617829241    0.591155492    0.591171064
   53.639876046    0.591141162    0.591175262
   53.661922850    0.591133509    0.591179543
   53.683969655    0.591134839    0.591183933
   53.706016460    0.591145734    0.591188437
   53.728063265    0.591164943    0.591193041
   53.750110070    0.591189620    0.591197709
   53.772156874    0.591215878    0.591202393
   53.794203679    0.591239528    0.591207044
   53.816250484    0.591256889    0.591211618
   53.838297289    0.591265487    0.591216087
   53.860344094    0.591264534    0.591220442
   53.882390898    0.591255071    0.591224696
   53.904437703    0.591239772    0.591228881
   53.926484508    0.591222424    0.591233044
   53.948531313    0.591207202    0.591237233
   53.970578118    0.591197870    0.591241493
   53.992624922    0.591197055    0.591245854
   54.014671727    0.591205750    0.591250328
   54.036718532    0.591223123    0.591254903
   54.058765337    0.591246680    0.591259551
   54.080812141    0.591272743    0.591264228
   54.102858946    0.591297160    0.591268885
   54.124905751    0.591316102    0.591273477
   54.146952556    0.591326792    0.591277972
   54.168999361    0.591328040    0.591282357
   54.191046165    0.591320469    0.591286639
   54.213092970    0.591306390    0.591290845
   54.235139775    0.591289359    0.591295016
   54.257186580    0.591273494    0.591299200
   54.279233385    0.591262680    0.591303443
   54.301280189    0.591259831    0.591307778
   54.323326994    0.591266329    0.591312220
   54.345373799    0.591281759    0.591316766
   54.367420604    0.591303999    0.591321391
   54.389467408    0.591329621    0.591326056
   54.411514213    0.591354555    0.591330713
   54.433561018    0.591374872    0.591335319
   54.455607823    0.591387530    0.591339839
   54.477654628    0.591390964    0.591344253
   54.499701432    0.591385378    0.591348565
   54.521748237    0.591372706    0.591352794
   54.543795042    0.591356235    0.591356980
   54.565841847    0.591339978    0.591361165
   54.587888652    0.591327897    0.591365395
   54.609935456    0.591323149    0.591369707
   54.631982261    0.591327478    0.591374119
   54.654029066    0.591340885    0.591378633
   54.676075871    0.591361632    0.591383230
   54.698122675    0.591386576    0.591387877
   54.720169480    0.591411774    0.591392529
   54.742216285    0.591433244    0.591397143
   54.764263090    0.591447725    0.591401683
   54.786309895    0.591453301    0.591406126
   54.808356699    0.591449768    0.591410469
   54.830403504    0.591438667    0.591414728
   54.852450309    0.591422988    0.591418934
   54.874497114    0.591406593    0.591423128
   54.896543919    0.591393473    0.591427353
   54.918590723    0.591386984    0.591431645
   54.940637528    0.591389202    0.591436029
   54.962684333    0.591400532    0.591440509
   54.984731138    0.591419632    0.591445073
   55.006777942    0.591443671    0.591449693
   55.028824747    0.591468879    0.591454330
   55.050871552    0.591491270    0.591458944
   55.072918357    0.591507404    0.591463497
   55.094965162    0.591515050    0.591467967
   55.117011966    0.591513609    0.591472345
   55.139058771    0.591504222    0.591476640
   55.161105576    0.591489555    0.591480878
   55.183152381    0.591473276    0.591485094
   55.205199186    0.591459356    0.591489325
   55.227245990    0.591451304    0.591493607
   55.249292795    0.591451497    0.591497964
   55.271339600    0.591460725    0.591502406
   55.293386405    0.591478047    0.591506926
   55.315433209    0.591500970    0.591511504
   55.337480014    0.591525936    0.591516108
   55.359526819    0.591549002    0.591520704
   55.381573624    0.591566599    0.591525261
   55.403620429    0.591576217    0.591529754
   55.425667233    0.591576879    0.591534172
   55.447714038    0.591569326    0.591538519
   55.469760843    0.591555874    0.591542809
   55.491807648    0.591539961    0.591547067
   55.513854453    0.591525489    0.591551322
   55.535901257    0.591516075    0.591555602
   55.557948062    0.591514354    0.591559933
   55.579994867    0.591521484    0.591564336
   55.602041672    0.591536922    0.591568830
   55.624088476    0.591558533    0.591573433
   55.646135281    0.591583009    0.591578173
   55.668182086    0.591606498    0.591583088
   55.690228891    0.591625351    0.591588237
   55.712275696    0.591636814    0.591593697
   55.734322500    0.591639560    0.591599569
   55.756369305    0.591633934    0.591605965
   55.778416110    0.591621883    0.591613010
   55.800462915    0.591606581    0.591620823
   55.822509720    0.591591814    0.591629508
   55.844556524    0.591581255    0.591639147
   55.866603329    0.591577761    0.591649787
   55.888650134    0.591582825    0.591661436
   55.910696939    0.591596299    0.591674070
   55.932743744    0.591616422    0.591687634
   55.954790548    0.591640167    0.591702056
   55.976837353    0.591663820    0.591717256
   55.998884158    0.591683700    0.591733164
   56.020930963    0.591696857    0.591749729
   56.042977767    0.591701640    0.591766927
   56.065024572    0.591698005    0.591784766
   56.087071377    0.591687523    0.591803280
   56.109118182    0.591673067    0.591822527
   56.131164987    0.591658266    0.591842573
   56.153211791    0.591646799    0.591863483
   56.175258596    0.591641697    0.591885308
   56.197305401    0.591644759    0.591908077
   56.219352206    0.591656218    0.591931791
   56.241399011    0.591674697    0.591956422
   56.263445815    0.591697479    0.591981924
   56.285492620    0.591721034    0.592008237
   56.307539425    0.591741696    0.592035299
   56.329586230    0.591756368    0.592063059
   56.351633034    0.591763108    0.592091486
   56.373679839    0.591761502    0.592120574
   56.395726644    0.591752732    0.592150343
   56.417773449    0.591739350    0.592180834
   56.439820254    0.591724779    0.592212103
   56.461867058    0.591712657    0.592244209
   56.483913863    0.591706139    0.592277202
   56.505960668    0.591707294    0.592311117
   56.528007473    0.591716718    0.592345962
   56.550054278    0.591733418    0.592381725
   56.572101082    0.591755017    0.592418367
   56.594147887    0.591778207    0.592455836
   56.616194692    0.591799391    0.592494077
   56.638241497    0.591815371    0.592533038
   56.660288301    0.591823958    0.592572683
   56.682335106    0.591824384    0.592612999
   56.704381911    0.591817449    0.592653995
   56.726428716    0.591805356    0.592695706
   56.748475521    0.591791283    0.592738180
   56.770522325    0.591778775    0.592781471
   56.792569130    0.591771060    0.592825631
   56.814615935    0.591770437    0.592870697
   56.836662740    0.591777836    0.592916687
   56.858709545    0.591792650    0.592963593
   56.880756349    0.591812857    0.593011387
   56.902803154    0.591835413    0.593060022
   56.924849959    0.591856841    0.593109446
   56.946896764    0.591873895    0.593159607
   56.968943568    0.591884181    0.593210466
   56.990990373    0.591886613    0.593262002
   57.013037178    0.591881608    0.593314220
   57.035083983    0.591871004    0.593367145
   57.057130788    0.591857699    0.593420819
   57.079177592    0.591845093    0.593475294
   57.101224397    0.591836433    0.593530622
   57.123271202    0.591834196    0.593586843
   57.145318007    0.591839617    0.593643981
   57.167364812    0.591852463    0.593702035
   57.189411616    0.591871084    0.593760983
   57.211458421    0.591892734    0.593820785
   57.233505226    0.591914107    0.593881392
   57.255552031    0.591931967    0.593942751
   57.277598835    0.591943769    0.594004821
   57.299645640    0.591948139    0.594067576
   57.321692445    0.591945130    0.594131013
   57.343739250    0.591936204    0.594195150
   57.365786055    0.591923943    0.594260025
   57.387832859    0.591911549    0.594325686
   57.409879664    0.591902230    0.594392184
   57.431926469    0.591898585    0.594459562
   57.453973274    0.591902116    0.594527850
   57.476020079    0.591912943    0.594597052
   57.498066883    0.591929796    0.594667155
   57.520113688    0.591950261    0.594738123
   57.542160493    0.591971255    0.594809911
   57.564207298    0.591989614    0.594882466
   57.586254102    0.592002699    0.594955745
   57.608300907    0.592008898    0.595029717
   57.630347712    0.592007919    0.595104373
   57.652394517    0.592000846    0.595179723
   57.674441322    0.591989913    0.595255800
   57.696488126    0.591978072    0.595332649
   57.718534931    0.591968427    0.595410319
   57.740581736    0.591963637    0.595488857
   57.762628541    0.591965414    0.595568295
   57.784675346    0.591974206    0.595648646
   57.806722150    0.591989122    0.595729902
   57.828768955    0.592008109    0.595812034
   57.850815760    0.592028360    0.595894999
   57.872862565    0.592046853    0.595978748
   57.894909370    0.592060926    0.596063235
   57.916956174    0.592068784    0.596148424
   57.939002979    0.592069832    0.596234299
   57.961049784    0.592064777    0.596320865
   57.983096589    0.592055478    0.596408147
   58.005143393    0.592044583    0.596496187
   58.027190198    0.592035017    0.596585032
   58.049237003    0.592029420    0.596674730
   58.071283808    0.592029650    0.596765317
   58.093330613    0.592036434    0.596856815
   58.115377417    0.592049250    0.596949220
   58.137424222    0.592066433    0.597042513
   58.159471027    0.592085510    0.597136653
   58.181517832    0.592103678    0.597231594
   58.203564637    0.592118342    0.597327288
   58.225611441    0.592127608    0.597423696
   58.247658246    0.592130628    0.597520795
   58.269705051    0.592127751    0.597618581
   58.291751856    0.592120442    0.597717073
   58.313798660    0.592110982    0.597816307
   58.335845465    0.592102027    0.597916327
   58.357892270    0.592096094    0.598017183
   58.379939075    0.592095091    0.598118916
   58.401985880    0.592099958    0.598221553
   58.424032684    0.592110510    0.598325100
   58.446079489    0.592125488    0.598429546
   58.468126294    0.592142820    0.598534857
   58.490173099    0.592160028    0.598640991
   58.512219904    0.592174706    0.598747899
   58.534266708    0.592184976    0.598855537
   58.556313513    0.592189831    0.598963874
   58.578360318    0.592189308    0.599072896
   58.600407123    0.592184460    0.599182611
   58.622453927    0.592177128    0.599293043
   58.644500732    0.592169574    0.599404234
   58.666547537    0.592164044    0.599516230
   58.688594342    0.592162340    0.599629079
   58.710641147    0.592165492    0.599742817
   58.732687951    0.592173585    0.599857468
   58.754734756    0.592185775    0.599973038
   58.776781561    0.592200475    0.600089512
   58.798828366    0.592215688    0.600206861
   58.820875171    0.592229392    0.600325043
   58.842921975    0.592239934    0.600444012
   58.864968780    0.592246320    0.600563718
   58.887015585    0.592248381    0.600684115
   58.909062390    0.592246762    0.600805163
   58.931109194    0.592242761    0.600926822
   58.953155999    0.592238046    0.601049054
   58.975202804    0.592234314    0.601171818
   58.997249609    0.592232969    0.601295063
   59.019296414    0.592234871    0.601418730
   59.041343218    0.592240208    0.601542744
   59.063390023    0.592248523    0.601667020
   59.085436828    0.592258849    0.601791470
   59.107483633    0.592269957    0.601916002
   59.129530438    0.592280620    0.602040535
   59.151577242    0.592289857    0.602165004
   59.173624047    0.592297091    0.602289366
   59.195670852    0.592302207    0.602413603
   59.217717657    0.592305478    0.602537724
   59.239764461    0.592307418    0.602661760
   59.261811266    0.592308595    0.602785755
   59.283858071    0.592309458    0.602909760
   59.305904876    0.592310261    0.603033822
   59.327951681    0.592311101    0.603157976
   59.349998485    0.592312098    0.603282238
   59.372045290    0.592313686    0.603406603
   59.394092095    0.592316966    0.603531045
   59.416138900    0.592324038    0.603655526
   59.438185705    0.592338221    0.603780000
   59.460232509    0.592364094    0.603904422
   59.482279314    0.592407283    0.604028758
   59.504326119    0.592474014    0.604152992
   59.526372924    0.592570442    0.604277124
   59.548419729    0.592701858    0.604401178
   59.570466533    0.592871886    0.604525189
   59.592513338    0.593081797    0.604649201
   59.614560143    0.593330084    0.604773260
   59.636606948    0.593612371    0.604897399
   59.658653752    0.593921722    0.605021637
   59.680700557    0.594249312    0.605145977
   59.702747362    0.594585404    0.605270398
   59.724794167    0.594920472    0.605394866
   59.746840972    0.595246329    0.605519339
   59.768887776    0.595557082    0.605643772
   59.790934581    0.595849753    0.605768130
   59.812981386    0.596124492    0.605892390
   59.835028191    0.596384322    0.606016549
   59.857074996    0.596634477    0.606140625
   59.879121800    0.596881426    0.606264647
   59.901168605    0.597131748    0.606388659
   59.923215410    0.597391037    0.606512704
   59.945262215    0.597663019    0.606636819
   59.967309019    0.597949008    0.606761029
   59.989355824    0.598247794    0.606885339
   60.011402629    0.598555961    0.607009736
   60.033449434    0.598868579    0.607134190
   60.055496239    0.599180124    0.607258662
   60.077543043    0.599485482    0.607383106
   60.099589848    0.599780840    0.607507486
   60.121636653    0.600064330    0.607631774
   60.143683458    0.600336296    0.607755962
   60.165730263    0.600599170    0.607880061
   60.187777067    0.600856970    0.608004097
   60.209823872    0.601114528    0.608128110
   60.231870677    0.601376591    0.608252144
   60.253917482    0.601646953    0.608376237
   60.275964286    0.601927790    0.608500418
   60.298011091    0.602219294    0.608624698
   60.320057896    0.602519686    0.608749070
   60.342104701    0.602825581    0.608873508
   60.364151506    0.603132648    0.608997975
   60.386198310    0.603436423    0.609122428
   60.408245115    0.603733143    0.609246827
   60.430291920    0.604020421    0.609371141
   60.452338725    0.604297670    0.609495358
   60.474385530    0.604566175    0.609619481
   60.496432334    0.604828831    0.609743534
   60.518479139    0.605089570    0.609867552
   60.540525944    0.605352625    0.609991578
   60.562572749    0.605621730    0.610115652
   60.584619553    0.605899435    0.610239806
   60.606666358    0.606186651    0.610364056
   60.628713163    0.606482499    0.610488401
   60.650759968    0.606784499    0.610612820
   60.672806773    0.607089055    0.610737279
   60.694853577    0.607392136    0.610861736
   60.716900382    0.607690040    0.610986151
   60.738947187    0.607980074    0.611110490
   60.760993992    0.608261051    0.611234735
   60.783040797    0.608533491    0.611358884
   60.805087601    0.608799508    0.611482956
   60.827134406    0.609062395    0.611606982
   60.849181211    0.609325997    0.611731004
   60.871228016    0.609593986    0.611855062
   60.893274820    0.609869175    0.611979191
   60.915321625    0.610153003    0.612103412
   60.937368430    0.610445273    0.612227729
   60.959415235    0.610744212    0.612352126
   60.981462040    0.611046810    0.612476573
   61.003508844    0.611349400    0.612601031
   61.025555649    0.611648345    0.612725458
   61.047602454    0.611940725    0.612849820
   61.069649259    0.612224871    0.612974091
   61.091696064    0.612500673    0.613098268
   61.113742868    0.612769585    0.613222361
   61.135789673    0.613034342    0.613346399
   61.157836478    0.613298435    0.613470420
   61.179883283    0.613565458    0.613594466
   61.201930087    0.613838427    0.613718572
   61.223976892    0.614119225    0.613842765
   61.246023697    0.614408254    0.613967052
   61.268070502    0.614704373    0.614091425
   61.290117307    0.615005118    0.614215856
   61.312164111    0.615307175    0.614340311
   61.334210916    0.615607006    0.614464747
   61.356257721    0.615901509    0.614589128
   61.378304526    0.616188597    0.614713425
   61.400351331    0.616467585    0.614837629
   61.422398135    0.616739306    0.614961746
   61.444444940    0.617005949    0.615085799
   61.466491745    0.617270641    0.615209824
   61.488538550    0.617536857    0.615333860
   61.510585355    0.617807772    0.615457947
   61.532632159    0.618085666    0.615582112
   61.554678964    0.618371504    0.615706370
   61.576725769    0.618664765    0.615830715
   61.598772574    0.618963543    0.615955128
   61.620819378    0.619264909    0.616079575
   61.642866183    0.619565467    0.616204015
   61.664912988    0.619861981    0.616328412
   61.686959793    0.620151983    0.616452733
   61.709006598    0.620434227    0.616576965
   61.731053402    0.620708915    0.616701107
   61.753100207    0.620977654    0.616825178
   61.775147012    0.621243153    0.616949210
   61.797193817    0.621508713    0.617073242
   61.819240622    0.621777617    0.617197312
   61.841287426    0.622052517    0.617321451
   61.863334231    0.622334948    0.617445679
   61.885381036    0.622625045    0.617569995
   61.907427841    0.622921528    0.617694385
   61.929474645    0.623221935    0.617818818
   61.951521450    0.623523088    0.617943259
   61.973568255    0.623821673    0.618067667
   61.995615060    0.624114854    0.618192010
   62.017661865    0.624400793    0.618316268
   62.039708669    0.624678979    0.618440437
   62.061755474    0.624950324    0.618564530
   62.083802279    0.625216989    0.618688574
   62.105849084    0.625481990    0.618812605
   62.127895889    0.625748647    0.618936662
   62.149942693    0.626019980    0.619060779
   62.171989498    0.626298169    0.619184976
   62.194036303    0.626584157    0.619309260
   62.216083108    0.626877490    0.619433623
   62.238129912    0.627176397    0.619558038
   62.260176717    0.627478108    0.619682471
   62.282223522    0.627779345    0.619806885
   62.304270327    0.628076902    0.619931246
   62.326317132    0.628368199    0.620055530
   62.348363936    0.628651732    0.620179727
   62.370410741    0.628927322    0.620303845
   62.392457546    0.629196149    0.620427907
   62.414504351    0.629460544    0.620551944
   62.436551156    0.629723601    0.620675993
   62.458597960    0.629988677    0.620800089
   62.480644765    0.630258852    0.620924256
   62.502691570    0.630536456    0.621048506
   62.524738375    0.630822727    0.621172835
   62.546785179    0.631117637    0.621297224
   62.568831984    0.631419912    0.621421643
   62.590878789    0.631727210    0.621546055
   62.612925594    0.632036413    0.621670428
   62.634972399    0.632343970    0.621794735
   62.657019203    0.632646223    0.621918962
   62.679066008    0.632939663    0.622043111
   62.701112813    0.633221087    0.622167197
   62.723159618    0.633487647    0.622291248
   62.745206423    0.633736820    0.622415298
   62.767253227    0.633966333    0.622539378
   62.789300032    0.634174099    0.622663517
   62.811346837    0.634358204    0.622787729
   62.833393642    0.634516976    0.622912016
   62.855440446    0.634649144    0.623036365
   62.877487251    0.634754064    0.623160754
   62.899534056    0.634831969    0.623285152
   62.921580861    0.634884182    0.623409527
   62.943627666    0.634913237    0.623533853
   62.965674470    0.634922852    0.623658113
   62.987721275    0.634917732    0.623782302
   63.009768080    0.634903200    0.623906428
   63.031814885    0.634884706    0.624030510
   63.053861690    0.634867271    0.624154575
   63.075908494    0.634854948    0.624278651
   63.097955299    0.634850400    0.624402762
   63.120002104    0.634854653    0.624526928
   63.142048909    0.634867088    0.624651157
   63.164095713    0.634885662    0.624775445
   63.186142518    0.634907347    0.624899781
   63.208189323    0.634928704    0.625024145
   63.230236128    0.634946505    0.625148512
   63.252282933    0.634958299    0.625272855
   63.274329737    0.634962827    0.625397146
   63.296376542    0.634960215    0.625521356
   63.318423347    0.634951918    0.625645451
   63.340470152    0.634940426    0.625769394
   63.362516957    0.634928788    0.625893136
   63.384563761    0.634920037    0.626016616
   63.406610566    0.634916628    0.626139754
   63.428657371    0.634919994    0.626262460
   63.450704176    0.634930283    0.626384629
   63.472750981    0.634946341    0.626506151
   63.494797785    0.634965943    0.626626920
   63.516844590    0.634986208    0.626746839
   63.538891395    0.635004146    0.626865834
   63.560938200    0.635017215    0.626983857
   63.582985004    0.635023798    0.627100891
   63.605031809    0.635023502    0.627216951
   63.627078614    0.635017225    0.627332078
   63.649125419    0.635006992    0.627446332
   63.671172224    0.634995565    0.627559783
   63.693219028    0.634985926    0.627672495
   63.715265833    0.634980719    0.627784520
   63.737312638    0.634981750    0.627895888
   63.759359443    0.634989650    0.628006601
   63.781406248    0.635003757    0.628116639
   63.803453052    0.635022239    0.628225956
   63.825499857    0.635042442    0.628334498
   63.847546662    0.635061389    0.628442204
   63.869593467    0.635076337    0.628549024
   63.891640271    0.635085297    0.628654923
   63.913687076    0.635087409    0.628759890
   63.935733881    0.635083101    0.628863938
   63.957780686    0.635074013    0.628967101
   63.979827491    0.635062688    0.629069428
   64.001874295    0.635052090    0.629170975
   64.023921100    0.635045050    0.629271790
   64.045967905    0.635043730    0.629371912
   64.068014710    0.635049215    0.629471357
   64.090061515    0.635061307    0.629570119
   64.112108319    0.635078559    0.629668169
   64.134155124    0.635098551    0.629765463
   64.156201929    0.635118342    0.629861949
   64.178248734    0.635135025    0.629957577
   64.200295538    0.635146275    0.630052309
   64.222342343    0.635150792    0.630146124
   64.244389148    0.635148544    0.630239022
   64.266435953    0.635140780    0.630331027
   64.288482758    0.635129789    0.630422179
   64.310529562    0.635118476    0.630512527
   64.332576367    0.635109811    0.630602121
   64.354623172    0.635106268    0.630691001
   64.376669977    0.635109356    0.630779191
   64.398716782    0.635119334    0.630866694
   64.420763586    0.635135158    0.630953491
   64.442810391    0.635154677    0.631039547
   64.464857196    0.635175036    0.631124814
   64.486904001    0.635193217    0.631209243
   64.508950805    0.635206608    0.631292791
   64.530997610    0.635213499    0.631375431
   64.553044415    0.635213406    0.631457157
   64.575091220    0.635207165    0.631537982
   64.597138025    0.635196779    0.631617940
   64.619184829    0.635185038    0.631697075
   64.641231634    0.635174995    0.631775435
   64.663278439    0.635169388    0.631853065
   64.685325244    0.635170120    0.631929995
   64.707372049    0.635177897    0.632006233
   64.729418853    0.635192094    0.632081771
   64.751465658    0.635210867    0.632156579
   64.773512463    0.635231502    0.632230613
   64.795559268    0.635250925    0.632303826
   64.817606072    0.635266286    0.632376172
   64.839652877    0.635275498    0.632447619
   64.861699682    0.635277634    0.632518153
   64.883746487    0.635273107    0.632587779
   64.905793292    0.635263591    0.632656526
   64.927840096    0.635251714    0.632724431
   64.949886901    0.635240554    0.632791544
   64.971933706    0.635233062    0.632857910
   64.993980511    0.635231499    0.632923562
   65.016027316    0.635237010    0.632988520
   65.038074120    0.635249397    0.633052779
   65.060120925    0.635267161    0.633116318
   65.082167730    0.635287778    0.633179096
   65.104214535    0.635308175    0.633241069
   65.126261340    0.635325315    0.633302188
   65.148308144    0.635336771    0.633362418
   65.170354949    0.635341187    0.633421735
   65.192401754    0.635338542    0.633480141
   65.214448559    0.635330152    0.633537652
   65.236495363    0.635318428    0.633594306
   65.258542168    0.635306420    0.633650148
   65.280588973    0.635297240    0.633705225
   65.302635778    0.635293469    0.633759576
   65.324682583    0.635296671    0.633813224
   65.346729387    0.635307088    0.633866174
   65.368776192    0.635323592    0.633918411
   65.390822997    0.635343897    0.633969901
   65.412869802    0.635364990    0.634020599
   65.434916607    0.635383699    0.634070457
   65.456963411    0.635397296    0.634119433
   65.479010216    0.635404017    0.634167501
   65.501057021    0.635403400    0.634214651
   65.523103826    0.635396374    0.634260895
   65.545150630    0.635385090    0.634306264
   65.567197435    0.635372512    0.634350800
   65.589244240    0.635361858    0.634394550
   65.611291045    0.635355991    0.634437558
   65.633337850    0.635356869    0.634479854
   65.655384654    0.635365176    0.634521450
   65.677431459    0.635380183    0.634562338
   65.699478264    0.635399889    0.634602489
   65.721525069    0.635421391    0.634641862
   65.743571874    0.635441438    0.634680408
   65.765618678    0.635457046    0.634718083
   65.787665483    0.635466066    0.634754852
   65.809712288    0.635467596    0.634790698
   65.831759093    0.635462155    0.634825625
   65.853805897    0.635451590    0.634859656
   65.875852702    0.635438725    0.634892832
   65.897899507    0.635426831    0.634925198
   65.919946312    0.635419003    0.634956801
   65.941993117    0.635417571    0.634987679
   65.964039921    0.635423653    0.635017851
   65.986086726    0.635436945    0.635047318
   66.008133531    0.635455766    0.635076059
   66.030180336    0.635477381    0.635104036
   66.052227141    0.635498515    0.635131200
   66.074273945    0.635515975    0.635157504
   66.096320750    0.635527256    0.635182906
   66.118367555    0.635531024    0.635207378
