    0.000000000    0.950481278    0.950453880
    0.028345892    0.950520069    0.950459922
    0.056691784    0.950542323    0.950465876
    0.085037676    0.950542984    0.950471536
    0.113383567    0.950523496    0.950476792
    0.141729459    0.950491398    0.950481668
    0.170075351    0.950458068    0.950486310
    0.198421243    0.950435321    0.950490943
    0.226767135    0.950431838    0.950495791
    0.255113027    0.950450519    0.950501002
    0.283458919    0.950487561    0.950506597
    0.311804811    0.950533551    0.950512462
    0.340150702    0.950576267    0.950518386
    0.368496594    0.950604363    0.950524127
    0.396842486    0.950610834    0.950529496
    0.425188378    0.950595197    0.950534417
    0.453534270    0.950563723    0.950538950
    0.481880162    0.950527606    0.950543278
    0.510226054    0.950499605    0.950547641
    0.538571946    0.950490155    0.950552260
    0.566917837    0.950504135    0.950557266
    0.595263729    0.950539279    0.950562651
    0.623609621    0.950586772    0.950568274
    0.651955513    0.950633859    0.950573904
    0.680301405    0.950667722    0.950579294
    0.708647297    0.950679437    0.950584261
    0.736993189    0.950666798    0.950588745
    0.765339080    0.950635117    0.950592826
    0.793684972    0.950595694    0.950596702
    0.822030864    0.950562414    0.950600621
    0.850376756    0.950547472    0.950604801
    0.878722648    0.950557545    0.950609361
    0.907068540    0.950591623    0.950614280
    0.935414432    0.950641189    0.950619400
    0.963760324    0.950692753    0.950624482
    0.992106215    0.950731986    0.950629276
    1.020452107    0.950748189    0.950633601
    1.048797999    0.950737706    0.950637405
    1.077143891    0.950705183    0.950640776
    1.105489783    0.950662254    0.950643917
    1.133835675    0.950623998    0.950647077
    1.162181567    0.950604255    0.950650471
    1.190527458    0.950611258    0.950654210
    1.218873350    0.950644946    0.950658264
    1.247219242    0.950696861    0.950662471
    1.275565134    0.950752678    0.950666584
    1.303911026    0.950796635    0.950670352
    1.332256918    0.950816486    0.950673594
    1.360602810    0.950807417    0.950676258
    1.388948702    0.950773675    0.950678433
    1.417294593    0.950727356    0.950680319
    1.445640485    0.950684688    0.950682162
    1.473986377    0.950660957    0.950684173
    1.502332269    0.950665655    0.950686456
    1.530678161    0.950699401    0.950688978
    1.559024053    0.950753628    0.950691573
    1.587369945    0.950813185    0.950693991
    1.615715837    0.950861054    0.950695979
    1.644061728    0.950883721    0.950697352
    1.672407620    0.950875506    0.950698052
    1.700753512    0.950840449    0.950698160
    1.729099404    0.950791138    0.950697869
    1.757445296    0.950744807    0.950697417
    1.785791188    0.950717918    0.950697006
    1.814137080    0.950720926    0.950696739
    1.842482971    0.950754904    0.950696577
    1.870828863    0.950811109    0.950696354
    1.899174755    0.950873673    0.950695816
    1.927520647    0.950924569    0.950694703
    1.955866539    0.950949322    0.950692820
    1.984212431    0.950941632    0.950690096
    2.012558323    0.950905442    0.950686597
    2.040904215    0.950853761    0.950682500
    2.069250106    0.950804606    0.950678030
    2.097595998    0.950775311    0.950673380
    2.125941890    0.950777023    0.950668645
    2.154287782    0.950811120    0.950663786
    2.182633674    0.950868713    0.950658627
    2.210979566    0.950933407    0.950652909
    2.239325458    0.950986464    0.950646355
    2.267671349    0.951012735    0.950638754
    2.296017241    0.951005488    0.950630008
    2.324363133    0.950968583    0.950620159
    2.352709025    0.950915294    0.950609360
    2.381054917    0.950864139    0.950597814
    2.409400809    0.950833023    0.950585702
    2.437746701    0.950833565    0.950573108
    2.466092593    0.950867386    0.950559980
    2.494438484    0.950925568    0.950546130
    2.522784376    0.950991450    0.950531278
    2.551130268    0.951045884    0.950515121
    2.579476160    0.951073299    0.950497411
    2.607822052    0.951066636    0.950478010
    2.636167944    0.951029600    0.950456920
    2.664513836    0.950975499    0.950434255
    2.692859728    0.950923051    0.950410190
    2.721205619    0.950890462    0.950384877
    2.749551511    0.950889672    0.950358377
    2.777897403    0.950922573    0.950330613
    2.806243295    0.950980410    0.950301365
    2.834589187    0.951046544    0.950270309
    2.862935079    0.951101709    0.950237087
    2.891280971    0.951130095    0.950201387
    2.919626862    0.951124338    0.950163004
    2.947972754    0.951087832    0.950121873
    2.976318646    0.951033653    0.950078049
    3.004664538    0.950980421    0.950031652
    3.033010430    0.950946424    0.949982788
    3.061356322    0.950943856    0.949931471
    3.089702214    0.950974988    0.949877566
    3.118048106    0.951031469    0.949820785
    3.146393997    0.951096977    0.949760714
    3.174739889    0.951152368    0.949696894
    3.203085781    0.951181705    0.949628895
    3.231431673    0.951177253    0.949556398
    3.259777565    0.951141889    0.949479224
    3.288123457    0.951088170    0.949397328
    3.316469349    0.951034358    0.949310743
    3.344815240    0.950998673    0.949219487
    3.373161132    0.950993580    0.949123482
    3.401507024    0.951021899    0.949022482
    3.429852916    0.951075950    0.948916055
    3.458198808    0.951139997    0.948803614
    3.486544700    0.951195198    0.948684497
    3.514890592    0.951225512    0.948558059
    3.543236484    0.951222707    0.948423767
    3.571582375    0.951188898    0.948281246
    3.599928267    0.951135850    0.948130281
    3.628274159    0.951081264    0.947970752
    3.656620051    0.951043225    0.947802534
    3.684965943    0.951034558    0.947625380
    3.713311835    0.951058842    0.947438830
    3.741657727    0.951109333    0.947242168
    3.770003619    0.951171096    0.947034448
    3.798349510    0.951225694    0.946814586
    3.826695402    0.951256935    0.946581491
    3.855041294    0.951255901    0.946334193
    3.883387186    0.951223698    0.946071943
    3.911733078    0.951171067    0.945794234
    3.940078970    0.951115014    0.945500726
    3.968424862    0.951073498    0.945191107
    3.996770753    0.951059846    0.944864878
    4.025116645    0.951078629    0.944521146
    4.053462537    0.951124263    0.944158455
    4.081808429    0.951182771    0.943774705
    4.110154321    0.951236137    0.943367181
    4.138500213    0.951267902    0.942932698
    4.166846105    0.951268254    0.942467827
    4.195191997    0.951237053    0.941969174
    4.223537888    0.951183848    0.941433639
    4.251883780    0.951124892    0.940858618
    4.280229672    0.951078098    0.940242113
    4.308575564    0.951057480    0.939582730
    4.336921456    0.951068815    0.938879588
    4.365267348    0.951107863    0.938132160
    4.393613240    0.951161674    0.937340095
    4.421959131    0.951212601    0.936503065
    4.450305023    0.951243751    0.935620663
    4.478650915    0.951244203    0.934692383
    4.506996807    0.951212382    0.933717663
    4.535342699    0.951156541    0.932695985
    4.563688591    0.951092204    0.931626993
    4.592034483    0.951037372    0.930510597
    4.620380375    0.951006938    0.929347041
    4.648726266    0.951008075    0.928136916
    4.677072158    0.951037989    0.926881112
    4.705418050    0.951084751    0.925580731
    4.733763942    0.951130955    0.924236975
    4.762109834    0.951159078    0.922851044
    4.790455726    0.951156885    0.921424056
    4.818801618    0.951121228    0.919957015
    4.847147510    0.951059035    0.918450814
    4.875493401    0.950985190    0.916906291
    4.903839293    0.950917946    0.915324284
    4.932185185    0.950873263    0.913705697
    4.960531077    0.950859841    0.912051537
    4.988876969    0.950876359    0.910362906
    5.017222861    0.950911818    0.908640954
    5.045568753    0.950948873    0.906886795
    5.073914644    0.950969154    0.905101404
    5.102260536    0.950958945    0.903285518
    5.130606428    0.950913446    0.901439571
    5.158952320    0.950838304    0.899563686
    5.187298212    0.950747905    0.897657716
    5.215644104    0.950660946    0.895721346
    5.243989996    0.950594616    0.893754230
    5.272335888    0.950559209    0.891756110
    5.300681779    0.950554832    0.889726923
    5.329027671    0.950571251    0.887666820
    5.357373563    0.950590952    0.885576124
    5.385719455    0.950594504    0.883455211
    5.414065347    0.950566565    0.881304348
    5.442411239    0.950500663    0.879123539
    5.470757131    0.950401262    0.876912421
    5.499103022    0.950282433    0.874670254
    5.527448914    0.950163499    0.872396022
    5.555794806    0.950063000    0.870088628
    5.584140698    0.949992825    0.867747147
    5.612486590    0.949954367    0.865371060
    5.640832482    0.949937912    0.862960398
    5.669178374    0.949925498    0.860515746
    5.697524266    0.949896390    0.858038066
    5.725870157    0.949833482    0.855528380
    5.754216049    0.949728638    0.852987372
    5.782561941    0.949585272    0.850415030
    5.810907833    0.949417327    0.847810435
    5.839253725    0.949244937    0.845171808
    5.867599617    0.949088069    0.842496854
    5.895945509    0.948960144    0.839783383
    5.924291401    0.948863626    0.837030107
    5.952637292    0.948788997    0.834237440
    5.980983184    0.948717499    0.831408127
    6.009329076    0.948626802    0.828547508
    6.037674968    0.948497888    0.825663308
    6.066020860    0.948320963    0.822764945
    6.094366752    0.948098533    0.819862420
    6.122712644    0.947844636    0.816965010
    6.151058535    0.947580401    0.814079981
    6.179404427    0.947327296    0.811211585
    6.207750319    0.947100166    0.808360562
    6.236096211    0.946902250    0.805524215
    6.264442103    0.946723794    0.802697073
    6.292787995    0.946544753    0.799871975
    6.321133887    0.946340772    0.797041345
    6.349479779    0.946090634    0.794198394
    6.377825670    0.945782795    0.791338003
    6.406171562    0.945418950    0.788457121
    6.434517454    0.945013435    0.785554642
    6.462863346    0.944588580    0.782630844
    6.491209238    0.944167436    0.779686574
    6.519555130    0.943766121    0.776722395
    6.547901022    0.943388231    0.773737951
    6.576246913    0.943023114    0.770731674
    6.604592805    0.942648634    0.767700915
    6.632938697    0.942237620    0.764642428
    6.661284589    0.941766021    0.761553076
    6.689630481    0.941220203    0.758430560
    6.717976373    0.940601033    0.755273977
    6.746322265    0.939923394    0.752084087
    6.774668157    0.939211187    0.748863244
    6.803014048    0.938489310    0.745615025
    6.831359940    0.937775111    0.742343703
    6.859705832    0.937072026    0.739053712
    6.888051724    0.936367482    0.735749244
    6.916397616    0.935635841    0.732434097
    6.944743508    0.934845549    0.729111756
    6.973089400    0.933968342    0.725785682
    7.001435292    0.932987591    0.722459654
    7.029781183    0.931903113    0.719138055
    7.058127075    0.930730797    0.715825975
    7.086472967    0.929497007    0.712529077
    7.114818859    0.928229386    0.709253250
    7.143164751    0.926946881    0.706004120
    7.171510643    0.925652140    0.702786558
    7.199856535    0.924328797    0.699604297
    7.228202426    0.922944687    0.696459743
    7.256548318    0.921460191    0.693354019
    7.284894210    0.919839255    0.690287185
    7.313240102    0.918059678    0.687258528
    7.341585994    0.916119358    0.684266825
    7.369931886    0.914036290    0.681310437
    7.398277778    0.911842024    0.678387213
    7.426623670    0.909570275    0.675494192
    7.454969561    0.907244041    0.672627199
    7.483315453    0.904865192    0.669780462
    7.511661345    0.902409980    0.666946379
    7.540007237    0.899832261    0.664115551
    7.568353129    0.897073958    0.661277120
    7.596699021    0.894080047    0.658419374
    7.625044913    0.890813724    0.655530527
    7.653390804    0.887267083    0.652599510
    7.681736696    0.883463548    0.649616641
    7.710082588    0.879450460    0.646574053
    7.738428480    0.875282922    0.643465830
    7.766774372    0.871002572    0.640287876
    7.795120264    0.866616671    0.637037615
    7.823466156    0.862083222    0.633713630
    7.851812048    0.857306652    0.630315367
    7.880157939    0.852146142    0.626842992
    7.908503831    0.846435635    0.623297401
    7.936849723    0.840011583    0.619680362
    7.965195615    0.832742477    0.615994695
    7.993541507    0.824553594    0.612244390
    8.021887399    0.815441392    0.608434579
    8.050233291    0.805474353    0.604571345
    8.078579183    0.794780154    0.600661371
    8.106925074    0.783522206    0.596711528
    8.135270966    0.771870926    0.592728502
    8.163616858    0.759976159    0.588718541
    8.191962750    0.747946652    0.584687402
    8.220308642    0.735840647    0.580640483
    8.248654534    0.723668877    0.576583078
    8.277000426    0.711408351    0.572520657
    8.305346317    0.699022860    0.568459045
    8.333692209    0.686484827    0.564404422
    8.362038101    0.673793087    0.560363107
    8.390383993    0.660982480    0.556341169
    8.418729885    0.648123340    0.552343964
    8.447075777    0.635311519    0.548375725
    8.475421669    0.622651870    0.544439342
    8.503767561    0.610239584    0.540536388
    8.532113452    0.598144126    0.536667406
    8.560459344    0.586399693    0.532832362
    8.588805236    0.575004327    0.529031130
    8.617151128    0.563927579    0.525263828
    8.645497020    0.553124445    0.521530892
    8.673842912    0.542551716    0.517832806
    8.702188804    0.532182314    0.514169543
    8.730534695    0.522013732    0.510539835
    8.758880587    0.512068262    0.506940506
    8.787226479    0.502384879    0.503366058
    8.815572371    0.493004887    0.499808711
    8.843918263    0.483955251    0.496258958
    8.872264155    0.475234282    0.492706597
    8.900610047    0.466803968    0.489142061
    8.928955939    0.458591637    0.485557790
    8.957301830    0.450501212    0.481949351
    8.985647722    0.442431721    0.478316074
    9.013993614    0.434298485    0.474661046
    9.042339506    0.426051399    0.470990472
    9.070685398    0.417685012    0.467312530
    9.099031290    0.409237044    0.463635976
    9.127377182    0.400774894    0.459968773
    9.155723074    0.392373056    0.456317040
    9.184068965    0.384087175    0.452684473
    9.212414857    0.375931956    0.449072342
    9.240760749    0.367869703    0.445479965
    9.269106641    0.359813857    0.441905509
    9.297452533    0.351648025    0.438346885
    9.325798425    0.343256510    0.434802526
    9.354144317    0.334558588    0.431271876
    9.382490208    0.325536766    0.427755538
    9.410836100    0.316249873    0.424255089
    9.439181992    0.306825107    0.420772701
    9.467527884    0.297428593    0.417310683
    9.495873776    0.288220185    0.413871110
    9.524219668    0.279303619    0.410455608
    9.552565560    0.270686079    0.407065340
    9.580911452    0.262260538    0.403701140
    9.609257343    0.253819866    0.400363702
    9.637603235    0.245104140    0.397053752
    9.665949127    0.235873756    0.393772097
    9.694295019    0.225992926    0.390519559
    9.722640911    0.215503215    0.387296792
    9.750986803    0.204666594    0.384104077
    9.779332695    0.193962545    0.380941160
    9.807678586    0.184033297    0.377807213
    9.836024478    0.175583305    0.374700941
    9.864370370    0.169250711    0.371620796
    9.892716262    0.165476815    0.368565243
    9.921062154    0.164402287    0.365532971
    9.949408046    0.165814773    0.362522955
    9.977753938    0.169162384    0.359534348
   10.006099830    0.173633439    0.356566201
   10.034445721    0.178287924    0.353617085
   10.062791613    0.182214119    0.350684750
   10.091137505    0.184677704    0.347765919
   10.119483397    0.185231976    0.344856325
   10.147829289    0.183766542    0.341951004
   10.176175181    0.180485925    0.339044802
   10.204521073    0.175825547    0.336132968
   10.232866965    0.170326769    0.333211680
   10.261212856    0.164501415    0.330278363
   10.289558748    0.158717592    0.327331675
   10.317904640    0.153132185    0.324371187
   10.346250532    0.147683052    0.321396802
   10.374596424    0.142138747    0.318408095
   10.402942316    0.136189512    0.315403763
   10.431288208    0.129553862    0.312381374
   10.459634099    0.122072506    0.309337521
   10.487979991    0.113766197    0.306268400
   10.516325883    0.104844700    0.303170696
   10.544671775    0.095667574    0.300042594
   10.573017667    0.086670046    0.296884653
   10.601363559    0.078275779    0.293700314
   10.629709451    0.070820440    0.290495878
   10.658055343    0.064505578    0.287279915
   10.686401234    0.059392718    0.284062176
   10.714747126    0.055435734    0.280852224
   10.743093018    0.052538816    0.277658038
   10.771438910    0.050620747    0.274484891
   10.799784802    0.049665391    0.271334692
   10.828130694    0.049743353    0.268205932
   10.856476586    0.050999041    0.265094208
   10.884822477    0.053607963    0.261993183
   10.913168369    0.057717972    0.258895776
   10.941514261    0.063392646    0.255795300
   10.969860153    0.070573969    0.252686363
   10.998206045    0.079075241    0.249565343
   11.026551937    0.088605799    0.246430422
   11.054897829    0.098819377    0.243281236
   11.083243721    0.109370849    0.240118276
   11.111589612    0.119963770    0.236942224
   11.139935504    0.130374159    0.233753404
   11.168281396    0.140443593    0.230551461
   11.196627288    0.150044426    0.227335327
   11.224973180    0.159028984    0.224103440
   11.253319072    0.167180124    0.220854140
   11.281664964    0.174180831    0.217586116
   11.310010856    0.179615521    0.214298798
   11.338356747    0.183006685    0.210992607
   11.366702639    0.183880192    0.207669034
   11.395048531    0.181843969    0.204330557
   11.423394423    0.176660343    0.200980458
   11.451740315    0.168293505    0.197622598
   11.480086207    0.156919942    0.194261231
   11.508432099    0.142899434    0.190900874
   11.536777990    0.126714639    0.187546268
   11.565123882    0.108895193    0.184202397
   11.593469774    0.089945639    0.180874538
   11.621815666    0.070294319    0.177568298
   11.650161558    0.050273404    0.174289614
   11.678507450    0.030130754    0.171044709
   11.706853342    0.010065001    0.167839996
   11.735199234   -0.009731023    0.164681967
   11.763545125   -0.029034838    0.161577068
   11.791891017   -0.047579529    0.158531580
   11.820236909   -0.065064831    0.155551493
   11.848582801   -0.081190320    0.152642371
   11.876928693   -0.095699436    0.149809173
   11.905274585   -0.108419285    0.147056026
   11.933620477   -0.119282339    0.144385945
   11.961966368   -0.128321933    0.141800547
   11.990312260   -0.135641985    0.139299774
   12.018658152   -0.141369879    0.136881716
   12.047004044   -0.145607310    0.134542568
   12.075349936   -0.148395039    0.132276761
   12.103695828   -0.149703489    0.130077272
   12.132041720   -0.149453087    0.127936070
   12.160387612   -0.147558654    0.125844629
   12.188733503   -0.143983964    0.123794426
   12.217079395   -0.138788558    0.121777336
   12.245425287   -0.132150464    0.119785874
   12.273771179   -0.124355338    0.117813249
   12.302117071   -0.115752941    0.115853280
   12.330462963   -0.106692490    0.113900219
   12.358808855   -0.097456148    0.111948578
   12.387154747   -0.088211954    0.109993030
   12.415500638   -0.079003036    0.108028449
   12.443846530   -0.069779802    0.106050097
   12.472192422   -0.060468812    0.104053921
   12.500538314   -0.051059875    0.102036894
   12.528884206   -0.041685402    0.099997309
   12.557230098   -0.032665571    0.097934940
   12.585575990   -0.024500256    0.095851035
   12.613921881   -0.017802094    0.093748115
   12.642267773   -0.013181234    0.091629635
   12.670613665   -0.011106716    0.089499590
   12.698959557   -0.011778017    0.087362147
   12.727305449   -0.015040345    0.085221400
   12.755651341   -0.020368457    0.083081276
   12.783997233   -0.026927984    0.080945616
   12.812343125   -0.033704550    0.078818353
   12.840689016   -0.039674148    0.076703728
   12.869034908   -0.043977695    0.074606441
   12.897380800   -0.046061279    0.072531659
   12.925726692   -0.045751716    0.070484877
   12.954072584   -0.043252609    0.068471619
   12.982418476   -0.039065015    0.066497081
   13.010764368   -0.033854321    0.064565790
   13.039110259   -0.028296473    0.062681399
   13.067456151   -0.022939632    0.060846651
   13.095802043   -0.018111143    0.059063558
   13.124147935   -0.013886455    0.057333709
   13.152493827   -0.010120110    0.055658630
   13.180839719   -0.006523542    0.054040056
   13.209185611   -0.002764292    0.052479996
   13.237531503    0.001441401    0.050980545
   13.265877394    0.006265624    0.049543425
   13.294223286    0.011747623    0.048169369
   13.322569178    0.017813511    0.046857478
   13.350915070    0.024324432    0.045604755
   13.379260962    0.031133959    0.044405963
   13.407606854    0.038135123    0.043253906
   13.435952746    0.045283052    0.042140143
   13.464298638    0.052588658    0.041056023
   13.492644529    0.060088945    0.039993839
   13.520990421    0.067807108    0.038947861
   13.549336313    0.075718316    0.037915014
   13.577682205    0.083734353    0.036895028
   13.606028097    0.091713066    0.035890009
   13.634373989    0.099489497    0.034903510
   13.662719881    0.106917619    0.033939299
   13.691065772    0.113907429    0.033000093
   13.719411664    0.120443247    0.032086561
   13.747757556    0.126575102    0.031196825
   13.776103448    0.132384148    0.030326579
   13.804449340    0.137932289    0.029469816
   13.832795232    0.143212431    0.028620006
   13.861141124    0.148116956    0.027771451
   13.889487016    0.152437396    0.026920527
   13.917832907    0.155899116    0.026066519
   13.946178799    0.158223778    0.025211889
   13.974524691    0.159202779    0.024361914
   14.002870583    0.158759978    0.023523796
   14.031216475    0.156983462    0.022705478
   14.059562367    0.154113980    0.021914421
   14.087908259    0.150489830    0.021156636
   14.116254150    0.146461114    0.020436168
   14.144600042    0.142296430    0.019755107
   14.172945934    0.138109096    0.019114087
   14.201291826    0.133826345    0.018513091
   14.229637718    0.129214206    0.017952333
   14.257983610    0.123955708    0.017432969
   14.286329502    0.117764634    0.016957440
   14.314675394    0.110505725    0.016529371
   14.343021285    0.102288233    0.016153049
   14.371367177    0.093504636    0.015832626
   14.399713069    0.084799051    0.015571249
   14.428058961    0.076967407    0.015370345
   14.456404853    0.070809129    0.015229223
   14.484750745    0.066963362    0.015145078
   14.513096637    0.065767915    0.015113386
   14.541442529    0.067174798    0.015128543
   14.569788420    0.070743254    0.015184604
   14.598134312    0.075713018    0.015275893
   14.626480204    0.081141574    0.015397368
   14.654826096    0.086074416    0.015544648
   14.683171988    0.089710261    0.015713750
   14.711517880    0.091525522    0.015900614
   14.739863772    0.091333250    0.016100620
   14.768209663    0.089268216    0.016308216
   14.796555555    0.085707483    0.016516820
   14.824901447    0.081150261    0.016719018
   14.853247339    0.076088545    0.016907046
   14.881593231    0.070899509    0.017073420
   14.909939123    0.065782478    0.017211587
   14.938285015    0.060750112    0.017316425
   14.966630907    0.055669037    0.017384499
   14.994976798    0.050333219    0.017414022
   15.023322690    0.044547001    0.017404578
   15.051668582    0.038194915    0.017356707
   15.080014474    0.031281670    0.017271514
   15.108360366    0.023935766    0.017150427
   15.136706258    0.016380872    0.016995216
   15.165052150    0.008887540    0.016808290
   15.193398041    0.001721678    0.016593219
   15.221743933   -0.004895017    0.016355345
   15.250089825   -0.010803061    0.016102324
   15.278435717   -0.015899846    0.015844430
   15.306781609   -0.020116771    0.015594494
   15.335127501   -0.023389690    0.015367417
   15.363473393   -0.025634700    0.015179298
   15.391819285   -0.026738483    0.015046273
   15.420165176   -0.026566836    0.014983238
   15.448511068   -0.024988546    0.015002637
   15.476856960   -0.021906571    0.015113499
   15.505202852   -0.017286141    0.015320838
   15.533548744   -0.011170559    0.015625501
   15.561894636   -0.003679697    0.016024434
   15.590240528    0.005008050    0.016511300
   15.618586420    0.014684126    0.017077331
   15.646932311    0.025138891    0.017712259
   15.675278203    0.036181647    0.018405196
   15.703624095    0.047644870    0.019145338
   15.731969987    0.059371294    0.019922428
   15.760315879    0.071188359    0.020726960
   15.788661771    0.082879230    0.021550132
   15.817007663    0.094161421    0.022383636
   15.845353554    0.104682466    0.023219355
   15.873699446    0.114037468    0.024049090
   15.902045338    0.121806976    0.024864388
   15.930391230    0.127607481    0.025656547
   15.958737122    0.131142621    0.026416820
   15.987083014    0.132242305    0.027136806
   16.015428906    0.130879732    0.027808942
   16.043774798    0.127161894    0.028427041
   16.072120689    0.121296175    0.028986726
   16.100466581    0.113541935    0.029485695
   16.128812473    0.104159901    0.029923736
   16.157158365    0.093372488    0.030302487
   16.185504257    0.081344861    0.030624980
   16.213850149    0.068190536    0.030895077
   16.242196041    0.053998268    0.031116920
   16.270541932    0.038870958    0.031294539
   16.298887824    0.022963927    0.031431725
   16.327233716    0.006510163    0.031532204
   16.355579608   -0.010176056    0.031600094
   16.383925500   -0.026719589    0.031640533
   16.412271392   -0.042724431    0.031660307
   16.440617284   -0.057823183    0.031668301
   16.468963176   -0.071723193    0.031675592
   16.497309067   -0.084237331    0.031695094
   16.525654959   -0.095291627    0.031740725
   16.554000851   -0.104908319    0.031826215
   16.582346743   -0.113169573    0.031963704
   16.610692635   -0.120172344    0.032162392
   16.639038527   -0.125987058    0.032427469
   16.667384419   -0.130631472    0.032759517
   16.695730311   -0.134066483    0.033154493
   16.724076202   -0.136214311    0.033604287
   16.752422094   -0.136992919    0.034097732
   16.780767986   -0.136355861    0.034621883
   16.809113878   -0.134325136    0.035163317
   16.837459770   -0.131006644    0.035709236
   16.865805662   -0.126582921    0.036248219
   16.894151554   -0.121284601    0.036770543
   16.922497445   -0.115348574    0.037268093
   16.950843337   -0.108975247    0.037733970
   16.979189229   -0.102298267    0.038161957
   17.007535121   -0.095377212    0.038545992
   17.035881013   -0.088217563    0.038879796
   17.064226905   -0.080814494    0.039156730
   17.092572797   -0.073209544    0.039369892
   17.120918689   -0.065544264    0.039512413
   17.149264580   -0.058093883    0.039577861
   17.177610472   -0.051267551    0.039560667
   17.205956364   -0.045569050    0.039456479
   17.234302256   -0.041521501    0.039262405
   17.262648148   -0.039569170    0.038977111
   17.290994040   -0.039976558    0.038600807
   17.319339932   -0.042747730    0.038135141
   17.347685823   -0.047586258    0.037583036
   17.376031715   -0.053908644    0.036948499
   17.404377607   -0.060913100    0.036236416
   17.432723499   -0.067693561    0.035452340
   17.461069391   -0.073378505    0.034602263
   17.489415283   -0.077267962    0.033692395
   17.517761175   -0.078941623    0.032728966
   17.546107067   -0.078316342    0.031718067
   17.574452958   -0.075641629    0.030665591
   17.602798850   -0.071434531    0.029577264
   17.631144742   -0.066367981    0.028458785
   17.659490634   -0.061136162    0.027316032
   17.687836526   -0.056324821    0.026155288
   17.716182418   -0.052312606    0.024983401
   17.744528310   -0.049221984    0.023807821
   17.772874202   -0.046926877    0.022636461
   17.801220093   -0.045111427    0.021477393
   17.829565985   -0.043363325    0.020338407
   17.857911877   -0.041278268    0.019226530
   17.886257769   -0.038550990    0.018147606
   17.914603661   -0.035032889    0.017106016
   17.942949553   -0.030745440    0.016104616
   17.971295445   -0.025849872    0.015144871
   17.999641336   -0.020584304    0.014227154
   18.027987228   -0.015186966    0.013351081
   18.056333120   -0.009826602    0.012515793
   18.084679012   -0.004558179    0.011720073
   18.113024904    0.000685521    0.010962248
   18.141370796    0.006065842    0.010239920
   18.169716688    0.011782996    0.009549591
   18.198062580    0.018009965    0.008886348
   18.226408471    0.024834454    0.008243732
   18.254754363    0.032225160    0.007613933
   18.283100255    0.040031601    0.006988325
   18.311446147    0.048017305    0.006358325
   18.339792039    0.055916826    0.005716411
   18.368137931    0.063500434    0.005057125
   18.396483823    0.070628199    0.004377841
   18.424829714    0.077278136    0.003679128
   18.453175606    0.083540329    0.002964613
   18.481521498    0.089578509    0.002240377
   18.509867390    0.095569763    0.001513993
   18.538213282    0.101639398    0.000793412
   18.566559174    0.107809546    0.000085933
   18.594905066    0.113976549   -0.000602551
   18.623250958    0.119924184   -0.001267899
   18.651596849    0.125369776   -0.001907620
   18.679942741    0.130030766   -0.002520433
   18.708288633    0.133693201   -0.003105608
   18.736634525    0.136262579   -0.003662308
   18.764980417    0.137782030   -0.004189087
   18.793326309    0.138411778   -0.004683666
   18.821672201    0.138374861   -0.005143006
   18.850018093    0.137884098   -0.005563630
   18.878363984    0.137071501   -0.005942067
   18.906709876    0.135941727   -0.006275289
   18.935055768    0.134365527   -0.006561014
   18.963401660    0.132118598   -0.006797811
   18.991747552    0.128958698   -0.006985026
   19.020093444    0.124722435   -0.007122583
   19.048439336    0.119416205   -0.007210770
   19.076785227    0.113275248   -0.007250112
   19.105131119    0.106771250   -0.007241395
   19.133477011    0.100560854   -0.007185844
   19.161822903    0.095382079   -0.007085410
   19.190168795    0.091919096   -0.006943062
   19.218514687    0.090664818   -0.006762962
   19.246860579    0.091812628   -0.006550463
   19.275206471    0.095202899   -0.006311881
   19.303552362    0.100337803   -0.006054082
   19.331898254    0.106462371   -0.005783985
   19.360244146    0.112694531   -0.005508103
   19.388590038    0.118175747   -0.005232242
   19.416935930    0.122209651   -0.004961425
   19.445281822    0.124359549   -0.004700046
   19.473627714    0.124486113   -0.004452194
   19.501973605    0.122721095   -0.004221989
   19.530319497    0.119387946   -0.004013832
   19.558665389    0.114892019   -0.003832409
   19.587011281    0.109608833   -0.003682433
   19.615357173    0.103797389   -0.003568148
   19.643703065    0.097557522   -0.003492704
   19.672048957    0.090837938   -0.003457576
   19.700394849    0.083488364   -0.003462196
   19.728740740    0.075338390   -0.003503901
   19.757086632    0.066279928   -0.003578244
   19.785432524    0.056330736   -0.003679591
   19.813778416    0.045662905   -0.003801844
   19.842124308    0.034590392   -0.003939095
   19.870470200    0.023520838   -0.004086012
   19.898816092    0.012886023   -0.004237845
   19.927161984    0.003070064   -0.004390027
   19.955507875   -0.005646170   -0.004537492
   19.983853767   -0.013111410   -0.004673907
   20.012199659   -0.019296776   -0.004791076
   20.040545551   -0.024259896   -0.004878746
   20.068891443   -0.028092634   -0.004924965
   20.097237335   -0.030868188   -0.004916996
   20.125583227   -0.032602401   -0.004842674
   20.153929118   -0.033239056   -0.004691924
   20.182275010   -0.032661649   -0.004458153
   20.210620902   -0.030726534   -0.004139207
   20.238966794   -0.027306790   -0.003737675
   20.267312686   -0.022333918   -0.003260481
   20.295658578   -0.015826084   -0.002717848
   20.324004470   -0.007896342   -0.002121876
   20.352350362    0.001259499   -0.001485026
   20.380696253    0.011389753   -0.000818849
   20.409042145    0.022219101   -0.000133185
   20.437388037    0.033476042    0.000564032
   20.465733929    0.044907901    0.001266423
   20.494079821    0.056280406    0.001968419
   20.522425713    0.067364355    0.002664407
   20.550771605    0.077916300    0.003348014
   20.579117496    0.087662365    0.004011774
   20.607463388    0.096293367    0.004647273
   20.635809280    0.103475906    0.005245726
   20.664155172    0.108878937    0.005798856
   20.692501064    0.112210204    0.006299826
   20.720846956    0.113253432    0.006743982
   20.749192848    0.111896322    0.007129224
   20.777538740    0.108141611    0.007455916
   20.805884631    0.102097986    0.007726386
   20.834230523    0.093953270    0.007944159
   20.862576415    0.083937301    0.008113170
   20.890922307    0.072284792    0.008237157
   20.919268199    0.059208354    0.008319437
   20.947614091    0.044888735    0.008363117
   20.975959983    0.029484047    0.008371678
   21.004305875    0.013153912    0.008349780
   21.032651766   -0.003910299    0.008304035
   21.060997658   -0.021460141    0.008243514
   21.089343550   -0.039179604    0.008179789
   21.117689442   -0.056695247    0.008126429
   21.146035334   -0.073606770    0.008097992
   21.174381226   -0.089531605    0.008108660
   21.202727118   -0.104152574    0.008170782
   21.231073009   -0.117256079    0.008293570
   21.259418901   -0.128750280    0.008482200
   21.287764793   -0.138657831    0.008737469
   21.316110685   -0.147084529    0.009056037
   21.344456577   -0.154171881    0.009431180
   21.372802469   -0.160046167    0.009853884
   21.401148361   -0.164777720    0.010314041
   21.429494253   -0.168361444    0.010801544
   21.457840144   -0.170723758    0.011307083
   21.486186036   -0.171753717    0.011822552
   21.514531928   -0.171349165    0.012341065
   21.542877820   -0.169464351    0.012856654
   21.571223712   -0.166144877    0.013363776
   21.599569604   -0.161539332    0.013856799
   21.627915496   -0.155883685    0.014329584
   21.656261387   -0.149462554    0.014775275
   21.684607279   -0.142558563    0.015186320
   21.712953171   -0.135405019    0.015554709
   21.741299063   -0.128156830    0.015872353
   21.769644955   -0.120889713    0.016131529
   21.797990847   -0.113629617    0.016325280
   21.826336739   -0.106404998    0.016447734
   21.854682631   -0.099306739    0.016494271
   21.883028522   -0.092536572    0.016461572
   21.911374414   -0.086426065    0.016347554
   21.939720306   -0.081414752    0.016151246
   21.968066198   -0.077986310    0.015872651
   21.996412090   -0.076573294    0.015512629
   22.024757982   -0.077450728    0.015072815
   22.053103874   -0.080644133    0.014555579
   22.081449766   -0.085876616    0.013964008
   22.109795657   -0.092572271    0.013301877
   22.138141549   -0.099920980    0.012573608
   22.166487441   -0.106995442    0.011784180
   22.194833333   -0.112898533    0.010939000
   22.223179225   -0.116910969    0.010043742
   22.251525117   -0.118608081    0.009104185
   22.279871009   -0.117920583    0.008126057
   22.308216900   -0.115126373    0.007114929
   22.336562792   -0.110775731    0.006076157
   22.364908684   -0.105567071    0.005014884
   22.393254576   -0.100201203    0.003936088
   22.421600468   -0.095246119    0.002844655
   22.449946360   -0.091040875    0.001745457
   22.478292252   -0.087657035    0.000643397
   22.506638144   -0.084921997   -0.000456591
   22.534984035   -0.082493888   -0.001549602
   22.563329927   -0.079966212   -0.002630879
   22.591675819   -0.076974771   -0.003695984
   22.620021711   -0.073280798   -0.004740989
   22.648367603   -0.068812057   -0.005762677
   22.676713495   -0.063655684   -0.006758719
   22.705059387   -0.058009435   -0.007727801
   22.733405278   -0.052108419   -0.008669700
   22.761751170   -0.046149703   -0.009585294
   22.790097062   -0.040236186   -0.010476504
   22.818442954   -0.034354395   -0.011346185
   22.846788846   -0.028390420   -0.012197969
   22.875134738   -0.022177088   -0.013036061
   22.903480630   -0.015556813   -0.013865024
   22.931826522   -0.008440589   -0.014689530
   22.960172413   -0.000845431   -0.015514108
   22.988518305    0.007100588   -0.016342890
   23.016864197    0.015186729   -0.017179373
   23.045210089    0.023172454   -0.018026213
   23.073555981    0.030848679   -0.018885056
   23.101901873    0.038088938   -0.019756450
   23.130247765    0.044875077   -0.020639815
   23.158593657    0.051289729   -0.021533506
   23.186939548    0.057477697   -0.022434940
   23.215285440    0.063587704   -0.023340779
   23.243631332    0.069711923   -0.024247142
   23.271977224    0.075841560   -0.025149821
   23.300323116    0.081852235   -0.026044455
   23.328669008    0.087524218   -0.026926669
   23.357014900    0.092592240   -0.027792136
   23.385360791    0.096810644   -0.028636597
   23.413706683    0.100014704   -0.029455827
   23.442052575    0.102159598   -0.030245594
   23.470398467    0.103324702   -0.031001620
   23.498744359    0.103680991   -0.031719571
   23.527090251    0.103430463   -0.032395101
   23.555436143    0.102735475   -0.033023934
   23.583782035    0.101659986   -0.033602004
   23.612127926    0.100142453   -0.034125607
   23.640473818    0.098011989   -0.034591577
   23.668819710    0.095047290   -0.034997441
   23.697165602    0.091065105   -0.035341554
   23.725511494    0.086015223   -0.035623198
   23.753857386    0.080054899   -0.035842634
   23.782203278    0.073578910   -0.036001111
   23.810549169    0.067191355   -0.036100827
   23.838895061    0.061619661   -0.036144857
   23.867240953    0.057586278   -0.036137028
   23.895586845    0.055665433   -0.036081786
   23.923932737    0.056157665   -0.035984023
   23.952278629    0.059012251   -0.035848925
   23.980624521    0.063817318   -0.035681830
   24.008970413    0.069862006   -0.035488121
   24.037316304    0.076258226   -0.035273189
   24.065662196    0.082095569   -0.035042435
   24.094008088    0.086595334   -0.034801336
   24.122353980    0.089230254   -0.034555519
   24.150699872    0.089785240   -0.034310826
   24.179045764    0.088348930   -0.034073317
   24.207391656    0.085242476   -0.033849189
   24.235737548    0.080906534   -0.033644581
   24.264083439    0.075776285   -0.033465290
   24.292429331    0.070175504   -0.033316417
   24.320775223    0.064254099   -0.033202025
   24.349121115    0.057981173   -0.033124853
   24.377467007    0.051190863   -0.033086169
   24.405812899    0.043664884   -0.033085773
   24.434158791    0.035227237   -0.033122169
   24.462504682    0.025824849   -0.033192853
   24.490850574    0.015573170   -0.033294633
   24.519196466    0.004756242   -0.033423899
   24.547542358   -0.006216637   -0.033576747
   24.575888250   -0.016884085   -0.033748908
   24.604234142   -0.026814975   -0.033935480
   24.632580034   -0.035678037   -0.034130519
   24.660925926   -0.043281592   -0.034326608
   24.689271817   -0.049575375   -0.034514539
   24.717617709   -0.054617180   -0.034683251
   24.745963601   -0.058516426   -0.034820122
   24.774309493   -0.061372273   -0.034911650
   24.802655385   -0.063224204   -0.034944464
   24.831001277   -0.064028314   -0.034906537
   24.859347169   -0.063664454   -0.034788396
   24.887693060   -0.061970301   -0.034584137
   24.916038952   -0.058791034   -0.034292031
   24.944384844   -0.054029567   -0.033914630
   24.972730736   -0.047683087   -0.033458330
   25.001076628   -0.039856566   -0.032932489
   25.029422520   -0.030751201   -0.032348260
   25.057768412   -0.020633280   -0.031717378
   25.086114304   -0.009794375   -0.031051095
   25.114460195    0.001484393   -0.030359485
   25.142806087    0.012953439   -0.029651160
   25.171151979    0.024395957   -0.028933436
   25.199497871    0.035611005   -0.028212795
   25.227843763    0.046386248   -0.027495503
   25.256189655    0.056471795   -0.026788163
   25.284535547    0.065566460   -0.026098039
   25.312881439    0.073324031   -0.025433041
   25.341227330    0.079380912   -0.024801374
   25.369573222    0.083399655   -0.024210914
   25.397919114    0.085117552   -0.023668471
   25.426265006    0.084387233   -0.023179117
   25.454610898    0.081197896   -0.022745750
   25.482956790    0.075670818   -0.022368980
   25.511302682    0.068029917   -0.022047368
   25.539648573    0.058555057   -0.021777943
   25.567994465    0.047530684   -0.021556849
   25.596340357    0.035203638   -0.021379949
   25.624686249    0.021761275   -0.021243220
   25.653032141    0.007335054   -0.021142834
   25.681378033   -0.007972739   -0.021074898
   25.709723925   -0.024048360   -0.021034925
   25.738069817   -0.040725528   -0.021017185
   25.766415708   -0.057757678   -0.021014136
   25.794761600   -0.074813655   -0.021016108
   25.823107492   -0.091500182   -0.021011395
   25.851453384   -0.107406622   -0.020986807
   25.879799276   -0.122160857   -0.020928638
   25.908145168   -0.135481510   -0.020823904
   25.936491060   -0.147212320   -0.020661663
   25.964836951   -0.157329158   -0.020434170
   25.993182843   -0.165917594   -0.020137690
   26.021528735   -0.173127090   -0.019772813
   26.049874627   -0.179114415   -0.019344237
   26.078220519   -0.183991864   -0.018860082
   26.106566411   -0.187794521   -0.018330867
   26.134912303   -0.190475308   -0.017768342
   26.163258195   -0.191928635   -0.017184381
   26.191604086   -0.192035210   -0.016590112
   26.219949978   -0.190714459   -0.015995382
   26.248295870   -0.187968759   -0.015408602
   26.276641762   -0.183906095   -0.014836924
   26.304987654   -0.178734100   -0.014286643
   26.333333546   -0.172726990   -0.013763687
   26.361679438   -0.166175187   -0.013274071
   26.390025330   -0.159332995   -0.012824190
   26.418371221   -0.152380778   -0.012420906
   26.446717113   -0.145414275   -0.012071413
   26.475063005   -0.138465816   -0.011782938
   26.503408897   -0.131552446   -0.011562330
   26.531754789   -0.124737051   -0.011415651
   26.560100681   -0.118183187   -0.011347829
   26.588446573   -0.112184152   -0.011362424
   26.616792464   -0.107152376   -0.011461553
   26.645138356   -0.103565127   -0.011645924
   26.673484248   -0.101874529   -0.011914989
   26.701830140   -0.102400621   -0.012267125
   26.730176032   -0.105232864   -0.012699841
   26.758521924   -0.110165907   -0.013209946
   26.786867816   -0.116689272   -0.013793684
   26.815213708   -0.124038990   -0.014446822
   26.843559599   -0.131304969   -0.015164717
   26.871905491   -0.137574336   -0.015942373
   26.900251383   -0.142081762   -0.016774505
   26.928597275   -0.144335055   -0.017655615
   26.956943167   -0.144189121   -0.018580086
   26.985289059   -0.141852567   -0.019542268
   27.013634951   -0.137826175   -0.020536557
   27.041980842   -0.132787652   -0.021557444
   27.070326734   -0.127448745   -0.022599537
   27.098672626   -0.122416255   -0.023657549
   27.127018518   -0.118086490   -0.024726273
   27.155364410   -0.114593806   -0.025800567
   27.183710302   -0.111820506   -0.026875345
   27.212056194   -0.109460797   -0.027945624
   27.240402086   -0.107119346   -0.029006593
   27.268747977   -0.104418182   -0.030053735
   27.297093869   -0.101085610   -0.031082960
   27.325439761   -0.097007272   -0.032090755
   27.353785653   -0.092230478   -0.033074319
   27.382131545   -0.086925522   -0.034031677
   27.410477437   -0.081318511   -0.034961763
   27.438823329   -0.075616614   -0.035864471
   27.467169221   -0.069947073   -0.036740682
   27.495515112   -0.064326077   -0.037592255
   27.523861004   -0.058664240   -0.038421999
   27.552206896   -0.052804748   -0.039233601
   27.580552788   -0.046581197   -0.040031508
   27.608898680   -0.039877110   -0.040820740
   27.637244572   -0.032669400   -0.041606640
   27.665590464   -0.025043347   -0.042394542
   27.693936355   -0.017175323   -0.043189400
   27.722282247   -0.009289064   -0.043995385
   27.750628139   -0.001598875   -0.044815524
   27.778974031    0.005743191   -0.045651412
   27.807319923    0.012680543   -0.046503055
   27.835665815    0.019255941   -0.047368873
   27.864011707    0.025585051   -0.048245858
   27.892357599    0.031807634   -0.049129879
   27.920703490    0.038030973   -0.050016075
   27.949049382    0.044282490   -0.050899269
   27.977395274    0.050485928   -0.051774344
   28.005741166    0.056468617   -0.052636508
   28.034087058    0.061998187   -0.053481428
   28.062432950    0.066838300   -0.054305218
   28.090778842    0.070807066   -0.055104310
   28.119124733    0.073820618   -0.055875255
   28.147470625    0.075908267   -0.056614524
   28.175816517    0.077193835   -0.057318355
   28.204162409    0.077847749   -0.057982697
   28.232508301    0.078023670   -0.058603277
   28.260854193    0.077798904   -0.059175767
   28.289200085    0.077138024   -0.059696032
   28.317545977    0.075893586   -0.060160403
   28.345891868    0.073847943   -0.060565942
   28.374237760    0.070788416   -0.060910640
   28.402583652    0.066597696   -0.061193538
   28.430929544    0.061335298   -0.061414756
   28.459275436    0.055286008   -0.061575448
   28.487621328    0.048957878   -0.061677704
   28.515967220    0.043024030   -0.061724421
   28.544313112    0.038216479   -0.061719167
   28.572659003    0.035192759   -0.061666056
   28.601004895    0.034404214   -0.061569639
   28.629350787    0.035995957   -0.061434803
   28.657696679    0.039762394   -0.061266694
   28.686042571    0.045170022   -0.061070647
   28.714388463    0.051444026   -0.060852132
   28.742734355    0.057700536   -0.060616717
   28.771080246    0.063096068   -0.060370060
   28.799426138    0.066962030   -0.060117906
   28.827772030    0.068896269   -0.059866094
   28.856117922    0.068794209   -0.059620548
   28.884463814    0.066816689   -0.059387223
   28.912809706    0.063306409   -0.059171986
   28.941155598    0.058676249   -0.058980430
   28.969501490    0.053298090   -0.058817613
   28.997847381    0.047418821   -0.058687768
   29.026193273    0.041121843   -0.058594024
   29.054539165    0.034339844   -0.058538195
   29.082885057    0.026911284   -0.058520681
   29.111230949    0.018662355   -0.058540510
   29.139576841    0.009490666   -0.058595523
   29.167922733   -0.000572099   -0.058682635
   29.196268624   -0.011334519   -0.058798133
   29.224614516   -0.022462088   -0.058937892
   29.252960408   -0.033530043   -0.059097468
   29.281306300   -0.044096945   -0.059271999
   29.309652192   -0.053778966   -0.059455943
   29.337998084   -0.062305703   -0.059642708
   29.366343976   -0.069544380   -0.059824295
   29.394689868   -0.075488504   -0.059991077
   29.423035759   -0.080216836   -0.060131851
   29.451381651   -0.083836184   -0.060234233
   29.479727543   -0.086425119   -0.060285417
   29.508073435   -0.087994347   -0.060273212
   29.536419327   -0.088473896   -0.060187215
   29.564765219   -0.087729192   -0.060019925
   29.593111111   -0.085599857   -0.059767586
   29.621457003   -0.081949053   -0.059430603
   29.649802894   -0.076708969   -0.059013431
   29.678148786   -0.069910035   -0.058523964
   29.706494678   -0.061686895   -0.057972524
   29.734840570   -0.052261351   -0.057370664
   29.763186462   -0.041909143   -0.056729990
   29.791532354   -0.030921749   -0.056061234
   29.819878246   -0.019575042   -0.055373730
   29.848224137   -0.008113668   -0.054675329
   29.876570029    0.003245623   -0.053972721
   29.904915921    0.014294954   -0.053272004
   29.933261813    0.024809188   -0.052579321
   29.961607705    0.034523816   -0.051901340
   29.989953597    0.043126939   -0.051245446
   30.018299489    0.050271145   -0.050619569
   30.046645381    0.055604819   -0.050031674
   30.074991272    0.058816141   -0.049489051
   30.103337164    0.059678568   -0.048997557
   30.131683056    0.058085461   -0.048561032
   30.160028948    0.054063977   -0.048180999
   30.188374840    0.047763870   -0.047856743
   30.216720732    0.039423775   -0.047585720
   30.245066624    0.029323873   -0.047364191
   30.273412515    0.017737702   -0.047187893
   30.301758407    0.004896102   -0.047052566
   30.330104299   -0.009027282   -0.046954189
   30.358450191   -0.023905846   -0.046888858
   30.386796083   -0.039629457   -0.046852337
   30.415141975   -0.056063831   -0.046839412
   30.443487867   -0.073013472   -0.046843235
   30.471833759   -0.090200958   -0.046854882
   30.500179650   -0.107270839   -0.046863272
   30.528525542   -0.123819301   -0.046855579
   30.556871434   -0.139443104   -0.046818091
   30.585217326   -0.153795405   -0.046737425
   30.613563218   -0.166633563   -0.046601873
   30.641909110   -0.177845776   -0.046402672
   30.670255002   -0.187448950   -0.046134936
   30.698600894   -0.195558071   -0.045798107
   30.726946785   -0.202335235   -0.045395859
   30.755292677   -0.207932263   -0.044935480
   30.783638569   -0.212442678   -0.044426873
   30.811984461   -0.215876184   -0.043881377
   30.840330353   -0.218162484   -0.043310626
   30.868676245   -0.219182798   -0.042725617
   30.897022137   -0.218819536   -0.042136140
   30.925368028   -0.217009227   -0.041550585
   30.953713920   -0.213782833   -0.040976103
   30.982059812   -0.209281203   -0.040419003
   31.010405704   -0.203740745   -0.039885246
   31.038751596   -0.197453298   -0.039380899
   31.067097488   -0.190712156   -0.038912431
   31.095443380   -0.183760769   -0.038486800
   31.123789272   -0.176760386   -0.038111318
   31.152135163   -0.169787718   -0.037793356
   31.180481055   -0.162864843   -0.037539947
   31.208826947   -0.156013527   -0.037357392
   31.237172839   -0.149317736   -0.037250929
   31.265518731   -0.142973975   -0.037224523
   31.293864623   -0.137310586   -0.037280778
   31.322210515   -0.132764290   -0.037420969
   31.350556406   -0.129813369   -0.037645148
   31.378902298   -0.128879141   -0.037952297
   31.407248190   -0.130217464   -0.038340477
   31.435594082   -0.133827069   -0.038806966
   31.463939974   -0.139399883   -0.039348364
   31.492285866   -0.146330240   -0.039960694
   31.520631758   -0.153786729   -0.040639481
   31.548977650   -0.160835648   -0.041379851
   31.577323541   -0.166592192   -0.042176625
   31.605669433   -0.170367961   -0.043024439
   31.634015325   -0.171783173   -0.043917835
   31.662361217   -0.170819277   -0.044851356
   31.690707109   -0.167800844   -0.045819596
   31.719053001   -0.163311517   -0.046817221
   31.747398893   -0.158063540   -0.047838966
   31.775744785   -0.152750400   -0.048879605
   31.804090676   -0.147915018   -0.049933940
   31.832436568   -0.143861141   -0.050996798
   31.860782460   -0.140624371   -0.052063062
   31.889128352   -0.138004616   -0.053127747
   31.917474244   -0.135647302   -0.054186087
   31.945820136   -0.133149969   -0.055233657
   31.974166028   -0.130166501   -0.056266479
   32.002511919   -0.126483928   -0.057281121
   32.030857811   -0.122055531   -0.058274784
   32.059203703   -0.116986376   -0.059245354
   32.087549595   -0.111479986   -0.060191460
   32.115895487   -0.105764362   -0.061112517
   32.144241379   -0.100019691   -0.062008773
   32.172587271   -0.094327941   -0.062881363
   32.200933163   -0.088657071   -0.063732342
   32.229279054   -0.082882022   -0.064564683
   32.257624946   -0.076834092   -0.065382227
   32.285970838   -0.070362532   -0.066189538
   32.314316730   -0.063389455   -0.066991670
   32.342662622   -0.055941805   -0.067793847
   32.371008514   -0.048151472   -0.068601076
   32.399354406   -0.040224210   -0.069417734
   32.427700297   -0.032387272   -0.070247191
   32.456046189   -0.024831725   -0.071091510
   32.484392081   -0.017666769   -0.071951274
   32.512737973   -0.010899603   -0.072825572
   32.541083865   -0.004446700   -0.073712121
   32.569429757    0.001827031   -0.074607524
   32.597775649    0.008053003   -0.075507601
   32.626121541    0.014304271   -0.076407738
   32.654467432    0.020557956   -0.077303199
   32.682813324    0.026686364   -0.078189358
   32.711159216    0.032479948   -0.079061817
   32.739505108    0.037695756   -0.079916422
   32.767851000    0.042117284   -0.080749190
   32.796196892    0.045607898   -0.081556190
   32.824542784    0.048141497   -0.082333423
   32.852888676    0.049800474   -0.083076731
   32.881234567    0.050740621   -0.083781790
   32.909580459    0.051132689   -0.084444165
   32.937926351    0.051097956   -0.085059449
   32.966272243    0.050658078   -0.085623444
   32.994618135    0.049716565   -0.086132378
   33.022964027    0.048081147   -0.086583098
   33.051309919    0.045524882   -0.086973242
   33.079655810    0.041872421   -0.087301359
   33.108001702    0.037089292   -0.087566975
   33.136347594    0.031349127   -0.087770601
   33.164693486    0.025057394   -0.087913708
   33.193039378    0.018819835   -0.087998658
   33.221385270    0.013357133   -0.088028608
   33.249731162    0.009381077   -0.088007404
   33.278077054    0.007458063   -0.087939449
   33.306422945    0.007890341   -0.087829570
   33.334768837    0.010642675   -0.087682892
   33.363114729    0.015332488   -0.087504723
   33.391460621    0.021287339   -0.087300466
   33.419806513    0.027658264   -0.087075575
   33.448152405    0.033564714   -0.086835554
   33.476498297    0.038239871   -0.086585986
   33.504844188    0.041145523   -0.086332585
   33.533190080    0.042033444   -0.086081227
   33.561535972    0.040943188   -0.085837940
   33.589881864    0.038141320   -0.085608819
   33.618227756    0.034020388   -0.085399842
   33.646573648    0.028984399   -0.085216613
   33.674919540    0.023349090   -0.085064049
   33.703265432    0.017279902   -0.084946057
   33.731611323    0.010779715   -0.084865274
   33.759957215    0.003725205   -0.084822914
   33.788303107   -0.004061586   -0.084818758
   33.816648999   -0.012728037   -0.084851292
   33.844994891   -0.022315860   -0.084917960
   33.873340783   -0.032715883   -0.085015456
   33.901686675   -0.043663466   -0.085139995
   33.930032567   -0.054774048   -0.085287452
   33.958378458   -0.065607785   -0.085453345
   33.986724350   -0.075745143   -0.085632624
   34.015070242   -0.084853455   -0.085819339
   34.043416134   -0.092727983   -0.086006255
   34.071762026   -0.099298740   -0.086184552
   34.100107918   -0.104604046   -0.086343739
   34.128453810   -0.108740601   -0.086471882
   34.156799701   -0.111805629   -0.086556181
   34.185145593   -0.113847764   -0.086583871
   34.213491485   -0.114839913   -0.086543339
   34.241837377   -0.114680393   -0.086425271
   34.270183269   -0.113220380   -0.086223651
   34.298529161   -0.110308457   -0.085936411
   34.326875053   -0.105838856   -0.085565622
   34.355220945   -0.099789730   -0.085117165
   34.383566836   -0.092241565   -0.084599961
   34.411912728   -0.083372147   -0.084024880
   34.440258620   -0.073431504   -0.083403564
   34.468604512   -0.062705875   -0.082747350
   34.496950404   -0.051482287   -0.082066507
   34.525296296   -0.040024322   -0.081369873
   34.553642188   -0.028565294   -0.080664925
   34.581988079   -0.017319035   -0.079958184
   34.610333971   -0.006502437   -0.079255796
   34.638679863    0.003640103   -0.078564108
   34.667025755    0.012821073   -0.077890043
   34.695371647    0.020711204   -0.077241164
   34.723717539    0.026960659   -0.076625391
   34.752063431    0.031236616   -0.076050432
   34.780409323    0.033268311   -0.075523060
   34.808755214    0.032887691   -0.075048423
   34.837101106    0.030054378   -0.074629554
   34.865446998    0.024857600   -0.074267189
   34.893792890    0.017493964   -0.073959955
   34.922138782    0.008226707   -0.073704842
   34.950484674   -0.002662751   -0.073497848
   34.978830566   -0.014917897   -0.073334607
   35.007176458   -0.028333383   -0.073210831
   35.035522349   -0.042757923   -0.073122444
   35.063868241   -0.058074127   -0.073065361
   35.092214133   -0.074162519   -0.073034986
   35.120560025   -0.090861785   -0.073025560
   35.148905917   -0.107938705   -0.073029565
   35.177251809   -0.125078639   -0.073037379
   35.205597701   -0.141901621   -0.073037345
   35.233943592   -0.158001605   -0.073016311
   35.262289484   -0.172999491   -0.072960608
   35.290635376   -0.186596105   -0.072857317
   35.318981268   -0.198610778   -0.072695626
   35.347327160   -0.208994752   -0.072468012
   35.375673052   -0.217815368   -0.072171053
   35.404018944   -0.225215067   -0.071805722
   35.432364836   -0.231356267   -0.071377112
   35.460710727   -0.236367211   -0.070893680
   35.489056619   -0.240303688   -0.070366141
   35.517402511   -0.243137047   -0.069806256
   35.545748403   -0.244771471   -0.069225707
   35.574094295   -0.245085046   -0.068635249
   35.602440187   -0.243982284   -0.068044249
   35.630786079   -0.241442346   -0.067460627
   35.659131970   -0.237548406   -0.066891128
   35.687477862   -0.232489099   -0.066341809
   35.715823754   -0.226531280   -0.065818566
   35.744169646   -0.219972030   -0.065327583
   35.772515538   -0.213084423   -0.064875575
   35.800861430   -0.206073953   -0.064469792
   35.829207322   -0.199059886   -0.064117802
   35.857553214   -0.192088668   -0.063827107
   35.885899105   -0.185176814   -0.063604699
   35.914244997   -0.178371114   -0.063456640
   35.942590889   -0.171807390   -0.063387747
   35.970936781   -0.165747477   -0.063401417
   35.999282673   -0.160578408   -0.063499604
   36.027628565   -0.156767130   -0.063682907
   36.055974457   -0.154776095   -0.063950736
   36.084320349   -0.154956748   -0.064301495
   36.112666240   -0.157445883   -0.064732759
   36.141012132   -0.162091800   -0.065241405
   36.169358024   -0.168432230   -0.065823713
   36.197703916   -0.175734988   -0.066475445
   36.226049808   -0.183097887   -0.067191913
   36.254395700   -0.189590046   -0.067968061
   36.282741592   -0.194406049   -0.068798567
   36.311087483   -0.197000276   -0.069677942
   36.339433375   -0.197172282   -0.070600641
   36.367779267   -0.195084697   -0.071561140
   36.396125159   -0.191210237   -0.072553983
   36.424471051   -0.186220357   -0.073573795
   36.452816943   -0.180841045   -0.074615264
   36.481162835   -0.175708040   -0.075673111
   36.509508727   -0.171252785   -0.076742073
   36.537854618   -0.167642124   -0.077816915
   36.566200510   -0.164781189   -0.078892481
   36.594546402   -0.162373731   -0.079963781
   36.622892294   -0.160020925   -0.081026110
   36.651238186   -0.157331829   -0.082075173
   36.679584078   -0.154017788   -0.083107192
   36.707929970   -0.149949146   -0.084118996
   36.736275861   -0.145163827   -0.085108081
   36.764621753   -0.139830474   -0.086072648
   36.792967645   -0.134180478   -0.087011637
   36.821313537   -0.128430379   -0.087924764
   36.849659429   -0.122717136   -0.088812578
   36.878005321   -0.117063591   -0.089676522
   36.906351213   -0.111381946   -0.090518994
   36.934697105   -0.105511798   -0.091343351
   36.963042996   -0.099279621   -0.092153854
   36.991388888   -0.092561015   -0.092955495
   37.019734780   -0.085327006   -0.093753723
   37.048080672   -0.077661035   -0.094554053
   37.076426564   -0.069742262   -0.095361619
   37.104772456   -0.061800848   -0.096180711
   37.133118348   -0.054058996   -0.097014373
   37.161464240   -0.046675530   -0.097864120
   37.189810131   -0.039710492   -0.098729820
   37.218156023   -0.033120159   -0.099609760
   37.246501915   -0.026783810   -0.100500870
   37.274847807   -0.020554136   -0.101399076
   37.303193699   -0.014316190   -0.102299701
   37.331539591   -0.008037173   -0.103197849
   37.359885483   -0.001791953   -0.104088706
   37.388231374    0.004243683   -0.104967732
   37.416577266    0.009830553   -0.105830702
   37.444923158    0.014723691   -0.106673655
   37.473269050    0.018733165   -0.107492751
   37.501614942    0.021769888   -0.108284121
   37.529960834    0.023862257   -0.109043740
   37.558306726    0.025137820   -0.109767372
   37.586652618    0.025774504   -0.110450601
   37.614998509    0.025935416   -0.111088947
   37.643344401    0.025706943   -0.111678048
   37.671690293    0.025060109   -0.112213872
   37.700036185    0.023849606   -0.112692922
   37.728382077    0.021854802   -0.113112425
   37.756727969    0.018855149   -0.113470459
   37.785073861    0.014721766   -0.113766044
   37.813419752    0.009500791   -0.113999168
   37.841765644    0.003464118   -0.114170789
   37.870111536   -0.002890296   -0.114282795
   37.898457428   -0.008894617   -0.114337937
   37.926803320   -0.013815926   -0.114339743
   37.955149212   -0.016989056   -0.114292404
   37.983495104   -0.017948786   -0.114200638
   38.011840996   -0.016531406   -0.114069545
   38.040186887   -0.012921668   -0.113904459
   38.068532779   -0.007633095   -0.113710828
   38.096878671   -0.001424680   -0.113494131
   38.125224563    0.004828512   -0.113259852
   38.153570455    0.010282951   -0.113013503
   38.181916347    0.014260846   -0.112760691
   38.210262239    0.016343143   -0.112507193
   38.238608131    0.016403711   -0.112258988
   38.266954022    0.014581310   -0.112022225
   38.295299914    0.011200355   -0.111803088
   38.323645806    0.006662796   -0.111607555
   38.351991698    0.001338846   -0.111441078
   38.380337590   -0.004517277   -0.111308232
   38.408683482   -0.010808291   -0.111212394
   38.437029374   -0.017585150   -0.111155525
   38.465375265   -0.024995241   -0.111138090
   38.493721157   -0.033204529   -0.111159153
   38.522067049   -0.042316281   -0.111216601
   38.550412941   -0.052308442   -0.111307448
   38.578758833   -0.063005585   -0.111428139
   38.607104725   -0.074091348   -0.111574743
   38.635450617   -0.085156347   -0.111742993
   38.663796509   -0.095767506   -0.111928127
   38.692142400   -0.105539929   -0.112124570
   38.720488292   -0.114192848   -0.112325537
   38.748834184   -0.121576518   -0.112522682
   38.777180076   -0.127665375   -0.112705924
   38.805525968   -0.132522090   -0.112863576
   38.833871860   -0.136244589   -0.112982826
   38.862217752   -0.138911918   -0.113050559
   38.890563643   -0.140544081   -0.113054439
   38.918909535   -0.141086143   -0.112984081
   38.947255427   -0.140419530   -0.112832117
   38.975601319   -0.138395757   -0.112594978
   39.003947211   -0.134881854   -0.112273226
   39.032293103   -0.129804229   -0.111871382
   39.060638995   -0.123179048   -0.111397284
   39.088984887   -0.115121821   -0.110861080
   39.117330778   -0.105835371   -0.110274064
   39.145676670   -0.095581588   -0.109647561
   39.174022562   -0.084646701   -0.108992059
   39.202368454   -0.073310895   -0.108316723
   39.230714346   -0.061830861   -0.107629332
   39.259060238   -0.050439063   -0.106936579
   39.287406130   -0.039357674   -0.106244606
   39.315752022   -0.028820137   -0.105559593
   39.344097913   -0.019090611   -0.104888201
   39.372443805   -0.010472073   -0.104237753
   39.400789697   -0.003297318   -0.103616072
   39.429135589    0.002097473   -0.103031017
   39.457481481    0.005411243   -0.102489809
   39.485827373    0.006419040   -0.101998332
   39.514173265    0.005004472   -0.101560558
   39.542519156    0.001174452   -0.101178239
   39.570865048   -0.004948256   -0.100850943
   39.599210940   -0.013153082   -0.100576404
   39.627556832   -0.023182877   -0.100351086
   39.655902724   -0.034777136   -0.100170813
   39.684248616   -0.047705537   -0.100031286
   39.712594508   -0.061782923   -0.099928350
   39.740940400   -0.076862425   -0.099857935
   39.769286291   -0.092809962   -0.099815686
   39.797632183   -0.109469102   -0.099796391
   39.825978075   -0.126628414   -0.099793367
   39.854323967   -0.144003070   -0.099798003
   39.882669859   -0.161238530   -0.099799635
   39.911015751   -0.177937784   -0.099785854
   39.939361643   -0.193706592   -0.099743261
   39.967707534   -0.208205527   -0.099658589
   39.996053426   -0.221195045   -0.099520011
   40.024399318   -0.232561154   -0.099318406
   40.052745210   -0.242314186   -0.099048377
   40.081091102   -0.250560478   -0.098708813
   40.109436994   -0.257454231   -0.098302932
   40.137782886   -0.263142499   -0.097837768
   40.166128778   -0.267718304   -0.097323251
   40.194474669   -0.271194744   -0.096771030
   40.222820561   -0.273507104   -0.096193254
   40.251166453   -0.274542030   -0.095601545
   40.279512345   -0.274185043   -0.095006279
   40.307858237   -0.272372258   -0.094416281
   40.336204129   -0.269130848   -0.093838915
   40.364550021   -0.264595907   -0.093280470
   40.392895913   -0.258998275   -0.092746713
   40.421241804   -0.252626491   -0.092243445
   40.449587696   -0.245774074   -0.091776917
   40.477933588   -0.238688126   -0.091354016
   40.506279480   -0.231535546   -0.090982185
   40.534625372   -0.224398391   -0.090669116
   40.562971264   -0.217301454   -0.090422283
   40.591317156   -0.210265131   -0.090248433
   40.619663047   -0.203368052   -0.090153132
   40.648008939   -0.196799278   -0.090140450
   40.676354831   -0.190880830   -0.090212826
   40.704700723   -0.186047891   -0.090371112
   40.733046615   -0.182784941   -0.090614759
   40.761392507   -0.181528394   -0.090942084
   40.789738399   -0.182556834   -0.091350551
   40.818084291   -0.185895711   -0.091837009
   40.846430182   -0.191262384   -0.092397862
   40.874776074   -0.198069685   -0.093029154
   40.903121966   -0.205493249   -0.093726592
   40.931467858   -0.212592812   -0.094485535
   40.959813750   -0.218464282   -0.095300989
   40.988159642   -0.222391074   -0.096167623
   41.016505534   -0.223962161   -0.097079834
   41.044851425   -0.223131126   -0.098031843
   41.073197317   -0.220203469   -0.099017819
   41.101543209   -0.215755652   -0.100031994
   41.129889101   -0.210504699   -0.101068755
   41.158234993   -0.205158042   -0.102122701
   41.186580885   -0.200276924   -0.103188646
   41.214926777   -0.196182394   -0.104261600
   41.243272669   -0.192921821   -0.105336728
   41.271618560   -0.190298854   -0.106409323
   41.299964452   -0.187954670   -0.107474802
   41.328310344   -0.185476920   -0.108528749
   41.356656236   -0.182507707   -0.109567007
   41.385002128   -0.178824321   -0.110585801
   41.413348020   -0.174375223   -0.111581900
   41.441693912   -0.169266622   -0.112552775
   41.470039804   -0.163708125   -0.113496757
   41.498385695   -0.157936169   -0.114413156
   41.526731587   -0.152138506   -0.115302339
   41.555077479   -0.146401063   -0.116165764
   41.583423371   -0.140690831   -0.117005941
   41.611769263   -0.134877388   -0.117826338
   41.640115155   -0.128784445   -0.118631220
   41.668461047   -0.122254555   -0.119425419
   41.696806938   -0.115206975   -0.120214060
   41.725152830   -0.107671433   -0.121002231
   41.753498722   -0.099788214   -0.121794648
   41.781844614   -0.091775165   -0.122595322
   41.810190506   -0.083872059   -0.123407272
   41.838536398   -0.076279305   -0.124232321
   41.866882290   -0.069109453   -0.125070984
   41.895228182   -0.062365987   -0.125922477
   41.923574073   -0.055955667   -0.126784834
   41.951919965   -0.049730652   -0.127655115
   41.980265857   -0.043547758   -0.128529667
   42.008611749   -0.037327011   -0.129404389
   42.036957641   -0.031091765   -0.130274984
   42.065303533   -0.024977990   -0.131137122
   42.093649425   -0.019209406   -0.131986547
   42.121995316   -0.014045321   -0.132819085
   42.150341208   -0.009716340   -0.133630597
   42.178687100   -0.006367036   -0.134416911
   42.207032992   -0.004023077   -0.135173740
   42.235378884   -0.002593351   -0.135896659
   42.263724776   -0.001907389   -0.136581120
   42.292070668   -0.001777630   -0.137222544
   42.320416560   -0.002067984   -0.137816455
   42.348762451   -0.002747164   -0.138358659
   42.377108343   -0.003908473   -0.138845416
   42.405454235   -0.005746476   -0.139273610
   42.433800127   -0.008493052   -0.139640879
   42.462146019   -0.012327437   -0.139945703
   42.490491911   -0.017283682   -0.140187462
   42.518837803   -0.023181766   -0.140366453
   42.547183695   -0.029604521   -0.140483893
   42.575529586   -0.035932132   -0.140541894
   42.603875478   -0.041431893   -0.140543427
   42.632221370   -0.045386644   -0.140492252
   42.660567262   -0.047234606   -0.140392820
   42.688913154   -0.046689020   -0.140250146
   42.717259046   -0.043809436   -0.140069646
   42.745604938   -0.039006907   -0.139856971
   42.773950829   -0.032980351   -0.139617848
   42.802296721   -0.026597143   -0.139357967
   42.830642613   -0.020743785   -0.139082929
   42.858988505   -0.016179094   -0.138798266
   42.887334397   -0.013421108   -0.138509517
   42.915680289   -0.012690323   -0.138222335
   42.944026181   -0.013918111   -0.137942572
   42.972372073   -0.016813683   -0.137676288
   43.000717964   -0.020969721   -0.137429654
   43.029063856   -0.025978853   -0.137208722
   43.057409748   -0.031532372   -0.137019075
   43.085755640   -0.037478856   -0.136865422
   43.114101532   -0.043831768   -0.136751194
   43.142447424   -0.050728632   -0.136678237
   43.170793316   -0.058356440   -0.136646663
   43.199139207   -0.066865581   -0.136654910
   43.227485099   -0.076296042   -0.136699986
   43.255830991   -0.086534929   -0.136777859
   43.284176883   -0.097314956   -0.136883875
   43.312522775   -0.108252240   -0.137013116
   43.340868667   -0.118911538   -0.137160578
   43.369214559   -0.128880609   -0.137321123
   43.397560451   -0.137834165   -0.137489206
   43.425906342   -0.145571935   -0.137658445
   43.454252234   -0.152023243   -0.137821169
   43.482598126   -0.157219980   -0.137968096
   43.510944018   -0.161248124   -0.138088292
   43.539289910   -0.164193032   -0.138169513
   43.567635802   -0.166094225   -0.138198943
   43.595981694   -0.166921640   -0.138164268
   43.624327586   -0.166578460   -0.138054913
   43.652673477   -0.164927909   -0.137863242
   43.681019369   -0.161834834   -0.137585479
   43.709365261   -0.157209500   -0.137222180
   43.737711153   -0.151041310   -0.136778142
   43.766057045   -0.143414012   -0.136261761
   43.794402937   -0.134499934   -0.135683966
   43.822748829   -0.124537048   -0.135056924
   43.851094720   -0.113797364   -0.134392775
   43.879440612   -0.102556936   -0.133702627
   43.907786504   -0.091076313   -0.132995992
   43.936132396   -0.079596060   -0.132280706
   43.964478288   -0.068346575   -0.131563294
   43.992824180   -0.057566390   -0.130849626
   44.021170072   -0.047520181   -0.130145639
   44.049515964   -0.038507627   -0.129457898
   44.077861855   -0.030857117   -0.128793844
   44.106207747   -0.024903152   -0.128161624
   44.134553639   -0.020951687   -0.127569543
   44.162899531   -0.019241837   -0.127025273
   44.191245423   -0.019914112   -0.126535015
   44.219591315   -0.022993989   -0.126102815
   44.247937207   -0.028395596   -0.125730226
   44.276283098   -0.035944692   -0.125416368
   44.304628990   -0.045414684   -0.125158386
   44.332974882   -0.056565712   -0.124952152
   44.361320774   -0.069176036   -0.124793039
   44.389666666   -0.083057332   -0.124676521
   44.418012558   -0.098050408   -0.124598461
   44.446358450   -0.114003880   -0.124554985
   44.474704342   -0.130743665   -0.124541975
   44.503050233   -0.148044271   -0.124554334
   44.531396125   -0.165612653   -0.124585242
   44.559742017   -0.183092010   -0.124625632
   44.588087909   -0.200087109   -0.124664103
   44.616433801   -0.216206256   -0.124687382
   44.644779693   -0.231109758   -0.124681300
   44.673125585   -0.244552231   -0.124632161
   44.701471477   -0.256407166   -0.124528253
   44.729817368   -0.266666669   -0.124361212
   44.758163260   -0.275415910   -0.124126984
   44.786509152   -0.282788808   -0.123826193
   44.814855044   -0.288916794   -0.123463857
   44.843200936   -0.293884575   -0.123048518
   44.871546828   -0.297704974   -0.122590987
   44.899892720   -0.300319654   -0.122102962
   44.928238611   -0.301625180   -0.121595787
   44.956584503   -0.301516589   -0.121079585
   44.984930395   -0.299935493   -0.120562894
   45.013276287   -0.296908239   -0.120052798
   45.041622179   -0.292562393   -0.119555460
   45.069968071   -0.287116068   -0.119076858
   45.098313963   -0.280842652   -0.118623503
   45.126659855   -0.274021091   -0.118202940
   45.155005746   -0.266886688   -0.117823901
   45.183351638   -0.259597955   -0.117496065
   45.211697530   -0.252230967   -0.117229496
   45.240043422   -0.244804868   -0.117033886
   45.268389314   -0.237332755   -0.116917784
   45.296735206   -0.229883735   -0.116887969
   45.325081098   -0.222636949   -0.116949085
   45.353426989   -0.215908597   -0.117103597
   45.381772881   -0.210138558   -0.117352022
   45.410118773   -0.205833177   -0.117693352
   45.438464665   -0.203472533   -0.118125541
   45.466810557   -0.203401110   -0.118645938
   45.495156449   -0.205727283   -0.119251569
   45.523502341   -0.210257475   -0.119939243
   45.551848233   -0.216484681   -0.120705482
   45.580194124   -0.223639610   -0.121546370
   45.608540016   -0.230798438   -0.122457379
   45.636885908   -0.237027662   -0.123433264
   45.665231800   -0.241537088   -0.124468085
   45.693577692   -0.243809015   -0.125555349
   45.721923584   -0.243676172   -0.126688262
   45.750269476   -0.241331900   -0.127860002
   45.778615368   -0.237270983   -0.129063967
   45.806961259   -0.232174850   -0.130293932
   45.835307151   -0.226766961   -0.131544072
   45.863653043   -0.221670183   -0.132808896
   45.891998935   -0.217296443   -0.134083098
   45.920344827   -0.213790493   -0.135361419
   45.948690719   -0.211036276   -0.136638556
   45.977036611   -0.208719596   -0.137909181
   46.005382502   -0.206428088   -0.139168077
   46.033728394   -0.203761966   -0.140410349
   46.062074286   -0.200428266   -0.141631686
   46.090420178   -0.196297300   -0.142828592
   46.118766070   -0.191410938   -0.143998545
   46.147111962   -0.185945261   -0.145140047
   46.175457854   -0.180141622   -0.146252577
   46.203803746   -0.174227422   -0.147336474
   46.232149637   -0.168349138   -0.148392814
   46.260495529   -0.162535419   -0.149423319
   46.288841421   -0.156698733   -0.150430345
   46.317187313   -0.150672931   -0.151416937
   46.345533205   -0.144274111   -0.152386922
   46.373879097   -0.137366112   -0.153344970
   46.402224989   -0.129911290   -0.154296550
   46.430570880   -0.121991972   -0.155247720
   46.458916772   -0.113796759   -0.156204722
   46.487262664   -0.105576037   -0.157173418
   46.515608556   -0.097579887   -0.158158637
   46.543954448   -0.089996524   -0.159163541
   46.572300340   -0.082909153   -0.160189155
   46.600646232   -0.076283804   -0.161234147
   46.628992124   -0.069991794   -0.162294934
   46.657338015   -0.063860523   -0.163366102
   46.685683907   -0.057738104   -0.164441053
   46.714029799   -0.051553237   -0.165512780
   46.742375691   -0.045352817   -0.166574581
   46.770721583   -0.039305947   -0.167620605
   46.799067475   -0.033672429   -0.168646100
   46.827413367   -0.028743926   -0.169647357
   46.855759259   -0.024773973   -0.170621385
   46.884105150   -0.021916548   -0.171565423
   46.912451042   -0.020190918   -0.172476448
   46.940796934   -0.019483383   -0.173350792
   46.969142826   -0.019586257   -0.174184005
   46.997488718   -0.020263648   -0.174970984
   47.025834610   -0.021325461   -0.175706354
   47.054180502   -0.022687806   -0.176384992
   47.082526393   -0.024400787   -0.177002593
   47.110872285   -0.026632916   -0.177556124
   47.139218177   -0.029613086   -0.178044084
   47.167564069   -0.033543144   -0.178466526
   47.195909961   -0.038503245   -0.178824858
   47.224255853   -0.044375947   -0.179121515
   47.252601745   -0.050811951   -0.179359587
   47.280947637   -0.057251245   -0.179542542
   47.309293528   -0.063000108   -0.179674074
   47.337639420   -0.067350414   -0.179758138
   47.365985312   -0.069716399   -0.179799098
   47.394331204   -0.069758470   -0.179801938
   47.422677096   -0.067465386   -0.179772415
   47.451022988   -0.063174848   -0.179717081
   47.479368880   -0.057526239   -0.179643138
   47.507714771   -0.051354701   -0.179558135
   47.536060663   -0.045549039   -0.179469591
   47.564406555   -0.040904045   -0.179384636
   47.592752447   -0.037998583   -0.179309788
   47.621098339   -0.037124258   -0.179250933
   47.649444231   -0.038277183   -0.179213522
   47.677790123   -0.041210463   -0.179202904
   47.706136015   -0.045531183   -0.179224703
   47.734481906   -0.050816154   -0.179285041
   47.762827798   -0.056717791   -0.179390498
   47.791173690   -0.063035601   -0.179547696
   47.819519582   -0.069738681   -0.179762527
   47.847865474   -0.076937622   -0.180039115
   47.876211366   -0.084816960   -0.180378719
   47.904557258   -0.093548614   -0.180778801
   47.932903150   -0.103210397   -0.181232503
   47.961249041   -0.113731042   -0.181728698
   47.989594933   -0.124875186   -0.182252666
   48.017940825   -0.136270722   -0.182787330
   48.046286717   -0.147469814   -0.183314856
   48.074632609   -0.158026591   -0.183818343
   48.102978501   -0.167571059   -0.184283302
   48.131324393   -0.175860823   -0.184698692
   48.159670284   -0.182798948   -0.185057333
   48.188016176   -0.188415759   -0.185355702
   48.216362068   -0.192821935   -0.185593217
   48.244707960   -0.196147357   -0.185771217
   48.273053852   -0.198483115   -0.185891902
   48.301399744   -0.199842230   -0.185957479
   48.329745636   -0.200148770   -0.185969670
   48.358091528   -0.199256907   -0.185929655
   48.386437419   -0.196993353   -0.185838381
   48.414783311   -0.193210697   -0.185697095
   48.443129203   -0.187836971   -0.185507896
   48.471475095   -0.180908612   -0.185274137
   48.499820987   -0.172579186   -0.185000534
   48.528166879   -0.163103259   -0.184692959
   48.556512771   -0.152801453   -0.184357973
   48.584858662   -0.142017385   -0.184002232
   48.613204554   -0.131078560   -0.183631931
   48.641550446   -0.120271198   -0.183252423
   48.669896338   -0.109834192   -0.182868103
   48.698242230   -0.099971444   -0.182482547
   48.726588122   -0.090876348   -0.182098841
   48.754934014   -0.082758844   -0.181719938
   48.783279906   -0.075864990   -0.181348922
   48.811625797   -0.070481476   -0.180989054
   48.839971689   -0.066922081   -0.180643555
   48.868317581   -0.065498336   -0.180315187
   48.896663473   -0.066481139   -0.180005721
   48.925009365   -0.070062496   -0.179715473
   48.953355257   -0.076326394   -0.179443037
   48.981701149   -0.085235143   -0.179185322
   49.010047041   -0.096633380   -0.178937892
   49.038392932   -0.110267406   -0.178695539
   49.066738824   -0.125814049   -0.178452922
   49.095084716   -0.142911667   -0.178205111
   49.123430608   -0.161186559   -0.177947860
   49.151776500   -0.180270554   -0.177677547
   49.180122392   -0.199809018   -0.177390782
   49.208468284   -0.219461771   -0.177083841
   49.236814175   -0.238901443   -0.176752089
   49.265160067   -0.257814042   -0.176389653
   49.293505959   -0.275904929   -0.175989506
   49.321851851   -0.292910629   -0.175544056
   49.350197743   -0.308613955   -0.175046198
   49.378543635   -0.322857771   -0.174490649
   49.406889527   -0.335552220   -0.173875300
   49.435235419   -0.346671615   -0.173202281
   49.463581310   -0.356240063   -0.172478464
   49.491927202   -0.364308395   -0.171715257
   49.520273094   -0.370928016   -0.170927672
   49.548618986   -0.376128782   -0.170132816
   49.576964878   -0.379907431   -0.169348071
   49.605310770   -0.382230407   -0.168589312
   49.633656662   -0.383050920   -0.167869477
   49.662002553   -0.382335762   -0.167197735
   49.690348445   -0.380094276   -0.166579343
   49.718694337   -0.376400735   -0.166016147
   49.747040229   -0.371402911   -0.165507530
   49.775386121   -0.365313352   -0.165051544
   49.803732013   -0.358384931   -0.164645929
   49.832077905   -0.350877132   -0.164288815
   49.860423797   -0.343022768   -0.163978973
   49.888769688   -0.335005369   -0.163715638
   49.917115580   -0.326954941   -0.163498030
   49.945461472   -0.318964651   -0.163324771
   49.973807364   -0.311124659   -0.163193406
   50.002153256   -0.303563428   -0.163100188
   50.030499148   -0.296483250   -0.163040199
   50.058845040   -0.290176569   -0.163007762
   50.087190932   -0.285013417   -0.162997030
   50.115536823   -0.281397118   -0.163002565
   50.143882715   -0.279693861   -0.163019743
   50.172228607   -0.280149580   -0.163044887
   50.200574499   -0.282812772   -0.163075076
   50.228920391   -0.287482766   -0.163107736
   50.257266283   -0.293699079   -0.163140131
   50.285612175   -0.300779436   -0.163168931
   50.313958066   -0.307903506   -0.163190018
   50.342303958   -0.314228909   -0.163198581
   50.370649850   -0.319018025   -0.163189507
   50.398995742   -0.321750661   -0.163157946
   50.427341634   -0.322199672   -0.163099889
   50.455687526   -0.320453880   -0.163012583
   50.484033418   -0.316883526   -0.162894647
   50.512379310   -0.312055599   -0.162745850
   50.540725201   -0.306616908   -0.162566599
   50.569071093   -0.301169349   -0.162357284
   50.597416985   -0.296162892   -0.162117695
   50.625762877   -0.291827284   -0.161846678
   50.654108769   -0.288154322   -0.161542174
   50.682454661   -0.284931092   -0.161201652
   50.710800553   -0.281813364   -0.160822840
   50.739146444   -0.278420047   -0.160404535
   50.767492336   -0.274426021   -0.159947257
   50.795838228   -0.269632431   -0.159453494
   50.824184120   -0.264000131   -0.158927412
   50.852530012   -0.257641550   -0.158373995
   50.880875904   -0.250776507   -0.157797777
   50.909221796   -0.243665907   -0.157201424
   50.937567688   -0.236541815   -0.156584515
   50.965913579   -0.229552211   -0.155942834
   50.994259471   -0.222733974   -0.155268422
   51.022605363   -0.216019647   -0.154550438
   51.050951255   -0.209274422   -0.153776739
   51.079297147   -0.202351923   -0.152935864
   51.107643039   -0.195152635   -0.152019059
   51.135988931   -0.187668491   -0.151021896
   51.164334823   -0.180001087   -0.149945153
   51.192680714   -0.172348317   -0.148794764
   51.221026606   -0.164962827   -0.147580821
   51.249372498   -0.158093512   -0.146315848
   51.277718390   -0.151926126   -0.145012688
   51.306064282   -0.146539761   -0.143682420
   51.334410174   -0.141892148   -0.142332727
   51.362756066   -0.137839392   -0.140966985
   51.391101957   -0.134186623   -0.139584216
   51.419447849   -0.130757487   -0.138179826
   51.447793741   -0.127464565   -0.136746905
   51.476139633   -0.124361342   -0.135277763
   51.504485525   -0.121659725   -0.133765336
   51.532831417   -0.119704786   -0.132204192
   51.561177309   -0.118908572   -0.130590955
   51.589523201   -0.119655122   -0.128924142
   51.617869092   -0.122196820   -0.127203539
   51.646214984   -0.126565738   -0.125429346
   51.674560876   -0.132521828   -0.123601356
   51.702906768   -0.139552785   -0.121718393
   51.731252660   -0.146929683   -0.119778152
   51.759598552   -0.153810376   -0.117777477
   51.787944444   -0.159371999   -0.115712960
   51.816290335   -0.162947004   -0.113581711
   51.844636227   -0.164135832   -0.111382085
   51.872982119   -0.162873757   -0.109114182
   51.901328011   -0.159438802   -0.106780006
   51.929673903   -0.154399728   -0.104383274
   51.958019795   -0.148515379   -0.101928932
   51.986365687   -0.142606199   -0.099422540
   52.014711579   -0.137423671   -0.096869663
   52.043057470   -0.133542638   -0.094275444
   52.071403362   -0.131295344   -0.091644426
   52.099749254   -0.130756227   -0.088980642
   52.128095146   -0.131775223   -0.086287914
   52.156441038   -0.134047404   -0.083570251
   52.184786930   -0.137200175   -0.080832195
   52.213132822   -0.140877462   -0.078079033
   52.241478714   -0.144803327   -0.075316774
   52.269824605   -0.148814204   -0.072551923
   52.298170497   -0.152857608   -0.069791078
   52.326516389   -0.156963376   -0.067040462
   52.354862281   -0.161199392   -0.064305498
   52.383208173   -0.165625913   -0.061590503
   52.411554065   -0.170260950   -0.058898552
   52.439899957   -0.175064383   -0.056231517
   52.468245848   -0.179942152   -0.053590213
   52.496591740   -0.184765858   -0.050974590
   52.524937632   -0.189399087   -0.048383887
   52.553283524   -0.193720648   -0.045816682
   52.581629416   -0.197636940   -0.043270834
   52.609975308   -0.201079899   -0.040743321
   52.638321200   -0.203992148   -0.038230041
   52.666667092   -0.206305387   -0.035725650
   52.695012983   -0.207920457   -0.033223500
   52.723358875   -0.208697135   -0.030715721
   52.751704767   -0.208458808   -0.028193471
   52.780050659   -0.207012553   -0.025647301
   52.808396551   -0.204180314   -0.023067600
   52.836742443   -0.199833266   -0.020445038
   52.865088335   -0.193920143   -0.017770955
   52.893434226   -0.186481800   -0.015037645
   52.921780118   -0.177648054   -0.012238528
   52.950126010   -0.167617865   -0.009368236
   52.978471902   -0.156628685   -0.006422629
   53.006817794   -0.144923868   -0.003398794
   53.035163686   -0.132727508   -0.000295051
   53.063509578   -0.120233730    0.002889025
   53.091855470   -0.107612990    0.006152581
   53.120201361   -0.095032613    0.009493494
   53.148547253   -0.082684164    0.012908426
   53.176893145   -0.070807754    0.016392976
   53.205239037   -0.059703714    0.019941910
   53.233584929   -0.049725320    0.023549445
   53.261930821   -0.041251464    0.027209563
   53.290276713   -0.034643924    0.030916274
   53.318622605   -0.030198527    0.034663793
   53.346968496   -0.028101710    0.038446602
   53.375314388   -0.028403013    0.042259389
   53.403660280   -0.031010224    0.046096908
   53.432006172   -0.035708118    0.049953811
   53.460352064   -0.042195762    0.053824519
   53.488697956   -0.050132737    0.057703191
   53.517043848   -0.059182694    0.061583820
   53.545389739   -0.069044002    0.065460449
   53.573735631   -0.079461378    0.069327462
   53.602081523   -0.090218158    0.073179891
   53.630427415   -0.101114614    0.077013657
   53.658773307   -0.111941717    0.080825692
   53.687119199   -0.122460894    0.084613915
   53.715465091   -0.132398187    0.088377077
   53.743810983   -0.141456563    0.092114536
   53.772156874   -0.149344171    0.095826034
   53.800502766   -0.155810996    0.099511577
   53.828848658   -0.160683202    0.103171449
   53.857194550   -0.163884482    0.106806409
   53.885540442   -0.165437077    0.110418012
   53.913886334   -0.165440845    0.114008977
   53.942232226   -0.164035211    0.117583481
   53.970578117   -0.161354140    0.121147266
   53.998924009   -0.157486797    0.124707461
   54.027269901   -0.152455390    0.128272090
   54.055615793   -0.146217098    0.131849301
   54.083961685   -0.138690142    0.135446420
   54.112307577   -0.129796853    0.139068996
   54.140653469   -0.119511248    0.142720004
   54.168999361   -0.107896615    0.146399382
   54.197345252   -0.095120894    0.150103993
   54.225691144   -0.081443542    0.153828045
   54.254037036   -0.067175732    0.157563913
   54.282382928   -0.052623768    0.161303206
   54.310728820   -0.038031213    0.165037900
   54.339074712   -0.023536686    0.168761337
   54.367420604   -0.009160908    0.172468911
   54.395766496    0.005171006    0.176158329
   54.424112387    0.019575747    0.179829449
   54.452458279    0.034139726    0.183483730
   54.480804171    0.048848308    0.187123461
   54.509150063    0.063537384    0.190750921
   54.537495955    0.077884059    0.194367659
   54.565841847    0.091444059    0.197974027
   54.594187739    0.103731658    0.201569041
   54.622533630    0.114326305    0.205150561
   54.650879522    0.122981936    0.208715720
   54.679225414    0.129712315    0.212261478
   54.707571306    0.134829680    0.215785147
   54.735917198    0.138923770    0.219284784
   54.764263090    0.142781654    0.222759354
   54.792608982    0.147262559    0.226208649
   54.820954874    0.153152717    0.229633019
   54.849300765    0.161030376    0.233032992
   54.877646657    0.171169350    0.236408915
   54.905992549    0.183501065    0.239760699
   54.934338441    0.197642134    0.243087763
   54.962684333    0.212980047    0.246389173
   54.991030225    0.228797106    0.249663946
   55.019376117    0.244405113    0.252911421
   55.047722008    0.259262256    0.256131608
   55.076067900    0.273049097    0.259325392
   55.104413792    0.285691059    0.262494547
   55.132759684    0.297327653    0.265641531
   55.161105576    0.308240597    0.268769129
   55.189451468    0.318761341    0.271880024
   55.217797360    0.329181365    0.274976431
   55.246143252    0.339685740    0.278059890
   55.274489143    0.350322875    0.281131315
   55.302835035    0.361013312    0.284191283
   55.331180927    0.371590540    0.287240528
   55.359526819    0.381859580    0.290280512
   55.387872711    0.391656063    0.293313913
   55.416218603    0.400890212    0.296344897
   55.444564495    0.409565641    0.299379038
   55.472910387    0.417770560    0.302422868
   55.501256278    0.425646540    0.305483080
   55.529602170    0.433345541    0.308565542
   55.557948062    0.440988129    0.311674277
   55.586293954    0.448634294    0.314810644
   55.614639846    0.456273863    0.317972893
   55.642985738    0.463837485    0.321156204
   55.671331630    0.471223377    0.324353244
   55.699677521    0.478331031    0.327555155
   55.728023413    0.485091791    0.330752799
   55.756369305    0.491487901    0.333938051
   55.784715197    0.497555452    0.337104901
   55.813061089    0.503371588    0.340250177
   55.841406981    0.509030743    0.343373787
   55.869752873    0.514617476    0.346478460
   55.898098765    0.520183948    0.349569076
   55.926444656    0.525738210    0.352651746
   55.954790548    0.531245992    0.355732832
   55.983136440    0.536644616    0.358818097
   56.011482332    0.541864292    0.361912129
   56.039828224    0.546850163    0.365018101
   56.068174116    0.551578675    0.368137852
   56.096520008    0.556063850    0.371272208
   56.124865900    0.560352179    0.374421425
   56.153211791    0.564508280    0.377585612
   56.181557683    0.568595962    0.380765036
   56.209903575    0.572660488    0.383960251
   56.238249467    0.576717137    0.387172042
   56.266595359    0.580749107    0.390401244
   56.294941251    0.584714905    0.393648507
   56.323287143    0.588562609    0.396914085
   56.351633034    0.592246500    0.400197716
   56.379978926    0.595741070    0.403498607
   56.408324818    0.599048436    0.406815519
   56.436670710    0.602197249    0.410146893
   56.465016602    0.605233816    0.413490962
   56.493362494    0.608208369    0.416845795
   56.521708386    0.611160727    0.420209247
   56.550054278    0.614109605    0.423578824
   56.578400169    0.617048568    0.426951505
   56.606746061    0.619949561    0.430323584
   56.635091953    0.622772688    0.433690598
   56.663437845    0.625479100    0.437047379
   56.691783737    0.628043085    0.440388258
   56.720129629    0.630459803    0.443707366
   56.748475521    0.632746546    0.446999007
   56.776821412    0.634937377    0.450258002
   56.805167304    0.637072965    0.453479954
   56.833513196    0.639188794    0.456661384
   56.861859088    0.641305297    0.459799732
   56.890204980    0.643422777    0.462893261
   56.918550872    0.645522463    0.465940923
   56.946896764    0.647573203    0.468942254
   56.975242656    0.649541615    0.471897363
   57.003588547    0.651402582    0.474807030
   57.031934439    0.653146962    0.477672909
   57.060280331    0.654784291    0.480497776
   57.088626223    0.656339835    0.483285750
   57.116972115    0.657847017    0.486042389
   57.145318007    0.659337621    0.488774635
   57.173663899    0.660832748    0.491490544
   57.202009791    0.662337202    0.494198863
   57.230355682    0.663838888    0.496908498
   57.258701574    0.665313277    0.499627974
   57.287047466    0.666731456    0.502364973
   57.315393358    0.668069280    0.505126029
   57.343739250    0.669314853    0.507916405
   57.372085142    0.670472141    0.510740130
   57.400431034    0.671559740    0.513600155
   57.428776925    0.672605272    0.516498533
   57.457122817    0.673637205    0.519436562
   57.485468709    0.674676611    0.522414835
   57.513814601    0.675731318    0.525433179
   57.542160493    0.676794178    0.528490520
   57.570506385    0.677845861    0.531584735
   57.598852277    0.678861236    0.534712555
   57.627198169    0.679817354    0.537869598
   57.655544060    0.680700583    0.541050535
   57.683889952    0.681510779    0.544249403
   57.712235844    0.682261303    0.547459987
   57.740581736    0.682974959    0.550676197
   57.768927628    0.683677177    0.553892359
   57.797273520    0.684388536    0.557103346
   57.825619412    0.685118893    0.560304535
   57.853965303    0.685864874    0.563491616
   57.882311195    0.686611380    0.566660323
   57.910657087    0.687336605    0.569806186
   57.939002979    0.688018968    0.572924392
   57.967348871    0.688643825    0.576009815
   57.995694763    0.689207958    0.579057239
   58.024040655    0.689720518    0.582061704
   58.052386547    0.690200205    0.585018915
   58.080732438    0.690669621    0.587925579
   58.109078330    0.691148543    0.590779589
   58.137424222    0.691648179    0.593579977
   58.165770114    0.692168109    0.596326665
   58.194116006    0.692696799    0.599020050
   58.222461898    0.693215457    0.601660559
   58.250807790    0.693704005    0.604248301
   58.279153682    0.694147322    0.606782929
   58.307499573    0.694539876    0.609263775
   58.335845465    0.694887356    0.611690246
   58.364191357    0.695204884    0.614062399
   58.392537249    0.695512407    0.616381527
   58.420883141    0.695828701    0.618650596
   58.449229033    0.696165839    0.620874385
   58.477574925    0.696525784    0.623059211
   58.505920816    0.696900088    0.625212269
   58.534266708    0.697272753    0.627340660
   58.562612600    0.697625304    0.629450288
   58.590958492    0.697942537    0.631544854
   58.619304384    0.698217157    0.633625151
   58.647650276    0.698451949    0.635688820
   58.675996168    0.698658861    0.637730638
   58.704342060    0.698855325    0.639743295
   58.732687951    0.699058983    0.641718507
   58.761033843    0.699282442    0.643648261
   58.789379735    0.699529629    0.645525952
   58.817725627    0.699794831    0.647347206
   58.846071519    0.700064668    0.649110259
   58.874417411    0.700322334    0.650815840
   58.902763303    0.700552813    0.652466651
   58.931109194    0.700747456    0.654066564
   58.959455086    0.700906562    0.655619740
   58.987800978    0.701039216    0.657129866
   59.016146870    0.701160465    0.658599626
   59.044492762    0.701286747    0.660030522
   59.072838654    0.701430966    0.661423001
   59.101184546    0.701598708    0.662776822
   59.129530438    0.701786725    0.664091543
   59.157876329    0.701984103    0.665366974
   59.186222221    0.702175726    0.666603499
   59.214568113    0.702346951    0.667802193
   59.242914005    0.702488071    0.668964723
   59.271259897    0.702597222    0.670093103
   59.299605789    0.702680882    0.671189363
   59.327951681    0.702751845    0.672255248
   59.356297573    0.702825318    0.673292021
   59.384643464    0.702914347    0.674300403
   59.412989356    0.703025946    0.675280674
   59.441335248    0.703159105    0.676232869
   59.469681140    0.703305234    0.677157028
   59.498027032    0.703450884    0.678053403
   59.526372924    0.703581898    0.678922595
   59.554718816    0.703687729    0.679765557
   59.583064707    0.703764604    0.680583506
   59.611410599    0.703816624    0.681377754
   59.639756491    0.703854465    0.682149513
   59.668102383    0.703892119    0.682899752
   59.696448275    0.703942670    0.683629115
   59.724794167    0.704014379    0.684337937
   59.753140059    0.704108272    0.685026346
   59.781485951    0.704217926    0.685694408
   59.809831842    0.704331501    0.686342277
   59.838177734    0.704435388    0.686970303
   59.866523626    0.704518359    0.687579080
   59.894869518    0.704574952    0.688169407
   59.923215410    0.704607104    0.688742192
   59.951561302    0.704623526    0.689298328
   59.979907194    0.704637041    0.689838573
   60.008253085    0.704660698    0.690363474
   60.036598977    0.704703852    0.690873352
   60.064944869    0.704769371    0.691368347
   60.093290761    0.704852830    0.691848517
   60.121636653    0.704943910    0.692313941
   60.149982545    0.705029573    0.692764821
   60.178328437    0.705098037    0.693201528
   60.206674329    0.705142354    0.693624601
   60.235020220    0.705162513    0.694034695
   60.263366112    0.705165421    0.694432485
   60.291712004    0.705162798    0.694818581
   60.320057896    0.705167616    0.695193451
   60.348403788    0.705190170    0.695557389
   60.376749680    0.705234973    0.695910538
   60.405095572    0.705299415    0.696252944
   60.433441464    0.705374589    0.696584641
   60.461787355    0.705448027    0.696905734
   60.490133247    0.705507511    0.697216449
   60.518479139    0.705544804    0.697517151
   60.546825031    0.705558164    0.697808313
   60.575170923    0.705552870    0.698090459
   60.603516815    0.705539617    0.698364083
   60.631862707    0.705531249    0.698629588
   60.660208598    0.705538855    0.698887243
   60.688554490    0.705568385    0.699137185
   60.716900382    0.705618847    0.699379451
   60.745246274    0.705682624    0.699614044
   60.773592166    0.705747814    0.699841000
   60.801938058    0.705801879    0.700060442
   60.830283950    0.705835495    0.700272607
   60.858629842    0.705845416    0.700477832
   60.886975733    0.705835470    0.700676522
   60.915321625    0.705815398    0.700869078
   60.943667517    0.705797870    0.701055846
   60.972013409    0.705794601    0.701237070
   61.000359301    0.705812763    0.701412878
   61.028705193    0.705852779    0.701583299
   61.057051085    0.705908202    0.701748315
   61.085396976    0.705967699    0.701907910
   61.113742868    0.706018540    0.702062131
   61.142088760    0.706050526    0.702211115
   61.170434652    0.706059130    0.702355098
   61.198780544    0.706046906    0.702494383
   61.227126436    0.706022701    0.702629300
   61.255472328    0.705998940    0.702760143
   61.283818220    0.705987792    0.702887133
   61.312164111    0.705997421    0.703010390
   61.340510003    0.706029471    0.703129941
   61.368855895    0.706078556    0.703245749
   61.397201787    0.706133931    0.703357766
   61.425547679    0.706182817    0.703465980
   61.453893571    0.706214354    0.703570454
   61.482239463    0.706222964    0.703671339
   61.510585355    0.706210076    0.703768864
   61.538931246    0.706183687    0.703863293
   61.567277138    0.706155884    0.703954883
   61.595623030    0.706139102    0.704043833
   61.623968922    0.706142278    0.704130259
   61.652314814    0.706168083    0.704214188
   61.680660706    0.706212111    0.704295574
   61.709006598    0.706264248    0.704374347
   61.737352489    0.706311822    0.704450453
   61.765698381    0.706343532    0.704523898
   61.794044273    0.706352956    0.704594769
   61.822390165    0.706340534    0.704663232
   61.850736057    0.706313421    0.704729502
   61.879081949    0.706283255    0.704793801
   61.907427841    0.706262543    0.704856316
   61.935773733    0.706260777    0.704917160
   61.964119624    0.706281499    0.704976361
   61.992465516    0.706321224    0.705033874
   62.020811408    0.706370537    0.705089615
   62.049157300    0.706417039    0.705143500
   62.077503192    0.706449202    0.705195493
   62.105849084    0.706459946    0.705245633
   62.134194976    0.706448820    0.705294034
   62.162540867    0.706422118    0.705340871
   62.190886759    0.706390905    0.705386340
   62.219232651    0.706367561    0.705430615
   62.247578543    0.706361940    0.705473811
   62.275924435    0.706378327    0.705515962
   62.304270327    0.706414133    0.705557027
   62.332616219    0.706460732    0.705596913
   62.360962111    0.706506170    0.705635520
   62.389308002    0.706538885    0.705672781
   62.417653894    0.706551292    0.705708693
   62.445999786    0.706542113    0.705743333
   62.474345678    0.706516735    0.705776842
   62.502691570    0.706485509    0.705809394
   62.531037462    0.706460509    0.705841155
   62.559383354    0.706451788    0.705872241
   62.587729246    0.706464279    0.705902695
   62.616075137    0.706496298    0.705932481
   62.644421029    0.706540115    0.705961507
   62.672766921    0.706584383    0.705989662
   62.701112813    0.706617672    0.706016854
   62.729458705    0.706632007    0.706043053
   62.757804597    0.706625310    0.706068303
   62.786150489    0.706601992    0.706092716
   62.814496380    0.706571553    0.706116449
   62.842842272    0.706545603    0.706139661
   62.871188164    0.706534270    0.706162470
   62.899534056    0.706543078    0.706184928
   62.927879948    0.706571290    0.706207008
   62.956225840    0.706612175    0.706228622
   62.984571732    0.706655140    0.706249652
   63.012917624    0.706689018    0.706269992
   63.041263515    0.706705519    0.706289588
   63.069609407    0.706701753    0.706308457
   63.097955299    0.706681080    0.706326690
   63.126301191    0.706652022    0.706344426
   63.154647083    0.706625604    0.706361818
   63.182992975    0.706611938    0.706378987
   63.211338867    0.706617131    0.706395993
   63.239684758    0.706641440    0.706412821
   63.268030650    0.706679241    0.706429388
   63.296376542    0.706720807    0.706445575
   63.324722434    0.706755323    0.706461267
   63.353068326    0.706774214    0.706476391
   63.381414218    0.706773752    0.706490943
   63.409760110    0.706756161    0.706504994
   63.438106002    0.706728889    0.706518667
   63.466451893    0.706702286    0.706532109
   63.494797785    0.706686414    0.706545444
   63.523143677    0.706687973    0.706558740
   63.551489569    0.706708276    0.706571994
   63.579835461    0.706742889    0.706585130
   63.608181353    0.706783028    0.706598033
   63.636527245    0.706818272    0.706610581
   63.664873137    0.706839760    0.706622688
   63.693219028    0.706842881    0.706634331
   63.721564920    0.706828657    0.706645563
   63.749910812    0.706803396    0.706656495
   63.778256704    0.706776735    0.706667264
   63.806602596    0.706758683    0.706677997
   63.834948488    0.706756565    0.706688770
   63.863294380    0.706772805    0.706699592
   63.891640271    0.706804212    0.706710398
   63.919986163    0.706842979    0.706721076
   63.948332055    0.706879079    0.706731503
   63.976677947    0.706903336    0.706741582
   64.005023839    0.706910213    0.706751275
   64.033369731    0.706899488    0.706760618
   64.061715623    0.706876306    0.706769706
   64.090061515    0.706849596    0.706778672
   64.118407406    0.706829339    0.706787641
   64.146753298    0.706823528    0.706796700
   64.175099190    0.706835732    0.706805866
   64.203445082    0.706864017    0.706815088
   64.231790974    0.706901538    0.706824261
   64.260136866    0.706938633    0.706833261
   64.288482758    0.706965768    0.706841983
   64.316828649    0.706976450    0.706850377
   64.345174541    0.706969205    0.706858461
   64.373520433    0.706948037    0.706866317
   64.401866325    0.706921209    0.706874070
   64.430212217    0.706898724    0.706881846
   64.458558109    0.706889273    0.706889737
   64.486904001    0.706897575    0.706897774
   64.515249893    0.706922920    0.706905918
   64.543595784    0.706959376    0.706914072
   64.571941676    0.706997582    0.706922114
   64.600287568    0.707027612    0.706929934
   64.628633460    0.707042010    0.706937468
   64.656979352    0.707038089    0.706944719
   64.685325244    0.707018773    0.706951758
   64.713671136    0.706991732    0.706958698
   64.742017028    0.706967042    0.706965665
   64.770362919    0.706954104    0.706972760
   64.798708811    0.706958748    0.706980024
   64.827054703    0.706981418    0.706987430
   64.855400595    0.707017004    0.706994894
   64.883746487    0.707056384    0.707002294
   64.912092379    0.707089214    0.707009518
   64.940438271    0.707107106    0.707016489
   64.968784162    0.707106237    0.707023197
   64.997130054    0.707088558    0.707029696
   65.025475946    0.707061229    0.707036094
   65.053821838    0.707034440    0.707042514
   65.082167730    0.707018281    0.707049063
   65.110513622    0.707019614    0.707055793
   65.138859514    0.707039924    0.707062693
   65.167205406    0.707074817    0.707069687
   65.195551297    0.707115347    0.707076660
   65.223897189    0.707150753    0.707083493
   65.252243081    0.707171795    0.707090101
   65.280588973    0.707173632    0.707096459
   65.308934865    0.707157365    0.707102607
   65.337280757    0.707129733    0.707108645
   65.365626649    0.707101059    0.707114693
   65.393972540    0.707082059    0.707120864
   65.422318432    0.707080505    0.707127224
   65.450664324    0.707098781    0.707133773
   65.479010216    0.707133098    0.707140446
   65.507356108    0.707174639    0.707147134
   65.535702000    0.707212275    0.707153714
   65.564047892    0.707236025    0.707160092
   65.592393784    0.707240186    0.707166229
   65.620739675    0.707225143    0.707172153
   65.649085567    0.707197289    0.707177952
   65.677431459    0.707167061    0.707183747
   65.705777351    0.707145696    0.707189656
   65.734123243    0.707141719    0.707195754
   65.762469135    0.707158254    0.707202057
   65.790815027    0.707192018    0.707208509
   65.819160919    0.707234311    0.707215007
   65.847506810    0.707273718    0.707221426
   65.875852702    0.707299675    0.707227662
   65.904198594    0.707305789    0.707233664
   65.932544486    0.707291862    0.707239447
   65.960890378    0.707263983    0.707245090
   65.989236270    0.707232642    0.707250712
   66.017582162    0.707209453    0.707256435
   66.045928053    0.707203513    0.707262347
   66.074273945    0.707218531    0.707268474
   66.102619837    0.707251647    0.707274773
   66.130965729    0.707294311    0.707281144
   66.159311621    0.707334950    0.707287462
   66.187657513    0.707362599    0.707293615
   66.216003405    0.707370353    0.707299538
   66.244349297    0.707357541    0.707305235
   66.272695188    0.707329952    0.707310777
   66.301041080    0.707298028    0.707316280
   66.329386972    0.707273582    0.707321871
   66.357732864    0.707266089    0.707327647
   66.386078756    0.707279705    0.707333647
   66.414424648    0.707311954    0.707339837
   66.442770540    0.707354505    0.707346123
   66.471116431    0.707395794    0.707352379
   66.499462323    0.707424655    0.707358485
   66.527808215    0.707433832    0.707364367
   66.556154107    0.707422260    0.707370015
   66.584499999    0.707395387    0.707375492
   66.612845891    0.707363463    0.707380914
   66.641191783    0.707338303    0.707386409
   66.669537675    0.707329578    0.707392085
   66.697883566    0.707341778    0.707397990
   66.726229458    0.707372819    0.707404102
   66.754575350    0.707414707    0.707410330
   66.782921242    0.707456071    0.707416549
   66.811267134    0.707485741    0.707422631
   66.839613026    0.707496251    0.707428493
   66.867958918    0.707486168    0.707434116
   66.896304810    0.707460519    0.707439555
   66.924650701    0.707429185    0.707444921
   66.952996593    0.707403785    0.707450348
   66.981342485    0.707394023    0.707455948
   67.009688377    0.707404662    0.707461782
   67.038034269    0.707434056    0.707467835
   67.066380161    0.707474704    0.707474022
   67.094726053    0.707515625    0.707480217
   67.123071944    0.707545821    0.707486290
   67.151417836    0.707557710    0.707492147
   67.179763728    0.707549477    0.707497761
   67.208109620    0.707525598    0.707503178
   67.236455512    0.707495402    0.707508508
   67.264801404    0.707470122    0.707513885
   67.293147296    0.707459377    0.707519429
   67.321493188    0.707468185    0.707525207
   67.349839079    0.707495438    0.707531213
   67.378184971    0.707534293    0.707537369
   67.406530863    0.707574354    0.707543549
   67.434876755    0.707604935    0.707549620
   67.463222647    0.707618384    0.707555480
   67.491568539    0.707612436    0.707561095
   67.519914431    0.707590867    0.707566504
   67.548260322    0.707562265    0.707571813
   67.576606214    0.707537324    0.707577155
   67.604952106    0.707525505    0.707582655
   67.633297998    0.707532118    0.707588389
   67.661643890    0.707556720    0.707594356
   67.689989782    0.707593308    0.707600485
   67.718335674    0.707632232    0.707606653
   67.746681566    0.707663208    0.707612725
   67.775027457    0.707678509    0.707618593
   67.803373349    0.707675314    0.707624217
   67.831719241    0.707656533    0.707629628
   67.860065133    0.707629850    0.707634926
   67.888411025    0.707605308    0.707640245
   67.916756917    0.707592195    0.707645712
   67.945102809    0.707596195    0.707651408
   67.973448701    0.707617681    0.707657340
   68.001794592    0.707651651    0.707663444
   68.030140484    0.707689319    0.707669601
   68.058486376    0.707720846    0.707675674
   68.086832268    0.707738364    0.707681554
   68.115178160    0.707738367    0.707687192
   68.143524052    0.707722741    0.707692613
   68.171869944    0.707698139    0.707697911
   68.200215835    0.707673901    0.707703216
   68.228561727    0.707659180    0.707708656
   68.256907619    0.707660151    0.707714318
   68.285253511    0.707678149    0.707720217
   68.313599403    0.707709307    0.707726295
   68.341945295    0.707745768    0.707732438
   68.370291187    0.707778113    0.707738513
   68.398637079    0.707798237    0.707744407
   68.426982970    0.707801806    0.707750064
   68.455328862    0.707789553    0.707755502
   68.483674754    0.707767020    0.707760807
   68.512020646    0.707742857    0.707766105
   68.540366538    0.707726167    0.707771525
   68.568712430    0.707723746    0.707777155
   68.597058322    0.707738027    0.707783020
   68.625404213    0.707766355    0.707789070
   68.653750105    0.707801808    0.707795198
   68.682095997    0.707835311    0.707801273
   68.710441889    0.707858397    0.707807182
   68.738787781    0.707865774    0.707812863
   68.767133673    0.707856931    0.707818325
   68.795479565    0.707836294    0.707823644
   68.823825457    0.707811880    0.707828941
   68.852171348    0.707792868    0.707834342
   68.880517240    0.707786806    0.707839941
   68.908863132    0.707797313    0.707845770
   68.937209024    0.707822969    0.707851789
   68.965554916    0.707857729    0.707857899
   68.993900808    0.707892748    0.707863975
   69.022246700    0.707919060    0.707869901
   69.050592592    0.707930319    0.707875610
   69.078938483    0.707924741    0.707881101
   69.107284375    0.707905686    0.707886440
   69.135630267    0.707880657    0.707891739
   69.163976159    0.707859039    0.707897124
   69.192322051    0.707849239    0.707902691
   69.220667943    0.707856104    0.707908481
   69.249013835    0.707879403    0.707914465
   69.277359726    0.707913854    0.707920556
   69.305705618    0.707950699    0.707926632
   69.334051510    0.707980360    0.707932579
   69.362397402    0.707995385    0.707938320
   69.390743294    0.707992758    0.707943844
   69.419089186    0.707974880    0.707949207
   69.447435078    0.707948889    0.707954511
   69.475780970    0.707924506    0.707959879
   69.504126861    0.707911060    0.707965412
   69.532472753    0.707914598    0.707971161
   69.560818645    0.707935969    0.707977108
   69.589164537    0.707970500    0.707983178
   69.617510429    0.708009377    0.707989256
   69.645856321    0.708042332    0.707995225
   69.674202213    0.708060816    0.708001002
   69.702548104    0.708060686    0.708006565
   69.730893996    0.708043547    0.708011954
   69.759239888    0.708016329    0.708017264
   69.787585780    0.707989190    0.708022614
   69.815931672    0.707972387    0.708028111
   69.844277564    0.707973069    0.708033815
   69.872623456    0.707993001    0.708039723
   69.900969348    0.708027945    0.708045772
   69.929315239    0.708068906    0.708051853
   69.957661131    0.708104897    0.708057848
   69.986007023    0.708126361    0.708063666
   70.014352915    0.708128190    0.708069269
   70.042698807    0.708111384    0.708074686
   70.071044699    0.708082813    0.708080001
   70.099390591    0.708053125    0.708085331
   70.127736483    0.708033440    0.708090788
   70.156082374    0.708031846    0.708096445
   70.184428266    0.708050824    0.708102315
   70.212774158    0.708086393    0.708108344
   70.241120050    0.708129297    0.708114430
   70.269465942    0.708167872    0.708120455
   70.297811834    0.708191705    0.708126315
   70.326157726    0.708194933    0.708131961
   70.354503617    0.708178152    0.708137405
   70.382849509    0.708148286    0.708142723
   70.411195401    0.708116460    0.708148031
   70.439541293    0.708094519    0.708153446
   70.467887185    0.708091279    0.708159055
   70.496233077    0.708109710    0.708164885
   70.524578969    0.708145945    0.708170897
   70.552924861    0.708190444    0.708176993
   70.581270752    0.708230981    0.708183050
   70.609616644    0.708256495    0.708188956
   70.637962536    0.708260614    0.708194644
   70.666308428    0.708243705    0.708200114
   70.694654320    0.708212809    0.708205431
   70.723000212    0.708179443    0.708210712
   70.751346104    0.708155973    0.708216082
   70.779691995    0.708151692    0.708221643
   70.808037887    0.708169847    0.708227437
   70.836383779    0.708206584    0.708233435
   70.864729671    0.708252130    0.708239546
   70.893075563    0.708293880    0.708245640
   70.921421455    0.708320386    0.708251592
   70.949767347    0.708325004    0.708257321
   70.978113239    0.708308016    0.708262811
   71.006459130    0.708276566    0.708268123
   71.034805022    0.708242405    0.708273373
   71.063150914    0.708218165    0.708278696
   71.091496806    0.708213351    0.708284210
   71.119842698    0.708231311    0.708289971
   71.148188590    0.708268167    0.708295963
   71.176534482    0.708314043    0.708302093
   71.204880374    0.708356199    0.708308227
   71.233226265    0.708383080    0.708314227
   71.261572157    0.708387983    0.708319993
   71.289918049    0.708371185    0.708325499
   71.318263941    0.708339845    0.708330798
   71.346609833    0.708305720    0.708336010
   71.374955725    0.708281424    0.708341285
   71.403301617    0.708276424    0.708346753
   71.431647508    0.708294045    0.708352489
   71.459993400    0.708330434    0.708358482
   71.488339292    0.708375808    0.708364641
   71.516685184    0.708417581    0.708370821
   71.545031076    0.708444361    0.708376867
   71.573376968    0.708449557    0.708382665
   71.601722860    0.708433438    0.708388176
   71.630068752    0.708403014    0.708393451
   71.658414643    0.708369770    0.708398617
   71.686760535    0.708346010    0.708403838
   71.715106427    0.708340957    0.708409265
   71.743452319    0.708357865    0.708414985
   71.771798211    0.708393032    0.708420995
   71.800144103    0.708437029    0.708427198
   71.828489995    0.708477724    0.708433435
   71.856835886    0.708504133    0.708439531
   71.885181778    0.708509868    0.708445352
   71.913527670    0.708495111    0.708450848
   71.941873562    0.708466482    0.708456074
   71.970219454    0.708434895    0.708461171
   71.998565346    0.708412072    0.708466327
   72.026911238    0.708406855    0.708471717
   72.055257130    0.708422461    0.708477444
   72.083603021    0.708455544    0.708483508
   72.111948913    0.708497328    0.708489798
   72.140294805    0.708536425    0.708496126
   72.168640697    0.708562436    0.708502281
   72.196986589    0.708569192    0.708508102
   72.225332481    0.708556615    0.708513527
   72.253678373    0.708530658    0.708518623
   72.282024265    0.708501354    0.708523569
   72.310370156    0.708479628    0.708528608
   72.338716048    0.708473884    0.708533969
   72.367061940    0.708487429    0.708539793
   72.395407832    0.708517538    0.708546078
   72.423753724    0.708556394    0.708552664
   72.452099616    0.708593605    0.708559264
   72.480445508    0.708619458    0.708565544
   72.508791399    0.708627915    0.708571220
   72.537137291    0.708618405    0.708576162
   72.565483183    0.708595902    0.708580471
   72.593829075    0.708569288    0.708584514
   72.622174967    0.708548547    0.708588910
   72.650520859    0.708541684    0.708594465
   72.678866751    0.708552306    0.708602081
   72.707212643    0.708578606    0.708612661
   72.735558534    0.708614023    0.708627018
   72.763904426    0.708649335    0.708645825
   72.792250318    0.708675521    0.708669594
   72.820596210    0.708686503    0.708698690
   72.848942102    0.708680927    0.708733366
   72.877287994    0.708662484    0.708773805
   72.905633886    0.708638692    0.708820146
   72.933979777    0.708618549    0.708872501
   72.962325669    0.708609797    0.708930952
   72.990671561    0.708616612    0.708995537
   73.019017453    0.708638418    0.709066242
   73.047363345    0.708670147    0.709142996
   73.075709237    0.708703837    0.709225685
   73.104055129    0.708731064    0.709314181
   73.132401021    0.708745458    0.709408379
   73.160746912    0.708744572    0.709508226
   73.189092804    0.708730547    0.709613739
   73.217438696    0.708709408    0.709725004
   73.245784588    0.708689228    0.709842149
   73.274130480    0.708677708    0.709965305
   73.302476372    0.708679901    0.710094569
   73.330822264    0.708696752    0.710229969
   73.359168156    0.708724850    0.710371456
   73.387514047    0.708757477    0.710518920
   73.415859939    0.708786606    0.710672223
   73.444205831    0.708805276    0.710831240
   73.472551723    0.708809638    0.710995902
   73.500897615    0.708800084    0.711166215
   73.529243507    0.708781128    0.711342260
   73.557589399    0.708760077    0.711524169
   73.585935290    0.708744884    0.711712079
   73.614281182    0.708741803    0.711906095
   73.642627074    0.708753528    0.712106252
   73.670972966    0.708778375    0.712312508
   73.699318858    0.708810736    0.712524753
   73.727664750    0.708842704    0.712742846
   73.756010642    0.708866395    0.712966659
   73.784356534    0.708876294    0.713196118
   73.812702425    0.708870936    0.713431223
   73.841048317    0.708853413    0.713672052
   73.869394209    0.708830528    0.713918734
   73.897740101    0.708810826    0.714171409
   73.926085993    0.708802056    0.714430184
   73.954431885    0.708808818    0.714695099
   73.982777777    0.708831100    0.714966117
   74.011123668    0.708864172    0.715243132
   74.039469560    0.708899906    0.715526007
   74.067815452    0.708929166    0.715814613
   74.096161344    0.708944569    0.716108870
   74.124507236    0.708942799    0.716408775
   74.152853128    0.708925729    0.716714398
   74.181199020    0.708899998    0.717025862
   74.209544912    0.708875099    0.717343305
   74.237890803    0.708860524    0.717666836
   74.266236695    0.708862830    0.717996501
   74.294582587    0.708883512    0.718332271
   74.322928479    0.708918386    0.718674049
   74.351274371    0.708958722    0.719021702
   74.379620263    0.708993834    0.719375102
   74.407966155    0.709014364    0.719734166
   74.436312047    0.709015259    0.720098880
   74.464657938    0.708997488    0.720469306
   74.493003830    0.708967922    0.720845556
   74.521349722    0.708937348    0.721227766
   74.549695614    0.708917183    0.721616047
   74.578041506    0.708915878    0.722010452
   74.606387398    0.708936156    0.722410965
   74.634733290    0.708973973    0.722817499
   74.663079181    0.709019603    0.723229931
   74.691425073    0.709060561    0.723648131
   74.719770965    0.709085497    0.724072011
   74.748116857    0.709087853    0.724501545
   74.776462749    0.709068094    0.724936779
   74.804808641    0.709033763    0.725377817
   74.833154533    0.708997269    0.725824788
   74.861500425    0.708972051    0.726277809
   74.889846316    0.708968296    0.726736944
   74.918192208    0.708989576    0.727202192
   74.946538100    0.709031521    0.727673482
   74.974883992    0.709083000    0.728150696
   75.003229884    0.709129523    0.728633707
   75.031575776    0.709157821    0.729122414
   75.059921668    0.709160156    0.729616775
   75.088267559    0.709136968    0.730116821
   75.116613451    0.709096952    0.730622643
   75.144959343    0.709054460    0.731134366
   75.173305235    0.709025010    0.731652115
   75.201651127    0.709020287    0.732175970
   75.229997019    0.709044254    0.732705949
   75.258342911    0.709091672    0.733241997
   75.286688803    0.709149556    0.733784003
   75.315034694    0.709201199    0.734331836
   75.343380586    0.709231505    0.734885382
   75.371726478    0.709231944    0.735444578
   75.400072370    0.709203503    0.736009435
   75.428418262    0.709156606    0.736580031
   75.456764154    0.709107968    0.737156493
   75.485110046    0.709075299    0.737738956
   75.513455938    0.709071548    0.738327521
   75.541801829    0.709100539    0.738922229
   75.570147721    0.709155469    0.739523042
   75.598493613    0.709220839    0.740129856
   75.626839505    0.709277294    0.740742529
   75.655185397    0.709307856    0.741360928
   75.683531289    0.709303579    0.741984964
   75.711877181    0.709266730    0.742614625
   75.740223072    0.709210405    0.743249980
   75.768568964    0.709154566    0.743891158
   75.796914856    0.709119690    0.744538315
   75.825260748    0.709120029    0.745191580
   75.853606640    0.709158660    0.745851021
   75.881952532    0.709226027    0.746516617
   75.910298424    0.709302580    0.747188265
   75.938644316    0.709364816    0.747865806
   75.966990207    0.709392897    0.748549076
   75.995336099    0.709377434    0.749237953
   76.023681991    0.709323186    0.749932402
   76.052027883    0.709248316    0.750632483
   76.080373775    0.709179205    0.751338340
   76.108719667    0.709142243    0.752050159
   76.137065559    0.709155043    0.752768112
   76.165411450    0.709219820    0.753492299
   76.193757342    0.709321197    0.754222716
   76.222103234    0.709429414    0.754959251
   76.250449126    0.709508406    0.755701712
   76.278795018    0.709526699    0.756449885
   76.307140910    0.709468222    0.757203603
   76.335486802    0.709340009    0.757962796
   76.363832694    0.709174573    0.758727527
   76.392178585    0.709026141    0.759497975
   76.420524477    0.708961574    0.760274386
   76.448870369    0.709048197    0.761057000
   76.477216261    0.709341550    0.761845974
   76.505562153    0.709875961    0.762641320
   76.533908045    0.710660021    0.763442896
   76.562253937    0.711677657    0.764250432
   76.590599829    0.712894015    0.765063606
   76.618945720    0.714264241    0.765882147
   76.647291612    0.715742663    0.766705926
   76.675637504    0.717290136    0.767535016
   76.703983396    0.718878057    0.768369695
   76.732329288    0.720488741    0.769210389
   76.760675180    0.722112906    0.770057559
   76.789021072    0.723745750    0.770911558
   76.817366963    0.725383273    0.771772497
   76.845712855    0.727020125    0.772640151
   76.874058747    0.728649502    0.773513925
   76.902404639    0.730264782    0.774392905
   76.930750531    0.731861930    0.775275961
   76.959096423    0.733441481    0.776161902
   76.987442315    0.735009118    0.777049627
   77.015788207    0.736574438    0.777938250
   77.044134098    0.738148205    0.778827170
   77.072479990    0.739738984    0.779716073
   77.100825882    0.741350309    0.780604880
   77.129171774    0.742979380    0.781493657
   77.157517666    0.744617793    0.782382516
   77.185863558    0.746254114    0.783271534
   77.214209450    0.747877472    0.784160714
   77.242555341    0.749481032    0.785049985
   77.270901233    0.751064182    0.785939231
   77.299247125    0.752632749    0.786828349
   77.327593017    0.754197148    0.787717283
   77.355938909    0.755769068    0.788606056
   77.384284801    0.757357769    0.789494755
   77.412630693    0.758967170    0.790383502
   77.440976585    0.760594650    0.791272403
   77.469322476    0.762231935    0.792161512
   77.497668368    0.763867760    0.793050807
   77.526014260    0.765491439    0.793940192
   77.554360152    0.767096213    0.794829536
   77.582706044    0.768681312    0.795718716
   77.611051936    0.770252108    0.796607662
   77.639397828    0.771818348    0.797496384
   77.667743720    0.773391048    0.798384972
   77.696089611    0.774979050    0.799273568
   77.724435503    0.776586321    0.800162316
   77.752781395    0.778210813    0.801051312
   77.781127287    0.779845204    0.801940572
   77.809473179    0.781479259    0.802830021
   77.837819071    0.783103024    0.803719518
   77.866164963    0.784709877    0.804608899
   77.894510854    0.786298479    0.805498036
   77.922856746    0.787873077    0.806386877
   77.951202638    0.789442097    0.807275470
   77.979548530    0.791015501    0.808163947
   78.007894422    0.792601741    0.809052481
   78.036240314    0.794205246    0.809941232
   78.064586206    0.795825167    0.810830292
   78.092932098    0.797455741    0.811719652
   78.121277989    0.799088113    0.812609204
   78.149623881    0.800713036    0.813498772
   78.177969773    0.802323632    0.814388173
   78.206315665    0.803917382    0.815277275
   78.234661557    0.805496804    0.816166039
   78.263007449    0.807068625    0.817054540
   78.291353341    0.808641737    0.817942939
   78.319699232    0.810224559    0.818831434
   78.348045124    0.811822572    0.819720195
   78.376391016    0.813436752    0.820609307
   78.404736908    0.815063322    0.821498744
   78.433082800    0.816694884    0.822388369
   78.461428692    0.818322597    0.823277985
   78.489774584    0.819938746    0.824167393
   78.518120476    0.821538990    0.825056460
   78.546466367    0.823123628    0.825945160
   78.574812259    0.824697533    0.826833591
   78.603158151    0.826268768    0.827721935
   78.631504043    0.827846268    0.828610408
   78.659849935    0.829437244    0.829499185
   78.688195827    0.831045051    0.830388346
   78.716541719    0.832668139    0.831277843
   78.744887611    0.834300410    0.832167523
   78.773233502    0.835932906    0.833057168
   78.801579394    0.837556382    0.833946571
   78.829925286    0.839164038    0.834835601
   78.858271178    0.840753608    0.835724246
   78.886617070    0.842328182    0.836612621
   78.914962962    0.843895462    0.837500928
   78.943308854    0.845465614    0.838389394
   78.971654745    0.847048294    0.839278195
   79.000000637    0.848649705    0.840167401
   79.028346529    0.850270573    0.841056950
   79.056692421    0.851905694    0.841946669
   79.085038313    0.853545275    0.842836328
   79.113384205    0.855177742    0.843725714
   79.141730097    0.856793227    0.844614704
   79.170075989    0.858386706    0.845503298
   79.198421880    0.859959786    0.846391629
   79.226767772    0.861520515    0.847279914
   79.255113664    0.863081173    0.848168385
   79.283459556    0.864654627    0.849057218
   79.311805448    0.866250306    0.849946471
   79.340151340    0.867871056    0.850836066
   79.368497232    0.869511916    0.851725813
   79.396843123    0.871161301    0.852615473
   79.425189015    0.872804359    0.853504832
   79.453534907    0.874427547    0.854393772
   79.481880799    0.876023028    0.855282314
   79.510226691    0.877591470    0.856170604
   79.538572583    0.879142265    0.857058874
   79.566918475    0.880690949    0.857947364
   79.595264367    0.882254501    0.858836244
   79.623610258    0.883845931    0.859725558
   79.651956150    0.885469862    0.860615207
   79.680302042    0.887120591    0.861504984
   79.708647934    0.888783413    0.862394634
   79.736993826    0.890438932    0.863283944
   79.765339718    0.892069149    0.864172808
   79.793685610    0.893663408    0.865061265
   79.822031502    0.895222285    0.865949493
   79.850377393    0.896757999    0.866837746
   79.878723285    0.898291044    0.867726278
   79.907069177    0.899843904    0.868615256
   79.935415069    0.901433764    0.869504700
   79.963760961    0.903066539    0.870394474
   79.992106853    0.904734270    0.871284323
   80.020452745    0.906416934    0.872173953
   80.048798636    0.908088340    0.873063129
   80.077144528    0.909724437    0.873951759
   80.105490420    0.911311427    0.874839936
   80.133836312    0.912851025    0.875727929
   80.162182204    0.914360933    0.876616104
   80.190528096    0.915870059    0.877504821
   80.218873988    0.917409688    0.878394300
   80.247219880    0.919003227    0.879284520
   80.275565771    0.920657766    0.880175160
   80.303911663    0.922360369    0.881065601
   80.332257555    0.924080663    0.881954989
   80.360603447    0.925779391    0.882842342
   80.388949339    0.927420659    0.883726675
   80.417295231    0.928984247    0.884607106
   80.445641123    0.930474053    0.885482936
   80.473987014    0.931919643    0.886353671
   80.502332906    0.933369742    0.887219002
   80.530678798    0.934878897    0.888078754
   80.559024690    0.936490640    0.888932823
   80.587370582    0.938221773    0.889781121
   80.615716474    0.940052324    0.890623550
   80.644062366    0.941924389    0.891459998
   80.672408258    0.943750719    0.892290361
   80.700754149    0.945431249    0.893114575
   80.729100041    0.946873546    0.893932644
   80.757445933    0.948012031    0.894744640
   80.785791825    0.948821110    0.895550693
   80.814137717    0.949318996    0.896350948
   80.842483609    0.949561510    0.897145528
   80.870829501    0.949627815    0.897934493
   80.899175393    0.949602077    0.898717819
   80.927521284    0.949555954    0.899495406
   80.955867176    0.949536268    0.900267109
   80.984213068    0.949560534    0.901032781
   81.012558960    0.949620653    0.901792318
   81.040904852    0.949692775    0.902545693
   81.069250744    0.949749793    0.903292962
   81.097596636    0.949772470    0.904034247
   81.125942527    0.949756061    0.904769701
   81.154288419    0.949710907    0.905499455
   81.182634311    0.949657551    0.906223584
   81.210980203    0.949618585    0.906942079
   81.239326095    0.949610313    0.907654855
   81.267671987    0.949637142    0.908361774
   81.296017879    0.949690475    0.909062691
   81.324363771    0.949752264    0.909757494
   81.352709662    0.949801763    0.910446142
   81.381055554    0.949823019    0.911128675
   81.409401446    0.949810456    0.911805203
   81.437747338    0.949770682    0.912475870
   81.466093230    0.949719980    0.913140808
   81.494439122    0.949678455    0.913800104
   81.522785014    0.949662933    0.914453767
   81.551130905    0.949681080    0.915101727
   81.579476797    0.949728760    0.915743860
   81.607822689    0.949791509    0.916380022
   81.636168581    0.949849559    0.917010096
   81.664514473    0.949884679    0.917634024
   81.692860365    0.949886466    0.918251827
   81.721206257    0.949855930    0.918863597
   81.749552149    0.949805179    0.919469471
   81.777898040    0.949753310    0.920069585
   81.806243932    0.949719925    0.920664040
   81.834589824    0.949718463    0.921252864
   81.862935716    0.949751622    0.921836008
   81.891281608    0.949810408    0.922413360
   81.919627500    0.949877121    0.922984778
   81.947973392    0.949931291    0.923550133
   81.976319284    0.949956543    0.924109347
   82.004665175    0.949946112    0.924662419
   82.033011067    0.949905134    0.925209426
   82.061356959    0.949848972    0.925750496
   82.089702851    0.949798116    0.926285776
   82.118048743    0.949771375    0.926815381
   82.146394635    0.949779619    0.927339364
   82.174740527    0.949822146    0.927857697
   82.203086418    0.949886903    0.928370278
   82.231432310    0.949954452    0.928876962
   82.259778202    0.950004393    0.929377606
   82.288124094    0.950022094    0.929872108
   82.316469986    0.950003523    0.930360447
   82.344815878    0.949956573    0.930842680
   82.373161770    0.949898466    0.931318936
   82.401507662    0.949850086    0.931789370
   82.429853553    0.949829125    0.932254120
   82.458199445    0.949844285    0.932713265
   82.486545337    0.949892448    0.933166794
   82.514891229    0.949959716    0.933614614
   82.543237121    0.950025986    0.934056575
   82.571583013    0.950071526    0.934492514
   82.599928905    0.950083406    0.934922304
   82.628274796    0.950059692    0.935345900
   82.656620688    0.950010023    0.935763348
   82.684966580    0.949952430    0.936174776
   82.713312472    0.949907439    0.936580355
   82.741658364    0.949891390    0.936980249
   82.770004256    0.949911171    0.937374559
   82.798350148    0.949962038    0.937763296
   82.826696040    0.950029225    0.938146369
   82.855041931    0.950092790    0.938523616
   82.883387823    0.950134092    0.938894852
   82.911733715    0.950141799    0.939259925
   82.940079607    0.950115485    0.939618766
   82.968425499    0.950065676    0.939971412
   82.996771391    0.950010366    0.940317997
   83.025117283    0.949969161    0.940658714
   83.053463175    0.949956966    0.940993751
   83.081809066    0.949979242    0.941323237
   83.110154958    0.950030354    0.941647194
   83.138500850    0.950095489    0.941965534
   83.166846742    0.950155507    0.942278076
   83.195192634    0.950193107    0.942584610
   83.223538526    0.950198338    0.942884955
   83.251884418    0.950171689    0.943179023
   83.280230309    0.950123801    0.943466847
   83.308576201    0.950071951    0.943748573
   83.336922093    0.950034456    0.944024418
   83.365267985    0.950024840    0.944294601
   83.393613877    0.950047595    0.944559274
   83.421959769    0.950096886    0.944818471
   83.450305661    0.950158551    0.945072095
   83.478651553    0.950214707    0.945319943
   83.506997444    0.950249475    0.945561772
   83.535343336    0.950253964    0.945797373
   83.563689228    0.950228974    0.946026642
   83.592035120    0.950184586    0.946249613
   83.620381012    0.950136833    0.946466454
   83.648726904    0.950102554    0.946677414
   83.677072796    0.950094083    0.946882747
   83.705418687    0.950115450    0.947082627
   83.733764579    0.950161261    0.947277094
   83.762110471    0.950218557    0.947466031
   83.790456363    0.950271006    0.947649202
   83.818802255    0.950304069    0.947826325
   83.847148147    0.950309514    0.947997156
   83.875494039    0.950287861    0.948161579
   83.903839931    0.950248064    0.948319640
   83.932185822    0.950204555    0.948471545
   83.960531714    0.950172666    0.948617590
   83.988877606    0.950163842    0.948758075
   84.017223498    0.950182176    0.948893202
   84.045569390    0.950223279    0.949023005
   84.073915282    0.950275804    0.949147330
   84.102261174    0.950325085    0.949265879
   84.130607066    0.950357722    0.949378302
   84.158952957    0.950365686    0.949484307
   84.187298849    0.950348681    0.949583765
   84.215644741    0.950314087    0.949676758
   84.243990633    0.950274546    0.949763568
   84.272336525    0.950243993    0.949844600
   84.300682417    0.950233367    0.949920249
   84.329028309    0.950247325    0.949990773
   84.357374200    0.950282941    0.950056187
   84.385720092    0.950330735    0.950116237
   84.414065984    0.950377675    0.950170447
   84.442411876    0.950411198    0.950218253
   84.470757768    0.950423017    0.950259174
   84.499103660    0.950411560    0.950292989
   84.527449552    0.950382333    0.950319866
   84.555795444    0.950346149    0.950340410
   84.584141335    0.950315774    0.950355613
   84.612487227    0.950302049    0.950366719
   84.640833119    0.950310650    0.950375040
   84.669179011    0.950340442    0.950381759
   84.697524903    0.950383916    0.950387788
   84.725870795    0.950429513    0.950393683
   84.754216687    0.950465150    0.950399664
   84.782562578    0.950481852    0.950405689
   84.810908470    0.950476418    0.950411592
   84.839254362    0.950452331    0.950417203
   84.867600254    0.950418664    0.950422453
   84.895946146    0.950387322    0.950427404
   84.924292038    0.950369451    0.950432234
   84.952637930    0.950372106    0.950437167
   84.980983822    0.950396141    0.950442389
   85.009329713    0.950435975    0.950447979
