    0.000000000    0.445918273    0.445980530
    0.031495435    0.445969656    0.445987077
    0.062990871    0.446029994    0.445993806
    0.094486306    0.446078675    0.446000445
    0.125981742    0.446099440    0.446006752
    0.157477177    0.446086615    0.446012599
    0.188972612    0.446047329    0.446018031
    0.220468048    0.445998855    0.446023240
    0.251963483    0.445962061    0.446028501
    0.283458919    0.445953459    0.446034060
    0.314954354    0.445978873    0.446040046
    0.346449790    0.446031164    0.446046418
    0.377945225    0.446092886    0.446052978
    0.409440660    0.446142906    0.446059446
    0.440936096    0.446164450    0.446065565
    0.472431531    0.446151536    0.446071201
    0.503926967    0.446111313    0.446076390
    0.535422402    0.446061399    0.446081325
    0.566917837    0.446023203    0.446086289
    0.598413273    0.446013770    0.446091541
    0.629908708    0.446039249    0.446097217
    0.661404144    0.446092484    0.446103282
    0.692899579    0.446155681    0.446109536
    0.724395014    0.446207146    0.446115689
    0.755890450    0.446229551    0.446121471
    0.787385885    0.446216573    0.446126734
    0.818881321    0.446175370    0.446131507
    0.850376756    0.446123917    0.446135984
    0.881872191    0.446084200    0.446140454
    0.913367627    0.446073843    0.446145188
    0.944863062    0.446099350    0.446150335
    0.976358498    0.446153567    0.446155865
    1.007853933    0.446218334    0.446161574
    1.039349369    0.446271361    0.446167162
    1.070844804    0.446294718    0.446172343
    1.102340239    0.446281706    0.446176953
    1.133835675    0.446239474    0.446181011
    1.165331110    0.446186371    0.446184711
    1.196826546    0.446144999    0.446188347
    1.228321981    0.446133607    0.446192205
    1.259817416    0.446159099    0.446196445
    1.291312852    0.446214336    0.446201043
    1.322808287    0.446280776    0.446205792
    1.354303723    0.446335493    0.446210380
    1.385799158    0.446359905    0.446214500
    1.417294593    0.446346891    0.446217969
    1.448790029    0.446303576    0.446220792
    1.480285464    0.446248698    0.446223159
    1.511780900    0.446205515    0.446225372
    1.543276335    0.446192959    0.446227729
    1.574771770    0.446218380    0.446230403
    1.606267206    0.446274671    0.446233377
    1.637762641    0.446342895    0.446236439
    1.669258077    0.446399445    0.446239259
    1.700753512    0.446425025    0.446241509
    1.732248948    0.446412046    0.446242979
    1.763744383    0.446367586    0.446243656
    1.795239818    0.446310786    0.446243721
    1.826735254    0.446265612    0.446243483
    1.858230689    0.446251739    0.446243249
    1.889726125    0.446277012    0.446243207
    1.921221560    0.446334384    0.446243346
    1.952716995    0.446404506    0.446243447
    1.984212431    0.446463039    0.446243159
    2.015707866    0.446489910    0.446242121
    2.047203302    0.446477001    0.446240091
    2.078698737    0.446431320    0.446237027
    2.110194172    0.446372428    0.446233097
    2.141689608    0.446325048    0.446228607
    2.173185043    0.446309669    0.446223878
    2.204680479    0.446334697    0.446219108
    2.236175914    0.446393168    0.446214287
    2.267671349    0.446465306    0.446209187
    2.299166785    0.446525985    0.446203425
    2.330662220    0.446554278    0.446196598
    2.362157656    0.446541473    0.446188416
    2.393653091    0.446494478    0.446178795
    2.425148527    0.446433286    0.446167877
    2.456643962    0.446383440    0.446155961
    2.488139397    0.446366322    0.446143368
    2.519634833    0.446390967    0.446130306
    2.551130268    0.446450532    0.446116761
    2.582625704    0.446524795    0.446102484
    2.614121139    0.446587780    0.446087048
    2.645616574    0.446617620    0.446069987
    2.677112010    0.446604935    0.446050941
    2.708607445    0.446556490    0.446029763
    2.740102881    0.446492732    0.446006547
    2.771598316    0.446440087    0.445981564
    2.803093751    0.446420922    0.445955128
    2.834589187    0.446444986    0.445927440
    2.866084622    0.446505595    0.445898474
    2.897580058    0.446582068    0.445867938
    2.929075493    0.446647505    0.445835338
    2.960570928    0.446679004    0.445800111
    2.992066364    0.446666423    0.445761788
    3.023561799    0.446616340    0.445720115
    3.055057235    0.446549671    0.445675101
    3.086552670    0.446493801    0.445626956
    3.118048106    0.446472187    0.445575956
    3.149543541    0.446495387    0.445522275
    3.181038976    0.446556929    0.445465844
    3.212534412    0.446635653    0.445406299
    3.244029847    0.446703656    0.445343031
    3.275525283    0.446736886    0.445275323
    3.307020718    0.446724331    0.445202525
    3.338516153    0.446672327    0.445124203
    3.370011589    0.446602272    0.445040208
    3.401507024    0.446542595    0.444950625
    3.433002460    0.446517965    0.444855643
    3.464497895    0.446539862    0.444755358
    3.495993330    0.446602090    0.444649616
    3.527488766    0.446682991    0.444537920
    3.558984201    0.446753571    0.444419467
    3.590479637    0.446788489    0.444293277
    3.621975072    0.446775742    0.444158391
    3.653470507    0.446721350    0.444014052
    3.684965943    0.446647211    0.443859809
    3.716461378    0.446582890    0.443695500
    3.747956814    0.446554413    0.443521118
    3.779452249    0.446574321    0.443336608
    3.810947685    0.446636766    0.443141648
    3.842443120    0.446719579    0.442935517
    3.873938555    0.446792568    0.442717077
    3.905433991    0.446828947    0.442484882
    3.936929426    0.446815569    0.442237396
    3.968424862    0.446758050    0.441973223
    3.999920297    0.446678797    0.441691290
    4.031415732    0.446608623    0.441390903
    4.062911168    0.446575076    0.441071661
    4.094406603    0.446591919    0.440733234
    4.125902039    0.446653746    0.440375075
    4.157397474    0.446737861    0.439996131
    4.188892909    0.446812752    0.439594648
    4.220388345    0.446850000    0.439168089
    4.251883780    0.446835126    0.438713213
    4.283379216    0.446773231    0.438226253
    4.314874651    0.446687237    0.437703164
    4.346370086    0.446609327    0.437139883
    4.377865522    0.446568771    0.436532542
    4.409360957    0.446580749    0.435877627
    4.440856393    0.446640416    0.435172067
    4.472351828    0.446724538    0.434413282
    4.503847264    0.446800139    0.433599199
    4.535342699    0.446836942    0.432728248
    4.566838134    0.446818910    0.431799338
    4.598333570    0.446750488    0.430811807
    4.629829005    0.446655110    0.429765332
    4.661324441    0.446566474    0.428659809
    4.692819876    0.446515808    0.427495224
    4.724315311    0.446519948    0.426271541
    4.755810747    0.446574760    0.424988657
    4.787306182    0.446656465    0.423646442
    4.818801618    0.446730451    0.422244860
    4.850297053    0.446764307    0.420784148
    4.881792488    0.446740150    0.419264983
    4.913287924    0.446661580    0.417688577
    4.944783359    0.446552525    0.416056652
    4.976278795    0.446448357    0.414371273
    5.007774230    0.446382543    0.412634582
    5.039269665    0.446373871    0.410848498
    5.070765101    0.446419099    0.409014480
    5.102260536    0.446493899    0.407133425
    5.133755972    0.446561820    0.405205753
    5.165251407    0.446587965    0.403231629
    5.196746843    0.446552246    0.401211274
    5.228242278    0.446457160    0.399145224
    5.259737713    0.446327090    0.397034449
    5.291233149    0.446199268    0.394880262
    5.322728584    0.446109744    0.392684026
    5.354224020    0.446079626    0.390446755
    5.385719455    0.446106813    0.388168726
    5.417214890    0.446166437    0.385849279
    5.448710326    0.446219957    0.383486871
    5.480205761    0.446229560    0.381079430
    5.511701197    0.446172471    0.378624894
    5.543196632    0.446049751    0.376121796
    5.574692067    0.445886152    0.373569669
    5.606187503    0.445720974    0.370969125
    5.637682938    0.445593273    0.368321524
    5.669178374    0.445526941    0.365628299
    5.700673809    0.445521333    0.362890132
    5.732169245    0.445551062    0.360106246
    5.763664680    0.445575172    0.357274087
    5.795160115    0.445552354    0.354389580
    5.826655551    0.445456500    0.351447992
    5.858150986    0.445286738    0.348445255
    5.889646422    0.445068019    0.345379437
    5.921141857    0.444841931    0.342251969
    5.952637292    0.444651041    0.339068288
    5.984132728    0.444522623    0.335837638
    6.015628163    0.444457907    0.332572024
    6.047123599    0.444431022    0.329284491
    6.078619034    0.444398183    0.325987118
    6.110114469    0.444313805    0.322689165
    6.141609905    0.444147555    0.319395809
    6.173105340    0.443895905    0.316107720
    6.204600776    0.443583721    0.312821548
    6.236096211    0.443255106    0.309531148
    6.267591646    0.442956798    0.306229189
    6.299087082    0.442720251    0.302908753
    6.330582517    0.442549165    0.299564528
    6.362077953    0.442417276    0.296193382
    6.393573388    0.442277419    0.292794268
    6.425068824    0.442078649    0.289367622
    6.456564259    0.441785097    0.285914519
    6.488059694    0.441389469    0.282435912
    6.519555130    0.440915987    0.278932186
    6.551050565    0.440411451    0.275403143
    6.582546001    0.439927575    0.271848371
    6.614041436    0.439501062    0.268267825
    6.645536871    0.439138916    0.264662374
    6.677032307    0.438814611    0.261034105
    6.708527742    0.438476799    0.257386275
    6.740023178    0.438067535    0.253722926
    6.771518613    0.437543360    0.250048301
    6.803014048    0.436891356    0.246366275
    6.834509484    0.436134021    0.242680009
    6.866004919    0.435320884    0.238991955
    6.897500355    0.434509681    0.235304215
    6.928995790    0.433743950    0.231619148
    6.960491225    0.433035348    0.227940011
    6.991986661    0.432357449    0.224271412
    7.023482096    0.431653631    0.220619417
    7.054977532    0.430856447    0.216991230
    7.086472967    0.429911502    0.213394541
    7.117968403    0.428797025    0.209836672
    7.149463838    0.427531691    0.206323776
    7.180959273    0.426167439    0.202860241
    7.212454709    0.424769552    0.199448437
    7.243950144    0.423391059    0.196088781
    7.275445580    0.422050819    0.192780038
    7.306941015    0.420723544    0.189519669
    7.338436450    0.419345828    0.186304092
    7.369931886    0.417836430    0.183128736
    7.401427321    0.416123743    0.179987890
    7.432922757    0.414170533    0.176874434
    7.464418192    0.411986714    0.173779591
    7.495913627    0.409625038    0.170692854
    7.527409063    0.407160679    0.167602188
    7.558904498    0.404661581    0.164494515
    7.590399934    0.402160028    0.161356415
    7.621895369    0.399635812    0.158174887
    7.653390804    0.397017504    0.154938030
    7.684886240    0.394202103    0.151635520
    7.716381675    0.391086771    0.148258834
    7.747877111    0.387601862    0.144801268
    7.779372546    0.383733626    0.141257845
    7.810867982    0.379528183    0.137625219
    7.842363417    0.375074441    0.133901675
    7.873858852    0.370470722    0.130087213
    7.905354288    0.365785321    0.126183689
    7.936849723    0.361023350    0.122194883
    7.968345159    0.356110331    0.118126402
    7.999840594    0.350897659    0.113985354
    8.031336029    0.345188329    0.109779813
    8.062831465    0.338775238    0.105518181
    8.094326900    0.331481106    0.101208606
    8.125822336    0.323189385    0.096858614
    8.157317771    0.313859159    0.092475044
    8.188813206    0.303522501    0.088064301
    8.220308642    0.292268053    0.083632788
    8.251804077    0.280217950    0.079187358
    8.283299513    0.267505686    0.074735557
    8.314794948    0.254260351    0.070285542
    8.346290383    0.240598963    0.065845631
    8.377785819    0.226625063    0.061423606
    8.409281254    0.212429771    0.057025967
    8.440776690    0.198091733    0.052657394
    8.472272125    0.183674464    0.048320599
    8.503767561    0.169222437    0.044016636
    8.535262996    0.154759260    0.039745568
    8.566758431    0.140291448    0.035507262
    8.598253867    0.125819281    0.031301995
    8.629749302    0.111352861    0.027130627
    8.661244738    0.096928171    0.022994196
    8.692740173    0.082616365    0.018893017
    8.724235608    0.068520685    0.014825542
    8.755731044    0.054759291    0.010787370
    8.787226479    0.041437613    0.006770808
    8.818721915    0.028618688    0.002765248
    8.850217350    0.016302089   -0.001241585
    8.881712785    0.004420445   -0.005261739
    8.913208221   -0.007142895   -0.009304914
    8.944703656   -0.018518953   -0.013376660
    8.976199092   -0.029811822   -0.017477395
    9.007694527   -0.041065457   -0.021602508
    9.039189962   -0.052251617   -0.025743596
    9.070685398   -0.063285494   -0.029890514
    9.102180833   -0.074065856   -0.034033743
    9.133676269   -0.084526957   -0.038166472
    9.165171704   -0.094683562   -0.042285883
    9.196667140   -0.104650907   -0.046393357
    9.228162575   -0.114628678   -0.050493609
    9.259658010   -0.124850232   -0.054593066
    9.291153446   -0.135511382   -0.058697965
    9.322648881   -0.146702414   -0.062812724
    9.354144317   -0.158368797   -0.066939008
    9.385639752   -0.170318846   -0.071075668
    9.417135187   -0.182281991   -0.075219498
    9.448630623   -0.194003582   -0.079366487
    9.480126058   -0.205347359   -0.083513127
    9.511621494   -0.216370123   -0.087657360
    9.543116929   -0.227337998   -0.091798897
    9.574612364   -0.238669452   -0.095938838
    9.606107800   -0.250812765   -0.100078789
    9.637603235   -0.264088093   -0.104219801
    9.669098671   -0.278539321   -0.108361532
    9.700594106   -0.293843045   -0.112501936
    9.732089541   -0.309309562   -0.116637618
    9.763584977   -0.323986477   -0.120764757
    9.795080412   -0.336846225   -0.124880337
    9.826575848   -0.347013147   -0.128983278
    9.858071283   -0.353971734   -0.133075116
    9.889566719   -0.357699994   -0.137159959
    9.921062154   -0.358690550   -0.141243696
    9.952557589   -0.357851866   -0.145332607
    9.984053025   -0.356314489   -0.149431740
   10.015548460   -0.355192711   -0.153543473
   10.047043896   -0.355363282   -0.157666648
   10.078539331   -0.357316334   -0.161796539
   10.110034766   -0.361111829   -0.165925679
   10.141530202   -0.366444178   -0.170045384
   10.173025637   -0.372787629   -0.174147631
   10.204521073   -0.379574345   -0.178226846
   10.236016508   -0.386351755   -0.182281219
   10.267511943   -0.392876483   -0.186313250
   10.299007379   -0.399125122   -0.190329449
   10.330502814   -0.405229399   -0.194339280
   10.361998250   -0.411366330   -0.198353624
   10.393493685   -0.417645626   -0.202383131
   10.424989121   -0.424033864   -0.206436806
   10.456484556   -0.430339419   -0.210521113
   10.487979991   -0.436259633   -0.214639717
   10.519475427   -0.441469897   -0.218793808
   10.550970862   -0.445720561   -0.222982847
   10.582466298   -0.448906056   -0.227205441
   10.613961733   -0.451081455   -0.231460090
   10.645457168   -0.452420722   -0.235745586
   10.676952604   -0.453131498   -0.240061004
   10.708448039   -0.453356339   -0.244405302
   10.739943475   -0.453094887   -0.248776724
   10.771438910   -0.452174268   -0.253172205
   10.802934345   -0.450278716   -0.257586990
   10.834429781   -0.447029734   -0.262014599
   10.865925216   -0.442091752   -0.266447157
   10.897420652   -0.435270514   -0.270875995
   10.928916087   -0.426574752   -0.275292333
   10.960411522   -0.416224553   -0.279687862
   10.991906958   -0.404607569   -0.284055048
   11.023402393   -0.392200780   -0.288387089
   11.054897829   -0.379485291   -0.292677588
   11.086393264   -0.366881723   -0.296920067
   11.117888700   -0.354724417   -0.301107529
   11.149384135   -0.343277665   -0.305232256
   11.180879570   -0.332781817   -0.309285949
   11.212375006   -0.323506876   -0.313260220
   11.243870441   -0.315789355   -0.317147337
   11.275365877   -0.310035155   -0.320941030
   11.306861312   -0.306684164   -0.324637169
   11.338356747   -0.306146448   -0.328234150
   11.369852183   -0.308730131   -0.331732923
   11.401347618   -0.314583901   -0.335136708
   11.432843054   -0.323671656   -0.338450513
   11.464338489   -0.335785426   -0.341680634
   11.495833924   -0.350589526   -0.344834269
   11.527329360   -0.367678956   -0.347919330
   11.558824795   -0.386631689   -0.350944448
   11.590320231   -0.407038886   -0.353919052
   11.621815666   -0.428507322   -0.356853413
   11.653311101   -0.450640304   -0.359758505
   11.684806537   -0.473012573   -0.362645632
   11.716301972   -0.495157331   -0.365525838
   11.747797408   -0.516578645   -0.368409198
   11.779292843   -0.536791754   -0.371304142
   11.810788279   -0.555381342   -0.374216951
   11.842283714   -0.572058520   -0.377151505
   11.873779149   -0.586694964   -0.380109295
   11.905274585   -0.599318679   -0.383089635
   11.936770020   -0.610068514   -0.386089953
   11.968265456   -0.619119421   -0.389106049
   11.999760891   -0.626602052   -0.392132273
   12.031256326   -0.632544223   -0.395161619
   12.062751762   -0.636855818   -0.398185810
   12.094247197   -0.639364663   -0.401195478
   12.125742633   -0.639893043   -0.404180514
   12.157238068   -0.638349354   -0.407130603
   12.188733503   -0.634802257   -0.410035881
   12.220228939   -0.629508878   -0.412887565
   12.251724374   -0.622883188   -0.415678408
   12.283219810   -0.615411201   -0.418402845
   12.314715245   -0.607539253   -0.421056800
   12.346210680   -0.599573173   -0.423637220
   12.377706116   -0.591625310   -0.426141516
   12.409201551   -0.583632296   -0.428567092
   12.440696987   -0.575443267   -0.430911156
   12.472192422   -0.566953266   -0.433170865
   12.503687858   -0.558238153   -0.435343742
   12.535183293   -0.549642280   -0.437428216
   12.566678728   -0.541781070   -0.439424024
   12.598174164   -0.535445106   -0.441332319
   12.629669599   -0.531423130   -0.443155377
   12.661165035   -0.530289193   -0.444896000
   12.692660470   -0.532214719   -0.446556813
   12.724155905   -0.536864082   -0.448139740
   12.755651341   -0.543411946   -0.449645910
   12.787146776   -0.550687589   -0.451076080
   12.818642212   -0.557415172   -0.452431505
   12.850137647   -0.562490226   -0.453714945
   12.881633082   -0.565220334   -0.454931431
   12.913128518   -0.565466148   -0.456088396
   12.944623953   -0.563645404   -0.457194956
   12.976119389   -0.560600005   -0.458260375
   13.007614824   -0.557363663   -0.459292031
   13.039110259   -0.554894194   -0.460293407
   13.070605695   -0.553842643   -0.461262694
   13.102101130   -0.554418988   -0.462192481
   13.133596566   -0.556385032   -0.463070723
   13.165092001   -0.559168214   -0.463882824
   13.196587437   -0.562056226   -0.464614348
   13.228082872   -0.564411450   -0.465253658
   13.259578307   -0.565841897   -0.465793799
   13.291073743   -0.566281725   -0.466233131
   13.322569178   -0.565963968   -0.466574593
   13.354064614   -0.565301585   -0.466823854
   13.385560049   -0.564720198   -0.466986959
   13.417055484   -0.564498916   -0.467068202
   13.448550920   -0.564670950   -0.467068895
   13.480046355   -0.565015215   -0.466987411
   13.511541791   -0.565140445   -0.466820494
   13.543037226   -0.564633664   -0.466565442
   13.574532661   -0.563224306   -0.466222492
   13.606028097   -0.560909842   -0.465796663
   13.637523532   -0.558000064   -0.465298499
   13.669018968   -0.555061604   -0.464743430
   13.700514403   -0.552774554   -0.464149904
   13.732009838   -0.551740125   -0.463536752
   13.763505274   -0.552294256   -0.462920464
   13.795000709   -0.554382199   -0.462313041
   13.826496145   -0.557533393   -0.461720892
   13.857991580   -0.560948724   -0.461144954
   13.889487016   -0.563681403   -0.460581848
   13.920982451   -0.564866645   -0.460025672
   13.952477886   -0.563941445   -0.459469868
   13.983973322   -0.560797741   -0.458908715
   14.015468757   -0.555829410   -0.458338120
   14.046964193   -0.549861165   -0.457755670
   14.078459628   -0.543977806   -0.457160117
   14.109955063   -0.539297317   -0.456550593
   14.141450499   -0.536744348   -0.455925907
   14.172945934   -0.536878544   -0.455284151
   14.204441370   -0.539815910   -0.454622723
   14.235936805   -0.545255809   -0.453938706
   14.267432240   -0.552598420   -0.453229410
   14.298927676   -0.561115139   -0.452492899
   14.330423111   -0.570123334   -0.451728297
   14.361918547   -0.579119516   -0.450935838
   14.393413982   -0.587840114   -0.450116662
   14.424909417   -0.596241685   -0.449272487
   14.456404853   -0.604415853   -0.448405286
   14.487900288   -0.612471874   -0.447517100
   14.519395724   -0.620426537   -0.446610018
   14.550891159   -0.628135840   -0.445686342
   14.582386595   -0.635287564   -0.444748851
   14.613882030   -0.641453612   -0.443801095
   14.645377465   -0.646182185   -0.442847634
   14.676872901   -0.649098210   -0.441894184
   14.708368336   -0.649979221   -0.440947648
   14.739863772   -0.648783248   -0.440016036
   14.771359207   -0.645621676   -0.439108275
   14.802854642   -0.640688276   -0.438233892
   14.834350078   -0.634169597   -0.437402581
   14.865845513   -0.626167410   -0.436623639
   14.897340949   -0.616659213   -0.435905324
   14.928836384   -0.605509794   -0.435254221
   14.960331819   -0.592529883   -0.434674715
   14.991827255   -0.577562626   -0.434168706
   15.023322690   -0.560570019   -0.433735645
   15.054818126   -0.541692042   -0.433372870
   15.086313561   -0.521260836   -0.433076166
   15.117808996   -0.499767140   -0.432840349
   15.149304432   -0.477791512   -0.432659661
   15.180799867   -0.455923258   -0.432527804
   15.212295303   -0.434692251   -0.432437539
   15.243790738   -0.414532410   -0.432379952
   15.275286174   -0.395783058   -0.432343616
   15.306781609   -0.378720299   -0.432313982
   15.338277044   -0.363599980   -0.432273338
   15.369772480   -0.350690427   -0.432201546
   15.401267915   -0.340278043   -0.432077572
   15.432763351   -0.332640115   -0.431881605
   15.464258786   -0.327992519   -0.431597360
   15.495754221   -0.326430562   -0.431214053
   15.527249657   -0.327884936   -0.430727615
   15.558745092   -0.332110329   -0.430140834
   15.590240528   -0.338713141   -0.429462404
   15.621735963   -0.347211081   -0.428705115
   15.653231398   -0.357106149   -0.427883632
   15.684726834   -0.367947891   -0.427012376
   15.716222269   -0.379367602   -0.426103973
   15.747717705   -0.391075078   -0.425168557
   15.779213140   -0.402823568   -0.424213936
   15.810708576   -0.414360653   -0.423246419
   15.842204011   -0.425388174   -0.422271924
   15.873699446   -0.435551038   -0.421296957
   15.905194882   -0.444463700   -0.420329140
   15.936690317   -0.451768304   -0.419377134
   15.968185753   -0.457205435   -0.418450025
   15.999681188   -0.460672067   -0.417556397
   16.031176623   -0.462244246   -0.416703400
   16.062672059   -0.462153631   -0.415896103
   16.094167494   -0.460723019   -0.415137301
   16.125662930   -0.458280868   -0.414427773
   16.157158365   -0.455082722   -0.413766870
   16.188653800   -0.451265495   -0.413153164
   16.220149236   -0.446848935   -0.412584931
   16.251644671   -0.441781488   -0.412060268
   16.283140107   -0.436011371   -0.411576794
   16.314635542   -0.429554125   -0.411131024
   16.346130977   -0.422529137   -0.410717600
   16.377626413   -0.415149486   -0.410328624
   16.409121848   -0.407667899   -0.409953330
   16.440617284   -0.400299823   -0.409578244
   16.472112719   -0.393155546   -0.409187874
   16.503608155   -0.386212273   -0.408765869
   16.535103590   -0.379343649   -0.408296491
   16.566599025   -0.372402536   -0.407766179
   16.598094461   -0.365330655   -0.407164984
   16.629589896   -0.358254174   -0.406487657
   16.661085332   -0.351523745   -0.405734233
   16.692580767   -0.345672288   -0.404910007
   16.724076202   -0.341290067   -0.404024907
   16.755571638   -0.338846006   -0.403092322
   16.787067073   -0.338506574   -0.402127579
   16.818562509   -0.340010780   -0.401146294
   16.850057944   -0.342648066   -0.400162876
   16.881553379   -0.345357886   -0.399189453
   16.913048815   -0.346933688   -0.398235399
   16.944544250   -0.346281225   -0.397307523
   16.976039686   -0.342662312   -0.396410826
   17.007535121   -0.335856830   -0.395549583
   17.039030556   -0.326198097   -0.394728431
   17.070525992   -0.314472913   -0.393953126
   17.102021427   -0.301716641   -0.393230726
   17.133516863   -0.288963233   -0.392569139
   17.165012298   -0.277021172   -0.391976145
   17.196507734   -0.266335524   -0.391458184
   17.228003169   -0.256967597   -0.391019279
   17.259498604   -0.248686593   -0.390660440
   17.290994040   -0.241134047   -0.390379721
   17.322489475   -0.234002405   -0.390172927
   17.353984911   -0.227169289   -0.390034724
   17.385480346   -0.220747949   -0.389959778
   17.416975781   -0.215044845   -0.389943522
   17.448471217   -0.210446765   -0.389982277
   17.479966652   -0.207281782   -0.390072667
   17.511462088   -0.205703979   -0.390210545
   17.542957523   -0.205640220   -0.390389832
   17.574452958   -0.206813348   -0.390601755
   17.605948394   -0.208828854   -0.390834891
   17.637443829   -0.211291042   -0.391076164
   17.668939265   -0.213906797   -0.391312645
   17.700434700   -0.216542436   -0.391533704
   17.731930135   -0.219218073   -0.391732890
   17.763425571   -0.222047273   -0.391908931
   17.794921006   -0.225148718   -0.392065466
   17.826416442   -0.228564757   -0.392209459
   17.857911877   -0.232216559   -0.392348663
   17.889407313   -0.235909945   -0.392488791
   17.920902748   -0.239386068   -0.392631196
   17.952398183   -0.242394617   -0.392771736
   17.983893619   -0.244760210   -0.392901209
   18.015389054   -0.246417189   -0.393007273
   18.046884490   -0.247401952   -0.393077374
   18.078379925   -0.247809392   -0.393101873
   18.109875360   -0.247734029   -0.393076515
   18.141370796   -0.247221649   -0.393003546
   18.172866231   -0.246251786   -0.392891178
   18.204361667   -0.244757762   -0.392751544
   18.235857102   -0.242674742   -0.392597710
   18.267352537   -0.239994151   -0.392440568
   18.298847973   -0.236799700   -0.392286430
   18.330343408   -0.233267620   -0.392135942
   18.361838844   -0.229628569   -0.391984544
   18.393334279   -0.226105189   -0.391824292
   18.424829714   -0.222850525   -0.391646476
   18.456325150   -0.219913809   -0.391444340
   18.487820585   -0.217250279   -0.391215184
   18.519316021   -0.214774370   -0.390961394
   18.550811456   -0.212437330   -0.390690250
   18.582306892   -0.210298499   -0.390412704
   18.613802327   -0.208559306   -0.390141572
   18.645297762   -0.207541387   -0.389889669
   18.676793198   -0.207610966   -0.389668375
   18.708288633   -0.209073333   -0.389486904
   18.739784069   -0.212075241   -0.389352322
   18.771279504   -0.216553486   -0.389270142
   18.802774939   -0.222253455   -0.389245182
   18.834270375   -0.228816575   -0.389282343
   18.865765810   -0.235909000   -0.389387044
   18.897261246   -0.243345427   -0.389565202
   18.928756681   -0.251159360   -0.389822769
   18.960252116   -0.259586509   -0.390164979
   18.991747552   -0.268957189   -0.390595517
   19.023242987   -0.279526932   -0.391115793
   19.054738423   -0.291300319   -0.391724479
   19.086233858   -0.303911518   -0.392417387
   19.117729293   -0.316611904   -0.393187677
   19.149224729   -0.328383574   -0.394026368
   19.180720164   -0.338157201   -0.394923039
   19.212215600   -0.345076765   -0.395866644
   19.243711035   -0.348734552   -0.396846295
   19.275206471   -0.349304486   -0.397851902
   19.306701906   -0.347529831   -0.398874539
   19.338197341   -0.344564005   -0.399906454
   19.369692777   -0.341707308   -0.400940688
   19.401188212   -0.340113495   -0.401970368
   19.432683648   -0.340548360   -0.402987856
   19.464179083   -0.343265124   -0.403983990
   19.495674518   -0.348024449   -0.404947718
   19.527169954   -0.354242220   -0.405866363
   19.558665389   -0.361210723   -0.406726606
   19.590160825   -0.368320048   -0.407516119
   19.621656260   -0.375212199   -0.408225558
   19.653151695   -0.381827353   -0.408850462
   19.684647131   -0.388340346   -0.409392601
   19.716142566   -0.395022101   -0.409860365
   19.747638002   -0.402083236   -0.410268018
   19.779133437   -0.409558346   -0.410633914
   19.810628872   -0.417270268   -0.410978035
   19.842124308   -0.424881546   -0.411319412
   19.873619743   -0.432007456   -0.411673988
   19.905115179   -0.438343061   -0.412053390
   19.936610614   -0.443753382   -0.412464800
   19.968106050   -0.448291516   -0.412911807
   19.999601485   -0.452138083   -0.413395852
   20.031096920   -0.455485900   -0.413917765
   20.062592356   -0.458414953   -0.414478866
   20.094087791   -0.460806832   -0.415081329
   20.125583227   -0.462333459   -0.415727748
   20.157078662   -0.462527636   -0.416420149
   20.188574097   -0.460912749   -0.417158845
   20.220069533   -0.457147119   -0.417941615
   20.251564968   -0.451132816   -0.418763519
   20.283060404   -0.443051507   -0.419617446
   20.314555839   -0.433316182   -0.420495211
   20.346051274   -0.422457856   -0.421388810
   20.377546710   -0.410989494   -0.422291364
   20.409042145   -0.399296928   -0.423197400
   20.440537581   -0.387595787   -0.424102324
   20.472033016   -0.375968290   -0.425001266
   20.503528452   -0.364463466   -0.425887704
   20.535023887   -0.353220003   -0.426752401
   20.566519322   -0.342561554   -0.427583146
   20.598014758   -0.333023395   -0.428365524
   20.629510193   -0.325293806   -0.429084678
   20.661005629   -0.320084531   -0.429727652
   20.692501064   -0.317971135   -0.430285739
   20.723996499   -0.319256248   -0.430756200
   20.755491935   -0.323902146   -0.431142904
   20.786987370   -0.331556017   -0.431455714
   20.818482806   -0.341659714   -0.431708805
   20.849978241   -0.353607010   -0.431918403
   20.881473676   -0.366895504   -0.432100518
   20.912969112   -0.381223072   -0.432269263
   20.944464547   -0.396498985   -0.432436090
   20.975959983   -0.412770334   -0.432609983
   21.007455418   -0.430094360   -0.432798361
   21.038950853   -0.448405953   -0.433008246
   21.070446289   -0.467430507   -0.433247212
   21.101941724   -0.486675289   -0.433523754
   21.133437160   -0.505503706   -0.433846962
   21.164932595   -0.523266794   -0.434225601
   21.196428031   -0.539445649   -0.434666943
   21.227923466   -0.553754764   -0.435175723
   21.259418901   -0.566170496   -0.435753545
   21.290914337   -0.576876029   -0.436398900
   21.322409772   -0.586144232   -0.437107722
   21.353905208   -0.594202006   -0.437874268
   21.385400643   -0.601125939   -0.438692012
   21.416896078   -0.606807181   -0.439554276
   21.448391514   -0.610997730   -0.440454465
   21.479886949   -0.613420058   -0.441385939
   21.511382385   -0.613898279   -0.442341688
   21.542877820   -0.612460531   -0.443314040
   21.574373255   -0.609372127   -0.444294617
   21.605868691   -0.605084126   -0.445274617
   21.637364126   -0.600113161   -0.446245381
   21.668859562   -0.594894738   -0.447199064
   21.700354997   -0.589663835   -0.448129206
   21.731850432   -0.584409215   -0.449031028
   21.763345868   -0.578923248   -0.449901380
   21.794841303   -0.572935648   -0.450738421
   21.826336739   -0.566288618   -0.451541178
   21.857832174   -0.559093393   -0.452309196
   21.889327610   -0.551810392   -0.453042396
   21.920823045   -0.545217070   -0.453741183
   21.952318480   -0.540262267   -0.454406693
   21.983813916   -0.537842313   -0.455041000
   22.015309351   -0.538560659   -0.455647108
   22.046804787   -0.542540676   -0.456228641
   22.078300222   -0.549348009   -0.456789263
   22.109795657   -0.558048506   -0.457332038
   22.141291093   -0.567389719   -0.457858972
   22.172786528   -0.576059735   -0.458371001
   22.204281964   -0.582956816   -0.458868487
   22.235777399   -0.587402311   -0.459352154
   22.267272834   -0.589247049   -0.459824146
   22.298768270   -0.588851793   -0.460288797
   22.330263705   -0.586955852   -0.460752725
   22.361759141   -0.584475069   -0.461224031
   22.393254576   -0.582284123   -0.461710655
   22.424750011   -0.581036019   -0.462218243
   22.456245447   -0.581056129   -0.462748082
   22.487740882   -0.582325107   -0.463295715
   22.519236318   -0.584541540   -0.463850706
   22.550731753   -0.587237596   -0.464397728
   22.582227189   -0.589912775   -0.464918763
   22.613722624   -0.592152444   -0.465395877
   22.645218059   -0.593706956   -0.465813866
   22.676713495   -0.594519918   -0.466162086
   22.708208930   -0.594706946   -0.466435040
   22.739704366   -0.594496310   -0.466631667
   22.771199801   -0.594148967   -0.466753682
   22.802695236   -0.593877680   -0.466803583
   22.834190672   -0.593783707   -0.466783035
   22.865686107   -0.593825650   -0.466692187
   22.897181543   -0.593828757   -0.466530141
   22.928676978   -0.593534712   -0.466296396
   22.960172413   -0.592682494   -0.465992739
   22.991667849   -0.591101788   -0.465624888
   23.023163284   -0.588794086   -0.465203256
   23.054658720   -0.585975645   -0.464742458
   23.086154155   -0.583062566   -0.464259592
   23.117649590   -0.580591561   -0.463771706
   23.149145026   -0.579087887   -0.463293110
   23.180640461   -0.578909871   -0.462833256
   23.212135897   -0.580111706   -0.462395737
   23.243631332   -0.582367711   -0.461978594
   23.275126768   -0.584989841   -0.461575778
   23.306622203   -0.587047405   -0.461179254
   23.338117638   -0.587569369   -0.460781134
   23.369613074   -0.585783399   -0.460375241
   23.401108509   -0.581330448   -0.459957772
   23.432603945   -0.574394970   -0.459527026
   23.464099380   -0.565709847   -0.459082467
   23.495594815   -0.556427477   -0.458623566
   23.527090251   -0.547885135   -0.458148888
   23.558585686   -0.541322883   -0.457655720
   23.590081122   -0.537626623   -0.457140332
   23.621576557   -0.537162435   -0.456598694
   23.653071992   -0.539742656   -0.456027328
   23.684567428   -0.544726768   -0.455423962
   23.716062863   -0.551222254   -0.454787737
   23.747558299   -0.558323789   -0.454118952
   23.779053734   -0.565321403   -0.453418484
   23.810549169   -0.571821700   -0.452687185
   23.842044605   -0.577756005   -0.451925538
   23.873540040   -0.583285682   -0.451133749
   23.905035476   -0.588646002   -0.450312286
   23.936530911   -0.593986137   -0.449462662
   23.968026347   -0.599259470   -0.448588190
   23.999521782   -0.604197446   -0.447694382
   24.031017217   -0.608369416   -0.446788851
   24.062512653   -0.611301099   -0.445880690
   24.094008088   -0.612605518   -0.444979529
   24.125503524   -0.612078517   -0.444094571
   24.156998959   -0.609726193   -0.443233899
   24.188494394   -0.605717738   -0.442404247
   24.219989830   -0.600284733   -0.441611228
   24.251485265   -0.593607004   -0.440859847
   24.282980701   -0.585729124   -0.440155008
   24.314476136   -0.576539451   -0.439501730
   24.345971571   -0.565819948   -0.438904895
   24.377467007   -0.553348649   -0.438368567
   24.408962442   -0.539017115   -0.437895079
   24.440457878   -0.522919523   -0.437484214
   24.471953313   -0.505380197   -0.437132789
   24.503448748   -0.486908550   -0.436834820
   24.534944184   -0.468096541   -0.436582239
   24.566439619   -0.449494491   -0.436365917
   24.597935055   -0.431508764   -0.436176633
   24.629430490   -0.414356961   -0.436005626
   24.660925926   -0.398095386   -0.435844521
   24.692421361   -0.382707438   -0.435684667
   24.723916796   -0.368219334   -0.435516169
   24.755412232   -0.354799331   -0.435327048
   24.786907667   -0.342801947   -0.435103013
   24.818403103   -0.332737733   -0.434828124
   24.849898538   -0.325175213   -0.434486382
   24.881393973   -0.320605423   -0.434063932
   24.912889409   -0.319312784   -0.433551355
   24.944384844   -0.321294171   -0.432945403
   24.975880280   -0.326251757   -0.432249671
   25.007375715   -0.333660466   -0.431473968
   25.038871150   -0.342886248   -0.430632517
   25.070366586   -0.353315556   -0.429741449
   25.101862021   -0.364454671   -0.428816259
   25.133357457   -0.375970085   -0.427869876
   25.164852892   -0.387663317   -0.426911788
   25.196348327   -0.399397092   -0.425948356
   25.227843763   -0.411006392   -0.424984047
   25.259339198   -0.422231788   -0.424023073
   25.290834634   -0.432702508   -0.423070836
   25.322330069   -0.441976967   -0.422134663
   25.353825505   -0.449626375   -0.421223613
   25.385320940   -0.455330658   -0.420347440
   25.416816375   -0.458951286   -0.419515104
   25.448311811   -0.460554208   -0.418733341
   25.479807246   -0.460374539   -0.418005781
   25.511302682   -0.458736033   -0.417332869
   25.542798117   -0.455954677   -0.416712565
   25.574293552   -0.452260912   -0.416141516
   25.605788988   -0.447767142   -0.415616218
   25.637284423   -0.442489399   -0.415133709
   25.668779859   -0.436410906   -0.414691488
   25.700275294   -0.429559014   -0.414286645
   25.731770729   -0.422061722   -0.413914493
   25.763266165   -0.414157971   -0.413567169
   25.794761600   -0.406154337   -0.413232747
   25.826257036   -0.398342806   -0.412895284
   25.857752471   -0.390911535   -0.412535919
   25.889247907   -0.383886129   -0.412134898
   25.920743342   -0.377130113   -0.411674079
   25.952238777   -0.370412587   -0.411139346
   25.983734213   -0.363525495   -0.410522394
   26.015229648   -0.356411826   -0.409821508
   26.046725084   -0.349257303   -0.409041221
   26.078220519   -0.342505887   -0.408191023
   26.109715954   -0.336781924   -0.407283494
   26.141211390   -0.332732146   -0.406332338
   26.172706825   -0.330828972   -0.405350734
   26.204202261   -0.331193011   -0.404350299
   26.235697696   -0.333491228   -0.403340759
   26.267193131   -0.336947661   -0.402330225
   26.298688567   -0.340471628   -0.401325873
   26.330184002   -0.342873773   -0.400334747
   26.361679438   -0.343114172   -0.399364464
   26.393174873   -0.340517029   -0.398423637
   26.424670308   -0.334896445   -0.397521942
   26.456165744   -0.326563854   -0.396669847
   26.487661179   -0.316221757   -0.395878043
   26.519156615   -0.304779681   -0.395156695
   26.550652050   -0.293147297   -0.394514613
   26.582147486   -0.282061268   -0.393958480
   26.613642921   -0.271987048   -0.393492270
   26.645138356   -0.263110487   -0.393116962
   26.676633792   -0.255405707   -0.392830651
   26.708129227   -0.248744473   -0.392629041
   26.739624663   -0.243004388   -0.392506269
   26.771120098   -0.238139983   -0.392455855
   26.802615533   -0.234198692   -0.392471563
   26.834110969   -0.231285567   -0.392547905
   26.865606404   -0.229498705   -0.392680142
   26.897101840   -0.228865626   -0.392863748
   26.928597275   -0.229307318   -0.393093486
   26.960092710   -0.230643521   -0.393362422
   26.991588146   -0.232635703   -0.393661248
   27.023083581   -0.235049583   -0.393978272
   27.054579017   -0.237712344   -0.394300244
   27.086074452   -0.240542853   -0.394613945
   27.117569887   -0.243544528   -0.394908206
   27.149065323   -0.246765305   -0.395175816
   27.180560758   -0.250241659   -0.395414744
   27.212056194   -0.253949179   -0.395628241
   27.243551629   -0.257778873   -0.395823638
   27.275047065   -0.261547854   -0.396010057
   27.306542500   -0.265039474   -0.396195576
   27.338037935   -0.268056727   -0.396384582
   27.369533371   -0.270468070   -0.396576061
   27.401028806   -0.272228330   -0.396763327
   27.432524242   -0.273367679   -0.396935342
   27.464019677   -0.273954436   -0.397079284
   27.495515112   -0.274047893   -0.397183723
   27.527010548   -0.273661187   -0.397241498
   27.558505983   -0.272750099   -0.397251542
   27.590001419   -0.271233064   -0.397219117
   27.621496854   -0.269034857   -0.397154419
   27.652992289   -0.266136352   -0.397069941
   27.684487725   -0.262609488   -0.396977338
   27.715983160   -0.258621627   -0.396884665
   27.747478596   -0.254404995   -0.396794735
   27.778974031   -0.250200628   -0.396705006
   27.810469466   -0.246196892   -0.396608985
   27.841964902   -0.242485895   -0.396498680
   27.873460337   -0.239055486   -0.396367407
   27.904955773   -0.235821750   -0.396212165
   27.936451208   -0.232691623   -0.396034980
   27.967946644   -0.229633163   -0.395842931
   27.999442079   -0.226726857   -0.395646984
   28.030937514   -0.224177083   -0.395460057
   28.062432950   -0.222276777   -0.395294923
   28.093928385   -0.221335587   -0.395162547
   28.125423821   -0.221596069   -0.395071236
   28.156919256   -0.223168286   -0.395026710
   28.188414691   -0.226007843   -0.395032906
   28.219910127   -0.229947402   -0.395093108
   28.251405562   -0.234771969   -0.395210943
   28.282900998   -0.240310893   -0.395390886
   28.314396433   -0.246510913   -0.395638100
   28.345891868   -0.253458716   -0.395957674
   28.377387304   -0.261337463   -0.396353556
   28.408882739   -0.270324879   -0.396827533
   28.440378175   -0.280462990   -0.397378592
   28.471873610   -0.291543510   -0.398002895
   28.503369045   -0.303052828   -0.398694346
   28.534864481   -0.314205551   -0.399445592
   28.566359916   -0.324069698   -0.400249140
   28.597855352   -0.331757752   -0.401098256
   28.629350787   -0.336635124   -0.401987396
   28.660846223   -0.338488631   -0.402912030
   28.692341658   -0.337605782   -0.403867944
   28.723837093   -0.334738921   -0.404850213
   28.755332529   -0.330959897   -0.405852142
   28.786827964   -0.327441331   -0.406864505
   28.818323400   -0.325220670   -0.407875305
   28.849818835   -0.325006990   -0.408870186
   28.881314270   -0.327077189   -0.409833471
   28.912809706   -0.331281932   -0.410749673
   28.944305141   -0.337150871   -0.411605211
   28.975800577   -0.344060375   -0.412390056
   29.007296012   -0.351412909   -0.413098998
   29.038791447   -0.358778742   -0.413732339
   29.070286883   -0.365966298   -0.414295869
   29.101782318   -0.373011568   -0.414800163
   29.133277754   -0.380101531   -0.415259295
   29.164773189   -0.387464001   -0.415689225
   29.196268624   -0.395262052   -0.416106118
   29.227764060   -0.403524462   -0.416524892
   29.259259495   -0.412127907   -0.416958229
   29.290754931   -0.420827910   -0.417416144
   29.322250366   -0.429320181   -0.417906126
   29.353745802   -0.437306749   -0.418433684
   29.385241237   -0.444543682   -0.419003074
   29.416736672   -0.450857348   -0.419617938
   29.448232108   -0.456129700   -0.420281628
   29.479727543   -0.460264869   -0.420997115
   29.511222979   -0.463155226   -0.421766517
   29.542718414   -0.464663564   -0.422590404
   29.574213849   -0.464630163   -0.423467146
   29.605709285   -0.462902864   -0.424392546
   29.637204720   -0.459378974   -0.425359948
   29.668700156   -0.454043402   -0.426360827
   29.700195591   -0.446989243   -0.427385746
   29.731691026   -0.438414120   -0.428425406
   29.763186462   -0.428594934   -0.429471477
   29.794681897   -0.417851624   -0.430516935
   29.826177333   -0.406513961   -0.431555798
   29.857672768   -0.394903188   -0.432582294
   29.889168203   -0.383333422   -0.433589750
   29.920663639   -0.372128954   -0.434569529
   29.952159074   -0.361646442   -0.435510446
   29.983654510   -0.352288293   -0.436398913
   30.015149945   -0.344496359   -0.437219925
   30.046645381   -0.338722462   -0.437958769
   30.078140816   -0.335381274   -0.438603092
   30.109636251   -0.334798451   -0.439144915
   30.141131687   -0.337169543   -0.439582134
   30.172627122   -0.342542227   -0.439919176
   30.204122558   -0.350826614   -0.440166694
   30.235617993   -0.361828760   -0.440340393
   30.267113428   -0.375294574   -0.440459248
   30.298608864   -0.390948114   -0.440543527
   30.330104299   -0.408511050   -0.440612967
   30.361599735   -0.427698014   -0.440685417
   30.393095170   -0.448192664   -0.440776061
   30.424590605   -0.469617831   -0.440897224
   30.456086041   -0.491516800   -0.441058597
   30.487581476   -0.513359842   -0.441267690
   30.519076912   -0.534581463   -0.441530298
   30.550572347   -0.554642294   -0.441850853
   30.582067783   -0.573099267   -0.442232588
   30.613563218   -0.589662558   -0.442677544
   30.645058653   -0.604220010   -0.443186464
   30.676554089   -0.616818943   -0.443758670
   30.708049524   -0.627608729   -0.444391968
   30.739544960   -0.636760638   -0.445082638
   30.771040395   -0.644389866   -0.445825500
   30.802535830   -0.650504937   -0.446614076
   30.834031266   -0.655001583   -0.447440833
   30.865526701   -0.657703915   -0.448297512
   30.897022137   -0.658439875   -0.449175537
   30.928517572   -0.657125850   -0.450066483
   30.960013007   -0.653831228   -0.450962553
   30.991508443   -0.648799275   -0.451856994
   31.023003878   -0.642414549   -0.452744363
   31.054499314   -0.635124955   -0.453620593
   31.085994749   -0.627342470   -0.454482815
   31.117490184   -0.619355335   -0.455329002
   31.148985620   -0.611282645   -0.456157520
   31.180481055   -0.603089854   -0.456966743
   31.211976491   -0.594664364   -0.457754842
   31.243471926   -0.585929793   -0.458519842
   31.274967362   -0.576962613   -0.459259918
   31.306462797   -0.568070530   -0.459973838
   31.337958232   -0.559800454   -0.460661376
   31.369453668   -0.552863227   -0.461323537
   31.400949103   -0.547987164   -0.461962464
   31.432444539   -0.545735522   -0.462581041
   31.463939974   -0.546337234   -0.463182293
   31.495435409   -0.549580735   -0.463768798
   31.526930845   -0.554806726   -0.464342329
   31.558426280   -0.561010510   -0.464903910
   31.589921716   -0.567034987   -0.465454284
   31.621417151   -0.571809769   -0.465994684
   31.652912586   -0.574577554   -0.466527605
   31.684408022   -0.575050336   -0.467057267
   31.715903457   -0.573455159   -0.467589455
   31.747398893   -0.570457548   -0.468130636
   31.778894328   -0.566982715   -0.468686456
   31.810389763   -0.563981397   -0.469259920
   31.841885199   -0.562201227   -0.469849770
   31.873380634   -0.562022045   -0.470449509
   31.904876070   -0.563395123   -0.471047454
   31.936371505   -0.565897233   -0.471627900
   31.967866941   -0.568878902   -0.472173186
   31.999362376   -0.571661023   -0.472666193
   32.030857811   -0.573722275   -0.473092670
   32.062353247   -0.574824677   -0.473442792
   32.093848682   -0.575044503   -0.473711588
   32.125344118   -0.574704774   -0.473898174
   32.156839553   -0.574235058   -0.474004073
   32.188334988   -0.574005672   -0.474031164
   32.219830424   -0.574190265   -0.473979897
   32.251325859   -0.574701197   -0.473848331
   32.282821295   -0.575218910   -0.473632291
   32.314316730   -0.575306597   -0.473326594
   32.345812165   -0.574573958   -0.472926961
   32.377307601   -0.572837089   -0.472432033
   32.408803036   -0.570220913   -0.471844832
   32.440298472   -0.567166607   -0.471173200
   32.471793907   -0.564334656   -0.470429013
   32.503289342   -0.562426358   -0.469626318
   32.534784778   -0.561973010   -0.468778855
   32.566280213   -0.563154665   -0.467897583
   32.597775649   -0.565704852   -0.466988809
   32.629271084   -0.568935253   -0.466053356
   32.660766520   -0.571881045   -0.465086907
   32.692261955   -0.573533058   -0.464081347
   32.723757390   -0.573097059   -0.463026686
   32.755252826   -0.570211085   -0.461913040
   32.786748261   -0.565061751   -0.460732176
   32.818243697   -0.558367200   -0.459478315
   32.849739132   -0.551230273   -0.458148122
   32.881234567   -0.544900331   -0.456740037
   32.912730003   -0.540506012   -0.455253289
   32.944225438   -0.538827439   -0.453686927
   32.975720874   -0.540163486   -0.452039194
   33.007216309   -0.544321813   -0.450307389
   33.038711744   -0.550724883   -0.448488175
   33.070207180   -0.558594187   -0.446578204
   33.101702615   -0.567156182   -0.444574809
   33.133198051   -0.575811951   -0.442476543
   33.164693486   -0.584227822   -0.440283448
   33.196188921   -0.592330831   -0.437997016
   33.227684357   -0.600222395   -0.435619932
   33.259179792   -0.608046829   -0.433155744
   33.290675228   -0.615861764   -0.430608585
   33.322170663   -0.623552654   -0.427983068
   33.353666099   -0.630815896   -0.425284349
   33.385161534   -0.637210983   -0.422518305
   33.416656969   -0.642259577   -0.419691742
   33.448152405   -0.645555550   -0.416812502
   33.479647840   -0.646848844   -0.413889418
   33.511143276   -0.646077051   -0.410932085
   33.542638711   -0.643337672   -0.407950492
   33.574134146   -0.638814265   -0.404954578
   33.605629582   -0.632684426   -0.401953781
   33.637125017   -0.625042174   -0.398956639
   33.668620453   -0.615860757   -0.395970457
   33.700115888   -0.605006965   -0.393001023
   33.731611323   -0.592300250   -0.390052362
   33.763106759   -0.577595306   -0.387126510
   33.794602194   -0.560860208   -0.384223316
   33.826097630   -0.542225379   -0.381340318
   33.857593065   -0.521990018   -0.378472745
   33.889088500   -0.500587657   -0.375613684
   33.920583936   -0.478525946   -0.372754425
   33.952079371   -0.456322754   -0.369884966
   33.983574807   -0.434459330   -0.366994575
   34.015070242   -0.413362438   -0.364072344
   34.046565678   -0.393414741   -0.361107633
   34.078061113   -0.374981251   -0.358090351
   34.109556548   -0.358433515   -0.355011092
   34.141051984   -0.344154807   -0.351861168
   34.172547419   -0.332517906   -0.348632652
   34.204042855   -0.323839021   -0.345318494
   34.235538290   -0.318322160   -0.341912775
   34.267033725   -0.316013706   -0.338411086
   34.298529161   -0.316784813   -0.334810950
   34.330024596   -0.320350156   -0.331112177
   34.361520032   -0.326318868   -0.327317015
   34.393015467   -0.334261876   -0.323430031
   34.424510902   -0.343773736   -0.319457691
   34.456006338   -0.354509027   -0.315407718
   34.487501773   -0.366182745   -0.311288372
   34.518997209   -0.378537864   -0.307107809
   34.550492644   -0.391296101   -0.302873668
   34.581988079   -0.404115177   -0.298592973
   34.613483515   -0.416574522   -0.294272333
   34.644978950   -0.428201496   -0.289918324
   34.676474386   -0.438535131   -0.285537909
   34.707969821   -0.447209404   -0.281138704
   34.739465257   -0.454028703   -0.276728983
   34.770960692   -0.459008161   -0.272317364
   34.802456127   -0.462361431   -0.267912263
   34.833951563   -0.464435233   -0.263521246
   34.865446998   -0.465608020   -0.259150485
   34.896942434   -0.466183075   -0.254804463
   34.928437869   -0.466309488   -0.250486038
   34.959933304   -0.465956302   -0.246196824
   34.991428740   -0.464947984   -0.241937780
   35.022924175   -0.463048970   -0.237709782
   35.054419611   -0.460068290   -0.233513981
   35.085915046   -0.455948085   -0.229351777
   35.117410481   -0.450805029   -0.225224378
   35.148905917   -0.444909761   -0.221132019
   35.180401352   -0.438611165   -0.217073075
   35.211896788   -0.432232252   -0.213043354
   35.243392223   -0.425975492   -0.209035820
   35.274887658   -0.419873445   -0.205040963
   35.306383094   -0.413805642   -0.201047815
   35.337878529   -0.407579539   -0.197045465
   35.369373965   -0.401049656   -0.193024782
   35.400869400   -0.394232993   -0.188979933
   35.432364836   -0.387376373   -0.184909349
   35.463860271   -0.380944141   -0.180815860
   35.495355706   -0.375519142   -0.176705938
   35.526851142   -0.371638605   -0.172588192
   35.558346577   -0.369610156   -0.168471449
   35.589842013   -0.369363821   -0.164362856
   35.621337448   -0.370389362   -0.160266454
   35.652832883   -0.371786083   -0.156182536
   35.684328319   -0.372420534   -0.152107917
   35.715823754   -0.371155952   -0.148037015
   35.747319190   -0.367095355   -0.143963423
   35.778814625   -0.359774778   -0.139881549
   35.810310060   -0.349256034   -0.135787899
   35.841805496   -0.336095741   -0.131681693
   35.873300931   -0.321201173   -0.127564684
   35.904796367   -0.305613664   -0.123440317
   35.936291802   -0.290278208   -0.119312511
   35.967787238   -0.275858664   -0.115184460
   35.999282673   -0.262642029   -0.111057831
   36.030778108   -0.250547963   -0.106932574
   36.062273544   -0.239229683   -0.102807400
   36.093768979   -0.228228382   -0.098680699
   36.125264415   -0.217132127   -0.094551604
   36.156759850   -0.205694092   -0.090420777
   36.188255285   -0.193881713   -0.086290643
   36.219750721   -0.181851803   -0.082164922
   36.251246156   -0.169869261   -0.078047588
   36.282741592   -0.158201929   -0.073941550
   36.314237027   -0.147027552   -0.069847475
   36.345732462   -0.136380733   -0.065763179
   36.377227898   -0.126151894   -0.061683836
   36.408723333   -0.116132264   -0.057603033
   36.440218769   -0.106084872   -0.053514441
   36.471714204   -0.095815362   -0.049413665
   36.503209639   -0.085219507   -0.045299756
   36.534705075   -0.074294558   -0.041175915
   36.566200510   -0.063114979   -0.037049167
   36.597695946   -0.051784933   -0.032928994
   36.629191381   -0.040386355   -0.028825260
   36.660686817   -0.028940946   -0.024745925
   36.692182252   -0.017397829   -0.020695109
   36.723677687   -0.005648737   -0.016671994
   36.755173123    0.006436865   -0.012670799
   36.786668558    0.018970263   -0.008681804
   36.818163994    0.032009874   -0.004693128
   36.849659429    0.045545685   -0.000692770
   36.881154864    0.059504835    0.003329576
   36.912650300    0.073774129    0.007381350
   36.944145735    0.088230316    0.011466786
   36.975641171    0.102767656    0.015587348
   37.007136606    0.117314751    0.019742687
   37.038632041    0.131837343    0.023931733
   37.070127477    0.146328863    0.028153562
   37.101622912    0.160794103    0.032407779
   37.133118348    0.175232380    0.036694367
   37.164613783    0.189625148    0.041013096
   37.196109218    0.203930042    0.045362771
   37.227604654    0.218080510    0.049740588
   37.259100089    0.231988443    0.054141831
   37.290595525    0.245547429    0.058560009
   37.322090960    0.258635766    0.062987374
   37.353586396    0.271120406    0.067415646
   37.385081831    0.282864222    0.071836699
   37.416577266    0.293738611    0.076243015
   37.448072702    0.303641403    0.080627780
   37.479568137    0.312517140    0.084984653
   37.511063573    0.320374223    0.089307326
   37.542559008    0.327292603    0.093589082
   37.574054443    0.333417221    0.097822529
   37.605549879    0.338936152    0.101999641
   37.637045314    0.344047205    0.106112109
   37.668540750    0.348920928    0.110151926
   37.700036185    0.353669939    0.114112050
   37.731531620    0.358333346    0.117986970
   37.763027056    0.362880891    0.121773074
   37.794522491    0.367235530    0.125468773
   37.826017927    0.371307495    0.129074429
   37.857513362    0.375029281    0.132592182
   37.889008797    0.378380805    0.136025800
   37.920504233    0.381397293    0.139380609
   37.951999668    0.384158230    0.142663522
   37.983495104    0.386761891    0.145883093
   38.014990539    0.389294628    0.149049506
   38.046485975    0.391805504    0.152174388
   38.077981410    0.394294694    0.155270408
   38.109476845    0.396719071    0.158350674
   38.140972281    0.399012366    0.161428034
   38.172467716    0.401112348    0.164514407
   38.203963152    0.402985280    0.167620294
   38.235458587    0.404639167    0.170754537
   38.266954022    0.406121582    0.173924343
   38.298449458    0.407503374    0.177135466
   38.329944893    0.408854569    0.180392450
   38.361440329    0.410221302    0.183698759
   38.392935764    0.411612003    0.187056741
   38.424431199    0.412997486    0.190467401
   38.455926635    0.414324450    0.193930095
   38.487422070    0.415537142    0.197442271
   38.518917506    0.416599109    0.200999430
   38.550412941    0.417507191    0.204595398
   38.581908376    0.418292939    0.208222917
   38.613403812    0.419011303    0.211874444
   38.644899247    0.419721083    0.215542983
   38.676394683    0.420464470    0.219222717
   38.707890118    0.421253165    0.222909301
   38.739385554    0.422065949    0.226599720
   38.770880989    0.422858290    0.230291803
   38.802376424    0.423580164    0.233983544
   38.833871860    0.424195363    0.237672483
   38.865367295    0.424695192    0.241355332
   38.896862731    0.425101671    0.245027991
   38.928358166    0.425459352    0.248685934
   38.959853601    0.425819008    0.252324828
   38.991349037    0.426219406    0.255941168
   39.022844472    0.426673892    0.259532706
   39.054339908    0.427166622    0.263098508
   39.085835343    0.427659605    0.266638636
   39.117330778    0.428107713    0.270153563
   39.148826214    0.428475959    0.273643544
   39.180321649    0.428752616    0.277108210
   39.211817085    0.428953437    0.280546553
   39.243312520    0.429115597    0.283957385
   39.274807955    0.429283832    0.287340130
   39.306303391    0.429494052    0.290695702
   39.337798826    0.429760540    0.294027152
   39.369294262    0.430071406    0.297339766
   39.400789697    0.430393813    0.300640485
   39.432285133    0.430686839    0.303936667
   39.463780568    0.430917073    0.307234443
   39.495276003    0.431071096    0.310537067
   39.526771439    0.431160301    0.313843679
   39.558266874    0.431216393    0.317148842
   39.589762310    0.431279418    0.320443022
   39.621257745    0.431382914    0.323713934
   39.652753180    0.431541740    0.326948456
   39.684248616    0.431747057    0.330134679
   39.715744051    0.431970205    0.333263623
   39.747239487    0.432173876    0.336330227
   39.778734922    0.432326292    0.339333467
   39.810230357    0.432413075    0.342275625
   39.841725793    0.432442427    0.345160984
   39.873221228    0.432441808    0.347994323
   39.904716664    0.432447480    0.350779616
   39.936212099    0.432490954    0.353519220
   39.967707534    0.432587416    0.356213700
   39.999202970    0.432730420    0.358862220
   40.030698405    0.432894737    0.361463301
   40.062193841    0.433046152    0.364015648
   40.093689276    0.433154453    0.366518797
   40.125184712    0.433204726    0.368973381
   40.156680147    0.433202752    0.371380998
   40.188175582    0.433172595    0.373743749
   40.219671018    0.433147400    0.376063652
   40.251166453    0.433156923    0.378342105
   40.282661889    0.433216520    0.380579588
   40.314157324    0.433321671    0.382775649
   40.345652759    0.433450013    0.384929154
   40.377148195    0.433570006    0.387038682
   40.408643630    0.433652908    0.389102925
   40.440139066    0.433683534    0.391120947
   40.471634501    0.433665783    0.393092238
   40.503129936    0.433620953    0.395016573
   40.534625372    0.433579564    0.396893729
   40.566120807    0.433569837    0.398723194
   40.597616243    0.433607193    0.400503963
   40.629111678    0.433688676    0.402234487
   40.660607114    0.433794336    0.403912804
   40.692102549    0.433894954    0.405536787
   40.723597984    0.433963139    0.407104443
   40.755093420    0.433983594    0.408614163
   40.786588855    0.433958717    0.410064871
   40.818084291    0.433907498    0.411456024
   40.849579726    0.433858211    0.412787507
   40.881075161    0.433837715    0.414059457
   40.912570597    0.433861410    0.415272090
   40.944066032    0.433927623    0.416425585
   40.975561468    0.434018458    0.417520044
   41.007056903    0.434106720    0.418555547
   41.038552338    0.434166252    0.419532260
   41.070047774    0.434181748    0.420450580
   41.101543209    0.434154391    0.421311259
   41.133038645    0.434101223    0.422115514
   41.164534080    0.434048580    0.422865094
   41.196029515    0.434022098    0.423562302
   41.227524951    0.434037109    0.424209997
   41.259020386    0.434093004    0.424811536
   41.290515822    0.434173650    0.425370688
   41.322011257    0.434253634    0.425891483
   41.353506693    0.434307923    0.426378010
   41.385002128    0.434321276    0.426834180
   41.416497563    0.434293878    0.427263484
   41.447992999    0.434241107    0.427668793
   41.479488434    0.434187603    0.428052248
   41.510983870    0.434157906    0.428415273
   41.542479305    0.434167237    0.428758708
   41.573974740    0.434215875    0.429083045
   41.605470176    0.434289213    0.429388693
   41.636965611    0.434363406    0.429676221
   41.668461047    0.434414449    0.429946505
   41.699956482    0.434427208    0.430200744
   41.731451917    0.434401038    0.430440353
   41.762947353    0.434349881    0.430666782
   41.794442788    0.434296880    0.430881300
   41.825938224    0.434265583    0.431084854
   41.857433659    0.434271071    0.431278007
   41.888929094    0.434314371    0.431461009
   41.920424530    0.434382201    0.431633949
   41.951919965    0.434452113    0.431796942
   41.983415401    0.434501038    0.431950293
   42.014910836    0.434513981    0.432094571
   42.046406272    0.434489600    0.432230577
   42.077901707    0.434440588    0.432359227
   42.109397142    0.434388765    0.432481381
   42.140892578    0.434356773    0.432597690
   42.172388013    0.434359538    0.432708521
   42.203883449    0.434398718    0.432813961
   42.235378884    0.434462194    0.432913932
   42.266874319    0.434528764    0.433008336
   42.298369755    0.434576215    0.433097209
   42.329865190    0.434589712    0.433180811
   42.361360626    0.434567327    0.433259626
   42.392856061    0.434520656    0.433334277
   42.424351496    0.434470337    0.433405388
   42.455846932    0.434438185    0.433473440
   42.487342367    0.434438958    0.433538683
   42.518837803    0.434474851    0.433601124
   42.550333238    0.434534768    0.433660604
   42.581828673    0.434598622    0.433716923
   42.613324109    0.434644989    0.433769983
   42.644819544    0.434659202    0.433819876
   42.676314980    0.434638834    0.433866908
   42.707810415    0.434594517    0.433911530
   42.739305851    0.434545826    0.433954226
   42.770801286    0.434513820    0.433995377
   42.802296721    0.434513081    0.434035173
   42.833792157    0.434546259    0.434073584
   42.865287592    0.434603167    0.434110419
   42.896783028    0.434664721    0.434145433
   42.928278463    0.434710222    0.434178459
   42.959773898    0.434725179    0.434209496
   42.991269334    0.434706741    0.434238741
   43.022764769    0.434664683    0.434266543
   43.054260205    0.434617626    0.434293299
   43.085755640    0.434585931    0.434319330
   43.117251075    0.434584000    0.434344796
   43.148746511    0.434614877    0.434369655
   43.180241946    0.434669178    0.434393710
   43.211737382    0.434728728    0.434416703
   43.243232817    0.434773496    0.434438430
   43.274728252    0.434789171    0.434458839
   43.306223688    0.434772537    0.434478060
   43.337719123    0.434732610    0.434496375
   43.369214559    0.434687143    0.434514123
   43.400709994    0.434655856    0.434531592
   43.432205430    0.434652969    0.434548925
   43.463700865    0.434681862    0.434566083
   43.495196300    0.434733870    0.434582874
   43.526691736    0.434791642    0.434599039
   43.558187171    0.434835762    0.434614360
   43.589682607    0.434852102    0.434628751
   43.621178042    0.434837134    0.434642301
   43.652673477    0.434799190    0.434655243
   43.684168913    0.434755240    0.434667879
   43.715664348    0.434724410    0.434680474
   43.747159784    0.434720737    0.434693165
   43.778655219    0.434747890    0.434705918
   43.810150654    0.434797850    0.434718552
   43.841646090    0.434854015    0.434730815
   43.873141525    0.434897540    0.434742483
   43.904636961    0.434914477    0.434753453
   43.936132396    0.434901029    0.434763780
   43.967627831    0.434864919    0.434773668
   43.999123267    0.434822399    0.434783390
   44.030618702    0.434792046    0.434793194
   44.062114138    0.434787716    0.434803214
   44.093609573    0.434813330    0.434813427
   44.125105009    0.434861445    0.434823665
   44.156600444    0.434916144    0.434833683
   44.188095879    0.434959112    0.434843260
   44.219591315    0.434976580    0.434852278
   44.251086750    0.434964518    0.434860773
   44.282582186    0.434930100    0.434868923
   44.314077621    0.434888924    0.434876980
   44.345573056    0.434859056    0.434885180
   44.377068492    0.434854174    0.434893658
   44.408563927    0.434878413    0.434902399
   44.440059363    0.434924855    0.434911247
   44.471554798    0.434978207    0.434919969
   44.503050233    0.435020645    0.434928346
   44.534545669    0.435038579    0.434936252
   44.566041104    0.435027777    0.434943708
   44.597536540    0.434994918    0.434950872
   44.629031975    0.434955000    0.434957978
   44.660527410    0.434925614    0.434965255
   44.692022846    0.434920263    0.434972837
   44.723518281    0.434943269    0.434980716
   44.755013717    0.434988184    0.434988752
   44.786509152    0.435040291    0.434996721
   44.818004588    0.435082223    0.435004406
   44.849500023    0.435100564    0.435011679
   44.880995458    0.435090908    0.435018547
   44.912490894    0.435059485    0.435025152
   44.943986329    0.435020744    0.435031716
   44.975481765    0.434991831    0.435038459
   45.006977200    0.434986081    0.435045515
   45.038472635    0.435007975    0.435052887
   45.069968071    0.435051492    0.435060442
   45.101463506    0.435102443    0.435067969
   45.132958942    0.435143889    0.435075255
   45.164454377    0.435162583    0.435082169
   45.195949812    0.435153970    0.435088707
   45.227445248    0.435123873    0.435095000
   45.258940683    0.435086233    0.435101256
   45.290436119    0.435057785    0.435107690
   45.321931554    0.435051694    0.435114437
   45.353426989    0.435072582    0.435121504
   45.384922425    0.435114814    0.435128773
   45.416417860    0.435164688    0.435136039
   45.447913296    0.435205667    0.435143094
   45.479408731    0.435224665    0.435149806
   45.510904167    0.435217001    0.435156163
   45.542399602    0.435188127    0.435162283
   45.573895037    0.435151518    0.435168367
   45.605390473    0.435123521    0.435174622
   45.636885908    0.435117139    0.435181183
   45.668381344    0.435137113    0.435188066
   45.699876779    0.435178162    0.435195159
   45.731372214    0.435227031    0.435202268
   45.762867650    0.435267557    0.435209189
   45.794363085    0.435286817    0.435215788
   45.825858521    0.435280017    0.435222047
   45.857353956    0.435252274    0.435228076
   45.888849391    0.435216631    0.435234064
   45.920344827    0.435189072    0.435240215
   45.951840262    0.435182442    0.435246664
   45.983335698    0.435201585    0.435253431
   46.014831133    0.435241541    0.435260414
   46.046326569    0.435289469    0.435267426
   46.077822004    0.435329558    0.435274269
   46.109317439    0.435349042    0.435280806
   46.140812875    0.435343031    0.435287016
   46.172308310    0.435316335    0.435292998
   46.203803746    0.435281599    0.435298936
   46.235299181    0.435254465    0.435305026
   46.266794616    0.435247626    0.435311405
   46.298290052    0.435266011    0.435318098
   46.329785487    0.435304955    0.435325010
   46.361280923    0.435352001    0.435331961
   46.392776358    0.435391668    0.435338757
   46.424271793    0.435411342    0.435345262
   46.455767229    0.435406051    0.435351449
   46.487262664    0.435380325    0.435357411
   46.518758100    0.435346440    0.435363323
   46.550253535    0.435319718    0.435369378
   46.581748970    0.435312701    0.435375713
   46.613244406    0.435330395    0.435382357
   46.644739841    0.435368399    0.435389220
   46.676235277    0.435414617    0.435396130
   46.707730712    0.435453877    0.435402898
   46.739226148    0.435473710    0.435409387
   46.770721583    0.435469077    0.435415567
   46.802217018    0.435444253    0.435421522
   46.833712454    0.435411168    0.435427423
   46.865207889    0.435384844    0.435433458
   46.896703325    0.435377678    0.435439764
   46.928198760    0.435394739    0.435446372
   46.959694195    0.435431873    0.435453201
   46.991189631    0.435477311    0.435460083
   47.022685066    0.435516176    0.435466834
   47.054180502    0.435536142    0.435473316
   47.085675937    0.435532112    0.435479495
   47.117171372    0.435508126    0.435485452
   47.148666808    0.435475794    0.435491351
   47.180162243    0.435449856    0.435497374
   47.211657679    0.435442566    0.435503660
   47.243153114    0.435459049    0.435510242
   47.274648549    0.435495371    0.435517045
   47.306143985    0.435540076    0.435523907
   47.337639420    0.435578560    0.435530646
   47.369134856    0.435598635    0.435537126
   47.400630291    0.435595157    0.435543310
   47.432125727    0.435571950    0.435549273
   47.463621162    0.435540329    0.435555173
   47.495116597    0.435514763    0.435561190
   47.526612033    0.435507373    0.435567461
   47.558107468    0.435523325    0.435574023
   47.589602904    0.435558892    0.435580805
   47.621098339    0.435602905    0.435587651
   47.652593774    0.435641020    0.435594382
   47.684089210    0.435661184    0.435600863
   47.715584645    0.435658211    0.435607054
   47.747080081    0.435635732    0.435613024
   47.778575516    0.435604780    0.435618928
   47.810070951    0.435579575    0.435624942
   47.841566387    0.435572104    0.435631202
   47.873061822    0.435587569    0.435637748
   47.904557258    0.435622433    0.435644513
   47.936052693    0.435665793    0.435651346
   47.967548128    0.435703550    0.435658071
   47.999043564    0.435723784    0.435664554
   48.030538999    0.435721276    0.435670752
   48.062034435    0.435699474    0.435676731
   48.093529870    0.435669155    0.435682640
   48.125025306    0.435644300    0.435688653
   48.156520741    0.435636765    0.435694904
   48.188016176    0.435651783    0.435701437
   48.219511612    0.435685990    0.435708187
   48.251007047    0.435728733    0.435715009
   48.282502483    0.435766145    0.435721730
   48.313997918    0.435786432    0.435728215
   48.345493353    0.435784350    0.435734420
   48.376988789    0.435763182    0.435740408
   48.408484224    0.435733461    0.435746322
   48.439979660    0.435708943    0.435752335
   48.471475095    0.435701361    0.435758579
   48.502970530    0.435715969    0.435765100
   48.534465966    0.435749561    0.435771838
   48.565961401    0.435791720    0.435778650
   48.597456837    0.435828798    0.435785366
   48.628952272    0.435849124    0.435791854
   48.660447707    0.435847434    0.435798066
   48.691943143    0.435826858    0.435804063
   48.723438578    0.435797704    0.435809983
   48.754934014    0.435773512    0.435815996
   48.786429449    0.435765896    0.435822235
   48.817924885    0.435780126    0.435828746
   48.849420320    0.435813144    0.435835472
   48.880915755    0.435854750    0.435842275
   48.912411191    0.435891505    0.435848988
   48.943906626    0.435911857    0.435855477
   48.975402062    0.435910527    0.435861697
   49.006897497    0.435890505    0.435867701
   49.038392932    0.435861887    0.435873628
   49.069888368    0.435838012    0.435879642
   49.101383803    0.435830374    0.435885875
   49.132879239    0.435844257    0.435892377
   49.164374674    0.435876737    0.435899092
   49.195870109    0.435917819    0.435905887
   49.227365545    0.435954262    0.435912596
   49.258860980    0.435974627    0.435919088
   49.290356416    0.435973628    0.435925314
   49.321851851    0.435954126    0.435931326
   49.353347286    0.435926016    0.435937258
   49.384842722    0.435902446    0.435943273
   49.416338157    0.435894798    0.435949503
   49.447833593    0.435908362    0.435955996
   49.479329028    0.435940338    0.435962702
   49.510824464    0.435980923    0.435969489
   49.542319899    0.436017064    0.435976195
   49.573815334    0.436037433    0.435982689
   49.605310770    0.436036739    0.435988920
   49.636806205    0.436017722    0.435994940
   49.668301641    0.435990095    0.436000877
   49.699797076    0.435966820    0.436006893
   49.731292511    0.435959172    0.436013119
   49.762787947    0.435972442    0.436019605
   49.794283382    0.436003945    0.436026302
   49.825778818    0.436044059    0.436033082
   49.857274253    0.436079908    0.436039785
   49.888769688    0.436100272    0.436046280
   49.920265124    0.436099858    0.436052517
   49.951760559    0.436081297    0.436058543
   49.983255995    0.436054127    0.436064485
   50.014751430    0.436031138    0.436070503
   50.046246865    0.436023497    0.436076726
   50.077742301    0.436036497    0.436083204
   50.109237736    0.436067557    0.436089893
   50.140733172    0.436107225    0.436096666
   50.172228607    0.436142791    0.436103366
   50.203724043    0.436163141    0.436109862
   50.235219478    0.436162984    0.436116104
   50.266714913    0.436144851    0.436122137
   50.298210349    0.436118115    0.436128084
   50.329705784    0.436095403    0.436134103
   50.361201220    0.436087777    0.436140322
   50.392696655    0.436100529    0.436146795
   50.424192090    0.436131173    0.436153476
   50.455687526    0.436170416    0.436160243
   50.487182961    0.436205709    0.436166939
   50.518678397    0.436226039    0.436173437
   50.550173832    0.436226119    0.436179683
   50.581669267    0.436208387    0.436185721
   50.613164703    0.436182063    0.436191673
   50.644660138    0.436159617    0.436197694
   50.676155574    0.436152014    0.436203911
   50.707651009    0.436164538    0.436210377
   50.739146444    0.436194792    0.436217051
   50.770641880    0.436233631    0.436223812
   50.802137315    0.436268660    0.436230505
   50.833632751    0.436288963    0.436237004
   50.865128186    0.436289260    0.436243254
   50.896623622    0.436271905    0.436249297
   50.928119057    0.436245972    0.436255254
   50.959614492    0.436223785    0.436261275
   50.991109928    0.436216210    0.436267490
   51.022605363    0.436228524    0.436273951
   51.054100799    0.436258412    0.436280619
   51.085596234    0.436296869    0.436287373
   51.117091669    0.436331642    0.436294064
   51.148587105    0.436351912    0.436300563
   51.180082540    0.436352408    0.436306817
   51.211577976    0.436335407    0.436312865
   51.243073411    0.436309846    0.436318826
   51.274568846    0.436287908    0.436324849
   51.306064282    0.436280368    0.436331062
   51.337559717    0.436292490    0.436337518
   51.369055153    0.436322034    0.436344179
   51.400550588    0.436360126    0.436350928
   51.432046024    0.436394653    0.436357615
   51.463541459    0.436414885    0.436364115
   51.495036894    0.436415563    0.436370372
   51.526532330    0.436398893    0.436376425
   51.558027765    0.436373686    0.436382390
   51.589523201    0.436351990    0.436388414
   51.621018636    0.436344488    0.436394625
   51.652514071    0.436356434    0.436401077
   51.684009507    0.436385656    0.436407732
   51.715504942    0.436423402    0.436414476
   51.747000378    0.436457690    0.436421160
   51.778495813    0.436477879    0.436427660
   51.809991248    0.436478725    0.436433920
   51.841486684    0.436462365    0.436439978
   51.872982119    0.436437494    0.436445945
   51.904477555    0.436416031    0.436451972
   51.935972990    0.436408573    0.436458181
   51.967468425    0.436420358    0.436464628
   51.998963861    0.436449277    0.436471277
   52.030459296    0.436486695    0.436478016
   52.061954732    0.436520752    0.436484698
   52.093450167    0.436540894    0.436491198
   52.124945603    0.436541891    0.436497461
   52.156441038    0.436525824    0.436503522
   52.187936473    0.436501272    0.436509494
   52.219431909    0.436480035    0.436515521
   52.250927344    0.436472625    0.436521729
   52.282422780    0.436484263    0.436528172
   52.313918215    0.436512898    0.436534817
   52.345413650    0.436550003    0.436541551
   52.376909086    0.436583836    0.436548230
   52.408404521    0.436603927    0.436554729
   52.439899957    0.436605064    0.436560995
   52.471395392    0.436589270    0.436567060
   52.502890827    0.436565022    0.436573035
   52.534386263    0.436544003    0.436579064
   52.565881698    0.436536644    0.436585270
   52.597377134    0.436548149    0.436591710
   52.628872569    0.436576518    0.436598349
   52.660368004    0.436613325    0.436605078
   52.691863440    0.436646943    0.436611755
   52.723358875    0.436666979    0.436618254
   52.754854311    0.436668241    0.436624522
   52.786349746    0.436652703    0.436630590
   52.817845182    0.436628744    0.436636568
   52.849340617    0.436607937    0.436642599
   52.880836052    0.436600633    0.436648804
   52.912331488    0.436612017    0.436655240
   52.943826923    0.436640137    0.436661875
   52.975322359    0.436676661    0.436668600
   53.006817794    0.436710069    0.436675273
   53.038313229    0.436730047    0.436681773
   53.069808665    0.436731423    0.436688042
   53.101304100    0.436716126    0.436694114
   53.132799536    0.436692441    0.436700095
   53.164294971    0.436671838    0.436706126
   53.195790406    0.436664593    0.436712331
   53.227285842    0.436675868    0.436718764
   53.258781277    0.436703753    0.436725394
   53.290276713    0.436740009    0.436732115
   53.321772148    0.436773214    0.436738786
   53.353267583    0.436793131    0.436745285
   53.384763019    0.436794609    0.436751556
   53.416258454    0.436779537    0.436757631
   53.447753890    0.436756113    0.436763614
   53.479249325    0.436735709    0.436769647
   53.510744761    0.436728525    0.436775851
   53.542240196    0.436739702    0.436782281
   53.573735631    0.436767368    0.436788907
   53.605231067    0.436803367    0.436795624
   53.636726502    0.436836376    0.436802292
   53.668221938    0.436856229    0.436808791
   53.699717373    0.436857799    0.436815064
   53.731212808    0.436842937    0.436821141
   53.762708244    0.436819762    0.436827127
   53.794203679    0.436799551    0.436833161
   53.825699115    0.436792430    0.436839364
   53.857194550    0.436803519    0.436845791
   53.888689985    0.436830981    0.436852413
   53.920185421    0.436866736    0.436859127
   53.951680856    0.436899554    0.436865792
   53.983176292    0.436919341    0.436872291
   54.014671727    0.436920992    0.436878565
   54.046167162    0.436906327    0.436884645
   54.077662598    0.436883389    0.436890633
   54.109158033    0.436863364    0.436896669
   54.140653469    0.436856310    0.436902871
   54.172148904    0.436867321    0.436909295
   54.203644340    0.436894591    0.436915914
   54.235139775    0.436930114    0.436922623
   54.266635210    0.436962747    0.436929287
   54.298130646    0.436982465    0.436935784
   54.329626081    0.436984189    0.436942060
   54.361121517    0.436969708    0.436948142
   54.392616952    0.436946996    0.436954133
   54.424112387    0.436927152    0.436960170
   54.455607823    0.436920166    0.436966371
   54.487103258    0.436931108    0.436972793
   54.518598694    0.436958199    0.436979408
   54.550094129    0.436993500    0.436986114
   54.581589564    0.437025953    0.436992775
   54.613085000    0.437045601    0.436999272
   54.644580435    0.437047388    0.437005549
   54.676075871    0.437033080    0.437011633
   54.707571306    0.437010582    0.437017627
   54.739066741    0.436990914    0.437023664
   54.770562177    0.436983999    0.437029865
   54.802057612    0.436994880    0.437036285
   54.833553048    0.437021803    0.437042897
   54.865048483    0.437056894    0.437049599
   54.896543919    0.437089173    0.437056258
   54.928039354    0.437108748    0.437062754
   54.959534789    0.437110590    0.437069032
   54.991030225    0.437096442    0.437075118
   55.022525660    0.437074149    0.437081114
   55.054021096    0.437054652    0.437087152
   55.085516531    0.437047809    0.437093353
   55.117011966    0.437058638    0.437099771
   55.148507402    0.437085405    0.437106379
   55.180002837    0.437120294    0.437113079
   55.211498273    0.437152404    0.437119735
   55.242993708    0.437171905    0.437126231
   55.274489143    0.437173794    0.437132509
   55.305984579    0.437159797    0.437138597
   55.337480014    0.437137699    0.437144595
   55.368975450    0.437118367    0.437150635
   55.400470885    0.437111599    0.437156834
   55.431966320    0.437122383    0.437163250
   55.463461756    0.437149003    0.437169856
   55.494957191    0.437183701    0.437176553
   55.526452627    0.437215646    0.437183207
   55.557948062    0.437235071    0.437189701
   55.589443498    0.437237001    0.437195980
   55.620938933    0.437223144    0.437202070
   55.652434368    0.437201231    0.437208070
   55.683929804    0.437182061    0.437214111
   55.715425239    0.437175367    0.437220310
   55.746920675    0.437186113    0.437226724
   55.778416110    0.437212597    0.437233327
   55.809911545    0.437247113    0.437240021
   55.841406981    0.437278898    0.437246673
   55.872902416    0.437298246    0.437253166
   55.904397852    0.437300209    0.437259446
   55.935893287    0.437286483    0.437265538
   55.967388722    0.437264748    0.437271539
   55.998884158    0.437245733    0.437277581
   56.030379593    0.437239116    0.437283780
   56.061875029    0.437249831    0.437290192
   56.093370464    0.437276187    0.437296793
   56.124865900    0.437310529    0.437303483
   56.156361335    0.437342159    0.437310133
   56.187856770    0.437361429    0.437316626
   56.219352206    0.437363420    0.437322906
   56.250847641    0.437349815    0.437328999
   56.282343077    0.437328249    0.437335002
   56.313838512    0.437309386    0.437341045
   56.345333947    0.437302846    0.437347244
   56.376829383    0.437313535    0.437353655
   56.408324818    0.437339774    0.437360253
   56.439820254    0.437373949    0.437366941
   56.471315689    0.437405429    0.437373588
   56.502811124    0.437424620    0.437380080
   56.534306560    0.437426632    0.437386361
   56.565801995    0.437413140    0.437392455
   56.597297431    0.437391735    0.437398459
   56.628792866    0.437373019    0.437404503
   56.660288301    0.437366558    0.437410702
   56.691783737    0.437377227    0.437417112
   56.723279172    0.437403355    0.437423707
   56.754774608    0.437437373    0.437430393
   56.786270043    0.437468707    0.437437038
   56.817765479    0.437487818    0.437443529
   56.849260914    0.437489847    0.437449810
   56.880756349    0.437476459    0.437455906
   56.912251785    0.437455207    0.437461911
   56.943747220    0.437436634    0.437467956
   56.975242656    0.437430251    0.437474155
   57.006738091    0.437440906    0.437480563
   57.038233526    0.437466932    0.437487156
   57.069728962    0.437500800    0.437493839
   57.101224397    0.437531992    0.437500483
   57.132719833    0.437551023    0.437506973
   57.164215268    0.437553063    0.437513254
   57.195710703    0.437539773    0.437519351
   57.227206139    0.437518665    0.437525357
   57.258701574    0.437500231    0.437531403
   57.290197010    0.437493927    0.437537602
   57.321692445    0.437504572    0.437544009
   57.353187880    0.437530505    0.437550600
   57.384683316    0.437564230    0.437557281
   57.416178751    0.437595285    0.437563923
   57.447674187    0.437614236    0.437570412
   57.479169622    0.437616281    0.437576693
   57.510665058    0.437603080    0.437582790
   57.542160493    0.437582111    0.437588798
   57.573655928    0.437563810    0.437594845
   57.605151364    0.437557586    0.437601043
   57.636646799    0.437568226    0.437607449
   57.668142235    0.437594072    0.437614039
   57.699637670    0.437627662    0.437620717
   57.731133105    0.437658584    0.437627357
   57.762628541    0.437677454    0.437633845
   57.794123976    0.437679501    0.437640126
   57.825619412    0.437666382    0.437646224
   57.857114847    0.437645543    0.437652233
   57.888610282    0.437627373    0.437658281
   57.920105718    0.437621228    0.437664479
   57.951601153    0.437631868    0.437670884
   57.983096589    0.437657634    0.437677472
   58.014592024    0.437691096    0.437684148
   58.046087459    0.437721889    0.437690786
   58.077582895    0.437740679    0.437697273
   58.109078330    0.437742723    0.437703554
   58.140573766    0.437729679    0.437709653
   58.172069201    0.437708964    0.437715663
   58.203564637    0.437690919    0.437721712
   58.235060072    0.437684854    0.437727910
   58.266555507    0.437695498    0.437734314
   58.298050943    0.437721192    0.437740900
   58.329546378    0.437754532    0.437747575
   58.361041814    0.437785201    0.437754211
   58.392537249    0.437803910    0.437760697
   58.424032684    0.437805947    0.437766978
   58.455528120    0.437792971    0.437773077
   58.487023555    0.437772373    0.437779088
   58.518518991    0.437754449    0.437785137
   58.550014426    0.437748464    0.437791336
   58.581509861    0.437759116    0.437797739
   58.613005297    0.437784744    0.437804323
   58.644500732    0.437817969    0.437810996
   58.675996168    0.437848518    0.437817630
   58.707491603    0.437867146    0.437824115
   58.738987038    0.437869172    0.437830396
   58.770482474    0.437856258    0.437836496
   58.801977909    0.437835771    0.437842508
   58.833473345    0.437817964    0.437848557
   58.864968780    0.437812058    0.437854756
   58.896464216    0.437822722    0.437861159
   58.927959651    0.437848291    0.437867741
   58.959455086    0.437881408    0.437874412
   58.990950522    0.437911840    0.437881045
   59.022445957    0.437930389    0.437887529
   59.053941393    0.437932399    0.437893809
   59.085436828    0.437919540    0.437899909
   59.116932263    0.437899157    0.437905922
   59.148427699    0.437881463    0.437911972
   59.179923134    0.437875637    0.437918172
   59.211418570    0.437886317    0.437924573
   59.242914005    0.437911833    0.437931155
   59.274409440    0.437944848    0.437937823
   59.305904876    0.437975169    0.437944455
   59.337400311    0.437993636    0.437950937
   59.368895747    0.437995628    0.437957217
   59.400391182    0.437982818    0.437963318
   59.431886617    0.437962532    0.437969331
   59.463382053    0.437944947    0.437975383
   59.494877488    0.437939201    0.437981582
   59.526372924    0.437949901    0.437987983
   59.557868359    0.437975370    0.437994563
   59.589363795    0.438008290    0.438001230
   59.620859230    0.438038502    0.438007859
   59.652354665    0.438056889    0.438014341
   59.683850101    0.438058858    0.438020621
   59.715345536    0.438046090    0.438026722
   59.746840972    0.438025896    0.438032736
   59.778336407    0.438008417    0.438038788
   59.809831842    0.438002750    0.438044987
   59.841327278    0.438013473    0.438051388
   59.872822713    0.438038902    0.438057966
   59.904318149    0.438071732    0.438064632
   59.935813584    0.438101840    0.438071260
   59.967309019    0.438120147    0.438077740
   59.998804455    0.438122089    0.438084019
   60.030299890    0.438109358    0.438090120
   60.061795326    0.438089249    0.438096135
   60.093290761    0.438071872    0.438102188
   60.124786196    0.438066284    0.438108387
   60.156281632    0.438077035    0.438114787
   60.187777067    0.438102429    0.438121365
   60.219272503    0.438135176    0.438128029
   60.250767938    0.438165183    0.438134655
   60.282263374    0.438183409    0.438141134
   60.313758809    0.438185321    0.438147413
   60.345254244    0.438172621    0.438153514
   60.376749680    0.438152592    0.438159530
   60.408245115    0.438135313    0.438165583
   60.439740551    0.438129805    0.438171782
   60.471235986    0.438140587    0.438178182
   60.502731421    0.438165952    0.438184759
   60.534226857    0.438198621    0.438191421
   60.565722292    0.438228530    0.438198046
   60.597217728    0.438246675    0.438204524
   60.628713163    0.438248554    0.438210802
   60.660208598    0.438235879    0.438216904
   60.691704034    0.438215924    0.438222919
   60.723199469    0.438198740    0.438228973
   60.754694905    0.438193312    0.438235173
   60.786190340    0.438204129    0.438241572
   60.817685775    0.438229470    0.438248148
   60.849181211    0.438262066    0.438254809
   60.880676646    0.438291881    0.438261432
   60.912172082    0.438309946    0.438267909
   60.943667517    0.438311787    0.438274186
   60.975162953    0.438299132    0.438280288
   61.006658388    0.438279247    0.438286304
   61.038153823    0.438262154    0.438292358
   61.069649259    0.438256806    0.438298558
   61.101144694    0.438267661    0.438304958
   61.132640130    0.438292984    0.438311532
   61.164135565    0.438325513    0.438318192
   61.195631000    0.438355236    0.438324814
   61.227126436    0.438373220    0.438331289
   61.258621871    0.438375021    0.438337566
   61.290117307    0.438362381    0.438343668
   61.321612742    0.438342559    0.438349684
   61.353108177    0.438325555    0.438355739
   61.384603613    0.438320287    0.438361939
   61.416099048    0.438331183    0.438368338
   61.447594484    0.438356493    0.438374912
   61.479089919    0.438388959    0.438381570
   61.510585355    0.438418595    0.438388191
   61.542080790    0.438436498    0.438394665
   61.573576225    0.438438255    0.438400941
   61.605071661    0.438425624    0.438407043
   61.636567096    0.438405861    0.438413060
   61.668062532    0.438388944    0.438419115
   61.699557967    0.438383756    0.438425315
   61.731053402    0.438394696    0.438431714
   61.762548838    0.438419998    0.438438287
   61.794044273    0.438452407    0.438444944
   61.825539709    0.438481957    0.438451563
   61.857035144    0.438499778    0.438458036
   61.888530579    0.438501488    0.438464312
   61.920026015    0.438488863    0.438470413
   61.951521450    0.438469154    0.438476430
   61.983016886    0.438452320    0.438482486
   62.014512321    0.438447212    0.438488687
   62.046007756    0.438458200    0.438495085
   62.077503192    0.438483498    0.438501657
   62.108998627    0.438515854    0.438508313
   62.140494063    0.438545322    0.438514931
   62.171989498    0.438563062    0.438521403
   62.203484934    0.438564722    0.438527678
   62.234980369    0.438552097    0.438533779
   62.266475804    0.438532438    0.438539797
   62.297971240    0.438515684    0.438545852
   62.329466675    0.438510657    0.438552053
   62.360962111    0.438521695    0.438558452
   62.392457546    0.438546994    0.438565023
   62.423952981    0.438579302    0.438571678
   62.455448417    0.438608689    0.438578295
   62.486943852    0.438626348    0.438584766
   62.518439288    0.438627956    0.438591040
   62.549934723    0.438615326    0.438597140
   62.581430158    0.438595713    0.438603158
   62.612925594    0.438579037    0.438609214
   62.644421029    0.438574091    0.438615416
   62.675916465    0.438585182    0.438621814
   62.707411900    0.438610486    0.438628385
   62.738907335    0.438642749    0.438635039
   62.770402771    0.438672059    0.438641654
   62.801898206    0.438689636    0.438648124
   62.833393642    0.438691189    0.438654397
   62.864889077    0.438678551    0.438660497
   62.896384513    0.438658980    0.438666515
   62.927879948    0.438642378    0.438672571
   62.959375383    0.438637513    0.438678773
   62.990870819    0.438648659    0.438685171
   63.022366254    0.438673974    0.438691742
   63.053861690    0.438706196    0.438698395
   63.085357125    0.438735431    0.438705009
   63.116852560    0.438752927    0.438711477
   63.148347996    0.438754422    0.438717749
   63.179843431    0.438741772    0.438723850
   63.211338867    0.438722238    0.438729867
   63.242834302    0.438705709    0.438735924
   63.274329737    0.438700924    0.438742126
   63.305825173    0.438712129    0.438748524
   63.337320608    0.438737456    0.438755094
   63.368816044    0.438769643    0.438761746
   63.400311479    0.438798805    0.438768359
   63.431806914    0.438816219    0.438774826
   63.463302350    0.438817655    0.438781098
   63.494797785    0.438804988    0.438787197
   63.526293221    0.438785488    0.438793215
   63.557788656    0.438769030    0.438799272
   63.589284092    0.438764325    0.438805474
   63.620779527    0.438775590    0.438811873
   63.652274962    0.438800934    0.438818442
   63.683770398    0.438833088    0.438825093
   63.715265833    0.438862181    0.438831705
   63.746761269    0.438879514    0.438838171
   63.778256704    0.438880887    0.438844442
   63.809752139    0.438868201    0.438850541
   63.841247575    0.438848730    0.438856559
   63.872743010    0.438832340    0.438862616
   63.904238446    0.438827715    0.438868818
   63.935733881    0.438839042    0.438875217
   63.967229316    0.438864407    0.438881786
   63.998724752    0.438896532    0.438888436
   64.030220187    0.438925558    0.438895047
   64.061715623    0.438942810    0.438901512
   64.093211058    0.438944119    0.438907781
   64.124706493    0.438931410    0.438913880
   64.156201929    0.438911965    0.438919898
   64.187697364    0.438895640    0.438925955
   64.219192800    0.438891095    0.438932158
   64.250688235    0.438902485    0.438938556
   64.282183671    0.438927875    0.438945125
   64.313679106    0.438959975    0.438951775
   64.345174541    0.438988936    0.438958384
   64.376669977    0.439006108    0.438964848
   64.408165412    0.439007351    0.438971117
   64.439660848    0.438994615    0.438977215
   64.471156283    0.438975193    0.438983232
   64.502651718    0.438958930    0.438989290
   64.534147154    0.438954464    0.438995493
   64.565642589    0.438965921    0.439001891
   64.597138025    0.438991337    0.439008460
   64.628633460    0.439023417    0.439015109
   64.660128895    0.439052315    0.439021717
   64.691624331    0.439069408    0.439028180
   64.723119766    0.439070584    0.439034448
   64.754615202    0.439057817    0.439040545
   64.786110637    0.439038413    0.439046562
   64.817606072    0.439022210    0.439052620
   64.849101508    0.439017823    0.439058823
   64.880596943    0.439029347    0.439065222
   64.912092379    0.439054795    0.439071790
   64.943587814    0.439086857    0.439078439
   64.975083250    0.439115696    0.439085046
   65.006578685    0.439132710    0.439091508
   65.038074120    0.439133816    0.439097775
   65.069569556    0.439121016    0.439103871
   65.101064991    0.439101626    0.439109888
   65.132560427    0.439085480    0.439115946
   65.164055862    0.439081171    0.439122149
   65.195551297    0.439092764    0.439128548
   65.227046733    0.439118247    0.439135117
   65.258542168    0.439150295    0.439141765
   65.290037604    0.439179078    0.439148371
   65.321533039    0.439196013    0.439154832
   65.353028474    0.439197049    0.439161097
   65.384523910    0.439184212    0.439167193
   65.416019345    0.439164833    0.439173209
   65.447514781    0.439148741    0.439179267
   65.479010216    0.439144509    0.439185471
   65.510505651    0.439156173    0.439191870
   65.542001087    0.439181693    0.439198439
   65.573496522    0.439213732    0.439205086
   65.604991958    0.439242462    0.439211692
   65.636487393    0.439259319    0.439218151
   65.667982829    0.439260282    0.439224415
   65.699478264    0.439247405    0.439230510
   65.730973699    0.439228032    0.439236526
   65.762469135    0.439211992    0.439242584
   65.793964570    0.439207836    0.439248789
   65.825460006    0.439219573    0.439255188
   65.856955441    0.439245134    0.439261756
   65.888450876    0.439277168    0.439268403
   65.919946312    0.439305846    0.439275008
   65.951441747    0.439322627    0.439281466
   65.982937183    0.439323516    0.439287729
   66.014432618    0.439310594    0.439293823
   66.045928053    0.439291225    0.439299839
   66.077423489    0.439275232    0.439305897
   66.108918924    0.439271152    0.439312102
   66.140414360    0.439282963    0.439318501
   66.171909795    0.439308570    0.439325070
   66.203405231    0.439340601    0.439331716
   66.234900666    0.439369232    0.439338320
   66.266396101    0.439385937    0.439344777
   66.297891537    0.439386750    0.439351039
   66.329386972    0.439373781    0.439357132
   66.360882408    0.439354410    0.439363148
   66.392377843    0.439338463    0.439369206
   66.423873278    0.439334458    0.439375411
   66.455368714    0.439346345    0.439381811
   66.486864149    0.439372000    0.439388379
   66.518359585    0.439404034    0.439395025
   66.549855020    0.439432620    0.439401628
   66.581350455    0.439449249    0.439408084
   66.612845891    0.439449984    0.439414345
   66.644341326    0.439436965    0.439420437
   66.675836762    0.439417589    0.439426452
   66.707332197    0.439401684    0.439432510
   66.738827632    0.439397753    0.439438715
   66.770323068    0.439409718    0.439445115
   66.801818503    0.439435424    0.439451684
   66.833313939    0.439467465    0.439458330
   66.864809374    0.439496009    0.439464932
   66.896304810    0.439512564    0.439471387
   66.927800245    0.439513219    0.439477646
   66.959295680    0.439500145    0.439483737
   66.990791116    0.439480760    0.439489752
   67.022286551    0.439464895    0.439495810
   67.053781987    0.439461037    0.439502015
   67.085277422    0.439473082    0.439508416
   67.116772857    0.439498844    0.439514985
   67.148268293    0.439530895    0.439521630
   67.179763728    0.439559400    0.439528232
   67.211259164    0.439575881    0.439534685
   67.242754599    0.439576455    0.439540943
   67.274250034    0.439563322    0.439547034
   67.305745470    0.439543924    0.439553047
   67.337240905    0.439528096    0.439559105
   67.368736341    0.439524311    0.439565311
   67.400231776    0.439536437    0.439571712
   67.431727211    0.439562259    0.439578281
   67.463222647    0.439594324    0.439584926
   67.494718082    0.439622793    0.439591527
   67.526213518    0.439639200    0.439597980
   67.557708953    0.439639691    0.439604237
   67.589204389    0.439626496    0.439610326
   67.620699824    0.439607080    0.439616339
   67.652195259    0.439591286    0.439622397
   67.683690695    0.439587574    0.439628603
   67.715186130    0.439599783    0.439635004
   67.746681566    0.439625668    0.439641574
   67.778177001    0.439657752    0.439648219
   67.809672436    0.439686188    0.439654819
   67.841167872    0.439702522    0.439661270
   67.872663307    0.439702927    0.439667526
   67.904158743    0.439689667    0.439673614
   67.935654178    0.439670230    0.439679626
   67.967149613    0.439654467    0.439685684
   67.998645049    0.439650826    0.439691890
   68.030140484    0.439663122    0.439698292
   68.061635920    0.439689073    0.439704862
   68.093131355    0.439721179    0.439711507
   68.124626790    0.439749584    0.439718106
   68.156122226    0.439765845    0.439724556
   68.187617661    0.439766163    0.439730810
   68.219113097    0.439752834    0.439736897
   68.250608532    0.439733371    0.439742909
   68.282103968    0.439717637    0.439748966
   68.313599403    0.439714069    0.439755173
   68.345094838    0.439726451    0.439761576
   68.376590274    0.439752473    0.439768146
   68.408085709    0.439784606    0.439774790
   68.439581145    0.439812982    0.439781389
   68.471076580    0.439829171    0.439787838
   68.502572015    0.439829399    0.439794091
   68.534067451    0.439815997    0.439800177
   68.565562886    0.439796506    0.439806188
   68.597058322    0.439780798    0.439812245
   68.628553757    0.439777301    0.439818452
   68.660049192    0.439789773    0.439824855
   68.691544628    0.439815869    0.439831425
   68.723040063    0.439848031    0.439838070
   68.754535499    0.439876382    0.439844668
   68.786030934    0.439892499    0.439851116
   68.817526369    0.439892635    0.439857368
   68.849021805    0.439879156    0.439863452
   68.880517240    0.439859632    0.439869462
   68.912012676    0.439843948    0.439875519
   68.943508111    0.439840523    0.439881727
   68.975003547    0.439853087    0.439888130
   69.006498982    0.439879260    0.439894701
   69.037994417    0.439911456    0.439901346
   69.069489853    0.439939783    0.439907943
   69.100985288    0.439955828    0.439914390
   69.132480724    0.439955871    0.439920640
   69.163976159    0.439942311    0.439926723
   69.195471594    0.439922752    0.439932733
   69.226967030    0.439907089    0.439938790
   69.258462465    0.439903735    0.439944997
   69.289957901    0.439916393    0.439951401
   69.321453336    0.439942648    0.439957972
   69.352948771    0.439974880    0.439964617
   69.384444207    0.440003186    0.439971214
   69.415939642    0.440019159    0.439977660
   69.447435078    0.440019106    0.439983909
   69.478930513    0.440005463    0.439989991
   69.510425948    0.439985863    0.439995999
   69.541921384    0.439970220    0.440002056
   69.573416819    0.439966937    0.440008263
   69.604912255    0.439979692    0.440014668
   69.636407690    0.440006030    0.440021240
   69.667903126    0.440038304    0.440027884
   69.699398561    0.440066590    0.440034481
   69.730893996    0.440082491    0.440040925
   69.762389432    0.440082340    0.440047173
   69.793884867    0.440068610    0.440053253
   69.825380303    0.440048968    0.440059261
   69.856875738    0.440033342    0.440065317
   69.888371173    0.440030130    0.440071525
   69.919866609    0.440042982    0.440077931
   69.951362044    0.440069409    0.440084503
   69.982857480    0.440101726    0.440091148
   70.014352915    0.440129995    0.440097743
   70.045848350    0.440145824    0.440104187
   70.077343786    0.440145574    0.440110433
   70.108839221    0.440131754    0.440116512
   70.140334657    0.440112065    0.440122519
   70.171830092    0.440096455    0.440128575
   70.203325527    0.440093313    0.440134783
   70.234820963    0.440106265    0.440141189
   70.266316398    0.440132782    0.440147762
   70.297811834    0.440165147    0.440154407
   70.329307269    0.440193401    0.440161002
   70.360802705    0.440209159    0.440167444
   70.392298140    0.440208807    0.440173689
   70.423793575    0.440194894    0.440179767
   70.455289011    0.440175156    0.440185773
   70.486784446    0.440159558    0.440191828
   70.518279882    0.440156487    0.440198037
   70.549775317    0.440169541    0.440204443
   70.581270752    0.440196152    0.440211016
   70.612766188    0.440228566    0.440217662
   70.644261623    0.440256808    0.440224256
   70.675757059    0.440272494    0.440230698
   70.707252494    0.440272039    0.440236941
   70.738747929    0.440258030    0.440243018
   70.770243365    0.440238240    0.440249022
   70.801738800    0.440222653    0.440255077
   70.833234236    0.440219652    0.440261286
   70.864729671    0.440232809    0.440267693
   70.896225106    0.440259516    0.440274267
   70.927720542    0.440291984    0.440280912
   70.959215977    0.440320215    0.440287507
   70.990711413    0.440335831    0.440293947
   71.022206848    0.440335271    0.440300189
   71.053702284    0.440321163    0.440306264
   71.085197719    0.440301317    0.440312267
   71.116693154    0.440285739    0.440318322
   71.148188590    0.440282808    0.440324531
   71.179684025    0.440296069    0.440330938
   71.211179461    0.440322876    0.440337513
   71.242674896    0.440355400    0.440344159
   71.274170331    0.440383623    0.440350753
   71.305665767    0.440399168    0.440357193
   71.337161202    0.440398503    0.440363433
   71.368656638    0.440384293    0.440369506
   71.400152073    0.440364388    0.440375508
   71.431647508    0.440348816    0.440381562
   71.463142944    0.440345954    0.440387772
   71.494638379    0.440359321    0.440394180
   71.526133815    0.440386230    0.440400755
   71.557629250    0.440418814    0.440407402
   71.589124686    0.440447031    0.440413996
   71.620620121    0.440462507    0.440420434
   71.652115556    0.440461734    0.440426673
   71.683610992    0.440447420    0.440432744
   71.715106427    0.440427452    0.440438745
   71.746601863    0.440411884    0.440444799
   71.778097298    0.440409090    0.440451008
   71.809592733    0.440422564    0.440457417
   71.841088169    0.440449579    0.440463993
   71.872583604    0.440482226    0.440470640
   71.904079040    0.440510440    0.440477234
   71.935574475    0.440525847    0.440483671
   71.967069910    0.440524965    0.440489908
   71.998565346    0.440510544    0.440495978
   72.030060781    0.440490511    0.440501978
   72.061556217    0.440474943    0.440508031
   72.093051652    0.440472217    0.440514240
   72.124547087    0.440485800    0.440520650
   72.156042523    0.440512922    0.440527227
   72.187537958    0.440545636    0.440533874
   72.219033394    0.440573849    0.440540468
   72.250528829    0.440589188    0.440546904
   72.282024265    0.440588197    0.440553140
   72.313519700    0.440573666    0.440559208
   72.345015135    0.440553563    0.440565206
   72.376510571    0.440537994    0.440571259
   72.408006006    0.440535334    0.440577468
   72.439501442    0.440549026    0.440583879
   72.470996877    0.440576260    0.440590457
   72.502492312    0.440609043    0.440597104
   72.533987748    0.440637259    0.440603698
   72.565483183    0.440652531    0.440610133
   72.596978619    0.440651429    0.440616367
   72.628474054    0.440636785    0.440622434
   72.659969489    0.440616609    0.440628431
   72.691464925    0.440601036    0.440634482
   72.722960360    0.440598442    0.440640692
   72.754455796    0.440612244    0.440647103
   72.785951231    0.440639591    0.440653682
   72.817446666    0.440672448    0.440660330
   72.848942102    0.440700670    0.440666924
   72.880437537    0.440715876    0.440673358
   72.911932973    0.440714663    0.440679590
   72.943428408    0.440699902    0.440685655
   72.974923844    0.440679650    0.440691651
   73.006419279    0.440664069    0.440697702
   73.037914714    0.440661538    0.440703911
   73.069410150    0.440675452    0.440710324
   73.100905585    0.440702916    0.440716903
   73.132401021    0.440735851    0.440723552
   73.163896456    0.440764081    0.440730145
   73.195391891    0.440779224    0.440736579
   73.226887327    0.440777897    0.440742810
   73.258382762    0.440763016    0.440748873
   73.289878198    0.440742684    0.440754866
   73.321373633    0.440727092    0.440760917
   73.352869068    0.440724624    0.440767127
   73.384364504    0.440738651    0.440773539
   73.415859939    0.440766235    0.440780120
   73.447355375    0.440799252    0.440786770
   73.478850810    0.440827494    0.440793363
   73.510346245    0.440842573    0.440799795
   73.541841681    0.440841132    0.440806025
   73.573337116    0.440826129    0.440812086
   73.604832552    0.440805712    0.440818078
   73.636327987    0.440790105    0.440824127
   73.667823423    0.440787699    0.440830337
   73.699318858    0.440801840    0.440836751
   73.730814293    0.440829548    0.440843333
   73.762309729    0.440862651    0.440849983
   73.793805164    0.440890908    0.440856576
   73.825300600    0.440905926    0.440863008
   73.856796035    0.440904369    0.440869235
   73.888291470    0.440889239    0.440875294
   73.919786906    0.440868733    0.440881285
   73.951282341    0.440853109    0.440887334
   73.982777777    0.440850763    0.440893544
   74.014273212    0.440865020    0.440899959
   74.045768647    0.440892855    0.440906542
   74.077264083    0.440926048    0.440913193
   74.108759518    0.440954324    0.440919786
   74.140254954    0.440969282    0.440926216
   74.171750389    0.440967607    0.440932442
   74.203245824    0.440952348    0.440938499
   74.234741260    0.440931748    0.440944488
   74.266236695    0.440916102    0.440950536
   74.297732131    0.440913815    0.440956746
   74.329227566    0.440928189    0.440963162
   74.360723002    0.440956155    0.440969746
   74.392218437    0.440989444    0.440976398
   74.423713872    0.441017742    0.440982991
   74.455209308    0.441032640    0.440989420
   74.486704743    0.441030847    0.440995644
   74.518200179    0.441015454    0.441001699
   74.549695614    0.440994756    0.441007687
   74.581191049    0.440979084    0.441013734
   74.612686485    0.440976855    0.441019944
   74.644181920    0.440991348    0.441026360
   74.675677356    0.441019449    0.441032946
   74.707172791    0.441052838    0.441039598
   74.738668226    0.441081162    0.441046191
   74.770163662    0.441096002    0.441052620
   74.801659097    0.441094088    0.441058842
   74.833154533    0.441078557    0.441064896
   74.864649968    0.441057756    0.441070881
   74.896145403    0.441042056    0.441076927
   74.927640839    0.441039884    0.441083138
   74.959136274    0.441054497    0.441089555
   74.990631710    0.441082738    0.441096141
   75.022127145    0.441116230    0.441102795
   75.053622581    0.441144585    0.441109388
   75.085118016    0.441159368    0.441115816
   75.116613451    0.441157331    0.441122036
   75.148108887    0.441141658    0.441128087
   75.179604322    0.441120750    0.441134071
   75.211099758    0.441105017    0.441140116
   75.242595193    0.441102900    0.441146327
   75.274090628    0.441117636    0.441152745
   75.305586064    0.441146020    0.441159333
   75.337081499    0.441179622    0.441165987
   75.368576935    0.441208010    0.441172581
   75.400072370    0.441222737    0.441179007
   75.431567805    0.441220576    0.441185226
   75.463063241    0.441204756    0.441191275
   75.494558676    0.441183735    0.441197257
   75.526054112    0.441167966    0.441203301
   75.557549547    0.441165904    0.441209512
   75.589044982    0.441180765    0.441215931
   75.620540418    0.441209297    0.441222520
   75.652035853    0.441243013    0.441229175
   75.683531289    0.441271438    0.441235769
   75.715026724    0.441286110    0.441242195
   75.746522160    0.441283822    0.441248412
   75.778017595    0.441267851    0.441254458
   75.809513030    0.441246712    0.441260438
   75.841008466    0.441230904    0.441266481
   75.872503901    0.441228896    0.441272692
   75.903999337    0.441243884    0.441279112
   75.935494772    0.441272568    0.441285702
   75.966990207    0.441306404    0.441292359
   75.998485643    0.441334869    0.441298953
   76.029981078    0.441349486    0.441305377
   76.061476514    0.441347069    0.441311593
   76.092971949    0.441330943    0.441317637
   76.124467384    0.441309682    0.441323615
   76.155962820    0.441293831    0.441329657
   76.187458255    0.441291875    0.441335868
   76.218953691    0.441306994    0.441342289
   76.250449126    0.441335834    0.441348880
   76.281944562    0.441369794    0.441355538
   76.313439997    0.441398303    0.441362132
   76.344935432    0.441412866    0.441368556
   76.376430868    0.441410318    0.441374770
   76.407926303    0.441394032    0.441380812
   76.439421739    0.441372643    0.441386788
   76.470917174    0.441356745    0.441392828
   76.502412609    0.441354843    0.441399039
   76.533908045    0.441370093    0.441405461
   76.565403480    0.441399095    0.441412054
   76.596898916    0.441433183    0.441418713
   76.628394351    0.441461739    0.441425307
   76.659889786    0.441476250    0.441431731
   76.691385222    0.441473567    0.441437942
   76.722880657    0.441457117    0.441443982
   76.754376093    0.441435596    0.441449956
   76.785871528    0.441419649    0.441455995
   76.817366963    0.441417798    0.441462206
   76.848862399    0.441433182    0.441468629
   76.880357834    0.441462350    0.441475223
   76.911853270    0.441496572    0.441481884
   76.943348705    0.441525179    0.441488478
   76.974844141    0.441539637    0.441494901
   77.006339576    0.441536817    0.441501110
   77.037835011    0.441520199    0.441507148
   77.069330447    0.441498541    0.441513120
   77.100825882    0.441482540    0.441519158
   77.132321318    0.441480741    0.441525368
   77.163816753    0.441496262    0.441531792
   77.195312188    0.441525600    0.441538388
   77.226807624    0.441559960    0.441545050
   77.258303059    0.441588621    0.441551645
   77.289798495    0.441603027    0.441558066
   77.321293930    0.441600069    0.441564274
   77.352789365    0.441583277    0.441570309
   77.384284801    0.441561477    0.441576279
   77.415780236    0.441545421    0.441582316
   77.447275672    0.441543672    0.441588526
   77.478771107    0.441559332    0.441594951
   77.510266542    0.441588844    0.441601548
   77.541761978    0.441623348    0.441608211
   77.573257413    0.441652065    0.441614807
   77.604752849    0.441666420    0.441621228
   77.636248284    0.441663321    0.441627434
   77.667743720    0.441646352    0.441633466
   77.699239155    0.441624406    0.441639434
   77.730734590    0.441608290    0.441645469
   77.762230026    0.441606591    0.441651679
   77.793725461    0.441622392    0.441658105
   77.825220897    0.441652082    0.441664704
   77.856716332    0.441686734    0.441671368
   77.888211767    0.441715512    0.441677964
   77.919707203    0.441729817    0.441684385
   77.951202638    0.441726575    0.441690589
   77.982698074    0.441709424    0.441696619
   78.014193509    0.441687327    0.441702584
   78.045688944    0.441671147    0.441708618
   78.077184380    0.441669498    0.441714828
   78.108679815    0.441685442    0.441721254
   78.140175251    0.441715315    0.441727855
   78.171670686    0.441750119    0.441734521
   78.203166121    0.441778962    0.441741118
   78.234661557    0.441793216    0.441747537
   78.266156992    0.441789830    0.441753739
   78.297652428    0.441772493    0.441759767
   78.329147863    0.441750240    0.441765730
   78.360643299    0.441733994    0.441771762
   78.392138734    0.441732392    0.441777971
   78.423634169    0.441748481    0.441784399
   78.455129605    0.441778541    0.441791002
   78.486625040    0.441813503    0.441797669
   78.518120476    0.441842413    0.441804266
   78.549615911    0.441856620    0.441810685
   78.581111346    0.441853086    0.441816886
   78.612606782    0.441835560    0.441822911
   78.644102217    0.441813146    0.441828871
   78.675597653    0.441796829    0.441834901
   78.707093088    0.441795274    0.441841110
   78.738588523    0.441811510    0.441847539
   78.770083959    0.441841761    0.441854143
   78.801579394    0.441876885    0.441860812
   78.833074830    0.441905867    0.441867411
   78.864570265    0.441920026    0.441873829
   78.896065700    0.441916344    0.441880027
   78.927561136    0.441898624    0.441886050
   78.959056571    0.441876044    0.441892007
   78.990552007    0.441859653    0.441898036
   79.022047442    0.441858143    0.441904245
   79.053542878    0.441874527    0.441910674
   79.085038313    0.441904973    0.441917280
   79.116533748    0.441940265    0.441923951
   79.148029184    0.441969322    0.441930550
   79.179524619    0.441983437    0.441936968
   79.211020055    0.441979605    0.441943164
   79.242515490    0.441961687    0.441949184
   79.274010925    0.441938936    0.441955138
   79.305506361    0.441922465    0.441961165
   79.337001796    0.441920999    0.441967374
   79.368497232    0.441937533    0.441973805
   79.399992667    0.441968177    0.441980413
   79.431488102    0.442003642    0.441987086
   79.462983538    0.442032780    0.441993685
   79.494478973    0.442046851    0.442000103
   79.525974409    0.442042868    0.442006297
   79.557469844    0.442024748    0.442012314
   79.588965279    0.442001820    0.442018265
   79.620460715    0.441985266    0.442024290
   79.651956150    0.441983841    0.442030499
   79.683451586    0.442000526    0.442036930
   79.714947021    0.442031374    0.442043540
   79.746442457    0.442067017    0.442050215
   79.777937892    0.442096240    0.442056816
   79.809433327    0.442110270    0.442063233
   79.840928763    0.442106135    0.442069425
   79.872424198    0.442087808    0.442075439
   79.903919634    0.442064698    0.442081387
   79.935415069    0.442048055    0.442087410
   79.966910504    0.442046669    0.442093618
   79.998405940    0.442063506    0.442100051
   80.029901375    0.442094562    0.442106663
   80.061396811    0.442130390    0.442113340
   80.092892246    0.442159703    0.442119942
   80.124387681    0.442173695    0.442126358
   80.155883117    0.442169406    0.442132548
   80.187378552    0.442150868    0.442138559
   80.218873988    0.442127569    0.442144505
   80.250369423    0.442110831    0.442150526
   80.281864858    0.442109482    0.442156733
   80.313360294    0.442126472    0.442163167
   80.344855729    0.442157740    0.442169781
   80.376351165    0.442193759    0.442176460
   80.407846600    0.442223169    0.442183063
   80.439342036    0.442237125    0.442189478
   80.470837471    0.442232681    0.442195667
   80.502332906    0.442213927    0.442201674
   80.533828342    0.442190433    0.442207617
   80.565323777    0.442173595    0.442213636
   80.596819213    0.442172279    0.442219843
   80.628314648    0.442189423    0.442226278
   80.659810083    0.442220910    0.442232895
   80.691305519    0.442257126    0.442239575
   80.722800954    0.442286638    0.442246179
   80.754296390    0.442300561    0.442252594
   80.785791825    0.442295961    0.442258780
   80.817287260    0.442276986    0.442264784
   80.848782696    0.442253290    0.442270724
   80.880278131    0.442236346    0.442276741
   80.911773567    0.442235060    0.442282948
   80.943269002    0.442252360    0.442289385
   80.974764437    0.442284069    0.442296004
   81.006259873    0.442320490    0.442302686
   81.037755308    0.442350111    0.442309290
   81.069250744    0.442364005    0.442315702
   81.100746179    0.442359247    0.442321883
   81.132241615    0.442340045    0.442327884
   81.163737050    0.442316140    0.442333826
   81.195232485    0.442299082    0.442339855
   81.226727921    0.442297823    0.442346089
   81.258223356    0.442315281    0.442352573
   81.289718792    0.442347218    0.442359261
   81.321214227    0.442383852    0.442366039
   81.352709662    0.442413589    0.442372764
   81.384205098    0.442427456    0.442379325
   81.415700533    0.442422539    0.442385682
   81.447195969    0.442403105    0.442391882
   81.478691404    0.442378982    0.442398045
   81.510186839    0.442361804    0.442404315
   81.541682275    0.442360569    0.442410804
   81.573177710    0.442378185    0.442417553
   81.604673146    0.442410357    0.442424514
   81.636168581    0.442447212    0.442431566
   81.667664017    0.442477072    0.442438565
   81.699159452    0.442490916    0.442445398
   81.730654887    0.442485838    0.442452023
   81.762150323    0.442466165    0.442458490
   81.793645758    0.442441816    0.442464920
   81.825141194    0.442424510    0.442471456
   81.856636629    0.442423295    0.442478214
   81.888132064    0.442441073    0.442485234
   81.919627500    0.442473486    0.442492467
   81.951122935    0.442510571    0.442499792
   81.982618371    0.442540561    0.442507064
   82.014113806    0.442554385    0.442514166
   82.045609241    0.442549144    0.442521059
   82.077104677    0.442529226    0.442527793
   82.108600112    0.442504641    0.442534488
   82.140095548    0.442487201    0.442541292
   82.171590983    0.442486002    0.442548319
   82.203086418    0.442503943    0.442555611
   82.234581854    0.442536604    0.442563116
   82.266077289    0.442573928    0.442570714
   82.297572725    0.442604056    0.442578257
   82.329068160    0.442617864    0.442585630
   82.360563596    0.442612458    0.442592791
   82.392059031    0.442592286    0.442599791
   82.423554466    0.442567457    0.442606753
   82.455049902    0.442549874    0.442613824
   82.486545337    0.442548689    0.442621120
   82.518040773    0.442566795    0.442628683
   82.549536208    0.442599712    0.442636461
   82.581031643    0.442637284    0.442644332
   82.612527079    0.442667558    0.442652147
   82.644022514    0.442681354    0.442659789
   82.675517950    0.442675779    0.442667218
   82.707013385    0.442655347    0.442674484
   82.738508820    0.442630263    0.442681712
   82.770004256    0.442612529    0.442689051
   82.801499691    0.442611354    0.442696616
   82.832995127    0.442629630    0.442704450
   82.864490562    0.442662810    0.442712501
   82.895985997    0.442700640    0.442720645
   82.927481433    0.442731068    0.442728731
   82.958976868    0.442744854    0.442736644
   82.990472304    0.442739107    0.442744340
   83.021967739    0.442718407    0.442751873
   83.053463175    0.442693059    0.442759367
   83.084958610    0.442675166    0.442766973
   83.116454045    0.442673998    0.442774808
   83.147949481    0.442692446    0.442782913
   83.179444916    0.442725899    0.442791236
   83.210940352    0.442763997    0.442799653
   83.242435787    0.442794586    0.442808012
   83.273931222    0.442808365    0.442816194
   83.305426658    0.442802443    0.442824158
   83.336922093    0.442781466    0.442831958
   83.368417529    0.442755843    0.442839718
   83.399912964    0.442737783    0.442847590
   83.431408399    0.442736621    0.442855694
   83.462903835    0.442755245    0.442864070
   83.494399270    0.442788978    0.442872667
   83.525894706    0.442827355    0.442881357
   83.557390141    0.442858114    0.442889987
   83.588885576    0.442871887    0.442898439
   83.620381012    0.442865786    0.442906672
   83.651876447    0.442844522    0.442914737
   83.683371883    0.442818615    0.442922763
   83.714867318    0.442800381    0.442930902
   83.746362754    0.442799223    0.442939275
   83.777858189    0.442818027    0.442947923
   83.809353624    0.442852050    0.442956792
   83.840849060    0.442890715    0.442965755
   83.872344495    0.442921650    0.442974658
   83.903839931    0.442935418    0.442983380
   83.935335366    0.442929132    0.442991881
   83.966830801    0.442907572    0.443000212
   83.998326237    0.442881372    0.443008504
   84.029821672    0.442862958    0.443016910
   84.061317108    0.442861805    0.443025552
   84.092812543    0.442880798    0.443034471
   84.124307978    0.442915120    0.443043613
   84.155803414    0.442954081    0.443052849
   84.187298849    0.442985195    0.443062024
   84.218794285    0.442998955    0.443071017
   84.250289720    0.442992475    0.443079785
   84.281785155    0.442970609    0.443088382
   84.313280591    0.442944108    0.443096940
   84.344776026    0.442925517    0.443105612
   84.376271462    0.442924378    0.443114523
   84.407766897    0.442943572    0.443123713
   84.439262333    0.442978204    0.443133128
   84.470757768    0.443017463    0.443142638
   84.502253203    0.443048745    0.443152085
   84.533748639    0.443062473    0.443161348
   84.565244074    0.443055775    0.443170384
   84.596739510    0.443033591    0.443179247
   84.628234945    0.443006801    0.443188070
   84.659730380    0.442988071    0.443197010
   84.691225816    0.442987005    0.443206189
   84.722721251    0.443006458    0.443215650
   84.754216687    0.443041422    0.443225338
   84.785712122    0.443080930    0.443235121
   84.817207557    0.443112240    0.443244841
   84.848702993    0.443125727    0.443254375
   84.880198428    0.443118594    0.443263678
   84.911693864    0.443096001    0.443272808
   84.943189299    0.443069148    0.443281896
   84.974684734    0.443051058    0.443291102
   85.006180170    0.443051646    0.443300549
   85.037675605    0.443073960    0.443310282
   85.069171041    0.443113031    0.443320243
   85.100666476    0.443157763    0.443330300
   85.132161912    0.443195160    0.443340292
   85.163657347    0.443215264    0.443350096
   85.195152782    0.443214933    0.443359667
   85.226648218    0.443199005    0.443369063
   85.258143653    0.443178415    0.443378417
   85.289639089    0.443165974    0.443387889
   85.321134524    0.443171434    0.443397605
   85.352629959    0.443197726    0.443407608
   85.384125395    0.443239801    0.443417842
   85.415620830    0.443286546    0.443428173
   85.447116266    0.443325020    0.443438438
   85.478611701    0.443345409    0.443448512
   85.510107136    0.443344792    0.443458352
   85.541602572    0.443328281    0.443468013
   85.573098007    0.443307085    0.443477632
   85.604593443    0.443294235    0.443487370
   85.636088878    0.443299601    0.443497355
   85.667584313    0.443326107    0.443507629
   85.699079749    0.443368596    0.443518136
   85.730575184    0.443415782    0.443528740
   85.762070620    0.443454556    0.443539279
   85.793566055    0.443474995    0.443549624
   85.825061491    0.443474170    0.443559731
   85.856556926    0.443457279    0.443569657
   85.888052361    0.443435681    0.443579536
   85.919547797    0.443422559    0.443589528
   85.951043232    0.443427886    0.443599758
   85.982538668    0.443454598    0.443610264
   86.014034103    0.443497456    0.443620985
   86.045529538    0.443545032    0.443631777
   86.077024974    0.443584068    0.443642474
   86.108520409    0.443604540    0.443652944
   86.140015845    0.443603508    0.443663143
   86.171511280    0.443586249    0.443673129
   86.203006715    0.443564261    0.443683043
   86.234502151    0.443550878    0.443693052
   86.265997586    0.443556171    0.443703287
   86.297493022    0.443583089    0.443713794
   86.328988457    0.443626316    0.443724513
   86.360483893    0.443674282    0.443735305
   86.391979328    0.443713580    0.443746001
   86.423474763    0.443734086    0.443756471
   86.454970199    0.443732846    0.443766667
   86.486465634    0.443715214    0.443776651
   86.517961070    0.443692831    0.443786560
   86.549456505    0.443679181    0.443796566
   86.580951940    0.443684437    0.443806799
   86.612447376    0.443711563    0.443817307
   86.643942811    0.443755164    0.443828029
   86.675438247    0.443803529    0.443838824
   86.706933682    0.443843097    0.443849524
   86.738429117    0.443863642    0.443859994
   86.769924553    0.443862191    0.443870189
   86.801419988    0.443844181    0.443880168
   86.832915424    0.443821393    0.443890072
   86.864410859    0.443807466    0.443900073
   86.895906294    0.443812679    0.443910304
   86.927401730    0.443840014    0.443920812
   86.958897165    0.443883997    0.443931537
   86.990392601    0.443932771    0.443942337
   87.021888036    0.443972620    0.443953041
   87.053383472    0.443993210    0.443963512
   87.084878907    0.443991549    0.443973705
   87.116374342    0.443973151    0.443983679
   87.147869778    0.443949946    0.443993577
   87.179365213    0.443935730    0.444003573
   87.210860649    0.443940895    0.444013801
   87.242356084    0.443968440    0.444024310
   87.273851519    0.444012812    0.444035039
   87.305346955    0.444062009    0.444045844
   87.336842390    0.444102151    0.444056551
   87.368337826    0.444122792    0.444067024
   87.399833261    0.444120920    0.444077215
   87.431328696    0.444102127    0.444087184
   87.462824132    0.444078492    0.444097076
   87.494319567    0.444063975    0.444107065
   87.525815003    0.444069082    0.444117291
   87.557310438    0.444096837    0.444127800
   87.588805873    0.444141607    0.444138533
   87.620301309    0.444191239    0.444149343
   87.651796744    0.444231689    0.444160055
   87.683292180    0.444252391    0.444170530
   87.714787615    0.444250308    0.444180718
   87.746283051    0.444231111    0.444190682
   87.777778486    0.444207032    0.444200567
   87.809273921    0.444192200    0.444210551
   87.840769357    0.444197240    0.444220774
   87.872264792    0.444225204    0.444231284
   87.903760228    0.444270381    0.444242020
   87.935255663    0.444320462    0.444252836
   87.966751098    0.444361233    0.444263552
   87.998246534    0.444382005    0.444274029
   88.029741969    0.444379713    0.444284216
   88.061237405    0.444360104    0.444294174
   88.092732840    0.444335568    0.444304052
   88.124228275    0.444320404    0.444314030
   88.155723711    0.444325368    0.444324249
   88.187219146    0.444353539    0.444334759
   88.218714582    0.444399130    0.444345500
   88.250210017    0.444449675    0.444356321
   88.281705452    0.444490783    0.444367043
   88.313200888    0.444511636    0.444377521
   88.344696323    0.444509136    0.444387706
   88.376191759    0.444489109    0.444397659
   88.407687194    0.444464100    0.444407530
   88.439182630    0.444448591    0.444417501
   88.470678065    0.444453466    0.444427717
   88.502173500    0.444481841    0.444438228
   88.533668936    0.444527853    0.444448972
   88.565164371    0.444578875    0.444459799
   88.596659807    0.444620336    0.444470526
   88.628155242    0.444641282    0.444481006
   88.659650677    0.444638579    0.444491189
   88.691146113    0.444618127    0.444501137
   88.722641548    0.444592633    0.444511002
   88.754136984    0.444576762    0.444520968
   88.785632419    0.444581537    0.444531182
   88.817127854    0.444610111    0.444541693
   88.848623290    0.444656547    0.444552437
   88.880118725    0.444708058    0.444563256
   88.911614161    0.444749886    0.444573961
   88.943109596    0.444770938    0.444584398
   88.974605031    0.444768038    0.444594512
   89.006100467    0.444747161    0.444604361
   89.037595902    0.444721175    0.444614098
   89.069091338    0.444704929    0.444623907
   89.100586773    0.444709589    0.444633939
   89.132082209    0.444738353    0.444644248
   89.163577644    0.444785208    0.444654771
   89.195073079    0.444837211    0.444665354
   89.226568515    0.444879415    0.444675809
   89.258063950    0.444900588    0.444685986
   89.289559386    0.444897507    0.444695828
   89.321054821    0.444876218    0.444705399
   89.352550256    0.444849743    0.444714854
   89.384045692    0.444833116    0.444724384
   89.415541127    0.444837643    0.444734140
   89.447036563    0.444866568    0.444744179
   89.478531998    0.444913819    0.444754437
   89.510027433    0.444966308    0.444764758
   89.541522869    0.445008918    0.444774950
   89.573018304    0.445030273    0.444784860
   89.604513740    0.445027080    0.444794431
   89.636009175    0.445005380    0.444803725
   89.667504610    0.444978221    0.444812901
   89.699000046    0.444960627    0.444822152
   89.730495481    0.444963805    0.444831633
   89.761990917    0.444990791    0.444841401
   89.793486352    0.445035222    0.444851394
   89.824981788    0.445083720    0.444861453
   89.856477223    0.445120992    0.444871382
   89.887972658    0.445135697    0.444881026
   89.919468094    0.445124839    0.444890325
   89.950963529    0.445095003    0.444899342
   89.982458965    0.445059928    0.444908239
   90.013954400    0.445035334    0.444917210
   90.045449835    0.445032970    0.444926416
   90.076945271    0.445056138    0.444935914
   90.108440706    0.445098423    0.444945642
   90.139936142    0.445146116    0.444955438
   90.171431577    0.445183425    0.444965105
   90.202927012    0.445198492    0.444974483
   90.234422448    0.445187924    0.444983510
   90.265917883    0.445158109    0.444992251
   90.297413319    0.445122800    0.445000867
   90.328908754    0.445097877    0.445009559
   90.360404189    0.445095292    0.445018489
   90.391899625    0.445118494    0.445027716
   90.423395060    0.445161085    0.445037179
   90.454890496    0.445209243    0.445046714
   90.486385931    0.445246982    0.445056119
   90.517881367    0.445262254    0.445065230
   90.549376802    0.445251566    0.445073987
   90.580872237    0.445221334    0.445082451
   90.612367673    0.445185464    0.445090787
   90.643863108    0.445160056    0.445099198
   90.675358544    0.445157259    0.445107851
   90.706853979    0.445180612    0.445116807
   90.738349414    0.445223672    0.445126005
   90.769844850    0.445272442    0.445135278
   90.801340285    0.445310700    0.445144422
   90.832835721    0.445326194    0.445153268
   90.864331156    0.445315335    0.445161754
   90.895826591    0.445284600    0.445169940
   90.927322027    0.445248080    0.445177995
   90.958817462    0.445222123    0.445186126
   90.990312898    0.445219092    0.445194500
   91.021808333    0.445242622    0.445203186
   91.053303768    0.445286207    0.445212118
   91.084799204    0.445335654    0.445221131
   91.116294639    0.445374484    0.445230013
   91.147790075    0.445390222    0.445238595
   91.179285510    0.445379182    0.445246810
   91.210780946    0.445347901    0.445254719
   91.242276381    0.445310675    0.445262492
   91.273771816    0.445284122    0.445270340
   91.305267252    0.445280831    0.445278437
   91.336762687    0.445304544    0.445286850
   91.368258123    0.445348689    0.445295518
   91.399753558    0.445398864    0.445304269
   91.431248993    0.445438313    0.445312891
   91.462744429    0.445454322    0.445321209
   91.494239864    0.445443095    0.445329153
   91.525735300    0.445411237    0.445336784
   91.557230735    0.445373258    0.445344274
   91.588726170    0.445346062    0.445351839
   91.620221606    0.445342485    0.445359657
   91.651717041    0.445366382    0.445367797
   91.683212477    0.445411117    0.445376199
   91.714707912    0.445462067    0.445384691
   91.746203348    0.445502180    0.445393053
   91.777698783    0.445518487    0.445401107
   91.809194218    0.445507075    0.445408779
   91.840689654    0.445474610    0.445416132
   91.872185089    0.445435833    0.445423339
   91.903680525    0.445407947    0.445430619
   91.935175960    0.445404054    0.445438156
   91.966671395    0.445428135    0.445446023
   91.998166831    0.445473488    0.445454159
   92.029662266    0.445525258    0.445462390
   92.061157702    0.445566083    0.445470492
   92.092653137    0.445582719    0.445478283
   92.124148572    0.445571122    0.445485684
   92.155644008    0.445538024    0.445492757
   92.187139443    0.445498400    0.445499679
   92.218634879    0.445469776    0.445506673
   92.250130314    0.445465537    0.445513927
   92.281625749    0.445489798    0.445521518
   92.313121185    0.445535797    0.445529388
   92.344616620    0.445588436    0.445537358
   92.376112056    0.445630022    0.445545200
   92.407607491    0.445647020    0.445552727
   92.439102927    0.445635242    0.445559856
   92.470598362    0.445601482    0.445566649
   92.502093797    0.445560963    0.445573283
   92.533589233    0.445531548    0.445579988
   92.565084668    0.445526927    0.445586957
   92.596580104    0.445551366    0.445594271
   92.628075539    0.445598039    0.445601872
   92.659570974    0.445651597    0.445609580
   92.691066410    0.445693999    0.445617162
   92.722561845    0.445711395    0.445624424
   92.754057281    0.445699440    0.445631280
   92.785552716    0.445664989    0.445637790
   92.817048151    0.445623521    0.445644133
   92.848543587    0.445593261    0.445650546
   92.880039022    0.445588221    0.445657225
   92.911534458    0.445612832    0.445664258
   92.943029893    0.445660209    0.445671588
   92.974525328    0.445714740    0.445679031
   93.006020764    0.445758013    0.445686351
   93.037516199    0.445775846    0.445693346
   93.069011635    0.445763720    0.445699926
   93.100507070    0.445728548    0.445706149
   93.132002506    0.445686077    0.445712198
   93.163497941    0.445654911    0.445718312
   93.194993376    0.445649411    0.445724696
   93.226488812    0.445674187    0.445731443
   93.257984247    0.445722299    0.445738496
   93.289479683    0.445777859    0.445745670
   93.320975118    0.445822067    0.445752724
   93.352470553    0.445840380    0.445759448
   93.383965989    0.445828091    0.445765747
   93.415461424    0.445792165    0.445771677
   93.446956860    0.445748632    0.445777422
   93.478452295    0.445716496    0.445783228
   93.509947730    0.445710490    0.445789308
   93.541443166    0.445735422    0.445795760
   93.572938601    0.445784300    0.445802533
   93.604434037    0.445840952    0.445809443
   93.635929472    0.445886161    0.445816245
   93.667424907    0.445905002    0.445822728
   93.698920343    0.445892558    0.445828796
   93.730415778    0.445855846    0.445834507
   93.761911214    0.445811186    0.445840051
   93.793406649    0.445778010    0.445845682
   93.824902085    0.445771447    0.445851619
   93.856397520    0.445796524    0.445857966
   93.887892955    0.445846203    0.445864669
   93.919388391    0.445904010    0.445871536
   93.950883826    0.445950294    0.445878312
   93.982379262    0.445969715    0.445884772
   94.013874697    0.445957129    0.445890806
   94.045370132    0.445919596    0.445896468
   94.076865568    0.445873741    0.445901948
   94.108361003    0.445839448    0.445907505
   94.139856439    0.445832272    0.445913368
   94.171351874    0.445857481    0.445919647
   94.202847309    0.445907994    0.445926294
   94.234342745    0.445967029    0.445933114
   94.265838180    0.446014467    0.445939845
   94.297333616    0.446034528    0.445946252
   94.328829051    0.446021814    0.445952220
   94.360324486    0.445983423    0.445957795
   94.391819922    0.445936300    0.445963171
   94.423315357    0.445900803    0.445968614
   94.454810793    0.445892950    0.445974360
