    0.000000000    0.978249740    0.978333656
    0.028345892    0.978259466    0.978338505
    0.056691784    0.978300763    0.978343909
    0.085037676    0.978362831    0.978349608
    0.113383567    0.978428112    0.978355239
    0.141729459    0.978477765    0.978360456
    0.170075351    0.978497619    0.978365032
    0.198421243    0.978482753    0.978368929
    0.226767135    0.978439192    0.978372300
    0.255113027    0.978382150    0.978375433
    0.283458919    0.978331318    0.978378660
    0.311804811    0.978304674    0.978382252
    0.340150702    0.978312735    0.978386331
    0.368496594    0.978355130    0.978390839
    0.396842486    0.978420579    0.978395558
    0.425188378    0.978490355    0.978400179
    0.453534270    0.978544154    0.978404398
    0.481880162    0.978566532    0.978408006
    0.510226054    0.978551866    0.978410951
    0.538571946    0.978506240    0.978413348
    0.566917837    0.978445625    0.978415439
    0.595263729    0.978390890    0.978417512
    0.623609621    0.978361215    0.978419812
    0.651955513    0.978367981    0.978422463
    0.680301405    0.978411094    0.978425430
    0.708647297    0.978478924    0.978428531
    0.736993189    0.978551916    0.978431490
    0.765339080    0.978608749    0.978434021
    0.793684972    0.978633089    0.978435911
    0.822030864    0.978618810    0.978437081
    0.850376756    0.978571989    0.978437603
    0.878722648    0.978509050    0.978437674
    0.907068540    0.978451600    0.978437549
    0.935414432    0.978419609    0.978437461
    0.963760324    0.978425064    0.978437543
    0.992106215    0.978468146    0.978437787
    1.020452107    0.978537128    0.978438042
    1.048797999    0.978612050    0.978438055
    1.077143891    0.978671014    0.978437543
    1.105489783    0.978697107    0.978436274
    1.133835675    0.978683767    0.978434127
    1.162181567    0.978636873    0.978431123
    1.190527458    0.978572908    0.978427412
    1.218873350    0.978513766    0.978423217
    1.247219242    0.978479842    0.978418759
    1.275565134    0.978483590    0.978414186
    1.303911026    0.978525595    0.978409514
    1.332256918    0.978594382    0.978404618
    1.360602810    0.978670040    0.978399261
    1.388948702    0.978730497    0.978393146
    1.417294593    0.978758474    0.978386006
    1.445640485    0.978746917    0.978377663
    1.473986377    0.978701206    0.978368073
    1.502332269    0.978637444    0.978357325
    1.530678161    0.978577374    0.978345604
    1.559024053    0.978541544    0.978333118
    1.587369945    0.978542851    0.978320020
    1.615715837    0.978582521    0.978306349
    1.644061728    0.978649750    0.978291996
    1.672407620    0.978725127    0.978276720
    1.700753512    0.978786739    0.978260196
    1.729099404    0.978817036    0.978242094
    1.757445296    0.978808310    0.978222152
    1.785791188    0.978765066    0.978200238
    1.814137080    0.978702567    0.978176358
    1.842482971    0.978642030    0.978150637
    1.870828863    0.978603977    0.978123252
    1.899174755    0.978601841    0.978094351
    1.927520647    0.978637810    0.978063975
    1.955866539    0.978702194    0.978032013
    1.984212431    0.978776496    0.977998194
    2.012558323    0.978839202    0.977962130
    2.040904215    0.978872486    0.977923390
    2.069250106    0.978867724    0.977881584
    2.097595998    0.978828128    0.977836440
    2.125941890    0.978767691    0.977787837
    2.154287782    0.978706798    0.977735799
    2.182633674    0.978665880    0.977680434
    2.210979566    0.978659087    0.977621852
    2.239325458    0.978689944    0.977560065
    2.267671349    0.978750310    0.977494922
    2.296017241    0.978822951    0.977426078
    2.324363133    0.978886898    0.977353021
    2.352709025    0.978923940    0.977275142
    2.381054917    0.978924217    0.977191833
    2.409400809    0.978889228    0.977102587
    2.437746701    0.978831315    0.977007058
    2.466092593    0.978769817    0.976905078
    2.494438484    0.978725100    0.976796611
    2.522784376    0.978712285    0.976681663
    2.551130268    0.978736627    0.976560161
    2.579476160    0.978791930    0.976431856
    2.607822052    0.978862489    0.976296247
    2.636167944    0.978927933    0.976152585
    2.664513836    0.978969481    0.975999927
    2.692859728    0.978975692    0.975837250
    2.721205619    0.978945953    0.975663580
    2.749551511    0.978890641    0.975478112
    2.777897403    0.978827932    0.975280275
    2.806243295    0.978778226    0.975069723
    2.834589187    0.978757906    0.974846253
    2.862935079    0.978774332    0.974609652
    2.891280971    0.978823590    0.974359516
    2.919626862    0.978891685    0.974095072
    2.947972754    0.978958812    0.973815041
    2.976318646    0.979005394    0.973517583
    3.004664538    0.979018062    0.973200321
    3.033010430    0.978993745    0.972860449
    3.061356322    0.978940624    0.972494906
    3.089702214    0.978875662    0.972100575
    3.118048106    0.978819452    0.971674476
    3.146393997    0.978789934    0.971213930
    3.174739889    0.978796906    0.970716662
    3.203085781    0.978838997    0.970180855
    3.231431673    0.978904028    0.969605130
    3.259777565    0.978972673    0.968988495
    3.288123457    0.979024319    0.968330262
    3.316469349    0.979043356    0.967629960
    3.344815240    0.979023971    0.966887247
    3.373161132    0.978971992    0.966101849
    3.401507024    0.978903187    0.965273517
    3.429852916    0.978838508    0.964402017
    3.458198808    0.978797722    0.963487140
    3.486544700    0.978793342    0.962528741
    3.514890592    0.978826726    0.961526790
    3.543236484    0.978887553    0.960481429
    3.571582375    0.978956863    0.959393023
    3.599928267    0.979012782    0.958262190
    3.628274159    0.979037193    0.957089800
    3.656620051    0.979021329    0.955876940
    3.684965943    0.978968562    0.954624837
    3.713311835    0.978893497    0.953334769
    3.741657727    0.978817605    0.952007952
    3.770003619    0.978762694    0.950645466
    3.798349510    0.978744193    0.949248200
    3.826695402    0.978766313    0.947816855
    3.855041294    0.978820597    0.946352000
    3.883387186    0.978888346    0.944854156
    3.911733078    0.978946238    0.943323890
    3.940078970    0.978973448    0.941761882
    3.968424862    0.978958096    0.940168931
    3.996770753    0.978901024    0.938545889
    4.025116645    0.978815700    0.936893514
    4.053462537    0.978724221    0.935212278
    4.081808429    0.978650583    0.933502157
    4.110154321    0.978613272    0.931762476
    4.138500213    0.978619438    0.929991825
    4.166846105    0.978662497    0.928188121
    4.195191997    0.978723944    0.926348775
    4.223537888    0.978778889    0.924470981
    4.251883780    0.978803656    0.922552038
    4.280229672    0.978783120    0.920589679
    4.308575564    0.978715508    0.918582300
    4.336921456    0.978613123    0.916529075
    4.365267348    0.978498711    0.914429913
    4.393613240    0.978398528    0.912285295
    4.421959131    0.978334198    0.910096017
    4.450305023    0.978315887    0.907862922
    4.478650915    0.978338930    0.905586684
    4.506996807    0.978385010    0.903267700
    4.535342699    0.978427607    0.900906118
    4.563688591    0.978440077    0.898501991
    4.592034483    0.978403899    0.896055507
    4.620380375    0.978314521    0.893567237
    4.648726266    0.978182937    0.891038332
    4.677072158    0.978032454    0.888470613
    4.705418050    0.977891564    0.885866528
    4.733763942    0.977785089    0.883228986
    4.762109834    0.977726322    0.880561118
    4.790455726    0.977712639    0.877866024
    4.818801618    0.977725996    0.875146568
    4.847147510    0.977738239    0.872405277
    4.875493401    0.977719633    0.869644370
    4.903839293    0.977648026    0.866865886
    4.932185185    0.977515776    0.864071877
    4.960531077    0.977332258    0.861264590
    4.988876969    0.977121111    0.858446586
    5.017222861    0.976912980    0.855620728
    5.045568753    0.976735961    0.852790048
    5.073914644    0.976606688    0.849957499
    5.102260536    0.976524842    0.847125666
    5.130606428    0.976472848    0.844296505
    5.158952320    0.976420939    0.841471179
    5.187298212    0.976336078    0.838650048
    5.215644104    0.976192031    0.835832819
    5.243989996    0.975977475    0.833018818
    5.272335888    0.975699572    0.830207320
    5.300681779    0.975381846    0.827397842
    5.329027671    0.975056921    0.824590312
    5.357373563    0.974756304    0.821785064
    5.385719455    0.974500336    0.818982645
    5.414065347    0.974291443    0.816183475
    5.442411239    0.974112813    0.813387441
    5.470757131    0.973933026    0.810593550
    5.499103022    0.973715258    0.807799717
    5.527448914    0.973428310    0.805002787
    5.555794806    0.973056053    0.802198781
    5.584140698    0.972602346    0.799383350
    5.612486590    0.972089828    0.796552313
    5.640832482    0.971552848    0.793702168
    5.669178374    0.971026627    0.790830438
    5.697524266    0.970535923    0.787935768
    5.725870157    0.970086694    0.785017742
    5.754216049    0.969663379    0.782076455
    5.782561941    0.969232734    0.779111967
    5.810907833    0.968753166    0.776123773
    5.839253725    0.968186796    0.773110463
    5.867599617    0.967510585    0.770069690
    5.895945509    0.966723110    0.766998491
    5.924291401    0.965844788    0.763893939
    5.952637292    0.964911366    0.760753981
    5.980983184    0.963962508    0.757578305
    6.009329076    0.963028851    0.754368991
    6.037674968    0.962121446    0.751130800
    6.066020860    0.961226851    0.747870964
    6.094366752    0.960309507    0.744598486
    6.122712644    0.959320858    0.741323047
    6.151058535    0.958212626    0.738053704
    6.179404427    0.956950339    0.734797631
    6.207750319    0.955523027    0.731559151
    6.236096211    0.953946049    0.728339224
    6.264442103    0.952255978    0.725135505
    6.292787995    0.950498808    0.721942932
    6.321133887    0.948714761    0.718754723
    6.349479779    0.946924094    0.715563551
    6.377825670    0.945118129    0.712362672
    6.406171562    0.943258378    0.709146780
    6.434517454    0.941284342    0.705912442
    6.462863346    0.939128084    0.702658078
    6.491209238    0.936731675    0.699383531
    6.519555130    0.934062598    0.696089388
    6.547901022    0.931122570    0.692776233
    6.576246913    0.927946900    0.689444041
    6.604592805    0.924593918    0.686091829
    6.632938697    0.921126698    0.682717660
    6.661284589    0.917591407    0.679318958
    6.689630481    0.913997632    0.675893045
    6.717976373    0.910305730    0.672437751
    6.746322265    0.906424619    0.668951948
    6.774668157    0.902220975    0.665435884
    6.803014048    0.897538116    0.661891260
    6.831359940    0.892220634    0.658321056
    6.859705832    0.886139555    0.654729178
    6.888051724    0.879212859    0.651120033
    6.916397616    0.871417345    0.647498153
    6.944743508    0.862789910    0.643867938
    6.973089400    0.853418653    0.640233590
    7.001435292    0.843426321    0.636599185
    7.029781183    0.832949963    0.632968864
    7.058127075    0.822121091    0.629347025
    7.086472967    0.811050024    0.625738447
    7.114818859    0.799816832    0.622148288
    7.143164751    0.788469636    0.618581932
    7.171510643    0.777029423    0.615044719
    7.199856535    0.765499412    0.611541606
    7.228202426    0.753876375    0.608076848
    7.256548318    0.742161391    0.604653748
    7.284894210    0.730368013    0.601274525
    7.313240102    0.718526640    0.597940289
    7.341585994    0.706684717    0.594651110
    7.369931886    0.694903180    0.591406101
    7.398277778    0.683250057    0.588203492
    7.426623670    0.671792504    0.585040630
    7.454969561    0.660588672    0.581913919
    7.483315453    0.649680764    0.578818724
    7.511661345    0.639090525    0.575749284
    7.540007237    0.628818027    0.572698706
    7.568353129    0.618844186    0.569659079
    7.596699021    0.609136754    0.566621721
    7.625044913    0.599658791    0.563577557
    7.653390804    0.590377908    0.560517539
    7.681736696    0.581274083    0.557433073
    7.710082588    0.572343796    0.554316337
    7.738428480    0.563598765    0.551160471
    7.766774372    0.555058627    0.547959604
    7.795120264    0.546738418    0.544708767
    7.823466156    0.538633275    0.541403738
    7.851812048    0.530704007    0.538040909
    7.880157939    0.522867660    0.534617250
    7.908503831    0.514996636    0.531130389
    7.936849723    0.506928360    0.527578814
    7.965195615    0.498485079    0.523962145
    7.993541507    0.489500799    0.520281380
    8.021887399    0.479850129    0.516539028
    8.050233291    0.469472709    0.512739066
    8.078579183    0.458387238    0.508886692
    8.106925074    0.446691072    0.504987900
    8.135270966    0.434544481    0.501048970
    8.163616858    0.422142303    0.497075968
    8.191962750    0.409678974    0.493074394
    8.220308642    0.397314796    0.489049023
    8.248654534    0.385151388    0.485003997
    8.277000426    0.373222231    0.480943104
    8.305346317    0.361500658    0.476870158
    8.333692209    0.349923226    0.472789356
    8.362038101    0.338422486    0.468705492
    8.390383993    0.326960562    0.464623941
    8.418729885    0.315554646    0.460550413
    8.447075777    0.304287491    0.456490515
    8.475421669    0.293299911    0.452449234
    8.503767561    0.282767074    0.448430484
    8.532113452    0.272864826    0.444436824
    8.560459344    0.263735056    0.440469424
    8.588805236    0.255459508    0.436528282
    8.617151128    0.248049198    0.432612604
    8.645497020    0.241452325    0.428721236
    8.673842912    0.235578362    0.424852989
    8.702188804    0.230331390    0.421006753
    8.730534695    0.225642912    0.417181346
    8.758880587    0.221494390    0.413375125
    8.787226479    0.217922455    0.409585498
    8.815572371    0.215004678    0.405808479
    8.843918263    0.212829469    0.402038494
    8.872264155    0.211458528    0.398268544
    8.900610047    0.210892904    0.394490800
    8.928955939    0.211053219    0.390697544
    8.957301830    0.211780992    0.386882302
    8.985647722    0.212862215    0.383040939
    9.013993614    0.214067873    0.379172467
    9.042339506    0.215200852    0.375279360
    9.070685398    0.216136169    0.371367292
    9.099031290    0.216842601    0.367444317
    9.127377182    0.217378378    0.363519643
    9.155723074    0.217860574    0.359602254
    9.184068965    0.218415327    0.355699655
    9.212414857    0.219121907    0.351816985
    9.240760749    0.219966222    0.347956662
    9.269106641    0.220817728    0.344118600
    9.297452533    0.221438028    0.340300893
    9.325798425    0.221521173    0.336500788
    9.354144317    0.220756895    0.332715684
    9.382490208    0.218901133    0.328943951
    9.410836100    0.215835263    0.325185371
    9.439181992    0.211597394    0.321441173
    9.467527884    0.206375720    0.317713687
    9.495873776    0.200463612    0.314005758
    9.524219668    0.194186513    0.310320126
    9.552565560    0.187818887    0.306658920
    9.580911452    0.181513270    0.303023411
    9.609257343    0.175261596    0.299414063
    9.637603235    0.168901547    0.295830824
    9.665949127    0.162169533    0.292273552
    9.694295019    0.154789639    0.288742422
    9.722640911    0.146577651    0.285238189
    9.750986803    0.137533909    0.281762218
    9.779332695    0.127899709    0.278316292
    9.807678586    0.118159419    0.274902248
    9.836024478    0.108982777    0.271521570
    9.864370370    0.101116038    0.268175062
    9.892716262    0.095243451    0.264862702
    9.921062154    0.091848579    0.261583721
    9.949408046    0.091106353    0.258336879
    9.977753938    0.092830766    0.255120848
   10.006099830    0.096491283    0.251934584
   10.034445721    0.101295893    0.248777568
   10.062791613    0.106323977    0.245649833
   10.091137505    0.110681212    0.242551771
   10.119483397    0.113644186    0.239483772
   10.147829289    0.114765230    0.236445811
   10.176175181    0.113917486    0.233437097
   10.204521073    0.111274042    0.230455910
   10.232866965    0.107229726    0.227499684
   10.261212856    0.102286452    0.224565311
   10.289558748    0.096929925    0.221649584
   10.317904640    0.091525734    0.218749665
   10.346250532    0.086256521    0.215863410
   10.374596424    0.081110898    0.212989466
   10.402942316    0.075921896    0.210127101
   10.431288208    0.070441212    0.207275801
   10.459634099    0.064428101    0.204434768
   10.487979991    0.057729937    0.201602483
   10.516325883    0.050335404    0.198776500
   10.544671775    0.042389641    0.195953586
   10.573017667    0.034170958    0.193130245
   10.601363559    0.026038381    0.190303539
   10.629709451    0.018365763    0.187472062
   10.658055343    0.011480122    0.184636814
   10.686401234    0.005619050    0.181801780
   10.714747126    0.000915603    0.178974013
   10.743093018   -0.002589050    0.176163160
   10.771438910   -0.004912425    0.173380474
   10.799784802   -0.006089069    0.170637473
   10.828130694   -0.006133727    0.167944485
   10.856476586   -0.005019953    0.165309369
   10.884822477   -0.002679412    0.162736630
   10.913168369    0.000979353    0.160227096
   10.941514261    0.006039507    0.157778183
   10.969860153    0.012541897    0.155384662
   10.998206045    0.020458485    0.153039738
   11.026551937    0.029680362    0.150736194
   11.054897829    0.040022634    0.148467369
   11.083243721    0.051243256    0.146227788
   11.111589612    0.063068959    0.144013364
   11.139935504    0.075219869    0.141821194
   11.168281396    0.087425633    0.139649076
   11.196627288    0.099429394    0.137494912
   11.224973180    0.110980525    0.135356203
   11.253319072    0.121821178    0.133229770
   11.281664964    0.131674138    0.131111786
   11.310010856    0.140239257    0.128998109
   11.338356747    0.147203102    0.126884816
   11.366702639    0.152262056    0.124768809
   11.395048531    0.155154449    0.122648322
   11.423394423    0.155693790    0.120523219
   11.451740315    0.153794041    0.118395003
   11.480086207    0.149479517    0.116266549
   11.508432099    0.142876030    0.114141647
   11.536777990    0.134185168    0.112024454
   11.565123882    0.123648472    0.109919026
   11.593469774    0.111511343    0.107829007
   11.621815666    0.097996641    0.105757571
   11.650161558    0.083295098    0.103707595
   11.678507450    0.067574558    0.101682012
   11.706853342    0.051004157    0.099684243
   11.735199234    0.033784663    0.097718571
   11.763545125    0.016173774    0.095790372
   11.791891017   -0.001503845    0.093906120
   11.820236909   -0.018867899    0.092073160
   11.848582801   -0.035515002    0.090299281
   11.876928693   -0.051065720    0.088592182
   11.905274585   -0.065214469    0.086958904
   11.933620477   -0.077768854    0.085405358
   11.961966368   -0.088667124    0.083935975
   11.990312260   -0.097967866    0.082553542
   12.018658152   -0.105813540    0.081259197
   12.047004044   -0.112376769    0.080052539
   12.075349936   -0.117803421    0.078931803
   12.103695828   -0.122167825    0.077894026
   12.132041720   -0.125452520    0.076935188
   12.160387612   -0.127558349    0.076050271
   12.188733503   -0.128342310    0.075233286
   12.217079395   -0.127672682    0.074477266
   12.245425287   -0.125485862    0.073774287
   12.273771179   -0.121828513    0.073115528
   12.302117071   -0.116872588    0.072491421
   12.330462963   -0.110898327    0.071891867
   12.358808855   -0.104249558    0.071306519
   12.387154747   -0.097273798    0.070725085
   12.415500638   -0.090264474    0.070137627
   12.443846530   -0.083422357    0.069534816
   12.472192422   -0.076848131    0.068908134
   12.500538314   -0.070568958    0.068249994
   12.528884206   -0.064591582    0.067553828
   12.557230098   -0.058965806    0.066814117
   12.585575990   -0.053837701    0.066026425
   12.613921881   -0.049473201    0.065187424
   12.642267773   -0.046239776    0.064294929
   12.670613665   -0.044545023    0.063347928
   12.698959557   -0.044743404    0.062346595
   12.727305449   -0.047032552    0.061292269
   12.755651341   -0.051365786    0.060187369
   12.783997233   -0.057405830    0.059035255
   12.812343125   -0.064536387    0.057840036
   12.840689016   -0.071935024    0.056606339
   12.869034908   -0.078695917    0.055339081
   12.897380800   -0.083978259    0.054043274
   12.925726692   -0.087148796    0.052723881
   12.954072584   -0.087887171    0.051385762
   12.982418476   -0.086230519    0.050033680
   13.010764368   -0.082547416    0.048672385
   13.039110259   -0.077447430    0.047306714
   13.067456151   -0.071647176    0.045941703
   13.095802043   -0.065823384    0.044582647
   13.124147935   -0.060485616    0.043235112
   13.152493827   -0.055895554    0.041904854
   13.180839719   -0.052047752    0.040597676
   13.209185611   -0.048711515    0.039319215
   13.237531503   -0.045519089    0.038074701
   13.265877394   -0.042075142    0.036868709
   13.294223286   -0.038059100    0.035704933
   13.322569178   -0.033295759    0.034586010
   13.350915070   -0.027779568    0.033513409
   13.379260962   -0.021651008    0.032487389
   13.407606854   -0.015136222    0.031507027
   13.435952746   -0.008469981    0.030570312
   13.464298638   -0.001825048    0.029674288
   13.492644529    0.004732441    0.028815245
   13.520990421    0.011250693    0.027988928
   13.549336313    0.017863373    0.027190760
   13.577682205    0.024735054    0.026416060
   13.606028097    0.031998823    0.025660244
   13.634373989    0.039705378    0.024918998
   13.662719881    0.047798734    0.024188415
   13.691065772    0.056125179    0.023465089
   13.719411664    0.064471924    0.022746181
   13.747757556    0.072623034    0.022029462
   13.776103448    0.080415220    0.021313336
   13.804449340    0.087776386    0.020596875
   13.832795232    0.094735231    0.019879853
   13.861141124    0.101399076    0.019162792
   13.889487016    0.107906765    0.018447000
   13.917832907    0.114371086    0.017734603
   13.946178799    0.120828442    0.017028520
   13.974524691    0.127211409    0.016332391
   14.002870583    0.133353073    0.015650428
   14.031216475    0.139022479    0.014987209
   14.059562367    0.143981026    0.014347416
   14.087908259    0.148043094    0.013735568
   14.116254150    0.151122477    0.013155787
   14.144600042    0.153250040    0.012611632
   14.172945934    0.154556388    0.012106046
   14.201291826    0.155223844    0.011641408
   14.229637718    0.155421697    0.011219691
   14.257983610    0.155244562    0.010842671
   14.286329502    0.154673962    0.010512150
   14.314675394    0.153577533    0.010230108
   14.343021285    0.151750014    0.009998750
   14.371367177    0.148988035    0.009820416
   14.399713069    0.145180143    0.009697348
   14.428058961    0.140387426    0.009631360
   14.456404853    0.134890539    0.009623471
   14.484750745    0.129185960    0.009673574
   14.513096637    0.123926432    0.009780218
   14.541442529    0.119814656    0.009940548
   14.569788420    0.117471755    0.010150427
   14.598134312    0.117309589    0.010404711
   14.626480204    0.119436466    0.010697624
   14.654826096    0.123618956    0.011023149
   14.683171988    0.129309934    0.011375353
   14.711517880    0.135737746    0.011748589
   14.739863772    0.142037314    0.012137527
   14.768209663    0.147394520    0.012537031
   14.796555555    0.151172733    0.012941942
   14.824901447    0.152995304    0.013346825
   14.853247339    0.152769007    0.013745792
   14.881593231    0.150647743    0.014132460
   14.909939123    0.146949840    0.014500099
   14.938285015    0.142052402    0.014841961
   14.966630907    0.136290085    0.015151743
   14.994976798    0.129882599    0.015424107
   15.023322690    0.122906318    0.015655142
   15.051668582    0.115313056    0.015842677
   15.080014474    0.106986664    0.015986392
   15.108360366    0.097818908    0.016087688
   15.136706258    0.087782128    0.016149384
   15.165052150    0.076978424    0.016175289
   15.193398041    0.065652547    0.016169795
   15.221743933    0.054166116    0.016137577
   15.250089825    0.042941318    0.016083484
   15.278435717    0.032390093    0.016012673
   15.306781609    0.022847926    0.015930920
   15.335127501    0.014529268    0.015845051
   15.363473393    0.007514925    0.015763340
   15.391819285    0.001772719    0.015695741
   15.420165176   -0.002796340    0.015653824
   15.448511068   -0.006300549    0.015650361
   15.476856960   -0.008805181    0.015698549
   15.505202852   -0.010299526    0.015810975
   15.533548744   -0.010691418    0.015998449
   15.561894636   -0.009829429    0.016268911
   15.590240528   -0.007545277    0.016626600
   15.618586420   -0.003703896    0.017071618
   15.646932311    0.001752788    0.017599986
   15.675278203    0.008779735    0.018204169
   15.703624095    0.017226067    0.018873982
   15.731969987    0.026854582    0.019597698
   15.760315879    0.037376173    0.020363178
   15.788661771    0.048488149    0.021158809
   15.817007663    0.059905198    0.021974132
   15.845353554    0.071374859    0.022800075
   15.873699446    0.082674784    0.023628827
   15.902045338    0.093595112    0.024453445
   15.930391230    0.103914055    0.025267352
   15.958737122    0.113376982    0.026063891
   15.987083014    0.121688142    0.026836080
   16.015428906    0.128520225    0.027576647
   16.043774798    0.133541294    0.028278344
   16.072120689    0.136453092    0.028934484
   16.100466581    0.137030926    0.029539553
   16.128812473    0.135154444    0.030089755
   16.157158365    0.130820964    0.030583359
   16.185504257    0.124137815    0.031020753
   16.213850149    0.115296135    0.031404199
   16.242196041    0.104533771    0.031737368
   16.270541932    0.092097945    0.032024755
   16.298887824    0.078218178    0.032271155
   16.327233716    0.063096591    0.032481326
   16.355579608    0.046917196    0.032659935
   16.383925500    0.029869682    0.032811798
   16.412271392    0.012178408    0.032942349
   16.440617284   -0.005874762    0.033058200
   16.468963176   -0.023943700    0.033167598
   16.497309067   -0.041632713    0.033280632
   16.525654959   -0.058531650    0.033409043
   16.554000851   -0.074263875    0.033565608
   16.582346743   -0.088535060    0.033763143
   16.610692635   -0.101169506    0.034013286
   16.639038527   -0.112123333    0.034325245
   16.667384419   -0.121469728    0.034704751
   16.695730311   -0.129358971    0.035153403
   16.724076202   -0.135963040    0.035668526
   16.752422094   -0.141419209    0.036243551
   16.780767986   -0.145787798    0.036868864
   16.809113878   -0.149035699    0.037532925
   16.837459770   -0.151050477    0.038223469
   16.865805662   -0.151681407    0.038928562
   16.894151554   -0.150796229    0.039637352
   16.922497445   -0.148337768    0.040340409
   16.950843337   -0.144364293    0.041029672
   16.979189229   -0.139061801    0.041698071
   17.007535121   -0.132724146    0.042338973
   17.035881013   -0.125706074    0.042945637
   17.064226905   -0.118362103    0.043510800
   17.092572797   -0.110988616    0.044026534
   17.120918689   -0.103786017    0.044484375
   17.149264580   -0.096852396    0.044875714
   17.177610472   -0.090211150    0.045192347
   17.205956364   -0.083864853    0.045427059
   17.234302256   -0.077859212    0.045574135
   17.262648148   -0.072336707    0.045629686
   17.290994040   -0.067560858    0.045591763
   17.319339932   -0.063898994    0.045460249
   17.347685823   -0.061762302    0.045236588
   17.376031715   -0.061513960    0.044923422
   17.404377607   -0.063366194    0.044524221
   17.432723499   -0.067292229    0.044042971
   17.461069391   -0.072977751    0.043483966
   17.489415283   -0.079828580    0.042851702
   17.517761175   -0.087038653    0.042150870
   17.546107067   -0.093707963    0.041386383
   17.574452958   -0.098987599    0.040563434
   17.602798850   -0.102221542    0.039687516
   17.631144742   -0.103054503    0.038764404
   17.659490634   -0.101482104    0.037800104
   17.687836526   -0.097832430    0.036800766
   17.716182418   -0.092683505    0.035772591
   17.744528310   -0.086735614    0.034721744
   17.772874202   -0.080667330    0.033654279
   17.801220093   -0.075006968    0.032576084
   17.829565985   -0.070046603    0.031492827
   17.857911877   -0.065814813    0.030409900
   17.886257769   -0.062109901    0.029332345
   17.914603661   -0.058581059    0.028264773
   17.942949553   -0.054834358    0.027211272
   17.971295445   -0.050536015    0.026175320
   17.999641336   -0.045488071    0.025159716
   18.027987228   -0.039660302    0.024166546
   18.056333120   -0.033174568    0.023197167
   18.084679012   -0.026250369    0.022252217
   18.113024904   -0.019129938    0.021331629
   18.141370796   -0.012005346    0.020434630
   18.169716688   -0.004967965    0.019559731
   18.198062580    0.002006902    0.018704694
   18.226408471    0.009038118    0.017866513
   18.254754363    0.016288159    0.017041428
   18.283100255    0.023900417    0.016225004
   18.311446147    0.031943712    0.015412319
   18.339792039    0.040380588    0.014598245
   18.368137931    0.049068473    0.013777831
   18.396483823    0.057792848    0.012946729
   18.424829714    0.066322054    0.012101630
   18.453175606    0.074467046    0.011240607
   18.481521498    0.082127995    0.010363345
   18.509867390    0.089313613    0.009471186
   18.538213282    0.096127114    0.008567003
   18.566559174    0.102722682    0.007654914
   18.594905066    0.109245086    0.006739908
   18.623250958    0.115770328    0.005827431
   18.651596849    0.122265211    0.004923026
   18.679942741    0.128578514    0.004032074
   18.708288633    0.134467448    0.003159663
   18.736634525    0.139652805    0.002310589
   18.764980417    0.143887629    0.001489457
   18.793326309    0.147019866    0.000700823
   18.821672201    0.149030594   -0.000050677
   18.850018093    0.150036018   -0.000760252
   18.878363984    0.150251528   -0.001422982
   18.906709876    0.149927175   -0.002033931
   18.935055768    0.149272630   -0.002588347
   18.963401660    0.148393602   -0.003081896
   18.991747552    0.147259526   -0.003510904
   19.020093444    0.145714367   -0.003872559
   19.048439336    0.143530769   -0.004165060
   19.076785227    0.140495416   -0.004387689
   19.105131119    0.136503869   -0.004540819
   19.133477011    0.131638914   -0.004625877
   19.161822903    0.126209029   -0.004645255
   19.190168795    0.120732483   -0.004602209
   19.218514687    0.115865753   -0.004500732
   19.246860579    0.112288995   -0.004345417
   19.275206471    0.110572755   -0.004141311
   19.303552362    0.111055809   -0.003893769
   19.331898254    0.113762551   -0.003608312
   19.360244146    0.118379799   -0.003290528
   19.388590038    0.124299470   -0.002946008
   19.416935930    0.130718414   -0.002580363
   19.445281822    0.136773694   -0.002199284
   19.473627714    0.141683809   -0.001808667
   19.501973605    0.144865737   -0.001414727
   19.530319497    0.146004195   -0.001024077
   19.558665389    0.145061483   -0.000643709
   19.587011281    0.142230577   -0.000280844
   19.615357173    0.137847218    0.000057367
   19.643703065    0.132285373    0.000364252
   19.672048957    0.125862712    0.000634091
   19.700394849    0.118778259    0.000862569
   19.728740740    0.111094669    0.001047110
   19.757086632    0.102765247    0.001187029
   19.785432524    0.093694227    0.001283464
   19.813778416    0.083810828    0.001339102
   19.842124308    0.073135181    0.001357767
   19.870470200    0.061817656    0.001343971
   19.898816092    0.050141316    0.001302551
   19.927161984    0.038487728    0.001238491
   19.955507875    0.027276314    0.001156979
   19.983853767    0.016894174    0.001063706
   20.012199659    0.007635263    0.000965312
   20.040545551   -0.000335526    0.000869851
   20.068891443   -0.006985091    0.000787126
   20.097237335   -0.012382687    0.000728714
   20.125583227   -0.016647955    0.000707621
   20.153929118   -0.019891692    0.000737520
   20.182275010   -0.022165947    0.000831656
   20.210620902   -0.023436782    0.001001584
   20.238966794   -0.023586286    0.001255943
   20.267312686   -0.022442236    0.001599496
   20.295658578   -0.019826358    0.002032609
   20.324004470   -0.015607518    0.002551288
   20.352350362   -0.009745515    0.003147749
   20.380696253   -0.002314405    0.003811430
   20.409042145    0.006499534    0.004530239
   20.437388037    0.016422902    0.005291809
   20.465733929    0.027134900    0.006084523
   20.494079821    0.038309734    0.006898162
   20.522425713    0.049649931    0.007724084
   20.550771605    0.060902248    0.008554986
   20.579117496    0.071853650    0.009384367
   20.607463388    0.082311043    0.010205894
   20.635809280    0.092073368    0.011012858
   20.664155172    0.100906816    0.011797905
   20.692501064    0.108532823    0.012553108
   20.720846956    0.114634473    0.013270396
   20.749192848    0.118881319    0.013942218
   20.777538740    0.120967023    0.014562297
   20.805884631    0.120650364    0.015126278
   20.834230523    0.117789080    0.015632125
   20.862576415    0.112358058    0.016080163
   20.890922307    0.104447813    0.016472773
   20.919268199    0.094244755    0.016813827
   20.947614091    0.081999678    0.017108014
   20.975959983    0.067993795    0.017360228
   21.004305875    0.052511663    0.017575199
   21.032651766    0.035827480    0.017757437
   21.060997658    0.018206512    0.017911510
   21.089343550   -0.000081887    0.018042580
   21.117689442   -0.018747139    0.018157011
   21.146035334   -0.037465319    0.018262894
   21.174381226   -0.055879653    0.018370263
   21.202727118   -0.073617243    0.018490916
   21.231073009   -0.090320135    0.018637781
   21.259418901   -0.105683649    0.018823891
   21.287764793   -0.119491618    0.019061140
   21.316110685   -0.131637953    0.019359016
   21.344456577   -0.142126992    0.019723543
   21.372802469   -0.151050673    0.020156622
   21.401148361   -0.158547128    0.020655881
   21.429494253   -0.164750921    0.021215053
   21.457840144   -0.169748148    0.021824792
   21.486186036   -0.173548907    0.022473774
   21.514531928   -0.176085300    0.023149860
   21.542877820   -0.177236259    0.023841137
   21.571223712   -0.176872891    0.024536659
   21.599569604   -0.174911959    0.025226802
   21.627915496   -0.171362397    0.025903242
   21.656261387   -0.166351159    0.026558627
   21.684607279   -0.160120274    0.027186065
   21.712953171   -0.152994925    0.027778612
   21.741299063   -0.145330849    0.028328879
   21.769644955   -0.137455609    0.028828872
   21.797990847   -0.129620656    0.029270099
   21.826336739   -0.121978531    0.029643919
   21.854682631   -0.114592684    0.029942059
   21.883028522   -0.107477879    0.030157177
   21.911374414   -0.100659700    0.030283370
   21.939720306   -0.094234931    0.030316531
   21.968066198   -0.088412716    0.030254487
   21.996412090   -0.083520178    0.030096941
   22.024757982   -0.079964978    0.029845220
   22.053103874   -0.078158911    0.029501930
   22.081449766   -0.078418082    0.029070571
   22.109795657   -0.080863343    0.028555199
   22.138141549   -0.085347063    0.027960187
   22.166487441   -0.091428029    0.027290091
   22.194833333   -0.098406022    0.026549629
   22.223179225   -0.105413800    0.025743731
   22.251525117   -0.111550211    0.024877612
   22.279871009   -0.116027510    0.023956828
   22.308216900   -0.118301499    0.022987295
   22.336562792   -0.118156098    0.021975226
   22.364908684   -0.115723842    0.020927034
   22.393254576   -0.111438237    0.019849190
   22.421600468   -0.105929356    0.018748075
   22.449946360   -0.099886798    0.017629868
   22.478292252   -0.093920934    0.016500462
   22.506638144   -0.088452718    0.015365437
   22.534984035   -0.083654498    0.014230063
   22.563329927   -0.079451242    0.013099327
   22.591675819   -0.075576867    0.011977939
   22.620021711   -0.071667566    0.010870308
   22.648367603   -0.067366358    0.009780473
   22.676713495   -0.062412251    0.008711968
   22.705059387   -0.056693358    0.007667662
   22.733405278   -0.050254184    0.006649575
   22.761751170   -0.043260070    0.005658711
   22.790097062   -0.035932910    0.004694947
   22.818442954   -0.028478971    0.003756992
   22.846788846   -0.021030225    0.002842444
   22.875134738   -0.013615250    0.001947934
   22.903480630   -0.006166150    0.001069364
   22.931826522    0.001442942    0.000202185
   22.960172413    0.009339445   -0.000658281
   22.988518305    0.017596399   -0.001516545
   23.016864197    0.026194723   -0.002376684
   23.045210089    0.035015295   -0.003242131
   23.073555981    0.043863170   -0.004115545
   23.101901873    0.052516284   -0.004998733
   23.130247765    0.060783451   -0.005892645
   23.158593657    0.068553525   -0.006797389
   23.186939548    0.075820084   -0.007712281
   23.215285440    0.082673310   -0.008635889
   23.243631332    0.089260585   -0.009566072
   23.271977224    0.095726983   -0.010500013
   23.300323116    0.102153281   -0.011434250
   23.328669008    0.108510527   -0.012364706
   23.357014900    0.114645882   -0.013286750
   23.385360791    0.120305732   -0.014195275
   23.413706683    0.125191197   -0.015084806
   23.442052575    0.129031370   -0.015949640
   23.470398467    0.131653793   -0.016783994
   23.498744359    0.133031567   -0.017582144
   23.527090251    0.133292411   -0.018338561
   23.555436143    0.132685399   -0.019048006
   23.583782035    0.131513187   -0.019705599
   23.612127926    0.130047954   -0.020306870
   23.640473818    0.128454900   -0.020847793
   23.668819710    0.126746280   -0.021324836
   23.697165602    0.124781506   -0.021735034
   23.725511494    0.122316630   -0.022076098
   23.753857386    0.119092750   -0.022346549
   23.782203278    0.114941241   -0.022545870
   23.810549169    0.109877491   -0.022674626
   23.838895061    0.104155998   -0.022734542
   23.867240953    0.098268093   -0.022728493
   23.895586845    0.092877435   -0.022660397
   23.923932737    0.088704124   -0.022535007
   23.952278629    0.086381899   -0.022357644
   23.980624521    0.086320769   -0.022133905
   24.008970413    0.088607411   -0.021869402
   24.037316304    0.092967641   -0.021569597
   24.065662196    0.098801061   -0.021239754
   24.094008088    0.105281174   -0.020885026
   24.122353980    0.111498993   -0.020510656
   24.150699872    0.116618243   -0.020122222
   24.179045764    0.120008150   -0.019725864
   24.207391656    0.121325899   -0.019328421
   24.235737548    0.120533569   -0.018937385
   24.264083439    0.117850335   -0.018560686
   24.292429331    0.113656011   -0.018206283
   24.320775223    0.108372721   -0.017881638
   24.349121115    0.102355104   -0.017593162
   24.377467007    0.095815426   -0.017345733
   24.405812899    0.088799395   -0.017142375
   24.434158791    0.081214576   -0.016984176
   24.462504682    0.072899524   -0.016870431
   24.490850574    0.063711833   -0.016798992
   24.519196466    0.053609564   -0.016766704
   24.547542358    0.042703619   -0.016769839
   24.575888250    0.031267583   -0.016804383
   24.604234142    0.019703592   -0.016866113
   24.632580034    0.008474708   -0.016950410
   24.660925926   -0.001977201   -0.017051876
   24.689271817   -0.011305947   -0.017163825
   24.717617709   -0.019308784   -0.017277814
   24.745963601   -0.025936327   -0.017383370
   24.774309493   -0.031264152   -0.017468040
   24.802655385   -0.035435942   -0.017517841
   24.831001277   -0.038595195   -0.017518113
   24.859347169   -0.040824824   -0.017454667
   24.887693060   -0.042110898   -0.017315076
   24.916038952   -0.042339424   -0.017089889
   24.944384844   -0.041325683   -0.016773574
   24.972730736   -0.038866754   -0.016365013
   25.001076628   -0.034802029   -0.015867472
   25.029422520   -0.029065093   -0.015288045
   25.057768412   -0.021713582   -0.014636703
   25.086114304   -0.012930378   -0.013925094
   25.114460195   -0.002997757   -0.013165353
   25.142806087    0.007746584   -0.012369087
   25.171151979    0.018958236   -0.011546726
   25.199497871    0.030325775   -0.010707285
   25.227843763    0.041591294   -0.009858525
   25.256189655    0.052547930   -0.009007400
   25.284535547    0.063017778   -0.008160625
   25.312881439    0.072819417   -0.007325182
   25.341227330    0.081737220   -0.006508602
   25.369573222    0.089503809   -0.005718952
   25.397919114    0.095802840   -0.004964485
   25.426265006    0.100293056   -0.004253067
   25.454610898    0.102648139   -0.003591475
   25.482956790    0.102602195   -0.002984763
   25.511302682    0.099989055   -0.002435828
   25.539648573    0.094765416   -0.001945275
   25.567994465    0.087012511   -0.001511614
   25.596340357    0.076917087   -0.001131721
   25.624686249    0.064738128   -0.000801449
   25.653032141    0.050769336   -0.000516222
   25.681378033    0.035307797   -0.000271469
   25.709723925    0.018636575   -0.000062779
   25.738069817    0.001023924    0.000114260
   25.766415708   -0.017263879    0.000264481
   25.794761600   -0.035943702    0.000393709
   25.823107492   -0.054700457    0.000509299
   25.851453384   -0.073184300    0.000620482
   25.879799276   -0.091024710    0.000738344
   25.908145168   -0.107860291    0.000875409
   25.936491060   -0.123377520    0.001044796
   25.964836951   -0.137347904    0.001259091
   25.993182843   -0.149652361    0.001529104
   26.021528735   -0.160284470    0.001862703
   26.049874627   -0.169329833    0.002263959
   26.078220519   -0.176925598    0.002732720
   26.106566411   -0.183210182    0.003264698
   26.134912303   -0.188276633    0.003852038
   26.163258195   -0.192142670    0.004484246
   26.191604086   -0.194746279    0.005149305
   26.219949978   -0.195968747    0.005834782
   26.248295870   -0.195679293    0.006528734
   26.276641762   -0.193788999    0.007220296
   26.304987654   -0.190298701    0.007899899
   26.333333546   -0.185326724    0.008559137
   26.361679438   -0.179107727    0.009190401
   26.390025330   -0.171962046    0.009786399
   26.418371221   -0.164243492    0.010339729
   26.446717113   -0.156280185    0.010842605
   26.475063005   -0.148325541    0.011286829
   26.503408897   -0.140534202    0.011664005
   26.531754789   -0.132970841    0.011965948
   26.560100681   -0.125650183    0.012185204
   26.588446573   -0.118596948    0.012315555
   26.616792464   -0.111907397    0.012352425
   26.645138356   -0.105792096    0.012293103
   26.673484248   -0.100583123    0.012136764
   26.701830140   -0.096697689    0.011884293
   26.730176032   -0.094561890    0.011537986
   26.758521924   -0.094509917    0.011101187
   26.786867816   -0.096682471    0.010577936
   26.815213708   -0.100950782    0.009972703
   26.843559599   -0.106888521    0.009290219
   26.871905491   -0.113803756    0.008535420
   26.900251383   -0.120829231    0.007713460
   26.928597275   -0.127055087    0.006829772
   26.956943167   -0.131677234    0.005890107
   26.985289059   -0.134129861    0.004900545
   27.013634951   -0.134173263    0.003867437
   27.041980842   -0.131917927    0.002797304
   27.070326734   -0.127780114    0.001696711
   27.098672626   -0.122379763    0.000572130
   27.127018518   -0.116404403   -0.000570145
   27.155364410   -0.110469864   -0.001724058
   27.183710302   -0.105008223   -0.002883782
   27.212056194   -0.100205829   -0.004043701
   27.240402086   -0.096001421   -0.005198371
   27.268747977   -0.092139670   -0.006342528
   27.297093869   -0.088262592   -0.007471142
   27.325439761   -0.084013407   -0.008579549
   27.353785653   -0.079126289   -0.009663640
   27.382131545   -0.073481128   -0.010720089
   27.410477437   -0.067113060   -0.011746584
   27.438823329   -0.060179164   -0.012742010
   27.467169221   -0.052895912   -0.013706557
   27.495515112   -0.045467811   -0.014641716
   27.523861004   -0.038028520   -0.015550169
   27.552206896   -0.030610654   -0.016435575
   27.580552788   -0.023151139   -0.017302285
   27.608898680   -0.015528143   -0.018155029
   27.637244572   -0.007616445   -0.018998606
   27.665590464    0.000656914   -0.019837608
   27.693936355    0.009274326   -0.020676210
   27.722282247    0.018118555   -0.021518017
   27.750628139    0.026995642   -0.022365965
   27.778974031    0.035682657   -0.023222267
   27.807319923    0.043985474   -0.024088374
   27.835665815    0.051788591   -0.024964948
   27.864011707    0.059081203   -0.025851829
   27.892357599    0.065950735   -0.026748002
   27.920703490    0.072544774   -0.027651583
   27.949049382    0.079012008   -0.028559821
   27.977395274    0.085439488   -0.029469148
   28.005741166    0.091805286   -0.030375270
   28.034087058    0.097961767   -0.031273311
   28.062432950    0.103656218   -0.032157990
   28.090778842    0.108584848   -0.033023809
   28.119124733    0.112466202   -0.033865239
   28.147470625    0.115113735   -0.034676864
   28.175816517    0.116486637   -0.035453479
   28.204162409    0.116703343   -0.036190132
   28.232508301    0.116012176   -0.036882116
   28.260854193    0.114725665   -0.037524939
   28.289200085    0.113135750   -0.038114292
   28.317545977    0.111433493   -0.038646058
   28.345891868    0.109656830   -0.039116373
   28.374237760    0.107683287   -0.039521763
   28.402583652    0.105272882   -0.039859335
   28.430929544    0.102152691   -0.040127018
   28.459275436    0.098122398   -0.040323794
   28.487621328    0.093153037   -0.040449884
   28.515967220    0.087451032   -0.040506841
   28.544313112    0.081467030   -0.040497527
   28.572659003    0.075842075   -0.040425952
   28.601004895    0.071299310   -0.040297017
   28.629350787    0.068503545   -0.040116173
   28.657696679    0.067920052   -0.039889089
   28.686042571    0.069705431   -0.039621367
   28.714388463    0.073656787   -0.039318378
   28.742734355    0.079232265   -0.038985239
   28.771080246    0.085639498   -0.038626941
   28.799426138    0.091972750   -0.038248582
   28.827772030    0.097368422   -0.037855652
   28.856117922    0.101144826   -0.037454278
   28.884463814    0.102896617   -0.037051354
   28.912809706    0.102525745   -0.036654496
   28.941155598    0.100206324   -0.036271790
   28.969501490    0.096296445   -0.035911370
   28.997847381    0.091221829   -0.035580861
   29.026193273    0.085361516   -0.035286815
   29.054539165    0.078963336   -0.035034217
   29.082885057    0.072107718   -0.034826173
   29.111230949    0.064724964   -0.034663823
   29.139576841    0.056657064   -0.034546502
   29.167922733    0.047744112   -0.034472094
   29.196268624    0.037910064   -0.034437478
   29.224614516    0.027224084   -0.034438968
   29.252960408    0.015921451   -0.034472601
   29.281306300    0.004379523   -0.034534218
   29.309652192   -0.006943510   -0.034619282
   29.337998084   -0.017589721   -0.034722484
   29.366343976   -0.027180457   -0.034837237
   29.394689868   -0.035472798   -0.034955194
   29.423035759   -0.042379882   -0.035065960
   29.451381651   -0.047951761   -0.035157124
   29.479727543   -0.052324129   -0.035214689
   29.508073435   -0.055650564   -0.035223907
   29.536419327   -0.058037607   -0.035170419
   29.564765219   -0.059500341   -0.035041547
   29.593111111   -0.059949789   -0.034827524
   29.621457003   -0.059214274   -0.034522459
   29.649802894   -0.057087581   -0.034124868
   29.678148786   -0.053389827   -0.033637681
   29.706494678   -0.048024155   -0.033067717
   29.734840570   -0.041014341   -0.032424751
   29.763186462   -0.032514377   -0.031720325
   29.791532354   -0.022789202   -0.030966541
   29.819878246   -0.012173699   -0.030175035
   29.848224137   -0.001022602   -0.029356285
   29.876570029    0.010334379   -0.028519357
   29.904915921    0.021620352   -0.027672039
   29.933261813    0.032615882   -0.026821285
   29.961607705    0.043141629   -0.025973786
   29.989953597    0.053026755   -0.025136496
   30.018299489    0.062074958   -0.024316946
   30.046645381    0.070040411   -0.023523248
   30.074991272    0.076622712   -0.022763767
   30.103337164    0.081484091   -0.022046550
   30.131683056    0.084285497   -0.021378617
   30.160028948    0.084732579   -0.020765297
   30.188374840    0.082619762   -0.020209768
   30.216720732    0.077861192   -0.019712887
   30.245066624    0.070501169   -0.019273367
   30.273412515    0.060702479   -0.018888227
   30.301758407    0.048717091   -0.018553410
   30.330104299    0.034848226   -0.018264397
   30.358450191    0.019414465   -0.018016671
   30.386796083    0.002725009   -0.017805894
   30.415141975   -0.014929073   -0.017627769
   30.443487867   -0.033268336   -0.017477627
   30.471833759   -0.052009075   -0.017349835
   30.500179650   -0.070847050   -0.017237237
   30.528525542   -0.089449885   -0.017130769
   30.556871434   -0.107464240   -0.017019434
   30.585217326   -0.124538752   -0.016890702
   30.613563218   -0.140358052   -0.016731324
   30.641909110   -0.154678764   -0.016528469
   30.670255002   -0.167356684   -0.016270995
   30.698600894   -0.178355956   -0.015950643
   30.726946785   -0.187735760   -0.015562939
   30.755292677   -0.195616384   -0.015107662
   30.783638569   -0.202132778   -0.014588783
   30.811984461   -0.207387893   -0.014013918
   30.840330353   -0.211418822   -0.013393400
   30.868676245   -0.214185761   -0.012739151
   30.897022137   -0.215587633   -0.012063562
   30.925368028   -0.215500708   -0.011378568
   30.953713920   -0.213829715   -0.010695048
   30.982059812   -0.210556942   -0.010022604
   31.010405704   -0.205774857   -0.009369693
   31.038751596   -0.199692070   -0.008744004
   31.067097488   -0.192609892   -0.008152940
   31.095443380   -0.184875271   -0.007604051
   31.123789272   -0.176823104   -0.007105295
   31.152135163   -0.168724574   -0.006665055
   31.180481055   -0.160757042   -0.006291902
   31.208826947   -0.153005265   -0.005994163
   31.237172839   -0.145494622   -0.005779391
   31.265518731   -0.138247261   -0.005653847
   31.293864623   -0.131344225   -0.005622101
   31.322210515   -0.124973301   -0.005686830
   31.350556406   -0.119444575   -0.005848822
   31.378902298   -0.115163402   -0.006107173
   31.407248190   -0.112561760   -0.006459610
   31.435594082   -0.112000952   -0.006902863
   31.463939974   -0.113667987   -0.007433003
   31.492285866   -0.117492106   -0.008045693
   31.520631758   -0.123105291   -0.008736324
   31.548977650   -0.129861558   -0.009500040
   31.577323541   -0.136916457   -0.010331700
   31.605669433   -0.143353606   -0.011225809
   31.634015325   -0.148333172   -0.012176485
   31.662361217   -0.151230862   -0.013177470
   31.690707109   -0.151737197   -0.014222222
   31.719053001   -0.149895314   -0.015304056
   31.747398893   -0.146069357   -0.016416296
   31.775744785   -0.140851379   -0.017552429
   31.804090676   -0.134928520   -0.018706192
   31.832436568   -0.128940807   -0.019871598
   31.860782460   -0.123361072   -0.021042909
   31.889128352   -0.118422048   -0.022214558
   31.917474244   -0.114103479   -0.023381089
   31.945820136   -0.110177181   -0.024537131
   31.974166028   -0.106294311   -0.025677457
   32.002511919   -0.102089961   -0.026797128
   32.030857811   -0.097277816   -0.027891724
   32.059203703   -0.091712266   -0.028957615
   32.087549595   -0.085405525   -0.029992243
   32.115895487   -0.078500136   -0.030994343
   32.144241379   -0.071209096   -0.031964067
   32.172587271   -0.063743682   -0.032902980
   32.200933163   -0.056250936   -0.033813924
   32.229279054   -0.048778390   -0.034700762
   32.257624946   -0.041274575   -0.035568045
   32.285970838   -0.033622770   -0.036420655
   32.314316730   -0.025695645   -0.037263457
   32.342662622   -0.017412643   -0.038101015
   32.371008514   -0.008781695   -0.038937392
   32.399354406    0.000087866   -0.039776023
   32.427700297    0.009005212   -0.040619668
   32.456046189    0.017744566   -0.041470406
   32.484392081    0.026103905   -0.042329641
   32.512737973    0.033957450   -0.043198108
   32.541083865    0.041285224   -0.044075847
   32.569429757    0.048169692   -0.044962162
   32.597775649    0.054759397   -0.045855568
   32.626121541    0.061209592   -0.046753748
   32.654467432    0.067617269   -0.047653547
   32.682813324    0.073970331   -0.048551015
   32.711159216    0.080127237   -0.049441519
   32.739505108    0.085835044   -0.050319896
   32.767851000    0.090782746   -0.051180659
   32.796196892    0.094676271   -0.052018196
   32.824542784    0.097314531   -0.052826958
   32.852888676    0.098644664   -0.053601597
   32.881234567    0.098779611   -0.054337041
   32.909580459    0.097971269   -0.055028508
   32.937926351    0.096544874   -0.055671478
   32.966272243    0.094811697   -0.056261649
   32.994618135    0.092984149   -0.056794916
   33.022964027    0.091118012   -0.057267397
   33.051309919    0.089100129   -0.057675537
   33.079655810    0.086688160   -0.058016285
   33.108001702    0.083594777   -0.058287328
   33.136347594    0.079595880   -0.058487340
   33.164693486    0.074634464   -0.058616210
   33.193039378    0.068891109   -0.058675171
   33.221385270    0.062799033   -0.058666827
   33.249731162    0.056994794   -0.058595025
   33.278077054    0.052211737   -0.058464605
   33.306422945    0.049138071   -0.058281063
   33.334768837    0.048271314   -0.058050180
   33.363114729    0.049802930   -0.057777701
   33.391460621    0.053560826   -0.057469118
   33.419806513    0.059024245   -0.057129617
   33.448152405    0.065408833   -0.056764177
   33.476498297    0.071803300   -0.056377814
   33.504844188    0.077327315   -0.055975888
   33.533190080    0.081275848   -0.055564394
   33.561535972    0.083219185   -0.055150148
   33.589881864    0.083039154   -0.054740780
   33.618227756    0.080897755   -0.054344520
   33.646573648    0.077150448   -0.053969769
   33.674919540    0.072228795   -0.053624525
   33.703265432    0.066523045   -0.053315766
   33.731611323    0.060293282   -0.053048898
   33.759957215    0.053628823   -0.052827375
   33.788303107    0.046462090   -0.052652580
   33.816648999    0.038628848   -0.052523956
   33.844994891    0.029955241   -0.052439374
   33.873340783    0.020346147   -0.052395622
   33.901686675    0.009850478   -0.052388895
   33.930032567   -0.001313599   -0.052415155
   33.958378458   -0.012779051   -0.052470258
   33.986724350   -0.024089099   -0.052549809
   34.015070242   -0.034778206   -0.052648766
   34.043416134   -0.044452985   -0.052760898
   34.071762026   -0.052852072   -0.052878248
   34.100107918   -0.059870573   -0.052990770
   34.128453810   -0.065544724   -0.053086282
   34.156799701   -0.070003250   -0.053150842
   34.185145593   -0.073400432   -0.053169543
   34.213491485   -0.075850099   -0.053127656
   34.241837377   -0.077378520   -0.053011951
   34.270183269   -0.077908237   -0.052811984
   34.298529161   -0.077275911   -0.052521132
   34.326875053   -0.075277927   -0.052137207
   34.355220945   -0.071730273   -0.051662517
   34.383566836   -0.066526051   -0.051103398
   34.411912728   -0.059675422   -0.050469292
   34.440258620   -0.051318403   -0.049771569
   34.468604512   -0.041708787   -0.049022288
   34.496950404   -0.031175441   -0.048233133
   34.525296296   -0.020072994   -0.047414694
   34.553642188   -0.008736054   -0.046576160
   34.581988079    0.002550895   -0.045725438
   34.610333971    0.013561134   -0.044869575
   34.638679863    0.024111110   -0.044015338
   34.667025755    0.034030508   -0.043169745
   34.695371647    0.043128252   -0.042340406
   34.723717539    0.051166647   -0.041535542
   34.752063431    0.057853195   -0.040763683
   34.780409323    0.062854208   -0.040033100
   34.808755214    0.065827901   -0.039351098
   34.837101106    0.066468976   -0.038723344
   34.865446998    0.064553447   -0.038153372
   34.893792890    0.059972517   -0.037642405
   34.922138782    0.052747513   -0.037189488
   34.950484674    0.043023177   -0.036791931
   34.978830566    0.031042534   -0.036445910
   35.007176458    0.017111167   -0.036147088
   35.035522349    0.001560901   -0.035891091
   35.063868241   -0.015277992   -0.035673710
   35.092214133   -0.033090512   -0.035490790
   35.120560025   -0.051576081   -0.035337827
   35.148905917   -0.070437533   -0.035209399
   35.177251809   -0.089367646   -0.035098587
   35.205597701   -0.108041539   -0.034996571
   35.233943592   -0.126121020   -0.034892564
   35.262289484   -0.143272644   -0.034774167
   35.290635376   -0.159196130   -0.034628137
   35.318981268   -0.173655577   -0.034441492
   35.347327160   -0.186503996   -0.034202764
   35.375673052   -0.197692728   -0.033903200
   35.404018944   -0.207261210   -0.033537698
   35.432364836   -0.215308081   -0.033105325
   35.460710727   -0.221950369   -0.032609321
   35.489056619   -0.227281435   -0.032056620
   35.517402511   -0.231339428   -0.031456987
   35.545748403   -0.234095593   -0.030821940
   35.574094295   -0.235466479   -0.030163665
   35.602440187   -0.235347317   -0.029494103
   35.630786079   -0.233657567   -0.028824341
   35.659131970   -0.230385688   -0.028164368
   35.687477862   -0.225619891   -0.027523166
   35.715823754   -0.219555190   -0.026909039
   35.744169646   -0.212473659   -0.026330037
   35.772515538   -0.204702608   -0.025794330
   35.800861430   -0.196562127   -0.025310419
   35.829207322   -0.188317168   -0.024887102
   35.857553214   -0.180148652   -0.024533208
   35.885899105   -0.172153100   -0.024257152
   35.914244997   -0.164372054   -0.024066409
   35.942590889   -0.156843429   -0.023967034
   35.970936781   -0.149659422   -0.023963306
   35.999282673   -0.143012045   -0.024057589
   36.027628565   -0.137209028   -0.024250395
   36.055974457   -0.132649716   -0.024540627
   36.084320349   -0.129760981   -0.024925934
   36.112666240   -0.128904597   -0.025403079
   36.141012132   -0.130276817   -0.025968247
   36.169358024   -0.133825336   -0.026617247
   36.197703916   -0.139207051   -0.027345583
   36.226049808   -0.145801932   -0.028148425
   36.254395700   -0.152785776   -0.029020528
   36.282741592   -0.159250582   -0.029956155
   36.311087483   -0.164349251   -0.030949055
   36.339433375   -0.167434472   -0.031992536
   36.367779267   -0.168161842   -0.033079612
   36.396125159   -0.166534659   -0.034203206
   36.424471051   -0.162880777   -0.035356367
   36.452816943   -0.157767261   -0.036532429
   36.481162835   -0.151872603   -0.037725104
   36.509508727   -0.145845520   -0.038928459
   36.537854618   -0.140181592   -0.040136832
   36.566200510   -0.135143707   -0.041344694
   36.594546402   -0.130740960   -0.042546534
   36.622892294   -0.126766152   -0.043736809
   36.651238186   -0.122878152   -0.044910008
   36.679584078   -0.118705447   -0.046060836
   36.707929970   -0.113943760   -0.047184488
   36.736275861   -0.108424105   -0.048276996
   36.764621753   -0.102137060   -0.049335546
   36.792967645   -0.095211509   -0.050358737
   36.821313537   -0.087858344   -0.051346703
   36.849659429   -0.080298284   -0.052301090
   36.878005321   -0.072695894   -0.053224873
   36.906351213   -0.065118598   -0.054122066
   36.934697105   -0.057530997   -0.054997355
   36.963042996   -0.049823897   -0.055855724
   36.991388888   -0.041867099   -0.056702125
   37.019734780   -0.033568318   -0.057541222
   37.048080672   -0.024919269   -0.058377221
   37.076426564   -0.016014367   -0.059213789
   37.104772456   -0.007036149   -0.060054012
   37.133118348    0.001788105   -0.060900388
   37.161464240    0.010245126   -0.061754795
   37.189810131    0.018191414   -0.062618438
   37.218156023    0.025588288   -0.063491766
   37.246501915    0.032504507   -0.064374371
   37.274847807    0.039084416   -0.065264893
   37.303193699    0.045490116   -0.066160972
   37.331539591    0.051834419   -0.067059267
   37.359885483    0.058124860   -0.067955546
   37.388231374    0.064236615   -0.068844862
   37.416577266    0.069924371   -0.069721778
   37.444923158    0.074872095   -0.070580624
   37.473269050    0.078768434   -0.071415731
   37.501614942    0.081387339   -0.072221614
   37.529960834    0.082650953   -0.072993090
   37.558306726    0.082655813   -0.073725295
   37.586652618    0.081652976   -0.074413653
   37.614998509    0.079985457   -0.075053781
   37.643344401    0.077998713   -0.075641412
   37.671690293    0.075948401   -0.076172353
   37.700036185    0.073931721   -0.076642525
   37.728382077    0.071863436   -0.077048099
   37.756727969    0.069506304   -0.077385726
   37.785073861    0.066551078   -0.077652827
   37.813419752    0.062727154   -0.077847903
   37.841765644    0.057915371   -0.077970787
   37.870111536    0.052232059   -0.078022799
   37.898457428    0.046059138   -0.078006746
   37.926803320    0.040007667   -0.077926761
   37.955149212    0.034818718   -0.077787995
   37.983495104    0.031221500   -0.077596216
   38.011840996    0.029780288   -0.077357392
   38.040186887    0.030765688   -0.077077339
   38.068532779    0.034081032   -0.076761517
   38.096878671    0.039262234   -0.076415016
   38.125224563    0.045552345   -0.076042722
   38.153570455    0.052034568   -0.075649646
   38.181916347    0.057793932   -0.075241305
   38.210262239    0.062071596   -0.074824055
   38.238608131    0.064378312   -0.074405273
   38.266954022    0.064544125   -0.073993305
   38.295299914    0.062697251   -0.073597144
   38.323645806    0.059182088   -0.073225881
   38.351991698    0.054440341   -0.072888007
   38.380337590    0.048886710   -0.072590704
   38.408683482    0.042810034   -0.072339267
   38.437029374    0.036322450   -0.072136767
   38.465375265    0.029365582   -0.071984043
   38.493721157    0.021767591   -0.071879990
   38.522067049    0.013332072   -0.071822084
   38.550412941    0.003932540   -0.071806989
   38.578758833   -0.006413841   -0.071831095
   38.607104725   -0.017512762   -0.071890815
   38.635450617   -0.029007336   -0.071982564
   38.663796509   -0.040435349   -0.072102396
   38.692142400   -0.051312648   -0.072245383
   38.720488292   -0.061219824   -0.072404899
   38.748834184   -0.069869453   -0.072572010
   38.777180076   -0.077137317   -0.072735173
   38.805525968   -0.083051393   -0.072880406
   38.833871860   -0.087743963   -0.072991970
   38.862217752   -0.091381851   -0.073053517
   38.890563643   -0.094094999   -0.073049547
   38.918909535   -0.095923115   -0.072966916
   38.947255427   -0.096794313   -0.072796152
   38.975601319   -0.096540393   -0.072532323
   39.003947211   -0.094943183   -0.072175320
   39.032293103   -0.091798187   -0.071729518
   39.060638995   -0.086977643   -0.071202889
   39.088984887   -0.080476067   -0.070605767
   39.117330778   -0.072426892   -0.069949517
   39.145676670   -0.063087253   -0.069245343
   39.174022562   -0.052796807   -0.068503461
   39.202368454   -0.041923313   -0.067732721
   39.230714346   -0.030810644   -0.066940691
   39.259060238   -0.019743362   -0.066134097
   39.287406130   -0.008936468   -0.065319431
   39.315752022    0.001448773   -0.064503540
   39.344097913    0.011269749   -0.063694008
   39.372443805    0.020360513   -0.062899215
   39.400789697    0.028497086   -0.062128065
   39.429135589    0.035381976   -0.061389429
   39.457481481    0.040654258   -0.060691448
   39.485827373    0.043924235   -0.060040846
   39.514173265    0.044824835   -0.059442423
   39.542519156    0.043067292   -0.058898811
   39.570865048    0.038487616   -0.058410544
   39.599210940    0.031072985   -0.057976394
   39.627556832    0.020962640   -0.057593874
   39.655902724    0.008424584   -0.057259763
   39.684248616   -0.006184683   -0.056970539
   39.712594508   -0.022466485   -0.056722601
   39.740940400   -0.040021033   -0.056512240
   39.769286291   -0.058474705   -0.056335385
   39.797632183   -0.077489950   -0.056187197
   39.825978075   -0.096759863   -0.056061627
   39.854323967   -0.115993965   -0.055951068
   39.882669859   -0.134903871   -0.055846218
   39.911015751   -0.153196719   -0.055736226
   39.939361643   -0.170580841   -0.055609141
   39.967707534   -0.186783343   -0.055452641
   39.996053426   -0.201574598   -0.055254943
   40.024399318   -0.214791612   -0.055005794
   40.052745210   -0.226351922   -0.054697401
   40.081091102   -0.236252094   -0.054325179
   40.109436994   -0.244549525   -0.053888215
   40.137782886   -0.251331460   -0.053389400
   40.166128778   -0.256679526   -0.052835202
   40.194474669   -0.260639985   -0.052235128
   40.222820561   -0.263208825   -0.051600952
   40.251166453   -0.264336788   -0.050945812
   40.279512345   -0.263953649   -0.050283317
   40.307858237   -0.262005179   -0.049626753
   40.336204129   -0.258492047   -0.048988501
   40.364550021   -0.253498785   -0.048379715
   40.392895913   -0.247203374   -0.047810254
   40.421241804   -0.239863404   -0.047288834
   40.449587696   -0.231781721   -0.046823304
   40.477933588   -0.223260879   -0.046420958
   40.506279480   -0.214559679   -0.046088771
   40.534625372   -0.205865219   -0.045833482
   40.562971264   -0.197289911   -0.045661501
   40.591317156   -0.188895770   -0.045578639
   40.619663047   -0.180739824   -0.045589737
   40.648008939   -0.172927216   -0.045698276
   40.676354831   -0.165654592   -0.045906073
   40.704700723   -0.159227232   -0.046213135
   40.733046615   -0.154039182   -0.046617719
   40.761392507   -0.150515094   -0.047116587
   40.789738399   -0.149023303   -0.047705398
   40.818084291   -0.149778918   -0.048379142
   40.846430182   -0.152760709   -0.049132528
   40.874776074   -0.157664740   -0.049960238
   40.903121966   -0.163910757   -0.050857000
   40.931467858   -0.170705811   -0.051817499
   40.959813750   -0.177156104   -0.052836190
   40.988159642   -0.182406037   -0.053907076
   41.016505534   -0.185775942   -0.055023570
   41.044851425   -0.186869131   -0.056178497
   41.073197317   -0.185625043   -0.057364269
   41.101543209   -0.182307125   -0.058573189
   41.129889101   -0.177428776   -0.059797827
   41.158234993   -0.171634638   -0.061031361
   41.186580885   -0.165564286   -0.062267786
   41.214926777   -0.159728624   -0.063501923
   41.243272669   -0.154425175   -0.064729248
   41.271618560   -0.149708226   -0.065945560
   41.299964452   -0.145416091   -0.067146632
   41.328310344   -0.141243994   -0.068327934
   41.356656236   -0.136840951   -0.069484569
   41.385002128   -0.131904741   -0.070611458
   41.413348020   -0.126251612   -0.071703797
   41.441693912   -0.119845837   -0.072757664
   41.470039804   -0.112785921   -0.073770680
   41.498385695   -0.105256225   -0.074742524
   41.526731587   -0.097461393   -0.075675184
   41.555077479   -0.089564404   -0.076572842
   41.583423371   -0.081646321   -0.077441399
   41.611769263   -0.073698123   -0.078287715
   41.640115155   -0.065644625   -0.079118723
   41.668461047   -0.057390693   -0.079940592
   41.696806938   -0.048873415   -0.080758119
   41.725152830   -0.040102602   -0.081574452
   41.753498722   -0.031176138   -0.082391175
   41.781844614   -0.022265009   -0.083208702
   41.810190506   -0.013572664   -0.084026828
   41.838536398   -0.005281802   -0.084845290
   41.866882290    0.002493996   -0.085664162
   41.895228182    0.009737442   -0.086483976
   41.923574073    0.016523456   -0.087305557
   41.951919965    0.022983422   -0.088129602
   41.980265857    0.029247532   -0.088956153
   42.008611749    0.035382513   -0.089784094
   42.036957641    0.041344562   -0.090610827
   42.065303533    0.046963807   -0.091432218
   42.093649425    0.051967939   -0.092242823
   42.121995316    0.056041148   -0.093036343
   42.150341208    0.058903464   -0.093806186
   42.178687100    0.060388437   -0.094545986
   42.207032992    0.060496062   -0.095249979
   42.235378884    0.059403607   -0.095913137
   42.263724776    0.057428273   -0.096531074
   42.292070668    0.054949290   -0.097099796
   42.320416560    0.052309424   -0.097615396
   42.348762451    0.049723170   -0.098073829
   42.377108343    0.047218847   -0.098470872
   42.405454235    0.044633931   -0.098802310
   42.433800127    0.041669114   -0.099064312
   42.462146019    0.037990312   -0.099253938
   42.490491911    0.033353545   -0.099369611
   42.518837803    0.027719440   -0.099411462
   42.547183695    0.021324483   -0.099381426
   42.575529586    0.014685533   -0.099283079
   42.603875478    0.008530245   -0.099121235
   42.632221370    0.003665021   -0.098901428
   42.660567262    0.000808893   -0.098629387
   42.688913154    0.000431857   -0.098310652
   42.717259046    0.002636804   -0.097950420
   42.745604938    0.007114823   -0.097553637
   42.773950829    0.013186568   -0.097125298
   42.802296721    0.019921773   -0.096670859
   42.830642613    0.026310149   -0.096196615
   42.858988505    0.031444579   -0.095709924
   42.887334397    0.034674987   -0.095219196
   42.915680289    0.035698960   -0.094733620
   42.944026181    0.034571320   -0.094262674
   42.972372073    0.031634971   -0.093815521
   43.000717964    0.027394436   -0.093400411
   43.029063856    0.022366629   -0.093024211
   43.057409748    0.016947329   -0.092692152
   43.085755640    0.011325864   -0.092407794
   43.114101532    0.005466386   -0.092173204
   43.142447424   -0.000844078   -0.091989227
   43.170793316   -0.007898128   -0.091855782
   43.199139207   -0.015950513   -0.091772053
   43.227485099   -0.025113951   -0.091736528
   43.255830991   -0.035296264   -0.091746870
   43.284176883   -0.046194379   -0.091799656
   43.312522775   -0.057344559   -0.091890063
   43.340868667   -0.068213036   -0.092011587
   43.369214559   -0.078300946   -0.092155903
   43.397560451   -0.087234806   -0.092312906
   43.425906342   -0.094819153   -0.092470973
   43.454252234   -0.101039492   -0.092617406
   43.482598126   -0.106018020   -0.092739024
   43.510944018   -0.109937591   -0.092822813
   43.539289910   -0.112957417   -0.092856586
   43.567635802   -0.115145192   -0.092829568
   43.595981694   -0.116444380   -0.092732883
   43.624327586   -0.116684553   -0.092559924
   43.652673477   -0.115629935   -0.092306580
   43.681019369   -0.113050579   -0.091971341
   43.709365261   -0.108794771   -0.091555270
   43.737711153   -0.102841824   -0.091061842
   43.766057045   -0.095321029   -0.090496661
   43.794402937   -0.086492966   -0.089867070
   43.822748829   -0.076700580   -0.089181669
   43.851094720   -0.066306004   -0.088449812
   43.879440612   -0.055632633   -0.087681120
   43.907786504   -0.044929640   -0.086885082
   43.936132396   -0.034368608   -0.086070797
   43.964478288   -0.024071794   -0.085246877
   43.992824180   -0.014161627   -0.084421498
   44.021170072   -0.004814430   -0.083602555
   44.049515964    0.003700105   -0.082797836
   44.077861855    0.011008092   -0.082015140
   44.106207747    0.016655319   -0.081262257
   44.134553639    0.020161765   -0.080546785
   44.162899531    0.021093733   -0.079875773
   44.191245423    0.019135467   -0.079255287
   44.219591315    0.014142125   -0.078689955
   44.247937207    0.006161142   -0.078182630
   44.276283098   -0.004582312   -0.077734241
   44.304628990   -0.017730443   -0.077343886
   44.332974882   -0.032855381   -0.077009144
   44.361320774   -0.049522224   -0.076726528
   44.389666666   -0.067336865   -0.076491967
   44.418012558   -0.085968435   -0.076301168
   44.446358450   -0.105144535   -0.076149769
   44.474704342   -0.124625680   -0.076033231
   44.503050233   -0.144171384   -0.075946487
   44.531396125   -0.163512051   -0.075883471
   44.559742017   -0.182338161   -0.075836673
   44.588087909   -0.200311907   -0.075796910
   44.616433801   -0.217098620   -0.075753450
   44.644779693   -0.232408443   -0.075694563
   44.673125585   -0.246034920   -0.075608481
   44.701471477   -0.257877745   -0.075484642
   44.729817368   -0.267941524   -0.075315003
   44.758163260   -0.276309805   -0.075095185
   44.786509152   -0.283101417   -0.074825226
   44.814855044   -0.288421887   -0.074509781
   44.843200936   -0.292324642   -0.074157714
   44.871546828   -0.294794053   -0.073781154
   44.899892720   -0.295755918   -0.073394193
   44.928238611   -0.295112628   -0.073011453
   44.956584503   -0.292792473   -0.072646800
   44.984930395   -0.288797804   -0.072312392
   45.013276287   -0.283236583   -0.072018215
   45.041622179   -0.276326414   -0.071772107
   45.069968071   -0.268368255   -0.071580179
   45.098313963   -0.259696319   -0.071447481
   45.126659855   -0.250618390   -0.071378680
   45.155005746   -0.241364516   -0.071378589
   45.183351638   -0.232060521   -0.071452402
   45.211697530   -0.222736173   -0.071605596
   45.240043422   -0.213367856   -0.071843559
   45.268389314   -0.203945060   -0.072171040
   45.296735206   -0.194541812   -0.072591602
   45.325081098   -0.185371008   -0.073107192
   45.353426989   -0.176802418   -0.073717949
   45.381772881   -0.169333677   -0.074422277
   45.410118773   -0.163515564   -0.075217131
   45.438464665   -0.159845402   -0.076098435
   45.466810557   -0.158651962   -0.077061502
   45.495156449   -0.159999348   -0.078101363
   45.523502341   -0.163634528   -0.079212916
   45.551848233   -0.168994139   -0.080390908
   45.580194124   -0.175272916   -0.081629783
   45.608540016   -0.181541957   -0.082923496
   45.636885908   -0.186893386   -0.084265377
   45.665231800   -0.190581848   -0.085648137
   45.693577692   -0.192133931   -0.087064041
   45.721923584   -0.191404030   -0.088505225
   45.750269476   -0.188567277   -0.089964086
   45.778615368   -0.184054070   -0.091433640
   45.806961259   -0.178443070   -0.092907752
   45.835307151   -0.172337404   -0.094381161
   45.863653043   -0.166250691   -0.095849303
   45.891998935   -0.160525223   -0.097307963
   45.920344827   -0.155295619   -0.098752867
   45.948690719   -0.150499999   -0.100179343
   45.977036611   -0.145930068   -0.101582141
   46.005382502   -0.141303848   -0.102955524
   46.033728394   -0.136341793   -0.104293589
   46.062074286   -0.130828869   -0.105590804
   46.090420178   -0.124650900   -0.106842607
   46.118766070   -0.117801292   -0.108045934
   46.147111962   -0.110361936   -0.109199553
   46.175457854   -0.102467748   -0.110304104
   46.203803746   -0.094266784   -0.111361837
   46.232149637   -0.085886939   -0.112376116
   46.260495529   -0.077416559   -0.113350806
   46.288841421   -0.068901317   -0.114289693
   46.317187313   -0.060354796   -0.115196096
   46.345533205   -0.051776902   -0.116072731
   46.373879097   -0.043172977   -0.116921876
   46.402224989   -0.034567631   -0.117745744
   46.430570880   -0.026009893   -0.118546936
   46.458916772   -0.017569655   -0.119328827
   46.487262664   -0.009328159   -0.120095709
   46.515608556   -0.001366875   -0.120852627
   46.543954448    0.006240970   -0.121604868
   46.572300340    0.013433395   -0.122357208
   46.600646232    0.020156721   -0.123113057
   46.628992124    0.026358508   -0.123873704
   46.657338015    0.031979769   -0.124637835
   46.685683907    0.036950193   -0.125401468
   46.714029799    0.041189168   -0.126158318
   46.742375691    0.044613457   -0.126900551
   46.770721583    0.047150132   -0.127619768
   46.799067475    0.048751490   -0.128308013
   46.827413367    0.049407699   -0.128958598
   46.855759259    0.049153261   -0.129566598
   46.884105150    0.048064835   -0.130128916
   46.912451042    0.046250221   -0.130643957
   46.940796934    0.043830748   -0.131111011
   46.969142826    0.040921181   -0.131529541
   46.997488718    0.037612236   -0.131898546
   47.025834610    0.033960369   -0.132216195
   47.054180502    0.029987942   -0.132479795
   47.082526393    0.025694455   -0.132686142
   47.110872285    0.021076789   -0.132832130
   47.139218177    0.016154060   -0.132915510
   47.167564069    0.010991208   -0.132935608
   47.195909961    0.005715255   -0.132893838
   47.224255853    0.000519279   -0.132793910
   47.252601745   -0.004348526   -0.132641704
   47.280947637   -0.008610378   -0.132444831
   47.309293528   -0.011995585   -0.132212008
   47.337639420   -0.014282354   -0.131952365
   47.365985312   -0.015337217   -0.131674843
   47.394331204   -0.015144485   -0.131387764
   47.422677096   -0.013819567   -0.131098650
   47.451022988   -0.011602767   -0.130814276
   47.479368880   -0.008833695   -0.130540902
   47.507714771   -0.005910192   -0.130284609
   47.536060663   -0.003238687   -0.130051626
   47.564406555   -0.001184767   -0.129848567
   47.592752447   -0.000032774   -0.129682526
   47.621098339    0.000038508   -0.129560982
   47.649444231   -0.001039743   -0.129491540
   47.677790123   -0.003241493   -0.129481513
   47.706136015   -0.006476028   -0.129537409
   47.734481906   -0.010625512   -0.129664374
   47.762827798   -0.015580824   -0.129865638
   47.791173690   -0.021267208   -0.130142037
   47.819519582   -0.027653894   -0.130491672
   47.847865474   -0.034745954   -0.130909747
   47.876211366   -0.042561108   -0.131388635
   47.904557258   -0.051098137   -0.131918202
   47.932903150   -0.060305709   -0.132486368
   47.961249041   -0.070060487   -0.133079871
   47.989594933   -0.080161073   -0.133685148
   48.017940825   -0.090340321   -0.134289222
   48.046286717   -0.100293841   -0.134880468
   48.074632609   -0.109718228   -0.135449159
   48.102978501   -0.118349950   -0.135987699
   48.131324393   -0.125995518   -0.136490537
   48.159670284   -0.132545739   -0.136953808
   48.188016176   -0.137970962   -0.137374788
   48.216362068   -0.142299156   -0.137751328
   48.244707960   -0.145583219   -0.138081387
   48.273053852   -0.147866762   -0.138362782
   48.301399744   -0.149158053   -0.138593227
   48.329745636   -0.149419651   -0.138770607
   48.358091528   -0.148577110   -0.138893430
   48.386437419   -0.146544962   -0.138961303
   48.414783311   -0.143263579   -0.138975279
   48.443129203   -0.138737431   -0.138937977
   48.471475095   -0.133064762   -0.138853397
   48.499820987   -0.126450763   -0.138726467
   48.528166879   -0.119200450   -0.138562414
   48.556512771   -0.111692501   -0.138366105
   48.584858662   -0.104339998   -0.138141528
   48.613204554   -0.097547000   -0.137891526
   48.641550446   -0.091670542   -0.137617857
   48.669896338   -0.086995784   -0.137321539
   48.698242230   -0.083728266   -0.137003394
   48.726588122   -0.082002593   -0.136664609
   48.754934014   -0.081902679   -0.136307166
   48.783279906   -0.083486045   -0.135934002
   48.811625797   -0.086804183   -0.135548845
   48.839971689   -0.091912766   -0.135155749
   48.868317581   -0.098868863   -0.134758465
   48.896663473   -0.107716329   -0.134359788
   48.925009365   -0.118463975   -0.133961078
   48.953355257   -0.131063158   -0.133562072
   48.981701149   -0.145391436   -0.133161038
   49.010047041   -0.161247142   -0.132755245
   49.038392932   -0.178356629   -0.132341596
   49.066738824   -0.196392601   -0.131917283
   49.095084716   -0.214999189   -0.131480257
   49.123430608   -0.233818107   -0.131029408
   49.151776500   -0.252510576   -0.130564405
   49.180122392   -0.270771417   -0.130085263
   49.208468284   -0.288334337   -0.129591768
   49.236814175   -0.304969912   -0.129082977
   49.265160067   -0.320479587   -0.128556961
   49.293505959   -0.334689468   -0.128010938
   49.321851851   -0.347446953   -0.127441813
   49.350197743   -0.358621528   -0.126847076
   49.378543635   -0.368109116   -0.126225855
   49.406889527   -0.375837826   -0.125579911
   49.435235419   -0.381772356   -0.124914340
   49.463581310   -0.385914752   -0.124237780
   49.491927202   -0.388300650   -0.123562074
   49.520273094   -0.388991761   -0.122901381
   49.548618986   -0.388066831   -0.122270918
   49.576964878   -0.385613840   -0.121685521
   49.605310770   -0.381725773   -0.121158289
   49.633656662   -0.376500861   -0.120699539
   49.662002553   -0.370046437   -0.120316193
   49.690348445   -0.362483963   -0.120011688
   49.718694337   -0.353952120   -0.119786328
   49.747040229   -0.344605343   -0.119637969
   49.775386121   -0.334606840   -0.119562862
   49.803732013   -0.324117362   -0.119556478
   49.832077905   -0.313283098   -0.119614176
   49.860423797   -0.302227243   -0.119731641
   49.888769688   -0.291049384   -0.119905055
   49.917115580   -0.279834890   -0.120131060
   49.945461472   -0.268673330   -0.120406568
   49.973807364   -0.257681464   -0.120728521
   50.002153256   -0.247023758   -0.121093653
   50.030499148   -0.236922476   -0.121498324
   50.058845040   -0.227650907   -0.121938437
   50.087190932   -0.219506958   -0.122409439
   50.115536823   -0.212769453   -0.122906397
   50.143882715   -0.207644675   -0.123424116
   50.172228607   -0.204214540   -0.123957292
   50.200574499   -0.202399034   -0.124500677
   50.228920391   -0.201943643   -0.125049246
   50.257266283   -0.202437601   -0.125598344
   50.285612175   -0.203362050   -0.126143799
   50.313958066   -0.204160168   -0.126681986
   50.342303958   -0.204315905   -0.127209802
   50.370649850   -0.203425497   -0.127724576
   50.398995742   -0.201247295   -0.128223901
   50.427341634   -0.197720250   -0.128705442
   50.455687526   -0.192948580   -0.129166755
   50.484033418   -0.187157903   -0.129605190
   50.512379310   -0.180634366   -0.130017918
   50.540725201   -0.173661664   -0.130402104
   50.569071093   -0.166470244   -0.130755203
   50.597416985   -0.159208956   -0.131075328
   50.625762877   -0.151942825   -0.131361583
   50.654108769   -0.144673554   -0.131614261
   50.682454661   -0.137373592   -0.131834812
   50.710800553   -0.130021704   -0.132025547
   50.739146444   -0.122628691   -0.132189060
   50.767492336   -0.115245900   -0.132327491
   50.795838228   -0.107955105   -0.132441723
   50.824184120   -0.100844588   -0.132530719
   50.852530012   -0.093980775   -0.132591121
   50.880875904   -0.087386355   -0.132617247
   50.909221796   -0.081033868   -0.132601511
   50.937567688   -0.074858885   -0.132535224
   50.965913579   -0.068790540   -0.132409638
   50.994259471   -0.062791177   -0.132217056
   51.022605363   -0.056893164   -0.131951809
   51.050951255   -0.051220586   -0.131610934
   51.079297147   -0.045986989   -0.131194425
   51.107643039   -0.041466642   -0.130705060
   51.135988931   -0.037944273   -0.130147837
   51.164334823   -0.035654899   -0.129529151
   51.192680714   -0.034729123   -0.128855886
   51.221026606   -0.035159025   -0.128134558
   51.249372498   -0.036795323   -0.127370652
   51.277718390   -0.039378819   -0.126568219
   51.306064282   -0.042600226   -0.125729734
   51.334410174   -0.046174620   -0.124856183
   51.362756066   -0.049912061   -0.123947285
   51.391101957   -0.053765860   -0.123001777
   51.419447849   -0.057844638   -0.122017684
   51.447793741   -0.062382785   -0.120992525
   51.476139633   -0.067674133   -0.119923455
   51.504485525   -0.073983121   -0.118807356
   51.532831417   -0.081454005   -0.117640898
   51.561177309   -0.090040187   -0.116420612
   51.589523201   -0.099471971   -0.115142985
   51.617869092   -0.109272778   -0.113804573
   51.646214984   -0.118823013   -0.112402132
   51.674560876   -0.127459889   -0.110932726
   51.702906768   -0.134593125   -0.109393813
   51.731252660   -0.139812520   -0.107783294
   51.759598552   -0.142964849   -0.106099528
   51.787944444   -0.144184024   -0.104341348
   51.816290335   -0.143868382   -0.102508085
   51.844636227   -0.142610199   -0.100599629
   51.872982119   -0.141092316   -0.098616525
   51.901328011   -0.139973172   -0.096560092
   51.929673903   -0.139783122   -0.094432530
   51.958019795   -0.140851516   -0.092236991
   51.986365687   -0.143276643   -0.089977566
   52.014711579   -0.146940991   -0.087659197
   52.043057470   -0.151564709   -0.085287488
   52.071403362   -0.156782662   -0.082868476
   52.099749254   -0.162226669   -0.080408382
   52.128095146   -0.167595006   -0.077913399
   52.156441038   -0.172695627   -0.075389546
   52.184786930   -0.177456639   -0.072842598
   52.213132822   -0.181905528   -0.070278085
   52.241478714   -0.186125645   -0.067701319
   52.269824605   -0.190202984   -0.065117405
   52.298170497   -0.194177443   -0.062531194
   52.326516389   -0.198010514   -0.059947145
   52.354862281   -0.201576496   -0.057369109
   52.383208173   -0.204678073   -0.054800061
   52.411554065   -0.207081140   -0.052241821
   52.439899957   -0.208559339   -0.049694844
   52.468245848   -0.208936963   -0.047158110
   52.496591740   -0.208119848   -0.044629153
   52.524937632   -0.206107328   -0.042104221
   52.553283524   -0.202983206   -0.039578544
   52.581629416   -0.198888812   -0.037046631
   52.609975308   -0.193985341   -0.034502571
   52.638321200   -0.188414821   -0.031940250
   52.666667092   -0.182268924   -0.029353494
   52.695012983   -0.175572497   -0.026736107
   52.723358875   -0.168284891   -0.024081866
   52.751704767   -0.160317930   -0.021384501
   52.780050659   -0.151565610   -0.018637719
   52.808396551   -0.141938381   -0.015835306
   52.836742443   -0.131394422   -0.012971324
   52.865088335   -0.119961701   -0.010040374
   52.893434226   -0.107747306   -0.007037900
   52.921780118   -0.094933765   -0.003960468
   52.950126010   -0.081764973   -0.000805976
   52.978471902   -0.068526231    0.002426249
   53.006817794   -0.055523390    0.005735470
   53.035163686   -0.043065222    0.009119672
   53.063509578   -0.031451295    0.012575756
   53.091855470   -0.020965428    0.016099763
   53.120201361   -0.011872980    0.019687084
   53.148547253   -0.004419152    0.023332612
   53.176893145    0.001174410    0.027030850
   53.205239037    0.004716446    0.030775958
   53.233584929    0.006056433    0.034561786
   53.261930821    0.005096987    0.038381901
   53.290276713    0.001805649    0.042229649
   53.318622605   -0.003776854    0.046098244
   53.346968496   -0.011534141    0.049980892
   53.375314388   -0.021278487    0.053870937
   53.403660280   -0.032761274    0.057761996
   53.432006172   -0.045687636    0.061648075
   53.460352064   -0.059732620    0.065523648
   53.488697956   -0.074556364    0.069383699
   53.517043848   -0.089816612    0.073223735
   53.545389739   -0.105178158    0.077039774
   53.573735631   -0.120319992    0.080828338
   53.602081523   -0.134941594    0.084586437
   53.630427415   -0.148769735    0.088311558
   53.658773307   -0.161566356    0.092001657
   53.687119199   -0.173136865    0.095655140
   53.715465091   -0.183337031    0.099270847
   53.743810983   -0.192076051    0.102848040
   53.772156874   -0.199313678    0.106386399
   53.800502766   -0.205050548    0.109886072
   53.828848658   -0.209312741    0.113347749
   53.857194550   -0.212133615    0.116772792
   53.885540442   -0.213537310    0.120163375
   53.913886334   -0.213528545    0.123522611
   53.942232226   -0.212092129    0.126854601
   53.970578117   -0.209203119    0.130164355
   53.998924009   -0.204845500    0.133457563
   54.027269901   -0.199034401    0.136740189
   54.055615793   -0.191835198    0.140017943
   54.083961685   -0.183373025    0.143295695
   54.112307577   -0.173828371    0.146576915
   54.140653469   -0.163418192    0.149863268
   54.168999361   -0.152366303    0.153154426
   54.197345252   -0.140870569    0.156448154
   54.225691144   -0.129076253    0.159740668
   54.254037036   -0.117064191    0.163027187
   54.282382928   -0.104859034    0.166302596
   54.310728820   -0.092457378    0.169562081
   54.339074712   -0.079869582    0.172801631
   54.367420604   -0.067164089    0.176018325
   54.395766496   -0.054500714    0.179210374
   54.424112387   -0.042140545    0.182376948
   54.452458279   -0.030424997    0.185517871
   54.480804171   -0.019724010    0.188633265
   54.509150063   -0.010361814    0.191723266
   54.537495955   -0.002535744    0.194787851
   54.565841847    0.003752621    0.197826824
   54.594187739    0.008735561    0.200839925
   54.622533630    0.012873699    0.203827003
   54.650879522    0.016803267    0.206788172
   54.679225414    0.021243390    0.209723903
   54.707571306    0.026880384    0.212634985
   54.735917198    0.034252328    0.215522395
   54.764263090    0.043658129    0.218387106
   54.792608982    0.055110632    0.221229916
   54.820954874    0.068343903    0.224051370
   54.849300765    0.082872957    0.226851823
   54.877646657    0.098092534    0.229631663
   54.905992549    0.113393146    0.232391638
   54.934338441    0.128269279    0.235133199
   54.962684333    0.142397274    0.237858776
   54.991030225    0.155668253    0.240571869
   55.019376117    0.168172449    0.243276916
   55.047722008    0.180142715    0.245978933
   55.076067900    0.191873973    0.248683000
   55.104413792    0.203639833    0.251393710
   55.132759684    0.215626572    0.254114712
   55.161105576    0.227898703    0.256848468
   55.189451468    0.240401231    0.259596310
   55.217797360    0.252993849    0.262358770
   55.246143252    0.265504465    0.265136128
   55.274489143    0.277785406    0.267929028
   55.302835035    0.289756365    0.270738993
   55.331180927    0.301423119    0.273568695
   55.359526819    0.312868661    0.276421872
   55.387872711    0.324221423    0.279302888
   55.416218603    0.335611527    0.282215997
   55.444564495    0.347128713    0.285164471
   55.472910387    0.358794353    0.288149787
   55.501256278    0.370555139    0.291171059
   55.529602170    0.382299312    0.294224860
   55.557948062    0.393889616    0.297305507
   55.586293954    0.405202435    0.300405765
   55.614639846    0.416161149    0.303517842
   55.642985738    0.426753852    0.306634499
   55.671331630    0.437030487    0.309750057
   55.699677521    0.447080718    0.312861108
   55.728023413    0.456999529    0.315966828
   55.756369305    0.466851028    0.319068841
   55.784715197    0.476641308    0.322170692
   55.813061089    0.486308400    0.325277071
   55.841406981    0.495732297    0.328392939
   55.869752873    0.504762189    0.331522747
   55.898098765    0.513253189    0.334669871
   55.926444656    0.521102264    0.337836347
   55.954790548    0.528273508    0.341022907
   55.983136440    0.534806106    0.344229251
   56.011482332    0.540803305    0.347454459
   56.039828224    0.546406006    0.350697407
   56.068174116    0.551758669    0.353957094
   56.096520008    0.556976985    0.357232793
   56.124865900    0.562125821    0.360524029
   56.153211791    0.567212617    0.363830386
   56.181557683    0.572196850    0.367151232
   56.209903575    0.577011647    0.370485425
   56.238249467    0.581590445    0.373831102
   56.266595359    0.585890691    0.377185583
   56.294941251    0.589907941    0.380545435
   56.323287143    0.593676975    0.383906657
   56.351633034    0.597260600    0.387264966
   56.379978926    0.600730379    0.390616097
   56.408324818    0.604145703    0.393956066
   56.436670710    0.607537713    0.397281349
   56.465016602    0.610902742    0.400588932
   56.493362494    0.614206795    0.403876252
   56.521708386    0.617399156    0.407141039
   56.550054278    0.620430484    0.410381116
   56.578400169    0.623269619    0.413594202
   56.606746061    0.625913971    0.416777767
   56.635091953    0.628390547    0.419928968
   56.663437845    0.630747672    0.423044695
   56.691783737    0.633040330    0.426121707
   56.720129629    0.635313912    0.429156844
   56.748475521    0.637591440    0.432147278
   56.776821412    0.639868144    0.435090780
   56.805167304    0.642114790    0.437985943
   56.833513196    0.644288477    0.440832373
   56.861859088    0.646347309    0.443630799
   56.890204980    0.648264278    0.446383134
   56.918550872    0.650036086    0.449092465
   56.946896764    0.651684318    0.451763005
   56.975242656    0.653248815    0.454400007
   57.003588547    0.654775526    0.457009655
   57.031934439    0.656302752    0.459598929
   57.060280331    0.657850087    0.462175463
   57.088626223    0.659413420    0.464747368
   57.116972115    0.660967396    0.467323044
   57.145318007    0.662474389    0.469910965
   57.173663899    0.663897056    0.472519451
   57.202009791    0.665210481    0.475156432
   57.230355682    0.666410179    0.477829207
   57.258701574    0.667513551    0.480544236
   57.287047466    0.668554499    0.483306949
   57.315393358    0.669573014    0.486121605
   57.343739250    0.670603071    0.488991194
   57.372085142    0.671662629    0.491917390
   57.400431034    0.672748780    0.494900561
   57.428776925    0.673839455    0.497939820
   57.457122817    0.674901035    0.501033124
   57.485468709    0.675899376    0.504177417
   57.513814601    0.676810788    0.507368797
   57.542160493    0.677629549    0.510602702
   57.570506385    0.678369693    0.513874114
   57.598852277    0.679060628    0.517177737
   57.627198169    0.679738042    0.520508155
   57.655544060    0.680433009    0.523859946
   57.683889952    0.681162690    0.527227735
   57.712235844    0.681925504    0.530606203
   57.740581736    0.682702183    0.533990053
   57.768927628    0.683462280    0.537373960
   57.797273520    0.684174053    0.540752532
   57.825619412    0.684814576    0.544120311
   57.853965303    0.685376961    0.547471838
   57.882311195    0.685872486    0.550801780
   57.910657087    0.686327038    0.554105102
   57.939002979    0.686773069    0.557377263
   57.967348871    0.687239619    0.560614382
   57.995694763    0.687743525    0.563813334
   58.024040655    0.688284533    0.566971760
   58.052386547    0.688845780    0.570087963
   58.080732438    0.689399415    0.573160735
   58.109078330    0.689915568    0.576189154
   58.137424222    0.690371813    0.579172409
   58.165770114    0.690760213    0.582109730
   58.194116006    0.691089753    0.585000451
   58.222461898    0.691383500    0.587844219
   58.250807790    0.691671398    0.590641302
   58.279153682    0.691981009    0.593392931
   58.307499573    0.692329096    0.596101558
   58.335845465    0.692716650    0.598770942
   58.364191357    0.693128867    0.601405974
   58.392537249    0.693540042    0.604012224
   58.420883141    0.693921793    0.606595249
   58.449229033    0.694252031    0.609159768
   58.477574925    0.694521880    0.611708849
   58.505920816    0.694738409    0.614243273
   58.534266708    0.694922376    0.616761229
   58.562612600    0.695101725    0.619258409
   58.590958492    0.695302903    0.621728521
   58.619304384    0.695542724    0.624164139
   58.647650276    0.695823300    0.626557732
   58.675996168    0.696131596    0.628902689
   58.704342060    0.696443702    0.631194138
   58.732687951    0.696732462    0.633429415
   58.761033843    0.696976038    0.635608124
   58.789379735    0.697164747    0.637731772
   58.817725627    0.697304055    0.639803126
   58.846071519    0.697412809    0.641825414
   58.874417411    0.697517321    0.643801567
   58.902763303    0.697643154    0.645733666
   58.931109194    0.697807219    0.647622677
   58.959455086    0.698012615    0.649468502
   58.987800978    0.698247826    0.651270293
   59.016146870    0.698490478    0.653026912
   59.044492762    0.698714462    0.654737397
   59.072838654    0.698898164    0.656401314
   59.101184546    0.699031236    0.658018904
   59.129530438    0.699117793    0.659591010
   59.157876329    0.699175073    0.661118834
   59.186222221    0.699228003    0.662603598
   59.214568113    0.699301398    0.664046229
   59.242914005    0.699412245    0.665447158
   59.271259897    0.699564490    0.666806284
   59.299605789    0.699747929    0.668123111
   59.327951681    0.699941533    0.669397014
   59.356297573    0.700120132    0.670627532
   59.384643464    0.700262354    0.671814620
   59.412989356    0.700357314    0.672958780
   59.441335248    0.700407990    0.674061024
   59.469681140    0.700430225    0.675122710
   59.498027032    0.700447725    0.676145285
   59.526372924    0.700484609    0.677130028
   59.554718816    0.700557895    0.678077866
   59.583064707    0.700672243    0.678989327
   59.611410599    0.700818603    0.679864641
   59.639756491    0.700977166    0.680703959
   59.668102383    0.701123658    0.681507628
   59.696448275    0.701236994    0.682276438
   59.724794167    0.701305885    0.683011769
   59.753140059    0.701332331    0.683715593
   59.781485951    0.701330934    0.684390324
   59.809831842    0.701324261    0.685038558
   59.838177734    0.701335748    0.685662763
   59.866523626    0.701382372    0.686265012
   59.894869518    0.701469397    0.686846809
   59.923215410    0.701588821    0.687409064
   59.951561302    0.701721987    0.687952202
   59.979907194    0.701845515    0.688476373
   60.008253085    0.701938675    0.688981695
   60.036598977    0.701989882    0.689468469
   60.064944869    0.702000275    0.689937298
   60.093290761    0.701983294    0.690389095
   60.121636653    0.701960402    0.690824977
   60.149982545    0.701954319    0.691246104
   60.178328437    0.701981913    0.691653489
   60.206674329    0.702048971    0.692047872
   60.235020220    0.702148473    0.692429664
   60.263366112    0.702262898    0.692799000
   60.291712004    0.702369790    0.693155859
   60.320057896    0.702448845    0.693500228
   60.348403788    0.702488261    0.693832252
   60.376749680    0.702488385    0.694152316
   60.405095572    0.702461528    0.694461051
   60.433441464    0.702428035    0.694759255
   60.461787355    0.702409869    0.695047761
   60.490133247    0.702423728    0.695327290
   60.518479139    0.702475874    0.695598340
   60.546825031    0.702560256    0.695861146
   60.575170923    0.702660505    0.696115714
   60.603516815    0.702755142    0.696361923
   60.631862707    0.702824346    0.696599666
   60.660208598    0.702856149    0.696828967
   60.688554490    0.702850130    0.697050067
   60.716900382    0.702817461    0.697263421
   60.745246274    0.702777334    0.697469642
   60.773592166    0.702750906    0.697669378
   60.801938058    0.702754674    0.697863187
   60.830283950    0.702795364    0.698051439
   60.858629842    0.702867913    0.698234275
   60.886975733    0.702957149    0.698411630
   60.915321625    0.703042618    0.698583328
   60.943667517    0.703105025    0.698749196
   60.972013409    0.703132248    0.698909183
   61.000359301    0.703123080    0.699063429
   61.028705193    0.703087516    0.699212276
   61.057051085    0.703043550    0.699356211
   61.085396976    0.703011502    0.699495765
   61.113742868    0.703007661    0.699631398
   61.142088760    0.703039240    0.699763402
   61.170434652    0.703102212    0.699891863
   61.198780544    0.703182654    0.700016681
   61.227126436    0.703261178    0.700137646
   61.255472328    0.703319022    0.700254548
   61.283818220    0.703343892    0.700367285
   61.312164111    0.703333748    0.700475927
   61.340510003    0.703297356    0.700580735
   61.368855895    0.703251473    0.700682111
   61.397201787    0.703215573    0.700780506
   61.425547679    0.703205761    0.700876312
   61.453893571    0.703229795    0.700969775
   61.482239463    0.703284742    0.701060952
   61.510585355    0.703357978    0.701149723
   61.538931246    0.703431197    0.701235864
   61.567277138    0.703486148    0.701319142
   61.595623030    0.703510315    0.701399419
   61.623968922    0.703500759    0.701476719
   61.652314814    0.703464967    0.701551244
   61.680660706    0.703418440    0.701623333
   61.709006598    0.703379827    0.701693381
   61.737352489    0.703365106    0.701761734
   61.765698381    0.703382648    0.701828609
   61.794044273    0.703430679    0.701894047
   61.822390165    0.703497904    0.701957923
   61.850736057    0.703567082    0.702020006
   61.879081949    0.703620424    0.702080054
   61.907427841    0.703645114    0.702137905
   61.935773733    0.703637252    0.702193547
   61.964119624    0.703603005    0.702247137
   61.992465516    0.703556628    0.702298969
   62.020811408    0.703515997    0.702349393
   62.049157300    0.703497042    0.702398725
   62.077503192    0.703508827    0.702447165
   62.105849084    0.703550782    0.702494745
   62.134194976    0.703612941    0.702541342
   62.162540867    0.703679086    0.702586728
   62.190886759    0.703731808    0.702630653
   62.219232651    0.703757909    0.702672942
   62.247578543    0.703752468    0.702713557
   62.275924435    0.703720324    0.702752618
   62.304270327    0.703674529    0.702790382
   62.332616219    0.703632266    0.702827167
   62.360962111    0.703609510    0.702863265
   62.389308002    0.703616084    0.702898865
   62.417653894    0.703652649    0.702934001
   62.445999786    0.703710534    0.702968554
   62.474345678    0.703774463    0.703002302
   62.502691570    0.703827315    0.703034996
   62.531037462    0.703855427    0.703066449
   62.559383354    0.703852826    0.703096602
   62.587729246    0.703823047    0.703125548
   62.616075137    0.703778014    0.703153511
   62.644421029    0.703734318    0.703180784
   62.672766921    0.703708069    0.703207643
   62.701112813    0.703709901    0.703234270
   62.729458705    0.703741690    0.703260702
   62.757804597    0.703795994    0.703286831
   62.786150489    0.703858377    0.703312443
   62.814496380    0.703911900    0.703337291
   62.842842272    0.703942380    0.703361181
   62.871188164    0.703942786    0.703384036
   62.899534056    0.703915413    0.703405925
   62.927879948    0.703871159    0.703427047
   62.956225840    0.703826137    0.703447672
   62.984571732    0.703796668    0.703468063
   63.012917624    0.703794212    0.703488400
   63.041263515    0.703821810    0.703508728
   63.069609407    0.703873146    0.703528949
   63.097955299    0.703934507    0.703548858
   63.126301191    0.703989047    0.703568214
   63.154647083    0.704022026    0.703586816
   63.182992975    0.704025399    0.703604573
   63.211338867    0.704000317    0.703621533
   63.239684758    0.703956777    0.703637871
   63.268030650    0.703910518    0.703653840
   63.296376542    0.703878121    0.703669693
   63.324722434    0.703871851    0.703685610
   63.353068326    0.703895824    0.703701643
   63.381414218    0.703944721    0.703717708
   63.409760110    0.704005435    0.703733611
   63.438106002    0.704061145    0.703749115
   63.466451893    0.704096563    0.703764016
   63.494797785    0.704102707    0.703778209
   63.523143677    0.704079713    0.703791722
   63.551489569    0.704036807    0.703804713
   63.579835461    0.703989439    0.703817416
   63.608181353    0.703954468    0.703830079
   63.636527245    0.703944892    0.703842881
   63.664873137    0.703965780    0.703855886
   63.693219028    0.704012672    0.703869021
   63.721564920    0.704072961    0.703882105
   63.749910812    0.704129818    0.703894906
   63.778256704    0.704167457    0.703907216
   63.806602596    0.704176077    0.703918918
   63.834948488    0.704154944    0.703930024
   63.863294380    0.704112636    0.703940671
   63.891640271    0.704064371    0.703951083
   63.919986163    0.704027250    0.703961499
   63.948332055    0.704014899    0.703972103
   63.976677947    0.704033193    0.703982967
   64.005023839    0.704078393    0.703994033
   64.033369731    0.704138314    0.704005130
   64.061715623    0.704196130    0.704016032
   64.090061515    0.704235651    0.704026529
   64.118407406    0.704246404    0.704036491
   64.146753298    0.704226934    0.704045916
   64.175099190    0.704185269    0.704054924
   64.203445082    0.704136410    0.704063727
   64.231790974    0.704097627    0.704072558
   64.260136866    0.704083030    0.704081607
   64.288482758    0.704099139    0.704090955
   64.316828649    0.704142821    0.704100555
   64.345174541    0.704202273    0.704110250
   64.373520433    0.704260726    0.704119818
   64.401866325    0.704301717    0.704129046
   64.430212217    0.704314268    0.704137795
   64.458558109    0.704296339    0.704146048
   64.486904001    0.704255472    0.704153911
   64.515249893    0.704206420    0.704161585
   64.543595784    0.704166500    0.704169299
   64.571941676    0.704150148    0.704177245
   64.600287568    0.704164375    0.704185515
   64.628633460    0.704206562    0.704194077
   64.656979352    0.704265297    0.704202780
   64.685325244    0.704323969    0.704211410
   64.713671136    0.704366001    0.704219752
   64.742017028    0.704380072    0.704227658
   64.770362919    0.704363670    0.704235097
   64.798708811    0.704323873    0.704242162
   64.827054703    0.704275103    0.704249044
   64.855400595    0.704234577    0.704255969
   64.883746487    0.704216885    0.704263132
   64.912092379    0.704229395    0.704270636
   64.940438271    0.704269962    0.704278457
   64.968784162    0.704327614    0.704286459
   64.997130054    0.704386036    0.704294429
   65.025475946    0.704428712    0.704302153
   65.053821838    0.704444123    0.704309474
   65.082167730    0.704429360    0.704316350
   65.110513622    0.704391005    0.704322861
   65.138859514    0.704343034    0.704329189
   65.167205406    0.704302393    0.704335557
   65.195551297    0.704283662    0.704342164
   65.223897189    0.704294478    0.704349119
   65.252243081    0.704333161    0.704356412
   65.280588973    0.704389287    0.704363914
   65.308934865    0.704446993    0.704371420
   65.337280757    0.704489994    0.704378712
   65.365626649    0.704506693    0.704385629
   65.393972540    0.704493804    0.704392118
   65.422318432    0.704457341    0.704398248
   65.450664324    0.704410683    0.704404190
   65.479010216    0.704370335    0.704410166
   65.507356108    0.704350732    0.704416376
   65.535702000    0.704359727    0.704422938
   65.564047892    0.704396162    0.704429850
   65.592393784    0.704450286    0.704436995
   65.620739675    0.704506866    0.704444171
   65.649085567    0.704549990    0.704451163
   65.677431459    0.704568058    0.704457803
   65.705777351    0.704557384    0.704464028
   65.734123243    0.704523298    0.704469897
   65.762469135    0.704478418    0.704475574
   65.790815027    0.704438651    0.704481275
   65.819160919    0.704418194    0.704487201
   65.847506810    0.704425116    0.704493479
   65.875852702    0.704458872    0.704500115
   65.904198594    0.704510544    0.704507001
   65.932544486    0.704565684    0.704513943
   65.960890378    0.704608869    0.704520724
   65.989236270    0.704628516    0.704527175
   66.017582162    0.704620468    0.704533224
   66.045928053    0.704589231    0.704538918
   66.074273945    0.704546498    0.704544414
   66.102619837    0.704507453    0.704549923
   66.130965729    0.704486015    0.704555647
   66.159311621    0.704490515    0.704561717
   66.187657513    0.704521151    0.704568149
   66.216003405    0.704569993    0.704574845
   66.244349297    0.704623516    0.704581616
   66.272695188    0.704666843    0.704588251
   66.301041080    0.704688384    0.704594574
   66.329386972    0.704683399    0.704600507
   66.357732864    0.704655415    0.704606089
   66.386078756    0.704615065    0.704611465
   66.414424648    0.704576731    0.704616841
   66.442770540    0.704554060    0.704622420
   66.471116431    0.704555742    0.704628336
   66.499462323    0.704582860    0.704634615
   66.527808215    0.704628615    0.704641167
   66.556154107    0.704680494    0.704647813
   66.584499999    0.704724179    0.704654343
   66.612845891    0.704747991    0.704660583
   66.641191783    0.704746475    0.704666444
   66.669537675    0.704722038    0.704671957
   66.697883566    0.704684149    0.704677257
   66.726229458    0.704646366    0.704682544
   66.754575350    0.704622126    0.704688018
   66.782921242    0.704620599    0.704693817
   66.811267134    0.704643895    0.704699977
   66.839613026    0.704686456    0.704706417
   66.867958918    0.704736817    0.704712968
   66.896304810    0.704781175    0.704719424
   66.924650701    0.704807647    0.704725610
   66.952996593    0.704809924    0.704731431
   66.981342485    0.704789179    0.704736908
   67.009688377    0.704753668    0.704742164
   67.038034269    0.704716156    0.704747392
   67.066380161    0.704689973    0.704752788
   67.094726053    0.704684908    0.704758497
   67.123071944    0.704704217    0.704764560
   67.151417836    0.704743642    0.704770910
   67.179763728    0.704792748    0.704777386
   67.208109620    0.704838147    0.704783790
   67.236455512    0.704867624    0.704789944
   67.264801404    0.704873890    0.704795749
   67.293147296    0.704856813    0.704801212
   67.321493188    0.704823444    0.704806447
   67.349839079    0.704785844    0.704811637
   67.378184971    0.704757367    0.704816976
   67.406530863    0.704748549    0.704822611
   67.434876755    0.704763872    0.704828593
   67.463222647    0.704800381    0.704834867
   67.491568539    0.704848590    0.704841283
   67.519914431    0.704895400    0.704847649
   67.548260322    0.704928127    0.704853788
   67.576606214    0.704938413    0.704859593
   67.604952106    0.704924807    0.704865060
   67.633297998    0.704893228    0.704870291
   67.661643890    0.704855158    0.704875458
   67.689989782    0.704824114    0.704880753
   67.718335674    0.704811484    0.704886324
   67.746681566    0.704822999    0.704892236
   67.775027457    0.704856945    0.704898443
   67.803373349    0.704904662    0.704904809
   67.831719241    0.704953192    0.704911149
   67.860065133    0.704989269    0.704917285
   67.888411025    0.705003424    0.704923103
   67.916756917    0.704992941    0.704928587
   67.945102809    0.704962727    0.704933824
   67.973448701    0.704923840    0.704938979
   68.001794592    0.704890090    0.704944237
   68.030140484    0.704873768    0.704949753
   68.058486376    0.704881819    0.704955600
   68.086832268    0.704913650    0.704961747
   68.115178160    0.704961267    0.704968071
   68.143524052    0.705011710    0.704974393
   68.171869944    0.705051057    0.704980535
   68.200215835    0.705068754    0.704986375
   68.228561727    0.705060929    0.704991885
   68.256907619    0.705031645    0.704997137
   68.285253511    0.704991692    0.705002285
   68.313599403    0.704955266    0.705007512
   68.341945295    0.704935558    0.705012976
   68.370291187    0.704940624    0.705018763
   68.398637079    0.704970824    0.705024856
   68.426982970    0.705018656    0.705031144
   68.455328862    0.705071043    0.705037455
   68.483674754    0.705113390    0.705043611
   68.512020646    0.705134148    0.705049480
   68.540366538    0.705128455    0.705055021
   68.568712430    0.705099717    0.705060292
   68.597058322    0.705058597    0.705065436
   68.625404213    0.705019718    0.705070634
   68.653750105    0.704997100    0.705076050
   68.682095997    0.704999744    0.705081781
   68.710441889    0.705028767    0.705087824
   68.738787781    0.705076997    0.705094081
   68.767133673    0.705131170    0.705100388
   68.795479565    0.705176065    0.705106562
   68.823825457    0.705199292    0.705112465
   68.852171348    0.705195208    0.705118040
   68.880517240    0.705166747    0.705123332
   68.908863132    0.705124544    0.705128474
   68.937209024    0.705083627    0.705133644
   68.965554916    0.705058704    0.705139014
   68.993900808    0.705059513    0.705144692
   69.022246700    0.705087723    0.705150690
   69.050592592    0.705136356    0.705156922
   69.078938483    0.705191955    0.705163228
   69.107284375    0.705238796    0.705169425
   69.135630267    0.705263852    0.705175364
   69.163976159    0.705260925    0.705180974
   69.192322051    0.705232636    0.705186286
   69.220667943    0.705189635    0.705191426
   69.249013835    0.705147263    0.705196570
   69.277359726    0.705120715    0.705201896
   69.305705618    0.705120232    0.705207524
   69.334051510    0.705147838    0.705213482
   69.362397402    0.705196679    0.705219693
   69.390743294    0.705253162    0.705226003
   69.419089186    0.705301245    0.705232225
   69.447435078    0.705327511    0.705238200
   69.475780970    0.705325420    0.705243843
   69.504126861    0.705297398    0.705249175
   69.532472753    0.705254082    0.705254311
   69.560818645    0.705210961    0.705259430
   69.589164537    0.705183475    0.705264714
   69.617510429    0.705182127    0.705270298
   69.645856321    0.705209148    0.705276220
   69.674202213    0.705257793    0.705282415
   69.702548104    0.705314473    0.705288732
   69.730893996    0.705363063    0.705294979
   69.759239888    0.705390009    0.705300988
   69.787585780    0.705388618    0.705306662
   69.815931672    0.705361171    0.705312010
   69.844277564    0.705318188    0.705317142
   69.872623456    0.705275083    0.705322237
   69.900969348    0.705247279    0.705327484
   69.929315239    0.705245322    0.705333029
   69.957661131    0.705271561    0.705338922
   69.986007023    0.705319423    0.705345105
   70.014352915    0.705375526    0.705351429
   70.042698807    0.705423929    0.705357700
   70.071044699    0.705451182    0.705363739
   70.099390591    0.705450569    0.705369440
   70.127736483    0.705424203    0.705374801
   70.156082374    0.705382313    0.705379928
   70.184428266    0.705339978    0.705385001
   70.212774158    0.705312338    0.705390217
   70.241120050    0.705309818    0.705395728
   70.269465942    0.705334863    0.705401597
   70.297811834    0.705381219    0.705407772
   70.326157726    0.705435956    0.705414104
   70.354503617    0.705483591    0.705420395
   70.382849509    0.705510982    0.705426460
   70.411195401    0.705511452    0.705432182
   70.439541293    0.705486835    0.705437552
   70.467887185    0.705446843    0.705442675
   70.496233077    0.705405937    0.705447729
   70.524578969    0.705378749    0.705452920
   70.552924861    0.705375479    0.705458406
   70.581270752    0.705398737    0.705464257
   70.609616644    0.705442788    0.705470425
   70.637962536    0.705495435    0.705476763
   70.666308428    0.705541905    0.705483070
   70.694654320    0.705569501    0.705489152
   70.723000212    0.705571558    0.705494889
   70.751346104    0.705549463    0.705500266
   70.779691995    0.705512136    0.705505385
   70.808037887    0.705473156    0.705510427
   70.836383779    0.705446473    0.705515600
   70.864729671    0.705442047    0.705521070
   70.893075563    0.705462790    0.705526908
   70.921421455    0.705503744    0.705533072
   70.949767347    0.705553721    0.705539412
   70.978113239    0.705598858    0.705545727
   71.006459130    0.705626962    0.705551819
   71.034805022    0.705631273    0.705557563
   71.063150914    0.705612497    0.705562943
   71.091496806    0.705578483    0.705568061
   71.119842698    0.705541703    0.705573098
   71.148188590    0.705515330    0.705578263
   71.176534482    0.705509152    0.705583726
   71.204880374    0.705526596    0.705589559
   71.233226265    0.705563754    0.705595718
   71.261572157    0.705610690    0.705602056
   71.289918049    0.705654583    0.705608368
   71.318263941    0.705683709    0.705614458
   71.346609833    0.705691034    0.705620201
   71.374955725    0.705676311    0.705625581
   71.403301617    0.705646066    0.705630701
   71.431647508    0.705611502    0.705635742
   71.459993400    0.705585010    0.705640914
   71.488339292    0.705576359    0.705646382
   71.516685184    0.705589744    0.705652217
   71.545031076    0.705622578    0.705658373
   71.573376968    0.705666362    0.705664700
   71.601722860    0.705709352    0.705670996
   71.630068752    0.705740174    0.705677068
   71.658414643    0.705751280    0.705682796
   71.686760535    0.705741202    0.705688171
   71.715106427    0.705714928    0.705693297
   71.743452319    0.705682325    0.705698358
   71.771798211    0.705655092    0.705703556
   71.800144103    0.705643201    0.705709051
   71.828489995    0.705651887    0.705714903
   71.856835886    0.705680109    0.705721057
   71.885181778    0.705720909    0.705727362
   71.913527670    0.705763561    0.705733617
   71.941873562    0.705796839    0.705739640
   71.970219454    0.705812411    0.705745326
   71.998565346    0.705807343    0.705750680
   72.026911238    0.705784957    0.705755818
   72.055257130    0.705753810    0.705760925
   72.083603021    0.705725091    0.705766196
   72.111948913    0.705709238    0.705771768
   72.140294805    0.705712786    0.705777677
   72.168640697    0.705736396    0.705783843
   72.196986589    0.705774653    0.705790099
   72.225332481    0.705817694    0.705796246
   72.253678373    0.705854183    0.705802126
   72.282024265    0.705874732    0.705807674
   72.310370156    0.705874757    0.705812947
   72.338716048    0.705855883    0.705818108
   72.367061940    0.705825487    0.705823365
   72.395407832    0.705794499    0.705828899
   72.423753724    0.705774102    0.705834787
   72.452099616    0.705772343    0.705840960
   72.480445508    0.705791649    0.705847211
   72.508791399    0.705828042    0.705853253
   72.537137291    0.705872281    0.705858826
   72.565483183    0.705912630    0.705863818
   72.593829075    0.705938414    0.705868377
   72.622174967    0.705943300    0.705872976
   72.650520859    0.705927292    0.705878410
   72.678866751    0.705896817    0.705885731
   72.707212643    0.705862838    0.705896126
   72.735558534    0.705837546    0.705910765
   72.763904426    0.705830628    0.705930666
   72.792250318    0.705846233    0.705956587
   72.820596210    0.705881610    0.705988992
   72.848942102    0.705927840    0.706028069
   72.877287994    0.705972503    0.706073808
   72.905633886    0.706003468    0.706126101
   72.933979777    0.706012664    0.706184840
   72.962325669    0.705998665    0.706249989
   72.990671561    0.705967247    0.706321609
   73.019017453    0.705929715    0.706399837
   73.047363345    0.705899476    0.706484841
   73.075709237    0.705887882    0.706576754
   73.104055129    0.705900643    0.706675626
   73.132401021    0.705935935    0.706781406
   73.160746912    0.705984832    0.706893951
   73.189092804    0.706033983    0.707013080
   73.217438696    0.706069729    0.707138623
   73.245784588    0.706082396    0.707270484
   73.274130480    0.706069414    0.707408668
   73.302476372    0.706036258    0.707553283
   73.330822264    0.705994864    0.707704501
   73.359168156    0.705959970    0.707862509
   73.387514047    0.705944506    0.708027444
   73.415859939    0.705955464    0.708199358
   73.444205831    0.705991584    0.708378192
   73.472551723    0.706043607    0.708563804
   73.500897615    0.706097082    0.708756009
   73.529243507    0.706136866    0.708954637
   73.557589399    0.706151930    0.709159588
   73.585935290    0.706138935    0.709370862
   73.614281182    0.706103420    0.709588556
   73.642627074    0.706058176    0.709812839
   73.670972966    0.706019283    0.710043893
   73.699318858    0.706001029    0.710281860
   73.727664750    0.706011320    0.710526796
   73.756010642    0.706049060    0.710778658
   73.784356534    0.706104374    0.711037313
   73.812702425    0.706161637    0.711302583
   73.841048317    0.706204397    0.711574297
   73.869394209    0.706220632    0.711852349
   73.897740101    0.706206660    0.712136724
   73.926085993    0.706168424    0.712427508
   73.954431885    0.706119712    0.712724857
   73.982777777    0.706077826    0.713028953
   74.011123668    0.706058074    0.713339942
   74.039469560    0.706068831    0.713657893
   74.067815452    0.706108769    0.713982779
   74.096161344    0.706167182    0.714314478
   74.124507236    0.706227324    0.714652818
   74.152853128    0.706271736    0.714997627
   74.181199020    0.706287853    0.715348786
   74.209544912    0.706272097    0.715706265
   74.237890803    0.706231107    0.716070136
   74.266236695    0.706179691    0.716440546
   74.294582587    0.706136128    0.716817676
   74.322928479    0.706116301    0.717201680
   74.351274371    0.706128565    0.717592644
   74.379620263    0.706170994    0.717990555
   74.407966155    0.706231933    0.718395304
   74.436312047    0.706293697    0.718806723
   74.464657938    0.706338236    0.719224633
   74.493003830    0.706352964    0.719648902
   74.521349722    0.706334845    0.720079484
   74.549695614    0.706291426    0.720516436
   74.578041506    0.706238447    0.720959898
   74.606387398    0.706194785    0.721410054
   74.634733290    0.706176373    0.721867071
   74.663079181    0.706191032    0.722331050
   74.691425073    0.706235924    0.722801992
   74.719770965    0.706298438    0.723279801
   74.748116857    0.706360251    0.723764306
   74.776462749    0.706403243    0.724255321
   74.804808641    0.706415367    0.724752699
   74.833154533    0.706394556    0.725256377
   74.861500425    0.706349393    0.725766400
   74.889846316    0.706296340    0.726282906
   74.918192208    0.706254395    0.726806083
   74.946538100    0.706238936    0.727336113
   74.974883992    0.706256733    0.727873112
   75.003229884    0.706303766    0.728417097
   75.031575776    0.706366549    0.728967975
   75.059921668    0.706426525    0.729525574
   75.088267559    0.706466117    0.730089695
   75.116613451    0.706474431    0.730660174
   75.144959343    0.706450777    0.731236937
   75.173305235    0.706404863    0.731820019
   75.201651127    0.706353582    0.732409559
   75.229997019    0.706315481    0.733005756
   75.258342911    0.706304702    0.733608804
   75.286688803    0.706326390    0.734218837
   75.315034694    0.706375064    0.734835878
   75.343380586    0.706436466    0.735459838
   75.371726478    0.706492288    0.736090535
   75.400072370    0.706526193    0.736727757
   75.428418262    0.706529169    0.737371327
   75.456764154    0.706502433    0.738021157
   75.485110046    0.706456966    0.738677283
   75.513455938    0.706409814    0.739339848
   75.541801829    0.706378418    0.740009065
   75.570147721    0.706374833    0.740685145
   75.598493613    0.706401768    0.741368229
   75.626839505    0.706451748    0.742058348
   75.655185397    0.706509683    0.742755402
   75.683531289    0.706557963    0.743459201
   75.711877181    0.706582395    0.744169514
   75.740223072    0.706576974    0.744886152
   75.768568964    0.706545885    0.745609025
   75.796914856    0.706502052    0.746338173
   75.825260748    0.706462705    0.747073754
   75.853606640    0.706443445    0.747815999
   75.881952532    0.706452829    0.748565132
   75.910298424    0.706489322    0.749321300
   75.938644316    0.706541726    0.750084526
   75.966990207    0.706593002    0.750854696
   75.995336099    0.706626248    0.751631595
   76.023681991    0.706630834    0.752414977
   76.052027883    0.706606542    0.753204646
   76.080373775    0.706564160    0.754000517
   76.108719667    0.706522134    0.754802651
   76.137065559    0.706500186    0.755611237
   76.165411450    0.706511902    0.756426527
   76.193757342    0.706558806    0.757248759
   76.222103234    0.706628110    0.758078074
   76.250449126    0.706695352    0.758914467
   76.278795018    0.706731635    0.759757787
   76.307140910    0.706713755    0.760607782
   76.335486802    0.706634464    0.761464182
   76.363832694    0.706509872    0.762326792
   76.392178585    0.706381600    0.763195560
   76.420524477    0.706312623    0.764070602
   76.448870369    0.706377429    0.764952164
   76.477216261    0.706648656    0.765840549
   76.505562153    0.707183356    0.766736005
   76.533908045    0.708012184    0.767638642
   76.562253937    0.709134083    0.768548378
   76.590599829    0.710517595    0.769464957
   76.618945720    0.712108312    0.770388027
   76.647291612    0.713840419    0.771317262
   76.675637504    0.715649417    0.772252481
   76.703983396    0.717482993    0.773193740
   76.732329288    0.719307689    0.774141341
   76.760675180    0.721110278    0.775095763
   76.789021072    0.722894206    0.776057515
   76.817366963    0.724672693    0.777026947
   76.845712855    0.726460791    0.778004077
   76.874058747    0.728268697    0.778988470
   76.902404639    0.730098031    0.779979213
   76.930750531    0.731941707    0.780975007
   76.959096423    0.733786956    0.781974340
   76.987442315    0.735620130    0.782975712
   77.015788207    0.737431554    0.783977858
   77.044134098    0.739218817    0.784979908
   77.072479990    0.740987507    0.785981450
   77.100825882    0.742749301    0.786982489
   77.129171774    0.744518104    0.787983317
   77.157517666    0.746305567    0.788984332
   77.185863558    0.748117411    0.789985866
   77.214209450    0.749951679    0.790988059
   77.242555341    0.751799430    0.791990820
   77.270901233    0.753647589    0.792993865
   77.299247125    0.755483030    0.793996822
   77.327593017    0.757296624    0.794999362
   77.355938909    0.759086000    0.796001302
   77.384284801    0.760856225    0.797002666
   77.412630693    0.762618196    0.798003669
   77.440976585    0.764385287    0.799004639
   77.469322476    0.766169267    0.800005909
   77.497668368    0.767976735    0.801007703
   77.526014260    0.769807133    0.802010070
   77.554360152    0.771652928    0.803012869
   77.582706044    0.773501905    0.804015819
   77.611051936    0.775340857    0.805018596
   77.639397828    0.777159594    0.806020936
   77.667743720    0.778954031    0.807022724
   77.696089611    0.780727458    0.808024026
   77.724435503    0.782489581    0.809025065
   77.752781395    0.784253619    0.810026147
   77.781127287    0.786032316    0.811027560
   77.809473179    0.787834059    0.812029479
   77.837819071    0.789660279    0.813031914
   77.866164963    0.791504930    0.814034708
   77.894510854    0.793356246    0.815037587
   77.922856746    0.795200259    0.816040255
   77.951202638    0.797025048    0.817042488
   77.979548530    0.798824431    0.818044205
   78.007894422    0.800599965    0.819045492
   78.036240314    0.802360596    0.820046574
   78.064586206    0.804120035    0.821047736
   78.092932098    0.805892607    0.822049238
   78.121277989    0.807688822    0.823051225
   78.149623881    0.809512038    0.824053683
   78.177969773    0.811357266    0.825056450
   78.206315665    0.813212549    0.826059263
   78.234661557    0.815062545    0.827061851
   78.263007449    0.816893249    0.828064017
   78.291353341    0.818696418    0.829065701
   78.319699232    0.820472283    0.830067001
   78.348045124    0.822229675    0.831068133
   78.376391016    0.823983436    0.832069367
   78.404736908    0.825749878    0.833070934
   78.433082800    0.827541658    0.834072957
   78.461428692    0.829363687    0.835075411
   78.489774584    0.831211386    0.836078133
   78.518120476    0.833071927    0.837080879
   78.546466367    0.834928111    0.838083398
   78.574812259    0.836763755    0.839085518
   78.603158151    0.838568871    0.840087195
   78.631504043    0.840343007    0.841088527
   78.659849935    0.842095608    0.842089721
   78.688195827    0.843843218    0.843091024
   78.716541719    0.845604334    0.844092642
   78.744887611    0.847393510    0.845094681
   78.773233502    0.849216587    0.846097110
   78.801579394    0.851068617    0.847099773
   78.829925286    0.852935225    0.848102445
   78.858271178    0.854797041    0.849104901
   78.886617070    0.856635850    0.850106990
   78.914962962    0.858440508    0.851108679
   78.943308854    0.860210705    0.852110062
   78.971654745    0.861957285    0.853111329
   79.000000637    0.863698960    0.854112701
   79.028346529    0.865456392    0.855114362
   79.056692421    0.867245509    0.856116402
   79.085038313    0.869072228    0.857118787
   79.113384205    0.870930331    0.858121376
   79.141730097    0.872803256    0.859123968
   79.170075989    0.874669308    0.860126364
   79.198421880    0.876508656    0.861128432
   79.226767772    0.878309856    0.862130147
   79.255113664    0.880073759    0.863131597
   79.283459556    0.881813451    0.864132947
   79.311805448    0.883550182    0.865134394
   79.340151340    0.885306528    0.866136096
   79.368497232    0.887098984    0.867138126
   79.396843123    0.888932420    0.868140453
   79.425189015    0.890798277    0.869142954
   79.453534907    0.892677156    0.870145453
   79.481880799    0.894545045    0.871147781
   79.510226691    0.896381192    0.872149830
   79.538572583    0.898175038    0.873151581
   79.566918475    0.899929904    0.874153112
   79.595264367    0.901662123    0.875154567
   79.623610258    0.903395826    0.876156107
   79.651956150    0.905155038    0.877157862
   79.680302042    0.906955640    0.878159885
   79.708647934    0.908799911    0.879162144
   79.736993826    0.910675515    0.880164530
   79.765339718    0.912559369    0.881166901
   79.793685610    0.914425212    0.882169125
   79.822031502    0.916252396    0.883171126
   79.850377393    0.918032989    0.884172909
   79.878723285    0.919774732    0.885174548
   79.907069177    0.921498756    0.886176166
   79.935415069    0.923232694    0.887177882
   79.963760961    0.925001400    0.888179772
   79.992106853    0.926818352    0.889181840
   80.020452745    0.928680712    0.890184017
   80.048798636    0.930569817    0.891186192
   80.077144528    0.932457140    0.892188254
   80.105490420    0.934313863    0.893190148
   80.133836312    0.936120919    0.894191905
   80.162182204    0.937876057    0.895193649
   80.190528096    0.939595371    0.896195559
   80.218873988    0.941308501    0.897197797
   80.247219880    0.943048838    0.898200420
   80.275565771    0.944841852    0.899203285
   80.303911663    0.946695481    0.900205986
   80.332257555    0.948596036    0.901207833
   80.360603447    0.950511440    0.902207890
   80.388949339    0.952401221    0.903205058
   80.417295231    0.954230373    0.904198197
   80.445641123    0.955982666    0.905186254
   80.473987014    0.957668795    0.906168374
   80.502332906    0.959326110    0.907143970
   80.530678798    0.961009056    0.908112738
   80.559024690    0.962772416    0.909074623
   80.587370582    0.964651830    0.910029733
   80.615716474    0.966647292    0.910978249
   80.644062366    0.968714830    0.911920329
   80.672408258    0.970769546    0.912856045
   80.700754149    0.972700029    0.913785358
   80.729100041    0.974390949    0.914708139
   80.757445933    0.975748162    0.915624213
   80.785791825    0.976719796    0.916533425
   80.814137717    0.977307723    0.917435686
   80.842483609    0.977566396    0.918331009
   80.870829501    0.977589426    0.919219503
   80.899175393    0.977487577    0.920101337
   80.927521284    0.977364100    0.920976690
   80.955867176    0.977293850    0.921845690
   80.984213068    0.977311376    0.922708377
   81.012558960    0.977410457    0.923564689
   81.040904852    0.977554300    0.924414478
   81.069250744    0.977692686    0.925257559
   81.097596636    0.977780628    0.926093766
   81.125942527    0.977793087    0.926923001
   81.154288419    0.977731788    0.927745271
   81.182634311    0.977622827    0.928560679
   81.210980203    0.977506585    0.929369402
   81.239326095    0.977423712    0.930171628
   81.267671987    0.977401870    0.930967504
   81.296017879    0.977447420    0.931757089
   81.324363771    0.977544405    0.932540332
   81.352709662    0.977660779    0.933317089
   81.381055554    0.977759519    0.934087164
   81.409401446    0.977810837    0.934850374
   81.437747338    0.977801529    0.935606600
   81.466093230    0.977738590    0.936355830
   81.494439122    0.977646181    0.937098161
   81.522785014    0.977557173    0.937833772
   81.551130905    0.977502219    0.938562869
   81.579476797    0.977499928    0.939285620
   81.607822689    0.977551274    0.940002104
   81.636168581    0.977639870    0.940712281
   81.664514473    0.977737812    0.941416008
   81.692860365    0.977815031    0.942113079
   81.721206257    0.977849039    0.942803289
   81.749552149    0.977831916    0.943486500
   81.777898040    0.977772410    0.944162682
   81.806243932    0.977692625    0.944831929
   81.834589824    0.977620537    0.945494426
   81.862935716    0.977580857    0.946150396
   81.891281608    0.977587222    0.946800029
   81.919627500    0.977638165    0.947443420
   81.947973392    0.977718024    0.948080539
   81.976319284    0.977802356    0.948711240
   82.004665175    0.977865975    0.949335303
   82.033011067    0.977890996    0.949952504
   82.061356959    0.977872306    0.950562687
   82.089702851    0.977818810    0.951165810
   82.118048743    0.977750200    0.951761967
   82.146394635    0.977690395    0.952351351
   82.174740527    0.977659849    0.952934203
   82.203086418    0.977669190    0.953510728
   82.231432310    0.977716159    0.954081037
   82.259778202    0.977786706    0.954645104
   82.288124094    0.977859774    0.955202777
   82.316469986    0.977914126    0.955753823
   82.344815878    0.977935021    0.956298001
   82.373161770    0.977918633    0.956835142
   82.401507662    0.977872913    0.957365196
   82.429853553    0.977814733    0.957888259
   82.458199445    0.977764345    0.958404536
   82.486545337    0.977738962    0.958914279
   82.514891229    0.977747499    0.959417711
   82.543237121    0.977788075    0.959914948
   82.571583013    0.977848938    0.960405965
   82.599928905    0.977912427    0.960890604
   82.628274796    0.977960619    0.961368618
   82.656620688    0.977980862    0.961839756
   82.684966580    0.977969498    0.962303837
   82.713312472    0.977932686    0.962760812
   82.741658364    0.977884190    0.963210781
   82.770004256    0.977840914    0.963653958
   82.798350148    0.977817635    0.964090608
   82.826696040    0.977822578    0.964520960
   82.855041931    0.977855130    0.964945132
   82.883387823    0.977906321    0.965363098
   82.911733715    0.977961822    0.965774689
   82.940079607    0.978006442    0.966179652
   82.968425499    0.978028738    0.966577726
   82.996771391    0.978024327    0.966968728
   83.025117283    0.977996971    0.967352615
   83.053463175    0.977957192    0.967729491
   83.081809066    0.977918917    0.968099580
   83.110154958    0.977895228    0.968463152
   83.138500850    0.977894499    0.968820438
   83.166846742    0.977918065    0.969171552
   83.195192634    0.977960021    0.969516460
   83.223538526    0.978009177    0.969854985
   83.251884418    0.978052492    0.970186867
   83.280230309    0.978078951    0.970511846
   83.308576201    0.978082746    0.970829746
   83.336922093    0.978064849    0.971140531
   83.365267985    0.978032576    0.971444316
   83.393613877    0.977997321    0.971741330
   83.421959769    0.977971158    0.972031843
   83.450305661    0.977963316    0.972316079
   83.478651553    0.977977539    0.972594140
   83.506997444    0.978011080    0.972865977
   83.535343336    0.978055577    0.973131406
   83.563689228    0.978099541    0.973390166
   83.592035120    0.978131715    0.973642007
   83.620381012    0.978144348    0.973886766
   83.648726904    0.978135433    0.974124427
   83.677072796    0.978109272    0.974355119
   83.705418687    0.978075228    0.974579075
   83.733764579    0.978044997    0.974796557
   83.762110471    0.978029198    0.975007766
   83.790456363    0.978034259    0.975212782
   83.818802255    0.978060500    0.975411531
   83.847148147    0.978101980    0.975603818
   83.875494039    0.978148183    0.975789385
   83.903839931    0.978187064    0.975968005
   83.932185822    0.978208603    0.976139550
   83.960531714    0.978207809    0.976304040
   83.988877606    0.978186294    0.976461630
   84.017223498    0.978151908    0.976612561
   84.045569390    0.978116510    0.976757072
   84.073915282    0.978092481    0.976895322
   84.102261174    0.978089008    0.977027333
   84.130607066    0.978109240    0.977152978
   84.158952957    0.978149193    0.977272031
   84.187298849    0.978198800    0.977384242
   84.215644741    0.978244830    0.977489433
   84.243990633    0.978274851    0.977587560
   84.272336525    0.978281057    0.977678742
   84.300682417    0.978262771    0.977763218
   84.329028309    0.978226835    0.977841265
   84.357374200    0.978185688    0.977913087
   84.385720092    0.978153668    0.977978725
   84.414065984    0.978142624    0.978038011
   84.442411876    0.978158180    0.978090602
   84.470757768    0.978197836    0.978136083
   84.499103660    0.978251543    0.978174126
   84.527449552    0.978304644    0.978204656
   84.555795444    0.978342336    0.978227992
   84.584141335    0.978354290    0.978244896
   84.612487227    0.978337990    0.978256538
   84.640833119    0.978299708    0.978264356
   84.669179011    0.978252740    0.978269854
   84.697524903    0.978213396    0.978274382
   84.725870795    0.978195943    0.978278948
   84.754216687    0.978208066    0.978284114
   84.782562578    0.978248307    0.978289991
   84.810908470    0.978306322    0.978296334
   84.839254362    0.978365962    0.978302702
   84.867600254    0.978410243    0.978308646
   84.895946146    0.978426701    0.978313865
   84.924292038    0.978411423    0.978318296
   84.952637930    0.978370448    0.978322123
   84.980983822    0.978318051    0.978325700
   85.009329713    0.978272371    0.978329436
