    0.000000000    0.830264451    0.830189588
    0.028345892    0.830251709    0.830193581
    0.056691784    0.830232975    0.830197464
    0.085037676    0.830215875    0.830201323
    0.113383567    0.830207494    0.830205235
    0.141729459    0.830212154    0.830209246
    0.170075351    0.830230072    0.830213356
    0.198421243    0.830257309    0.830217517
    0.226767135    0.830287020    0.830221645
    0.255113027    0.830311609    0.830225650
    0.283458919    0.830325110    0.830229457
    0.311804811    0.830325051    0.830233031
    0.340150702    0.830313208    0.830236390
    0.368496594    0.830295037    0.830239596
    0.396842486    0.830277953    0.830242736
    0.425188378    0.830268998    0.830245897
    0.453534270    0.830272649    0.830249136
    0.481880162    0.830289420    0.830252459
    0.510226054    0.830315723    0.830255824
    0.538571946    0.830344999    0.830259147
    0.566917837    0.830369780    0.830262329
    0.595263729    0.830384026    0.830265287
    0.623609621    0.830385002    0.830267977
    0.651955513    0.830374124    0.830270407
    0.680301405    0.830356501    0.830272637
    0.708647297    0.830339331    0.830274756
    0.736993189    0.830329645    0.830276855
    0.765339080    0.830332116    0.830278997
    0.793684972    0.830347607    0.830281197
    0.822030864    0.830372914    0.830283414
    0.850376756    0.830401774    0.830285564
    0.878722648    0.830426828    0.830287541
    0.907068540    0.830441916    0.830289255
    0.935414432    0.830443997    0.830290652
    0.963760324    0.830434086    0.830291735
    0.992106215    0.830416935    0.830292559
    1.020452107    0.830399537    0.830293214
    1.048797999    0.830388947    0.830293794
    1.077143891    0.830390082    0.830294368
    1.105489783    0.830404193    0.830294955
    1.133835675    0.830428476    0.830295516
    1.162181567    0.830456957    0.830295965
    1.190527458    0.830482353    0.830296191
    1.218873350    0.830498343    0.830296095
    1.247219242    0.830501537    0.830295617
    1.275565134    0.830492531    0.830294751
    1.303911026    0.830475718    0.830293550
    1.332256918    0.830457915    0.830292102
    1.360602810    0.830446244    0.830290504
    1.388948702    0.830445904    0.830288828
    1.417294593    0.830458556    0.830287096
    1.445640485    0.830481805    0.830285270
    1.473986377    0.830509940    0.830283260
    1.502332269    0.830535716    0.830280952
    1.530678161    0.830552611    0.830278238
    1.559024053    0.830556858    0.830275049
    1.587369945    0.830548626    0.830271373
    1.615715837    0.830531966    0.830267256
    1.644061728    0.830513556    0.830262787
    1.672407620    0.830500620    0.830258061
    1.700753512    0.830498675    0.830253153
    1.729099404    0.830509805    0.830248086
    1.757445296    0.830532004    0.830242822
    1.785791188    0.830559797    0.830237267
    1.814137080    0.830585938    0.830231302
    1.842482971    0.830603670    0.830224809
    1.870828863    0.830608833    0.830217711
    1.899174755    0.830601175    0.830209987
    1.927520647    0.830584436    0.830201677
    1.955866539    0.830565190    0.830192865
    1.984212431    0.830550800    0.830183646
    2.012558323    0.830547117    0.830174095
    2.040904215    0.830556645    0.830164234
    2.069250106    0.830577747    0.830154022
    2.097595998    0.830605146    0.830143364
    2.125941890    0.830631557    0.830132130
    2.154287782    0.830649965    0.830120194
    2.182633674    0.830655818    0.830107468
    2.210979566    0.830648461    0.830093920
    2.239325458    0.830631355    0.830079582
    2.267671349    0.830611008    0.830064531
    2.296017241    0.830594947    0.830048860
    2.324363133    0.830589364    0.830032639
    2.352709025    0.830597167    0.830015890
    2.381054917    0.830617058    0.829998567
    2.409400809    0.830643918    0.829980568
    2.437746701    0.830670399    0.829961756
    2.466092593    0.830689216    0.829941991
    2.494438484    0.830695433    0.829921172
    2.522784376    0.830688020    0.829899255
    2.551130268    0.830670195    0.829876259
    2.579476160    0.830648429    0.829852251
    2.607822052    0.830630428    0.829827317
    2.636167944    0.830622718    0.829801522
    2.664513836    0.830628588    0.829774882
    2.692859728    0.830647043    0.829747346
    2.721205619    0.830673093    0.829718803
    2.749551511    0.830699305    0.829689101
    2.777897403    0.830718127    0.829658088
    2.806243295    0.830724257    0.829625645
    2.834589187    0.830716326    0.829591710
    2.862935079    0.830697336    0.829556285
    2.891280971    0.830673743    0.829519423
    2.919626862    0.830653434    0.829481199
    2.947972754    0.830643253    0.829441668
    2.976318646    0.830646839    0.829400837
    3.004664538    0.830663467    0.829358645
    3.033010430    0.830688254    0.829314967
    3.061356322    0.830713675    0.829269637
    3.089702214    0.830731922    0.829222482
    3.118048106    0.830737356    0.829173359
    3.146393997    0.830728294    0.829122182
    3.174739889    0.830707553    0.829068933
    3.203085781    0.830681578    0.829013643
    3.231431673    0.830658428    0.828956368
    3.259777565    0.830645241    0.828897148
    3.288123457    0.830645976    0.828835975
    3.316469349    0.830660152    0.828772774
    3.344815240    0.830682978    0.828707400
    3.373161132    0.830706845    0.828639666
    3.401507024    0.830723707    0.828569370
    3.429852916    0.830727618    0.828496340
    3.458198808    0.830716607    0.828420459
    3.486544700    0.830693314    0.828341673
    3.514890592    0.830664175    0.828259985
    3.543236484    0.830637400    0.828175425
    3.571582375    0.830620390    0.828088009
    3.599928267    0.830617397    0.827997707
    3.628274159    0.830628169    0.827904418
    3.656620051    0.830648006    0.827807974
    3.684965943    0.830669229    0.827708155
    3.713311835    0.830683584    0.827604722
    3.741657727    0.830684836    0.827497462
    3.770003619    0.830670747    0.827386213
    3.798349510    0.830643781    0.827270876
    3.826695402    0.830610346    0.827151413
    3.855041294    0.830578776    0.827027813
    3.883387186    0.830556709    0.826900056
    3.911733078    0.830548669    0.826768080
    3.940078970    0.830554625    0.826631749
    3.968424862    0.830569985    0.826490857
    3.996770753    0.830587022    0.826345138
    4.025116645    0.830597296    0.826194306
    4.053462537    0.830594311    0.826038089
    4.081808429    0.830575558    0.825876261
    4.110154321    0.830543315    0.825708663
    4.138500213    0.830503934    0.825535195
    4.166846105    0.830465843    0.825355788
    4.195191997    0.830436890    0.825170369
    4.223537888    0.830421863    0.824978823
    4.251883780    0.830420963    0.824780965
    4.280229672    0.830429723    0.824576532
    4.308575564    0.830440399    0.824365196
    4.336921456    0.830444393    0.824146600
    4.365267348    0.830434950    0.823920389
    4.393613240    0.830409284    0.823686254
    4.421959131    0.830369458    0.823443945
    4.450305023    0.830321731    0.823193270
    4.478650915    0.830274595    0.822934074
    4.506996807    0.830236091    0.822666205
    4.535342699    0.830211269    0.822389465
    4.563688591    0.830200583    0.822103593
    4.592034483    0.830199727    0.821808240
    4.620380375    0.830200969    0.821502989
    4.648726266    0.830195568    0.821187377
    4.677072158    0.830176508    0.820860937
    4.705418050    0.830140701    0.820523232
    4.733763942    0.830089951    0.820173879
    4.762109834    0.830030386    0.819812549
    4.790455726    0.829970528    0.819438953
    4.818801618    0.829918603    0.819052801
    4.847147510    0.829879940    0.818653768
    4.875493401    0.829855279    0.818241458
    4.903839293    0.829840512    0.817815389
    4.932185185    0.829827951    0.817374998
    4.960531077    0.829808717    0.816919668
    4.988876969    0.829775517    0.816448757
    5.017222861    0.829724918    0.815961639
    5.045568753    0.829658415    0.815457725
    5.073914644    0.829581958    0.814936466
    5.102260536    0.829504072    0.814397340
    5.130606428    0.829433167    0.813839819
    5.158952320    0.829374882    0.813263330
    5.187298212    0.829330284    0.812667228
    5.215644104    0.829295507    0.812050782
    5.243989996    0.829262927    0.811413180
    5.272335888    0.829223530    0.810753551
    5.300681779    0.829169708    0.810070998
    5.329027671    0.829097627    0.809364619
    5.357373563    0.829008410    0.808633513
    5.385719455    0.828907779    0.807876752
    5.414065347    0.828804239    0.807093332
    5.442411239    0.828706396    0.806282101
    5.470757131    0.828620232    0.805441687
    5.499103022    0.828547194    0.804570446
    5.527448914    0.828483698    0.803666455
    5.555794806    0.828422211    0.802727551
    5.584140698    0.828353562    0.801751432
    5.612486590    0.828269780    0.800735794
    5.640832482    0.828166558    0.799678497
    5.669178374    0.828044580    0.798577702
    5.697524266    0.827909283    0.797431984
    5.725870157    0.827769132    0.796240358
    5.754216049    0.827632947    0.795002241
    5.782561941    0.827507100    0.793717321
    5.810907833    0.827393473    0.792385387
    5.839253725    0.827288812    0.791006128
    5.867599617    0.827185682    0.789578962
    5.895945509    0.827074733    0.788102915
    5.924291401    0.826947566    0.786576606
    5.952637292    0.826799320    0.784998328
    5.980983184    0.826630152    0.783366239
    6.009329076    0.826445156    0.781678617
    6.037674968    0.826252740    0.779934169
    6.066020860    0.826061953    0.778132306
    6.094366752    0.825879608    0.776273364
    6.122712644    0.825708081    0.774358710
    6.151058535    0.825544489    0.772390713
    6.179404427    0.825381504    0.770372567
    6.207750319    0.825209556    0.768307994
    6.236096211    0.825019745    0.766200850
    6.264442103    0.824806553    0.764054691
    6.292787995    0.824569512    0.761872356
    6.321133887    0.824313305    0.759655635
    6.349479779    0.824046248    0.757405040
    6.377825670    0.823777642    0.755119744
    6.406171562    0.823514788    0.752797669
    6.434517454    0.823260614    0.750435722
    6.462863346    0.823012654    0.748030146
    6.491209238    0.822763692    0.745576949
    6.519555130    0.822503895    0.743072338
    6.547901022    0.822223772    0.740513138
    6.576246913    0.821917034    0.737897126
    6.604592805    0.821582476    0.735223260
    6.632938697    0.821224276    0.732491786
    6.661284589    0.820850623    0.729704204
    6.689630481    0.820471070    0.726863120
    6.717976373    0.820093454    0.723971984
    6.746322265    0.819721320    0.721034765
    6.774668157    0.819352664    0.718055576
    6.803014048    0.818980392    0.715038305
    6.831359940    0.818594364    0.711986292
    6.859705832    0.818184397    0.708902083
    6.888051724    0.817743297    0.705787298
    6.916397616    0.817268975    0.702642632
    6.944743508    0.816764985    0.699467989
    6.973089400    0.816239306    0.696262738
    7.001435292    0.815701729    0.693026054
    7.029781183    0.815160656    0.689757287
    7.058127075    0.814620307    0.686456312
    7.086472967    0.814079194    0.683123795
    7.114818859    0.813530360    0.679761331
    7.143164751    0.812963316    0.676371440
    7.171510643    0.812367077    0.672957408
    7.199856535    0.811733378    0.669523024
    7.228202426    0.811059058    0.666072259
    7.256548318    0.810346872    0.662608939
    7.284894210    0.809604462    0.659136501
    7.313240102    0.808841797    0.655657839
    7.341585994    0.808067855    0.652175288
    7.369931886    0.807287591    0.648690711
    7.398277778    0.806500107    0.645205654
    7.426623670    0.805698630    0.641721522
    7.454969561    0.804872294    0.638239702
    7.483315453    0.804009204    0.634761604
    7.511661345    0.803099835    0.631288607
    7.540007237    0.802139711    0.627821909
    7.568353129    0.801130539    0.624362336
    7.596699021    0.800079415    0.620910171
    7.625044913    0.798996357    0.617465047
    7.653390804    0.797890890    0.614025949
    7.681736696    0.796768755    0.610591351
    7.710082588    0.795629737    0.607159442
    7.738428480    0.794467322    0.603728418
    7.766774372    0.793270272    0.600296757
    7.795120264    0.792025671    0.596863413
    7.823466156    0.790722492    0.593427905
    7.851812048    0.789354607    0.589990254
    7.880157939    0.787922285    0.586550817
    7.908503831    0.786431718    0.583110049
    7.936849723    0.784892700    0.579668271
    7.965195615    0.783315166    0.576225488
    7.993541507    0.781705636    0.572781324
    8.021887399    0.780064672    0.569335058
    8.050233291    0.778386133    0.565885758
    8.078579183    0.776658455    0.562432460
    8.106925074    0.774867604    0.558974320
    8.135270966    0.773000778    0.555510709
    8.163616858    0.771049733    0.552041199
    8.191962750    0.769012722    0.548565462
    8.220308642    0.766894423    0.545083108
    8.248654534    0.764703877    0.541593525
    8.277000426    0.762451057    0.538095779
    8.305346317    0.760143101    0.534588630
    8.333692209    0.757781365    0.531070662
    8.362038101    0.755360203    0.527540528
    8.390383993    0.752867838    0.523997236
    8.418729885    0.750289080    0.520440414
    8.447075777    0.747609054    0.516870476
    8.475421669    0.744816801    0.513288641
    8.503767561    0.741907664    0.509696793
    8.532113452    0.738883707    0.506097208
    8.560459344    0.735752055    0.502492231
    8.588805236    0.732521648    0.498883959
    8.617151128    0.729199402    0.495274037
    8.645497020    0.725786950    0.491663601
    8.673842912    0.722278946    0.488053384
    8.702188804    0.718663442    0.484443939
    8.730534695    0.714924216    0.480835920
    8.758880587    0.711044297    0.477230314
    8.787226479    0.707009612    0.473628559
    8.815572371    0.702811602    0.470032493
    8.843918263    0.698448007    0.466444137
    8.872264155    0.693921600    0.462865361
    8.900610047    0.689237283    0.459297521
    8.928955939    0.684398511    0.455741165
    8.957301830    0.679404198    0.452195898
    8.985647722    0.674247120    0.448660457
    9.013993614    0.668914331    0.445133009
    9.042339506    0.663389407    0.441611594
    9.070685398    0.657655671    0.438094654
    9.099031290    0.651699154    0.434581514
    9.127377182    0.645509986    0.431072721
    9.155723074    0.639081348    0.427570177
    9.184068965    0.632405885    0.424077027
    9.212414857    0.625470355    0.420597351
    9.240760749    0.618250059    0.417135694
    9.269106641    0.610705022    0.413696556
    9.297452533    0.602779709    0.410283897
    9.325798425    0.594407376    0.406900754
    9.354144317    0.585519033    0.403548993
    9.382490208    0.576055683    0.400229217
    9.410836100    0.565981422    0.396940811
    9.439181992    0.555294320    0.393682087
    9.467527884    0.544032119    0.390450523
    9.495873776    0.532270605    0.387243039
    9.524219668    0.520113985    0.384056320
    9.552565560    0.507678382    0.380887162
    9.580911452    0.495071294    0.377732823
    9.609257343    0.482371087    0.374591367
    9.637603235    0.469611023    0.371461937
    9.665949127    0.456771783    0.368344933
    9.694295019    0.443784964    0.365242031
    9.722640911    0.430547932    0.362156017
    9.750986803    0.416948028    0.359090429
    9.779332695    0.402892007    0.356049056
    9.807678586    0.388335206    0.353035361
    9.836024478    0.373304556    0.350051923
    9.864370370    0.357910355    0.347100024
    9.892716262    0.342343582    0.344179441
    9.921062154    0.326858096    0.341288501
    9.949408046    0.311739825    0.338424379
    9.977753938    0.297267594    0.335583574
   10.006099830    0.283671836    0.332762447
   10.034445721    0.271098041    0.329957708
   10.062791613    0.259581057    0.327166746
   10.091137505    0.249034604    0.324387739
   10.119483397    0.239257786    0.321619546
   10.147829289    0.229957640    0.318861436
   10.176175181    0.220784222    0.316112750
   10.204521073    0.211372916    0.313372606
   10.232866965    0.201387869    0.310639727
   10.261212856    0.190560671    0.307912448
   10.289558748    0.178719566    0.305188881
   10.317904640    0.165806222    0.302467171
   10.346250532    0.151879044    0.299745747
   10.374596424    0.137103803    0.297023468
   10.402942316    0.121733685    0.294299607
   10.431288208    0.106081698    0.291573649
   10.459634099    0.090488624    0.288844963
   10.487979991    0.075289639    0.286112453
   10.516325883    0.060782468    0.283374305
   10.544671775    0.047199668    0.280627938
   10.573017667    0.034687427    0.277870222
   10.601363559    0.023293029    0.275097949
   10.629709451    0.012962764    0.272308449
   10.658055343    0.003551363    0.269500226
   10.686401234   -0.005157099    0.266673424
   10.714747126   -0.013418416    0.263830002
   10.743093018   -0.021490902    0.260973508
   10.771438910   -0.029596397    0.258108509
   10.799784802   -0.037885514    0.255239740
   10.828130694   -0.046413055    0.252371182
   10.856476586   -0.055128319    0.249505261
   10.884822477   -0.063882695    0.246642351
   10.913168369   -0.072453829    0.243780703
   10.941514261   -0.080582361    0.240916800
   10.969860153   -0.088014538    0.238046065
   10.998206045   -0.094542570    0.235163739
   11.026551937   -0.100034909    0.232265720
   11.054897829   -0.104450670    0.229349173
   11.083243721   -0.107835863    0.226412759
   11.111589612   -0.110303176    0.223456474
   11.139935504   -0.112000764    0.220481134
   11.168281396   -0.113077958    0.217487682
   11.196627288   -0.113656320    0.214476491
   11.224973180   -0.113812917    0.211446874
   11.253319072   -0.113579365    0.208396922
   11.281664964   -0.112955965    0.205323722
   11.310010856   -0.111936211    0.202223905
   11.338356747   -0.110534128    0.199094396
   11.366702639   -0.108806146    0.195933176
   11.395048531   -0.106860648    0.192739886
   11.423394423   -0.104851718    0.189516124
   11.451740315   -0.102957990    0.186265390
   11.480086207   -0.101351697    0.182992672
   11.508432099   -0.100165886    0.179703805
   11.536777990   -0.099468535    0.176404722
   11.565123882   -0.099250622    0.173100768
   11.593469774   -0.099431638    0.169796196
   11.621815666   -0.099881399    0.166493925
   11.650161558   -0.100452694    0.163195556
   11.678507450   -0.101016420    0.159901606
   11.706853342   -0.101490250    0.156611869
   11.735199234   -0.101853719    0.153325799
   11.763545125   -0.102146431    0.150042826
   11.791891017   -0.102450740    0.146762573
   11.820236909   -0.102864530    0.143484932
   11.848582801   -0.103472343    0.140210047
   11.876928693   -0.104323295    0.136938232
   11.905274585   -0.105422030    0.133669868
   11.933620477   -0.106734903    0.130405315
   11.961966368   -0.108208891    0.127144842
   11.990312260   -0.109796807    0.123888581
   12.018658152   -0.111480346    0.120636466
   12.047004044   -0.113282990    0.117388164
   12.075349936   -0.115267775    0.114142974
   12.103695828   -0.117519481    0.110899725
   12.132041720   -0.120115666    0.107656687
   12.160387612   -0.123094692    0.104411542
   12.188733503   -0.126430302    0.101161452
   12.217079395   -0.130020943    0.097903219
   12.245425287   -0.133698204    0.094633547
   12.273771179   -0.137253414    0.091349358
   12.302117071   -0.140476234    0.088048114
   12.330462963   -0.143195405    0.084728084
   12.358808855   -0.145310817    0.081388515
   12.387154747   -0.146808139    0.078029680
   12.415500638   -0.147751866    0.074652810
   12.443846530   -0.148258549    0.071259951
   12.472192422   -0.148457544    0.067853782
   12.500538314   -0.148450262    0.064437460
   12.528884206   -0.148279503    0.061014510
   12.557230098   -0.147917829    0.057588794
   12.585575990   -0.147278699    0.054164525
   12.613921881   -0.146247679    0.050746311
   12.642267773   -0.144725238    0.047339158
   12.670613665   -0.142669034    0.043948429
   12.698959557   -0.140123317    0.040579704
   12.727305449   -0.137226100    0.037238573
   12.755651341   -0.134190518    0.033930378
   12.783997233   -0.131263520    0.030659960
   12.812343125   -0.128671194    0.027431453
   12.840689016   -0.126563691    0.024248162
   12.869034908   -0.124973162    0.021112544
   12.897380800   -0.123795115    0.018026272
   12.925726692   -0.122798014    0.014990355
   12.954072584   -0.121659288    0.012005261
   12.982418476   -0.120019920    0.009071015
   13.010764368   -0.117545893    0.006187243
   13.039110259   -0.113983934    0.003353170
   13.067456151   -0.109201104    0.000567605
   13.095802043   -0.103202201   -0.002171053
   13.124147935   -0.096124182   -0.004864732
   13.152493827   -0.088211591   -0.007515515
   13.180839719   -0.079780019   -0.010125372
   13.209185611   -0.071175441   -0.012695841
   13.237531503   -0.062736031   -0.015227723
   13.265877394   -0.054760474   -0.017720869
   13.294223286   -0.047484037   -0.020174122
   13.322569178   -0.041061600   -0.022585460
   13.350915070   -0.035556241   -0.024952329
   13.379260962   -0.030932699   -0.027272109
   13.407606854   -0.027056592   -0.029542625
   13.435952746   -0.023701759   -0.031762576
   13.464298638   -0.020568522   -0.033931785
   13.492644529   -0.017314580   -0.036051186
   13.520990421   -0.013597499   -0.038122533
   13.549336313   -0.009124232   -0.040147876
   13.577682205   -0.003699666   -0.042128897
   13.606028097    0.002735635   -0.044066251
   13.634373989    0.010087853   -0.045959052
   13.662719881    0.018118602   -0.047804637
   13.691065772    0.026480595   -0.049598658
   13.719411664    0.034774669   -0.051335532
   13.747757556    0.042617048   -0.053009155
   13.776103448    0.049702565   -0.054613769
   13.804449340    0.055849928   -0.056144816
   13.832795232    0.061019072   -0.057599611
   13.861141124    0.065297331   -0.058977713
   13.889487016    0.068858904   -0.060280907
   13.917832907    0.071908793   -0.061512809
   13.946178799    0.074626144   -0.062678135
   13.974524691    0.077121683   -0.063781798
   14.002870583    0.079419618   -0.064827966
   14.031216475    0.081467235   -0.065819260
   14.059562367    0.083167349   -0.066756242
   14.087908259    0.084422180   -0.067637276
   14.116254150    0.085174024   -0.068458785
   14.144600042    0.085429270   -0.069215875
   14.172945934    0.085257628   -0.069903198
   14.201291826    0.084766354   -0.070515916
   14.229637718    0.084057510   -0.071050595
   14.257983610    0.083182315   -0.071505869
   14.286329502    0.082108575   -0.071882768
   14.314675394    0.080714183   -0.072184640
   14.343021285    0.078812445   -0.072416696
   14.371367177    0.076205456   -0.072585252
   14.399713069    0.072752597   -0.072696801
   14.428058961    0.068435286   -0.072757085
   14.456404853    0.063398172   -0.072770321
   14.484750745    0.057951813   -0.072738725
   14.513096637    0.052531279   -0.072662397
   14.541442529    0.047616832   -0.072539583
   14.569788420    0.043633625   -0.072367254
   14.598134312    0.040854207   -0.072141889
   14.626480204    0.039328477   -0.071860298
   14.654826096    0.038860053   -0.071520361
   14.683171988    0.039037102   -0.071121533
   14.711517880    0.039312240   -0.070665067
   14.739863772    0.039113659   -0.070153928
   14.768209663    0.037961406   -0.069592460
   14.796555555    0.035561124   -0.068985897
   14.824901447    0.031852913   -0.068339840
   14.853247339    0.027004124   -0.067659803
   14.881593231    0.021348946   -0.066950910
   14.909939123    0.015290912   -0.066217783
   14.938285015    0.009193617   -0.065464581
   14.966630907    0.003287527   -0.064695163
   14.994976798   -0.002383774   -0.063913268
   15.023322690   -0.007964952   -0.063122654
   15.051668582   -0.013738581   -0.062327131
   15.080014474   -0.020036869   -0.061530491
   15.108360366   -0.027138640   -0.060736335
   15.136706258   -0.035178008   -0.059947875
   15.165052150   -0.044087706   -0.059167772
   15.193398041   -0.053590782   -0.058398059
   15.221743933   -0.063242096   -0.057640192
   15.250089825   -0.072508746   -0.056895209
   15.278435717   -0.080869574   -0.056163963
   15.306781609   -0.087910164   -0.055447332
   15.335127501   -0.093392128   -0.054746368
   15.363473393   -0.097282809   -0.054062280
   15.391819285   -0.099741858   -0.053396275
   15.420165176   -0.101071499   -0.052749264
   15.448511068   -0.101645146   -0.052121499
   15.476856960   -0.101832501   -0.051512271
   15.505202852   -0.101937990   -0.050919736
   15.533548744   -0.102164000   -0.050340974
   15.561894636   -0.102602835   -0.049772292
   15.590240528   -0.103253746   -0.049209741
   15.618586420   -0.104055862   -0.048649754
   15.646932311   -0.104925578   -0.048089781
   15.675278203   -0.105788166   -0.047528764
   15.703624095   -0.106597210   -0.046967353
   15.731969987   -0.107340509   -0.046407802
   15.760315879   -0.108035566   -0.045853533
   15.788661771   -0.108720457   -0.045308483
   15.817007663   -0.109446034   -0.044776349
   15.845353554   -0.110273398   -0.044259908
   15.873699446   -0.111277186   -0.043760557
   15.902045338   -0.112551925   -0.043278180
   15.930391230   -0.114216590   -0.042811373
   15.958737122   -0.116412430   -0.042357975
   15.987083014   -0.119291044   -0.041915776
   16.015428906   -0.122993020   -0.041483248
   16.043774798   -0.127620963   -0.041060110
   16.072120689   -0.133213333   -0.040647615
   16.100466581   -0.139726146   -0.040248451
   16.128812473   -0.147028091   -0.039866303
   16.157158365   -0.154911244   -0.039505143
   16.185504257   -0.163115447   -0.039168413
   16.213850149   -0.171360688   -0.038858271
   16.242196041   -0.179379715   -0.038575070
   16.270541932   -0.186943214   -0.038317189
   16.298887824   -0.193872241   -0.038081240
   16.327233716   -0.200036399   -0.037862628
   16.355579608   -0.205340501   -0.037656326
   16.383925500   -0.209705706   -0.037457722
   16.412271392   -0.213052485   -0.037263352
   16.440617284   -0.215291904   -0.037071380
   16.468963176   -0.216328737   -0.036881740
   16.497309067   -0.216075977   -0.036695917
   16.525654959   -0.214476481   -0.036516437
   16.554000851   -0.211525006   -0.036346192
   16.582346743   -0.207283528   -0.036187735
   16.610692635   -0.201884624   -0.036042710
   16.639038527   -0.195521173   -0.035911536
   16.667384419   -0.188424721   -0.035793395
   16.695730311   -0.180838192   -0.035686534
   16.724076202   -0.172990244   -0.035588808
   16.752422094   -0.165077899   -0.035498357
   16.780767986   -0.157261324   -0.035414286
   16.809113878   -0.149670672   -0.035337222
   16.837459770   -0.142420906   -0.035269646
   16.865805662   -0.135627805   -0.035215953
   16.894151554   -0.129417814   -0.035182227
   16.922497445   -0.123926241   -0.035175779
   16.950843337   -0.119282098   -0.035204518
   16.979189229   -0.115582525   -0.035276257
   17.007535121   -0.112863773   -0.035398031
   17.035881013   -0.111077971   -0.035575529
   17.064226905   -0.110084439   -0.035812692
   17.092572797   -0.109661209   -0.036111508
   17.120918689   -0.109537292   -0.036472011
   17.149264580   -0.109440495   -0.036892470
   17.177610472   -0.109150747   -0.037369729
   17.205956364   -0.108546384   -0.037899649
   17.234302256   -0.107631412   -0.038477586
   17.262648148   -0.106535519   -0.039098858
   17.290994040   -0.105484613   -0.039759131
   17.319339932   -0.104746614   -0.040454688
   17.347685823   -0.104563326   -0.041182537
   17.376031715   -0.105083000   -0.041940370
   17.404377607   -0.106308722   -0.042726360
   17.432723499   -0.108074754   -0.043538859
   17.461069391   -0.110057216   -0.044376049
   17.489415283   -0.111818190   -0.045235602
   17.517761175   -0.112875183   -0.046114435
   17.546107067   -0.112782463   -0.047008592
   17.574452958   -0.111208232   -0.047913297
   17.602798850   -0.107992424   -0.048823163
   17.631144742   -0.103173875   -0.049732520
   17.659490634   -0.096981813   -0.050635816
   17.687836526   -0.089793674   -0.051528011
   17.716182418   -0.082067792   -0.052404908
   17.744528310   -0.074264203   -0.053263369
   17.772874202   -0.066768786   -0.054101403
   17.801220093   -0.059834995   -0.054918126
   17.829565985   -0.053553755   -0.055713639
   17.857911877   -0.047856427   -0.056488845
   17.886257769   -0.042549340   -0.057245263
   17.914603661   -0.037372228   -0.057984857
   17.942949553   -0.032068365   -0.058709881
   17.971295445   -0.026451881   -0.059422742
   17.999641336   -0.020458300   -0.060125837
   18.027987228   -0.014167549   -0.060821367
   18.056333120   -0.007794122   -0.061511096
   18.084679012   -0.001645666   -0.062196114
   18.113024904    0.003942146   -0.062876605
   18.141370796    0.008681378   -0.063551732
   18.169716688    0.012402387   -0.064219658
   18.198062580    0.015103759   -0.064877771
   18.226408471    0.016969861   -0.065523109
   18.254754363    0.018350634   -0.066152918
   18.283100255    0.019706029   -0.066765259
   18.311446147    0.021525194   -0.067359526
   18.339792039    0.024236322   -0.067936740
   18.368137931    0.028125635   -0.068499510
   18.396483823    0.033282595   -0.069051636
   18.424829714    0.039583127   -0.069597371
   18.453175606    0.046714639   -0.070140487
   18.481521498    0.054237448   -0.070683302
   18.509867390    0.061669222   -0.071225903
   18.538213282    0.068573939   -0.071765721
   18.566559174    0.074636039   -0.072297593
   18.594905066    0.079704162   -0.072814319
   18.623250958    0.083796217   -0.073307619
   18.651596849    0.087066880   -0.073769303
   18.679942741    0.089747512   -0.074192413
   18.708288633    0.092074854   -0.074572077
   18.736634525    0.094226909   -0.074905919
   18.764980417    0.096281858   -0.075193903
   18.793326309    0.098209111   -0.075437685
   18.821672201    0.099892729   -0.075639608
   18.850018093    0.101178561   -0.075801602
   18.878363984    0.101930174   -0.075924254
   18.906709876    0.102076528   -0.076006271
   18.935055768    0.101637058   -0.076044495
   18.963401660    0.100716619   -0.076034470
   18.991747552    0.099471708   -0.075971442
   19.020093444    0.098058101   -0.075851562
   19.048439336    0.096575926   -0.075673017
   19.076785227    0.095029569   -0.075436808
   19.105131119    0.093316185   -0.075146994
   19.133477011    0.091248750   -0.074810326
   19.161822903    0.088609712   -0.074435326
   19.190168795    0.085222054   -0.074031013
   19.218514687    0.081018605   -0.073605540
   19.246860579    0.076089522   -0.073165014
   19.275206471    0.070692512   -0.072712751
   19.303552362    0.065219441   -0.072249089
   19.331898254    0.060124309   -0.071771776
   19.360244146    0.055828059   -0.071276821
   19.388590038    0.052622595   -0.070759593
   19.416935930    0.050597707   -0.070215933
   19.445281822    0.049609854   -0.069643045
   19.473627714    0.049301983   -0.069039998
   19.501973605    0.049171263   -0.068407787
   19.530319497    0.048669795   -0.067748984
   19.558665389    0.047315130   -0.067067117
   19.587011281    0.044784899   -0.066365945
   19.615357173    0.040973671   -0.065648805
   19.643703065    0.035999338   -0.064918166
   19.672048957    0.030158672   -0.064175451
   19.700394849    0.023843887   -0.063421114
   19.728740740    0.017441278   -0.062654894
   19.757086632    0.011236823   -0.061876127
   19.785432524    0.005351357   -0.061084010
   19.813778416   -0.000279841   -0.060277742
   19.842124308   -0.005879396   -0.059456511
   19.870470200   -0.011760122   -0.058619370
   19.898816092   -0.018234662   -0.057765080
   19.927161984   -0.025524702   -0.056892012
   19.955507875   -0.033691292   -0.055998192
   19.983853767   -0.042602027   -0.055081523
   20.012199659   -0.051941624   -0.054140162
   20.040545551   -0.061262192   -0.053172993
   20.068891443   -0.070060721   -0.052180061
   20.097237335   -0.077866025   -0.051162877
   20.125583227   -0.084316526   -0.050124481
   20.153929118   -0.089213696   -0.049069241
   20.182275010   -0.092542476   -0.048002408
   20.210620902   -0.094457806   -0.046929516
   20.238966794   -0.095243472   -0.045855758
   20.267312686   -0.095254385   -0.044785488
   20.295658578   -0.094855202   -0.043721946
   20.324004470   -0.094366981   -0.042667287
   20.352350362   -0.094030093   -0.041622884
   20.380696253   -0.093987004   -0.040589847
   20.409042145   -0.094284139   -0.039569604
   20.437388037   -0.094888788   -0.038564413
   20.465733929   -0.095715334   -0.037577667
   20.494079821   -0.096654999   -0.036613907
   20.522425713   -0.097604364   -0.035678538
   20.550771605   -0.098489355   -0.034777296
   20.579117496   -0.099282831   -0.033915599
   20.607463388   -0.100014819   -0.033097919
   20.635809280   -0.100774954   -0.032327313
   20.664155172   -0.101706929   -0.031605220
   20.692501064   -0.102995098   -0.030931558
   20.720846956   -0.104844124   -0.030305082
   20.749192848   -0.107453579   -0.029723906
   20.777538740   -0.110990694   -0.029186075
   20.805884631   -0.115565416   -0.028690025
   20.834230523   -0.121212168   -0.028234847
   20.862576415   -0.127881972   -0.027820289
   20.890922307   -0.135446767   -0.027446521
   20.919268199   -0.143715214   -0.027113720
   20.947614091   -0.152456716   -0.026821593
   20.975959983   -0.161428373   -0.026568969
   21.004305875   -0.170398912   -0.026353537
   21.032651766   -0.179164502   -0.026171823
   21.060997658   -0.187553615   -0.026019385
   21.089343550   -0.195421242   -0.025891192
   21.117689442   -0.202635807   -0.025782109
   21.146035334   -0.209064331   -0.025687373
   21.174381226   -0.214561893   -0.025602992
   21.202727118   -0.218970211   -0.025526009
   21.231073009   -0.222127332   -0.025454598
   21.259418901   -0.223886976   -0.025388045
   21.287764793   -0.224142824   -0.025326629
   21.316110685   -0.222851134   -0.025271485
   21.344456577   -0.220045054   -0.025224469
   21.372802469   -0.215835946   -0.025188048
   21.401148361   -0.210400530   -0.025165212
   21.429494253   -0.203956566   -0.025159363
   21.457840144   -0.196733138   -0.025174152
   21.486186036   -0.188943245   -0.025213247
   21.514531928   -0.180765841   -0.025280031
   21.542877820   -0.172341786   -0.025377285
   21.571223712   -0.163784060   -0.025506913
   21.599569604   -0.155198242   -0.025669793
   21.627915496   -0.146705915   -0.025865819
   21.656261387   -0.138462366   -0.026094168
   21.684607279   -0.130661215   -0.026353741
   21.712953171   -0.123522093   -0.026643730
   21.741299063   -0.117262431   -0.026964145
   21.769644955   -0.112059353   -0.027316202
   21.797990847   -0.108011242   -0.027702423
   21.826336739   -0.105109692   -0.028126413
   21.854682631   -0.103230801   -0.028592309
   21.883028522   -0.102150420   -0.029104016
   21.911374414   -0.101582148   -0.029664379
   21.939720306   -0.101230943   -0.030274487
   21.968066198   -0.100850848   -0.030933270
   21.996412090   -0.100293593   -0.031637507
   22.024757982   -0.099536325   -0.032382263
   22.053103874   -0.098681162   -0.033161654
   22.081449766   -0.097925538   -0.033969790
   22.109795657   -0.097509088   -0.034801674
   22.138141549   -0.097648278   -0.035653848
   22.166487441   -0.098473048   -0.036524639
   22.194833333   -0.099979490   -0.037413951
   22.223179225   -0.102009259   -0.038322660
   22.251525117   -0.104260716   -0.039251769
   22.279871009   -0.106330063   -0.040201539
   22.308216900   -0.107774481   -0.041170808
   22.336562792   -0.108184802   -0.042156680
   22.364908684   -0.107253513   -0.043154642
   22.393254576   -0.104825041   -0.044159093
   22.421600468   -0.100919047   -0.045164125
   22.449946360   -0.095722900   -0.046164380
   22.478292252   -0.089555468   -0.047155745
   22.506638144   -0.082809675   -0.048135741
   22.534984035   -0.075884954   -0.049103518
   22.563329927   -0.069122188   -0.050059478
   22.591675819   -0.062752864   -0.051004668
   22.620021711   -0.056871185   -0.051940109
   22.648367603   -0.051433507   -0.052866259
   22.676713495   -0.046284376   -0.053782755
   22.705059387   -0.041203613   -0.054688478
   22.733405278   -0.035965073   -0.055581908
   22.761751170   -0.030395516   -0.056461623
   22.790097062   -0.024421908   -0.057326781
   22.818442954   -0.018097437   -0.058177393
   22.846788846   -0.011600374   -0.059014290
   22.875134738   -0.005204997   -0.059838772
   22.903480630    0.000770675   -0.060652022
   22.931826522    0.006030671   -0.061454461
   22.960172413    0.010367449   -0.062245254
   22.988518305    0.013714984   -0.063022139
   23.016864197    0.016176648   -0.063781683
   23.045210089    0.018020449   -0.064519952
   23.073555981    0.019640637   -0.065233443
   23.101901873    0.021491739   -0.065920062
   23.130247765    0.024007266   -0.066579879
   23.158593657    0.027519201   -0.067215433
   23.186939548    0.032194904   -0.067831472
   23.215285440    0.038004934   -0.068434111
   23.243631332    0.044728974   -0.069029597
   23.271977224    0.051998889   -0.069622907
   23.300323116    0.059369791   -0.070216534
   23.328669008    0.066403687   -0.070809699
   23.357014900    0.072747505   -0.071398220
   23.385360791    0.078188697   -0.071975043
   23.413706683    0.082677030   -0.072531344
   23.442052575    0.086309324   -0.073057935
   23.470398467    0.089282756   -0.073546672
   23.498744359    0.091829789   -0.073991544
   23.527090251    0.094151830   -0.074389231
   23.555436143    0.096368418   -0.074739031
   23.583782035    0.098494056   -0.075042210
   23.612127926    0.100447087   -0.075300997
   23.640473818    0.102086180   -0.075517477
   23.668819710    0.103262591   -0.075692676
   23.697165602    0.103872179   -0.075826069
   23.725511494    0.103891619   -0.075915602
   23.753857386    0.103388010   -0.075958221
   23.782203278    0.102499010   -0.075950720
   23.810549169    0.101389437   -0.075890705
   23.838895061    0.100197510   -0.075777394
   23.867240953    0.098987438   -0.075612063
   23.895586845    0.097723786   -0.075398018
   23.923932737    0.096277205   -0.075140118
   23.952278629    0.094462147   -0.074843965
   23.980624521    0.092097717   -0.074514961
   24.008970413    0.089075277   -0.074157464
   24.037316304    0.085413359   -0.073774224
   24.065662196    0.081282600   -0.073366216
   24.094008088    0.076990713   -0.072932870
   24.122353980    0.072927892   -0.072472624
   24.150699872    0.069483988   -0.071983646
   24.179045764    0.066957081   -0.071464526
   24.207391656    0.065476532   -0.070914813
   24.235737548    0.064960947   -0.070335264
   24.264083439    0.065123275   -0.069727802
   24.292429331    0.065523562   -0.069095217
   24.320775223    0.065657610   -0.068440723
   24.349121115    0.065060327   -0.067767481
   24.377467007    0.063398428   -0.067078203
   24.405812899    0.060529564   -0.066374915
   24.434158791    0.056513467   -0.065658877
   24.462504682    0.051573044   -0.064930661
   24.490850574    0.046016445   -0.064190298
   24.519196466    0.040141341   -0.063437444
   24.547542358    0.034147402   -0.062671495
   24.575888250    0.028080785   -0.061891637
   24.604234142    0.021825949   -0.061096817
   24.632580034    0.015147448   -0.060285693
   24.660925926    0.007770871   -0.059456587
   24.689271817   -0.000518630   -0.058607504
   24.717617709   -0.009786902   -0.057736230
   24.745963601   -0.019895236   -0.056840518
   24.774309493   -0.030495008   -0.055918331
   24.802655385   -0.041076056   -0.054968110
   24.831001277   -0.051058475   -0.053989008
   24.859347169   -0.059906271   -0.052981062
   24.887693060   -0.067235568   -0.051945279
   24.916038952   -0.072891281   -0.050883641
   24.944384844   -0.076973978   -0.049799033
   24.972730736   -0.079811000   -0.048695141
   25.001076628   -0.081879536   -0.047576325
   25.029422520   -0.083700787   -0.046447492
   25.057768412   -0.085730720   -0.045313975
   25.086114304   -0.088272732   -0.044181403
   25.114460195   -0.091431112   -0.043055560
   25.142806087   -0.095113309   -0.041942222
   25.171151979   -0.099076708   -0.040846967
   25.199497871   -0.103005126   -0.039774980
   25.227843763   -0.106594034   -0.038730872
   25.256189655   -0.109623162   -0.037718531
   25.284535547   -0.112000225   -0.036741049
   25.312881439   -0.113768393   -0.035800710
   25.341227330   -0.115080278   -0.034899049
   25.369573222   -0.116149675   -0.034036958
   25.397919114   -0.117197042   -0.033214818
   25.426265006   -0.118404548   -0.032432616
   25.454610898   -0.119891981   -0.031690046
   25.482956790   -0.121717369   -0.030986577
   25.511302682   -0.123898237   -0.030321515
   25.539648573   -0.126443308   -0.029694066
   25.567994465   -0.129381871   -0.029103441
   25.596340357   -0.132779570   -0.028549003
   25.624686249   -0.136734349   -0.028030463
   25.653032141   -0.141353113   -0.027548086
   25.681378033   -0.146716105   -0.027102879
   25.709723925   -0.152840159   -0.026696688
   25.738069817   -0.159652652   -0.026332171
   25.766415708   -0.166984876   -0.026012623
   25.794761600   -0.174587867   -0.025741639
   25.823107492   -0.182167050   -0.025522687
   25.851453384   -0.189426528   -0.025358623
   25.879799276   -0.196111096   -0.025251270
   25.908145168   -0.202034905   -0.025201118
   25.936491060   -0.207089868   -0.025207219
   25.964836951   -0.211233126   -0.025267299
   25.993182843   -0.214459225   -0.025378081
   26.021528735   -0.216767243   -0.025535745
   26.049874627   -0.218134472   -0.025736452
   26.078220519   -0.218506012   -0.025976844
   26.106566411   -0.217804475   -0.026254408
   26.134912303   -0.215957369   -0.026567671
   26.163258195   -0.212933797   -0.026916175
   26.191604086   -0.208778607   -0.027300256
   26.219949978   -0.203632171   -0.027720674
   26.248295870   -0.197727767   -0.028178153
   26.276641762   -0.191364847   -0.028672924
   26.304987654   -0.184863618   -0.029204333
   26.333333546   -0.178512158   -0.029770578
   26.361679438   -0.172519939   -0.030368619
   26.390025330   -0.166990328   -0.030994259
   26.418371221   -0.161919601   -0.031642397
   26.446717113   -0.157222613   -0.032307406
   26.475063005   -0.152777694   -0.032983591
   26.503408897   -0.148477718   -0.033665666
   26.531754789   -0.144272374   -0.034349181
   26.560100681   -0.140189105   -0.035030838
   26.588446573   -0.136326342   -0.035708664
   26.616792464   -0.132820877   -0.036381998
   26.645138356   -0.129799133   -0.037051317
   26.673484248   -0.127327321   -0.037717922
   26.701830140   -0.125376501   -0.038383561
   26.730176032   -0.123814803   -0.039050058
   26.758521924   -0.122431563   -0.039719048
   26.786867816   -0.120988790   -0.040391867
   26.815213708   -0.119286931   -0.041069651
   26.843559599   -0.117226749   -0.041753618
   26.871905491   -0.114848856   -0.042445479
   26.900251383   -0.112337505   -0.043147885
   26.928597275   -0.109984225   -0.043864775
   26.956943167   -0.108117704   -0.044601530
   26.985289059   -0.107015903   -0.045364840
   27.013634951   -0.106822159   -0.046162264
   27.041980842   -0.107487256   -0.047001534
   27.070326734   -0.108753848   -0.047889707
   27.098672626   -0.110189553   -0.048832305
   27.127018518   -0.111262950   -0.049832621
   27.155364410   -0.111445781   -0.050891305
   27.183710302   -0.110317757   -0.052006322
   27.212056194   -0.107649266   -0.053173273
   27.240402086   -0.103442467   -0.054386008
   27.268747977   -0.097921361   -0.055637395
   27.297093869   -0.091473905   -0.056920075
   27.325439761   -0.084560960   -0.058227054
   27.353785653   -0.077614765   -0.059552037
   27.382131545   -0.070951729   -0.060889449
   27.410477437   -0.064720209   -0.062234203
   27.438823329   -0.058894556   -0.063581321
   27.467169221   -0.053314696   -0.064925530
   27.495515112   -0.047758846   -0.066260989
   27.523861004   -0.042028712   -0.067581223
   27.552206896   -0.036023739   -0.068879300
   27.580552788   -0.029784268   -0.070148209
   27.608898680   -0.023491966   -0.071381337
   27.637244572   -0.017427261   -0.072572921
   27.665590464   -0.011894862   -0.073718364
   27.693936355   -0.007136826   -0.074814334
   27.722282247   -0.003255968   -0.075858641
   27.750628139   -0.000169915   -0.076849946
   27.778974031    0.002391518   -0.077787418
   27.807319923    0.004843631   -0.078670443
   27.835665815    0.007668002   -0.079498506
   27.864011707    0.011315368   -0.080271292
   27.892357599    0.016112408   -0.080988975
   27.920703490    0.022193457   -0.081652632
   27.949049382    0.029472079   -0.082264625
   27.977395274    0.037658000   -0.082828835
   28.005741166    0.046314453   -0.083350613
   28.034087058    0.054942146   -0.083836429
   28.062432950    0.063070751   -0.084293234
   28.090778842    0.070338161   -0.084727657
   28.119124733    0.076541674   -0.085145200
   28.147470625    0.081652499   -0.085549589
   28.175816517    0.085793709   -0.085942429
   28.204162409    0.089189840   -0.086323215
   28.232508301    0.092101878   -0.086689683
   28.260854193    0.094763378   -0.087038390
   28.289200085    0.097331673   -0.087365370
   28.317545977    0.099863333   -0.087666696
   28.345891868    0.102316587   -0.087938824
   28.374237760    0.104576976   -0.088178638
   28.402583652    0.106497571   -0.088383252
   28.430929544    0.107942627   -0.088549655
   28.459275436    0.108823974   -0.088674349
   28.487621328    0.109122219   -0.088753167
   28.515967220    0.108889253   -0.088781350
   28.544313112    0.108233250   -0.088753951
   28.572659003    0.107291333   -0.088666495
   28.601004895    0.106197412   -0.088515763
   28.629350787    0.105053116   -0.088300519
   28.657696679    0.103908254   -0.088021985
   28.686042571    0.102754488   -0.087683928
   28.714388463    0.101532581   -0.087292317
   28.742734355    0.100150501   -0.086854583
   28.771080246    0.098507563   -0.086378642
   28.799426138    0.096518864   -0.085871862
   28.827772030    0.094134763   -0.085340209
   28.856117922    0.091351717   -0.084787720
   28.884463814    0.088212958   -0.084216403
   28.912809706    0.084799821   -0.083626563
   28.941155598    0.081216452   -0.083017435
   28.969501490    0.077571788   -0.082387968
   28.997847381    0.073962922   -0.081737564
   29.026193273    0.070463270   -0.081066623
   29.054539165    0.067117556   -0.080376777
   29.082885057    0.063943824   -0.079670804
   29.111230949    0.060940946   -0.078952285
   29.139576841    0.058098718   -0.078225116
   29.167922733    0.055407022   -0.077493008
   29.196268624    0.052860737   -0.076759101
   29.224614516    0.050458193   -0.076025754
   29.252960408    0.048192657   -0.075294529
   29.281306300    0.046038326   -0.074566320
   29.309652192    0.043934090   -0.073841552
   29.337998084    0.041769490   -0.073120365
   29.366343976    0.039377436   -0.072402726
   29.394689868    0.036537324   -0.071688443
   29.423035759    0.032990205   -0.070977118
   29.451381651    0.028465088   -0.070268076
   29.479727543    0.022712751   -0.069560359
   29.508073435    0.015541352   -0.068852806
   29.536419327    0.006847086   -0.068144255
   29.564765219   -0.003366430   -0.067433809
   29.593111111   -0.014984442   -0.066721110
   29.621457003   -0.027794466   -0.066006527
   29.649802894   -0.041514718   -0.065291186
   29.678148786   -0.055832307   -0.064576800
   29.706494678   -0.070443765   -0.063865336
   29.734840570   -0.085089966   -0.063158583
   29.763186462   -0.099578691   -0.062457747
   29.791532354   -0.113790882   -0.061763186
   29.819878246   -0.127670267   -0.061074401
   29.848224137   -0.141199800   -0.060390291
   29.876570029   -0.154371212   -0.059709660
   29.904915921   -0.167155376   -0.059031854
   29.933261813   -0.179480676   -0.058357383
   29.961607705   -0.191224424   -0.057688366
   29.989953597   -0.202219001   -0.057028681
   30.018299489   -0.212270752   -0.056383764
   30.046645381   -0.221186631   -0.055760093
   30.074991272   -0.228801881   -0.055164473
   30.103337164   -0.235002085   -0.054603288
   30.131683056   -0.239734677   -0.054081887
   30.160028948   -0.243007924   -0.053604262
   30.188374840   -0.244878724   -0.053173053
   30.216720732   -0.245433441   -0.052789881
   30.245066624   -0.244767588   -0.052455881
   30.273412515   -0.242970232   -0.052172271
   30.301758407   -0.240117382   -0.051940801
   30.330104299   -0.236275950   -0.051763929
   30.358450191   -0.231516788   -0.051644675
   30.386796083   -0.225932696   -0.051586190
   30.415141975   -0.219655840   -0.051591150
   30.443487867   -0.212869092   -0.051661147
   30.471833759   -0.205807341   -0.051796234
   30.500179650   -0.198747452   -0.051994764
   30.528525542   -0.191988416   -0.052253553
   30.556871434   -0.185825754   -0.052568335
   30.585217326   -0.180525537   -0.052934359
   30.613563218   -0.176303359   -0.053346982
   30.641909110   -0.173312105   -0.053802070
   30.670255002   -0.171640001   -0.054296100
   30.698600894   -0.171317761   -0.054825932
   30.726946785   -0.172331456   -0.055388329
   30.755292677   -0.174636589   -0.055979354
   30.783638569   -0.178169003   -0.056593855
   30.811984461   -0.182849671   -0.057225202
   30.840330353   -0.188582593   -0.057865407
   30.868676245   -0.195247367   -0.058505629
   30.897022137   -0.202689860   -0.059137005
   30.925368028   -0.210715186   -0.059751614
   30.953713920   -0.219086754   -0.060343379
   30.982059812   -0.227533585   -0.060908684
   31.010405704   -0.235765833   -0.061446582
   31.038751596   -0.243496128   -0.061958548
   31.067097488   -0.250462623   -0.062447845
   31.095443380   -0.256448937   -0.062918666
   31.123789272   -0.261296784   -0.063375273
   31.152135163   -0.264908687   -0.063821334
   31.180481055   -0.267240615   -0.064259606
   31.208826947   -0.268286693   -0.064692026
   31.237172839   -0.268060074   -0.065120150
   31.265518731   -0.266574855   -0.065545784
   31.293864623   -0.263833558   -0.065971629
   31.322210515   -0.259823194   -0.066401718
   31.350556406   -0.254520778   -0.066841514
   31.378902298   -0.247906729   -0.067297619
   31.407248190   -0.239982733   -0.067777140
   31.435594082   -0.230789547   -0.068286858
   31.463939974   -0.220420275   -0.068832407
   31.492285866   -0.209025741   -0.069417639
   31.520631758   -0.196810438   -0.070044354
   31.548977650   -0.184019615   -0.070712430
   31.577323541   -0.170919967   -0.071420330
   31.605669433   -0.157777633   -0.072165841
   31.634015325   -0.144837532   -0.072946871
   31.662361217   -0.132307529   -0.073762088
   31.690707109   -0.120349628   -0.074611257
   31.719053001   -0.109078788   -0.075495187
   31.747398893   -0.098568300   -0.076415301
   31.775744785   -0.088859501   -0.077372944
   31.804090676   -0.079972901   -0.078368575
   31.832436568   -0.071917930   -0.079401061
   31.860782460   -0.064699116   -0.080467206
   31.889128352   -0.058317563   -0.081561637
   31.917474244   -0.052767756   -0.082677058
   31.945820136   -0.048030787   -0.083804819
   31.974166028   -0.044065823   -0.084935667
   32.002511919   -0.040801988   -0.086060526
   32.030857811   -0.038132743   -0.087171158
   32.059203703   -0.035914435   -0.088260595
   32.087549595   -0.033970006   -0.089323278
   32.115895487   -0.032098046   -0.090354944
   32.144241379   -0.030086559   -0.091352294
   32.172587271   -0.027730084   -0.092312586
   32.200933163   -0.024848210   -0.093233229
   32.229279054   -0.021303179   -0.094111502
   32.257624946   -0.017014196   -0.094944439
   32.285970838   -0.011966302   -0.095728900
   32.314316730   -0.006212257   -0.096461801
   32.342662622    0.000133229   -0.097140444
   32.371008514    0.006906528   -0.097762874
   32.399354406    0.013913835   -0.098328193
   32.427700297    0.020953100   -0.098836772
   32.456046189    0.027836016   -0.099290325
   32.484392081    0.034406792   -0.099691847
   32.512737973    0.040554947   -0.100045416
   32.541083865    0.046220360   -0.100355899
   32.569429757    0.051390197   -0.100628589
   32.597775649    0.056088855   -0.100868835
   32.626121541    0.060363287   -0.101081675
   32.654467432    0.064266894   -0.101271531
   32.682813324    0.067845226   -0.101441981
   32.711159216    0.071126130   -0.101595613
   32.739505108    0.074115817   -0.101733994
   32.767851000    0.076800840   -0.101857718
   32.796196892    0.079154612   -0.101966544
   32.824542784    0.081146121   -0.102059592
   32.852888676    0.082748216   -0.102135562
   32.881234567    0.083943231   -0.102192972
   32.909580459    0.084724730   -0.102230360
   32.937926351    0.085095432   -0.102246453
   32.966272243    0.085062587   -0.102240288
   32.994618135    0.084632818   -0.102211281
   33.022964027    0.083808526   -0.102159246
   33.051309919    0.082587339   -0.102084383
   33.079655810    0.080964909   -0.101987219
   33.108001702    0.078940050   -0.101868528
   33.136347594    0.076520138   -0.101729207
   33.164693486    0.073724267   -0.101570111
   33.193039378    0.070582067   -0.101391857
   33.221385270    0.067127336   -0.101194589
   33.249731162    0.063387378   -0.100977748
   33.278077054    0.059370707   -0.100739861
   33.306422945    0.055057020   -0.100478414
   33.334768837    0.050393587   -0.100189838
   33.363114729    0.045301213   -0.099869645
   33.391460621    0.039690816   -0.099512719
   33.419806513    0.033488848   -0.099113742
   33.448152405    0.026667012   -0.098667705
   33.476498297    0.019269647   -0.098170414
   33.504844188    0.011431553   -0.097618916
   33.533190080    0.003380175   -0.097011763
   33.561535972   -0.004581149   -0.096349061
   33.589881864   -0.012108170   -0.095632288
   33.618227756   -0.018864021   -0.094863936
   33.646573648   -0.024572405   -0.094047043
   33.674919540   -0.029065428   -0.093184725
   33.703265432   -0.032316199   -0.092279823
   33.731611323   -0.034449003   -0.091334752
   33.759957215   -0.035724278   -0.090351590
   33.788303107   -0.036500845   -0.089332394
   33.816648999   -0.037182743   -0.088279676
   33.844994891   -0.038161266   -0.087196913
   33.873340783   -0.039763793   -0.086088973
   33.901686675   -0.042219299   -0.084962313
   33.930032567   -0.045646506   -0.083824893
   33.958378458   -0.050065363   -0.082685773
   33.986724350   -0.055427167   -0.081554453
   34.015070242   -0.061654533   -0.080440074
   34.043416134   -0.068680406   -0.079350621
   34.071762026   -0.076476080   -0.078292297
   34.100107918   -0.085061311   -0.077269175
   34.128453810   -0.094494402   -0.076283219
   34.156799701   -0.104845402   -0.075334629
   34.185145593   -0.116159843   -0.074422458
   34.213491485   -0.128422865   -0.073545336
   34.241837377   -0.141533400   -0.072702159
   34.270183269   -0.155295488   -0.071892569
   34.298529161   -0.169429442   -0.071117142
   34.326875053   -0.183600631   -0.070377249
   34.355220945   -0.197459301   -0.069674620
   34.383566836   -0.210682304   -0.069010751
   34.411912728   -0.223007345   -0.068386277
   34.440258620   -0.234252507   -0.067800486
   34.468604512   -0.244317650   -0.067251074
   34.496950404   -0.253168877   -0.066734217
   34.525296296   -0.260811365   -0.066244924
   34.553642188   -0.267258437   -0.065777595
   34.581988079   -0.272505265   -0.065326637
   34.610333971   -0.276513877   -0.064887009
   34.638679863   -0.279212887   -0.064454548
   34.667025755   -0.280511323   -0.064026042
   34.695371647   -0.280322318   -0.063599016
   34.723717539   -0.278590079   -0.063171343
   34.752063431   -0.275313091   -0.062740787
   34.780409323   -0.270557886   -0.062304626
   34.808755214   -0.264460501   -0.061859489
   34.837101106   -0.257216153   -0.061401476
   34.865446998   -0.249060612   -0.060926555
   34.893792890   -0.240248621   -0.060431179
   34.922138782   -0.231034904   -0.059912980
   34.950484674   -0.221661966   -0.059371379
   34.978830566   -0.212356412   -0.058807984
   35.007176458   -0.203332672   -0.058226658
   35.035522349   -0.194800722   -0.057633259
   35.063868241   -0.186973132   -0.057035077
   35.092214133   -0.180067098   -0.056440110
   35.120560025   -0.174298647   -0.055856322
   35.148905917   -0.169868743   -0.055291028
   35.177251809   -0.166943558   -0.054750527
   35.205597701   -0.165633179   -0.054240013
   35.233943592   -0.165973823   -0.053763756
   35.262289484   -0.167918037   -0.053325433
   35.290635376   -0.171335585   -0.052928505
   35.318981268   -0.176025168   -0.052576507
   35.347327160   -0.181734648   -0.052273139
   35.375673052   -0.188185537   -0.052022158
   35.404018944   -0.195096790   -0.051827065
   35.432364836   -0.202203475   -0.051690703
   35.460710727   -0.209267542   -0.051614880
   35.489056619   -0.216080093   -0.051600115
   35.517402511   -0.222456793   -0.051645610
   35.545748403   -0.228229609   -0.051749450
   35.574094295   -0.233238679   -0.051908988
   35.602440187   -0.237327593   -0.052121322
   35.630786079   -0.240344017   -0.052383732
   35.659131970   -0.242145787   -0.052693971
   35.687477862   -0.242610875   -0.053050330
   35.715823754   -0.241648493   -0.053451466
   35.744169646   -0.239208287   -0.053896048
   35.772515538   -0.235285124   -0.054382330
   35.800861430   -0.229918150   -0.054907767
   35.829207322   -0.223184303   -0.055468807
   35.857553214   -0.215187723   -0.056060904
   35.885899105   -0.206047383   -0.056678795
   35.914244997   -0.195885382   -0.057316948
   35.942590889   -0.184817950   -0.057970097
   35.970936781   -0.172950319   -0.058633734
   35.999282673   -0.160375683   -0.059304436
   36.027628565   -0.147177635   -0.059979962
   36.055974457   -0.133435068   -0.060659116
   36.084320349   -0.119228409   -0.061341424
   36.112666240   -0.104646300   -0.062026728
   36.141012132   -0.089792128   -0.062714807
   36.169358024   -0.074789950   -0.063405135
   36.197703916   -0.059789331   -0.064096814
   36.226049808   -0.044968326   -0.064788704
   36.254395700   -0.030533467   -0.065479679
   36.282741592   -0.016715449   -0.066168930
   36.311087483   -0.003759367   -0.066856205
   36.339433375    0.008090941   -0.067541924
   36.367779267    0.018613753   -0.068227122
   36.396125159    0.027633404   -0.068913244
   36.424471051    0.035043897   -0.069601850
   36.452816943    0.040828013   -0.070294315
   36.481162835    0.045067751   -0.070991604
   36.509508727    0.047943016   -0.071694183
   36.537854618    0.049717326   -0.072402054
   36.566200510    0.050711749   -0.073114900
   36.594546402    0.051270628   -0.073832256
   36.622892294    0.051724459   -0.074553616
   36.651238186    0.052355969   -0.075278452
   36.679584078    0.053374888   -0.076006078
   36.707929970    0.054905132   -0.076735437
   36.736275861    0.056985557   -0.077464858
   36.764621753    0.059582693   -0.078191880
   36.792967645    0.062611595   -0.078913250
   36.821313537    0.065959665   -0.079625113
   36.849659429    0.069508336   -0.080323412
   36.878005321    0.073148745   -0.081004396
   36.906351213    0.076789604   -0.081665130
   36.934697105    0.080357839   -0.082303858
   36.963042996    0.083794444   -0.082920099
   36.991388888    0.087049036   -0.083514429
   37.019734780    0.090076378   -0.084087936
   37.048080672    0.092836893   -0.084641484
   37.076426564    0.095301310   -0.085174915
   37.104772456    0.097457618   -0.085686395
   37.133118348    0.099317204   -0.086172057
   37.161464240    0.100916784   -0.086626056
   37.189810131    0.102313708   -0.087041028
   37.218156023    0.103574166   -0.087408902
   37.246501915    0.104756208   -0.087721880
   37.274847807    0.105891588   -0.087973407
   37.303193699    0.106971539   -0.088158945
   37.331539591    0.107941247   -0.088276399
   37.359885483    0.108705943   -0.088326171
   37.388231374    0.109148553   -0.088310844
   37.416577266    0.109155520   -0.088234628
   37.444923158    0.108644610   -0.088102709
   37.473269050    0.107587194   -0.087920651
   37.501614942    0.106018079   -0.087693964
   37.529960834    0.104028607   -0.087427887
   37.558306726    0.101742868   -0.087127354
   37.586652618    0.099281485   -0.086797072
   37.614998509    0.096721425   -0.086441600
   37.643344401    0.094062358   -0.086065330
   37.671690293    0.091209675   -0.085672311
   37.700036185    0.087981050   -0.085265916
   37.728382077    0.084138164   -0.084848417
   37.756727969    0.079438881   -0.084420563
   37.785073861    0.073699486   -0.083981283
   37.813419752    0.066852966   -0.083527599
   37.841765644    0.058988815   -0.083054811
   37.870111536    0.050362977   -0.082556921
   37.898457428    0.041372616   -0.082027236
   37.926803320    0.032498289   -0.081459035
   37.955149212    0.024223880   -0.080846169
   37.983495104    0.016950461   -0.080183506
   38.011840996    0.010922528   -0.079467152
   38.040186887    0.006183113   -0.078694463
   38.068532779    0.002568323   -0.077863888
   38.096878671   -0.000256794   -0.076974744
   38.125224563   -0.002728518   -0.076026997
   38.153570455   -0.005296189   -0.075021138
   38.181916347   -0.008335091   -0.073958181
   38.210262239   -0.012079934   -0.072839771
   38.238608131   -0.016593432   -0.071668337
   38.266954022   -0.021776009   -0.070447245
   38.295299914   -0.027412648   -0.069180857
   38.323645806   -0.033243842   -0.067874461
   38.351991698   -0.039041742   -0.066534072
   38.380337590   -0.044671526   -0.065166143
   38.408683482   -0.050121953   -0.063777247
   38.437029374   -0.055497202   -0.062373809
   38.465375265   -0.060972335   -0.060961970
   38.493721157   -0.066724467   -0.059547594
   38.522067049   -0.072858474   -0.058136421
   38.550412941   -0.079348003   -0.056734318
   38.578758833   -0.086009083   -0.055347529
   38.607104725   -0.092515555   -0.053982849
   38.635450617   -0.098454833   -0.052647630
   38.663796509   -0.103411965   -0.051349587
   38.692142400   -0.107062190   -0.050096394
   38.720488292   -0.109249385   -0.048895130
   38.748834184   -0.110030640   -0.047751656
   38.777180076   -0.109675137   -0.046670021
   38.805525968   -0.108616545   -0.045652020
   38.833871860   -0.107369491   -0.044696961
   38.862217752   -0.106429439   -0.043801701
   38.890563643   -0.106179280   -0.042960938
   38.918909535   -0.106824085   -0.042167727
   38.947255427   -0.108368290   -0.041414133
   38.975601319   -0.110638936   -0.040691943
   39.003947211   -0.113347247   -0.039993313
   39.032293103   -0.116171696   -0.039311307
   39.060638995   -0.118841064   -0.038640223
   39.088984887   -0.121197059   -0.037975727
   39.117330778   -0.123222219   -0.037314765
   39.145676670   -0.125028605   -0.036655320
   39.174022562   -0.126813213   -0.035996073
   39.202368454   -0.128794574   -0.035336045
   39.230714346   -0.131149262   -0.034674313
   39.259060238   -0.133966034   -0.034009849
   39.287406130   -0.137229480   -0.033341546
   39.315752022   -0.140836166   -0.032668410
   39.344097913   -0.144636758   -0.031989896
   39.372443805   -0.148490306   -0.031306313
   39.400789697   -0.152313658   -0.030619194
   39.429135589   -0.156110742   -0.029931543
   39.457481481   -0.159972600   -0.029247872
   39.485827373   -0.164047758   -0.028573982
   39.514173265   -0.168491242   -0.027916502
   39.542519156   -0.173406848   -0.027282253
   39.570865048   -0.178799284   -0.026677532
   39.599210940   -0.184550073   -0.026107464
   39.627556832   -0.190424416   -0.025575547
   39.655902724   -0.196107487   -0.025083476
   39.684248616   -0.201260460   -0.024631308
   39.712594508   -0.205581215   -0.024217916
   39.740940400   -0.208853683   -0.023841656
   39.769286291   -0.210973383   -0.023501105
   39.797632183   -0.211943811   -0.023195715
   39.825978075   -0.211846838   -0.022926251
   39.854323967   -0.210797644   -0.022694925
   39.882669859   -0.208898903   -0.022505208
   39.911015751   -0.206208620   -0.022361366
   39.939361643   -0.202731460   -0.022267830
   39.967707534   -0.198435853   -0.022228533
   39.996053426   -0.193291034   -0.022246355
   40.024399318   -0.187311744   -0.022322762
   40.052745210   -0.180595681   -0.022457707
   40.081091102   -0.173340605   -0.022649762
   40.109436994   -0.165833892   -0.022896434
   40.137782886   -0.158415453   -0.023194565
   40.166128778   -0.151422942   -0.023540723
   40.194474669   -0.145133649   -0.023931507
   40.222820561   -0.139718728   -0.024363740
   40.251166453   -0.135222068   -0.024834538
   40.279512345   -0.131569104   -0.025341316
   40.307858237   -0.128602238   -0.025881766
   40.336204129   -0.126131875   -0.026453877
   40.364550021   -0.123987741   -0.027056002
   40.392895913   -0.122055356   -0.027686983
   40.421241804   -0.120287430   -0.028346291
   40.449587696   -0.118687975   -0.029034125
   40.477933588   -0.117275744   -0.029751411
   40.506279480   -0.116040491   -0.030499678
   40.534625372   -0.114908281   -0.031280784
   40.562971264   -0.113729763   -0.032096557
   40.591317156   -0.112298336   -0.032948376
   40.619663047   -0.110395629   -0.033836797
   40.648008939   -0.107852339   -0.034761283
   40.676354831   -0.104606259   -0.035720077
   40.704700723   -0.100738237   -0.036710239
   40.733046615   -0.096471604   -0.037727819
   40.761392507   -0.092130143   -0.038768103
   40.789738399   -0.088061433   -0.039825894
   40.818084291   -0.084543133   -0.040895749
   40.846430182   -0.081696233   -0.041972164
   40.874776074   -0.079429464   -0.043049685
   40.903121966   -0.077432482   -0.044122996
   40.931467858   -0.075223602   -0.045186986
   40.959813750   -0.072243843   -0.046236872
   40.988159642   -0.067976494   -0.047268354
   41.016505534   -0.062063882   -0.048277826
   41.044851425   -0.054392671   -0.049262584
   41.073197317   -0.045126188   -0.050220990
   41.101543209   -0.034675142   -0.051152535
   41.129889101   -0.023613565   -0.052057777
   41.158234993   -0.012560512   -0.052938132
   41.186580885   -0.002056698   -0.053795573
   41.214926777    0.007533798   -0.054632281
   41.243272669    0.016073392   -0.055450333
   41.271618560    0.023641949   -0.056251479
   41.299964452    0.030473790   -0.057037060
   41.328310344    0.036859667   -0.057808049
   41.356656236    0.043041425   -0.058565172
   41.385002128    0.049128310   -0.059309054
   41.413348020    0.055057433   -0.060040297
   41.441693912    0.060608533   -0.060759446
   41.470039804    0.065468222   -0.061466824
   41.498385695    0.069325481   -0.062162277
   41.526731587    0.071971831   -0.062844903
   41.555077479    0.073378474   -0.063512857
   41.583423371    0.073729029   -0.064163341
   41.611769263    0.073398434   -0.064792813
   41.640115155    0.072882876   -0.065397427
   41.668461047    0.072698405   -0.065973620
   41.696806938    0.073273780   -0.066518721
   41.725152830    0.074864172   -0.067031434
   41.753498722    0.077506399   -0.067512052
   41.781844614    0.081025272   -0.067962315
   41.810190506    0.085087345   -0.068384916
   41.838536398    0.089286561   -0.068782726
   41.866882290    0.093238988   -0.069157913
   41.895228182    0.096662765   -0.069511142
   41.923574073    0.099424617   -0.069841059
   41.951919965    0.101544106   -0.070144194
   41.980265857    0.103158396   -0.070415321
   42.008611749    0.104460490   -0.070648215
   42.036957641    0.105630031   -0.070836642
   42.065303533    0.106776310   -0.070975361
   42.093649425    0.107908395   -0.071060912
   42.121995316    0.108938615   -0.071092000
   42.150341208    0.109715823   -0.071069409
   42.178687100    0.110076509   -0.070995456
   42.207032992    0.109897284   -0.070873144
   42.235378884    0.109132582   -0.070705232
   42.263724776    0.107826341   -0.070493466
   42.292070668    0.106094417   -0.070238172
   42.320416560    0.104083139   -0.069938334
   42.348762451    0.101916481   -0.069592143
   42.377108343    0.099647627   -0.069197895
   42.405454235    0.097229698   -0.068754999
   42.433800127    0.094515257   -0.068264855
   42.462146019    0.091286421   -0.067731341
   42.490491911    0.087309211   -0.067160768
   42.518837803    0.082399135   -0.066561268
   42.547183695    0.076481780   -0.065941722
   42.575529586    0.069633029   -0.065310445
   42.603875478    0.062088159   -0.064673898
   42.632221370    0.054216265   -0.064035723
   42.660567262    0.046464424   -0.063396299
   42.688913154    0.039282807   -0.062752915
   42.717259046    0.033046096   -0.062100522
   42.745604938    0.027987230   -0.061432901
   42.773950829    0.024156685   -0.060743973
   42.802296721    0.021415043   -0.060028992
   42.830642613    0.019459747   -0.059285360
   42.858988505    0.017880236   -0.058512932
   42.887334397    0.016230421   -0.057713765
   42.915680289    0.014104590   -0.056891434
   42.944026181    0.011202772   -0.056050093
   42.972372073    0.007374052   -0.055193526
   43.000717964    0.002630868   -0.054324423
   43.029063856   -0.002867210   -0.053444016
   43.057409748   -0.008856064   -0.052552148
   43.085755640   -0.015027169   -0.051647695
   43.114101532   -0.021093387   -0.050729211
   43.142447424   -0.026847616   -0.049795592
   43.170793316   -0.032202863   -0.048846567
   43.199139207   -0.037205724   -0.047882900
   43.227485099   -0.042020309   -0.046906252
   43.255830991   -0.046885359   -0.045918773
   43.284176883   -0.052052748   -0.044922553
   43.312522775   -0.057719690   -0.043919121
   43.340868667   -0.063968818   -0.042909153
   43.369214559   -0.070729374   -0.041892486
   43.397560451   -0.077769044   -0.040868475
   43.425906342   -0.084719973   -0.039836592
   43.454252234   -0.091135454   -0.038797118
   43.482598126   -0.096567026   -0.037751723
   43.510944018   -0.100646859   -0.036703781
   43.539289910   -0.103158512   -0.035658280
   43.567635802   -0.104080951   -0.034621346
   43.595981694   -0.103596027   -0.033599453
   43.624327586   -0.102057178   -0.032598515
   43.652673477   -0.099925493   -0.031623072
   43.681019369   -0.097686381   -0.030675766
   43.709365261   -0.095764370   -0.029757261
   43.737711153   -0.094453868   -0.028866605
   43.766057045   -0.093880027   -0.028001974
   43.794402937   -0.093996931   -0.027161595
   43.822748829   -0.094621860   -0.026344633
   43.851094720   -0.095496389   -0.025551805
   43.879440612   -0.096359410   -0.024785575
   43.907786504   -0.097015182   -0.024049871
   43.936132396   -0.097381556   -0.023349400
   43.964478288   -0.097508960   -0.022688718
   43.992824180   -0.097568092   -0.022071307
   44.021170072   -0.097811688   -0.021498858
   44.049515964   -0.098521347   -0.020970959
   44.077861855   -0.099952901   -0.020485249
   44.106207747   -0.102292815   -0.020038001
   44.134553639   -0.105634088   -0.019624976
   44.162899531   -0.109974317   -0.019242349
   44.191245423   -0.115232718   -0.018887480
   44.219591315   -0.121278462   -0.018559355
   44.247937207   -0.127960788   -0.018258605
   44.276283098   -0.135132318   -0.017987124
   44.304628990   -0.142660202   -0.017747407
   44.332974882   -0.150424207   -0.017541759
   44.361320774   -0.158305080   -0.017371601
   44.389666666   -0.166169329   -0.017236995
   44.418012558   -0.173857241   -0.017136496
   44.446358450   -0.181179422   -0.017067315
   44.474704342   -0.187924060   -0.017025727
   44.503050233   -0.193873501   -0.017007584
   44.531396125   -0.198825782   -0.017008806
   44.559742017   -0.202615323   -0.017025754
   44.588087909   -0.205127438   -0.017055420
   44.616433801   -0.206303472   -0.017095473
   44.644779693   -0.206136346   -0.017144214
   44.673125585   -0.204659237   -0.017200532
   44.701471477   -0.201931994   -0.017263927
   44.729817368   -0.198030155   -0.017334638
   44.758163260   -0.193040104   -0.017413840
   44.786509152   -0.187061395   -0.017503826
   44.814855044   -0.180214522   -0.017608097
   44.843200936   -0.172650231   -0.017731239
   44.871546828   -0.164555701   -0.017878566
   44.899892720   -0.156153653   -0.018055548
   44.928238611   -0.147692570   -0.018267114
   44.956584503   -0.139428911   -0.018516988
   44.984930395   -0.131604697   -0.018807212
   45.013276287   -0.124425276   -0.019137989
   45.041622179   -0.118042036   -0.019507896
   45.069968071   -0.112543406   -0.019914446
   45.098313963   -0.107955082   -0.020354856
   45.126659855   -0.104247980   -0.020826849
   45.155005746   -0.101350631   -0.021329272
   45.183351638   -0.099162245   -0.021862389
   45.211697530   -0.097563513   -0.022427746
   45.240043422   -0.096424096   -0.023027659
   45.268389314   -0.095607800   -0.023664439
   45.296735206   -0.094977933   -0.024339572
   45.325081098   -0.094405530   -0.025053057
   45.353426989   -0.093781905   -0.025803089
   45.381772881   -0.093034563   -0.026586174
   45.410118773   -0.092142886   -0.027397645
   45.438464665   -0.091148003   -0.028232451
   45.466810557   -0.090150983   -0.029086008
   45.495156449   -0.089295345   -0.029954888
   45.523502341   -0.088733583   -0.030837172
   45.551848233   -0.088582266   -0.031732361
   45.580194124   -0.088874714   -0.032640885
   45.608540016   -0.089523017   -0.033563346
   45.636885908   -0.090300988   -0.034499678
   45.665231800   -0.090856205   -0.035448486
   45.693577692   -0.090753144   -0.036406713
   45.721923584   -0.089541795   -0.037369739
   45.750269476   -0.086839157   -0.038331898
   45.778615368   -0.082406420   -0.039287258
   45.806961259   -0.076204015   -0.040230504
   45.835307151   -0.068410498   -0.041157663
   45.863653043   -0.059398772   -0.042066546
   45.891998935   -0.049672831   -0.042956781
   45.920344827   -0.039777563   -0.043829474
   45.948690719   -0.030200991   -0.044686619
   45.977036611   -0.021290592   -0.045530404
   46.005382502   -0.013202529   -0.046362634
   46.033728394   -0.005895116   -0.047184382
   46.062074286    0.000832560   -0.047995945
   46.090420178    0.007266659   -0.048797070
   46.118766070    0.013687520   -0.049587330
   46.147111962    0.020283856   -0.050366495
   46.175457854    0.027093167   -0.051134756
   46.203803746    0.033982879   -0.051892686
   46.232149637    0.040676725   -0.052640944
   46.260495529    0.046819844   -0.053379795
   46.288841421    0.052066711   -0.054108589
   46.317187313    0.056170541   -0.054825393
   46.345533205    0.059052584   -0.055526912
   46.373879097    0.060834620   -0.056208797
   46.402224989    0.061826827   -0.056866304
   46.430570880    0.062473673   -0.057495193
   46.458916772    0.063270167   -0.058092650
   46.487262664    0.064667329   -0.058658021
   46.515608556    0.066987711   -0.059193138
   46.543954448    0.070368896   -0.059702119
   46.572300340    0.074746043   -0.060190654
   46.600646232    0.079875411   -0.060664877
   46.628992124    0.085391726   -0.061130061
   46.657338015    0.090885227   -0.061589380
   46.685683907    0.095980815   -0.062043034
   46.714029799    0.100402466   -0.062487885
   46.742375691    0.104010538   -0.062917717
   46.770721583    0.106806510   -0.063324040
   46.799067475    0.108907360   -0.063697294
   46.827413367    0.110498337   -0.064028183
   46.855759259    0.111776941   -0.064308893
   46.884105150    0.112901783   -0.064533949
   46.912451042    0.113957608   -0.064700560
   46.940796934    0.114942987   -0.064808436
   46.969142826    0.115781244   -0.064859142
   46.997488718    0.116349550   -0.064855177
   47.025834610    0.116517052   -0.064798995
   47.054180502    0.116181300   -0.064692203
   47.082526393    0.115293294   -0.064535106
   47.110872285    0.113864904   -0.064326693
   47.139218177    0.111957249   -0.064065058
   47.167564069    0.109653734   -0.063748141
   47.195909961    0.107025606   -0.063374621
   47.224255853    0.104100084   -0.062944758
   47.252601745    0.100840805   -0.062460974
   47.280947637    0.097147553   -0.061928057
   47.309293528    0.092877534   -0.061352905
   47.337639420    0.087884917   -0.060743859
   47.365985312    0.082070249   -0.060109731
   47.394331204    0.075427951   -0.059458717
   47.422677096    0.068079319   -0.058797378
   47.451022988    0.060280694   -0.058129896
   47.479368880    0.052401423   -0.057457720
   47.507714771    0.044872936   -0.056779690
   47.536060663    0.038117250   -0.056092580
   47.564406555    0.032468824   -0.055391975
   47.592752447    0.028106478   -0.054673305
   47.621098339    0.025011181   -0.053932833
   47.649444231    0.022960806   -0.053168436
   47.677790123    0.021565277   -0.052380019
   47.706136015    0.020336609   -0.051569513
   47.734481906    0.018780075   -0.050740478
   47.762827798    0.016487281   -0.049897402
   47.791173690    0.013210722   -0.049044850
   47.819519582    0.008902896   -0.048186648
   47.847865474    0.003710845   -0.047325245
   47.876211366   -0.002072886   -0.046461380
   47.904557258   -0.008091464   -0.045594099
   47.932903150   -0.014017893   -0.044721081
   47.961249041   -0.019639260   -0.043839193
   47.989594933   -0.024910281   -0.042945131
   48.017940825   -0.029962464   -0.042036010
   48.046286717   -0.035065849   -0.041109799
   48.074632609   -0.040551950   -0.040165508
   48.102978501   -0.046716308   -0.039203152
   48.131324393   -0.053724520   -0.038223525
   48.159670284   -0.061545261   -0.037227875
   48.188016176   -0.069927678   -0.036217604
   48.216362068   -0.078430056   -0.035194065
   48.244707960   -0.086494376   -0.034158530
   48.273053852   -0.093550335   -0.033112321
   48.301399744   -0.099125321   -0.032057079
   48.329745636   -0.102935471   -0.030995080
   48.358091528   -0.104937585   -0.029929526
   48.386437419   -0.105331086   -0.028864706
   48.414783311   -0.104511047   -0.027805996
   48.443129203   -0.102984516   -0.026759664
   48.471475095   -0.101270319   -0.025732522
   48.499820987   -0.099805198   -0.024731475
   48.528166879   -0.098876284   -0.023763033
   48.556512771   -0.098592318   -0.022832881
   48.584858662   -0.098896003   -0.021945539
   48.613204554   -0.099609924   -0.021104161
   48.641550446   -0.100501306   -0.020310479
   48.669896338   -0.101347955   -0.019564874
   48.698242230   -0.101989621   -0.018866556
   48.726588122   -0.102354767   -0.018213815
   48.754934014   -0.102460506   -0.017604328
   48.783279906   -0.102390945   -0.017035476
   48.811625797   -0.102264325   -0.016504679
   48.839971689   -0.102200929   -0.016009697
   48.868317581   -0.102301528   -0.015548886
   48.896663473   -0.102641271   -0.015121375
   48.925009365   -0.103277892   -0.014727129
   48.953355257   -0.104268047   -0.014366885
   48.981701149   -0.105682952   -0.014041952
   49.010047041   -0.107614983   -0.013753892
   49.038392932   -0.110170340   -0.013504135
   49.066738824   -0.113447956   -0.013293580
   49.095084716   -0.117509972   -0.013122259
   49.123430608   -0.122352505   -0.012989125
   49.151776500   -0.127886143   -0.012892014
   49.180122392   -0.133933218   -0.012827763
   49.208468284   -0.140244230   -0.012792495
   49.236814175   -0.146530251   -0.012781972
   49.265160067   -0.152503449   -0.012791982
   49.293505959   -0.157915425   -0.012818662
   49.321851851   -0.162583735   -0.012858733
   49.350197743   -0.166400492   -0.012909605
   49.378543635   -0.169322268   -0.012969399
   49.406889527   -0.171346091   -0.013036902
   49.435235419   -0.172480353   -0.013111524
   49.463581310   -0.172720767   -0.013193293
   49.491927202   -0.172039706   -0.013282900
   49.520273094   -0.170392825   -0.013381792
   49.548618986   -0.167741204   -0.013492250
   49.576964878   -0.164082091   -0.013617395
   49.605310770   -0.159478180   -0.013761071
   49.633656662   -0.154075349   -0.013927551
   49.662002553   -0.148101799   -0.014121092
   49.690348445   -0.141846847   -0.014345395
   49.718694337   -0.135623490   -0.014603044
   49.747040229   -0.129723720   -0.014895066
   49.775386121   -0.124377731   -0.015220692
   49.803732013   -0.119727165   -0.015577401
   49.832077905   -0.115818522   -0.015961239
   49.860423797   -0.112617147   -0.016367371
   49.888769688   -0.110036367   -0.016790744
   49.917115580   -0.107972336   -0.017226724
   49.945461472   -0.106333950   -0.017671575
   49.973807364   -0.105059385   -0.018122672
   50.002153256   -0.104115534   -0.018578425
   50.030499148   -0.103482498   -0.019037948
   50.058845040   -0.103130443   -0.019500572
   50.087190932   -0.102998889   -0.019965356
   50.115536823   -0.102987971   -0.020430728
   50.143882715   -0.102967344   -0.020894381
   50.172228607   -0.102802482   -0.021353456
   50.200574499   -0.102391719   -0.021804995
   50.228920391   -0.101702727   -0.022246557
   50.257266283   -0.100795669   -0.022676851
   50.285612175   -0.099822699   -0.023096217
   50.313958066   -0.098999478   -0.023506844
   50.342303958   -0.098552165   -0.023912630
   50.370649850   -0.098651019   -0.024318723
   50.398995742   -0.099346827   -0.024730802
   50.427341634   -0.100527429   -0.025154270
   50.455687526   -0.101907922   -0.025593516
   50.484033418   -0.103060524   -0.026051395
   50.512379310   -0.103480410   -0.026529046
   50.540725201   -0.102674526   -0.027026060
   50.569071093   -0.100254002   -0.027540956
   50.597416985   -0.096009069   -0.028071836
   50.625762877   -0.089948903   -0.028617074
   50.654108769   -0.082296811   -0.029175880
   50.682454661   -0.073441724   -0.029748604
   50.710800553   -0.063857301   -0.030336737
   50.739146444   -0.054007638   -0.030942607
   50.767492336   -0.044261522   -0.031568853
   50.795838228   -0.034834774   -0.032217813
   50.824184120   -0.025773068   -0.032890943
   50.852530012   -0.016977538   -0.033588419
   50.880875904   -0.008265069   -0.034308980
   50.909221796    0.000553047   -0.035050034
   50.937567688    0.009594445   -0.035807982
   50.965913579    0.018850315   -0.036578663
   50.994259471    0.028164948   -0.037357799
   51.022605363    0.037255004   -0.038141335
   51.050951255    0.045763624   -0.038925593
   51.079297147    0.053336282   -0.039707218
   51.107643039    0.059700460   -0.040482952
   51.135988931    0.064730736   -0.041249327
   51.164334823    0.068484669   -0.042002381
   51.192680714    0.071201784   -0.042737520
   51.221026606    0.073266273   -0.043449602
   51.249372498    0.075141745   -0.044133261
   51.277718390    0.077291804   -0.044783444
   51.306064282    0.080102408   -0.045396059
   51.334410174    0.083820657   -0.045968583
   51.362756066    0.088520436   -0.046500491
   51.391101957    0.094099449   -0.046993391
   51.419447849    0.100305900   -0.047450772
   51.447793741    0.106787820   -0.047877406
   51.476139633    0.113154603   -0.048278466
   51.504485525    0.119039232   -0.048658525
   51.532831417    0.124150710   -0.049020620
   51.561177309    0.128309009   -0.049365546
   51.589523201    0.131458513   -0.049691531
   51.617869092    0.133659891   -0.049994337
   51.646214984    0.135063792   -0.050267770
   51.674560876    0.135872323   -0.050504482
   51.702906768    0.136295717   -0.050696898
   51.731252660    0.136511780   -0.050838098
   51.759598552    0.136634815   -0.050922475
   51.787944444    0.136698781   -0.050946068
   51.816290335    0.136656946   -0.050906563
   51.844636227    0.136397348   -0.050802991
   51.872982119    0.135770606   -0.050635265
   51.901328011    0.134624371   -0.050403688
   51.929673903    0.132837457   -0.050108585
   51.958019795    0.130346694   -0.049750137
   51.986365687    0.127160942   -0.049328450
   52.014711579    0.123359304   -0.048843812
   52.043057470    0.119073862   -0.048297028
   52.071403362    0.114460667   -0.047689709
   52.099749254    0.109665388   -0.047024389
   52.128095146    0.104791377   -0.046304407
   52.156441038    0.099877575   -0.045533544
   52.184786930    0.094891633   -0.044715478
   52.213132822    0.089740286   -0.043853188
   52.241478714    0.084295149   -0.042948446
   52.269824605    0.078428583   -0.042001515
   52.298170497    0.072051906   -0.041011154
   52.326516389    0.065147612   -0.039974920
   52.354862281    0.057788461   -0.038889704
   52.383208173    0.050139109   -0.037752387
   52.411554065    0.042439544   -0.036560458
   52.439899957    0.034973332   -0.035312460
   52.468245848    0.028026502   -0.034008183
   52.496591740    0.021844428   -0.032648559
   52.524937632    0.016593998   -0.031235343
   52.553283524    0.012336907   -0.029770639
   52.581629416    0.009017541   -0.028256436
   52.609975308    0.006466321   -0.026694241
   52.638321200    0.004417074   -0.025084902
   52.666667092    0.002535415   -0.023428639
   52.695012983    0.000454382   -0.021725219
   52.723358875   -0.002186560   -0.019974232
   52.751704767   -0.005702738   -0.018175323
   52.780050659   -0.010328996   -0.016328339
   52.808396551   -0.016191037   -0.014433313
   52.836742443   -0.023286433   -0.012490321
   52.865088335   -0.031478174   -0.010499246
   52.893434226   -0.040503055   -0.008459553
   52.921780118   -0.049995917   -0.006370148
   52.950126010   -0.059528693   -0.004229397
   52.978471902   -0.068660665   -0.002035303
   53.006817794   -0.076993673    0.000214158
   53.035163686   -0.084224106    0.002520653
   53.063509578   -0.090182848    0.004885125
   53.091855470   -0.094855548    0.007307535
   53.120201361   -0.098378534    0.009786775
   53.148547253   -0.101010098    0.012320750
   53.176893145   -0.103081661    0.014906597
   53.205239037   -0.104937670    0.017540969
   53.233584929   -0.106875564    0.020220292
   53.261930821   -0.109097406    0.022940954
   53.290276713   -0.111682341    0.025699360
   53.318622605   -0.114584579    0.028491895
   53.346968496   -0.117656005    0.031314826
   53.375314388   -0.120687123    0.034164219
   53.403660280   -0.123456236    0.037035941
   53.432006172   -0.125775299    0.039925780
   53.460352064   -0.127522311    0.042829688
   53.488697956   -0.128653848    0.045744096
   53.517043848   -0.129196551    0.048666230
   53.545389739   -0.129221656    0.051594337
   53.573735631   -0.128810699    0.054527765
   53.602081523   -0.128022294    0.057466846
   53.630427415   -0.126869069    0.060412631
   53.658773307   -0.125310688    0.063366512
   53.687119199   -0.123264316    0.066329841
   53.715465091   -0.120629166    0.069303632
   53.743810983   -0.117318140    0.072288408
   53.772156874   -0.113287931    0.075284228
   53.800502766   -0.108559704    0.078290840
   53.828848658   -0.103225246    0.081307922
   53.857194550   -0.097437466    0.084335288
   53.885540442   -0.091388253    0.087373010
   53.913886334   -0.085279719    0.090421387
   53.942232226   -0.079296160    0.093480789
   53.970578117   -0.073583262    0.096551407
   53.998924009   -0.068238644    0.099633026
   54.027269901   -0.063314368    0.102724888
   54.055615793   -0.058828783    0.105825725
   54.083961685   -0.054782750    0.108933985
   54.112307577   -0.051174654    0.112048189
   54.140653469   -0.048009628    0.115167340
   54.168999361   -0.045300818    0.118291251
   54.197345252   -0.043063379    0.121420673
   54.225691144   -0.041304490    0.124557151
   54.254037036   -0.040013989    0.127702602
   54.282382928   -0.039160152    0.130858686
   54.310728820   -0.038693409    0.134026093
   54.339074712   -0.038558181    0.137203941
   54.367420604   -0.038710180    0.140389404
   54.395766496   -0.039134348    0.143577714
   54.424112387   -0.039857820    0.146762538
   54.452458279   -0.040953109    0.149936677
   54.480804171   -0.042529010    0.153092942
   54.509150063   -0.044709877    0.156225018
   54.537495955   -0.047607083    0.159328140
   54.565841847   -0.051288829    0.162399436
   54.594187739   -0.055755272    0.165437878
   54.622533630   -0.060925062    0.168443888
   54.650879522   -0.066636915    0.171418699
   54.679225414   -0.072666435    0.174363663
   54.707571306   -0.078754955    0.177279662
   54.735917198   -0.084644377    0.180166787
   54.764263090   -0.090110742    0.183024338
   54.792608982   -0.094989638    0.185851137
   54.820954874   -0.099188573    0.188646066
   54.849300765   -0.102684535    0.191408663
   54.877646657   -0.105508331    0.194139633
   54.905992549   -0.107720227    0.196841118
   54.934338441   -0.109383150    0.199516652
   54.962684333   -0.110539966    0.202170802
   54.991030225   -0.111200052    0.204808560
   55.019376117   -0.111337950    0.207434622
   55.047722008   -0.110903944    0.210052689
   55.076067900   -0.109843487    0.212664953
   55.104413792   -0.108120424    0.215271842
   55.132759684   -0.105738026    0.217872081
   55.161105576   -0.102752380    0.220463037
   55.189451468   -0.099274317    0.223041265
   55.217797360   -0.095458566    0.225603158
   55.246143252   -0.091481496    0.228145572
   55.274489143   -0.087511284    0.230666321
   55.302835035   -0.083675951    0.233164498
   55.331180927   -0.080035333    0.235640561
   55.359526819   -0.076562474    0.238096222
   55.387872711   -0.073138372    0.240534178
   55.416218603   -0.069561782    0.242957730
   55.444564495   -0.065573185    0.245370381
   55.472910387   -0.060889699    0.247775459
   55.501256278   -0.055245823    0.250175827
   55.529602170   -0.048433918    0.252573701
   55.557948062   -0.040338270    0.254970605
   55.586293954   -0.030957496    0.257367445
   55.614639846   -0.020411753    0.259764689
   55.642985738   -0.008933411    0.262162620
   55.671331630    0.003157738    0.264561598
   55.699677521    0.015491495    0.266962310
   55.728023413    0.027691522    0.269365930
   55.756369305    0.039420934    0.271774183
   55.784715197    0.050423149    0.274189279
   55.813061089    0.060552634    0.276613740
   55.841406981    0.069791608    0.279050147
   55.869752873    0.078250667    0.281500872
   55.898098765    0.086153428    0.283967841
   55.926444656    0.093807358    0.286452399
   55.954790548    0.101564711    0.288955298
   55.983136440    0.109778686    0.291476825
   56.011482332    0.118760495    0.294017039
   56.039828224    0.128742794    0.296576051
   56.068174116    0.139854093    0.299154299
   56.096520008    0.152107243    0.301752723
   56.124865900    0.165403197    0.304372802
   56.153211791    0.179549186    0.307016430
   56.181557683    0.194288395    0.309685645
   56.209903575    0.209336640    0.312382263
   56.238249467    0.224420503    0.315107493
   56.266595359    0.239311232    0.317861613
   56.294941251    0.253849362    0.320643775
   56.323287143    0.267956603    0.323451997
   56.351633034    0.281633662    0.326283321
   56.379978926    0.294945064    0.329134152
   56.408324818    0.307994328    0.332000686
   56.436670710    0.320894488    0.334879384
   56.465016602    0.333739681    0.337767417
   56.493362494    0.346583167    0.340663015
   56.521708386    0.359425719    0.343565689
   56.550054278    0.372216118    0.346476315
   56.578400169    0.384862982    0.349397057
   56.606746061    0.397254864    0.352331173
   56.635091953    0.409283920    0.355282708
   56.663437845    0.420867971    0.358256105
   56.691783737    0.431966339    0.361255766
   56.720129629    0.442586475    0.364285605
   56.748475521    0.452780590    0.367348614
   56.776821412    0.462633758    0.370446518
   56.805167304    0.472246745    0.373579535
   56.833513196    0.481717746    0.376746311
   56.861859088    0.491127057    0.379944033
   56.890204980    0.500527647    0.383168737
   56.918550872    0.509942845    0.386415769
   56.946896764    0.519370554    0.389680346
   56.975242656    0.528791839    0.392958121
   57.003588547    0.538180972    0.396245666
   57.031934439    0.547514086    0.399540785
   57.060280331    0.556774388    0.402842599
   57.088626223    0.565953241    0.406151399
   57.116972115    0.575047723    0.409468296
   57.145318007    0.584056292    0.412794745
   57.173663899    0.592974532    0.416132050
   57.202009791    0.601792635    0.419480943
   57.230355682    0.610495374    0.422841321
   57.258701574    0.619064303    0.426212192
   57.287047466    0.627480934    0.429591802
   57.315393358    0.635729295    0.432977911
   57.343739250    0.643796441    0.436368119
   57.372085142    0.651670295    0.439760169
   57.400431034    0.659335291    0.443152131
   57.428776925    0.666767325    0.446542451
   57.457122817    0.673930062    0.449929844
   57.485468709    0.680774604    0.453313092
   57.513814601    0.687243658    0.456690808
   57.542160493    0.693280065    0.460061247
   57.570506385    0.698838082    0.463422218
   57.598852277    0.703894724    0.466771146
   57.627198169    0.708458048    0.470105255
   57.655544060    0.712569743    0.473421844
   57.683889952    0.716300711    0.476718588
   57.712235844    0.719740072    0.479993789
   57.740581736    0.722979853    0.483246527
   57.768927628    0.726098857    0.486476683
   57.797273520    0.729149597    0.489684844
   57.825619412    0.732151498    0.492872117
   57.853965303    0.735092013    0.496039921
   57.882311195    0.737935243    0.499189800
   57.910657087    0.740635706    0.502323298
   57.939002979    0.743153564    0.505441923
   57.967348871    0.745467273    0.508547169
   57.995694763    0.747580417    0.511640581
   58.024040655    0.749521114    0.514723811
   58.052386547    0.751334483    0.517798634
   58.080732438    0.753070541    0.520866910
   58.109078330    0.754771127    0.523930487
   58.137424222    0.756459602    0.526991086
   58.165770114    0.758136175    0.530050198
   58.194116006    0.759780038    0.533109048
   58.222461898    0.761357461    0.536168631
   58.250807790    0.762833334    0.539229843
   58.279153682    0.764182689    0.542293669
   58.307499573    0.765398825    0.545361389
   58.335845465    0.766495756    0.548434741
   58.364191357    0.767504408    0.551515985
   58.392537249    0.768463846    0.554607851
   58.420883141    0.769410273    0.557713348
   58.449229033    0.770367108    0.560835481
   58.477574925    0.771339080    0.563976914
   58.505920816    0.772312014    0.567139653
   58.534266708    0.773258243    0.570324814
   58.562612600    0.774145912    0.573532512
   58.590958492    0.774949301    0.576761899
   58.619304384    0.775657056    0.580011319
   58.647650276    0.776275891    0.583278563
   58.675996168    0.776828735    0.586561144
   58.704342060    0.777347996    0.589856547
   58.732687951    0.777866064    0.593162401
   58.761033843    0.778405968    0.596476555
   58.789379735    0.778975017    0.599797057
   58.817725627    0.779563293    0.603122050
   58.846071519    0.780147379    0.606449653
   58.874417411    0.780698092    0.609777843
   58.902763303    0.781189825    0.613104399
   58.931109194    0.781608629    0.616426915
   58.959455086    0.781956599    0.619742900
   58.987800978    0.782251294    0.623049935
   59.016146870    0.782520443    0.626345867
   59.044492762    0.782793613    0.629628983
   59.072838654    0.783093432    0.632898144
   59.101184546    0.783429041    0.636152829
   59.129530438    0.783793748    0.639393080
   59.157876329    0.784167533    0.642619354
   59.186222221    0.784523578    0.645832280
   59.214568113    0.784836774    0.649032370
   59.242914005    0.785091575    0.652219708
   59.271259897    0.785286823    0.655393683
   59.299605789    0.785436081    0.658552782
   59.327951681    0.785563460    0.661694506
   59.356297573    0.785696256    0.664815411
   59.384643464    0.785856699    0.667911292
   59.412989356    0.786055347    0.670977487
   59.441335248    0.786288131    0.674009278
   59.469681140    0.786537921    0.677002332
   59.498027032    0.786780062    0.679953124
   59.526372924    0.786990155    0.682859288
   59.554718816    0.787151656    0.685719835
   59.583064707    0.787260978    0.688535205
   59.611410599    0.787328546    0.691307137
   59.639756491    0.787375530    0.694038372
   59.668102383    0.787427318    0.696732226
   59.696448275    0.787505746    0.699392088
   59.724794167    0.787622518    0.702020911
   59.753140059    0.787775788    0.704620779
   59.781485951    0.787950955    0.707192581
   59.809831842    0.788125366    0.709735859
   59.838177734    0.788275437    0.712248826
   59.866523626    0.788383996    0.714728557
   59.894869518    0.788445560    0.717171302
   59.923215410    0.788467974    0.719572892
   59.951561302    0.788469913    0.721929165
   59.979907194    0.788475081    0.724236363
   60.008253085    0.788504908    0.726491449
   60.036598977    0.788572015    0.728692312
   60.064944869    0.788676460    0.730837847
   60.093290761    0.788805882    0.732927900
   60.121636653    0.788939469    0.734963112
   60.149982545    0.789054498    0.736944689
   60.178328437    0.789133398    0.738874127
   60.206674329    0.789169164    0.740752953
   60.235020220    0.789167455    0.742582508
   60.263366112    0.789144768    0.744363805
   60.291712004    0.789123288    0.746097478
   60.320057896    0.789124011    0.747783827
   60.348403788    0.789160311    0.749422940
   60.376749680    0.789233893    0.751014856
   60.405095572    0.789334397    0.752559754
   60.433441464    0.789442723    0.754058097
   60.461787355    0.789537026    0.755510735
   60.490133247    0.789599513    0.756918913
   60.518479139    0.789621929    0.758284211
   60.546825031    0.789608053    0.759608407
   60.575170923    0.789572453    0.760893305
   60.603516815    0.789535918    0.762140556
   60.631862707    0.789518994    0.763351513
   60.660208598    0.789535657    0.764527144
   60.688554490    0.789589050    0.765668014
   60.716900382    0.789670613    0.766774341
   60.745246274    0.789762835    0.767846099
   60.773592166    0.789844750    0.768883144
   60.801938058    0.789898467    0.769885340
   60.830283950    0.789914696    0.770852645
   60.858629842    0.789895572    0.771785158
   60.886975733    0.789853926    0.772683119
   60.915321625    0.789809244    0.773546870
   60.943667517    0.789781597    0.774376806
   60.972013409    0.789785432    0.775173318
   61.000359301    0.789825145    0.775936771
   61.028705193    0.789893802    0.776667492
   61.057051085    0.789975368    0.777365799
   61.085396976    0.790049750    0.778032032
   61.113742868    0.790099058    0.778666594
   61.142088760    0.790113141    0.779269980
   61.170434652    0.790092687    0.779842788
   61.198780544    0.790048948    0.780385712
   61.227126436    0.790000184    0.780899535
   61.255472328    0.789965965    0.781385119
   61.283818220    0.789961101    0.781843404
   61.312164111    0.789991081    0.782275435
   61.340510003    0.790050441    0.782682386
   61.368855895    0.790124532    0.783065595
   61.397201787    0.790194128    0.783426579
   61.425547679    0.790241424    0.783767012
   61.453893571    0.790255556    0.784088675
   61.482239463    0.790235932    0.784393361
   61.510585355    0.790192358    0.784682756
   61.538931246    0.790141932    0.784958332
   61.567277138    0.790103697    0.785221251
   61.595623030    0.790092721    0.785472332
   61.623968922    0.790115446    0.785712075
   61.652314814    0.790167747    0.785940736
   61.680660706    0.790236276    0.786158454
   61.709006598    0.790302666    0.786365378
   61.737352489    0.790349271    0.786561779
   61.765698381    0.790364642    0.786748112
   61.794044273    0.790347048    0.786925019
   61.822390165    0.790304960    0.787093268
   61.850736057    0.790254361    0.787253661
   61.879081949    0.790213739    0.787406919
   61.907427841    0.790198327    0.787553594
   61.935773733    0.790215397    0.787694027
   61.964119624    0.790262042    0.787828360
   61.992465516    0.790326145    0.787956600
   62.020811408    0.790390199    0.788078718
   62.049157300    0.790436780    0.788194748
   62.077503192    0.790453965    0.788304861
   62.105849084    0.790439007    0.788409396
   62.134194976    0.790399138    0.788508832
   62.162540867    0.790349263    0.788603715
   62.190886759    0.790307287    0.788694567
   62.219232651    0.790288527    0.788781798
   62.247578543    0.790300971    0.788865648
   62.275924435    0.790342833    0.788946179
   62.304270327    0.790403168    0.789023320
   62.332616219    0.790465329    0.789096946
   62.360962111    0.790512174    0.789166967
   62.389308002    0.790531405    0.789233409
   62.417653894    0.790519364    0.789296447
   62.445999786    0.790482122    0.789356399
   62.474345678    0.790433537    0.789413669
   62.502691570    0.790390901    0.789468666
   62.531037462    0.790369540    0.789521715
   62.559383354    0.790378062    0.789573001
   62.587729246    0.790415716    0.789622547
   62.616075137    0.790472681    0.789670244
   62.644421029    0.790533169    0.789715920
   62.672766921    0.790580377    0.789759418
   62.701112813    0.790601715    0.789800680
   62.729458705    0.790592704    0.789839786
   62.757804597    0.790558319    0.789876956
   62.786150489    0.790511393    0.789912505
   62.814496380    0.790468578    0.789946773
   62.842842272    0.790445143    0.789980039
   62.871188164    0.790450234    0.790012458
   62.899534056    0.790484061    0.790044039
   62.927879948    0.790537884    0.790074660
   62.956225840    0.790596784    0.790104126
   62.984571732    0.790644339    0.790132247
   63.012917624    0.790667743    0.790158915
   63.041263515    0.790661768    0.790184149
   63.069609407    0.790630352    0.790208106
   63.097955299    0.790585318    0.790231045
   63.126301191    0.790542655    0.790253259
   63.154647083    0.790517521    0.790274999
   63.182992975    0.790519526    0.790296411
   63.211338867    0.790549781    0.790317499
   63.239684758    0.790600596    0.790338144
   63.268030650    0.790657922    0.790358143
   63.296376542    0.790705759    0.790377292
   63.324722434    0.790731143    0.790395453
   63.353068326    0.790728164    0.790412604
   63.381414218    0.790699765    0.790428860
   63.409760110    0.790656778    0.790444438
   63.438106002    0.790614509    0.790459603
   63.466451893    0.790587954    0.790474588
   63.494797785    0.790587135    0.790489534
   63.523143677    0.790614009    0.790504454
   63.551489569    0.790661906    0.790519233
   63.579835461    0.790717647    0.790533674
   63.608181353    0.790765686    0.790547565
   63.636527245    0.790792952    0.790560749
   63.664873137    0.790792904    0.790573179
   63.693219028    0.790767532    0.790584937
   63.721564920    0.790726689    0.790596210
   63.749910812    0.790684987    0.790607239
   63.778256704    0.790657223    0.790618249
   63.806602596    0.790653781    0.790629380
   63.834948488    0.790677421    0.790640652
   63.863294380    0.790722463    0.790651963
   63.891640271    0.790776601    0.790663124
   63.919986163    0.790824759    0.790673921
   63.948332055    0.790853800    0.790684188
   63.976677947    0.790856599    0.790693857
   64.005023839    0.790834228    0.790702984
   64.033369731    0.790795579    0.790711734
   64.061715623    0.790754563    0.790720330
   64.090061515    0.790725753    0.790728989
   64.118407406    0.790719851    0.790737852
   64.146753298    0.790740382    0.790746952
   64.175099190    0.790782631    0.790756197
   64.203445082    0.790835149    0.790765410
   64.231790974    0.790883350    0.790774379
   64.260136866    0.790914062    0.790782932
   64.288482758    0.790919612    0.790790986
   64.316828649    0.790900192    0.790798578
   64.345174541    0.790863755    0.790805851
   64.373520433    0.790823509    0.790813014
   64.401866325    0.790793784    0.790820277
   64.430212217    0.790785570    0.790827786
   64.458558109    0.790803116    0.790835582
   64.486904001    0.790842638    0.790843588
   64.515249893    0.790893535    0.790851637
   64.543595784    0.790941715    0.790859525
   64.571941676    0.790973993    0.790867073
   64.600287568    0.790982189    0.790874188
   64.628633460    0.790965647    0.790880889
   64.656979352    0.790931410    0.790887303
   64.685325244    0.790891992    0.790893624
   64.713671136    0.790861465    0.790900056
   64.742017028    0.790851077    0.790906750
   64.770362919    0.790865762    0.790913756
   64.798708811    0.790902634    0.790921011
   64.827054703    0.790951917    0.790928361
   64.855400595    0.791000012    0.790935605
   64.883746487    0.791033746    0.790942566
   64.912092379    0.791044465    0.790949138
   64.940438271    0.791030708    0.790955328
   64.968784162    0.790998636    0.790961244
   64.997130054    0.790960086    0.790967071
   65.025475946    0.790928862    0.790973008
   65.053821838    0.790916439    0.790979206
   65.082167730    0.790928398    0.790985726
   65.110513622    0.790962708    0.790992519
   65.138859514    0.791010394    0.790999441
   65.167205406    0.791058345    0.791006301
   65.195551297    0.791093419    0.791012919
   65.223897189    0.791106524    0.791019183
   65.252243081    0.791095440    0.791025084
   65.280588973    0.791065486    0.791030719
   65.308934865    0.791027835    0.791036260
   65.337280757    0.790996020    0.791041899
   65.365626649    0.790981711    0.791047791
   65.393972540    0.790991088    0.791054007
   65.422318432    0.791022935    0.791060510
   65.450664324    0.791069043    0.791067167
   65.479010216    0.791116787    0.791073796
   65.507356108    0.791153071    0.791080216
   65.535702000    0.791168411    0.791086310
   65.564047892    0.791159877    0.791092055
   65.592393784    0.791131984    0.791097536
   65.620739675    0.791095264    0.791102912
   65.649085567    0.791062969    0.791108372
   65.677431459    0.791046931    0.791114074
   65.705777351    0.791053881    0.791120094
   65.734123243    0.791083367    0.791126408
   65.762469135    0.791127915    0.791132897
   65.790815027    0.791175375    0.791139384
   65.819160919    0.791212727    0.791145691
   65.847506810    0.791230139    0.791151695
   65.875852702    0.791224021    0.791157362
   65.904198594    0.791198131    0.791162763
   65.932544486    0.791162380    0.791168048
   65.960890378    0.791129727    0.791173400
   65.989236270    0.791112129    0.791178978
   66.017582162    0.791116814    0.791184867
   66.045928053    0.791144040    0.791191054
   66.074273945    0.791187035    0.791197432
   66.102619837    0.791234125    0.791203831
   66.130965729    0.791272391    0.791210075
   66.159311621    0.791291701    0.791216035
   66.187657513    0.791287866    0.791221669
   66.216003405    0.791263930    0.791227035
   66.244349297    0.791229198    0.791232273
   66.272695188    0.791196324    0.791237559
   66.301041080    0.791177343    0.791243055
   66.329386972    0.791179924    0.791248853
   66.357732864    0.791204984    0.791254950
   66.386078756    0.791246422    0.791261250
   66.414424648    0.791293040    0.791267592
   66.442770540    0.791332053    0.791273802
   66.471116431    0.791353087    0.791279746
   66.499462323    0.791351408    0.791285373
   66.527808215    0.791329386    0.791290730
   66.556154107    0.791295739    0.791295946
   66.584499999    0.791262789    0.791301193
   66.612845891    0.791242605    0.791306632
   66.641191783    0.791243238    0.791312363
   66.669537675    0.791266212    0.791318393
   66.697883566    0.791306071    0.791324637
   66.726229458    0.791352101    0.791330940
   66.754575350    0.791391691    0.791337132
   66.782921242    0.791414276    0.791343075
   66.811267134    0.791414637    0.791348710
   66.839613026    0.791394511    0.791354073
   66.867958918    0.791362028    0.791359282
   66.896304810    0.791329156    0.791364506
   66.924650701    0.791307948    0.791369905
   66.952996593    0.791306776    0.791375584
   66.981342485    0.791327726    0.791381561
   67.009688377    0.791365968    0.791387759
   67.038034269    0.791411284    0.791394035
   67.066380161    0.791451277    0.791400218
   67.094726053    0.791475254    0.791406169
   67.123071944    0.791477559    0.791411820
   67.151417836    0.791459325    0.791417196
   67.179763728    0.791428099    0.791422410
   67.208109620    0.791395463    0.791427620
   67.236455512    0.791373399    0.791432988
   67.264801404    0.791370546    0.791438626
   67.293147296    0.791389515    0.791444558
   67.321493188    0.791426085    0.791450720
   67.349839079    0.791470555    0.791456973
   67.378184971    0.791510788    0.791463152
   67.406530863    0.791536013    0.791469115
   67.434876755    0.791540186    0.791474786
   67.463222647    0.791523861    0.791480182
   67.491568539    0.791493994    0.791485404
   67.519914431    0.791461744    0.791490608
   67.548260322    0.791438976    0.791495953
   67.576606214    0.791434546    0.791501556
   67.604952106    0.791451553    0.791507450
   67.633297998    0.791486385    0.791513579
   67.661643890    0.791529880    0.791519813
   67.689989782    0.791570202    0.791525990
   67.718335674    0.791596554    0.791531966
   67.746681566    0.791602543    0.791537659
   67.775027457    0.791588158    0.791543077
   67.803373349    0.791559752    0.791548312
   67.831719241    0.791528029    0.791553514
   67.860065133    0.791504686    0.791558841
   67.888411025    0.791498758    0.791564414
   67.916756917    0.791513805    0.791570273
   67.945102809    0.791546827    0.791576373
   67.973448701    0.791589225    0.791582589
   68.001794592    0.791629507    0.791588765
   68.030140484    0.791656892    0.791594754
   68.058486376    0.791664666    0.791600470
   68.086832268    0.791652263    0.791605911
   68.115178160    0.791625415    0.791611161
   68.143524052    0.791594339    0.791616364
   68.171869944    0.791570525    0.791621678
   68.200215835    0.791563151    0.791627224
   68.228561727    0.791576228    0.791633052
   68.256907619    0.791607369    0.791639123
   68.285253511    0.791648566    0.791645323
   68.313599403    0.791688707    0.791651497
   68.341945295    0.791717055    0.791657499
   68.370291187    0.791726600    0.791663237
   68.398637079    0.791716221    0.791668702
   68.426982970    0.791691015    0.791673969
   68.455328862    0.791660680    0.791679176
   68.483674754    0.791636470    0.791684478
   68.512020646    0.791627684    0.791690000
   68.540366538    0.791638773    0.791695799
   68.568712430    0.791667974    0.791701843
   68.597058322    0.791707890    0.791708026
   68.625404213    0.791747814    0.791714197
   68.653750105    0.791777082    0.791720211
   68.682095997    0.791788395    0.791725971
   68.710441889    0.791780077    0.791731460
   68.738787781    0.791756575    0.791736746
   68.767133673    0.791727047    0.791741959
   68.795479565    0.791702490    0.791747252
   68.823825457    0.791692310    0.791752753
   68.852171348    0.791701394    0.791758524
   68.880517240    0.791728614    0.791764541
   68.908863132    0.791767197    0.791770706
   68.937209024    0.791806858    0.791776873
   68.965554916    0.791837020    0.791782898
   68.993900808    0.791850100    0.791788679
   69.022246700    0.791843865    0.791794192
   69.050592592    0.791822102    0.791799498
   69.078938483    0.791793417    0.791804719
   69.107284375    0.791768541    0.791810006
   69.135630267    0.791756977    0.791815487
   69.163976159    0.791764052    0.791821231
   69.192322051    0.791789273    0.791827222
   69.220667943    0.791826501    0.791833368
   69.249013835    0.791865880    0.791839530
   69.277359726    0.791896920    0.791845564
   69.305705618    0.791911761    0.791851366
   69.334051510    0.791907609    0.791856904
   69.362397402    0.791887589    0.791862229
   69.390743294    0.791859757    0.791867460
   69.419089186    0.791834572    0.791872743
   69.447435078    0.791821637    0.791878206
   69.475780970    0.791826718    0.791883923
   69.504126861    0.791849953    0.791889887
   69.532472753    0.791885833    0.791896015
   69.560818645    0.791924928    0.791902171
   69.589164537    0.791956835    0.791908213
   69.617510429    0.791973414    0.791914034
   69.645856321    0.791971317    0.791919597
   69.674202213    0.791953016    0.791924944
   69.702548104    0.791926021    0.791930186
   69.730893996    0.791900531    0.791935465
   69.759239888    0.791886251    0.791940912
   69.787585780    0.791889375    0.791946603
   69.815931672    0.791910667    0.791952540
   69.844277564    0.791945232    0.791958647
   69.872623456    0.791984055    0.791964796
   69.900969348    0.792016810    0.791970845
   69.929315239    0.792035082    0.791976686
   69.957661131    0.792034981    0.791982273
   69.986007023    0.792018345    0.791987643
   70.014352915    0.791992159    0.791992897
   70.042698807    0.791966371    0.791998174
   70.071044699    0.791950788    0.792003605
   70.099390591    0.791952026    0.792009271
   70.127736483    0.791971447    0.792015181
   70.156082374    0.792004750    0.792021267
   70.184428266    0.792043310    0.792027408
   70.212774158    0.792076878    0.792033463
   70.241120050    0.792096770    0.792039323
   70.269465942    0.792098577    0.792044935
   70.297811834    0.792083531    0.792050327
   70.326157726    0.792058120    0.792055594
   70.354503617    0.792032053    0.792060871
   70.382849509    0.792015238    0.792066286
   70.411195401    0.792014688    0.792071927
   70.439541293    0.792032336    0.792077810
   70.467887185    0.792064437    0.792083875
   70.496233077    0.792102738    0.792090006
   70.524578969    0.792137058    0.792096068
   70.552924861    0.792158467    0.792101946
   70.581270752    0.792162067    0.792107583
   70.609616644    0.792148524    0.792112998
   70.637962536    0.792123857    0.792118280
   70.666308428    0.792097553    0.792123555
   70.694654320    0.792079606    0.792128956
   70.723000212    0.792077396    0.792134572
   70.751346104    0.792093383    0.792140427
   70.779691995    0.792124341    0.792146470
   70.808037887    0.792162367    0.792152592
   70.836383779    0.792197353    0.792158660
   70.864729671    0.792220145    0.792164556
   70.893075563    0.792225403    0.792170218
   70.921421455    0.792213273    0.792175657
   70.949767347    0.792189336    0.792180953
   70.978113239    0.792162862    0.792186228
   71.006459130    0.792143914    0.792191614
   71.034805022    0.792140194    0.792197205
   71.063150914    0.792154640    0.792203032
   71.091496806    0.792184503    0.792209054
   71.119842698    0.792222212    0.792215166
   71.148188590    0.792257744    0.792221239
   71.176534482    0.792281762    0.792227154
   71.204880374    0.792288535    0.792232842
   71.233226265    0.792277735    0.792238305
   71.261572157    0.792254538    0.792243614
   71.289918049    0.792227994    0.792248889
   71.318263941    0.792208201    0.792254260
   71.346609833    0.792203135    0.792259826
   71.374955725    0.792216153    0.792265626
   71.403301617    0.792244947    0.792271625
   71.431647508    0.792282268    0.792277729
   71.459993400    0.792318198    0.792283808
   71.488339292    0.792343266    0.792289742
   71.516685184    0.792351411    0.792295455
   71.545031076    0.792341880    0.792300942
   71.573376968    0.792319461    0.792306265
   71.601722860    0.792292978    0.792311540
   71.630068752    0.792272518    0.792316894
   71.658414643    0.792266271    0.792322434
   71.686760535    0.792277960    0.792328206
   71.715106427    0.792305682    0.792334184
   71.743452319    0.792342508    0.792340279
   71.771798211    0.792378666    0.792346365
   71.800144103    0.792404604    0.792352320
   71.828489995    0.792413991    0.792358061
   71.856835886    0.792405694    0.792363571
   71.885181778    0.792384127    0.792368908
   71.913527670    0.792357861    0.792374179
   71.941873562    0.792336922    0.792379515
   71.970219454    0.792329649    0.792385027
   71.998565346    0.792340080    0.792390768
   72.026911238    0.792366692    0.792396725
   72.055257130    0.792402891    0.792402815
   72.083603021    0.792439090    0.792408913
   72.111948913    0.792465723    0.792414894
   72.140294805    0.792476246    0.792420666
   72.168640697    0.792469183    0.792426203
   72.196986589    0.792448575    0.792431549
   72.225332481    0.792422700    0.792436810
   72.253678373    0.792401468    0.792442117
   72.282024265    0.792393305    0.792447588
   72.310370156    0.792402515    0.792453292
   72.338716048    0.792427945    0.792459229
   72.367061940    0.792463359    0.792465325
   72.395407832    0.792499410    0.792471460
   72.423753724    0.792526582    0.792477497
   72.452099616    0.792538170    0.792483327
   72.480445508    0.792532377    0.792488899
   72.508791399    0.792512859    0.792494234
   72.537137291    0.792487560    0.792499425
   72.565483183    0.792466207    0.792504606
   72.593829075    0.792457255    0.792509927
   72.622174967    0.792465243    0.792515517
   72.650520859    0.792489387    0.792521466
   72.678866751    0.792523846    0.792527818
   72.707212643    0.792559570    0.792534587
   72.735558534    0.792587153    0.792541780
   72.763904426    0.792599773    0.792549424
   72.792250318    0.792595323    0.792557587
   72.820596210    0.792577048    0.792566380
   72.848942102    0.792552503    0.792575948
   72.877287994    0.792531174    0.792586438
   72.905633886    0.792521496    0.792597967
   72.933979777    0.792528222    0.792610596
   72.962325669    0.792550952    0.792624313
   72.990671561    0.792584283    0.792639041
   73.019017453    0.792619525    0.792654661
   73.047363345    0.792647430    0.792671048
   73.075709237    0.792661092    0.792688111
   73.104055129    0.792658088    0.792705816
   73.132401021    0.792641214    0.792724202
   73.160746912    0.792617584    0.792743363
   73.189092804    0.792596387    0.792763422
   73.217438696    0.792586002    0.792784490
   73.245784588    0.792591390    0.792806635
   73.274130480    0.792612563    0.792829859
   73.302476372    0.792644607    0.792854097
   73.330822264    0.792679244    0.792879239
   73.359168156    0.792707430    0.792905164
   73.387514047    0.792722183    0.792931776
   73.415859939    0.792720748    0.792959036
   73.444205831    0.792705429    0.792986974
   73.472551723    0.792682845    0.793015676
   73.500897615    0.792661842    0.793045264
   73.529243507    0.792650724    0.793075851
   73.557589399    0.792654671    0.793107509
   73.585935290    0.792674143    0.793140246
   73.614281182    0.792704766    0.793174004
   73.642627074    0.792738720    0.793208677
   73.670972966    0.792767191    0.793244144
   73.699318858    0.792783120    0.793280306
   73.727664750    0.792783387    0.793317118
   73.756010642    0.792769758    0.793354604
   73.784356534    0.792748309    0.793392846
   73.812702425    0.792727513    0.793431963
   73.841048317    0.792715595    0.793472069
   73.869394209    0.792717978    0.793513241
   73.897740101    0.792735617    0.793555493
   73.926085993    0.792764722    0.793598772
   73.954431885    0.792797965    0.793642976
   73.982777777    0.792826772    0.793687983
   74.011123668    0.792843988    0.793733692
   74.039469560    0.792846086    0.793780055
   74.067815452    0.792834250    0.793827089
   74.096161344    0.792813976    0.793874872
   74.124507236    0.792793350    0.793923520
   74.152853128    0.792780533    0.793973148
   74.181199020    0.792781226    0.794023836
   74.209544912    0.792796921    0.794075603
   74.237890803    0.792824457    0.794128402
   74.266236695    0.792857014    0.794182134
   74.294582587    0.792886249    0.794236679
   74.322928479    0.792904876    0.794291935
   74.351274371    0.792908922    0.794347848
   74.379620263    0.792898942    0.794404430
   74.407966155    0.792879830    0.794461755
   74.436312047    0.792859291    0.794519936
   74.464657938    0.792845448    0.794579088
   74.493003830    0.792844328    0.794639292
   74.521349722    0.792858004    0.794700575
   74.549695614    0.792883969    0.794762892
   74.578041506    0.792915916    0.794826150
   74.606387398    0.792945705    0.794890232
   74.634733290    0.792965877    0.794955032
   74.663079181    0.792971963    0.795020495
   74.691425073    0.792963856    0.795086627
   74.719770965    0.792945842    0.795153497
   74.748116857    0.792925264    0.795221213
   74.776462749    0.792910250    0.795289889
   74.804808641    0.792907203    0.795359611
   74.833154533    0.792918821    0.795430408
   74.861500425    0.792943263    0.795502242
   74.889846316    0.792974723    0.795575025
   74.918192208    0.793005223    0.795648640
   74.946538100    0.793027078    0.795722985
   74.974883992    0.793035275    0.795797999
   75.003229884    0.793029019    0.795873682
   75.031575776    0.793011989    0.795950098
   75.059921668    0.792991202    0.796027351
   75.088267559    0.792974850    0.796105553
   75.116613451    0.792969766    0.796184793
   75.144959343    0.792979310    0.796265102
   75.173305235    0.793002322    0.796346451
   75.201651127    0.793033467    0.796428755
   75.229997019    0.793064877    0.796511904
   75.258342911    0.793088578    0.796595793
   75.286688803    0.793098955    0.796680358
   75.315034694    0.793094499    0.796765595
   75.343380586    0.793078293    0.796851559
   75.371726478    0.793057072    0.796938351
   75.400072370    0.793039157    0.797026080
   75.428418262    0.793031886    0.797114836
   75.456764154    0.793039333    0.797204656
   75.485110046    0.793061036    0.797295517
   75.513455938    0.793092106    0.797387341
   75.541801829    0.793124722    0.797480022
   75.570147721    0.793150532    0.797573456
   75.598493613    0.793163234    0.797667575
   75.626839505    0.793160548    0.797762368
   75.655185397    0.793144944    0.797857883
   75.683531289    0.793122922    0.797954215
   75.711877181    0.793103024    0.798051470
   75.740223072    0.793093217    0.798149740
   75.768568964    0.793098414    0.798249068
   75.796914856    0.793118930    0.798349438
   75.825260748    0.793150341    0.798450780
   75.853606640    0.793184795    0.798552993
   75.881952532    0.793213401    0.798655973
   75.910298424    0.793228959    0.798759650
   75.938644316    0.793228196    0.798864003
   75.966990207    0.793212827    0.798969073
   75.995336099    0.793189099    0.799074946
   76.023681991    0.793165940    0.799181726
   76.052027883    0.793152282    0.799289505
   76.080373775    0.793154336    0.799398335
   76.108719667    0.793173661    0.799508209
   76.137065559    0.793206602    0.799619067
   76.165411450    0.793245275    0.799730813
   76.193757342    0.793279815    0.799843345
   76.222103234    0.793301227    0.799956586
   76.250449126    0.793304014    0.800070508
   76.278795018    0.793287839    0.800185138
   76.307140910    0.793257765    0.800300552
   76.335486802    0.793223064    0.800416850
   76.363832694    0.793194984    0.800534129
   76.392178585    0.793184179    0.800652447
   76.420524477    0.793198534    0.800771814
   76.448870369    0.793241995    0.800892183
   76.477216261    0.793314633    0.801013468
   76.505562153    0.793413795    0.801135568
   76.533908045    0.793535848    0.801258397
   76.562253937    0.793677871    0.801381910
   76.590599829    0.793838684    0.801506114
   76.618945720    0.794018907    0.801631067
   76.647291612    0.794220045    0.801756862
   76.675637504    0.794442994    0.801883596
   76.703983396    0.794686550    0.802011351
   76.732329288    0.794946528    0.802140166
   76.760675180    0.795215889    0.802270030
   76.789021072    0.795485942    0.802400888
   76.817366963    0.795748304    0.802532652
   76.845712855    0.795997024    0.802665221
   76.874058747    0.796230178    0.802798496
   76.902404639    0.796450399    0.802932393
   76.930750531    0.796664093    0.803066841
   76.959096423    0.796879545    0.803201776
   76.987442315    0.797104427    0.803337125
   77.015788207    0.797343482    0.803472802
   77.044134098    0.797597080    0.803608701
   77.072479990    0.797861104    0.803744701
   77.100825882    0.798128224    0.803880684
   77.129171774    0.798390157    0.804016556
   77.157517666    0.798640247    0.804152260
   77.185863558    0.798875530    0.804287793
   77.214209450    0.799097665    0.804423200
   77.242555341    0.799312421    0.804558563
   77.270901233    0.799527876    0.804693976
   77.299247125    0.799751890    0.804829515
   77.327593017    0.799989642    0.804965222
   77.355938909    0.800242003    0.805101085
   77.384284801    0.800505262    0.805237048
   77.412630693    0.800772288    0.805373025
   77.440976585    0.801034764    0.805508924
   77.469322476    0.801285808    0.805644680
   77.497668368    0.801522128    0.805780267
   77.526014260    0.801745064    0.805915714
   77.554360152    0.801960159    0.806051089
   77.582706044    0.802175418    0.806186484
   77.611051936    0.802398785    0.806321984
   77.639397828    0.802635649    0.806457643
   77.667743720    0.802887144    0.806593465
   77.696089611    0.803149806    0.806729405
   77.724435503    0.803416663    0.806865384
   77.752781395    0.803679438    0.807001307
   77.781127287    0.803931155    0.807137099
   77.809473179    0.804168330    0.807272723
   77.837819071    0.804392058    0.807408195
   77.866164963    0.804607659    0.807543577
   77.894510854    0.804822993    0.807678959
   77.922856746    0.805045976    0.807814430
   77.951202638    0.805282099    0.807950053
   77.979548530    0.805532703    0.808085844
   78.007894422    0.805794576    0.808221768
   78.036240314    0.806060981    0.808357748
   78.064586206    0.806323784    0.808493689
   78.092932098    0.806576017    0.808629510
   78.121277989    0.806814060    0.808765163
   78.149623881    0.807038763    0.808900656
   78.177969773    0.807255156    0.809036043
   78.206315665    0.807470848    0.809171413
   78.234661557    0.807693630    0.809306859
   78.263007449    0.807929026    0.809442452
   78.291353341    0.808178578    0.809578217
   78.319699232    0.808439387    0.809714127
   78.348045124    0.808705044    0.809850109
   78.376391016    0.808967664    0.809986066
   78.404736908    0.809220363    0.810121911
   78.433082800    0.809459404    0.810257590
   78.461428692    0.809685345    0.810393100
   78.489774584    0.809902833    0.810528490
   78.518120476    0.810119124    0.810663849
   78.546466367    0.810341793    0.810799272
   78.574812259    0.810576368    0.810934839
   78.603158151    0.810824625    0.811070581
   78.631504043    0.811084057    0.811206479
   78.659849935    0.811348696    0.811342463
   78.688195827    0.811611003    0.811478435
   78.716541719    0.811864222    0.811614303
   78.744887611    0.812104483    0.811750003
   78.773233502    0.812331978    0.811885528
   78.801579394    0.812550861    0.812020920
   78.829925286    0.812767926    0.812156267
   78.858271178    0.812990472    0.812291670
   78.886617070    0.813224032    0.812427212
   78.914962962    0.813470675    0.812562935
   78.943308854    0.813728402    0.812698822
   78.971654745    0.813991800    0.812834808
   79.000000637    0.814253751    0.812970795
   79.028346529    0.814507652    0.813106682
   79.056692421    0.814749448    0.813242403
   79.085038313    0.814978855    0.813377940
   79.113384205    0.815199413    0.813513333
   79.141730097    0.815417355    0.813648669
   79.170075989    0.815639660    0.813784052
   79.198421880    0.815871899    0.813919571
   79.226767772    0.816116538    0.814055275
   79.255113664    0.816372216    0.814191154
   79.283459556    0.816634194    0.814327143
   79.311805448    0.816895850    0.814463143
   79.340151340    0.817150719    0.814599050
   79.368497232    0.817394471    0.814734788
   79.396843123    0.817626210    0.814870335
   79.425189015    0.817848714    0.815005728
   79.453534907    0.818067554    0.815141052
   79.481880799    0.818289369    0.815276415
   79.510226691    0.818519838    0.815411912
   79.538572583    0.818761969    0.815547598
   79.566918475    0.819015204    0.815683470
   79.595264367    0.819275625    0.815819464
   79.623610258    0.819537167    0.815955478
   79.651956150    0.819793465    0.816091405
   79.680302042    0.820039777    0.816227161
   79.708647934    0.820274400    0.816362718
   79.736993826    0.820499160    0.816498107
   79.765339718    0.820718837    0.816633415
   79.793685610    0.820939720    0.816768753
   79.822031502    0.821167710    0.816904225
   79.850377393    0.821406567    0.817039893
   79.878723285    0.821656794    0.817175760
   79.907069177    0.821915504    0.817311765
   79.935415069    0.822177289    0.817447804
   79.963760961    0.822435824    0.817583760
   79.992106853    0.822685741    0.817719541
   80.020452745    0.822924208    0.817855105
   80.048798636    0.823151760    0.817990478
   80.077144528    0.823372144    0.818125747
   80.105490420    0.823591237    0.818261032
   80.133836312    0.823815334    0.818396453
   80.162182204    0.824049333    0.818532093
   80.190528096    0.824295308    0.818667976
   80.218873988    0.824551897    0.818804050
   80.247219880    0.824814661    0.818940208
   80.275565771    0.825077310    0.819076302
   80.303911663    0.825333457    0.819212182
   80.332257555    0.825578400    0.819347721
   80.360603447    0.825810458    0.819482830
   80.388949339    0.826031484    0.819617462
   80.417295231    0.826246444    0.819751595
   80.445641123    0.826462174    0.819885209
   80.473987014    0.826685642    0.820018266
   80.502332906    0.826922174    0.820150694
   80.530678798    0.827174068    0.820282389
   80.559024690    0.827439912    0.820413229
   80.587370582    0.827714719    0.820543101
   80.615716474    0.827990787    0.820671927
   80.644062366    0.828259021    0.820799685
   80.672408258    0.828510374    0.820926410
   80.700754149    0.828737094    0.821052190
   80.729100041    0.828933547    0.821177132
   80.757445933    0.829096549    0.821301334
   80.785791825    0.829225272    0.821424853
   80.814137717    0.829320886    0.821547690
   80.842483609    0.829386122    0.821669788
   80.870829501    0.829424886    0.821791048
   80.899175393    0.829441990    0.821911367
   80.927521284    0.829442947    0.822030661
   80.955867176    0.829433733    0.822148899
   80.984213068    0.829420417    0.822266106
   81.012558960    0.829408610    0.822382362
   81.040904852    0.829402787    0.822497770
   81.069250744    0.829405621    0.822612427
   81.097596636    0.829417536    0.822726396
   81.125942527    0.829436660    0.822839681
   81.154288419    0.829459280    0.822952230
   81.182634311    0.829480763    0.823063948
   81.210980203    0.829496755    0.823174732
   81.239326095    0.829504358    0.823284498
   81.267671987    0.829502968    0.823393209
   81.296017879    0.829494504    0.823500888
   81.324363771    0.829482931    0.823607610
   81.352709662    0.829473185    0.823713478
   81.381055554    0.829469766    0.823818588
   81.409401446    0.829475422    0.823923006
   81.437747338    0.829490286    0.824026739
   81.466093230    0.829511778    0.824129738
   81.494439122    0.829535298    0.824231913
   81.522785014    0.829555549    0.824333160
   81.551130905    0.829568107    0.824433394
   81.579476797    0.829570776    0.824532576
   81.607822689    0.829564298    0.824630726
   81.636168581    0.829552197    0.824727913
   81.664514473    0.829539772    0.824824239
   81.692860365    0.829532518    0.824919801
   81.721206257    0.829534453    0.825014665
   81.749552149    0.829546860    0.825108842
   81.777898040    0.829567838    0.825202288
   81.806243932    0.829592817    0.825294915
   81.834589824    0.829615919    0.825386621
   81.862935716    0.829631745    0.825477320
   81.891281608    0.829637048    0.825566972
   81.919627500    0.829631780    0.825655590
   81.947973392    0.829619165    0.825743242
   81.976319284    0.829604756    0.825830024
   82.004665175    0.829594749    0.825916035
   82.033011067    0.829594072    0.826001340
   82.061356959    0.829604823    0.826085956
   82.089702851    0.829625574    0.826169842
   82.118048743    0.829651759    0.826252916
   82.146394635    0.829677048    0.826335076
   82.174740527    0.829695301    0.826416237
   82.203086418    0.829702492    0.826496355
   82.231432310    0.829697999    0.826575439
   82.259778202    0.829684850    0.826653552
   82.288124094    0.829668827    0.826730787
   82.316469986    0.829656686    0.826807241
   82.344815878    0.829654053    0.826882981
   82.373161770    0.829663639    0.826958028
   82.401507662    0.829684350    0.827032348
   82.429853553    0.829711580    0.827105860
   82.458199445    0.829738619    0.827178469
   82.486545337    0.829758740    0.827250087
   82.514891229    0.829767319    0.827320666
   82.543237121    0.829763313    0.827390212
   82.571583013    0.829749637    0.827458781
   82.599928905    0.829732284    0.827526461
   82.628274796    0.829718466    0.827593349
   82.656620688    0.829714357    0.827659515
   82.684966580    0.829723122    0.827724983
   82.713312472    0.829743896    0.827789726
   82.741658364    0.829772011    0.827853669
   82.770004256    0.829800437    0.827916718
   82.798350148    0.829821985    0.827978785
   82.826696040    0.829831577    0.828039819
   82.855041931    0.829827872    0.828099818
   82.883387823    0.829813724    0.828158833
   82.911733715    0.829795310    0.828216948
   82.940079607    0.829780208    0.828274258
   82.968425499    0.829775000    0.828330836
   82.996771391    0.829783188    0.828386712
   83.025117283    0.829804054    0.828441864
   83.053463175    0.829832866    0.828496225
   83.081809066    0.829862341    0.828549702
   83.110154958    0.829884943    0.828602207
   83.138500850    0.829895266    0.828653684
   83.166846742    0.829891759    0.828704125
   83.195192634    0.829877246    0.828753571
   83.223538526    0.829858050    0.828802105
   83.251884418    0.829842012    0.828849819
   83.280230309    0.829836009    0.828896790
   83.308576201    0.829843774    0.828943054
   83.336922093    0.829864693    0.828988597
   83.365267985    0.829893982    0.829033357
   83.393613877    0.829924184    0.829077246
   83.421959769    0.829947526    0.829120173
   83.450305661    0.829958375    0.829162076
   83.478651553    0.829955042    0.829202939
   83.506997444    0.829940320    0.829242797
   83.535343336    0.829920622    0.829281725
   83.563689228    0.829903956    0.829319817
   83.592035120    0.829897389    0.829357152
   83.620381012    0.829904808    0.829393776
   83.648726904    0.829925678    0.829429683
   83.677072796    0.829955201    0.829464817
   83.705418687    0.829985830    0.829499094
   83.733764579    0.830009655    0.829532419
   83.762110471    0.830020905    0.829564724
   83.790456363    0.830017786    0.829595983
   83.818802255    0.830003048    0.829626222
   83.847148147    0.829983123    0.829655509
   83.875494039    0.829966089    0.829683939
   83.903839931    0.829959117    0.829711597
   83.932185822    0.829966193    0.829738537
   83.960531714    0.829986861    0.829764767
   83.988877606    0.830016366    0.829790238
   84.017223498    0.830047154    0.829814869
   84.045569390    0.830071269    0.829838563
   84.073915282    0.830082865    0.829861239
   84.102261174    0.830080057    0.829882860
   84.130607066    0.830065515    0.829903436
   84.158952957    0.830045615    0.829923029
   84.187298849    0.830028419    0.829941732
   84.215644741    0.830021126    0.829959640
   84.243990633    0.830027799    0.829976823
   84.272336525    0.830048081    0.829993308
   84.300682417    0.830077321    0.830009063
   84.329028309    0.830108044    0.830024014
   84.357374200    0.830132321    0.830038059
   84.385720092    0.830144270    0.830051097
   84.414065984    0.830141911    0.830063059
   84.442411876    0.830127780    0.830073922
   84.470757768    0.830108121    0.830083717
   84.499103660    0.830090903    0.830092525
   84.527449552    0.830083308    0.830100457
   84.555795444    0.830089466    0.830107638
   84.584141335    0.830109159    0.830114181
   84.612487227    0.830137909    0.830120186
   84.640833119    0.830168394    0.830125729
   84.669179011    0.830192767    0.830130880
   84.697524903    0.830205130    0.830135703
   84.725870795    0.830203379    0.830140276
   84.754216687    0.830189859    0.830144687
   84.782562578    0.830170607    0.830149032
   84.810908470    0.830153443    0.830153400
   84.839254362    0.830145503    0.830157857
   84.867600254    0.830150996    0.830162430
   84.895946146    0.830169897    0.830167103
   84.924292038    0.830197965    0.830171819
   84.952637930    0.830228094    0.830176495
   84.980983822    0.830252557    0.830181049
   85.009329713    0.830265431    0.830185420
