    0.000000000    0.414742966    0.414699624
    0.028345892    0.414758906    0.414705354
    0.056691784    0.414757773    0.414710789
    0.085037676    0.414741518    0.414716005
    0.113383567    0.414716930    0.414721143
    0.141729459    0.414693524    0.414726363
    0.170075351    0.414680549    0.414731794
    0.198421243    0.414684030    0.414737498
    0.226767135    0.414704822    0.414743450
    0.255113027    0.414738280    0.414749549
    0.283458919    0.414775688    0.414755653
    0.311804810    0.414806991    0.414761622
    0.340150702    0.414823989    0.414767358
    0.368496594    0.414822959    0.414772841
    0.396842486    0.414805879    0.414778125
    0.425188378    0.414779842    0.414783326
    0.453534270    0.414754841    0.414788582
    0.481880162    0.414740608    0.414794011
    0.510226053    0.414743521    0.414799677
    0.538571945    0.414764556    0.414805571
    0.566917837    0.414798939    0.414811612
    0.595263729    0.414837637    0.414817678
    0.623609621    0.414870195    0.414823641
    0.651955513    0.414888057    0.414829403
    0.680301405    0.414887284    0.414834933
    0.708647296    0.414869826    0.414840269
    0.736993188    0.414842929    0.414845506
    0.765339080    0.414816857    0.414850771
    0.793684972    0.414801647    0.414856179
    0.822030864    0.414803931    0.414861801
    0.850376756    0.414824824    0.414867642
    0.878722648    0.414859560    0.414873640
    0.907068539    0.414898981    0.414879687
    0.935414431    0.414932432    0.414885659
    0.963760323    0.414951123    0.414891457
    0.992106215    0.414950911    0.414897035
    1.020452107    0.414933616    0.414902414
    1.048797999    0.414906449    0.414907675
    1.077143891    0.414879743    0.414912935
    1.105489783    0.414863690    0.414918312
    1.133835674    0.414865129    0.414923885
    1.162181566    0.414885392    0.414929676
    1.190527458    0.414919883    0.414935640
    1.218873350    0.414959530    0.414941677
    1.247219242    0.414993644    0.414947669
    1.275565134    0.415013280    0.414953507
    1.303911026    0.415014052    0.414959132
    1.332256917    0.414997502    0.414964549
    1.360602809    0.414970610    0.414969826
    1.388948701    0.414943588    0.414975074
    1.417294593    0.414926678    0.414980412
    1.445640485    0.414926932    0.414985935
    1.473986377    0.414946015    0.414991677
    1.502332269    0.414979691    0.414997610
    1.530678160    0.415019167    0.415003645
    1.559024052    0.415053854    0.415009660
    1.587369944    0.415074682    0.415015542
    1.615715836    0.415076935    0.415021214
    1.644061728    0.415061707    0.415026666
    1.672407620    0.415035547    0.415031953
    1.700753512    0.415008398    0.415037182
    1.729099403    0.414990484    0.415042479
    1.757445295    0.414989126    0.415047948
    1.785791187    0.415006468    0.415053644
    1.814137079    0.415038827    0.415059550
    1.842482971    0.415077857    0.415065585
    1.870828863    0.415113160    0.415071627
    1.899174755    0.415135524    0.415077553
    1.927520646    0.415139782    0.415083271
    1.955866538    0.415126401    0.415088754
    1.984212430    0.415101323    0.415094047
    2.012558322    0.415074102    0.415099254
    2.040904214    0.415054934    0.415104506
    2.069250106    0.415051494    0.415109922
    2.097595998    0.415066568    0.415115571
    2.125941889    0.415097205    0.415121451
    2.154287781    0.415135640    0.415127487
    2.182633673    0.415171714    0.415133558
    2.210979565    0.415196014    0.415139527
    2.239325457    0.415202784    0.415145289
    2.267671349    0.415191690    0.415150800
    2.296017241    0.415167921    0.415156096
    2.324363132    0.415140569    0.415161278
    2.352709024    0.415119826    0.415166484
    2.381054916    0.415113837    0.415171845
    2.409400808    0.415126189    0.415177447
    2.437746700    0.415154813    0.415183301
    2.466092592    0.415192624    0.415189339
    2.494438484    0.415229702    0.415195436
    2.522784375    0.415256350    0.415201446
    2.551130267    0.415266080    0.415207249
    2.579476159    0.415257607    0.415212786
    2.607822051    0.415235255    0.415218082
    2.636167943    0.415207625    0.415223237
    2.664513835    0.415184962    0.415228394
    2.692859727    0.415175999    0.415233699
    2.721205618    0.415185272    0.415239253
    2.749551510    0.415211712    0.415245079
    2.777897402    0.415248963    0.415251116
    2.806243294    0.415287318    0.415257237
    2.834589186    0.415316698    0.415263284
    2.862935078    0.415329748    0.415269124
    2.891280970    0.415324113    0.415274683
    2.919626861    0.415303184    0.415279977
    2.947972753    0.415275077    0.415285102
    2.976318645    0.415250163    0.415290210
    3.004664537    0.415237880    0.415295457
    3.033010429    0.415243828    0.415300959
    3.061356321    0.415268020    0.415306753
    3.089702213    0.415304841    0.415312783
    3.118048104    0.415344745    0.415318920
    3.146393996    0.415377172    0.415324999
    3.174739888    0.415393795    0.415330871
    3.203085780    0.415391105    0.415336449
    3.231431672    0.415371530    0.415341737
    3.259777564    0.415342734    0.415346831
    3.288123456    0.415315291    0.415351885
    3.316469348    0.415299443    0.415357070
    3.344815239    0.415301937    0.415362514
    3.373161131    0.415323900    0.415368268
    3.401507023    0.415360447    0.415374282
    3.429852915    0.415402134    0.415380427
    3.458198807    0.415437834    0.415386529
    3.486544699    0.415458171    0.415392426
    3.514890591    0.415458440    0.415398016
    3.543236482    0.415440111    0.415403294
    3.571582374    0.415410440    0.415408351
    3.599928266    0.415380275    0.415413347
    3.628274158    0.415360729    0.415418461
    3.656620050    0.415359735    0.415423838
    3.684965942    0.415379543    0.415429539
    3.713311834    0.415415961    0.415435524
    3.741657725    0.415459586    0.415441663
    3.770003617    0.415498672    0.415447775
    3.798349509    0.415522755    0.415453686
    3.826695401    0.415525929    0.415459280
    3.855041293    0.415508732    0.415464540
    3.883387185    0.415478060    0.415469552
    3.911733077    0.415445082    0.415474478
    3.940078968    0.415421814    0.415479508
    3.968424860    0.415417377    0.415484800
    3.996770752    0.415435120    0.415490429
    4.025116644    0.415471504    0.415496364
    4.053462536    0.415517130    0.415502477
    4.081808428    0.415559604    0.415508581
    4.110154320    0.415587379    0.415514490
    4.138500211    0.415593371    0.415520073
    4.166846103    0.415577228    0.415525300
    4.195191995    0.415545516    0.415530251
    4.223537887    0.415509746    0.415535089
    4.251883779    0.415482828    0.415540013
    4.280229671    0.415475042    0.415545193
    4.308575563    0.415490793    0.415550721
    4.336921454    0.415527163    0.415556575
    4.365267346    0.415574740    0.415562632
    4.393613238    0.415620501    0.415568701
    4.421959130    0.415651851    0.415574580
    4.450305022    0.415660577    0.415580127
    4.478650914    0.415645472    0.415585297
    4.506996806    0.415612787    0.415590159
    4.535342697    0.415574355    0.415594877
    4.563688589    0.415543932    0.415599657
    4.592034481    0.415532903    0.415604685
    4.620380373    0.415546683    0.415610066
    4.648726265    0.415582957    0.415615794
    4.677072157    0.415632325    0.415621749
    4.705418049    0.415681187    0.415627736
    4.733763940    0.415715966    0.415633545
    4.762109832    0.415727377    0.415639014
    4.790455724    0.415713382    0.415644082
    4.818801616    0.415679902    0.415648809
    4.847147508    0.415639029    0.415653354
    4.875493400    0.415605290    0.415657931
    4.903839292    0.415591102    0.415662741
    4.932185183    0.415602854    0.415667906
    4.960531075    0.415638843    0.415673435
    4.988876967    0.415689742    0.415679215
    5.017222859    0.415741458    0.415685051
    5.045568751    0.415779522    0.415690718
    5.073914643    0.415793633    0.415696039
    5.102260535    0.415780924    0.415700933
    5.130606426    0.415746928    0.415705444
    5.158952318    0.415703907    0.415709730
    5.187298210    0.415667054    0.415714009
    5.215644102    0.415649741    0.415718497
    5.243989994    0.415659311    0.415723337
    5.272335886    0.415694719    0.415728554
    5.300681778    0.415746802    0.415734046
    5.329027669    0.415801095    0.415739616
    5.357373561    0.415842334    0.415745028
    5.385719453    0.415859242    0.415750082
    5.414065345    0.415848099    0.415754678
    5.442411237    0.415813957    0.415758843
    5.470757129    0.415769123    0.415762726
    5.499103021    0.415729335    0.415766553
    5.527448913    0.415708857    0.415770555
    5.555794804    0.415715985    0.415774897
    5.584140696    0.415750414    0.415779623
    5.612486588    0.415803277    0.415784645
    5.640832480    0.415859869    0.415789763
    5.669178372    0.415904228    0.415794730
    5.697524264    0.415924125    0.415799324
    5.725870156    0.415914923    0.415803417
    5.754216047    0.415881072    0.415807018
    5.782561939    0.415834769    0.415810267
    5.810907831    0.415792182    0.415813393
    5.839253723    0.415768404    0.415816645
    5.867599615    0.415772729    0.415820211
    5.895945507    0.415805702    0.415824160
    5.924291399    0.415858905    0.415828416
    5.952637290    0.415917544    0.415832780
    5.980983182    0.415965041    0.415836992
    6.009329074    0.415988212    0.415840802
    6.037674966    0.415981408    0.415844056
    6.066020858    0.415948323    0.415846735
    6.094366750    0.415900881    0.415848969
    6.122712642    0.415855559    0.415850989
    6.151058533    0.415828255    0.415853063
    6.179404425    0.415829321    0.415855406
    6.207750317    0.415860299    0.415858110
    6.236096209    0.415913396    0.415861119
    6.264442101    0.415973872    0.415864235
    6.292787993    0.416024601    0.415867178
    6.321133885    0.416051413    0.415869672
    6.349479776    0.416047522    0.415871527
    6.377825668    0.416015686    0.415872695
    6.406171560    0.415967392    0.415873288
    6.434517452    0.415919319    0.415873542
    6.462863344    0.415888164    0.415873741
    6.491209236    0.415885436    0.415874128
    6.519555128    0.415913841    0.415874829
    6.547901019    0.415966394    0.415875802
    6.576246911    0.416028548    0.415876852
    6.604592803    0.416082677    0.415877681
    6.632938695    0.416113560    0.415877977
    6.661284587    0.416113125    0.415877508
    6.689630479    0.416083006    0.415876190
    6.717976371    0.416034085    0.415874113
    6.746322262    0.415983159    0.415871512
    6.774668154    0.415947743    0.415868689
    6.803014046    0.415940624    0.415865921
    6.831359938    0.415965857    0.415863364
    6.859705830    0.416017453    0.415860999
    6.888051722    0.416081176    0.415858632
    6.916397614    0.416138929    0.415855940
    6.944743505    0.416174350    0.415852570
    6.973089397    0.416177915    0.415848238
    7.001435289    0.416149941    0.415842814
    7.029781181    0.416100547    0.415836356
    7.058127073    0.416046580    0.415829094
    7.086472965    0.416006415    0.415821351
    7.114818857    0.415994262    0.415813435
    7.143164748    0.416015714    0.415805540
    7.171510640    0.416065953    0.415797672
    7.199856532    0.416131172    0.415789633
    7.228202424    0.416192798    0.415781074
    7.256548316    0.416233230    0.415771585
    7.284894208    0.416241310    0.415760818
    7.313240100    0.416215845    0.415748577
    7.341585991    0.416166050    0.415734882
    7.369931883    0.416108769    0.415719945
    7.398277775    0.416063301    0.415704108
    7.426623667    0.416045425    0.415687715
    7.454969559    0.416062468    0.415671002
    7.483315451    0.416110955    0.415654000
    7.511661343    0.416177599    0.415636510
    7.540007234    0.416243341    0.415618139
    7.568353126    0.416289222    0.415598407
    7.596699018    0.416302275    0.415576871
    7.625044910    0.416279610    0.415553252
    7.653390802    0.416229401    0.415527501
    7.681736694    0.416168455    0.415499806
    7.710082586    0.416117062    0.415470518
    7.738428478    0.416092728    0.415440024
    7.766774369    0.416104698    0.415408608
    7.795120261    0.416151005    0.415376330
    7.823466153    0.416218963    0.415342984
    7.851812045    0.416289008    0.415308117
    7.880157937    0.416340708    0.415271144
    7.908503829    0.416359106    0.415231488
    7.936849721    0.416339436    0.415188736
    7.965195612    0.416288707    0.415142735
    7.993541504    0.416223655    0.415093621
    8.021887396    0.416165633    0.415041751
    8.050233288    0.416134021    0.414987561
    8.078579180    0.416140168    0.414931399
    8.106925072    0.416183768    0.414873372
    8.135270964    0.416252821    0.414813256
    8.163616855    0.416327237    0.414750510
    8.191962747    0.416384997    0.414684377
    8.220308639    0.416408985    0.414614062
    8.248654531    0.416392383    0.414538920
    8.277000423    0.416340909    0.414458614
    8.305346315    0.416271188    0.414373175
    8.333692207    0.416205702    0.414282960
    8.362038098    0.416165847    0.414188494
    8.390383990    0.416165252    0.414090260
    8.418729882    0.416205431    0.413988469
    8.447075774    0.416275161    0.413882909
    8.475421666    0.416353817    0.413772890
    8.503767558    0.416417691    0.413657333
    8.532113450    0.416447341    0.413534977
    8.560459341    0.416433717    0.413404648
    8.588805233    0.416381109    0.413265544
    8.617151125    0.416305979    0.413117425
    8.645497017    0.416231980    0.412960686
    8.673842909    0.416182661    0.412796265
    8.702188801    0.416174111    0.412625413
    8.730534693    0.416209836    0.412449358
    8.758880584    0.416279495    0.412268966
    8.787226476    0.416361943    0.412084445
    8.815572368    0.416431692    0.411895175
    8.843918260    0.416466811    0.411699695
    8.872264152    0.416455820    0.411495830
    8.900610044    0.416401417    0.411280945
    8.928955936    0.416319820    0.411052245
    8.957301827    0.416235881    0.410807061
    8.985647719    0.416175426    0.410543081
    9.013993611    0.416157198    0.410258475
    9.042339503    0.416186891    0.409951929
    9.070685395    0.416255193    0.409622597
    9.099031287    0.416340479    0.409270008
    9.127377179    0.416415407    0.408893980
    9.155723070    0.416455375    0.408494548
    9.184068962    0.416446253    0.408071933
    9.212414854    0.416388940    0.407626545
    9.240760746    0.416299286    0.407158987
    9.269106638    0.416203338    0.406670052
    9.297452530    0.416129331    0.406160696
    9.325798422    0.416098879    0.405631975
    9.354144313    0.416120112    0.405084971
    9.382490205    0.416184937    0.404520723
    9.410836097    0.416271331    0.403940190
    9.439181989    0.416350023    0.403344267
    9.467527881    0.416393544    0.402733849
    9.495873773    0.416384833    0.402109930
    9.524219665    0.416322717    0.401473699
    9.552565556    0.416222499    0.400826592
    9.580911448    0.416111398    0.400170276
    9.609257340    0.416020192    0.399506535
    9.637603232    0.415973633    0.398837080
    9.665949124    0.415982603    0.398163308
    9.694295016    0.416040489    0.397486074
    9.722640908    0.416124988    0.396805518
    9.750986800    0.416204834    0.396121000
    9.779332691    0.416249439    0.395431162
    9.807678583    0.416238452    0.394734098
    9.836024475    0.416168268    0.394027600
    9.864370367    0.416053392    0.393309409
    9.892716259    0.415922158    0.392577414
    9.921062151    0.415808056    0.391829749
    9.949408043    0.415739320    0.391064760
    9.977753934    0.415729994    0.390280872
   10.006099826    0.415775301    0.389476373
   10.034445718    0.415852826    0.388649210
   10.062791610    0.415929226    0.387796834
   10.091137502    0.415970465    0.386916165
   10.119483394    0.415952424    0.386003671
   10.147829286    0.415868579    0.385055575
   10.176175177    0.415732289    0.384068114
   10.204521069    0.415572921    0.383037819
   10.232866961    0.415426893    0.381961735
   10.261212853    0.415326374    0.380837547
   10.289558745    0.415289129    0.379663610
   10.317904637    0.415312686    0.378438891
   10.346250529    0.415374740    0.377162870
   10.374596420    0.415439752    0.375835465
   10.402942312    0.415469791    0.374457003
   10.431288204    0.415436311    0.373028284
   10.459634096    0.415329192    0.371550697
   10.487979988    0.415160178    0.370026370
   10.516325880    0.414959554    0.368458287
   10.544671772    0.414766960    0.366850302
   10.573017663    0.414619128    0.365207030
   10.601363555    0.414538299    0.363533594
   10.629709447    0.414524951    0.361835279
   10.658055339    0.414557185    0.360117149
   10.686401231    0.414597085    0.358383725
   10.714747123    0.414602185    0.356638805
   10.743093015    0.414538584    0.354885474
   10.771438906    0.414391621    0.353126319
   10.799784798    0.414170767    0.351363801
   10.828130690    0.413907072    0.349600708
   10.856476582    0.413643825    0.347840564
   10.884822474    0.413423208    0.346087914
   10.913168366    0.413273011    0.344348389
   10.941514258    0.413197562    0.342628541
   10.969860149    0.413175770    0.340935470
   10.998206041    0.413167049    0.339276335
   11.026551933    0.413123450    0.337657854
   11.054897825    0.413004342    0.336085907
   11.083243717    0.412789138    0.334565323
   11.111589609    0.412484062    0.333099891
   11.139935501    0.412120702    0.331692573
   11.168281392    0.411746624    0.330345840
   11.196627284    0.411410775    0.329062034
   11.224973176    0.411148088    0.327843631
   11.253319068    0.410968075    0.326693337
   11.281664960    0.410851028    0.325613968
   11.310010852    0.410753227    0.324608136
   11.338356744    0.410619743    0.323677813
   11.366702635    0.410401072    0.322823880
   11.395048527    0.410068515    0.322045768
   11.423394419    0.409623501    0.321341303
   11.451740311    0.409097787    0.320706764
   11.480086203    0.408544214    0.320137185
   11.508432095    0.408020615    0.319626811
   11.536777987    0.407571675    0.319169616
   11.565123878    0.407214308    0.318759781
   11.593469770    0.406931188    0.318392026
   11.621815662    0.406674704    0.318061759
   11.650161554    0.406380443    0.317765023
   11.678507446    0.405986335    0.317498314
   11.706853338    0.405451721    0.317258329
   11.735199230    0.404770432    0.317041762
   11.763545121    0.403973631    0.316845205
   11.791891013    0.403121151    0.316665217
   11.820236905    0.402283588    0.316498545
   11.848582797    0.401520313    0.316342443
   11.876928689    0.400860029    0.316195009
   11.905274581    0.400289976    0.316055446
   11.933620473    0.399757448    0.315924167
   11.961966365    0.399183713    0.315802711
   11.990312256    0.398486594    0.315693474
   12.018658148    0.397605184    0.315599306
   12.047004040    0.396519239    0.315523083
   12.075349932    0.395257049    0.315467315
   12.103695824    0.393888809    0.315433912
   12.132041716    0.392506718    0.315424114
   12.160387608    0.391197129    0.315438607
   12.188733499    0.390012673    0.315477754
   12.217079391    0.388952751    0.315541869
   12.245425283    0.387958713    0.315631435
   12.273771175    0.386926110    0.315747185
   12.302117067    0.385731514    0.315890021
   12.330462959    0.384267107    0.316060762
   12.358808851    0.382473628    0.316259793
   12.387154742    0.380362265    0.316486692
   12.415500634    0.378018691    0.316739943
   12.443846526    0.375587056    0.317016800
   12.472192418    0.373237080    0.317313355
   12.500538310    0.371122016    0.317624779
   12.528884202    0.369337918    0.317945692
   12.557230094    0.367894474    0.318270554
   12.585575985    0.366704911    0.318593978
   12.613921877    0.365597626    0.318910890
   12.642267769    0.364346779    0.319216485
   12.670613661    0.362714415    0.319506015
   12.698959553    0.360494076    0.319774469
   12.727305445    0.357545905    0.320016253
   12.755651337    0.353815867    0.320224989
   12.783997228    0.349336088    0.320393520
   12.812343120    0.344208213    0.320514160
   12.840689012    0.338575715    0.320579165
   12.869034904    0.332593209    0.320581340
   12.897380796    0.326400635    0.320514658
   12.925726688    0.320107795    0.320374753
   12.954072580    0.313791099    0.320159172
   12.982418471    0.307500600    0.319867333
   13.010764363    0.301272612    0.319500197
   13.039110255    0.295142216    0.319059741
   13.067456147    0.289150856    0.318548352
   13.095802039    0.283346700    0.317968302
   13.124147931    0.277778438    0.317321429
   13.152493823    0.272485810    0.316609090
   13.180839714    0.267491384    0.315832392
   13.209185606    0.262797667    0.314992623
   13.237531498    0.258391545    0.314091758
   13.265877390    0.254255213    0.313132873
   13.294223282    0.250379990    0.312120356
   13.322569174    0.246777825    0.311059815
   13.350915066    0.243485459    0.309957693
   13.379260957    0.240558183    0.308820652
   13.407606849    0.238053353    0.307654888
   13.435952741    0.236007359    0.306465508
   13.464298633    0.234412365    0.305256144
   13.492644525    0.233200023    0.304028884
   13.520990417    0.232238009    0.302784534
   13.549336309    0.231341997    0.301523144
   13.577682200    0.230301352    0.300244661
   13.606028092    0.228912753    0.298949532
   13.634373984    0.227013267    0.297639095
   13.662719876    0.224504101    0.296315666
   13.691065768    0.221358410    0.294982258
   13.719411660    0.217610769    0.293642032
   13.747757552    0.213330951    0.292297572
   13.776103443    0.208589074    0.290950185
   13.804449335    0.203421794    0.289599390
   13.832795227    0.197809047    0.288242707
   13.861141119    0.191668067    0.286875823
   13.889487011    0.184866611    0.285493076
   13.917832903    0.177251989    0.284088160
   13.946178795    0.168688087    0.282654880
   13.974524686    0.159090362    0.281187790
   14.002870578    0.148449494    0.279682594
   14.031216470    0.136837709    0.278136222
   14.059562362    0.124396849    0.276546609
   14.087908254    0.111312509    0.274912260
   14.116254146    0.097782491    0.273231746
   14.144600038    0.083989162    0.271503273
   14.172945930    0.070083806    0.269724456
   14.201291821    0.056186953    0.267892365
   14.229637713    0.042403399    0.266003849
   14.257983605    0.028845645    0.264056048
   14.286329497    0.015656453    0.262046980
   14.314675389    0.003021070    0.259976055
   14.343021281   -0.008837415    0.257844387
   14.371367173   -0.019680912    0.255654828
   14.399713064   -0.029292722    0.253411695
   14.428058956   -0.037517889    0.251120260
   14.456404848   -0.044295589    0.248786080
   14.484750740   -0.049672679    0.246414318
   14.513096632   -0.053792032    0.244009168
   14.541442524   -0.056855884    0.241573487
   14.569788416   -0.059071519    0.239108681
   14.598134307   -0.060592126    0.236614837
   14.626480199   -0.061467869    0.234091050
   14.654826091   -0.061620470    0.231535849
   14.683171983   -0.060849105    0.228947641
   14.711517875   -0.058867569    0.226325075
   14.739863767   -0.055364520    0.223667276
   14.768209659   -0.050072406    0.220973935
   14.796555550   -0.042828071    0.218245261
   14.824901442   -0.033609904    0.215481845
   14.853247334   -0.022542280    0.212684488
   14.881593226   -0.009866424    0.209854046
   14.909939118    0.004114437    0.206991331
   14.938285010    0.019101089    0.204097098
   14.966630902    0.034858062    0.201172091
   14.994976793    0.051251388    0.198217158
   15.023322685    0.068254568    0.195233369
   15.051668577    0.085921450    0.192222139
   15.080014469    0.104333591    0.189185291
   15.108360361    0.123536490    0.186125071
   15.136706253    0.143482111    0.183044101
   15.165052145    0.163993500    0.179945277
   15.193398036    0.184761508    0.176831647
   15.221743928    0.205375239    0.173706284
   15.250089820    0.225379052    0.170572188
   15.278435712    0.244342159    0.167432240
   15.306781604    0.261923745    0.164289202
   15.335127496    0.277917968    0.161145780
   15.363473388    0.292268685    0.158004720
   15.391819279    0.305051770    0.154868910
   15.420165171    0.316431263    0.151741473
   15.448511063    0.326602158    0.148625804
   15.476856955    0.335735578    0.145525554
   15.505202847    0.343940778    0.142444538
   15.533548739    0.351253288    0.139386604
   15.561894631    0.357650976    0.136355469
   15.590240522    0.363092012    0.133354569
   15.618586414    0.367562710    0.130386962
   15.646932306    0.371120668    0.127455299
   15.675278198    0.373920069    0.124561884
   15.703624090    0.376211059    0.121708788
   15.731969982    0.378312353    0.118898016
   15.760315874    0.380563558    0.116131643
   15.788661765    0.383269295    0.113411909
   15.817007657    0.386649413    0.110741210
   15.845353549    0.390807936    0.108121994
   15.873699441    0.395728372    0.105556573
   15.902045333    0.401295926    0.103046896
   15.930391225    0.407340084    0.100594345
   15.958737117    0.413685712    0.098199614
   15.987083008    0.420198786    0.095862719
   16.015428900    0.426814581    0.093583148
   16.043774792    0.433541109    0.091360130
   16.072120684    0.440437480    0.089192961
   16.100466576    0.447573724    0.087081302
   16.128812468    0.454983720    0.085025375
   16.157158360    0.462624691    0.083025973
   16.185504252    0.470355011    0.081084283
   16.213850143    0.477937004    0.079201536
   16.242196035    0.485064678    0.077378557
   16.270541927    0.491409492    0.075615331
   16.298887819    0.496672303    0.073910690
   16.327233711    0.500627858    0.072262226
   16.355579603    0.503150100    0.070666468
   16.383925495    0.504211660    0.069119319
   16.412271386    0.503857861    0.067616672
   16.440617278    0.502162551    0.066155098
   16.468963170    0.499178184    0.064732445
   16.497309062    0.494894457    0.063348249
   16.525654954    0.489217858    0.062003846
   16.554000846    0.481979194    0.060702178
   16.582346738    0.472968814    0.059447334
   16.610692629    0.461991757    0.058243922
   16.639038521    0.448929395    0.057096404
   16.667384413    0.433791779    0.056008543
   16.695730305    0.416746608    0.054983027
   16.724076197    0.398116108    0.054021362
   16.752422089    0.378340872    0.053123979
   16.780767981    0.357917939    0.052290516
   16.809113872    0.337326981    0.051520162
   16.837459764    0.316961724    0.050811956
   16.865805656    0.297082689    0.050164957
   16.894151548    0.277802334    0.049578245
   16.922497440    0.259105685    0.049050767
   16.950843332    0.240900750    0.048581076
   16.979189224    0.223085478    0.048167058
   17.007535115    0.205613737    0.047805735
   17.035881007    0.188542930    0.047493224
   17.064226899    0.172050368    0.047224868
   17.092572791    0.156413443    0.046995554
   17.120918683    0.141957931    0.046800139
   17.149264575    0.128987098    0.046633928
   17.177610467    0.117709584    0.046493087
   17.205956358    0.108184776    0.046374946
   17.234302250    0.100300424    0.046278117
   17.262648142    0.093789393    0.046202436
   17.290994034    0.088282628    0.046148740
   17.319339926    0.083386170    0.046118543
   17.347685818    0.078763651    0.046113668
   17.376031710    0.074203846    0.046135892
   17.404377601    0.069656170    0.046186674
   17.432723493    0.065224661    0.046266974
   17.461069385    0.061121213    0.046377188
   17.489415277    0.057589024    0.046517180
   17.517761169    0.054814888    0.046686407
   17.546107061    0.052852082    0.046884093
   17.574452953    0.051573356    0.047109438
   17.602798844    0.050666389    0.047361820
   17.631144736    0.049673806    0.047640981
   17.659490628    0.048068929    0.047947153
   17.687836520    0.045349670    0.048281111
   17.716182412    0.041128450    0.048644143
   17.744528304    0.035197035    0.049037924
   17.772874196    0.027551337    0.049464318
   17.801220087    0.018371117    0.049925119
   17.829565979    0.007960594    0.050421791
   17.857911871   -0.003334511    0.050955229
   17.886257763   -0.015212390    0.051525610
   17.914603655   -0.027481672    0.052132330
   17.942949547   -0.040092783    0.052774059
   17.971295439   -0.053127008    0.053448874
   17.999641330   -0.066746956    0.054154436
   18.027987222   -0.081121935    0.054888150
   18.056333114   -0.096348066    0.055647263
   18.084679006   -0.112384249    0.056428868
   18.113024898   -0.129021070    0.057229811
   18.141370790   -0.145891487    0.058046523
   18.169716682   -0.162521749    0.058874849
   18.198062573   -0.178411109    0.059709926
   18.226408465   -0.193121979    0.060546166
   18.254754357   -0.206359769    0.061377390
   18.283100249   -0.218024415    0.062197081
   18.311446141   -0.228222522    0.062998725
   18.339792033   -0.237238502    0.063776156
   18.368137925   -0.245472521    0.064523812
   18.396483817   -0.253360286    0.065236845
   18.424829708   -0.261293016    0.065911033
   18.453175600   -0.269554710    0.066542535
   18.481521492   -0.278288635    0.067127543
   18.509867384   -0.287497259    0.067661933
   18.538213276   -0.297071723    0.068141043
   18.566559168   -0.306840371    0.068559638
   18.594905060   -0.316622410    0.068912125
   18.623250951   -0.326273013    0.069192971
   18.651596843   -0.335709826    0.069397245
   18.679942735   -0.344916672    0.069521138
   18.708288627   -0.353926552    0.069562345
   18.736634519   -0.362791322    0.069520178
   18.764980411   -0.371548135    0.069395374
   18.793326303   -0.380192664    0.069189634
   18.821672194   -0.388666294    0.068904998
   18.850018086   -0.396859974    0.068543220
   18.878363978   -0.404632587    0.068105308
   18.906709870   -0.411837804    0.067591384
   18.935055762   -0.418351460    0.067000909
   18.963401654   -0.424091882    0.066333257
   18.991747546   -0.429028035    0.065588523
   19.020093437   -0.433174041    0.064768370
   19.048439329   -0.436572418    0.063876715
   19.076785221   -0.439271338    0.062920088
   19.105131113   -0.441302484    0.061907555
   19.133477005   -0.442665525    0.060850214
   19.161822897   -0.443323047    0.059760365
   19.190168789   -0.443206765    0.058650541
   19.218514680   -0.442232750    0.057532603
   19.246860572   -0.440321155    0.056417091
   19.275206464   -0.437415007    0.055312956
   19.303552356   -0.433493226    0.054227674
   19.331898248   -0.428574819    0.053167685
   19.360244140   -0.422713694    0.052138952
   19.388590032   -0.415985976    0.051147487
   19.416935923   -0.408473505    0.050199620
   19.445281815   -0.400247918    0.049301930
   19.473627707   -0.391359313    0.048460814
   19.501973599   -0.381832080    0.047681778
   19.530319491   -0.371668572    0.046968639
   19.558665383   -0.360859315    0.046322817
   19.587011275   -0.349396967    0.045742935
   19.615357166   -0.337290453    0.045224821
   19.643703058   -0.324575785    0.044761944
   19.672048950   -0.311320995    0.044346196
   19.700394842   -0.297623916    0.043968845
   19.728740734   -0.283603189    0.043621457
   19.757086626   -0.269384261    0.043296591
   19.785432518   -0.255083223    0.042988139
   19.813778409   -0.240791791    0.042691275
   19.842124301   -0.226566594    0.042402095
   19.870470193   -0.212425217    0.042117091
   19.898816085   -0.198350199    0.041832644
   19.927161977   -0.184300734    0.041544741
   19.955507869   -0.170230225    0.041248996
   19.983853761   -0.156106518    0.040941019
   20.012199652   -0.141930773    0.040617049
   20.040545544   -0.127750750    0.040274689
   20.068891436   -0.113664964    0.039913551
   20.097237328   -0.099815662    0.039535635
   20.125583220   -0.086370688    0.039145340
   20.153929112   -0.073496700    0.038749064
   20.182275004   -0.061328357    0.038354511
   20.210620895   -0.049939514    0.037969846
   20.238966787   -0.039322673    0.037602907
   20.267312679   -0.029381819    0.037260658
   20.295658571   -0.019941331    0.036948998
   20.324004463   -0.010770384    0.036672950
   20.352350355   -0.001618837    0.036437147
   20.380696247    0.007742195    0.036246443
   20.409042138    0.017483285    0.036106467
   20.437388030    0.027690971    0.036023909
   20.465733922    0.038358899    0.036006436
   20.494079814    0.049397693    0.036062213
   20.522425706    0.060661083    0.036199105
   20.550771598    0.071981992    0.036423749
   20.579117490    0.083209758    0.036740684
   20.607463382    0.094239345    0.037151763
   20.635809273    0.105025263    0.037655956
   20.664155165    0.115576777    0.038249604
   20.692501057    0.125935774    0.038927022
   20.720846949    0.136143342    0.039681310
   20.749192841    0.146204356    0.040505156
   20.777538733    0.156060359    0.041391421
   20.805884625    0.165579393    0.042333379
   20.834230516    0.174567450    0.043324575
   20.862576408    0.182800840    0.044358365
   20.890922300    0.190073286    0.045427299
   20.919268192    0.196247342    0.046522578
   20.947614084    0.201297898    0.047633762
   20.975959976    0.205336605    0.048748883
   21.004305868    0.208609929    0.049855002
   21.032651759    0.211469225    0.050939113
   21.060997651    0.214317610    0.051989228
   21.089343543    0.217543732    0.052995399
   21.117689435    0.221455764    0.053950450
   21.146035327    0.226229136    0.054850250
   21.174381219    0.231878688    0.055693458
   21.202727111    0.238260710    0.056480824
   21.231073002    0.245103979    0.057214205
   21.259418894    0.252062798    0.057895550
   21.287764786    0.258780628    0.058526104
   21.316110678    0.264951144    0.059106028
   21.344456570    0.270364634    0.059634529
   21.372802462    0.274931385    0.060110450
   21.401148354    0.278679030    0.060533178
   21.429494245    0.281726474    0.060903614
   21.457840137    0.284241803    0.061224955
   21.486186029    0.286394373    0.061503076
   21.514531921    0.288311678    0.061746382
   21.542877813    0.290049648    0.061965168
   21.571223705    0.291581358    0.062170605
   21.599569597    0.292804683    0.062373593
   21.627915488    0.293565281    0.062583739
   21.656261380    0.293688349    0.062808681
   21.684607272    0.293011387    0.063053905
   21.712953164    0.291410869    0.063323049
   21.741299056    0.288817904    0.063618592
   21.769644948    0.285221036    0.063942704
   21.797990840    0.280657470    0.064298018
   21.826336731    0.275196493    0.064688085
   21.854682623    0.268920198    0.065117372
   21.883028515    0.261906537    0.065590790
   21.911374407    0.254218495    0.066112844
   21.939720299    0.245901059    0.066686611
   21.968066191    0.236985376    0.067312804
   21.996412083    0.227497543    0.067989165
   22.024757974    0.217468355    0.068710324
   22.053103866    0.206940282    0.069468214
   22.081449758    0.195968963    0.070252921
   22.109795650    0.184618256    0.071053825
   22.138141542    0.172949944    0.071860767
   22.166487434    0.161011070    0.072665018
   22.194833326    0.148822945    0.073459863
   22.223179217    0.136375984    0.074240724
   22.251525109    0.123633432    0.075004864
   22.279871001    0.110545035    0.075750796
   22.308216893    0.097069159    0.076477605
   22.336562785    0.083199351    0.077184375
   22.364908677    0.068989558    0.077869882
   22.393254569    0.054571611    0.078532628
   22.421600460    0.040159465    0.079171172
   22.449946352    0.026037059    0.079784649
   22.478292244    0.012530008    0.080373302
   22.506638136   -0.000034884    0.080938856
   22.534984028   -0.011375100    0.081484583
   22.563329920   -0.021293725    0.082015025
   22.591675812   -0.029707476    0.082535391
   22.620021703   -0.036654408    0.083050765
   22.648367595   -0.042278166    0.083565283
   22.676713487   -0.046790594    0.084081467
   22.705059379   -0.050419483    0.084599842
   22.733405271   -0.053351915    0.085118923
   22.761751163   -0.055685319    0.085635538
   22.790097055   -0.057397169    0.086145408
   22.818442947   -0.058340655    0.086643828
   22.846788838   -0.058267999    0.087126296
   22.875134730   -0.056876970    0.087588962
   22.903480622   -0.053870670    0.088028816
   22.931826514   -0.049017437    0.088443611
   22.960172406   -0.042197421    0.088831597
   22.988518298   -0.033425315    0.089191143
   23.016864190   -0.022844232    0.089520398
   23.045210081   -0.010692528    0.089817071
   23.073555973    0.002748110    0.090078396
   23.101901865    0.017210439    0.090301275
   23.130247757    0.032490944    0.090482569
   23.158593649    0.048478362    0.090619426
   23.186939541    0.065154359    0.090709582
   23.215285433    0.082566264    0.090751535
   23.243631324    0.100778906    0.090744574
   23.271977216    0.119818039    0.090688649
   23.300323108    0.139620161    0.090584137
   23.328669000    0.160002148    0.090431575
   23.357014892    0.180659298    0.090231430
   23.385360784    0.201193319    0.089983969
   23.413706676    0.221164291    0.089689264
   23.442052567    0.240154583    0.089347316
   23.470398459    0.257829689    0.088958275
   23.498744351    0.273981738    0.088522679
   23.527090243    0.288545826    0.088041659
   23.555436135    0.301586250    0.087517059
   23.583782027    0.313257272    0.086951428
   23.612127919    0.323749400    0.086347908
   23.640473810    0.333235572    0.085710018
   23.668819702    0.341831233    0.085041410
   23.697165594    0.349578269    0.084345626
   23.725511486    0.356456102    0.083625912
   23.753857378    0.362415790    0.082885130
   23.782203270    0.367426715    0.082125767
   23.810549162    0.371521981    0.081350033
   23.838895053    0.374828966    0.080560028
   23.867240945    0.377575461    0.079757931
   23.895586837    0.380068408    0.078946169
   23.923932729    0.382649652    0.078127538
   23.952278621    0.385639394    0.077305236
   23.980624513    0.389281437    0.076482812
   24.008970405    0.393704007    0.075664018
   24.037316296    0.398905919    0.074852605
   24.065662188    0.404771266    0.074052066
   24.094008080    0.411108400    0.073265399
   24.122353972    0.417702711    0.072494898
   24.150699864    0.424369251    0.071742026
   24.179045756    0.430991582    0.071007382
   24.207391648    0.437537111    0.070290773
   24.235737539    0.444045704    0.069591367
   24.264083431    0.450595593    0.068907901
   24.292429323    0.457256713    0.068238899
   24.320775215    0.464044857    0.067582852
   24.349121107    0.470889600    0.066938328
   24.377466999    0.477624988    0.066303983
   24.405812891    0.484005560    0.065678499
   24.434158782    0.489743194    0.065060462
   24.462504674    0.494554500    0.064448250
   24.490850566    0.498205585    0.063839973
   24.519196458    0.500541863    0.063233536
   24.547542350    0.501494862    0.062626825
   24.575888242    0.501064620    0.062018028
   24.604234134    0.499283316    0.061406029
   24.632580025    0.496171376    0.060790800
   24.660925917    0.491699743    0.060173702
   24.689271809    0.485770631    0.059557602
   24.717617701    0.478224153    0.058946755
   24.745963593    0.468871040    0.058346433
   24.774309485    0.457544162    0.057762353
   24.802655377    0.444155814    0.057199986
   24.831001269    0.428745372    0.056663868
   24.859347160    0.411503650    0.056157049
   24.887693052    0.392765827    0.055680769
   24.916038944    0.372972720    0.055234422
   24.944384836    0.352608370    0.054815815
   24.972730728    0.332128300    0.054421645
   25.001076620    0.311895546    0.054048089
   25.029422512    0.292139912    0.053691396
   25.057768403    0.272950179    0.053348338
   25.086114295    0.254300671    0.053016467
   25.114460187    0.236104735    0.052694136
   25.142806079    0.218280721    0.052380320
   25.171151971    0.200812700    0.052074326
   25.199497863    0.183789518    0.051775487
   25.227843755    0.167411345    0.051482954
   25.256189646    0.151961426    0.051195643
   25.284535538    0.137749949    0.050912386
   25.312881430    0.125044432    0.050632232
   25.341227322    0.114004832    0.050354835
   25.369573214    0.104640657    0.050080821
   25.397919106    0.096801886    0.049812042
   25.426264998    0.090206865    0.049551619
   25.454610889    0.084500805    0.049303775
   25.482956781    0.079330470    0.049073453
   25.511302673    0.074416284    0.048865809
   25.539648565    0.069603549    0.048685674
   25.567994457    0.064879651    0.048537104
   25.596340349    0.060352759    0.048423086
   25.624686241    0.056197425    0.048345478
   25.653032132    0.052580998    0.048305147
   25.681378024    0.049589841    0.048302293
   25.709723916    0.047174539    0.048336841
   25.738069808    0.045128559    0.048408817
   25.766415700    0.043106418    0.048518627
   25.794761592    0.040677434    0.048667159
   25.823107484    0.037402106    0.048855703
   25.851453375    0.032912486    0.049085722
   25.879799267    0.026976928    0.049358519
   25.908145159    0.019533614    0.049674900
   25.936491051    0.010685230    0.050034908
   25.964836943    0.000657006    0.050437691
   25.993182835   -0.010270418    0.050881543
   26.021528727   -0.021835625    0.051364088
   26.049874618   -0.033859168    0.051882583
   26.078220510   -0.046278349    0.052434255
   26.106566402   -0.059145335    0.053016591
   26.134912294   -0.072589498    0.053627523
   26.163258186   -0.086754182    0.054265450
   26.191604078   -0.101724782    0.054929091
   26.219949970   -0.117467419    0.055617201
   26.248295861   -0.133794948    0.056328212
   26.276641753   -0.150370300    0.057059872
   26.304987645   -0.166747940    0.057808961
   26.333333537   -0.182444764    0.058571158
   26.361679429   -0.197024565    0.059341090
   26.390025321   -0.210176848    0.060112546
   26.418371213   -0.221772172    0.060878845
   26.446717104   -0.231881840    0.061633242
   26.475062996   -0.240758143    0.062369332
   26.503408888   -0.248780498    0.063081337
   26.531754780   -0.256380325    0.063764234
   26.560100672   -0.263961731    0.064413701
   26.588446564   -0.271835095    0.065025906
   26.616792456   -0.280176620    0.065597197
   26.645138347   -0.289020089    0.066123781
   26.673484239   -0.298279148    0.066601493
   26.701830131   -0.307791518    0.067025709
   26.730176023   -0.317372176    0.067391460
   26.758521915   -0.326861672    0.067693715
   26.786867807   -0.336158378    0.067927796
   26.815213699   -0.345228624    0.068089796
   26.843559590   -0.354094937    0.068176936
   26.871905482   -0.362808280    0.068187721
   26.900251374   -0.371413843    0.068121889
   26.928597266   -0.379920781    0.067980115
   26.956943158   -0.388284362    0.067763569
   26.985289050   -0.396404869    0.067473417
   27.013634942   -0.404142668    0.067110401
   27.041980834   -0.411344398    0.066674625
   27.070326725   -0.417872436    0.066165629
   27.098672617   -0.423629322    0.065582743
   27.127018509   -0.428570661    0.064925692
   27.155364401   -0.432703499    0.064195300
   27.183710293   -0.436071321    0.063394150
   27.212056185   -0.438730420    0.062527044
   27.240402077   -0.440724546    0.061601133
   27.268747968   -0.442064867    0.060625691
   27.297093860   -0.442720583    0.059611545
   27.325439752   -0.442622360    0.058570297
   27.353785644   -0.441677232    0.057513495
   27.382131536   -0.439790586    0.056451911
   27.410477428   -0.436889084    0.055395088
   27.438823320   -0.432938420    0.054351214
   27.467169211   -0.427951374    0.053327305
   27.495515103   -0.421984417    0.052329616
   27.523860995   -0.415124175    0.051364110
   27.552206887   -0.407467709    0.050436819
   27.580552779   -0.399102021    0.049553971
   27.608898671   -0.390088192    0.048721793
   27.637244563   -0.380454168    0.047946023
   27.665590454   -0.370197813    0.047231226
   27.693936346   -0.359299122    0.046580081
   27.722282238   -0.347738180    0.045992822
   27.750628130   -0.335514022    0.045466987
   27.778974022   -0.322659414    0.044997558
   27.807319914   -0.309247682    0.044577487
   27.835665806   -0.295389686    0.044198500
   27.864011697   -0.281221498    0.043852015
   27.892357589   -0.266885527    0.043529984
   27.920703481   -0.252509421    0.043225485
   27.949049373   -0.238187605    0.042932977
   27.977395265   -0.223969728    0.042648182
   28.005741157   -0.209858815    0.042367717
   28.034087049   -0.195819796    0.042088587
   28.062432940   -0.181796852    0.041807744
   28.090778832   -0.167736062    0.041521853
   28.119124724   -0.153608638    0.041227359
   28.147470616   -0.139429716    0.040920854
   28.175816508   -0.125268394    0.040599650
   28.204162400   -0.111246304    0.040262415
   28.232508292   -0.097524165    0.039909690
   28.260854183   -0.084278191    0.039544135
   28.289200075   -0.071670318    0.039170437
   28.317545967   -0.059817746    0.038794880
   28.345891859   -0.048767718    0.038424678
   28.374237751   -0.038482854    0.038067237
   28.402583643   -0.028840549    0.037729529
   28.430929535   -0.019647408    0.037417720
   28.459275426   -0.010666702    0.037137134
   28.487621318   -0.001654174    0.036892544
   28.515967210    0.007604419    0.036688662
   28.544313102    0.017261230    0.036530685
   28.572658994    0.027386027    0.036424691
   28.601004886    0.037961700    0.036377743
   28.629350778    0.048896296    0.036397626
   28.657696669    0.060048712    0.036492239
   28.686042561    0.071262093    0.036668763
   28.714388453    0.082397155    0.036932789
   28.742734345    0.093357571    0.037287599
   28.771080237    0.104101361    0.037733773
   28.799426129    0.114635565    0.038269200
   28.827772021    0.124995608    0.038889470
   28.856117912    0.135214771    0.039588554
   28.884463804    0.145291976    0.040359563
   28.912809696    0.155167019    0.041195415
   28.941155588    0.164711019    0.042089230
   28.969501480    0.173736498    0.043034380
   28.997847372    0.182026773    0.044024211
   29.026193264    0.189379430    0.045051550
   29.054539155    0.195654727    0.046108181
   29.082885047    0.200817767    0.047184492
   29.111230939    0.204963924    0.048269436
   29.139576831    0.208320130    0.049350893
   29.167922723    0.211219686    0.050416392
   29.196268615    0.214054055    0.051454058
   29.224614507    0.217210369    0.052453591
   29.252960399    0.221006834    0.053407039
   29.281306290    0.225639021    0.054309212
   29.309652182    0.231147982    0.055157622
   29.337998074    0.237416632    0.055951993
   29.366343966    0.244194922    0.056693450
   29.394689858    0.251148303    0.057383627
   29.423035750    0.257919235    0.058023881
   29.451381642    0.264189062    0.058614851
   29.479727533    0.269727884    0.059156436
   29.508073425    0.274423143    0.059648206
   29.536419317    0.278282474    0.060090121
   29.564765209    0.281412098    0.060483356
   29.593111101    0.283977059    0.060831003
   29.621456993    0.286153094    0.061138450
   29.649802885    0.288080965    0.061413316
   29.678148776    0.289832772    0.061664936
   29.706494668    0.291396354    0.061903503
   29.734840560    0.292679471    0.062139064
   29.763186452    0.293530971    0.062380603
   29.791532344    0.293772658    0.062635412
   29.819878236    0.293233842    0.062908892
   29.848224128    0.291780764    0.063204791
   29.876570019    0.289335099    0.063525795
   29.904915911    0.285878854    0.063874288
   29.933261803    0.281446468    0.064253043
   29.961607695    0.276107795    0.064665646
   29.989953587    0.269947412    0.065116502
   30.018299479    0.263045870    0.065610410
   30.046645371    0.255467332    0.066151777
   30.074991262    0.247255768    0.066743662
   30.103337154    0.238439320    0.067386885
   30.131683046    0.229040123    0.068079410
   30.160028938    0.219085524    0.068816187
   30.188374830    0.208616449    0.069589486
   30.216720722    0.197689720    0.070389682
   30.245066614    0.186373096    0.071206319
   30.273412505    0.174734133    0.072029238
   30.301758397    0.162826077    0.072849544
   30.330104289    0.150675242    0.073660230
   30.358450181    0.138274481    0.074456368
   30.386796073    0.125586129    0.075234891
   30.415141965    0.112555639    0.075994074
   30.443487857    0.099134354    0.076732897
   30.471833748    0.085307206    0.077450479
   30.500179640    0.071119286    0.078145737
   30.528525532    0.056694602    0.078817354
   30.556871424    0.042241375    0.079464051
   30.585217316    0.028040624    0.080085047
   30.613563208    0.014418274    0.080680564
   30.641909100    0.001704777    0.081252212
   30.670254991   -0.009810541    0.081803095
   30.698600883   -0.019921327    0.082337599
   30.726946775   -0.028533166    0.082860852
   30.755292667   -0.035672650    0.083377974
   30.783638559   -0.041473348    0.083893274
   30.811984451   -0.046140255    0.084409556
   30.840330343   -0.049899130    0.084927683
   30.868676234   -0.052940748    0.085446496
   30.897022126   -0.055371782    0.085963071
   30.925368018   -0.057183080    0.086473252
   30.953713910   -0.058242751    0.086972324
   30.982059802   -0.058316222    0.087455666
   31.010405694   -0.057109491    0.087919250
   31.038751586   -0.054326528    0.088359892
   31.067097477   -0.049728323    0.088775232
   31.095443369   -0.043180540    0.089163495
   31.123789261   -0.034679136    0.089523117
   31.152135153   -0.024348312    0.089852372
   31.180481045   -0.012411630    0.090149103
   31.208826937    0.000856540    0.090410628
   31.237172829    0.015187269    0.090633846
   31.265518721    0.030367191    0.090815509
   31.293864612    0.046270080    0.090952570
   31.322210504    0.062862037    0.091042521
   31.350556396    0.080179018    0.091083627
   31.378902288    0.098282434    0.091075005
   31.407248180    0.117204198    0.091016528
   31.435594072    0.136895531    0.090908597
   31.463939964    0.157193120    0.090751847
   31.492285855    0.177812092    0.090546871
   31.520631747    0.198368704    0.090294044
   31.548977639    0.218428202    0.089993478
   31.577323531    0.237566969    0.089645133
   31.605669423    0.255434441    0.089249046
   31.634015315    0.271800285    0.088805601
   31.662361207    0.286575991    0.088315793
   31.690707098    0.299806551    0.087781391
   31.719052990    0.311635358    0.087204966
   31.747398882    0.322252229    0.086589783
   31.775744774    0.331838474    0.085939566
   31.804090666    0.340523400    0.085258200
   31.832436558    0.348363250    0.084549436
   31.860782450    0.355347322    0.083816662
   31.889128341    0.361428568    0.083062785
   31.917474233    0.366569209    0.082290251
   31.945820125    0.370787821    0.081501173
   31.974166017    0.374193805    0.080697559
   32.002511909    0.376998583    0.079881554
   32.030857801    0.379499051    0.079055653
   32.059203693    0.382036400    0.078222840
   32.087549584    0.384940121    0.077386599
   32.115895476    0.388471155    0.076550819
   32.144241368    0.392778568    0.075719584
   32.172587260    0.397880699    0.074896896
   32.200933152    0.403675353    0.074086383
   32.229279044    0.409976019    0.073291034
   32.257624936    0.416564321    0.072513007
   32.285970827    0.423244756    0.071753546
   32.314316719    0.429887397    0.071013004
   32.342662611    0.436447695    0.070290973
   32.371008503    0.442958853    0.069586479
   32.399354395    0.449499776    0.068898209
   32.427700287    0.456148190    0.068224718
   32.456046179    0.462932470    0.067564581
   32.484392070    0.469795891    0.066916462
   32.512737962    0.476583393    0.066279087
   32.541083854    0.483054583    0.065651159
   32.569429746    0.488919341    0.065031232
   32.597775638    0.493886039    0.064417604
   32.626121530    0.497708939    0.063808288
   32.654467422    0.500221605    0.063201090
   32.682813313    0.501347218    0.062593817
   32.711159205    0.501083325    0.061984594
   32.739505097    0.499466010    0.061372251
   32.767850989    0.496524524    0.060756699
   32.796196881    0.492240503    0.060139210
   32.824542773    0.486524946    0.059522535
   32.852888665    0.479221408    0.058910785
   32.881234556    0.470136591    0.058309097
   32.909580448    0.459091655    0.057723087
   32.937926340    0.445981313    0.057158197
   32.966272232    0.430824847    0.056619032
   32.994618124    0.413794548    0.056108803
   33.022964016    0.395212412    0.055628988
   33.051309908    0.375513928    0.055179256
   33.079655799    0.355186366    0.054757665
   33.108001691    0.334695755    0.054361093
   33.136347583    0.314420066    0.053985796
   33.164693475    0.294604755    0.053627986
   33.193039367    0.275351356    0.053284305
   33.221385259    0.256641359    0.052952117
   33.249731151    0.238388557    0.052629585
   33.278077042    0.220505617    0.052315539
   33.306422934    0.202966930    0.052009213
   33.334768826    0.185850722    0.051709952
   33.363114718    0.169348845    0.051416975
   33.391460610    0.153741162    0.051129293
   33.419806502    0.139340825    0.050845809
   33.448152394    0.126424561    0.050565579
   33.476498286    0.115166199    0.050288183
   33.504844177    0.105591122    0.050014098
   33.533190069    0.097564036    0.049744974
   33.561535961    0.090813957    0.049483730
   33.589881853    0.084990666    0.049234424
   33.618227745    0.079738677    0.049001910
   33.646573637    0.074770114    0.048791350
   33.674919529    0.069918003    0.048607666
   33.703265420    0.065156437    0.048455054
   33.731611312    0.060582468    0.048336663
   33.759957204    0.056364422    0.048254480
   33.788303096    0.052669960    0.048209451
   33.816648988    0.049592465    0.048201785
   33.844994880    0.047094870    0.048231361
   33.873340772    0.044985649    0.048298133
   33.901686663    0.042933622    0.048402437
   33.930032555    0.040518348    0.048545123
   33.958378447    0.037303988    0.048727500
   33.986724339    0.032918564    0.048951101
   34.015070231    0.027119339    0.049217339
   34.043416123    0.019828595    0.049527146
   34.071762015    0.011131699    0.049880676
   34.100107906    0.001238868    0.050277159
   34.128453798   -0.009578813    0.050714920
   34.156799690   -0.021062247    0.051191581
   34.185145582   -0.033027133    0.051704367
   34.213491474   -0.045400693    0.052250468
   34.241837366   -0.058223141    0.052827346
   34.270183258   -0.071613918    0.053432932
   34.298529149   -0.085711880    0.054065650
   34.326875041   -0.100605366    0.054724263
   34.355220933   -0.116270815    0.055407587
   34.383566825   -0.132536575    0.056114112
   34.411912717   -0.149082418    0.056841643
   34.440258609   -0.165476441    0.057587013
   34.468604501   -0.181241896    0.058345959
   34.496950392   -0.195939152    0.059113166
   34.525296284   -0.209244331    0.059882497
   34.553642176   -0.221006924    0.060647335
   34.581988068   -0.231273729    0.061400994
   34.610333960   -0.240274319    0.062137090
   34.638679852   -0.248372070    0.062849820
   34.667025744   -0.255992381    0.063534081
   34.695371635   -0.263544334    0.064185423
   34.723717527   -0.271352632    0.064799865
   34.752063419   -0.279613366    0.065373617
   34.780409311   -0.288380828    0.065902804
   34.808755203   -0.297584987    0.066383261
   34.837101095   -0.307072261    0.066810469
   34.865446987   -0.316657437    0.067179653
   34.893792878   -0.326173158    0.067486040
   34.922138770   -0.335505308    0.067725211
   34.950484662   -0.344607307    0.067893472
   34.978830554   -0.353492336    0.067988154
   35.007176446   -0.362208260    0.068007748
   35.035522338   -0.370804115    0.067951853
   35.063868230   -0.379298432    0.067820918
   35.092214121   -0.387658372    0.067615855
   35.120560013   -0.395794934    0.067337599
   35.148905905   -0.403574792    0.066986744
   35.177251797   -0.410844627    0.066563363
   35.205597689   -0.417460647    0.066067066
   35.233943581   -0.423314911    0.065497330
   35.262289473   -0.428351352    0.064854041
   35.290635364   -0.432567575    0.064138138
   35.318981256   -0.436002518    0.063352222
   35.347327148   -0.438713981    0.062500990
   35.375673040   -0.440752589    0.061591375
   35.404018932   -0.442139487    0.060632355
   35.432364824   -0.442853794    0.059634450
   35.460710716   -0.442832954    0.058609000
   35.489056607   -0.441985552    0.057567385
   35.517402499   -0.440212790    0.056520331
   35.545748391   -0.437432632    0.055477443
   35.574094283   -0.433600081    0.054447044
   35.602440175   -0.428718296    0.053436307
   35.630786067   -0.422837864    0.052451606
   35.659131959   -0.416044765    0.051498946
   35.687477851   -0.408440552    0.050584314
   35.715823742   -0.400120232    0.049713814
   35.744169634   -0.391153779    0.048893510
   35.772515526   -0.381576106    0.048128983
   35.800861418   -0.371387943    0.047424692
   35.829207310   -0.360567177    0.046783289
   35.857553202   -0.349087434    0.046205064
   35.885899094   -0.336938855    0.045687675
   35.914244985   -0.324145472    0.045226251
   35.942590877   -0.310774521    0.044813871
   35.970936769   -0.296935080    0.044442334
   35.999282661   -0.282766102    0.044103059
   36.027628553   -0.268416576    0.043787929
   36.055974445   -0.254022456    0.043489910
   36.084320337   -0.239685851    0.043203331
   36.112666228   -0.225461453    0.042923819
   36.141012120   -0.211353548    0.042647942
   36.169358012   -0.197324558    0.042372726
   36.197703904   -0.183313437    0.042095195
   36.226049796   -0.169260023    0.041812124
   36.254395688   -0.155130056    0.041520067
   36.282741580   -0.140935300    0.041215697
   36.311087471   -0.126744135    0.040896366
   36.339433363   -0.112679842    0.040560732
   36.367779255   -0.098906276    0.040209283
   36.396125147   -0.085603198    0.039844613
   36.424471039   -0.072935658    0.039471342
   36.452816931   -0.061023212    0.039095704
   36.481162823   -0.049914947    0.038724890
   36.509508714   -0.039575423    0.038366305
   36.537854606   -0.029884695    0.038026927
   36.566200498   -0.020652971    0.037712927
   36.594546390   -0.011647696    0.037429616
   36.622892282   -0.002628347    0.037181731
   36.651238174    0.006617370    0.036973939
   36.679584066    0.016242662    0.036811382
   36.707929957    0.026321954    0.036700098
   36.736275849    0.036846024    0.036647129
   36.764621741    0.047732625    0.036660266
   36.792967633    0.058850032    0.036747437
   36.821313525    0.070048138    0.036915866
   36.849659417    0.081190007    0.037171186
   36.878005309    0.092176641    0.037516712
   36.906351200    0.102959195    0.037953043
   36.934697092    0.113535764    0.038478071
   36.963042984    0.123933617    0.039087392
   36.991388876    0.134181438    0.039774986
   37.019734768    0.144278896    0.040533997
   37.048080660    0.154172050    0.041357391
   37.076426552    0.163742161    0.042238354
   37.104772443    0.172812670    0.043170325
   37.133118335    0.181174865    0.044146702
   37.161464227    0.188628088    0.045160344
   37.189810119    0.195026343    0.046203043
   37.218156011    0.200320823    0.047265174
   37.246501903    0.204587913    0.048335681
   37.274847795    0.208034726    0.049402456
   37.303193686    0.210978768    0.050453073
   37.331539578    0.213803903    0.051475745
   37.359885470    0.216900211    0.052460284
   37.388231362    0.220599206    0.053398857
   37.416577254    0.225117400    0.054286359
   37.444923146    0.230519792    0.055120328
   37.473269038    0.236710913    0.055900435
   37.501614929    0.243455299    0.056627684
   37.529960821    0.250423090    0.057303538
   37.558306713    0.257251182    0.057929184
   37.586652605    0.263607236    0.058505132
   37.614998497    0.269243539    0.059031233
   37.643344389    0.274030275    0.059507103
   37.671690281    0.277962519    0.059932817
   37.700036172    0.281141163    0.060309694
   37.728382064    0.283733554    0.060640931
   37.756727956    0.285923712    0.060931923
   37.785073848    0.287863609    0.061190155
   37.813419740    0.289636016    0.061424690
   37.841765632    0.291236068    0.061645345
   37.870111524    0.292573983    0.061861769
   37.898457416    0.293496408    0.062082610
   37.926803307    0.293819866    0.062314962
   37.955149199    0.293367604    0.062564210
   37.983495091    0.292001180    0.062834248
   38.011840983    0.289640274    0.063128002
   38.040186875    0.286267640    0.063448078
   38.068532767    0.281920067    0.063797321
   38.096878659    0.276669551    0.064179150
   38.125224550    0.270600803    0.064597524
   38.153570442    0.263791483    0.065056553
   38.181916334    0.256299988    0.065559841
   38.210262226    0.248163039    0.066109702
   38.238608118    0.239402207    0.066706459
   38.266954010    0.230035979    0.067347984
   38.295299902    0.220092480    0.068029611
   38.323645793    0.209618014    0.068744428
   38.351991685    0.198678073    0.069483915
   38.380337577    0.187349881    0.070238779
   38.408683469    0.175708323    0.070999819
   38.437029361    0.163809390    0.071758675
   38.465375253    0.151676445    0.072508321
   38.493721145    0.139294338    0.073243268
   38.522067036    0.126614712    0.073959499
   38.550412928    0.113573063    0.074654216
   38.578758820    0.100115017    0.075325522
   38.607104712    0.086226526    0.075972160
   38.635450604    0.071961093    0.076593374
   38.663796496    0.057457034    0.077188936
   38.692142388    0.042939421    0.077759298
   38.720488279    0.028704350    0.078305783
   38.748834171    0.015086961    0.078830734
   38.777180063    0.002418387    0.079337504
   38.805525955   -0.009020357    0.079830254
   38.833871847   -0.019038241    0.080313548
   38.862217739   -0.027559270    0.080791801
   38.890563631   -0.034626750    0.081268686
   38.918909522   -0.040384859    0.081746607
   38.947255414   -0.045040339    0.082226357
   38.975601306   -0.048811432    0.082707024
   39.003947198   -0.051874237    0.083186161
   39.032293090   -0.054317559    0.083660180
   39.060638982   -0.056115959    0.084124878
   39.088984874   -0.057127071    0.084575988
   39.117330765   -0.057114247    0.085009634
   39.145676657   -0.055790104    0.085422616
   39.174022549   -0.052871908    0.085812479
   39.202368441   -0.048136971    0.086177392
   39.230714333   -0.041466061    0.086515880
   39.259060225   -0.032865389    0.086826514
   39.287406117   -0.022462499    0.087107634
   39.315752008   -0.010477357    0.087357191
   39.344097900    0.002824293    0.087572737
   39.372443792    0.017184010    0.087751563
   39.400789684    0.032397313    0.087890938
   39.429135576    0.048342481    0.087988399
   39.457481468    0.064984403    0.088041992
   39.485827360    0.082352463    0.088050429
   39.514173251    0.100497960    0.088013114
   39.542519143    0.119441841    0.087930039
   39.570865035    0.139126201    0.087801596
   39.599210927    0.159382426    0.087628347
   39.627556819    0.179924970    0.087410822
   39.655902711    0.200373566    0.087149394
   39.684248603    0.220299662    0.086844266
   39.712594494    0.239286720    0.086495572
   39.740940386    0.256990473    0.086103554
   39.769286278    0.273185081    0.085668783
   39.797632170    0.287784565    0.085192352
   39.825978062    0.300835028    0.084676001
   39.854323954    0.312480536    0.084122135
   39.882669846    0.322912069    0.083533728
   39.911015738    0.332313175    0.082914140
   39.939361629    0.340816498    0.082266871
   39.967707521    0.348482264    0.081595322
   39.996053413    0.355303704    0.080902599
   40.024399305    0.361237003    0.080191413
   40.052745197    0.366246586    0.079464080
   40.081091089    0.370352256    0.078722630
   40.109436981    0.373664032    0.077968983
   40.137782872    0.376393770    0.077205161
   40.166128764    0.378838847    0.076433480
   40.194474656    0.381340843    0.075656673
   40.222820548    0.384229035    0.074877926
   40.251166440    0.387762876    0.074100802
   40.279512332    0.392088178    0.073329070
   40.307858224    0.397218280    0.072566469
   40.336204115    0.403044955    0.071816440
   40.364550007    0.409375979    0.071081887
   40.392895899    0.415989211    0.070364994
   40.421241791    0.422688687    0.069667131
   40.449587683    0.429347855    0.068988859
   40.477933575    0.435928693    0.068330024
   40.506279467    0.442472162    0.067689913
   40.534625358    0.449063392    0.067067436
   40.562971250    0.455781965    0.066461292
   40.591317142    0.462651733    0.065870097
   40.619663034    0.469604652    0.065292435
   40.648008926    0.476469116    0.064726862
   40.676354818    0.482986302    0.064171849
   40.704700710    0.488850111    0.063625731
   40.733046601    0.493759563    0.063086674
   40.761392493    0.497468941    0.062552708
   40.789738385    0.499821622    0.062021861
   40.818084277    0.500758148    0.061492367
   40.846430169    0.500296577    0.060962950
   40.874776061    0.498491217    0.060433133
   40.903121953    0.495382365    0.059903496
   40.931467844    0.490952620    0.059375848
   40.959813736    0.485103935    0.058853234
   40.988159628    0.477663947    0.058339776
   41.016505520    0.468421961    0.057840327
   41.044851412    0.457186369    0.057360006
   41.073197304    0.443848678    0.056903652
   41.101543196    0.428436727    0.056475295
   41.129889087    0.411141744    0.056077732
   41.158234979    0.392310306    0.055712255
   41.186580871    0.372401317    0.055378587
   41.214926763    0.351917394    0.055075017
   41.243272655    0.331326972    0.054798694
   41.271618547    0.310996234    0.054546033
   41.299964439    0.291147591    0.054313137
   41.328310330    0.271854695    0.054096187
   41.356656222    0.253074403    0.053891725
   41.385002114    0.234706456    0.053696828
   41.413348006    0.216664338    0.053509165
   41.441693898    0.198937896    0.053326979
   41.470039790    0.181630582    0.053149037
   41.498385682    0.164961064    0.052974594
   41.526731573    0.149228545    0.052803402
   41.555077465    0.134750941    0.052635773
   41.583423357    0.121792363    0.052472674
   41.611769249    0.110499325    0.052315822
   41.640115141    0.100862762    0.052167731
   41.668461033    0.092716136    0.052031665
   41.696806925    0.085770335    0.051911492
   41.725152816    0.079676329    0.051811427
   41.753498708    0.074099293    0.051735713
   41.781844600    0.068784984    0.051688292
   41.810190492    0.063601384    0.051672515
   41.838536384    0.058545330    0.051690978
   41.866882276    0.053713209    0.051745483
   41.895228168    0.049244316    0.051837154
   41.923574059    0.045252589    0.051966666
   41.951919951    0.041765295    0.052134528
   41.980265843    0.038685116    0.052341371
   42.008611735    0.035785680    0.052588140
   42.036957627    0.032741527    0.052876182
   42.065303519    0.029184406    0.053207177
   42.093649411    0.024770985    0.053582953
   42.121995303    0.019244325    0.054005210
   42.150341194    0.012473504    0.054475237
   42.178687086    0.004461965    0.054993660
   42.207032978   -0.004676303    0.055560311
   42.235378870   -0.014764964    0.056174212
   42.263724762   -0.025623732    0.056833706
   42.292070654   -0.037120319    0.057536683
   42.320416546   -0.049201365    0.058280861
   42.348762437   -0.061893771    0.059064061
   42.377108329   -0.075276173    0.059884411
   42.405454221   -0.089428598    0.060740442
   42.433800113   -0.104374512    0.061631055
   42.462146005   -0.120031852    0.062555363
   42.490491897   -0.136187558    0.063512446
   42.518837789   -0.152504296    0.064501052
   42.547183680   -0.168559861    0.065519322
   42.575529572   -0.183911462    0.066564564
   42.603875464   -0.198170672    0.067633146
   42.632221356   -0.211072038    0.068720511
   42.660567248   -0.222519711    0.069821321
   42.688913140   -0.232601635    0.070929719
   42.717259032   -0.241568390    0.072039656
   42.745604923   -0.249781941    0.073145248
   42.773950815   -0.257646093    0.074241082
   42.802296707   -0.265534088    0.075322440
   42.830642599   -0.273728587    0.076385392
   42.858988491   -0.282385566    0.077426727
   42.887334383   -0.291527493    0.078443738
   42.915680275   -0.301064138    0.079433904
   42.944026166   -0.310833243    0.080394500
   42.972372058   -0.320649493    0.081322236
   43.000717950   -0.330349480    0.082212976
   43.029063842   -0.339822605    0.083061623
   43.057409734   -0.349022354    0.083862173
   43.085755626   -0.357957822    0.084607966
   43.114101518   -0.366670282    0.085292071
   43.142447409   -0.375202880    0.085907736
   43.170793301   -0.383572475    0.086448815
   43.199139193   -0.391751182    0.086910075
   43.227485085   -0.399661928    0.087287317
   43.255830977   -0.407188220    0.087577292
   43.284176869   -0.414194553    0.087777421
   43.312522761   -0.420551315    0.087885409
   43.340868652   -0.426157277    0.087898846
   43.369214544   -0.430953901    0.087814911
   43.397560436   -0.434928198    0.087630280
   43.425906328   -0.438104114    0.087341288
   43.454252220   -0.440525409    0.086944350
   43.482598112   -0.442235058    0.086436553
   43.510944004   -0.443256796    0.085816337
   43.539289895   -0.443583578    0.085084095
   43.567635787   -0.443175661    0.084242570
   43.595981679   -0.441968394    0.083296966
   43.624327571   -0.439887294    0.082254709
   43.652673463   -0.436866235    0.081124925
   43.681019355   -0.432863963    0.079917706
   43.709365247   -0.427874766    0.078643324
   43.737711138   -0.421930789    0.077311528
   43.766057030   -0.415095660    0.075931055
   43.794402922   -0.407451297    0.074509426
   43.822748814   -0.399081425    0.073053035
   43.851094706   -0.390056021    0.071567471
   43.879440598   -0.380420609    0.070057967
   43.907786490   -0.370193028    0.068529850
   43.936132381   -0.359368396    0.066988876
   43.964478273   -0.347930964    0.065441369
   43.992824165   -0.335869848    0.063894148
   44.021170057   -0.323194616    0.062354272
   44.049515949   -0.309946742    0.060828685
   44.077861841   -0.296203784    0.059323859
   44.106207733   -0.282074887    0.057845530
   44.134553624   -0.267688204    0.056398595
   44.162899516   -0.253172828    0.054987177
   44.191245408   -0.238639208    0.053614843
   44.219591300   -0.224162629    0.052284893
   44.247937192   -0.209773828    0.051000644
   44.276283084   -0.195459416    0.049765628
   44.304628976   -0.181172645    0.048583655
   44.332974868   -0.166852713    0.047458712
   44.361320759   -0.152448699    0.046394752
   44.389666651   -0.137942878    0.045395401
   44.418012543   -0.123367950    0.044463675
   44.446358435   -0.108813677    0.043601762
   44.474704327   -0.094420474    0.042810925
   44.503050219   -0.080360282    0.042091521
   44.531396111   -0.066807855    0.041443133
   44.559742002   -0.053907984    0.040864772
   44.588087894   -0.041745379    0.040355082
   44.616433786   -0.030323811    0.039912525
   44.644779678   -0.019559439    0.039535502
   44.673125570   -0.009290438    0.039222419
   44.701471462    0.000698387    0.038971702
   44.729817354    0.010640566    0.038781802
   44.758163245    0.020749501    0.038651221
   44.786509137    0.031184383    0.038578572
   44.814855029    0.042027511    0.038562683
   44.843200921    0.053277512    0.038602731
   44.871546813    0.064859415    0.038698366
   44.899892705    0.076648707    0.038849806
   44.928238597    0.088503240    0.039057858
   44.956584488    0.100295088    0.039323865
   44.984930380    0.111934482    0.039649579
   45.013276272    0.123379999    0.040036981
   45.041622164    0.134632662    0.040488083
   45.069968056    0.145715776    0.041004756
   45.098313948    0.156646178    0.041588595
   45.126659840    0.167405107    0.042240849
   45.155005731    0.177917409    0.042962396
   45.183351623    0.188046140    0.043753762
   45.211697515    0.197606017    0.044615145
   45.240043407    0.206394528    0.045546427
   45.268389299    0.214234853    0.046547159
   45.296735191    0.221021245    0.047616526
   45.325081083    0.226756155    0.048753296
   45.353426974    0.231569456    0.049955770
   45.381772866    0.235713608    0.051221771
   45.410118758    0.239533717    0.052548658
   45.438464650    0.243416987    0.053933387
   45.466810542    0.247730896    0.055372595
   45.495156434    0.252762197    0.056862686
   45.523502326    0.258669087    0.058399898
   45.551848217    0.265456295    0.059980326
   45.580194109    0.272978114    0.061599898
   45.608540001    0.280968564    0.063254310
   45.636885893    0.289092159    0.064938940
   45.665231785    0.297004632    0.066648772
   45.693577677    0.304411147    0.068378352
   45.721923569    0.311110546    0.070121807
   45.750269460    0.317017607    0.071872931
   45.778615352    0.322160382    0.073625324
   45.806961244    0.326655130    0.075372577
   45.835307136    0.330665997    0.077108475
   45.863653028    0.334359305    0.078827186
   45.891998920    0.337862695    0.080523435
   45.920344812    0.341237343    0.082192643
   45.948690703    0.344467814    0.083831040
   45.977036595    0.347469650    0.085435766
   46.005382487    0.350110821    0.087004963
   46.033728379    0.352240406    0.088537851
   46.062074271    0.353717104    0.090034796
   46.090420163    0.354431178    0.091497341
   46.118766055    0.354316023    0.092928177
   46.147111946    0.353348675    0.094331038
   46.175457838    0.351541544    0.095710510
   46.203803730    0.348929570    0.097071755
   46.232149622    0.345557511    0.098420194
   46.260495514    0.341471133    0.099761169
   46.288841406    0.336714154    0.101099644
   46.317187298    0.331330473    0.102439989
   46.345533190    0.325369372    0.103785871
   46.373879081    0.318890398    0.105140261
   46.402224973    0.311964936    0.106505545
   46.430570865    0.304672817    0.107883691
   46.458916757    0.297094232    0.109276435
   46.487262649    0.289299142    0.110685445
   46.515608541    0.281337521    0.112112405
   46.543954433    0.273233907    0.113559043
   46.572300324    0.264988610    0.115027082
   46.600646216    0.256585974    0.116518165
   46.628992108    0.248007857    0.118033774
   46.657338000    0.239248643    0.119575204
   46.685683892    0.230327303    0.121143579
   46.714029784    0.221292567    0.122739952
   46.742375676    0.212219017    0.124365438
   46.770721567    0.203194522    0.126021362
   46.799067459    0.194302027    0.127709368
   46.827413351    0.185600616    0.129431456
   46.855759243    0.177111321    0.131189926
   46.884105135    0.168812088    0.132987208
   46.912451027    0.160643914    0.134825622
   46.940796919    0.152526993    0.136707096
   46.969142810    0.144382669    0.138632882
   46.997488702    0.136155036    0.140603342
   47.025834594    0.127825693    0.142617819
   47.054180486    0.119416771    0.144674628
   47.082526378    0.110980492    0.146771158
   47.110872270    0.102577429    0.148904069
   47.139218162    0.094249247    0.151069543
   47.167564053    0.085993911    0.153263556
   47.195909945    0.077751514    0.155482125
   47.224255837    0.069406696    0.157721499
   47.252601729    0.060809556    0.159978277
   47.280947621    0.051812025    0.162249450
   47.309293513    0.042312070    0.164532360
   47.337639405    0.032295141    0.166824611
   47.365985296    0.021861892    0.169123934
   47.394331188    0.011233621    0.171428053
   47.422677080    0.000731716    0.173734559
   47.451022972   -0.009266480    0.176040825
   47.479368864   -0.018387027    0.178343971
   47.507714756   -0.026321378    0.180640892
   47.536060648   -0.032877001    0.182928335
   47.564406539   -0.038004618    0.185203023
   47.592752431   -0.041794968    0.187461781
   47.621098323   -0.044444892    0.189701664
   47.649444215   -0.046199662    0.191920025
   47.677790107   -0.047284198    0.194114532
   47.706135999   -0.047838657    0.196283111
   47.734481891   -0.047873105    0.198423830
   47.762827782   -0.047251748    0.200534759
   47.791173674   -0.045710386    0.202613832
   47.819519566   -0.042903107    0.204658761
   47.847865458   -0.038467466    0.206667041
   47.876211350   -0.032093192    0.208636041
   47.904557242   -0.023578891    0.210563184
   47.932903134   -0.012864242    0.212446180
   47.961249025   -0.000031286    0.214283246
   47.989594917    0.014724132    0.216073259
   48.017940809    0.031142549    0.217815805
   48.046286701    0.048959501    0.219511074
   48.074632593    0.067957637    0.221159644
   48.102978485    0.087999459    0.222762171
   48.131324377    0.109032926    0.224319088
   48.159670268    0.131069223    0.225830366
   48.188016160    0.154139062    0.227295438
   48.216362052    0.178239314    0.228713301
   48.244707944    0.203284119    0.230082807
   48.273053836    0.229073472    0.231403081
   48.301399728    0.255287799    0.232673974
   48.329745620    0.281510482    0.233896434
   48.358091511    0.307273317    0.235072706
   48.386437403    0.332114214    0.236206276
   48.414783295    0.355633514    0.237301548
   48.443129187    0.377535882    0.238363310
   48.471475079    0.397648534    0.239396070
   48.499820971    0.415912710    0.240403413
   48.528166863    0.432352179    0.241387497
   48.556512755    0.447028358    0.242348803
   48.584858646    0.459994916    0.243286194
   48.613204538    0.471264670    0.244197251
   48.641550430    0.480798094    0.245078835
   48.669896322    0.488516886    0.245927734
   48.698242214    0.494339130    0.246741260
   48.726588106    0.498226551    0.247517687
   48.754933998    0.500230709    0.248256438
   48.783279889    0.500524718    0.248958024
   48.811625781    0.499410311    0.249623769
   48.839971673    0.497296090    0.250255418
   48.868317565    0.494650002    0.250854760
   48.896663457    0.491935785    0.251423355
   48.925009349    0.489547460    0.251962452
   48.953355241    0.487756921    0.252473110
   48.981701132    0.486686813    0.252956483
   49.010047024    0.486314993    0.253414186
   49.038392916    0.486509265    0.253848620
   49.066738808    0.487083718    0.254263162
   49.095084700    0.487862686    0.254662147
   49.123430592    0.488736481    0.255050601
   49.151776484    0.489695105    0.255433787
   49.180122375    0.490831663    0.255816619
   49.208468267    0.492314795    0.256203082
   49.236814159    0.494337277    0.256595760
   49.265160051    0.497053920    0.256995578
   49.293505943    0.500524672    0.257401799
   49.321851835    0.504677495    0.257812295
   49.350197727    0.509300608    0.258224019
   49.378543618    0.514066268    0.258633612
   49.406889510    0.518580275    0.259038021
   49.435235402    0.522444926    0.259435023
   49.463581294    0.525319838    0.259823590
   49.491927186    0.526965809    0.260204028
   49.520273078    0.527261462    0.260577906
   49.548618970    0.526189685    0.260947784
   49.576964861    0.523798909    0.261316825
   49.605310753    0.520150970    0.261688338
   49.633656645    0.515270883    0.262065347
   49.662002537    0.509113364    0.262450234
   49.690348429    0.501556437    0.262844499
   49.718694321    0.492425080    0.263248670
   49.747040213    0.481539624    0.263662356
   49.775386104    0.468776528    0.264084423
   49.803731996    0.454125328    0.264513273
   49.832077888    0.437725858    0.264947185
   49.860423780    0.419874484    0.265384667
   49.888769672    0.400995757    0.265824780
   49.917115564    0.381584730    0.266267399
   49.945461456    0.362132886    0.266713364
   49.973807347    0.343055119    0.267164515
   50.002153239    0.324635314    0.267623597
   50.030499131    0.307003638    0.268094053
   50.058845023    0.290150850    0.268579733
   50.087190915    0.273975587    0.269084562
   50.115536807    0.258352232    0.269612219
   50.143882699    0.243201681    0.270165872
   50.172228590    0.228546455    0.270748007
   50.200574482    0.214535561    0.271360378
   50.228920374    0.201432070    0.272004064
   50.257266266    0.189565904    0.272679627
   50.285612158    0.179263181    0.273387319
   50.313958050    0.170769525    0.274127304
   50.342303942    0.164186504    0.274899837
   50.370649833    0.159437243    0.275705386
   50.398995725    0.156270270    0.276544652
   50.427341617    0.154301374    0.277418512
   50.455687509    0.153084161    0.278327900
   50.484033401    0.152193215    0.279273649
   50.512379293    0.151301009    0.280256350
   50.540725185    0.150231523    0.281276243
   50.569071076    0.148979334    0.282333178
   50.597416968    0.147691254    0.283426650
   50.625762860    0.146616285    0.284555896
   50.654108752    0.146036584    0.285720032
   50.682454644    0.146195799    0.286918207
   50.710800536    0.147240710    0.288149724
   50.739146428    0.149188013    0.289414129
   50.767492320    0.151921531    0.290711223
   50.795838211    0.155217798    0.292041018
   50.824184103    0.158791787    0.293403645
   50.852529995    0.162350798    0.294799234
   50.880875887    0.165644024    0.296227812
   50.909221779    0.168497732    0.297689231
   50.937567671    0.170830590    0.299183169
   50.965913563    0.172648914    0.300709200
   50.994259454    0.174026293    0.302266919
   51.022605346    0.175074875    0.303856116
   51.050951238    0.175916292    0.305476940
   51.079297130    0.176658716    0.307130017
   51.107643022    0.177383720    0.308816482
   51.135988914    0.178143315    0.310537892
   51.164334806    0.178964830    0.312296021
   51.192680697    0.179859772    0.314092545
   51.221026589    0.180832733    0.315928679
   51.249372481    0.181887550    0.317804817
   51.277718373    0.183029655    0.319720241
   51.306064265    0.184265284    0.321672979
   51.334410157    0.185599257    0.323659830
   51.362756049    0.187033214    0.325676578
   51.391101940    0.188565506    0.327718355
   51.419447832    0.190192831    0.329780090
   51.447793724    0.191912605    0.331856952
   51.476139616    0.193724521    0.333944709
   51.504485508    0.195629955    0.336039899
   51.532831400    0.197628777    0.338139807
   51.561177292    0.199714376    0.340242210
   51.589523183    0.201868774    0.342344976
   51.617869075    0.204060186    0.344445577
   51.646214967    0.206244890    0.346540641
   51.674560859    0.208374039    0.348625629
   51.702906751    0.210404240    0.350694726
   51.731252643    0.212309126    0.352740965
   51.759598535    0.214088249    0.354756566
   51.787944426    0.215769837    0.356733418
   51.816290318    0.217405469    0.358663598
   51.844636210    0.219057016    0.360539819
   51.872982102    0.220778781    0.362355724
   51.901327994    0.222599700    0.364105963
   51.929673886    0.224511165    0.365786074
   51.958019778    0.226465017    0.367392214
   51.986365669    0.228383771    0.368920830
   52.014711561    0.230181709    0.370368392
   52.043057453    0.231792078    0.371731260
   52.071403345    0.233193287    0.373005754
   52.099749237    0.234426436    0.374188418
   52.128095129    0.235598158    0.375276432
   52.156441021    0.236866185    0.376268075
   52.184786912    0.238409541    0.377163125
   52.213132804    0.240389560    0.377963110
   52.241478696    0.242910866    0.378671331
   52.269824588    0.245992084    0.379292659
   52.298170480    0.249554213    0.379833148
   52.326516372    0.253430465    0.380299549
   52.354862264    0.257396191    0.380698845
   52.383208155    0.261212464    0.381037891
   52.411554047    0.264673352    0.381323238
   52.439899939    0.267645935    0.381561146
   52.468245831    0.270093830    0.381757752
   52.496591723    0.272079138    0.381919300
   52.524937615    0.273743089    0.382052331
   52.553283507    0.275270917    0.382163745
   52.581629398    0.276850202    0.382260665
   52.609975290    0.278633162    0.382350108
   52.638321182    0.280711859    0.382438515
   52.666667074    0.283111469    0.382531231
   52.695012966    0.285801739    0.382632063
   52.723358858    0.288721901    0.382743029
   52.751704750    0.291810984    0.382864351
   52.780050641    0.295034411    0.382994725
   52.808396533    0.298399360    0.383131803
   52.836742425    0.301954917    0.383272785
   52.865088317    0.305777602    0.383414997
   52.893434209    0.309947060    0.383556324
   52.921780101    0.314519383    0.383695418
   52.950125993    0.319506041    0.383831636
   52.978471885    0.324864548    0.383964761
   53.006817776    0.330503555    0.384094597
   53.035163668    0.336300887    0.384220547
   53.063509560    0.342129507    0.384341318
   53.091855452    0.347884340    0.384454837
   53.120201344    0.353502955    0.384558419
   53.148547236    0.358975104    0.384649151
   53.176893128    0.364339395    0.384724420
   53.205239019    0.369668997    0.384782461
   53.233584911    0.375051040    0.384822785
   53.261930803    0.380565668    0.384846417
   53.290276695    0.386270109    0.384855877
   53.318622587    0.392191032    0.384854927
   53.346968479    0.398325514    0.384848164
   53.375314371    0.404648207    0.384840572
   53.403660262    0.411120533    0.384837128
   53.432006154    0.417697604    0.384842591
   53.460352046    0.424329924    0.384861480
   53.488697938    0.430959390    0.384898251
   53.517043830    0.437511783    0.384957579
   53.545389722    0.443889846    0.385044655
   53.573735614    0.449971604    0.385165371
   53.602081505    0.455617347    0.385326311
   53.630427397    0.460686185    0.385534507
   53.658773289    0.465059816    0.385796993
   53.687119181    0.468668311    0.386120228
   53.715465073    0.471511124    0.386509518
   53.743810965    0.473666882    0.386968557
   53.772156857    0.475287765    0.387499201
   53.800502748    0.476577972    0.388101512
   53.828848640    0.477759901    0.388774066
   53.857194532    0.479035103    0.389514453
   53.885540424    0.480548788    0.390319834
   53.913886316    0.482366167    0.391187432
   53.942232208    0.484466179    0.392114848
   53.970578100    0.486754012    0.393100112
   53.998923991    0.489089147    0.394141496
   54.027269883    0.491321890    0.395237130
   54.055615775    0.493329393    0.396384556
   54.083961667    0.495042498    0.397580325
   54.112307559    0.496457370    0.398819786
   54.140653451    0.497629956    0.400097123
   54.168999343    0.498655792    0.401405668
   54.197345234    0.499641331    0.402738428
   54.225691126    0.500674855    0.404088725
   54.254037018    0.501804685    0.405450813
   54.282382910    0.503030015    0.406820338
   54.310728802    0.504305985    0.408194551
   54.339074694    0.505560626    0.409572216
   54.367420586    0.506718192    0.410953270
   54.395766477    0.507721947    0.412338273
   54.424112369    0.508550009    0.413727820
   54.452458261    0.509220177    0.415121992
   54.480804153    0.509783009    0.416520003
   54.509150045    0.510305788    0.417920071
   54.537495937    0.510852506    0.419319548
   54.565841829    0.511465861    0.420715253
   54.594187720    0.512156392    0.422103923
   54.622533612    0.512901553    0.423482685
   54.650879504    0.513654527    0.424849444
   54.679225396    0.514359728    0.426203114
   54.707571288    0.514970135    0.427543669
   54.735917180    0.515461284    0.428872010
   54.764263072    0.515837935    0.430189708
   54.792608963    0.516131766    0.431498676
   54.820954855    0.516391141    0.432800849
   54.849300747    0.516666332    0.434097924
   54.877646639    0.516994738    0.435391194
   54.905992531    0.517390514    0.436681491
   54.934338423    0.517841523    0.437969213
   54.962684315    0.518314244    0.439254414
   54.991030207    0.518764880    0.440536917
   55.019376098    0.519153131    0.441816417
   55.047721990    0.519454416    0.443092570
   55.076067882    0.519666939    0.444365033
   55.104413774    0.519811664    0.445633489
   55.132759666    0.519925442    0.446897644
   55.161105558    0.520049574    0.448157213
   55.189451450    0.520217393    0.449411908
   55.217797341    0.520444637    0.450661426
   55.246143233    0.520725411    0.451905442
   55.274489125    0.521034786    0.453143603
   55.302835017    0.521337065    0.454375525
   55.331180909    0.521597033    0.455600802
   55.359526801    0.521790733    0.456819017
   55.387872693    0.521912526    0.458029771
   55.416218584    0.521976396    0.459232721
   55.444564476    0.522011285    0.460427634
   55.472910368    0.522052016    0.461614425
   55.501256260    0.522128676    0.462793189
   55.529602152    0.522257721    0.463964196
   55.557948044    0.522437427    0.465127851
   55.586293936    0.522648978    0.466284622
   55.614639827    0.522862705    0.467434938
   55.642985719    0.523047450    0.468579101
   55.671331611    0.523180155    0.469717210
   55.699677503    0.523252738    0.470849151
   55.728023395    0.523274259    0.471974640
   55.756369287    0.523267814    0.473093321
   55.784715179    0.523263234    0.474204907
   55.813061070    0.523287903    0.475309304
   55.841406962    0.523358531    0.476406708
   55.869752854    0.523476360    0.477497606
   55.898098746    0.523627193    0.478582701
   55.926444638    0.523786106    0.479662740
   55.954790530    0.523925339    0.480738288
   55.983136422    0.524022867    0.481809506
   56.011482313    0.524069030    0.482875983
   56.039828205    0.524069260    0.483936673
   56.068174097    0.524042136    0.484989970
   56.096519989    0.524013470    0.486033914
   56.124865881    0.524008309    0.487066500
   56.153211773    0.524043334    0.488086016
   56.181557665    0.524121964    0.489091347
   56.209903556    0.524233616    0.490082180
   56.238249448    0.524357248    0.491059045
   56.266595340    0.524468027    0.492023207
   56.294941232    0.524545027    0.492976404
   56.323287124    0.524577573    0.493920517
   56.351633016    0.524568332    0.494857219
   56.379978908    0.524532257    0.495787696
   56.408324799    0.524491798    0.496712482
   56.436670691    0.524469906    0.497631443
   56.465016583    0.524483018    0.498543888
   56.493362475    0.524536163    0.499448773
   56.521708367    0.524621657    0.500344933
   56.550054259    0.524721706    0.501231281
   56.578400151    0.524814062    0.502106927
   56.606746042    0.524878935    0.502971187
   56.635091934    0.524905025    0.503823512
   56.663437826    0.524892844    0.504663341
   56.691783718    0.524854360    0.505489968
   56.720129610    0.524809131    0.506302433
   56.748475502    0.524778184    0.507099508
   56.776821394    0.524777557    0.507879764
   56.805167285    0.524813477    0.508641721
   56.833513177    0.524880636    0.509384029
   56.861859069    0.524964029    0.510105644
   56.890204961    0.525043738    0.510805944
   56.918550853    0.525101138    0.511484758
   56.946896745    0.525124592    0.512142303
   56.975242637    0.525112913    0.512779045
   57.003588528    0.525075552    0.513395516
   57.031934420    0.525029525    0.513992134
   57.060280312    0.524994068    0.514569075
   57.088626204    0.524984702    0.515126201
   57.116972096    0.525008539    0.515663071
   57.145317988    0.525062250    0.516179010
   57.173663880    0.525133270    0.516673214
   57.202009772    0.525203812    0.517144862
   57.230355663    0.525256425    0.517593207
   57.258701555    0.525279347    0.518017646
   57.287047447    0.525270024    0.518417751
   57.315393339    0.525235749    0.518793308
   57.343739231    0.525191259    0.519144344
   57.372085123    0.525154095    0.519471186
   57.400431015    0.525139172    0.519774529
   57.428776906    0.525154253    0.520055516
   57.457122798    0.525197681    0.520315781
   57.485468690    0.525259053    0.520557454
   57.513814582    0.525322553    0.520783070
   57.542160474    0.525371906    0.520995405
   57.570506366    0.525395375    0.521197234
   57.598852258    0.525389299    0.521391053
   57.627198149    0.525359086    0.521578820
   57.655544041    0.525317406    0.521761769
   57.683889933    0.525280191    0.521940338
   57.712235825    0.525261694    0.522114231
   57.740581717    0.525270148    0.522282614
   57.768927609    0.525305334    0.522444397
   57.797273501    0.525358789    0.522598539
   57.825619392    0.525416536    0.522744321
   57.853965284    0.525463459    0.522881527
   57.882311176    0.525487962    0.523010486
   57.910657068    0.525485473    0.523131990
   57.939002960    0.525459731    0.523247107
   57.967348852    0.525421519    0.523356948
   57.995694744    0.525385241    0.523462440
   58.024040635    0.525364453    0.523564170
   58.052386527    0.525367722    0.523662331
   58.080732419    0.525396079    0.523756776
   58.109078311    0.525442817    0.523847156
   58.137424203    0.525495670    0.523933098
   58.165770095    0.525540661    0.524014376
   58.194115987    0.525566407    0.524091024
   58.222461878    0.525567573    0.524163362
   58.250807770    0.525546418    0.524231937
   58.279153662    0.525511983    0.524297403
   58.307499554    0.525477229    0.524360372
   58.335845446    0.525455001    0.524421281
   58.364191338    0.525454101    0.524480320
   58.392537230    0.525476651    0.524537432
   58.420883121    0.525517540    0.524592379
   58.449229013    0.525566098    0.524644862
   58.477574905    0.525609441    0.524694644
   58.505920797    0.525636452    0.524741655
   58.534266689    0.525641158    0.524786033
   58.562612581    0.525624486    0.524828107
   58.590958473    0.525593887    0.524868319
   58.619304364    0.525560960    0.524907113
   58.647650256    0.525537845    0.524944834
   58.675996148    0.525533503    0.524981649
   58.704342040    0.525551014    0.525017531
   58.732687932    0.525586717    0.525052294
   58.761033824    0.525631417    0.525085679
   58.789379716    0.525673276    0.525117455
   58.817725607    0.525701472    0.525147500
   58.846071499    0.525709494    0.525175861
   58.874417391    0.525697085    0.525202744
   58.902763283    0.525670235    0.525228469
   58.931109175    0.525639278    0.525253380
   58.959455067    0.525615665    0.525277761
   58.987800959    0.525608455    0.525301766
   59.016146850    0.525621568    0.525325386
   59.044492742    0.525652646    0.525348475
   59.072838634    0.525693852    0.525370808
   59.101184526    0.525734336    0.525392162
   59.129530418    0.525763586    0.525412398
   59.157876310    0.525774646    0.525431504
   59.186222202    0.525766205    0.525449614
   59.214568093    0.525742935    0.525466965
   59.242913985    0.525713995    0.525483835
   59.271259877    0.525690176    0.525500469
   59.299605769    0.525680579    0.525517007
   59.327951661    0.525689848    0.525533461
   59.356297553    0.525716792    0.525549715
   59.384643445    0.525754811    0.525565575
   59.412989337    0.525793975    0.525580834
   59.441335228    0.525824098    0.525595341
   59.469681120    0.525837865    0.525609056
   59.498027012    0.525833045    0.525622057
   59.526372904    0.525813125    0.525634528
   59.554718796    0.525786190    0.525646698
   59.583064688    0.525762395    0.525658782
   59.611410580    0.525750835    0.525670915
   59.639756471    0.525756764    0.525683123
   59.668102363    0.525780018    0.525695318
   59.696448255    0.525815111    0.525707333
   59.724794147    0.525852971    0.525718980
   59.753140039    0.525883752    0.525730107
   59.781485931    0.525899867    0.525740651
   59.809831823    0.525898296    0.525750656
   59.838177714    0.525881479    0.525760264
   59.866523606    0.525856519    0.525769666
   59.894869498    0.525832963    0.525779054
   59.923215390    0.525819843    0.525788561
   59.951561282    0.525822909    0.525798225
   59.979907174    0.525842882    0.525807981
   60.008253066    0.525875276    0.525817688
   60.036598957    0.525911815    0.525827175
   60.064944849    0.525943013    0.525836293
   60.093290741    0.525961099    0.525844966
   60.121636633    0.525962401    0.525853212
   60.149982525    0.525948442    0.525861137
   60.178328417    0.525925433    0.525868906
   60.206674309    0.525902327    0.525876691
   60.235020200    0.525888035    0.525884620
   60.263366092    0.525888684    0.525892743
   60.291711984    0.525905747    0.525901016
   60.320057876    0.525935622    0.525909321
   60.348403768    0.525970783    0.525917503
   60.376749660    0.526002130    0.525925419
   60.405095552    0.526021805    0.525932983
   60.433441443    0.526025612    0.525940192
   60.461787335    0.526014284    0.525947129
   60.490133227    0.525993218    0.525953932
   60.518479119    0.525970779    0.525960757
   60.546825011    0.525955689    0.525967729
   60.575170903    0.525954336    0.525974906
   60.603516795    0.525968812    0.525982264
   60.631862686    0.525996304    0.525989703
   60.660208578    0.526029997    0.525997086
   60.688554470    0.526061212    0.526004275
   60.716900362    0.526082103    0.526011180
   60.745246254    0.526088076    0.526017782
   60.773592146    0.526079188    0.526024140
   60.801938038    0.526060086    0.526030373
   60.830283929    0.526038540    0.526036623
   60.858629821    0.526023013    0.526043011
   60.886975713    0.526020035    0.526049602
   60.915321605    0.526032202    0.526056387
   60.943667497    0.526057401    0.526063285
   60.972013389    0.526089506    0.526070173
   61.000359281    0.526120306    0.526076921
   61.028705172    0.526142064    0.526083435
   61.057051064    0.526149907    0.526089683
   61.085396956    0.526143309    0.526095708
   61.113742848    0.526126220    0.526101610
   61.142088740    0.526105796    0.526107517
   61.170434632    0.526090164    0.526113547
   61.198780524    0.526085890    0.526119770
   61.227126415    0.526095967    0.526126190
   61.255472307    0.526118918    0.526132742
   61.283818199    0.526149296    0.526139317
   61.312164091    0.526179409    0.526145793
   61.340509983    0.526201722    0.526152075
   61.368855875    0.526211185    0.526158122
   61.397201767    0.526206775    0.526163959
   61.425547659    0.526191769    0.526169671
   61.453893550    0.526172688    0.526175375
   61.482239442    0.526157245    0.526181184
   61.510585334    0.526151949    0.526187172
   61.538931226    0.526160101    0.526193353
   61.567277118    0.526180811    0.526199679
   61.595623010    0.526209316    0.526206052
   61.623968902    0.526238496    0.526212358
   61.652314793    0.526261101    0.526218502
   61.680660685    0.526271993    0.526224436
   61.709006577    0.526269709    0.526230171
   61.737352469    0.526256873    0.526235780
   61.765698361    0.526239334    0.526241367
   61.794044253    0.526224328    0.526247040
   61.822390145    0.526218222    0.526252876
   61.850736036    0.526224562    0.526258899
   61.879081928    0.526243013    0.526265071
   61.907427820    0.526269507    0.526271309
   61.935773712    0.526297549    0.526277507
   61.964119604    0.526320242    0.526283569
   61.992465496    0.526332426    0.526289443
   62.020811388    0.526332240    0.526295129
   62.049157279    0.526321657    0.526300687
   62.077503171    0.526305826    0.526306209
   62.105849063    0.526291445    0.526311799
   62.134194955    0.526284681    0.526317535
   62.162540847    0.526289278    0.526323449
   62.190886739    0.526305439    0.526329514
   62.219232631    0.526329810    0.526335658
   62.247578522    0.526356557    0.526341782
   62.275924414    0.526379195    0.526347796
   62.304270306    0.526392582    0.526353640
   62.332616198    0.526394485    0.526359307
   62.360962090    0.526386224    0.526364844
   62.389307982    0.526372218    0.526370334
   62.417653874    0.526358589    0.526375875
   62.445999765    0.526351262    0.526381545
   62.474345657    0.526354154    0.526387380
   62.502691549    0.526368001    0.526393366
   62.531037441    0.526390174    0.526399441
   62.559383333    0.526415532    0.526405514
   62.587729225    0.526438029    0.526411498
   62.616075117    0.526452569    0.526417330
   62.644421008    0.526456558    0.526422996
   62.672766900    0.526450656    0.526428531
   62.701112792    0.526438537    0.526434010
   62.729458684    0.526425725    0.526439523
   62.757804576    0.526417886    0.526445147
   62.786150468    0.526419098    0.526450925
   62.814496360    0.526430626    0.526456851
   62.842842251    0.526450577    0.526462872
   62.871188143    0.526474512    0.526468907
   62.899534035    0.526496833    0.526474871
   62.927879927    0.526512500    0.526480701
   62.956225819    0.526518556    0.526486376
   62.984571711    0.526515005    0.526491921
   63.012917603    0.526504774    0.526497401
   63.041263494    0.526492790    0.526502900
   63.069609386    0.526484459    0.526508494
   63.097955278    0.526484017    0.526514228
   63.126301170    0.526493261    0.526520104
   63.154647062    0.526511023    0.526526081
   63.182992954    0.526533558    0.526532084
   63.211338846    0.526555708    0.526538035
   63.239684737    0.526572479    0.526543868
   63.268030629    0.526580557    0.526549557
   63.296376521    0.526579298    0.526555119
   63.324722413    0.526570901    0.526560609
   63.353068305    0.526559712    0.526566103
   63.381414197    0.526550894    0.526571676
   63.409760089    0.526548849    0.526577375
   63.438105980    0.526555889    0.526583210
   63.466451872    0.526571552    0.526589148
   63.494797764    0.526592755    0.526595124
   63.523143656    0.526614756    0.526601064
   63.551489548    0.526632594    0.526606903
   63.579835440    0.526642604    0.526612610
   63.608181332    0.526643520    0.526618192
   63.636527224    0.526636847    0.526623697
   63.664873115    0.526626392    0.526629192
   63.693219007    0.526617098    0.526634750
   63.721564899    0.526613532    0.526640420
   63.749910791    0.526618503    0.526646219
   63.778256683    0.526632208    0.526652123
   63.806602575    0.526652183    0.526658075
   63.834948467    0.526674060    0.526664005
   63.863294358    0.526692900    0.526669851
   63.891640250    0.526704703    0.526675577
   63.919986142    0.526707623    0.526681182
   63.948332034    0.526702530    0.526686704
   63.976677926    0.526692741    0.526692205
   64.005023818    0.526683005    0.526697752
   64.033369710    0.526678049    0.526703398
   64.061715601    0.526681137    0.526709165
   64.090061493    0.526693068    0.526715037
   64.118407385    0.526711931    0.526720966
   64.146753277    0.526733692    0.526726888
   64.175099169    0.526753427    0.526732741
   64.203445061    0.526766832    0.526738485
   64.231790953    0.526771543    0.526744113
   64.260136844    0.526767866    0.526749654
   64.288482736    0.526758685    0.526755163
   64.316828628    0.526748578    0.526760704
   64.345174520    0.526742414    0.526766329
   64.373520412    0.526743852    0.526772067
   64.401866304    0.526754215    0.526777909
   64.430212196    0.526772078    0.526783816
   64.458558087    0.526793698    0.526789729
   64.486903979    0.526814172    0.526795589
   64.515249871    0.526828940    0.526801351
   64.543595763    0.526835201    0.526807003
   64.571941655    0.526832776    0.526812564
   64.600287547    0.526824173    0.526818083
   64.628633439    0.526813814    0.526823618
   64.656979330    0.526806671    0.526829226
   64.685325222    0.526806724    0.526834937
   64.713671114    0.526815733    0.526840751
   64.742017006    0.526832681    0.526846638
   64.770362898    0.526854092    0.526852543
   64.798708790    0.526875098    0.526858408
   64.827054682    0.526890956    0.526864187
   64.855400573    0.526898514    0.526869861
   64.883746465    0.526897197    0.526875442
   64.912092357    0.526889187    0.526880971
   64.940438249    0.526878745    0.526886504
   64.968784141    0.526870890    0.526892096
   64.997130033    0.526869839    0.526897783
   65.025475925    0.526877689    0.526903572
   65.053821816    0.526893771    0.526909438
   65.082167708    0.526914850    0.526915335
   65.110513600    0.526936141    0.526921205
   65.138859492    0.526952794    0.526927000
   65.167205384    0.526961409    0.526932695
   65.195551276    0.526961094    0.526938295
   65.223897168    0.526953740    0.526943835
   65.252243059    0.526943429    0.526949367
   65.280588951    0.526935158    0.526954945
   65.308934843    0.526933275    0.526960610
   65.337280735    0.526940130    0.526966375
   65.365626627    0.526955340    0.526972223
   65.393972519    0.526975919    0.526978110
   65.422318411    0.526997216    0.526983984
   65.450664302    0.527014371    0.526989792
   65.479010194    0.527023833    0.526995507
   65.507356086    0.527024464    0.527001125
   65.535701978    0.527017883    0.527006677
   65.564047870    0.527007954    0.527012209
   65.592393762    0.526999563    0.527017776
   65.620739654    0.526997096    0.527023422
   65.649085545    0.527003068    0.527029165
   65.677431437    0.527017347    0.527034995
   65.705777329    0.527037216    0.527040873
   65.734123221    0.527058230    0.527046748
   65.762469113    0.527075616    0.527052569
   65.790815005    0.527085763    0.527058300
   65.819160897    0.527087341    0.527063936
   65.847506789    0.527081696    0.527069498
   65.875852680    0.527072416    0.527075032
   65.904198572    0.527064188    0.527080591
   65.932544464    0.527061338    0.527086220
   65.960890356    0.527066479    0.527091944
   65.989236248    0.527079717    0.527097756
   66.017582140    0.527098640    0.527103625
   66.045928032    0.527119092    0.527109500
   66.074273923    0.527136480    0.527115330
   66.102619815    0.527147211    0.527121076
   66.130965707    0.527149794    0.527126728
   66.159311599    0.527145282    0.527132302
   66.187657491    0.527136915    0.527137839
   66.216003383    0.527129095    0.527143392
   66.244349275    0.527126002    0.527149007
   66.272695166    0.527130304    0.527154713
   66.301041058    0.527142350    0.527160509
   66.329386950    0.527160086    0.527166367
   66.357732842    0.527179728    0.527172240
   66.386078734    0.527196949    0.527178076
   66.414424626    0.527208228    0.527183836
   66.442770518    0.527211923    0.527189502
   66.471116409    0.527208752    0.527195088
   66.499462301    0.527201538    0.527200631
   66.527808193    0.527194313    0.527206180
   66.556154085    0.527191050    0.527211784
   66.584499977    0.527194450    0.527217473
   66.612845869    0.527205128    0.527223253
   66.641191761    0.527221454    0.527229099
   66.669537652    0.527240092    0.527234968
   66.697883544    0.527257046    0.527240809
   66.726229436    0.527268900    0.527246579
   66.754575328    0.527273845    0.527252260
   66.782921220    0.527272216    0.527257858
   66.811267112    0.527266349    0.527263407
   66.839613004    0.527259835    0.527268955
   66.867958895    0.527256407    0.527274551
   66.896304787    0.527258799    0.527280226
   66.924650679    0.527267933    0.527285990
   66.952996571    0.527282666    0.527291823
   66.981342463    0.527300174    0.527297685
   67.009688355    0.527316835    0.527303528
   67.038034247    0.527329339    0.527309307
   67.066380138    0.527335687    0.527315001
   67.094726030    0.527335770    0.527320612
   67.123071922    0.527331375    0.527326170
   67.151417814    0.527325614    0.527331720
   67.179763706    0.527321965    0.527337309
   67.208109598    0.527323221    0.527342971
   67.236455490    0.527330658    0.527348719
   67.264801381    0.527343676    0.527354538
   67.293147273    0.527360005    0.527360391
   67.321493165    0.527376412    0.527366232
   67.349839057    0.527389679    0.527372019
   67.378184949    0.527397567    0.527377726
   67.406530841    0.527399477    0.527383351
   67.434876733    0.527396604    0.527388920
   67.463222624    0.527391565    0.527394474
   67.491568516    0.527387597    0.527400058
   67.519914408    0.527387589    0.527405708
   67.548260300    0.527393221    0.527411439
   67.576606192    0.527404476    0.527417242
   67.604952084    0.527419657    0.527423085
   67.633297976    0.527435904    0.527428923
   67.661643867    0.527450054    0.527434716
   67.689989759    0.527459585    0.527440435
   67.718335651    0.527463364    0.527446076
   67.746681543    0.527461983    0.527451658
   67.775027435    0.527457571    0.527457217
   67.803373327    0.527453162    0.527462798
   67.831719219    0.527451789    0.527468437
   67.860065110    0.527455576    0.527474151
   67.888411002    0.527465105    0.527479937
   67.916756894    0.527479236    0.527485766
   67.945102786    0.527495450    0.527491601
   67.973448678    0.527510588    0.527497398
   68.001794570    0.527521804    0.527503130
   68.030140462    0.527527416    0.527508788
   68.058486354    0.527527417    0.527514384
   68.086832245    0.527523494    0.527519951
   68.115178137    0.527518528    0.527525530
   68.143524029    0.527515740    0.527531157
   68.171869921    0.527517721    0.527536854
   68.200215813    0.527525638    0.527542621
   68.228561705    0.527538874    0.527548436
   68.256907597    0.527555189    0.527554265
   68.285253488    0.527571380    0.527560067
   68.313599380    0.527584249    0.527565812
   68.341945272    0.527591569    0.527571487
   68.370291164    0.527592784    0.527577099
   68.398637056    0.527589192    0.527582675
   68.426982948    0.527583583    0.527588253
   68.455328840    0.527579401    0.527593868
   68.483674731    0.527579697    0.527599547
   68.512020623    0.527586190    0.527605294
   68.540366515    0.527598715    0.527611094
   68.568712407    0.527615245    0.527616916
   68.597058299    0.527632491    0.527622723
   68.625404191    0.527646894    0.527628482
   68.653750083    0.527655726    0.527634175
   68.682095974    0.527657942    0.527639804
   68.710441866    0.527654532    0.527645389
   68.738787758    0.527648249    0.527650966
   68.767133650    0.527642775    0.527656570
   68.795479542    0.527641592    0.527662229
   68.823825434    0.527646898    0.527667955
   68.852171326    0.527658897    0.527673739
   68.880517217    0.527675712    0.527679555
   68.908863109    0.527693934    0.527685367
   68.937209001    0.527709671    0.527691141
   68.965554893    0.527719756    0.527696852
   68.993900785    0.527722748    0.527702498
   69.022246677    0.527719409    0.527708093
   69.050592569    0.527712495    0.527713668
   69.078938460    0.527705916    0.527719260
   69.107284352    0.527703526    0.527724900
   69.135630244    0.527707905    0.527730606
   69.163976136    0.527719540    0.527736374
   69.192322028    0.527736640    0.527742184
   69.220667920    0.527755675    0.527748001
   69.249013812    0.527772470    0.527753789
   69.277359703    0.527783515    0.527759520
   69.305705595    0.527787073    0.527765182
   69.334051487    0.527783753    0.527770786
   69.362397379    0.527776337    0.527776359
   69.390743271    0.527768922    0.527781939
   69.419089163    0.527765640    0.527787559
   69.447435055    0.527769350    0.527793245
   69.475780946    0.527780727    0.527798998
   69.504126838    0.527798029    0.527804803
   69.532472730    0.527817629    0.527810626
   69.560818622    0.527835154    0.527816428
   69.589164514    0.527846860    0.527822177
   69.617510406    0.527850821    0.527827856
   69.645856298    0.527847548    0.527833468
   69.674202189    0.527839844    0.527839038
   69.702548081    0.527831923    0.527844605
   69.730893973    0.527828081    0.527850207
   69.759239865    0.527831344    0.527855873
   69.787585757    0.527842494    0.527861613
   69.815931649    0.527859826    0.527867414
   69.844277541    0.527879674    0.527873243
   69.872623432    0.527897573    0.527879059
   69.900969324    0.527909668    0.527884825
   69.929315216    0.527913937    0.527890517
   69.957661108    0.527910831    0.527896136
   69.986007000    0.527903131    0.527901704
   70.014352892    0.527895069    0.527907258
   70.042698784    0.527890985    0.527912843
   70.071044676    0.527893956    0.527918492
   70.099390567    0.527904822    0.527924220
   70.127736459    0.527921930    0.527930017
   70.156082351    0.527941662    0.527935853
   70.184428243    0.527959584    0.527941682
   70.212774135    0.527971852    0.527947463
   70.241120027    0.527976423    0.527953167
   70.269465919    0.527973689    0.527958791
   70.297811810    0.527966343    0.527964354
   70.326157702    0.527958514    0.527969898
   70.354503594    0.527954456    0.527975467
   70.382849486    0.527957205    0.527981101
   70.411195378    0.527967636    0.527986820
   70.439541270    0.527984199    0.527992615
   70.467887162    0.528003432    0.527998456
   70.496233053    0.528021066    0.528004297
   70.524578945    0.528033374    0.528010090
   70.552924837    0.528038336    0.528015804
   70.581270729    0.528036258    0.528021431
   70.609616621    0.528029644    0.528026990
   70.637962513    0.528022392    0.528032523
   70.666308405    0.528018551    0.528038080
   70.694654296    0.528021053    0.528043703
   70.723000188    0.528030812    0.528049414
   70.751346080    0.528046467    0.528055209
   70.779691972    0.528064836    0.528061055
   70.808037864    0.528081941    0.528066904
   70.836383756    0.528094253    0.528072706
   70.864729648    0.528099790    0.528078426
   70.893075539    0.528098704    0.528084054
   70.921421431    0.528093196    0.528089609
   70.949767323    0.528086803    0.528095135
   70.978113215    0.528083271    0.528100682
   71.006459107    0.528085399    0.528106297
   71.034804999    0.528094186    0.528112005
   71.063150891    0.528108562    0.528117800
   71.091496782    0.528125756    0.528123649
   71.119842674    0.528142185    0.528129503
   71.148188566    0.528154572    0.528135310
   71.176534458    0.528160944    0.528141032
   71.204880350    0.528161208    0.528146659
   71.233226242    0.528157139    0.528152210
   71.261572134    0.528151794    0.528157731
   71.289918025    0.528148556    0.528163274
   71.318263917    0.528150094    0.528168887
   71.346609809    0.528157571    0.528174594
   71.374955701    0.528170325    0.528180390
   71.403301593    0.528186116    0.528186241
   71.431647485    0.528201837    0.528192096
   71.459993377    0.528214469    0.528197901
   71.488339268    0.528221988    0.528203620
   71.516685160    0.528223946    0.528209243
   71.545031052    0.528221570    0.528214791
   71.573376944    0.528217353    0.528220310
   71.601722836    0.528214284    0.528225855
   71.630068728    0.528214950    0.528231473
   71.658414620    0.528220777    0.528237185
   71.686760511    0.528231633    0.528242985
   71.715106403    0.528245905    0.528248835
   71.743452295    0.528260999    0.528254684
   71.771798187    0.528274126    0.528260479
   71.800144079    0.528283121    0.528266185
   71.828489971    0.528287066    0.528271798
   71.856835863    0.528286533    0.528277342
   71.885181754    0.528283400    0.528282866
   71.913527646    0.528280280    0.528288424
   71.941873538    0.528279758    0.528294059
   71.970219430    0.528283633    0.528299789
   71.998565322    0.528292414    0.528305598
   72.026911214    0.528305174    0.528311446
   72.055257106    0.528319832    0.528317276
   72.083602997    0.528333758    0.528323041
   72.111948889    0.528344537    0.528328714
   72.140294781    0.528350669    0.528334299
   72.168640673    0.528352003    0.528339834
   72.196986565    0.528349792    0.528345375
   72.225332457    0.528346332    0.528350975
   72.253678349    0.528344307    0.528356669
   72.282024241    0.528346009    0.528362456
   72.310370132    0.528352661    0.528368301
   72.338716024    0.528364046    0.528374140
   72.367061916    0.528378544    0.528379908
   72.395407808    0.528393587    0.528385560
   72.423753700    0.528406395    0.528391096
   72.452099592    0.528414796    0.528396565
   72.480445484    0.528417886    0.528402060
   72.508791375    0.528416331    0.528407688
   72.537137267    0.528412207    0.528413532
   72.565483159    0.528408413    0.528419605
   72.593829051    0.528407829    0.528425817
   72.622174943    0.528412437    0.528431952
   72.650520835    0.528422700    0.528437675
   72.678866727    0.528437371    0.528442555
   72.707212618    0.528453823    0.528446116
   72.735558510    0.528468803    0.528447884
   72.763904402    0.528479417    0.528447443
   72.792250294    0.528484023    0.528444468
   72.820596186    0.528482784    0.528438744
   72.848942078    0.528477676    0.528430163
   72.877287970    0.528471934    0.528418694
   72.905633861    0.528469089    0.528404359
   72.933979753    0.528471878    0.528387190
   72.962325645    0.528481366    0.528367211
   72.990671537    0.528496557    0.528344416
   73.019017429    0.528514638    0.528318780
   73.047363321    0.528531805    0.528290260
   73.075709213    0.528544427    0.528258820
   73.104055104    0.528550196    0.528224442
   73.132400996    0.528548897    0.528187132
   73.160746888    0.528542540    0.528146924
   73.189092780    0.528534789    0.528103864
   73.217438672    0.528529858    0.528057998
   73.245784564    0.528531180    0.528009356
   73.274130456    0.528540300    0.527957940
   73.302476347    0.528556328    0.527903727
   73.330822239    0.528576151    0.527846673
   73.359168131    0.528595367    0.527786729
   73.387514023    0.528609654    0.527723856
   73.415859915    0.528616153    0.527658036
   73.444205807    0.528614423    0.527589278
   73.472551699    0.528606640    0.527517617
   73.500897590    0.528596970    0.527443100
   73.529243482    0.528590278    0.527365775
   73.557589374    0.528590587    0.527285672
   73.585935266    0.528599765    0.527202796
   73.614281158    0.528616875    0.527117128
   73.642627050    0.528638414    0.527028625
   73.670972942    0.528659384    0.526937239
   73.699318833    0.528674870    0.526842929
   73.727664725    0.528681623    0.526745674
   73.756010617    0.528679140    0.526645479
   73.784356509    0.528669885    0.526542376
   73.812702401    0.528658543    0.526436408
   73.841048293    0.528650555    0.526327623
   73.869394185    0.528650374    0.526216055
   73.897740076    0.528660009    0.526101714
   73.926085968    0.528678334    0.525984586
   73.954431860    0.528701403    0.525864632
   73.982777752    0.528723681    0.525741805
   74.011123644    0.528739808    0.525616062
   74.039469536    0.528746335    0.525487377
   74.067815428    0.528742872    0.525355749
   74.096161319    0.528732248    0.525221202
   74.124507211    0.528719644    0.525083781
   74.152853103    0.528710940    0.524943533
   74.181198995    0.528710821    0.524800496
   74.209544887    0.528721245    0.524654689
   74.237890779    0.528740780    0.524506101
   74.266236671    0.528765029    0.524354699
   74.294582562    0.528788033    0.524200435
   74.322928454    0.528804183    0.524043262
   74.351274346    0.528810045    0.523883148
   74.379620238    0.528805492    0.523720085
   74.407966130    0.528793768    0.523554093
   74.436312022    0.528780462    0.523385215
   74.464657914    0.528771709    0.523213501
   74.493003806    0.528772199    0.523038995
   74.521349697    0.528783651    0.522861722
   74.549695589    0.528804234    0.522681677
   74.578041481    0.528829152    0.522498830
   74.606387373    0.528852186    0.522313132
   74.634733265    0.528867712    0.522124530
   74.663079157    0.528872532    0.521932985
   74.691425049    0.528866915    0.521738485
   74.719770940    0.528854521    0.521541045
   74.748116832    0.528841211    0.521340706
   74.776462724    0.528833142    0.521137525
   74.804808616    0.528834766    0.520931550
   74.833154508    0.528847377    0.520722814
   74.861500400    0.528868697    0.520511316
   74.889846292    0.528893620    0.520297028
   74.918192183    0.528915886    0.520079897
   74.946538075    0.528930117    0.519859866
   74.974883967    0.528933578    0.519636889
   75.003229859    0.528927050    0.519410947
   75.031575751    0.528914569    0.519182053
   75.059921643    0.528902085    0.518950252
   75.088267535    0.528895512    0.518715603
   75.116613426    0.528898793    0.518478163
   75.144959318    0.528912620    0.518237968
   75.173305210    0.528934233    0.517995022
   75.201651102    0.528958347    0.517749296
   75.229996994    0.528978910    0.517500734
   75.258342886    0.528991094    0.517249271
   75.286688778    0.528992871    0.516994856
   75.315034669    0.528985660    0.516737466
   75.343380561    0.528973819    0.516477115
   75.371726453    0.528963180    0.516213850
   75.400072345    0.528959103    0.515947735
   75.428418237    0.528964704    0.515678834
   75.456764129    0.528979845    0.515407187
   75.485110021    0.529001220    0.515132800
   75.513455912    0.529023491    0.514855640
   75.541801804    0.529041101    0.514575645
   75.570147696    0.529050143    0.514292745
   75.598493588    0.529049653    0.514006884
   75.626839480    0.529041911    0.513718038
   75.655185372    0.529031627    0.513426224
   75.683531264    0.529024311    0.513131492
   75.711877155    0.529024376    0.512833917
   75.740223047    0.529033621    0.512533564
   75.768568939    0.529050621    0.512230477
   75.796914831    0.529071233    0.511924658
   75.825260723    0.529090059    0.511616067
   75.853606615    0.529102360    0.511304636
   75.881952507    0.529105759    0.510990290
   75.910298398    0.529101143    0.510672969
   75.938644290    0.529092397    0.510352654
   75.966990182    0.529085060    0.510029367
   75.995336074    0.529084312    0.509703171
   76.023681966    0.529093001    0.509374144
   76.052027858    0.529110409    0.509042357
   76.080373750    0.529132253    0.508707848
   76.108719641    0.529152017    0.508370612
   76.137065533    0.529163250    0.508030596
   76.165411425    0.529162111    0.507687721
   76.193757317    0.529149287    0.507341907
   76.222103209    0.529130530    0.506993100
   76.250449101    0.529115443    0.506641290
   76.278794993    0.529114654    0.506286516
   76.307140884    0.529136029    0.505928857
   76.335486776    0.529180922    0.505568401
   76.363832668    0.529241554    0.505205218
   76.392178560    0.529300352    0.504839331
   76.420524452    0.529331637    0.504470712
   76.448870344    0.529305406    0.504099281
   76.477216236    0.529192440    0.503724942
   76.505562128    0.528969562    0.503347607
   76.533908019    0.528623856    0.502967237
   76.562253911    0.528154860    0.502583857
   76.590599803    0.527574291    0.502197550
   76.618945695    0.526903411    0.501808437
   76.647291587    0.526168741    0.501416631
   76.675637479    0.525397160    0.501022194
   76.703983371    0.524611505    0.500625105
   76.732329262    0.523827604    0.500225252
   76.760675154    0.523053239    0.499822458
   76.789021046    0.522289012    0.499416535
   76.817366938    0.521530661    0.499007356
   76.845712830    0.520772020    0.498594920
   76.874058722    0.520007795    0.498179403
   76.902404614    0.519235451    0.497761173
   76.930750505    0.518455844    0.497340758
   76.959096397    0.517672615    0.496918781
   76.987442289    0.516890708    0.496495870
   77.015788181    0.516114579    0.496072572
   77.044134073    0.515346697    0.495649280
   77.072479965    0.514586768    0.495226202
   77.100825857    0.513831903    0.494803365
   77.129171748    0.513077594    0.494380669
   77.157517640    0.512319179    0.493957949
   77.185863532    0.511553309    0.493535053
   77.214209424    0.510778973    0.493111895
   77.242555316    0.509997785    0.492688482
   77.270901208    0.509213463    0.492264907
   77.299247100    0.508430676    0.491841314
   77.327592991    0.507653614    0.491417846
   77.355938883    0.506884723    0.490994600
   77.384284775    0.506123966    0.490571595
   77.412630667    0.505368838    0.490148770
   77.440976559    0.504615120    0.489726009
   77.469322451    0.503858145    0.489303178
   77.497668343    0.503094204    0.488880168
   77.526014234    0.502321674    0.488456935
   77.554360126    0.501541519    0.488033506
   77.582706018    0.500757026    0.487609973
   77.611051910    0.499972841    0.487186459
   77.639397802    0.499193575    0.486763076
   77.667743694    0.498422405    0.486339893
   77.696089586    0.497660089    0.485916912
   77.724435477    0.496904690    0.485494068
   77.752781369    0.496152118    0.485071255
   77.781127261    0.495397342    0.484648359
   77.809473153    0.494635908    0.484225293
   77.837819045    0.493865324    0.483802031
   77.866164937    0.493085867    0.483378606
   77.894510829    0.492300570    0.482955105
   77.922856720    0.491514340    0.482531638
   77.951202612    0.490732489    0.482108301
   77.979548504    0.489959089    0.481685146
   78.007894396    0.489195674    0.481262168
   78.036240288    0.488440691    0.480839302
   78.064586180    0.487689912    0.480416450
   78.092932072    0.486937681    0.479993512
   78.121277963    0.486178662    0.479570417
   78.149623855    0.485409522    0.479147144
   78.177969747    0.484630039    0.478723732
   78.206315639    0.483843257    0.478300261
   78.234661531    0.483054605    0.477876829
   78.263007423    0.482270241    0.477453521
   78.291353315    0.481495114    0.477030379
   78.319699206    0.480731354    0.476607391
   78.348045098    0.479977522    0.476184499
   78.376390990    0.479228977    0.475761613
   78.404736882    0.478479275    0.475338643
   78.433082774    0.477722191    0.474915530
   78.461428666    0.476953717    0.474492260
   78.489774558    0.476173407    0.474068867
   78.518120449    0.475384606    0.473645428
   78.546466341    0.474593464    0.473222027
   78.574812233    0.473807023    0.472798739
   78.603158125    0.473030963    0.472375598
   78.631504017    0.472267736    0.471952592
   78.659849909    0.471515705    0.471529669
   78.688195801    0.470769576    0.471106748
   78.716541693    0.470022037    0.470683753
   78.744887584    0.469266089    0.470260631
   78.773233476    0.468497320    0.469837372
   78.801579368    0.467715396    0.469414007
   78.829925260    0.466924247    0.468990600
   78.858271152    0.466130878    0.468567228
   78.886617044    0.465343140    0.468143953
   78.914962936    0.464567188    0.467720806
   78.943308827    0.463805441    0.467297775
   78.971654719    0.463055723    0.466874815
   79.000000611    0.462311893    0.466451860
   79.028346503    0.461565791    0.466028843
   79.056692395    0.460809871    0.465605719
   79.085038287    0.460039689    0.465182478
   79.113384179    0.459255410    0.464759146
   79.141730070    0.458461828    0.464335776
   79.170075962    0.457666855    0.463912432
   79.198421854    0.456878968    0.463489167
   79.226767746    0.456104425    0.463066006
   79.255113638    0.455345166    0.462642943
   79.283459530    0.454598118    0.462219942
   79.311805422    0.453856140    0.461796949
   79.340151313    0.453110333    0.461373911
   79.368497205    0.452352963    0.460950788
   79.396843097    0.451580042    0.460527572
   79.425188989    0.450792696    0.460104280
   79.453534881    0.449996855    0.459680953
   79.481880773    0.449201334    0.459257640
   79.510226665    0.448414930    0.458834383
   79.538572556    0.447643482    0.458411205
   79.566918448    0.446887890    0.457988104
   79.595264340    0.446143749    0.457565053
   79.623610232    0.445402775    0.457142015
   79.651956124    0.444655539    0.456718949
   79.680302016    0.443894633    0.456295827
   79.708647908    0.443117194    0.455872640
   79.736993799    0.442325932    0.455449398
   79.765339691    0.441528273    0.455026129
   79.793685583    0.440733900    0.454602864
   79.822031475    0.439951479    0.454179628
   79.850377367    0.439185679    0.453756436
   79.878723259    0.438435511    0.453333283
   79.907069151    0.437694575    0.452910157
   79.935415042    0.436953178    0.452487038
   79.963760934    0.436201636    0.452063909
   79.992106826    0.435433643    0.451640765
   80.020452718    0.434648558    0.451217612
   80.048798610    0.433851768    0.450794464
   80.077144502    0.433052958    0.450371330
   80.105490394    0.432262802    0.449948210
   80.133836285    0.431489194    0.449525080
   80.162182177    0.430734310    0.449101903
   80.190528069    0.429993573    0.448678631
   80.218873961    0.429256991    0.448255232
   80.247219853    0.428512496    0.447831716
   80.275565745    0.427750245    0.447408162
   80.303911637    0.426966396    0.446984743
   80.332257528    0.426165000    0.446561732
   80.360603420    0.425357180    0.446139497
   80.388949312    0.424557671    0.445718473
   80.417295204    0.423779699    0.445299123
   80.445641096    0.423029836    0.444881892
   80.473986988    0.422304629    0.444467161
   80.502332880    0.421590361    0.444055212
   80.530678771    0.420866426    0.443646214
   80.559024663    0.420111656    0.443240227
   80.587370555    0.419311944    0.442837222
   80.615716447    0.418466954    0.442437122
   80.644062339    0.417593801    0.442039836
   80.672408231    0.416726308    0.441645297
   80.700754123    0.415909654    0.441253484
   80.729100014    0.415191523    0.440864421
   80.757445906    0.414611914    0.440478176
   80.785791798    0.414194242    0.440094825
   80.814137690    0.413940060    0.439714438
   80.842483582    0.413828823    0.439337048
   80.870829474    0.413822760    0.438962644
   80.899175366    0.413875548    0.438591174
   80.927521258    0.413942499    0.438222562
   80.955867149    0.413989620    0.437856731
   80.984213041    0.413999290    0.437493627
   81.012558933    0.413971319    0.437133238
   81.040904825    0.413919463    0.436775598
   81.069250717    0.413864703    0.436420773
   81.097596609    0.413827415    0.436068845
   81.125942501    0.413820728    0.435719887
   81.154288392    0.413846857    0.435373936
   81.182634284    0.413897200    0.435030983
   81.210980176    0.413955858    0.434690977
   81.239326068    0.414005190    0.434353836
   81.267671960    0.414031562    0.434019478
   81.296017852    0.414029458    0.433687841
   81.324363744    0.414002792    0.433358907
   81.352709635    0.413963150    0.433032705
   81.381055527    0.413925710    0.432709306
   81.409401419    0.413904224    0.432388799
   81.437747311    0.413906714    0.432071263
   81.466093203    0.413933182    0.431756744
   81.494439095    0.413975976    0.431445239
   81.522784987    0.414022558    0.431136695
   81.551130878    0.414059704    0.430831027
   81.579476770    0.414077727    0.430528142
   81.607822662    0.414073414    0.430227971
   81.636168554    0.414050773    0.429930490
   81.664514446    0.414019480    0.429635726
   81.692860338    0.413991586    0.429343753
   81.721206230    0.413977614    0.429054667
   81.749552121    0.413983288    0.428768556
   81.777898013    0.414007911    0.428485473
   81.806243905    0.414044827    0.428205418
   81.834589797    0.414083746    0.427928338
   81.862935689    0.414114119    0.427654140
   81.891281581    0.414128463    0.427382725
   81.919627473    0.414124601    0.427114016
   81.947973364    0.414106145    0.426847984
   81.976319256    0.414081147    0.426584656
   82.004665148    0.414059421    0.426324110
   82.033011040    0.414049407    0.426066450
   82.061356932    0.414055592    0.425811769
   82.089702824    0.414077259    0.425560127
   82.118048716    0.414108906    0.425311524
   82.146394607    0.414142130    0.425065906
   82.174740499    0.414168342    0.424823174
   82.203086391    0.414181428    0.424583223
   82.231432283    0.414179546    0.424345971
   82.259778175    0.414165529    0.424111385
   82.288124067    0.414145839    0.423879494
   82.316469959    0.414128446    0.423650380
   82.344815850    0.414120327    0.423424150
   82.373161742    0.414125376    0.423200906
   82.401507634    0.414143330    0.422980708
   82.429853526    0.414170013    0.422763558
   82.458199418    0.414198748    0.422549399
   82.486545310    0.414222477    0.422338128
   82.514891202    0.414235906    0.422129634
   82.543237093    0.414237032    0.421923833
   82.571582985    0.414227621    0.421720692
   82.599928877    0.414212535    0.421520240
   82.628274769    0.414198168    0.421322562
   82.656620661    0.414190479    0.421127770
   82.684966553    0.414193241    0.420935969
   82.713312445    0.414207000    0.420747219
   82.741658336    0.414229027    0.420561522
   82.770004228    0.414254239    0.420378816
   82.798350120    0.414276769    0.420198997
   82.826696012    0.414291714    0.420021954
   82.855041904    0.414296535    0.419847599
   82.883387796    0.414291726    0.419675901
   82.911733688    0.414280580    0.419506892
   82.940079579    0.414268156    0.419340658
   82.968425471    0.414259766    0.419177314
   82.996771363    0.414259436    0.419016962
   83.025117255    0.414268770    0.418859663
   83.053463147    0.414286547    0.418705416
   83.081809039    0.414309116    0.418554156
   83.110154931    0.414331497    0.418405781
   83.138500823    0.414348821    0.418260179
   83.166846714    0.414357733    0.418117264
   83.195192606    0.414357340    0.417977010
   83.223538498    0.414349445    0.417839449
   83.251884390    0.414338019    0.417704670
   83.280230282    0.414328054    0.417572784
   83.308576174    0.414324117    0.417443890
   83.336922066    0.414329037    0.417318045
   83.365267957    0.414343076    0.417195243
   83.393613849    0.414363832    0.417075421
   83.421959741    0.414386915    0.416958476
   83.450305633    0.414407207    0.416844303
   83.478651525    0.414420343    0.416732823
   83.506997417    0.414424009    0.416624013
   83.535343309    0.414418655    0.416517909
   83.563689200    0.414407419    0.416414598
   83.592035092    0.414395246    0.416314184
   83.620380984    0.414387460    0.416216760
   83.648726876    0.414388185    0.416122372
   83.677072768    0.414399079    0.416031011
   83.705418660    0.414418775    0.415942612
   83.733764552    0.414443214    0.415857080
   83.762110443    0.414466800    0.415774318
   83.790456335    0.414484057    0.415694261
   83.818802227    0.414491297    0.415616894
   83.847148119    0.414487793    0.415542259
   83.875494011    0.414476092    0.415470438
   83.903839903    0.414461320    0.415401524
   83.932185795    0.414449689    0.415335591
   83.960531686    0.414446606    0.415272672
   83.988877578    0.414454984    0.415212745
   84.017223470    0.414474265    0.415155745
   84.045569362    0.414500495    0.415101587
   84.073915254    0.414527457    0.415050195
   84.102261146    0.414548538    0.415001529
   84.130607038    0.414558786    0.414955599
   84.158952929    0.414556503    0.414912458
   84.187298821    0.414543864    0.414872182
   84.215644713    0.414526343    0.414834841
   84.243990605    0.414511083    0.414800473
   84.272336497    0.414504695    0.414769064
   84.300682389    0.414511166    0.414740559
   84.329028281    0.414530532    0.414714876
   84.357374172    0.414558768    0.414691950
   84.385720064    0.414588962    0.414671755
   84.414065956    0.414613421    0.414654336
   84.442411848    0.414626091    0.414639796
   84.470757740    0.414624508    0.414628268
   84.499103632    0.414610661    0.414619860
   84.527449524    0.414590462    0.414614595
   84.555795415    0.414571961    0.414612352
   84.584141307    0.414562833    0.414612841
   84.612487199    0.414567935    0.414615603
   84.640833091    0.414587708    0.414620060
   84.669178983    0.414617946    0.414625587
   84.697524875    0.414651043    0.414631599
   84.725870767    0.414678345    0.414637635
   84.754216658    0.414692883    0.414643408
   84.782562550    0.414691626    0.414648825
   84.810908442    0.414676507    0.414653956
   84.839254334    0.414653901    0.414658980
   84.867600226    0.414632664    0.414664103
   84.895946118    0.414621357    0.414669491
   84.924292010    0.414625513    0.414675215
   84.952637901    0.414645825    0.414681238
   84.980983793    0.414677860    0.414687430
   85.009329685    0.414713391    0.414693614
