    0.000000000    0.491296811    0.491006874
    0.028345892    0.491293810    0.491003319
    0.056691784    0.491285557    0.490999380
    0.085037676    0.491275817    0.490995131
    0.113383567    0.491268876    0.490990657
    0.141729459    0.491268220    0.490986025
    0.170075351    0.491275424    0.490981262
    0.198421243    0.491289624    0.490976344
    0.226767135    0.491307735    0.490971202
    0.255113027    0.491325376    0.490965746
    0.283458919    0.491338216    0.490959885
    0.311804810    0.491343334    0.490953558
    0.340150702    0.491340163    0.490946747
    0.368496594    0.491330707    0.490939481
    0.396842486    0.491318959    0.490931819
    0.425188378    0.491309677    0.490923834
    0.453534270    0.491306900    0.490915582
    0.481880162    0.491312666    0.490907083
    0.510226053    0.491326337    0.490898315
    0.538571945    0.491344754    0.490889214
    0.566917837    0.491363201    0.490879694
    0.595263729    0.491376861    0.490869672
    0.623609621    0.491382335    0.490859084
    0.651955513    0.491378732    0.490847908
    0.680301405    0.491367984    0.490836162
    0.708647296    0.491354270    0.490823896
    0.736993188    0.491342729    0.490811169
    0.765339080    0.491337846    0.490798033
    0.793684972    0.491342032    0.490784508
    0.822030864    0.491354839    0.490770573
    0.850376756    0.491373066    0.490756171
    0.878722648    0.491391742    0.490741218
    0.907068539    0.491405675    0.490725631
    0.935414431    0.491411086    0.490709342
    0.963760323    0.491406813    0.490692319
    0.992106215    0.491394700    0.490674567
    1.020452107    0.491379039    0.490656123
    1.048797999    0.491365239    0.490637040
    1.077143891    0.491358124    0.490617364
    1.105489783    0.491360411    0.490597115
    1.133835674    0.491371834    0.490576277
    1.162181566    0.491389212    0.490554797
    1.190527458    0.491407428    0.490532595
    1.218873350    0.491421030    0.490509583
    1.247219242    0.491425941    0.490485686
    1.275565134    0.491420750    0.490460858
    1.303911026    0.491407168    0.490435090
    1.332256917    0.491389501    0.490408405
    1.360602809    0.491373305    0.490380847
    1.388948701    0.491363645    0.490352458
    1.417294593    0.491363500    0.490323260
    1.445640485    0.491372819    0.490293242
    1.473986377    0.491388528    0.490262355
    1.502332269    0.491405482    0.490230519
    1.530678160    0.491418078    0.490197642
    1.559024052    0.491422004    0.490163638
    1.587369944    0.491415594    0.490128443
    1.615715836    0.491400347    0.490092032
    1.644061728    0.491380466    0.490054412
    1.672407620    0.491361538    0.490015618
    1.700753512    0.491348786    0.489975688
    1.729099403    0.491345438    0.489934647
    1.757445295    0.491351713    0.489892486
    1.785791187    0.491364750    0.489849163
    1.814137079    0.491379504    0.489804595
    1.842482971    0.491390315    0.489758683
    1.870828863    0.491392671    0.489711326
    1.899174755    0.491384613    0.489662442
    1.927520646    0.491367335    0.489611987
    1.955866538    0.491344808    0.489559950
    1.984212430    0.491322540    0.489506355
    2.012558322    0.491305857    0.489451235
    2.040904214    0.491298248    0.489394617
    2.069250106    0.491300279    0.489336499
    2.097595998    0.491309427    0.489276837
    2.125941889    0.491320860    0.489215551
    2.154287781    0.491328940    0.489152529
    2.182633673    0.491328964    0.489087654
    2.210979565    0.491318616    0.489020822
    2.239325457    0.491298673    0.488951966
    2.267671349    0.491272754    0.488881058
    2.296017241    0.491246195    0.488808106
    2.324363132    0.491224389    0.488733141
    2.352709024    0.491211123    0.488656189
    2.381054916    0.491207411    0.488577252
    2.409400808    0.491211186    0.488496290
    2.437746700    0.491217933    0.488413217
    2.466092592    0.491222088    0.488327910
    2.494438484    0.491218742    0.488240233
    2.522784375    0.491205143    0.488150057
    2.551130267    0.491181535    0.488057289
    2.579476159    0.491151071    0.487961879
    2.607822051    0.491118838    0.487863822
    2.636167943    0.491090290    0.487763141
    2.664513835    0.491069571    0.487659863
    2.692859727    0.491058243    0.487553994
    2.721205618    0.491054807    0.487445494
    2.749551510    0.491055157    0.487334271
    2.777897402    0.491053829    0.487220191
    2.806243294    0.491045670    0.487103093
    2.834589186    0.491027404    0.486982824
    2.862935078    0.490998628    0.486859259
    2.891280970    0.490961929    0.486732324
    2.919626861    0.490922097    0.486601998
    2.947972753    0.490884655    0.486468296
    2.976318645    0.490854173    0.486331244
    3.004664537    0.490832865    0.486190850
    3.033010429    0.490819901    0.486047074
    3.061356321    0.490811646    0.485899821
    3.089702213    0.490802748    0.485748939
    3.118048104    0.490787759    0.485594244
    3.146393996    0.490762786    0.485435550
    3.174739888    0.490726675    0.485272702
    3.203085780    0.490681370    0.485105598
    3.231431672    0.490631329    0.484934195
    3.259777564    0.490582172    0.484758499
    3.288123456    0.490538966    0.484578535
    3.316469348    0.490504672    0.484394313
    3.344815239    0.490479211    0.484205794
    3.373161131    0.490459463    0.484012876
    3.401507023    0.490440182    0.483815390
    3.429852915    0.490415568    0.483613126
    3.458198807    0.490381023    0.483405863
    3.486544699    0.490334556    0.483193409
    3.514890591    0.490277405    0.482975630
    3.543236482    0.490213681    0.482752460
    3.571582374    0.490149132    0.482523892
    3.599928266    0.490089393    0.482289950
    3.628274158    0.490038245    0.482050644
    3.656620050    0.489996430    0.481805939
    3.684965942    0.489961369    0.481555726
    3.713311834    0.489927904    0.481299819
    3.741657725    0.489889828    0.481037977
    3.770003617    0.489841764    0.480769941
    3.798349509    0.489780812    0.480495477
    3.826695401    0.489707459    0.480214412
    3.855041293    0.489625466    0.479926653
    3.883387185    0.489540738    0.479632178
    3.911733077    0.489459532    0.479331006
    3.940078968    0.489386516    0.479023153
    3.968424860    0.489323293    0.478708587
    3.996770752    0.489267846    0.478387192
    4.025116644    0.489215085    0.478058766
    4.053462536    0.489158349    0.477723034
    4.081808428    0.489091425    0.477379692
    4.110154320    0.489010451    0.477028454
    4.138500211    0.488915130    0.476669102
    4.166846103    0.488808865    0.476301507
    4.195191995    0.488697742    0.475925628
    4.223537887    0.488588680    0.475541480
    4.251883779    0.488487275    0.475149085
    4.280229671    0.488396025    0.474748416
    4.308575563    0.488313485    0.474339354
    4.336921454    0.488234620    0.473921677
    4.365267346    0.488152289    0.473495070
    4.393613238    0.488059397    0.473059172
    4.421959130    0.487951083    0.472613635
    4.450305022    0.487826236    0.472158178
    4.478650914    0.487687890    0.471692624
    4.506996806    0.487542318    0.471216906
    4.535342697    0.487397119    0.470731031
    4.563688589    0.487258843    0.470235027
    4.592034481    0.487130908    0.469728875
    4.620380373    0.487012454    0.469212455
    4.648726265    0.486898509    0.468685517
    4.677072157    0.486781436    0.468147694
    4.705418049    0.486653239    0.467598549
    4.733763940    0.486508024    0.467037640
    4.762109832    0.486343836    0.466464596
    4.790455724    0.486163311    0.465879167
    4.818801616    0.485972896    0.465281238
    4.847147508    0.485780867    0.464670799
    4.875493400    0.485594741    0.464047881
    4.903839292    0.485418882    0.463412474
    4.932185183    0.485253046    0.462764450
    4.960531075    0.485092344    0.462103519
    4.988876967    0.484928656    0.461429230
    5.017222859    0.484753077    0.460741018
    5.045568751    0.484558649    0.460038291
    5.073914643    0.484342530    0.459320522
    5.102260535    0.484106910    0.458587326
    5.130606426    0.483858364    0.457838494
    5.158952318    0.483605827    0.457073971
    5.187298210    0.483357793    0.456293778
    5.215644102    0.483119601    0.455497907
    5.243989994    0.482891676    0.454686209
    5.272335886    0.482669264    0.453858316
    5.300681778    0.482443794    0.453013617
    5.329027669    0.482205451    0.452151310
    5.357373561    0.481946180    0.451270499
    5.385719453    0.481662182    0.450370340
    5.414065345    0.481355123    0.449450158
    5.442411237    0.481031640    0.448509531
    5.470757129    0.480701291    0.447548290
    5.499103021    0.480373555    0.446566433
    5.527448913    0.480054805    0.445563971
    5.555794804    0.479746212    0.444540741
    5.584140696    0.479443240    0.443496242
    5.612486588    0.479136922    0.442429534
    5.640832480    0.478816538    0.441339257
    5.669178372    0.478472882    0.440223750
    5.697524264    0.478101104    0.439081289
    5.725870156    0.477702231    0.437910365
    5.754216047    0.477282870    0.436709956
    5.782561939    0.476853158    0.435479730
    5.810907831    0.476423580    0.434220112
    5.839253723    0.476001627    0.432932199
    5.867599615    0.475589336    0.431617542
    5.895945507    0.475182507    0.430277807
    5.924291399    0.474771847    0.428914415
    5.952637290    0.474345731    0.427528203
    5.980983182    0.473893724    0.426119199
    6.009329074    0.473409788    0.424686534
    6.037674966    0.472894160    0.423228509
    6.066020858    0.472353294    0.421742805
    6.094366750    0.471797860    0.420226777
    6.122712642    0.471239393    0.418677772
    6.151058533    0.470686625    0.417093416
    6.179404425    0.470142629    0.415471817
    6.207750317    0.469603688    0.413811666
    6.236096209    0.469060274    0.412112229
    6.264442101    0.468499839    0.410373270
    6.292787993    0.467910606    0.408594925
    6.321133885    0.467285165    0.406777593
    6.349479776    0.466622765    0.404921854
    6.377825668    0.465929563    0.403028452
    6.406171560    0.465216718    0.401098322
    6.434517452    0.464496897    0.399132670
    6.462863344    0.463780246    0.397133052
    6.491209236    0.463071095    0.395101454
    6.519555128    0.462366408    0.393040323
    6.547901019    0.461656516    0.390952559
    6.576246911    0.460927919    0.388841466
    6.604592803    0.460167331    0.386710666
    6.632938695    0.459365725    0.384564006
    6.661284587    0.458521115    0.382405467
    6.689630479    0.457639191    0.380239094
    6.717976371    0.456731569    0.378068948
    6.746322262    0.455812165    0.375899080
    6.774668154    0.454892788    0.373733512
    6.803014046    0.453979311    0.371576226
    6.831359938    0.453069619    0.369431127
    6.859705830    0.452154011    0.367301993
    6.888051722    0.451217964    0.365192401
    6.916397614    0.450246460    0.363105628
    6.944743505    0.449228531    0.361044544
    6.973089397    0.448160643    0.359011500
    7.001435289    0.447047813    0.357008222
    7.029781181    0.445902095    0.355035721
    7.058127073    0.444738836    0.353094229
    7.086472965    0.443571834    0.351183158
    7.114818857    0.442408882    0.349301103
    7.143164748    0.441249083    0.347445867
    7.171510640    0.440082825    0.345614529
    7.199856532    0.438894457    0.343803544
    7.228202424    0.437666911    0.342008857
    7.256548316    0.436386857    0.340226039
    7.284894208    0.435048806    0.338450429
    7.313240100    0.433656855    0.336677258
    7.341585991    0.432223494    0.334901768
    7.369931883    0.430765757    0.333119312
    7.398277775    0.429299874    0.331325444
    7.426623667    0.427836051    0.329515997
    7.454969559    0.426374995    0.327687179
    7.483315451    0.424907318    0.325835672
    7.511661343    0.423416075    0.323958748
    7.540007234    0.421881715    0.322054388
    7.568353126    0.420287960    0.320121388
    7.596699018    0.418626823    0.318159429
    7.625044910    0.416901155    0.316169078
    7.653390802    0.415123884    0.314151719
    7.681736694    0.413314081    0.312109398
    7.710082586    0.411491015    0.310044602
    7.738428478    0.409667967    0.307960005
    7.766774369    0.407847753    0.305858221
    7.795120261    0.406021382    0.303741613
    7.823466153    0.404170354    0.301612192
    7.851812045    0.402271999    0.299471627
    7.880157937    0.400306260    0.297321357
    7.908503829    0.398261866    0.295162775
    7.936849721    0.396139935    0.292997433
    7.965195612    0.393953821    0.290827217
    7.993541504    0.391725118    0.288654435
    8.021887396    0.389476973    0.286481800
    8.050233288    0.387226684    0.284312295
    8.078579180    0.384979895    0.282148968
    8.106925072    0.382728229    0.279994682
    8.135270964    0.380451225    0.277851904
    8.163616855    0.378122120    0.275722566
    8.191962747    0.375715782    0.273608041
    8.220308639    0.373216415    0.271509226
    8.248654531    0.370622599    0.269426705
    8.277000423    0.367948011    0.267360940
    8.305346315    0.365217434    0.265312430
    8.333692207    0.362459132    0.263281787
    8.362038098    0.359695838    0.261269696
    8.390383990    0.356937112    0.259276782
    8.418729882    0.354175517    0.257303411
    8.447075774    0.351387945    0.255349491
    8.475421666    0.348541900    0.253414348
    8.503767558    0.345604961    0.251496717
    8.532113450    0.342554611    0.249594898
    8.560459341    0.339385358    0.247707032
    8.588805233    0.336110827    0.245831470
    8.617151125    0.332759928    0.243967137
    8.645497017    0.329368030    0.242113821
    8.673842909    0.325965685    0.240272294
    8.702188801    0.322568284    0.238444251
    8.730534693    0.319169927    0.236632048
    8.758880584    0.315743634    0.234838315
    8.787226476    0.312248129    0.233065505
    8.815572368    0.308639421    0.231315483
    8.843918260    0.304883825    0.229589249
    8.872264152    0.300968431    0.227886831
    8.900610044    0.296905614    0.226207380
    8.928955936    0.292729843    0.224549421
    8.957301827    0.288487330    0.222911191
    8.985647719    0.284221296    0.221290993
    9.013993611    0.279957168    0.219687469
    9.042339503    0.275692276    0.218099748
    9.070685395    0.271393546    0.216527441
    9.099031287    0.267004422    0.214970513
    9.127377179    0.262459536    0.213429070
    9.155723070    0.257703141    0.211903138
    9.184068962    0.252705916    0.210392488
    9.212414854    0.247474852    0.208896563
    9.240760746    0.242052624    0.207414503
    9.269106638    0.236505749    0.205945275
    9.297452530    0.230904115    0.204487838
    9.325798422    0.225297279    0.203041317
    9.354144313    0.219694305    0.201605126
    9.382490205    0.214053489    0.200179001
    9.410836097    0.208286020    0.198762969
    9.439181989    0.202274028    0.197357232
    9.467527881    0.195899494    0.195962046
    9.495873773    0.189077216    0.194577599
    9.524219665    0.181783424    0.193203951
    9.552565556    0.174072120    0.191841029
    9.580911448    0.166073896    0.190488694
    9.609257340    0.157976141    0.189146830
    9.637603232    0.149988117    0.187815440
    9.665949124    0.142298327    0.186494705
    9.694295016    0.135033727    0.185184987
    9.722640908    0.128230148    0.183886771
    9.750986800    0.121820864    0.182600564
    9.779332691    0.115646025    0.181326774
    9.807678583    0.109480903    0.180065616
    9.836024475    0.103076593    0.178817052
    9.864370367    0.096204191    0.177580799
    9.892716259    0.088692992    0.176356375
    9.921062151    0.080455094    0.175143175
    9.949408043    0.071492299    0.173940534
    9.977753934    0.061885553    0.172747747
   10.006099826    0.051771093    0.171564045
   10.034445718    0.041310194    0.170388509
   10.062791610    0.030660173    0.169219960
   10.091137502    0.019953152    0.168056873
   10.119483394    0.009286448    0.166897345
   10.147829286   -0.001274934    0.165739159
   10.176175177   -0.011686352    0.164579957
   10.204521069   -0.021906914    0.163417492
   10.232866961   -0.031883608    0.162249933
   10.261212853   -0.041540771    0.161076138
   10.289558745   -0.050777442    0.159895844
   10.317904637   -0.059472733    0.158709710
   10.346250529   -0.067497068    0.157519207
   10.374596420   -0.074725811    0.156326355
   10.402942312   -0.081051486    0.155133380
   10.431288204   -0.086391642    0.153942350
   10.459634096   -0.090691007    0.152754897
   10.487979988   -0.093918299    0.151572081
   10.516325880   -0.096059600    0.150394455
   10.544671772   -0.097110914    0.149222306
   10.573017663   -0.097072494    0.148056045
   10.601363555   -0.095946683    0.146896638
   10.629709447   -0.093739846    0.145746004
   10.658055339   -0.090467681    0.144607264
   10.686401231   -0.086162366    0.143484789
   10.714747123   -0.080879607    0.142384030
   10.743093015   -0.074703913    0.141311153
   10.771438906   -0.067751013    0.140272563
   10.799784798   -0.060167146    0.139274410
   10.828130690   -0.052125564    0.138322182
   10.856476582   -0.043821035    0.137420465
   10.884822474   -0.035463108    0.136572897
   10.913168366   -0.027268768    0.135782330
   10.941514258   -0.019454810    0.135051107
   10.969860149   -0.012230074    0.134381398
   10.998206041   -0.005787707    0.133775466
   11.026551933   -0.000297786    0.133235802
   11.054897825    0.004099115    0.132765067
   11.083243717    0.007296668    0.132365844
   11.111589609    0.009225216    0.132040249
   11.139935501    0.009851607    0.131789492
   11.168281392    0.009176775    0.131613469
   11.196627284    0.007232018    0.131510511
   11.224973176    0.004075327    0.131477318
   11.253319068   -0.000210937    0.131509124
   11.281664960   -0.005520243    0.131600040
   11.310010852   -0.011720178    0.131743515
   11.338356744   -0.018650095    0.131932817
   11.366702635   -0.026120275    0.132161437
   11.395048527   -0.033914970    0.132423341
   11.423394419   -0.041801147    0.132713059
   11.451740311   -0.049543376    0.133025604
   11.480086203   -0.056923457    0.133356290
   11.508432095   -0.063761529    0.133700541
   11.536777987   -0.069934191    0.134053754
   11.565123878   -0.075384998    0.134411292
   11.593469770   -0.080123867    0.134768640
   11.621815662   -0.084214238    0.135121678
   11.650161554   -0.087749780    0.135467034
   11.678507446   -0.090825266    0.135802418
   11.706853338   -0.093508128    0.136126847
   11.735199230   -0.095817520    0.136440699
   11.763545121   -0.097716274    0.136745566
   11.791891013   -0.099118115    0.137043930
   11.820236905   -0.099908691    0.137338733
   11.848582797   -0.099975320    0.137632922
   11.876928689   -0.099237914    0.137929091
   11.905274581   -0.097672975    0.138229278
   11.933620473   -0.095324232    0.138534965
   11.961966365   -0.092296924    0.138847261
   11.990312256   -0.088737122    0.139167212
   12.018658148   -0.084801615    0.139496120
   12.047004040   -0.080626598    0.139835799
   12.075349932   -0.076303857    0.140188658
   12.103695824   -0.071871184    0.140557578
   12.132041716   -0.067319773    0.140945603
   12.160387608   -0.062616494    0.141355495
   12.188733499   -0.057734457    0.141789259
   12.217079391   -0.052682577    0.142247752
   12.245425283   -0.047524672    0.142730445
   12.273771175   -0.042381205    0.143235413
   12.302117067   -0.037411438    0.143759523
   12.330462959   -0.032779349    0.144298775
   12.358808851   -0.028611572    0.144848697
   12.387154742   -0.024958474    0.145404691
   12.415500634   -0.021769433    0.145962247
   12.443846526   -0.018890267    0.146516976
   12.472192418   -0.016085375    0.147064479
   12.500538310   -0.013080815    0.147600117
   12.528884202   -0.009618976    0.148118761
   12.557230094   -0.005512204    0.148614652
   12.585575985   -0.000682621    0.149081423
   12.613921877    0.004821456    0.149512334
   12.642267769    0.010836455    0.149900700
   12.670613661    0.017119085    0.150240409
   12.698959553    0.023397774    0.150526461
   12.727305445    0.029427573    0.150755364
   12.755651337    0.035035570    0.150925344
   12.783997228    0.040146660    0.151036283
   12.812343120    0.044784747    0.151089439
   12.840689012    0.049050846    0.151086997
   12.869034904    0.053085227    0.151031589
   12.897380796    0.057024376    0.150925875
   12.925726688    0.060964175    0.150772305
   12.954072580    0.064938301    0.150573091
   12.982418471    0.068916201    0.150330388
   13.010764363    0.072819444    0.150046611
   13.039110255    0.076550376    0.149724785
   13.067456147    0.080024051    0.149368815
   13.095802039    0.083194177    0.148983588
   13.124147931    0.086066134    0.148574868
   13.152493823    0.088694305    0.148148987
   13.180839714    0.091165623    0.147712412
   13.209185606    0.093575144    0.147271279
   13.237531498    0.096001370    0.146830995
   13.265877390    0.098488656    0.146395995
   13.294223282    0.101041479    0.145969689
   13.322569174    0.103631453    0.145554596
   13.350915066    0.106214085    0.145152584
   13.379260957    0.108749376    0.144765153
   13.407606849    0.111219460    0.144393662
   13.435952741    0.113637687    0.144039434
   13.464298633    0.116046399    0.143703723
   13.492644525    0.118504368    0.143387551
   13.520990417    0.121068078    0.143091490
   13.549336309    0.123772924    0.142815455
   13.577682200    0.126620334    0.142558581
   13.606028092    0.129574819    0.142319239
   13.634373984    0.132571711    0.142095185
   13.662719876    0.135532898    0.141883818
   13.691065768    0.138385229    0.141682486
   13.719411660    0.141075393    0.141488747
   13.747757552    0.143576184    0.141300546
   13.776103443    0.145881885    0.141116260
   13.804449335    0.147994202    0.140934621
   13.832795227    0.149903513    0.140754558
   13.861141119    0.151572220    0.140575011
   13.889487011    0.152926904    0.140394792
   13.917832903    0.153863740    0.140212533
   13.946178795    0.154267771    0.140026729
   13.974524686    0.154042326    0.139835854
   14.002870578    0.153141225    0.139638502
   14.031216470    0.151594746    0.139433485
   14.059562362    0.149521105    0.139219835
   14.087908254    0.147118435    0.138996694
   14.116254146    0.144637161    0.138763101
   14.144600038    0.142337940    0.138517736
   14.172945930    0.140444624    0.138258694
   14.201291821    0.139103641    0.137983377
   14.229637713    0.138360307    0.137688554
   14.257983605    0.138158867    0.137370603
   14.286329497    0.138367409    0.137025906
   14.314675389    0.138822642    0.136651302
   14.343021281    0.139384397    0.136244506
   14.371367173    0.139986947    0.135804363
   14.399713064    0.140674650    0.135330881
   14.428058956    0.141612891    0.134824995
   14.456404848    0.143071032    0.134288110
   14.484750740    0.145380754    0.133721515
   14.513096632    0.148878982    0.133125774
   14.541442524    0.153848295    0.132500264
   14.569788416    0.160468270    0.131842929
   14.598134307    0.168788532    0.131150337
   14.626480199    0.178729093    0.130418018
   14.654826091    0.190107011    0.129641027
   14.683171983    0.202682262    0.128814599
   14.711517875    0.216211278    0.127934796
   14.739863767    0.230495088    0.126998999
   14.768209659    0.245410570    0.126006187
   14.796555550    0.260917679    0.124956984
   14.824901442    0.277041467    0.123853475
   14.853247334    0.293833891    0.122698906
   14.881593226    0.311325236    0.121497326
   14.909939118    0.329477414    0.120253283
   14.938285010    0.348150875    0.118971615
   14.966630902    0.367093519    0.117657385
   14.994976793    0.385954739    0.116315903
   15.023322685    0.404321790    0.114952823
   15.051668577    0.421770516    0.113574221
   15.080014469    0.437919242    0.112186605
   15.108360361    0.452474159    0.110796822
   15.136706253    0.465256761    0.109411863
   15.165052145    0.476208315    0.108038579
   15.193398036    0.485371906    0.106683381
   15.221743928    0.492857793    0.105351977
   15.250089820    0.498801621    0.104049199
   15.278435712    0.503326320    0.102778958
   15.306781604    0.506517194    0.101544327
   15.335127496    0.508415989    0.100347733
   15.363473388    0.509034619    0.099191204
   15.391819279    0.508383980    0.098076606
   15.420165171    0.506509220    0.097005843
   15.448511063    0.503520973    0.095980946
   15.476856955    0.499612932    0.095004068
   15.505202847    0.495059487    0.094077375
   15.533548739    0.490192291    0.093202869
   15.561894631    0.485360082    0.092382188
   15.590240522    0.480880721    0.091616426
   15.618586414    0.476996746    0.090906006
   15.646932306    0.473845355    0.090250632
   15.675278198    0.471450407    0.089649325
   15.703624090    0.469738780    0.089100533
   15.731969982    0.468577262    0.088602283
   15.760315874    0.467820910    0.088152351
   15.788661765    0.467360640    0.087748418
   15.817007657    0.467157758    0.087388168
   15.845353549    0.467256213    0.087069338
   15.873699441    0.467768926    0.086789697
   15.902045333    0.468841160    0.086546976
   15.930391225    0.470599996    0.086338767
   15.958737117    0.473102775    0.086162424
   15.987083008    0.476298008    0.086015009
   16.015428900    0.480009325    0.085893289
   16.043774792    0.483947310    0.085793823
   16.072120684    0.487746965    0.085713113
   16.100466576    0.491021871    0.085647819
   16.128812468    0.493421754    0.085594984
   16.157158360    0.494679147    0.085552228
   16.185504252    0.494633762    0.085517868
   16.213850143    0.493229056    0.085490933
   16.242196035    0.490483025    0.085471056
   16.270541927    0.486442317    0.085458270
   16.298887819    0.481133438    0.085452736
   16.327233711    0.474525808    0.085454487
   16.355579603    0.466518332    0.085463221
   16.383925495    0.456954717    0.085478233
   16.412271386    0.445664691    0.085498475
   16.440617278    0.432520754    0.085522777
   16.468963170    0.417495131    0.085550145
   16.497309062    0.400700757    0.085580102
   16.525654954    0.382403671    0.085612962
   16.554000846    0.363001318    0.085649984
   16.582346738    0.342970181    0.085693342
   16.610692629    0.322794388    0.085745924
   16.639038521    0.302892369    0.085810987
   16.667384413    0.283559586    0.085891741
   16.695730305    0.264941585    0.085990971
   16.724076197    0.247043940    0.086110753
   16.752422089    0.229776113    0.086252351
   16.780767981    0.213017363    0.086416292
   16.809113872    0.196686931    0.086602584
   16.837459764    0.180799545    0.086811019
   16.865805656    0.165491066    0.087041437
   16.894151548    0.151006977    0.087293903
   16.922497440    0.137656266    0.087568702
   16.950843332    0.125742531    0.087866168
   16.979189224    0.115490244    0.088186380
   17.007535115    0.106985567    0.088528819
   17.035881007    0.100147401    0.088892080
   17.064226899    0.094736524    0.089273757
   17.092572791    0.090400815    0.089670550
   17.120918683    0.086745265    0.090078610
   17.149264575    0.083409245    0.090494062
   17.177610467    0.080131857    0.090913606
   17.205956358    0.076789613    0.091335068
   17.234302250    0.073398044    0.091757762
   17.262648142    0.070078273    0.092182590
   17.290994034    0.066998388    0.092611836
   17.319339926    0.064305478    0.093048697
   17.347685818    0.062065877    0.093496639
   17.376031710    0.060228220    0.093958731
   17.404377601    0.058617389    0.094437073
   17.432723493    0.056959102    0.094932442
   17.461069385    0.054927224    0.095444215
   17.489415277    0.052200683    0.095970568
   17.517761169    0.048515606    0.096508880
   17.546107061    0.043700820    0.097056247
   17.574452953    0.037690394    0.097609984
   17.602798844    0.030513575    0.098168014
   17.631144736    0.022268372    0.098729077
   17.659490628    0.013088495    0.099292733
   17.687836520    0.003113705    0.099859204
   17.716182412   -0.007529182    0.100429098
   17.744528304   -0.018731975    0.101003104
   17.772874196   -0.030399789    0.101581710
   17.801220087   -0.042440666    0.102165001
   17.829565979   -0.054757243    0.102752547
   17.857911871   -0.067246007    0.103343352
   17.886257763   -0.079806054    0.103935868
   17.914603655   -0.092354789    0.104528012
   17.942949547   -0.104844400    0.105117192
   17.971295439   -0.117271432    0.105700340
   17.999641330   -0.129673110    0.106273956
   18.027987222   -0.142107873    0.106834208
   18.056333114   -0.154622870    0.107377078
   18.084679006   -0.167216185    0.107898576
   18.113024898   -0.179804702    0.108394966
   18.141370790   -0.192208584    0.108862982
   18.169716682   -0.204160058    0.109299942
   18.198062573   -0.215338228    0.109703737
   18.226408465   -0.225424592    0.110072646
   18.254754357   -0.234167759    0.110405012
   18.283100249   -0.241442338    0.110698824
   18.311446141   -0.247287296    0.110951305
   18.339792033   -0.251913278    0.111158604
   18.368137925   -0.255675553    0.111315683
   18.396483817   -0.259017470    0.111416447
   18.424829708   -0.262396528    0.111454095
   18.453175600   -0.266209324    0.111421643
   18.481521492   -0.270731824    0.111312485
   18.509867384   -0.276087344    0.111120860
   18.538213276   -0.282247644    0.110842130
   18.566559168   -0.289064322    0.110472783
   18.594905060   -0.296320568    0.110010174
   18.623250951   -0.303789013    0.109452096
   18.651596843   -0.311280985    0.108796291
   18.679942735   -0.318675924    0.108040086
   18.708288627   -0.325925826    0.107180267
   18.736634519   -0.333036711    0.106213292
   18.764980411   -0.340035151    0.105135814
   18.793326303   -0.346931315    0.103945444
   18.821672194   -0.353689986    0.102641569
   18.850018086   -0.360217741    0.101226048
   18.878363978   -0.366369112    0.099703595
   18.906709870   -0.371968750    0.098081744
   18.935055762   -0.376841990    0.096370377
   18.963401654   -0.380844212    0.094580895
   18.991747546   -0.383880250    0.092725213
   19.020093437   -0.385908684    0.090814794
   19.048439329   -0.386930671    0.088859924
   19.076785221   -0.386967799    0.086869397
   19.105131113   -0.386036634    0.084850638
   19.133477005   -0.384128380    0.082810226
   19.161822897   -0.381200225    0.080754646
   19.190168789   -0.377181112    0.078691049
   19.218514680   -0.371990134    0.076627817
   19.246860572   -0.365561869    0.074574748
   19.275206464   -0.357870891    0.072542810
   19.303552356   -0.348948044    0.070543481
   19.331898248   -0.338883612    0.068587865
   19.360244140   -0.327816497    0.066685755
   19.388590032   -0.315912635    0.064844903
   19.416935923   -0.303338930    0.063070656
   19.445281815   -0.290240081    0.061366054
   19.473627707   -0.276724535    0.059732349
   19.501973599   -0.262862865    0.058169814
   19.530319491   -0.248698065    0.056678620
   19.558665383   -0.234263772    0.055259561
   19.587011275   -0.219604297    0.053914429
   19.615357166   -0.204790190    0.052645954
   19.643703058   -0.189924768    0.051457314
   19.672048950   -0.175140093    0.050351353
   19.700394842   -0.160584189    0.049329718
   19.728740734   -0.146403877    0.048392130
   19.757086626   -0.132728617    0.047536013
   19.785432518   -0.119660006    0.046756557
   19.813778409   -0.107269320    0.046047237
   19.842124301   -0.095602574    0.045400661
   19.870470193   -0.084689943    0.044809551
   19.898816085   -0.074554973    0.044267633
   19.927161977   -0.065219172    0.043770250
   19.955507869   -0.056699433    0.043314563
   19.983853761   -0.048998419    0.042899360
   20.012199652   -0.042090915    0.042524547
   20.040545544   -0.035910975    0.042190518
   20.068891436   -0.030345020    0.041897599
   20.097237328   -0.025234613    0.041645743
   20.125583220   -0.020389844    0.041434574
   20.153929112   -0.015611026    0.041263761
   20.182275004   -0.010713731    0.041133624
   20.210620895   -0.005550899    0.041045772
   20.238966787   -0.000026421    0.041003569
   20.267312679    0.005903083    0.041012260
   20.295658571    0.012238177    0.041078665
   20.324004463    0.018954709    0.041210476
   20.352350355    0.026024271    0.041415278
   20.380696247    0.033430690    0.041699527
   20.409042138    0.041177626    0.042067700
   20.437388030    0.049285382    0.042521833
   20.465733922    0.057778567    0.043061538
   20.494079814    0.066669302    0.043684508
   20.522425706    0.075942108    0.044387354
   20.550771598    0.085546082    0.045166588
   20.579117490    0.095397453    0.046019475
   20.607463382    0.105392054    0.046944548
   20.635809273    0.115423663    0.047941666
   20.664155165    0.125401852    0.049011575
   20.692501057    0.135262814    0.050155107
   20.720846949    0.144968656    0.051372210
   20.749192841    0.154494542    0.052661059
   20.777538733    0.163807428    0.054017464
   20.805884625    0.172843800    0.055434739
   20.834230516    0.181495223    0.056904044
   20.862576408    0.189609291    0.058415135
   20.890922300    0.197009548    0.059957322
   20.919268192    0.203532359    0.061520401
   20.947614084    0.209072966    0.063095365
   20.975959976    0.213628916    0.064674706
   21.004305868    0.217327962    0.066252288
   21.032651759    0.220430131    0.067822851
   21.060997651    0.223299389    0.069381305
   21.089343543    0.226347930    0.070922033
   21.117689435    0.229963511    0.072438412
   21.146035327    0.234435489    0.073922698
   21.174381219    0.239896661    0.075366330
   21.202727111    0.246295106    0.076760607
   21.231073002    0.253403590    0.078097575
   21.259418894    0.260865230    0.079370945
   21.287764786    0.268265397    0.080576814
   21.316110678    0.275213437    0.081714055
   21.344456570    0.281415438    0.082784292
   21.372802462    0.286721584    0.083791480
   21.401148354    0.291138084    0.084741218
   21.429494245    0.294802444    0.085639942
   21.457840137    0.297929828    0.086494182
   21.486186029    0.300744989    0.087310035
   21.514531921    0.303417168    0.088092909
   21.542877813    0.306013688    0.088847572
   21.571223705    0.308482482    0.089578404
   21.599569597    0.310665860    0.090289755
   21.627915488    0.312339819    0.090986269
   21.656261380    0.313267090    0.091673081
   21.684607272    0.313249492    0.092355818
   21.712953164    0.312166552    0.093040416
   21.741299056    0.309991992    0.093732806
   21.769644948    0.306786311    0.094438541
   21.797990840    0.302670183    0.095162470
   21.826336731    0.297788039    0.095908513
   21.854682623    0.292272852    0.096679556
   21.883028515    0.286221520    0.097477476
   21.911374407    0.279686076    0.098303219
   21.939720299    0.272680692    0.099156885
   21.968066191    0.265199687    0.100037779
   21.996412083    0.257238920    0.100944375
   22.024757974    0.248812777    0.101874246
   22.053103866    0.239961281    0.102823978
   22.081449758    0.230745798    0.103789140
   22.109795650    0.221235949    0.104764384
   22.138141542    0.211493367    0.105743694
   22.166487434    0.201558790    0.106720788
   22.194833326    0.191447538    0.107689619
   22.223179217    0.181155127    0.108644900
   22.251525109    0.170670883    0.109582525
   22.279871001    0.159994238    0.110499833
   22.308216893    0.149147082    0.111395614
   22.336562785    0.138176628    0.112269886
   22.364908677    0.127146512    0.113123457
   22.393254569    0.116118125    0.113957394
   22.421600460    0.105128258    0.114772484
   22.449946352    0.094171395    0.115568827
   22.478292244    0.083194593    0.116345632
   22.506638136    0.072109778    0.117101265
   22.534984028    0.060823041    0.117833517
   22.563329920    0.049274898    0.118540046
   22.591675812    0.037480926    0.119218876
   22.620021703    0.025560540    0.119868847
   22.648367595    0.013743462    0.120489919
   22.676713487    0.002348560    0.121083260
   22.705059379   -0.008263006    0.121651109
   22.733405271   -0.017751052    0.122196431
   22.761751163   -0.025861313    0.122722431
   22.790097055   -0.032475557    0.123232019
   22.818442947   -0.037632954    0.123727308
   22.846788838   -0.041515313    0.124209220
   22.875134730   -0.044397723    0.124677252
   22.903480622   -0.046575143    0.125129415
   22.931826514   -0.048282103    0.125562336
   22.960172406   -0.049625153    0.125971483
   22.988518298   -0.050545071    0.126351473
   23.016864190   -0.050818811    0.126696403
   23.045210081   -0.050101338    0.127000180
   23.073555973   -0.047997466    0.127256795
   23.101901865   -0.044146213    0.127460548
   23.130247757   -0.038296981    0.127606206
   23.158593649   -0.030358991    0.127689108
   23.186939541   -0.020412314    0.127705220
   23.215285433   -0.008678718    0.127651162
   23.243631324    0.004539124    0.127524211
   23.271977216    0.018933555    0.127322291
   23.300323108    0.034262814    0.127043965
   23.328669000    0.050398384    0.126688415
   23.357014892    0.067336823    0.126255428
   23.385360784    0.085173599    0.125745383
   23.413706676    0.104046517    0.125159227
   23.442052567    0.124064253    0.124498463
   23.470398459    0.145239200    0.123765127
   23.498744351    0.167442474    0.122961774
   23.527090243    0.190392887    0.122091470
   23.555436135    0.213682703    0.121157786
   23.583782027    0.236833434    0.120164811
   23.612127919    0.259367399    0.119117164
   23.640473810    0.280877136    0.118020010
   23.668819702    0.301075949    0.116879065
   23.697165594    0.319818368    0.115700568
   23.725511486    0.337087632    0.114491225
   23.753857378    0.352956020    0.113258098
   23.782203270    0.367530798    0.112008447
   23.810549162    0.380901712    0.110749527
   23.838895053    0.393104778    0.109488369
   23.867240945    0.404111880    0.108231560
   23.895586837    0.413848041    0.106985055
   23.923932729    0.422230227    0.105754041
   23.952278621    0.429215420    0.104542873
   23.980624513    0.434843090    0.103355074
   24.008970405    0.439258737    0.102193389
   24.037316296    0.442710424    0.101059872
   24.065662188    0.445517692    0.099955970
   24.094008080    0.448019874    0.098882590
   24.122353972    0.450516624    0.097840132
   24.150699864    0.453215802    0.096828496
   24.179045756    0.456202172    0.095847068
   24.207391648    0.459435140    0.094894735
   24.235737539    0.462776324    0.093969923
   24.264083431    0.466040121    0.093070701
   24.292429323    0.469054547    0.092194933
   24.320775215    0.471717013    0.091340455
   24.349121107    0.474030958    0.090505251
   24.377466999    0.476114100    0.089687569
   24.405812891    0.478176108    0.088885947
   24.434158782    0.480471091    0.088099139
   24.462504674    0.483236364    0.087325939
   24.490850566    0.486632178    0.086564959
   24.519196458    0.490696638    0.085814425
   24.547542350    0.495326091    0.085072060
   24.575888242    0.500284990    0.084335125
   24.604234134    0.505242113    0.083600632
   24.632580025    0.509823889    0.082865736
   24.660925917    0.513671925    0.082128221
   24.689271809    0.516491397    0.081386997
   24.717617701    0.518079830    0.080642482
   24.745963593    0.518331136    0.079896769
   24.774309485    0.517216124    0.079153511
   24.802655377    0.514746584    0.078417508
   24.831001269    0.510933926    0.077694060
   24.859347160    0.505754358    0.076988194
   24.887693052    0.499130587    0.076303919
   24.916038944    0.490935450    0.075643653
   24.944384836    0.481017123    0.075007942
   24.972730728    0.469239818    0.074395546
   25.001076620    0.455529774    0.073803849
   25.029422512    0.439914765    0.073229534
   25.057768403    0.422546671    0.072669364
   25.086114295    0.403700605    0.072120905
   25.114460187    0.383749593    0.071583046
   25.142806079    0.363119647    0.071056208
   25.171151971    0.342234723    0.070542204
   25.199497863    0.321463551    0.070043799
   25.227843755    0.301079874    0.069564064
   25.256189646    0.281244552    0.069105681
   25.284535538    0.262012848    0.068670345
   25.312881430    0.243364303    0.068258389
   25.341227322    0.225247351    0.067868711
   25.369573214    0.207627402    0.067499005
   25.397919106    0.190526417    0.067146247
   25.426264998    0.174044135    0.066807337
   25.454610889    0.158355596    0.066479770
   25.482956781    0.143685345    0.066162213
   25.511302673    0.130264395    0.065854895
   25.539648565    0.118280181    0.065559763
   25.567994457    0.107831514    0.065280385
   25.596340349    0.098899354    0.065021638
   25.624686241    0.091340521    0.064789253
   25.653032132    0.084905991    0.064589281
   25.681378024    0.079279636    0.064427556
   25.709723916    0.074128527    0.064309238
   25.738069808    0.069153318    0.064238458
   25.766415700    0.064127508    0.064218109
   25.794761592    0.058917335    0.064249793
   25.823107484    0.053478951    0.064333907
   25.851453375    0.047835183    0.064469854
   25.879799267    0.042039070    0.064656351
   25.908145159    0.036134357    0.064891779
   25.936491051    0.030123411    0.065174528
   25.964836943    0.023950635    0.065503281
   25.993182835    0.017505006    0.065877196
   26.021528727    0.010640121    0.066295935
   26.049874618    0.003205374    0.066759541
   26.078220510   -0.004920943    0.067268182
   26.106566402   -0.013806163    0.067821816
   26.134912294   -0.023452555    0.068419830
   26.163258186   -0.033804248    0.069060774
   26.191604078   -0.044769399    0.069742219
   26.219949970   -0.056250749    0.070460823
   26.248295861   -0.068175019    0.071212578
   26.276641753   -0.080511721    0.071993211
   26.304987645   -0.093274700    0.072798649
   26.333333537   -0.106504559    0.073625434
   26.361679429   -0.120235689    0.074470993
   26.390025321   -0.134456455    0.075333676
   26.418371213   -0.149073752    0.076212535
   26.446717104   -0.163892942    0.077106893
   26.475062996   -0.178620911    0.078015775
   26.503408888   -0.192894551    0.078937342
   26.531754780   -0.206330568    0.079868467
   26.560100672   -0.218586919    0.080804555
   26.588446564   -0.229422767    0.081739674
   26.616792456   -0.238743563    0.082666982
   26.645138347   -0.246620866    0.083579351
   26.673484239   -0.253282078    0.084470068
   26.701830131   -0.259071996    0.085333423
   26.730176023   -0.264394410    0.086165068
   26.758521915   -0.269646216    0.086962023
   26.786867807   -0.275157787    0.087722346
   26.815213699   -0.281151301    0.088444509
   26.843559590   -0.287724041    0.089126649
   26.871905482   -0.294857536    0.089765855
   26.900251374   -0.302447468    0.090357677
   26.928597266   -0.310344882    0.090895990
   26.956943158   -0.318397570    0.091373260
   26.985289050   -0.326481680    0.091781180
   27.013634942   -0.334517230    0.092111527
   27.041980834   -0.342466168    0.092357085
   27.070326725   -0.350316448    0.092512407
   27.098672617   -0.358059093    0.092574257
   27.127018509   -0.365666455    0.092541646
   27.155364401   -0.373078667    0.092415441
   27.183710293   -0.380202213    0.092197663
   27.212056185   -0.386920422    0.091890634
   27.240402077   -0.393112009    0.091496184
   27.268747968   -0.398671407    0.091015114
   27.297093860   -0.403524271    0.090447045
   27.325439752   -0.407633289    0.089790699
   27.353785644   -0.410992573    0.089044565
   27.382131536   -0.413612530    0.088207783
   27.410477428   -0.415500132    0.087281075
   27.438823320   -0.416640917    0.086267494
   27.467169211   -0.416988567    0.085172834
   27.495515103   -0.416465597    0.084005608
   27.523860995   -0.414975327    0.082776608
   27.552206887   -0.412421848    0.081498131
   27.580552779   -0.408732259    0.080183063
   27.608898671   -0.403874685    0.078843997
   27.637244563   -0.397866775    0.077492562
   27.665590454   -0.390772184    0.076139085
   27.693936346   -0.382686064    0.074792607
   27.722282238   -0.373713876    0.073461181
   27.750628130   -0.363949793    0.072152337
   27.778974022   -0.353461131    0.070873533
   27.807319914   -0.342283424    0.069632434
   27.835665806   -0.330427579    0.068436924
   27.864011697   -0.317896861    0.067294800
   27.892357589   -0.304708407    0.066213232
   27.920703481   -0.290912454    0.065198095
   27.949049373   -0.276602910    0.064253350
   27.977395265   -0.261915357    0.063380628
   28.005741157   -0.247012129    0.062579138
   28.034087049   -0.232058065    0.061845924
   28.062432940   -0.217193393    0.061176433
   28.090778832   -0.202511437    0.060565246
   28.119124724   -0.188047821    0.060006829
   28.147470616   -0.173784884    0.059496108
   28.175816508   -0.159670944    0.059028756
   28.204162400   -0.145649876    0.058601149
   28.232508292   -0.131693419    0.058210024
   28.260854183   -0.117827516    0.057851961
   28.289200075   -0.104145225    0.057522883
   28.317545967   -0.090801915    0.057217723
   28.345891859   -0.077992878    0.056930414
   28.374237751   -0.065917920    0.056654246
   28.402583643   -0.054740827    0.056382547
   28.430929535   -0.044552966    0.056109561
   28.459275426   -0.035349371    0.055831331
   28.487621318   -0.027022736    0.055546374
   28.515967210   -0.019376565    0.055256014
   28.544313102   -0.012154402    0.054964255
   28.572658994   -0.005078622    0.054677260
   28.601004886    0.002109459    0.054402509
   28.629350778    0.009616134    0.054147875
   28.657696669    0.017574416    0.053920791
   28.686042561    0.026038358    0.053727710
   28.714388453    0.034991712    0.053573959
   28.742734345    0.044367137    0.053463979
   28.771080237    0.054070433    0.053401855
   28.799426129    0.064004100    0.053391957
   28.827772021    0.074085565    0.053439482
   28.856117912    0.084257401    0.053550720
   28.884463804    0.094489013    0.053732926
   28.912809696    0.104771118    0.053993800
   28.941155588    0.115105422    0.054340677
   28.969501480    0.125492245    0.054779589
   28.997847372    0.135918488    0.055314432
   29.026193264    0.146347696    0.055946413
   29.054539155    0.156713370    0.056673910
   29.082885047    0.166916269    0.057492752
   29.111230939    0.176826335    0.058396845
   29.139576831    0.186289866    0.059378968
   29.167922723    0.195142347    0.060431535
   29.196268615    0.203226768    0.061547127
   29.224614507    0.210416197    0.062718688
   29.252960399    0.216637929    0.063939345
   29.281306290    0.221895215    0.065201949
   29.309652182    0.226281708    0.066498497
   29.337998074    0.229983969    0.067819640
   29.366343966    0.233268822    0.069154469
   29.394689858    0.236454963    0.070490687
   29.423035750    0.239871592    0.071815194
   29.451381642    0.243810142    0.073114988
   29.479727533    0.248477603    0.074378210
   29.508073425    0.253960684    0.075595106
   29.536419317    0.260208728    0.076758698
   29.564765209    0.267040038    0.077865046
   29.593111101    0.274171581    0.078913024
   29.621456993    0.281267092    0.079903723
   29.649802885    0.287994405    0.080839610
   29.678148776    0.294080578    0.081723669
   29.706494668    0.299353606    0.082558735
   29.734840560    0.303762290    0.083347146
   29.763186452    0.307370551    0.084090790
   29.791532344    0.310328086    0.084791482
   29.819878236    0.312824427    0.085451539
   29.848224128    0.315036980    0.086074362
   29.876570019    0.317084656    0.086664845
   29.904915911    0.318997077    0.087229477
   29.933261803    0.320705466    0.087776092
   29.961607695    0.322056194    0.088313314
   29.989953587    0.322842797    0.088849830
   30.018299479    0.322848348    0.089393664
   30.046645371    0.321888199    0.089951626
   30.074991262    0.319843647    0.090529045
   30.103337154    0.316679803    0.091129839
   30.131683046    0.312444990    0.091756847
   30.160028938    0.307253403    0.092412316
   30.188374830    0.301256409    0.093098358
   30.216720722    0.294609952    0.093817226
   30.245066614    0.287445701    0.094571311
   30.273412505    0.279851964    0.095362822
   30.301758397    0.271867529    0.096193230
   30.330104289    0.263488276    0.097062624
   30.358450181    0.254683476    0.097969139
   30.386796073    0.245416774    0.098908652
   30.415141965    0.235666284    0.099874837
   30.443487857    0.225439012    0.100859618
   30.471833748    0.214776535    0.101853944
   30.500179640    0.203751168    0.102848750
   30.528525532    0.192454005    0.103835887
   30.556871424    0.180977956    0.104808853
   30.585217316    0.169399788    0.105763178
   30.613563208    0.157765306    0.106696395
   30.641909100    0.146081091    0.107607648
   30.670254991    0.134314996    0.108497050
   30.698600883    0.122406003    0.109364972
   30.726946775    0.110282351    0.110211428
   30.755292667    0.097885245    0.111035733
   30.783638559    0.085194187    0.111836472
   30.811984451    0.072249191    0.112611801
   30.840330343    0.059165090    0.113359958
   30.868676234    0.046133955    0.114079866
   30.897022126    0.033413340    0.114771638
   30.925368018    0.021300544    0.115436853
   30.953713910    0.010095955    0.116078535
   30.982059802    0.000061300    0.116700806
   31.010405694   -0.008619442    0.117308294
   31.038751586   -0.015868105    0.117905421
   31.067097477   -0.021722331    0.118495718
   31.095443369   -0.026323429    0.119081287
   31.123789261   -0.029882528    0.119662523
   31.152135153   -0.032630309    0.120238114
   31.180481045   -0.034759903    0.120805284
   31.208826937   -0.036375013    0.121360201
   31.237172829   -0.037455174    0.121898452
   31.265518721   -0.037847095    0.122415457
   31.293864612   -0.037285597    0.122906769
   31.322210504   -0.035440968    0.123368212
   31.350556396   -0.031983176    0.123795880
   31.378902288   -0.026648845    0.124186035
   31.407248180   -0.019295617    0.124534988
   31.435594072   -0.009930955    0.124839012
   31.463939964    0.001291820    0.125094341
   31.492285855    0.014109613    0.125297257
   31.520631747    0.028209151    0.125444260
   31.548977639    0.043295377    0.125532256
   31.577323531    0.059151362    0.125558722
   31.605669423    0.075674275    0.125521807
   31.634015315    0.092877772    0.125420336
   31.662361207    0.110859706    0.125253736
   31.690707098    0.129743099    0.125021901
   31.719052990    0.149605554    0.124725060
   31.747398882    0.170415702    0.124363675
   31.775744774    0.191993966    0.123938422
   31.804090666    0.214008964    0.123450245
   31.832436558    0.236011876    0.122900474
   31.860782450    0.257501276    0.122290966
   31.889128341    0.278002896    0.121624219
   31.917474233    0.297144768    0.120903410
   31.945820125    0.314709194    0.120132342
   31.974166017    0.330648972    0.119315295
   32.002511909    0.345064628    0.118456816
   32.030857801    0.358149640    0.117561497
   32.059203693    0.370119045    0.116633800
   32.087549584    0.381141142    0.115677973
   32.115895476    0.391290950    0.114698087
   32.144241368    0.400538007    0.113698170
   32.172587260    0.408771465    0.112682416
   32.200933152    0.415855018    0.111655382
   32.229279044    0.421695646    0.110622128
   32.257624936    0.426306004    0.109588211
   32.285970827    0.429841625    0.108559538
   32.314316719    0.432600679    0.107542053
   32.342662611    0.434984127    0.106541320
   32.371008503    0.437424965    0.105562080
   32.399354395    0.440303999    0.104607859
   32.427700287    0.443873727    0.103680715
   32.456046179    0.448210319    0.102781181
   32.484392070    0.453206681    0.101908415
   32.512737962    0.458609003    0.101060532
   32.541083854    0.464087882    0.100235053
   32.569429746    0.469325978    0.099429384
   32.597775638    0.474099804    0.098641223
   32.626121530    0.478334735    0.097868831
   32.654467422    0.482119278    0.097111108
   32.682813313    0.485675321    0.096367481
   32.711159205    0.489292438    0.095637637
   32.739505097    0.493243601    0.094921174
   32.767850989    0.497704156    0.094217260
   32.796196881    0.502694737    0.093524386
   32.824542773    0.508062103    0.092840275
   32.852888665    0.513501765    0.092161996
   32.881234556    0.518615232    0.091486260
   32.909580448    0.522985955    0.090809859
   32.937926340    0.526253697    0.090130177
   32.966272232    0.528168252    0.089445675
   32.994618124    0.528609818    0.088756257
   33.022964016    0.527572845    0.088063460
   33.051309908    0.525120461    0.087370400
   33.079655799    0.521324493    0.086681493
   33.108001691    0.516209812    0.086001977
   33.136347583    0.509720029    0.085337295
   33.164693475    0.501715234    0.084692454
   33.193039367    0.492003116    0.084071442
   33.221385259    0.480395214    0.083476793
   33.249731151    0.466772760    0.082909384
   33.278077042    0.451143590    0.082368480
   33.306422934    0.433673821    0.081852015
   33.334768826    0.414684559    0.081357067
   33.363114718    0.394613254    0.080880433
   33.391460610    0.373948678    0.080419192
   33.419806502    0.353155490    0.079971176
   33.448152394    0.332607002    0.079535232
   33.476498286    0.312542532    0.079111262
   33.504844177    0.293059068    0.078700014
   33.533190069    0.274137985    0.078302686
   33.561535961    0.255698377    0.077920441
   33.589881853    0.237661853    0.077553923
   33.618227745    0.220011047    0.077202910
   33.646573637    0.202826153    0.076866185
   33.674919529    0.186290034    0.076541666
   33.703265420    0.170660966    0.076226797
   33.731611312    0.156220688    0.075919126
   33.759957204    0.143211787    0.075616957
   33.788303096    0.131781012    0.075319956
   33.816648988    0.121943190    0.075029565
   33.844994880    0.113574779    0.074749143
   33.873340772    0.106438173    0.074483782
   33.901686663    0.100229925    0.074239830
   33.930032555    0.094640099    0.074024186
   33.958378447    0.089407536    0.073843521
   33.986724339    0.084357419    0.073703536
   34.015070231    0.079412642    0.073608425
   34.043416123    0.074577644    0.073560610
   34.071762015    0.069900634    0.073560792
   34.100107906    0.065425598    0.073608296
   34.128453798    0.061147753    0.073701609
   34.156799690    0.056984716    0.073838988
   34.185145582    0.052771077    0.074019022
   34.213491474    0.048277545    0.074241004
   34.241837366    0.043249245    0.074505065
   34.270183258    0.037452708    0.074812048
   34.298529149    0.030718977    0.075163163
   34.326875041    0.022971525    0.075559524
   34.355220933    0.014231875    0.076001667
   34.383566825    0.004601852    0.076489179
   34.411912717   -0.005772366    0.077020513
   34.440258609   -0.016744446    0.077593031
   34.468604501   -0.028208231    0.078203263
   34.496950392   -0.040123134    0.078847320
   34.525296284   -0.052517400    0.079521361
   34.553642176   -0.065467851    0.080222007
   34.581988068   -0.079060882    0.080946609
   34.610333960   -0.093344469    0.081693304
   34.638679852   -0.108283594    0.082460845
   34.667025744   -0.123731023    0.083248244
   34.695371635   -0.139422035    0.084054304
   34.723717527   -0.154996208    0.084877142
   34.752063419   -0.170043108    0.085713822
   34.780409311   -0.184163124    0.086560158
   34.808755203   -0.197031092    0.087410766
   34.837101095   -0.208449550    0.088259333
   34.865446987   -0.218380616    0.089099065
   34.893792878   -0.226950036    0.089923211
   34.922138770   -0.234422890    0.090725556
   34.950484662   -0.241156292    0.091500770
   34.978830554   -0.247539044    0.092244542
   35.007176446   -0.253930436    0.092953465
   35.035522338   -0.260609927    0.093624702
   35.063868230   -0.267746504    0.094255515
   35.092214121   -0.275391755    0.094842767
   35.120560013   -0.283495421    0.095382536
   35.148905905   -0.291937472    0.095869931
   35.177251797   -0.300567727    0.096299187
   35.205597689   -0.309243279    0.096664035
   35.233943581   -0.317855489    0.096958265
   35.262289473   -0.326341661    0.097176386
   35.290635364   -0.334680749    0.097314214
   35.318981256   -0.342876498    0.097369261
   35.347327148   -0.350934315    0.097340807
   35.375673040   -0.358839252    0.097229655
   35.404018932   -0.366541565    0.097037589
   35.432364824   -0.373953768    0.096766668
   35.460710716   -0.380959620    0.096418544
   35.489056607   -0.387432082    0.095993948
   35.517402499   -0.393254815    0.095492521
   35.545748391   -0.398340943    0.094913036
   35.574094283   -0.402643688    0.094253999
   35.602440175   -0.406155923    0.093514508
   35.630786067   -0.408898872    0.092695181
   35.659131959   -0.410903300    0.091798944
   35.687477851   -0.412188707    0.090831487
   35.715823742   -0.412746579    0.089801264
   35.744169634   -0.412532696    0.088719032
   35.772515526   -0.411470899    0.087597005
   35.800861418   -0.409467519    0.086447823
   35.829207310   -0.406432643    0.085283542
   35.857553202   -0.402302364    0.084114880
   35.885899094   -0.397055863    0.082950858
   35.914244985   -0.390722485    0.081798886
   35.942590877   -0.383376754    0.080665233
   35.970936769   -0.375122628    0.079555704
   35.999282661   -0.366071320    0.078476305
   36.027628553   -0.356318900    0.077433675
   36.055974445   -0.345929994    0.076435123
   36.084320337   -0.334932261    0.075488217
   36.112666228   -0.323323275    0.074600008
   36.141012120   -0.311087928    0.073776048
   36.169358012   -0.298221342    0.073019468
   36.197703904   -0.284750549    0.072330347
   36.226049796   -0.270748332    0.071705557
   36.254395688   -0.256334616    0.071139152
   36.282741580   -0.241664198    0.070623245
   36.311087471   -0.226903457    0.070149164
   36.339433363   -0.212201926    0.069708659
   36.367779255   -0.197666369    0.069294863
   36.396125147   -0.183344660    0.068902818
   36.424471039   -0.169224451    0.068529457
   36.452816931   -0.155247830    0.068173100
   36.481162823   -0.141338864    0.067832627
   36.509508714   -0.127437388    0.067506573
   36.537854606   -0.113530361    0.067192438
   36.566200498   -0.099672394    0.066886389
   36.594546390   -0.085989430    0.066583483
   36.622892282   -0.072663592    0.066278352
   36.651238174   -0.059901825    0.065966200
   36.679584066   -0.047895022    0.065643839
   36.707929957   -0.036776786    0.065310524
   36.736275849   -0.026591267    0.064968345
   36.764621741   -0.017277500    0.064622106
   36.792967633   -0.008673941    0.064278702
   36.821313525   -0.000542330    0.063946162
   36.849659417    0.007394284    0.063632618
   36.878005309    0.015407494    0.063345438
   36.906351200    0.023722608    0.063090739
   36.934697092    0.032488917    0.062873383
   36.963042984    0.041766372    0.062697406
   36.991388876    0.051530012    0.062566719
   37.019734768    0.061689605    0.062485860
   37.048080660    0.072118892    0.062460531
   37.076426552    0.082687218    0.062497735
   37.104772443    0.093286497    0.062605436
   37.133118335    0.103848090    0.062791799
   37.161464227    0.114346864    0.063064161
   37.189810119    0.124792724    0.063428002
   37.218156011    0.135212591    0.063886145
   37.246501903    0.145627585    0.064438382
   37.274847795    0.156030882    0.065081597
   37.303193686    0.166371250    0.065810340
   37.331539578    0.176545953    0.066617677
   37.359885470    0.186404811    0.067496088
   37.388231362    0.195765203    0.068438168
   37.416577254    0.204435898    0.069436977
   37.444923146    0.212246150    0.070485954
   37.473269038    0.219075544    0.071578479
   37.501614929    0.224879734    0.072707242
   37.529960821    0.229707524    0.073863646
   37.558306713    0.233705680    0.075037479
   37.586652605    0.237109368    0.076216985
   37.614998497    0.240218214    0.077389390
   37.643344389    0.243360251    0.078541798
   37.671690281    0.246848361    0.079662251
   37.700036172    0.250935640    0.080740734
   37.728382064    0.255777037    0.081769880
   37.756727956    0.261404287    0.082745227
   37.785073848    0.267719418    0.083664989
   37.813419740    0.274509118    0.084529407
   37.841765632    0.281478428    0.085339893
   37.870111524    0.288298412    0.086098170
   37.898457416    0.294659338    0.086805657
   37.926803307    0.300319408    0.087463237
   37.955149199    0.305139559    0.088071443
   37.983495091    0.309097396    0.088631002
   38.011840983    0.312277534    0.089143543
   38.040186875    0.314840540    0.089612257
   38.068532767    0.316977263    0.090042300
   38.096878659    0.318858547    0.090440807
   38.125224550    0.320591287    0.090816481
   38.153570442    0.322190308    0.091178847
   38.181916334    0.323571894    0.091537337
   38.210262226    0.324569806    0.091900434
   38.238608118    0.324969496    0.092275063
   38.266954010    0.324552159    0.092666369
   38.295299902    0.323138254    0.093077896
   38.323645793    0.320620606    0.093512109
   38.351991685    0.316980058    0.093971060
   38.380337577    0.312281058    0.094457018
   38.408683469    0.306649537    0.094972857
   38.437029361    0.300239580    0.095522087
   38.465375253    0.293197786    0.096108493
   38.493721145    0.285634292    0.096735469
   38.522067036    0.277607196    0.097405214
   38.550412928    0.269123283    0.098117979
   38.578758820    0.260153478    0.098871575
   38.607104712    0.250657597    0.099661257
   38.635450604    0.240610677    0.100480035
   38.663796496    0.230022998    0.101319339
   38.692142388    0.218947964    0.102169918
   38.720488279    0.207475537    0.103022753
   38.748834171    0.195713131    0.103869835
   38.777180063    0.183759547    0.104704659
   38.805525955    0.171679679    0.105522371
   38.833871847    0.159487821    0.106319609
   38.862217739    0.147145393    0.107094135
   38.890563631    0.134575229    0.107844405
   38.918909522    0.121690230    0.108569206
   38.947255414    0.108430227    0.109267485
   38.975601306    0.094798333    0.109938397
   39.003947198    0.080887596    0.110581539
   39.032293090    0.066890488    0.111197283
   39.060638982    0.053087424    0.111787082
   39.088984874    0.039815168    0.112353623
   39.117330765    0.027420655    0.112900748
   39.145676657    0.016209318    0.113433114
   39.174022549    0.006398661    0.113955637
   39.202368441   -0.001912889    0.114472827
   39.230714333   -0.008754755    0.114988132
   39.259060225   -0.014268095    0.115503444
   39.287406117   -0.018667457    0.116018845
   39.315752008   -0.022187713    0.116532652
   39.344097900   -0.025026972    0.117041728
   39.372443792   -0.027297269    0.117541990
   39.400789684   -0.028993372    0.118028985
   39.429135576   -0.029986394    0.118498422
   39.457481468   -0.030043714    0.118946545
   39.485827360   -0.028871218    0.119370295
   39.514173251   -0.026169039    0.119767256
   39.542519143   -0.021689071    0.120135424
   39.570865035   -0.015282086    0.120472901
   39.599210927   -0.006924490    0.120777597
   39.627556819    0.003280759    0.121047032
   39.655902711    0.015128841    0.121278294
   39.684248603    0.028357349    0.121468165
   39.712594494    0.042699639    0.121613365
   39.740940386    0.057934627    0.121710873
   39.769286278    0.073921140    0.121758210
   39.797632170    0.090608539    0.121753647
   39.825978062    0.108020944    0.121696256
   39.854323954    0.126218821    0.121585832
   39.882669846    0.145247314    0.121422681
   39.911015738    0.165084268    0.121207370
   39.939361629    0.185601294    0.120940487
   39.967707521    0.206548449    0.120622492
   39.996053413    0.227567563    0.120253694
   40.024399305    0.248232336    0.119834371
   40.052745197    0.268106729    0.119364991
   40.081091089    0.286808434    0.118846473
   40.109436981    0.304062765    0.118280423
   40.137782872    0.319734404    0.117669273
   40.166128764    0.333829820    0.117016266
   40.194474656    0.346470387    0.116325299
   40.222820548    0.357843578    0.115600636
   40.251166440    0.368145115    0.114846578
   40.279512332    0.377527212    0.114067136
   40.307858224    0.386066363    0.113265824
   40.336204115    0.393758854    0.112445592
   40.364550007    0.400544730    0.111608940
   40.392895899    0.406353120    0.110758164
   40.421241791    0.411155860    0.109895693
   40.449587683    0.415013761    0.109024411
   40.477933575    0.418101482    0.108147885
   40.506279467    0.420702447    0.107270422
   40.534625358    0.423173187    0.106396934
   40.562971250    0.425884752    0.105532618
   40.591317142    0.429155338    0.104682509
   40.619663034    0.433191041    0.103850996
   40.648008926    0.438050008    0.103041410
   40.676354818    0.443639490    0.102255752
   40.704700710    0.449746885    0.101494636
   40.733046601    0.456097034    0.100757441
   40.761392493    0.462421179    0.100042644
   40.789738385    0.468519887    0.099348244
   40.818084277    0.474303887    0.098672192
   40.846430169    0.479802628    0.098012731
   40.874776061    0.485138959    0.097368569
   40.903121953    0.490477327    0.096738872
   40.931467844    0.495959873    0.096123081
   40.959813736    0.501647818    0.095520627
   40.988159628    0.507483882    0.094930622
   41.016505520    0.513285506    0.094351622
   41.044851412    0.518770113    0.093781547
   41.073197304    0.523604858    0.093217779
   41.101543196    0.527466735    0.092657465
   41.129889087    0.530096371    0.092097942
   41.158234979    0.531330994    0.091537236
   41.186580871    0.531108333    0.090974509
   41.214926763    0.529441778    0.090410381
   41.243272655    0.526375559    0.089847045
   41.271618547    0.521934600    0.089288139
   41.299964439    0.516085346    0.088738409
   41.328310330    0.508720763    0.088203192
   41.356656222    0.499675681    0.087687817
   41.385002114    0.488769721    0.087197013
   41.413348006    0.475866648    0.086734422
   41.441693898    0.460933698    0.086302275
   41.470039790    0.444083572    0.085901271
   41.498385682    0.425585998    0.085530665
   41.526731573    0.405843619    0.085188521
   41.555077465    0.385336625    0.084872078
   41.583423357    0.364549122    0.084578146
   41.611769249    0.343895448    0.084303489
   41.640115141    0.323664957    0.084045110
   41.668461033    0.303999042    0.083800428
   41.696806925    0.284905681    0.083567342
   41.725152816    0.266306752    0.083344191
   41.753498708    0.248104621    0.083129663
   41.781844600    0.230249420    0.082922695
   41.810190492    0.212788353    0.082722401
   41.838536384    0.195883394    0.082528081
   41.866882276    0.179792457    0.082339298
   41.895228168    0.164819132    0.082156031
   41.923574059    0.151244642    0.081978860
   41.951919951    0.139260506    0.081809143
   41.980265843    0.128920128    0.081649135
   42.008611735    0.120122334    0.081502004
   42.036957627    0.112631150    0.081371719
   42.065303519    0.106126384    0.081262814
   42.093649411    0.100271324    0.081180057
   42.121995303    0.094779567    0.081128066
   42.150341194    0.089463530    0.081110953
   42.178687086    0.084252570    0.081132035
   42.207032978    0.079177115    0.081193688
   42.235378870    0.074324590    0.081297354
   42.263724762    0.069780447    0.081443698
   42.292070654    0.065571410    0.081632879
   42.320416546    0.061626977    0.081864873
   42.348762437    0.057769811    0.082139779
   42.377108329    0.053737363    0.082458035
   42.405454221    0.049228336    0.082820496
   42.433800113    0.043960760    0.083228371
   42.462146005    0.037725499    0.083683008
   42.490491897    0.030420558    0.084185613
   42.518837789    0.022057269    0.084736936
   42.547183680    0.012737504    0.085337020
   42.575529572    0.002609311    0.085985062
   42.603875464   -0.008185539    0.086679426
   42.632221356   -0.019556418    0.087417803
   42.660567248   -0.031487633    0.088197486
   42.688913140   -0.044033707    0.089015700
   42.717259032   -0.057286873    0.089869907
   42.745604923   -0.071325515    0.090758031
   42.773950815   -0.086158002    0.091678527
   42.802296707   -0.101678155    0.092630304
   42.830642599   -0.117645989    0.093612487
   42.858988491   -0.133701112    0.094624087
   42.887334383   -0.149407838    0.095663638
   42.915680275   -0.164322899    0.096728877
   42.944026166   -0.178070787    0.097816536
   42.972372058   -0.190409632    0.098922292
   43.000717950   -0.201272640    0.100040895
   43.029063842   -0.210775936    0.101166444
   43.057409734   -0.219191512    0.102292771
   43.085755626   -0.226891993    0.103413860
   43.114101518   -0.234280038    0.104524223
   43.142447409   -0.241717991    0.105619164
   43.170793301   -0.249472440    0.106694883
   43.199139193   -0.257683882    0.107748394
   43.227485085   -0.266365274    0.108777280
   43.255830977   -0.275426299    0.109779327
   43.284176869   -0.284714639    0.110752098
   43.312522761   -0.294062540    0.111692545
   43.340868652   -0.303327039    0.112596718
   43.369214544   -0.312415167    0.113459646
   43.397560436   -0.321290171    0.114275402
   43.425906328   -0.329960057    0.115037358
   43.454252220   -0.338454097    0.115738575
   43.482598112   -0.346795399    0.116372251
   43.510944004   -0.354977767    0.116932150
   43.539289895   -0.362952993    0.117412907
   43.567635787   -0.370631331    0.117810166
   43.595981679   -0.377894004    0.118120504
   43.624327571   -0.384613474    0.118341182
   43.652673463   -0.390675424    0.118469773
   43.681019355   -0.395996414    0.118503764
   43.709365247   -0.400532810    0.118440258
   43.737711138   -0.404279208    0.118275840
   43.766057030   -0.407257495    0.118006703
   43.794402922   -0.409500087    0.117629014
   43.822748814   -0.411032168    0.117139477
   43.851094706   -0.411857686    0.116535996
   43.879440598   -0.411952609    0.115818302
   43.907786490   -0.411266853    0.114988408
   43.936132381   -0.409733973    0.114050795
   43.964478273   -0.407285839    0.113012265
   43.992824165   -0.403868344    0.111881492
   44.021170057   -0.399454214    0.110668333
   44.049515949   -0.394049813    0.109383049
   44.077861841   -0.387694539    0.108035565
   44.106207733   -0.380453188    0.106634919
   44.134553624   -0.372403433    0.105188983
   44.162899516   -0.363621593    0.103704488
   44.191245408   -0.354170252    0.102187300
   44.219591300   -0.344090693    0.100642869
   44.247937192   -0.333401959    0.099076702
   44.276283084   -0.322106682    0.097494737
   44.304628976   -0.310202237    0.095903531
   44.332974868   -0.297694426    0.094310214
   44.361320759   -0.284610243    0.092722231
   44.389666651   -0.271006362    0.091146964
   44.418012543   -0.256970875    0.089591318
   44.446358435   -0.242617310    0.088061414
   44.474704327   -0.228071766    0.086562447
   44.503050219   -0.213455719    0.085098752
   44.531396111   -0.198868295    0.083674057
   44.559742002   -0.184372250    0.082291839
   44.588087894   -0.169987371    0.080955688
   44.616433786   -0.155693544    0.079669566
   44.644779678   -0.141443641    0.078437899
   44.673125570   -0.127183996    0.077265443
   44.701471462   -0.112878244    0.076156993
   44.729817354   -0.098529023    0.075116955
   44.758163245   -0.084192075    0.074148933
   44.786509137   -0.069978507    0.073255389
   44.814855029   -0.056043410    0.072437479
   44.843200921   -0.042562031    0.071695084
   44.871546813   -0.029697745    0.071027030
   44.899892705   -0.017568274    0.070431420
   44.928238597   -0.006217548    0.069906022
   44.956584488    0.004400188    0.069448598
   44.984930380    0.014419725    0.069057134
   45.013276272    0.024046904    0.068729931
   45.041622164    0.033526310    0.068465571
   45.069968056    0.043100982    0.068262816
   45.098313948    0.052972434    0.068120480
   45.126659840    0.063269385    0.068037361
   45.155005731    0.074031744    0.068012252
   45.183351623    0.085212973    0.068044050
   45.211697515    0.096699724    0.068131929
   45.240043407    0.108343645    0.068275540
   45.268389299    0.119997400    0.068475165
   45.296735191    0.131546035    0.068731785
   45.325081083    0.142926028    0.069047035
   45.353426974    0.154127502    0.069423036
   45.381772866    0.165179377    0.069862155
   45.410118758    0.176121631    0.070366733
   45.438464650    0.186972321    0.070938826
   45.466810542    0.197698604    0.071580029
   45.495156434    0.208200348    0.072291386
   45.523502326    0.218312052    0.073073391
   45.551848217    0.227824463    0.073926059
   45.580194109    0.236522367    0.074849022
   45.608540001    0.244230872    0.075841622
   45.636885893    0.250859931    0.076902961
   45.665231785    0.256436688    0.078031899
   45.693577677    0.261117443    0.079227013
   45.721923569    0.265175180    0.080486528
   45.750269460    0.268963800    0.081808257
   45.778615352    0.272865218    0.083189568
   45.806961244    0.277229259    0.084627385
   45.835307136    0.282317907    0.086118234
   45.863653028    0.288264650    0.087658301
   45.891998920    0.295056570    0.089243506
   45.920344812    0.302542166    0.090869545
   45.948690703    0.310462736    0.092531913
   45.977036595    0.318500513    0.094225894
   46.005382487    0.326333766    0.095946537
   46.033728379    0.333688109    0.097688637
   46.062074271    0.340374650    0.099446739
   46.090420163    0.346308756    0.101215177
   46.118766055    0.351507488    0.102988158
   46.147111946    0.356068141    0.104759872
   46.175457838    0.360133872    0.106524621
   46.203803730    0.363854455    0.108276954
   46.232149622    0.367350435    0.110011779
   46.260495514    0.370687398    0.111724473
   46.288841406    0.373864323    0.113410980
   46.317187298    0.376816642    0.115067916
   46.345533190    0.379431517    0.116692687
   46.373879081    0.381570642    0.118283632
   46.402224973    0.383094923    0.119840166
   46.430570865    0.383885842    0.121362902
   46.458916757    0.383859791    0.122853720
   46.487262649    0.382973855    0.124315736
   46.515608541    0.381223660    0.125753158
   46.543954433    0.378635619    0.127171008
   46.572300324    0.375256704    0.128574756
   46.600646216    0.371144797    0.129969894
   46.628992108    0.366361729    0.131361532
   46.657338000    0.360969796    0.132754072
   46.685683892    0.355031196    0.134151030
   46.714029784    0.348608906    0.135555013
   46.742375676    0.341767223    0.136967867
   46.770721567    0.334570638    0.138390931
   46.799067459    0.327080587    0.139825342
   46.827413351    0.319350748    0.141272314
   46.855759243    0.311422400    0.142733329
   46.884105135    0.303321687    0.144210200
   46.912451027    0.295060322    0.145705003
   46.940796919    0.286640262    0.147219920
   46.969142810    0.278061651    0.148757044
   46.997488702    0.269332076    0.150318205
   47.025834594    0.260474469    0.151904897
   47.054180486    0.251531016    0.153518304
   47.082526378    0.242561321    0.155159439
   47.110872270    0.233634580    0.156829354
   47.139218162    0.224817318    0.158529357
   47.167564053    0.216159722    0.160261160
   47.195909945    0.207684371    0.162026921
   47.224255837    0.199380815    0.163829136
   47.252601729    0.191208110    0.165670393
   47.280947621    0.183105238    0.167553035
   47.309293513    0.175007035    0.169478792
   47.337639405    0.166861376    0.171448464
   47.365985296    0.158642584    0.173461706
   47.394331188    0.150356703    0.175516979
   47.422677080    0.142036240    0.177611646
   47.451022972    0.133724985    0.179742219
   47.479368864    0.125456546    0.181904678
   47.507714756    0.117232698    0.184094818
   47.536060648    0.109008487    0.186308548
   47.564406539    0.100690060    0.188542117
   47.592752431    0.092148337    0.190792206
   47.621098323    0.083247615    0.193055935
   47.649444215    0.073883871    0.195330755
   47.677790107    0.064024168    0.197614309
   47.706135999    0.053737128    0.199904268
   47.734481891    0.043205486    0.202198187
   47.762827782    0.032715247    0.204493418
   47.791173674    0.022621262    0.206787069
   47.819519566    0.013294822    0.209076032
   47.847865458    0.005063784    0.211357052
   47.876211350   -0.001841630    0.213626827
   47.904557242   -0.007324604    0.215882115
   47.932903134   -0.011429898    0.218119836
   47.961249025   -0.014321249    0.220337144
   47.989594917   -0.016231963    0.222531452
   48.017940809   -0.017399105    0.224700427
   48.046286701   -0.017995955    0.226841919
   48.074632593   -0.018078225    0.228953883
   48.102978485   -0.017556703    0.231034268
   48.131324377   -0.016203013    0.233080934
   48.159670268   -0.013687499    0.235091607
   48.188016160   -0.009640709    0.237063898
   48.216362052   -0.003724337    0.238995388
   48.244707944    0.004304668    0.240883782
   48.273053836    0.014551396    0.242727091
   48.301399728    0.026970938    0.244523810
   48.329745620    0.041388735    0.246273036
   48.358091511    0.057547157    0.247974502
   48.386437403    0.075165807    0.249628476
   48.414783295    0.093999965    0.251235577
   48.443129187    0.113882340    0.252796494
   48.471475079    0.134737898    0.254311726
   48.499820971    0.156568561    0.255781363
   48.528166863    0.179412431    0.257205025
   48.556512755    0.203288737    0.258581952
   48.584858646    0.228143342    0.259911285
   48.613204538    0.253809445    0.261192456
   48.641550430    0.279994162    0.262425618
   48.669896322    0.306295017    0.263612008
   48.698242214    0.332242712    0.264754127
   48.726588106    0.357359935    0.265855680
   48.754933998    0.381221994    0.266921250
   48.783279889    0.403504861    0.267955739
   48.811625781    0.424009643    0.268963704
   48.839971673    0.442658814    0.269948681
   48.868317565    0.459466922    0.270912680
   48.896663457    0.474495062    0.271855934
   48.925009349    0.487802513    0.272776966
   48.953355241    0.499409383    0.273672973
   48.981701132    0.509280891    0.274540428
   49.010047024    0.517337891    0.275375787
   49.038392916    0.523490899    0.276176129
   49.066738808    0.527688274    0.276939622
   49.095084700    0.529965012    0.277665708
   49.123430592    0.530477934    0.278355012
   49.151776484    0.529516208    0.279009010
   49.180122375    0.527482180    0.279629587
   49.208468267    0.524845066    0.280218596
   49.236814159    0.522077080    0.280777559
   49.265160051    0.519586269    0.281307582
   49.293505943    0.517661564    0.281809512
   49.321851835    0.516442786    0.282284266
   49.350197727    0.515922453    0.282733262
   49.378543618    0.515978526    0.283158796
   49.406889510    0.516429690    0.283564257
   49.435235402    0.517099334    0.283954102
   49.463581294    0.517872323    0.284333556
   49.491927186    0.518730622    0.284708099
   49.520273078    0.519759170    0.285082823
   49.548618970    0.521120940    0.285461801
   49.576964861    0.523007810    0.285847596
   49.605310753    0.525579925    0.286241008
   49.633656645    0.528909001    0.286641117
   49.662002537    0.532939959    0.287045600
   49.690348429    0.537480568    0.287451263
   49.718694321    0.542221688    0.287854675
   49.747040213    0.546783043    0.288252802
   49.775386104    0.550773111    0.288643512
   49.803731996    0.553848400    0.289025897
   49.832077888    0.555757778    0.289400364
   49.860423780    0.556361680    0.289768520
   49.888769672    0.555622659    0.290132889
   49.917115564    0.553571338    0.290496525
   49.945461456    0.550258258    0.290862597
   49.973807347    0.545705780    0.291234005
   50.002153239    0.539874146    0.291613075
   50.030499131    0.532651978    0.292001350
   50.058845023    0.523874920    0.292399508
   50.087190915    0.513368459    0.292807383
   50.115536807    0.501004227    0.293224090
   50.143882699    0.486755023    0.293648244
   50.172228590    0.470733536    0.294078238
   50.200574482    0.453203428    0.294512565
   50.228920374    0.434558124    0.294950141
   50.257266266    0.415270757    0.295390596
   50.285612158    0.395826097    0.295834485
   50.313958050    0.376650097    0.296283387
   50.342303942    0.358053623    0.296739868
   50.370649833    0.340203683    0.297207305
   50.398995725    0.323128829    0.297689597
   50.427341617    0.306756981    0.298190801
   50.455687509    0.290975831    0.298714762
   50.484033401    0.275700267    0.299264794
   50.512379293    0.260929407    0.299843463
   50.540725185    0.246778306    0.300452521
   50.569071076    0.233475677    0.301092968
   50.597416968    0.221327433    0.301765244
   50.625762860    0.210654480    0.302469479
   50.654108752    0.201719765    0.303205751
   50.682454644    0.194662507    0.303974301
   50.710800536    0.189456034    0.304775647
   50.739146428    0.185900148    0.305610587
   50.767492320    0.183650713    0.306480108
   50.795838211    0.182280354    0.307385226
   50.824184103    0.181356771    0.308326797
   50.852529995    0.180521152    0.309305369
   50.880875887    0.179549289    0.310321082
   50.909221779    0.178382269    0.311373666
   50.937567671    0.177120852    0.312462511
   50.965913563    0.175986056    0.313586794
   50.994259454    0.175256037    0.314745640
   51.022605346    0.175194240    0.315938268
   51.050951238    0.175985032    0.317164088
   51.079297130    0.177690424    0.318422750
   51.107643022    0.180235895    0.319714121
   51.135988914    0.183426251    0.321038216
   51.164334806    0.186985636    0.322395100
   51.192680697    0.190610936    0.323784791
   51.221026589    0.194025775    0.325207189
   51.249372481    0.197023505    0.326662046
   51.277718373    0.199491342    0.328148999
   51.306064265    0.201412980    0.329667643
   51.334410157    0.202852293    0.331217657
   51.362756049    0.203924635    0.332798937
   51.391101940    0.204764164    0.334411715
   51.419447832    0.205495145    0.336056650
   51.447793724    0.206212833    0.337734833
   51.476139616    0.206976175    0.339447718
   51.504485508    0.207811152    0.341196945
   51.532831400    0.208721131    0.342984095
   51.561177292    0.209699529    0.344810370
   51.589523183    0.210740559    0.346676283
   51.617869075    0.211845408    0.348581371
   51.646214967    0.213023240    0.350524028
   51.674560859    0.214288211    0.352501462
   51.702906751    0.215654729    0.354509827
   51.731252643    0.217133225    0.356544511
   51.759598535    0.218727946    0.358600523
   51.787944426    0.220437054    0.360672927
   51.816290318    0.222254230    0.362757233
   51.844636210    0.224170399    0.364849645
   51.872982102    0.226174313    0.366947124
   51.901327994    0.228251529    0.369047239
   51.929673886    0.230382303    0.371147824
   51.958019778    0.232539800    0.373246515
   51.986365669    0.234690275    0.375340265
   52.014711561    0.236796370    0.377424957
   52.043057453    0.238823561    0.379495187
   52.071403345    0.240748372    0.381544303
   52.099749237    0.242565845    0.383564670
   52.128095129    0.244293380    0.385548123
   52.156441021    0.245968711    0.387486519
   52.184786912    0.247641338    0.389372244
   52.213132804    0.249358895    0.391198595
   52.241478696    0.251151880    0.392959942
   52.269824588    0.253021366    0.394651669
   52.298170480    0.254934148    0.396269918
   52.326516372    0.256828150    0.397811240
   52.354862264    0.258628200    0.399272260
   52.383208155    0.260269106    0.400649470
   52.411554047    0.261720311    0.401939224
   52.439899939    0.263005163    0.403137955
   52.468245831    0.264208418    0.404242576
   52.496591723    0.265468161    0.405250975
   52.524937615    0.266952214    0.406162476
   52.553283507    0.268823337    0.406978163
   52.581629398    0.271201012    0.407700970
   52.609975290    0.274129171    0.408335526
   52.638321182    0.277558464    0.408887777
   52.666667074    0.281348514    0.409364484
   52.695012966    0.285290852    0.409772712
   52.723358858    0.289148087    0.410119416
   52.751704750    0.292700626    0.410411223
   52.780050641    0.295790168    0.410654418
   52.808396533    0.298349830    0.410855107
   52.836742425    0.300413962    0.411019476
   52.865088317    0.302105758    0.411154016
   52.893434209    0.303606282    0.411265623
   52.921780101    0.305113045    0.411361500
   52.950125993    0.306798649    0.411448832
   52.978471885    0.308779610    0.411534307
   53.006817776    0.311102383    0.411623569
   53.035163668    0.313748852    0.411720735
   53.063509560    0.316658234    0.411828100
   53.091855452    0.319758110    0.411946103
   53.120201344    0.322995198    0.412073579
   53.148547236    0.326356977    0.412208241
   53.176893128    0.329878307    0.412347295
   53.205239019    0.333631670    0.412488035
   53.233584911    0.337704446    0.412628308
   53.261930803    0.342170266    0.412766738
   53.290276695    0.347063018    0.412902679
   53.318622587    0.352361168    0.413035937
   53.346968479    0.357986917    0.413166354
   53.375314371    0.363820476    0.413293381
   53.403660262    0.369725464    0.413415760
   53.432006154    0.375578463    0.413531433
   53.460352046    0.381294835    0.413637693
   53.488697938    0.386844232    0.413731569
   53.517043830    0.392252344    0.413810343
   53.545389722    0.397589335    0.413872100
   53.573735614    0.402948976    0.413916164
   53.602081505    0.408424698    0.413943342
   53.630427397    0.414089001    0.413955917
   53.658773289    0.419981031    0.413957417
   53.687119181    0.426104155    0.413952229
   53.715465073    0.432432140    0.413945156
   53.743810965    0.438919948    0.413941053
   53.772156857    0.445514214    0.413944600
   53.800502748    0.452159149    0.413960284
   53.828848640    0.458795930    0.413992555
   53.857194532    0.465356507    0.414046088
   53.885540424    0.471755408    0.414126064
   53.913886316    0.477884474    0.414238348
   53.942232208    0.483615054    0.414389485
   53.970578100    0.488810063    0.414586478
   53.998923991    0.493345051    0.414836371
   54.027269883    0.497134070    0.415145703
   54.055615775    0.500153721    0.415519956
   54.083961667    0.502458202    0.415963098
   54.112307559    0.504179747    0.416477340
   54.140653451    0.505512249    0.417063138
   54.168999343    0.506680193    0.417719449
   54.197345234    0.507899149    0.418444172
   54.225691126    0.509336695    0.419234665
   54.254037018    0.511083006    0.420088219
   54.282382910    0.513138292    0.421002384
   54.310728802    0.515420180    0.421975070
   54.339074694    0.517789180    0.423004424
   54.367420586    0.520085828    0.424088511
   54.395766477    0.522170207    0.425224913
   54.424112369    0.523954092    0.426410348
   54.452458261    0.525418112    0.427640433
   54.480804153    0.526610375    0.428909668
   54.509150045    0.527627950    0.430211663
   54.537495937    0.528587037    0.431539589
   54.565841829    0.529590355    0.432886758
   54.594187720    0.530700648    0.434247217
   54.622533612    0.531927088    0.435616240
   54.650879504    0.533227515    0.436990604
   54.679225396    0.534524930    0.438368600
   54.707571288    0.535732786    0.439749785
   54.735917180    0.536781435    0.441134520
   54.764263072    0.537638137    0.442523404
   54.792608963    0.538315241    0.443916721
   54.820954855    0.538864797    0.445314020
   54.849300747    0.539361823    0.446713892
   54.877646639    0.539881645    0.448114003
   54.905992531    0.540478195    0.449511341
   54.934338423    0.541169587    0.450902626
   54.962684315    0.541934894    0.452284788
   54.991030207    0.542722600    0.453655399
   55.019376098    0.543467754    0.455012991
   55.047721990    0.544112394    0.456357186
   55.076067882    0.544623064    0.457688640
   55.104413774    0.545000303    0.459008827
   55.132759666    0.545277597    0.460319704
   55.161105558    0.545510471    0.461623364
   55.189451450    0.545759336    0.462921705
   55.217797341    0.546071442    0.464216213
   55.246143233    0.546467380    0.465507843
   55.274489125    0.546936040    0.466797032
   55.302835017    0.547439279    0.468083794
   55.331180909    0.547924576    0.469367862
   55.359526801    0.548341641    0.470648845
   55.387872693    0.548657826    0.471926348
   55.416218584    0.548867740    0.473200049
   55.444564476    0.548994311    0.474469711
   55.472910368    0.549081228    0.475735162
   55.501256260    0.549179283    0.476996247
   55.529602152    0.549330915    0.478252767
   55.557948044    0.549557696    0.479504447
   55.586293936    0.549854479    0.480750916
   55.614639827    0.550191815    0.481991719
   55.642985719    0.550525694    0.483226346
   55.671331611    0.550811477    0.484454279
   55.699677503    0.551017664    0.485675036
   55.728023395    0.551135326    0.486888219
   55.756369287    0.551180425    0.488093546
   55.784715179    0.551188472    0.489290872
   55.813061070    0.551203342    0.490480204
   55.841406962    0.551263776    0.491661686
   55.869752854    0.551391745    0.492835583
   55.898098746    0.551586190    0.494002234
   55.926444638    0.551823935    0.495161997
   55.954790530    0.552067338    0.496315191
   55.983136422    0.552276204    0.497462036
   56.011482313    0.552420232    0.498602610
   56.039828205    0.552488170    0.499736845
   56.068174097    0.552490955    0.500864556
   56.096519989    0.552457978    0.501985511
   56.124865881    0.552427775    0.503099523
   56.153211773    0.552436082    0.504206547
   56.181557665    0.552504979    0.505306753
   56.209903556    0.552636425    0.506400540
   56.238249448    0.552812081    0.507488485
   56.266595340    0.552999371    0.508571218
   56.294941232    0.553161790    0.509649247
   56.323287124    0.553270242    0.510722762
   56.351633016    0.553311884    0.511791475
   56.379978908    0.553293835    0.512854531
   56.408324799    0.553240670    0.513910542
   56.436670691    0.553186600    0.514957724
   56.465016583    0.553164821    0.515994159
   56.493362475    0.553197351    0.517018095
   56.521708367    0.553288476    0.518028258
   56.550054259    0.553423756    0.519024084
   56.578400151    0.553574809    0.520005825
   56.606746042    0.553708298    0.520974505
   56.635091934    0.553796309    0.521931724
   56.663437826    0.553824875    0.522879356
   56.691783718    0.553798086    0.523819198
   56.720129610    0.553736565    0.524752655
   56.748475502    0.553670878    0.525680513
   56.776821394    0.553631985    0.526602856
   56.805167285    0.553641712    0.527519120
   56.833513177    0.553706184    0.528428278
   56.861859069    0.553814192    0.529329070
   56.890204961    0.553940923    0.530220249
   56.918550853    0.554055829    0.531100750
   56.946896745    0.554132142    0.531969765
   56.975242637    0.554155089    0.532826704
   57.003588528    0.554126285    0.533671073
   57.031934420    0.554063013    0.534502306
   57.060280312    0.553992679    0.535319620
   57.088626204    0.553944229    0.536121938
   57.116972096    0.553939210    0.536907907
   57.145317988    0.553985233    0.537676014
   57.173663880    0.554073836    0.538424772
   57.202009772    0.554183320    0.539152925
   57.230355663    0.554285639    0.539859619
   57.258701555    0.554355150    0.540544487
   57.287047447    0.554376502    0.541207640
   57.315393339    0.554349244    0.541849541
   57.343739231    0.554287772    0.542470824
   57.372085123    0.554216699    0.543072076
   57.400431015    0.554163127    0.543653656
   57.428776906    0.554148255    0.544215576
   57.457122798    0.554180921    0.544757473
   57.485468690    0.554255035    0.545278665
   57.513814582    0.554351661    0.545778272
   57.542160474    0.554445032    0.546255358
   57.570506366    0.554510594    0.546709070
   57.598852258    0.554532587    0.547138736
   57.627198149    0.554508797    0.547543918
   57.655544041    0.554451082    0.547924440
   57.683889933    0.554381539    0.548280394
   57.712235825    0.554325558    0.548612152
   57.740581717    0.554303945    0.548920402
   57.768927609    0.554326553    0.549206208
   57.797273501    0.554389378    0.549471058
   57.825619392    0.554475960    0.549716897
   57.853965284    0.554562623    0.549946082
   57.882311176    0.554625875    0.550161273
   57.910657068    0.554649665    0.550365227
   57.939002960    0.554630259    0.550560535
   57.967348852    0.554577253    0.550749354
   57.995694744    0.554510459    0.550933173
   58.024040635    0.554453668    0.551112685
   58.052386527    0.554427259    0.551287793
   58.080732419    0.554441941    0.551457757
   58.109078311    0.554495558    0.551621463
   58.137424203    0.554573897    0.551777742
   58.165770095    0.554655215    0.551925689
   58.194115987    0.554717044    0.552064893
   58.222461878    0.554743143    0.552195537
   58.250807770    0.554728451    0.552318357
   58.279153662    0.554680532    0.552434462
   58.307499554    0.554617105    0.552545078
   58.335845446    0.554560465    0.552651288
   58.364191338    0.554530542    0.552753826
   58.392537230    0.554538768    0.552852976
   58.420883121    0.554584635    0.552948601
   58.449229013    0.554655976    0.553040288
   58.477574905    0.554732843    0.553127542
   58.505920797    0.554793754    0.553210007
   58.534266689    0.554822354    0.553287611
   58.562612581    0.554812414    0.553360634
   58.590958473    0.554769664    0.553429658
   58.619304364    0.554709903    0.553495432
   58.647650256    0.554654014    0.553558692
   58.675996148    0.554621464    0.553619997
   58.704342040    0.554624299    0.553679607
   58.732687932    0.554663485    0.553737471
   58.761033824    0.554728721    0.553793291
   58.789379716    0.554801726    0.553846658
   58.817725607    0.554861970    0.553897221
   58.846071499    0.554893043    0.553944815
   58.874417391    0.554887696    0.553989544
   58.902763283    0.554849996    0.554031769
   58.931109175    0.554793974    0.554072018
   58.959455067    0.554739189    0.554110853
   58.987800959    0.554704636    0.554148724
   59.016146850    0.554702869    0.554185866
   59.044492742    0.554736177    0.554222255
   59.072838634    0.554795963    0.554257649
   59.101184526    0.554865497    0.554291686
   59.129530418    0.554925164    0.554324021
   59.157876310    0.554958559    0.554354450
   59.186222202    0.554957537    0.554382981
   59.214568093    0.554924667    0.554409851
   59.242913985    0.554872350    0.554435462
   59.271259877    0.554818898    0.554460267
   59.299605769    0.554782821    0.554484655
   59.327951661    0.554777093    0.554508842
   59.356297553    0.554805179    0.554532826
   59.384643445    0.554860037    0.554556405
   59.412989337    0.554926380    0.554579257
   59.441335228    0.554985477    0.554601051
   59.469681120    0.555020981    0.554621561
   59.498027012    0.555023972    0.554640741
   59.526372904    0.554995668    0.554658749
   59.554718796    0.554946970    0.554675900
   59.583064688    0.554895011    0.554692580
   59.611410580    0.554857806    0.554709133
   59.639756471    0.554848658    0.554725766
   59.668102363    0.554872071    0.554742496
   59.696448255    0.554922419    0.554759157
   59.724794147    0.554985762    0.554775459
   59.753140039    0.555044227    0.554791091
   59.781485931    0.555081578    0.554805816
   59.809831823    0.555088237    0.554819553
   59.838177714    0.555064209    0.554832406
   59.866523606    0.555019015    0.554844630
   59.894869498    0.554968670    0.554856560
   59.923215390    0.554930674    0.554868509
   59.951561282    0.554918571    0.554880680
   59.979907174    0.554937778    0.554893107
   60.008253066    0.554983957    0.554905657
   60.036598957    0.555044424    0.554918071
   60.064944849    0.555102150    0.554930054
   60.093290741    0.555141063    0.554941370
   60.121636633    0.555151042    0.554951913
   60.149982525    0.555131008    0.554961747
   60.178328417    0.555089208    0.554971083
   60.206674309    0.555040587    0.554980214
   60.235020200    0.555002109    0.554989433
   60.263366092    0.554987474    0.554998939
   60.291711984    0.555002886    0.555008783
   60.320057876    0.555045176    0.555018860
   60.348403768    0.555102848    0.555028938
   60.376749660    0.555159699    0.555038742
   60.405095552    0.555199887    0.555048037
   60.433441443    0.555212850    0.555056701
   60.461787335    0.555196547    0.555064766
   60.490133227    0.555158045    0.555072407
   60.518479119    0.555111258    0.555079887
   60.546825011    0.555072586    0.555087477
   60.575170903    0.555055796    0.555095378
   60.603516795    0.555067768    0.555103654
   60.631862686    0.555106398    0.555112223
   60.660208578    0.555161308    0.555120882
   60.688554470    0.555217128    0.555129371
   60.716900362    0.555258305    0.555137461
   60.745246254    0.555273935    0.555145016
   60.773592146    0.555261127    0.555152046
   60.801938038    0.555225846    0.555158693
   60.830283929    0.555181005    0.555165195
   60.858629821    0.555142402    0.555171808
   60.886975713    0.555123794    0.555178729
   60.915321605    0.555132630    0.555186037
   60.943667497    0.555167777    0.555193672
   60.972013389    0.555219929    0.555201453
   61.000359281    0.555274555    0.555209140
   61.028705172    0.555316448    0.555216505
   61.057051064    0.555334461    0.555223407
   61.085396956    0.555324945    0.555229834
   61.113742848    0.555292833    0.555235903
   61.142088740    0.555250052    0.555241829
   61.170434632    0.555211764    0.555247853
   61.198780524    0.555191635    0.555254172
   61.227126415    0.555197591    0.555260874
   61.255472307    0.555229393    0.555267920
   61.283818199    0.555278771    0.555275151
   61.312164091    0.555332042    0.555282341
   61.340509983    0.555374406    0.555289270
   61.368855875    0.555394555    0.555295791
   61.397201767    0.555388164    0.555301873
   61.425547659    0.555359189    0.555307613
   61.453893550    0.555318577    0.555313204
   61.482239442    0.555280821    0.555318875
   61.510585334    0.555259424    0.555324819
   61.538931226    0.555262709    0.555331136
   61.567277118    0.555291272    0.555337802
   61.595623010    0.555337844    0.555344678
   61.623968902    0.555389610    0.555351556
   61.652314793    0.555432230    0.555358222
   61.680660685    0.555454306    0.555364522
   61.709006577    0.555450904    0.555370412
   61.737352469    0.555425044    0.555375971
   61.765698361    0.555386702    0.555381371
   61.794044253    0.555349661    0.555386830
   61.822390145    0.555327204    0.555392538
   61.850736036    0.555327989    0.555398603
   61.879081928    0.555353390    0.555405016
   61.907427820    0.555397125    0.555411658
   61.935773712    0.555447259    0.555418335
   61.964119604    0.555489957    0.555424838
   61.992465496    0.555513790    0.555431013
   62.020811388    0.555513270    0.555436804
   62.049157279    0.555490510    0.555442270
   62.077503171    0.555454517    0.555447567
   62.105849063    0.555418339    0.555452901
   62.134194955    0.555394991    0.555458458
   62.162540847    0.555393412    0.555464354
   62.190886739    0.555415716    0.555470595
   62.219232631    0.555456591    0.555477076
   62.247578522    0.555504997    0.555483618
   62.275924414    0.555547634    0.555490022
   62.304270306    0.555573088    0.555496129
   62.332616198    0.555575358    0.555501874
   62.360962090    0.555555679    0.555507300
   62.389307982    0.555522088    0.555512548
   62.417653874    0.555486881    0.555517810
   62.445999765    0.555462771    0.555523271
   62.474345657    0.555458937    0.555529051
   62.502691549    0.555478205    0.555535167
   62.531037441    0.555516217    0.555541533
   62.559383333    0.555562830    0.555547981
   62.587729225    0.555605304    0.555554321
   62.616075117    0.555632271    0.555560394
   62.644421008    0.555637247    0.555566125
   62.672766900    0.555620613    0.555571543
   62.701112792    0.555589446    0.555576773
   62.729458684    0.555555280    0.555581997
   62.757804576    0.555530505    0.555587395
   62.786150468    0.555524513    0.555593090
   62.814496360    0.555540814    0.555599114
   62.842842251    0.555575986    0.555605391
   62.871188143    0.555620778    0.555611771
   62.899534035    0.555663020    0.555618069
   62.927879927    0.555691408    0.555624128
   62.956225819    0.555699004    0.555629863
   62.984571711    0.555685357    0.555635292
   63.012917603    0.555656601    0.555640524
   63.041263494    0.555623513    0.555645731
   63.069609386    0.555598147    0.555651087
   63.097955278    0.555590091    0.555656720
   63.126301170    0.555603512    0.555662670
   63.154647062    0.555635898    0.555668878
   63.182992954    0.555678876    0.555675204
   63.211338846    0.555720840    0.555681473
   63.239684737    0.555750565    0.555687528
   63.268030629    0.555760680    0.555693278
   63.296376521    0.555749934    0.555698729
   63.324722413    0.555723542    0.555703976
   63.353068305    0.555691541    0.555709178
   63.381414197    0.555665649    0.555714506
   63.409760089    0.555655631    0.555720091
   63.438105980    0.555666283    0.555725981
   63.466451872    0.555695969    0.555732130
   63.494797764    0.555737167    0.555738412
   63.523143656    0.555778823    0.555744659
   63.551489548    0.555809797    0.555750716
   63.579835440    0.555822313    0.555756487
   63.608181332    0.555814351    0.555761965
   63.636527224    0.555790249    0.555767234
   63.664873115    0.555759326    0.555772440
   63.693219007    0.555732973    0.555777750
   63.721564899    0.555721114    0.555783295
   63.749910791    0.555729136    0.555789134
   63.778256683    0.555756238    0.555795232
   63.806602575    0.555795709    0.555801475
   63.834948467    0.555837028    0.555807705
   63.863294358    0.555869147    0.555813768
   63.891640250    0.555883913    0.555819562
   63.919986142    0.555878588    0.555825071
   63.948332034    0.555856677    0.555830365
   63.976677926    0.555826817    0.555835581
   64.005023818    0.555800078    0.555840879
   64.033369710    0.555786521    0.555846392
   64.061715601    0.555792079    0.555852186
   64.090061493    0.555816735    0.555858238
   64.118407385    0.555854540    0.555864446
   64.146753277    0.555895487    0.555870661
   64.175099169    0.555928625    0.555876730
   64.203445061    0.555945465    0.555882549
   64.231790953    0.555942607    0.555888090
   64.260136844    0.555922779    0.555893412
   64.288482736    0.555893972    0.555898641
   64.316828628    0.555866941    0.555903931
   64.345174520    0.555851856    0.555909416
   64.373520412    0.555855145    0.555915170
   64.401866304    0.555877505    0.555921179
   64.430212196    0.555913705    0.555927355
   64.458558087    0.555954225    0.555933556
   64.486903979    0.555988230    0.555939632
   64.515249871    0.556006942    0.555945475
   64.543595763    0.556006364    0.555951048
   64.571941655    0.555988511    0.555956399
   64.600287547    0.555960763    0.555961643
   64.628633439    0.555933561    0.555966929
   64.656979330    0.555917147    0.555972391
   64.685325222    0.555918376    0.555978107
   64.713671114    0.555938595    0.555984077
   64.742017006    0.555973234    0.555990223
   64.770362898    0.556013248    0.555996409
   64.798708790    0.556047941    0.556002492
   64.827054682    0.556068304    0.556008358
   64.855400573    0.556069817    0.556013963
   64.883746465    0.556053841    0.556019343
   64.912092357    0.556027183    0.556024604
   64.940438249    0.555999959    0.556029888
   64.968784141    0.555982434    0.556035329
   64.997130033    0.555981820    0.556041011
   65.025475925    0.556000041    0.556046945
   65.053821816    0.556033142    0.556053061
   65.082167708    0.556072542    0.556059234
   65.110513600    0.556107721    0.556065322
   65.138859492    0.556129505    0.556071210
   65.167205384    0.556132925    0.556076846
   65.195551276    0.556118752    0.556082255
   65.223897168    0.556093243    0.556087533
   65.252243059    0.556066171    0.556092817
   65.280588951    0.556047766    0.556098239
   65.308934843    0.556045522    0.556103891
   65.337280735    0.556061868    0.556109790
   65.365626627    0.556093424    0.556115878
   65.393972519    0.556132075    0.556122037
   65.422318411    0.556167522    0.556128129
   65.450664302    0.556190497    0.556134038
   65.479010194    0.556195660    0.556139703
   65.507356086    0.556183245    0.556145140
   65.535701978    0.556158974    0.556150436
   65.564047870    0.556132247    0.556155721
   65.592393762    0.556113195    0.556161128
   65.620739654    0.556109516    0.556166752
   65.649085545    0.556124080    0.556172618
   65.677431437    0.556154051    0.556178678
   65.705777329    0.556191797    0.556184824
   65.734123221    0.556227288    0.556190919
   65.762469113    0.556251241    0.556196846
   65.790815005    0.556258011    0.556202537
   65.819160897    0.556247344    0.556208002
   65.847506789    0.556224427    0.556213316
   65.875852680    0.556198246    0.556218605
   65.904198572    0.556178768    0.556223999
   65.932544464    0.556173821    0.556229597
   65.960890356    0.556186661    0.556235432
   65.989236248    0.556214979    0.556241466
   66.017582140    0.556251648    0.556247597
   66.045928032    0.556286967    0.556253693
   66.074273923    0.556311709    0.556259636
   66.102619815    0.556319990    0.556265353
   66.130965707    0.556311092    0.556270844
   66.159311599    0.556289661    0.556276177
   66.187657491    0.556264226    0.556281470
   66.216003383    0.556244520    0.556286854
   66.244349275    0.556238435    0.556292428
   66.272695166    0.556249573    0.556298235
   66.301041058    0.556276146    0.556304243
   66.329386950    0.556311565    0.556310358
   66.357732842    0.556346518    0.556316454
   66.386078734    0.556371897    0.556322411
   66.414424626    0.556381628    0.556328152
   66.442770518    0.556374550    0.556333668
   66.471116409    0.556354746    0.556339020
   66.499462301    0.556330239    0.556344319
   66.527808193    0.556310467    0.556349694
   66.556154085    0.556303334    0.556355248
   66.584499977    0.556312759    0.556361028
   66.612845869    0.556337482    0.556367010
   66.641191761    0.556371489    0.556373109
   66.669537652    0.556405914    0.556379203
   66.697883544    0.556431820    0.556385171
   66.726229436    0.556442978    0.556390934
   66.754575328    0.556437789    0.556396474
   66.782921220    0.556419747    0.556401845
   66.811267112    0.556396321    0.556407153
   66.839613004    0.556376603    0.556412522
   66.867958895    0.556368471    0.556418057
   66.896304787    0.556376147    0.556423812
   66.924650679    0.556398916    0.556429769
   66.952996571    0.556431375    0.556435851
   66.981342463    0.556465150    0.556441940
   67.009688355    0.556491517    0.556447918
   67.038034247    0.556504111    0.556453700
   67.066380138    0.556500886    0.556459264
   67.094726030    0.556484721    0.556464655
   67.123071922    0.556462489    0.556469973
   67.151417814    0.556442899    0.556475338
   67.179763706    0.556433780    0.556480857
   67.208109598    0.556439659    0.556486587
   67.236455490    0.556460382    0.556492519
   67.264801381    0.556491194    0.556498583
   67.293147273    0.556524247    0.556504666
   67.321493165    0.556551050    0.556510650
   67.349839057    0.556565106    0.556516451
   67.378184949    0.556563913    0.556522038
   67.406530841    0.556549705    0.556527450
   67.434876733    0.556528734    0.556532779
   67.463222624    0.556509302    0.556538143
   67.491568516    0.556499183    0.556543647
   67.519914408    0.556503216    0.556549353
   67.548260300    0.556521832    0.556555261
   67.576606192    0.556550944    0.556561305
   67.604952084    0.556583248    0.556567379
   67.633297976    0.556610493    0.556573370
   67.661643867    0.556626047    0.556579187
   67.689989759    0.556626930    0.556584797
   67.718335651    0.556614718    0.556590231
   67.746681543    0.556595023    0.556595573
   67.775027435    0.556575742    0.556600937
   67.803373327    0.556564596    0.556606428
   67.831719219    0.556566752    0.556612111
   67.860065110    0.556583237    0.556617993
   67.888411002    0.556610647    0.556624017
   67.916756894    0.556642217    0.556630082
   67.945102786    0.556669933    0.556636075
   67.973448678    0.556687009    0.556641908
   68.001794570    0.556689978    0.556647541
   68.030140462    0.556679748    0.556652997
   68.058486354    0.556661301    0.556658354
   68.086832245    0.556642134    0.556663719
   68.115178137    0.556629937    0.556669199
   68.143524029    0.556630214    0.556674861
   68.171869921    0.556644596    0.556680717
   68.200215813    0.556670349    0.556686719
   68.228561705    0.556701235    0.556692772
   68.256907597    0.556729454    0.556698768
   68.285253488    0.556748051    0.556704616
   68.313599380    0.556753070    0.556710272
   68.341945272    0.556744761    0.556715750
   68.370291164    0.556727493    0.556721123
   68.398637056    0.556708394    0.556726491
   68.426982948    0.556695138    0.556731960
   68.455328840    0.556693577    0.556737601
   68.483674731    0.556705932    0.556743431
   68.512020623    0.556730117    0.556749410
   68.540366515    0.556760388    0.556755451
   68.568712407    0.556789131    0.556761449
   68.597058299    0.556809213    0.556767311
   68.625404191    0.556816195    0.556772989
   68.653750083    0.556809698    0.556778491
   68.682095974    0.556793516    0.556783880
   68.710441866    0.556774440    0.556789253
   68.738787758    0.556760151    0.556794712
   68.767133650    0.556756841    0.556800331
   68.795479542    0.556767296    0.556806135
   68.823825434    0.556790033    0.556812091
   68.852171326    0.556819761    0.556818119
   68.880517217    0.556849022    0.556824117
   68.908863109    0.556870505    0.556829994
   68.937209001    0.556879312    0.556835694
   68.965554893    0.556874481    0.556841220
   68.993900785    0.556859282    0.556846626
   69.022246677    0.556840207    0.556852004
   69.050592569    0.556824955    0.556857453
   69.078938460    0.556820038    0.556863052
   69.107284352    0.556828759    0.556868830
   69.135630244    0.556850184    0.556874762
   69.163976136    0.556879424    0.556880777
   69.192322028    0.556909159    0.556886775
   69.220667920    0.556931908    0.556892665
   69.249013812    0.556942359    0.556898388
   69.277359703    0.556939026    0.556903937
   69.305705595    0.556924715    0.556909360
   69.334051487    0.556905654    0.556914743
   69.362397379    0.556889558    0.556920184
   69.390743271    0.556883222    0.556925762
   69.419089163    0.556890404    0.556931514
   69.447435055    0.556910651    0.556937423
   69.475780946    0.556939430    0.556943424
   69.504126838    0.556969545    0.556949422
   69.532472730    0.556993374    0.556955325
   69.560818622    0.557005254    0.556961070
   69.589164514    0.557003248    0.556966643
   69.617510406    0.556989756    0.556972084
   69.645856298    0.556970768    0.556977472
   69.674202189    0.556953998    0.556982903
   69.702548081    0.556946468    0.556988461
   69.730893973    0.556952317    0.556994188
   69.759239865    0.556971500    0.557000074
   69.787585757    0.556999802    0.557006061
   69.815931649    0.557030151    0.557012060
   69.844277541    0.557054834    0.557017976
   69.872623432    0.557067911    0.557023742
   69.900969324    0.557067074    0.557029338
   69.929315216    0.557054371    0.557034795
   69.957661108    0.557035569    0.557040188
   69.986007000    0.557018340    0.557045611
   70.014352892    0.557009866    0.557051149
   70.042698784    0.557014578    0.557056851
   70.071044676    0.557032775    0.557062716
   70.099390567    0.557060529    0.557068690
   70.127736459    0.557090918    0.557074689
   70.156082351    0.557116201    0.557080617
   70.184428243    0.557130247    0.557086404
   70.212774135    0.557130453    0.557092021
   70.241120027    0.557118562    0.557097494
   70.269465919    0.557100106    0.557102891
   70.297811810    0.557082669    0.557108306
   70.326157702    0.557073502    0.557113826
   70.354503594    0.557077247    0.557119505
   70.382849486    0.557094486    0.557125349
   70.411195378    0.557121570    0.557131311
   70.439541270    0.557151766    0.557137310
   70.467887162    0.557177384    0.557143250
   70.496233053    0.557192191    0.557149056
   70.524578945    0.557193362    0.557154693
   70.552924837    0.557182359    0.557160180
   70.581270729    0.557164458    0.557165581
   70.609616621    0.557147079    0.557170988
   70.637962513    0.557137455    0.557176490
   70.666308405    0.557140358    0.557182148
   70.694654296    0.557156612    0.557187974
   70.723000188    0.557182853    0.557193925
   70.751346080    0.557212599    0.557199924
   70.779691972    0.557238297    0.557205875
   70.808037864    0.557253699    0.557211698
   70.836383756    0.557255814    0.557217353
   70.864729648    0.557245830    0.557222852
   70.893075539    0.557228720    0.557228256
   70.921421431    0.557211663    0.557233656
   70.949767323    0.557201782    0.557239143
   70.978113215    0.557203911    0.557244782
   71.006459107    0.557219094    0.557250591
   71.034804999    0.557244283    0.557256533
   71.063150891    0.557273317    0.557262532
   71.091496782    0.557298871    0.557268492
   71.119842674    0.557314758    0.557274330
   71.148188566    0.557317856    0.557280000
   71.176534458    0.557309066    0.557285510
   71.204880350    0.557292998    0.557290917
   71.233226242    0.557276502    0.557296310
   71.261572134    0.557266510    0.557301784
   71.289918025    0.557267869    0.557307407
   71.318263917    0.557281844    0.557313202
   71.346609809    0.557305751    0.557319137
   71.374955701    0.557333829    0.557325136
   71.403301593    0.557359065    0.557331103
   71.431647485    0.557375391    0.557336953
   71.459993377    0.557379570    0.557342635
   71.488339268    0.557372179    0.557348152
   71.516685160    0.557357393    0.557353560
   71.545031052    0.557341651    0.557358948
   71.573376944    0.557331629    0.557364411
   71.601722836    0.557332161    0.557370023
   71.630068728    0.557344753    0.557375808
   71.658414620    0.557367148    0.557381738
   71.686760511    0.557394065    0.557387738
   71.715106403    0.557418873    0.557393711
   71.743452295    0.557435661    0.557399568
   71.771798187    0.557441065    0.557405256
   71.800144079    0.557435287    0.557410777
   71.828489971    0.557421991    0.557416183
   71.856835863    0.557407133    0.557421565
   71.885181754    0.557397090    0.557427021
   71.913527646    0.557396681    0.557432628
   71.941873538    0.557407695    0.557438411
   71.970219430    0.557428373    0.557444343
   71.998565322    0.557453985    0.557450347
   72.026911214    0.557478330    0.557456324
   72.055257106    0.557495665    0.557462181
   72.083602997    0.557502467    0.557467863
   72.111948889    0.557498501    0.557473374
   72.140294781    0.557486849    0.557478768
   72.168640673    0.557472932    0.557484142
   72.196986565    0.557462806    0.557489600
   72.225332457    0.557461303    0.557495218
   72.253678349    0.557470550    0.557501024
   72.282024241    0.557489351    0.557506982
   72.310370132    0.557513586    0.557513005
   72.338716024    0.557537509    0.557518982
   72.367061916    0.557555526    0.557524812
   72.395407808    0.557563908    0.557530440
   72.423753700    0.557561914    0.557535879
   72.452099592    0.557551990    0.557541210
   72.480445484    0.557538988    0.557546559
   72.508791375    0.557528660    0.557552060
   72.537137267    0.557525889    0.557557810
   72.565483159    0.557533207    0.557563828
   72.593829051    0.557550039    0.557570028
   72.622174943    0.557572909    0.557576220
   72.650520835    0.557596520    0.557582132
   72.678866727    0.557615387    0.557587447
   72.707212618    0.557625512    0.557591850
   72.735558510    0.557625590    0.557595071
   72.763904402    0.557617393    0.557596911
   72.792250294    0.557605206    0.557597249
   72.820596186    0.557594510    0.557596028
   72.848942078    0.557590304    0.557593234
   72.877287970    0.557595583    0.557588864
   72.905633861    0.557610437    0.557582901
   72.933979753    0.557632036    0.557575307
   72.962325645    0.557655500    0.557566020
   72.990671537    0.557675392    0.557554975
   73.019017429    0.557687381    0.557542120
   73.047363321    0.557689553    0.557527437
   73.075709213    0.557682994    0.557510948
   73.104055104    0.557671454    0.557492710
   73.132400996    0.557660205    0.557472799
   73.160746888    0.557654426    0.557451287
   73.189092780    0.557657631    0.557428219
   73.217438672    0.557670588    0.557403597
   73.245784564    0.557691087    0.557377382
   73.274130456    0.557714603    0.557349505
   73.302476347    0.557735678    0.557319885
   73.330822239    0.557749586    0.557288459
   73.359168131    0.557753782    0.557255200
   73.387514023    0.557748689    0.557220125
   73.415859915    0.557737581    0.557183289
   73.444205807    0.557725595    0.557144770
   73.472551699    0.557718163    0.557104643
   73.500897590    0.557719346    0.557062956
   73.529243482    0.557730578    0.557019717
   73.557589374    0.557750208    0.556974890
   73.585935266    0.557773987    0.556928407
   73.614281158    0.557796358    0.556880190
   73.642627050    0.557812157    0.556830174
   73.670972942    0.557818213    0.556778329
   73.699318833    0.557814340    0.556724666
   73.727664725    0.557803422    0.556669237
   73.756010617    0.557790549    0.556612118
   73.784356509    0.557781459    0.556553382
   73.812702401    0.557780769    0.556493080
   73.841048293    0.557790529    0.556431223
   73.869394185    0.557809563    0.556367780
   73.897740076    0.557833801    0.556302689
   73.926085968    0.557857515    0.556235872
   73.954431860    0.557875082    0.556167264
   73.982777752    0.557882743    0.556096833
   74.011123644    0.557879789    0.556024585
   74.039469536    0.557868818    0.555950567
   74.067815428    0.557854959    0.555874849
   74.096161319    0.557844297    0.555797505
   74.124507211    0.557841979    0.555718586
   74.152853103    0.557850592    0.555638109
   74.181198995    0.557869322    0.555556048
   74.209544887    0.557894176    0.555472346
   74.237890779    0.557919195    0.555386929
   74.266236671    0.557938308    0.555299732
   74.294582562    0.557947236    0.555210717
   74.322928454    0.557944863    0.555119886
   74.351274346    0.557933618    0.555027279
   74.379620238    0.557918748    0.554932963
   74.407966130    0.557906699    0.554837009
   74.436312022    0.557903090    0.554739472
   74.464657914    0.557910932    0.554640372
   74.493003806    0.557929647    0.554539693
   74.521349697    0.557955216    0.554437380
   74.549695589    0.557981412    0.554333364
   74.578041481    0.558001751    0.554227578
   74.606387373    0.558011542    0.554119981
   74.634733265    0.558009394    0.554010568
   74.663079157    0.557997690    0.553899373
   74.691425049    0.557981864    0.553786458
   74.719770940    0.557968709    0.553671892
   74.748116832    0.557964227    0.553555735
   74.776462724    0.557971716    0.553438013
   74.804808616    0.557990693    0.553318714
   74.833154508    0.558017015    0.553197791
   74.861500400    0.558044169    0.553075177
   74.889846292    0.558065324    0.552950805
   74.918192183    0.558075509    0.552824628
   74.946538075    0.558073215    0.552696633
   74.974883967    0.558060903    0.552566848
   75.003229859    0.558044250    0.552435331
   75.031575751    0.558030362    0.552302153
   75.059921643    0.558025507    0.552167374
   75.088267535    0.558033108    0.552031028
   75.116613426    0.558052623    0.551893111
   75.144959318    0.558079691    0.551753581
   75.173305210    0.558107505    0.551612373
   75.201651102    0.558128975    0.551469416
   75.229996994    0.558139006    0.551324658
   75.258342886    0.558136143    0.551178080
   75.286688778    0.558123070    0.551029703
   75.315034669    0.558105764    0.550879582
   75.343380561    0.558091602    0.550727788
   75.371726453    0.558086985    0.550574386
   75.400072345    0.558095276    0.550419418
   75.428418237    0.558115690    0.550262885
   75.456764129    0.558143523    0.550104752
   75.485110021    0.558171647    0.549944952
   75.513455912    0.558192799    0.549783412
   75.541801804    0.558201936    0.549620073
   75.570147696    0.558197882    0.549454909
   75.598493588    0.558183738    0.549287936
   75.626839480    0.558165910    0.549119206
   75.655185372    0.558152046    0.548948793
   75.683531264    0.558148553    0.548776768
   75.711877155    0.558158496    0.548603180
   75.740223047    0.558180561    0.548428037
   75.768568939    0.558209440    0.548251305
   75.796914831    0.558237526    0.548072919
   75.825260723    0.558257392    0.547892798
   75.853606615    0.558264241    0.547710876
   75.881952507    0.558257538    0.547527121
   75.910298398    0.558241261    0.547341544
   75.938644290    0.558222671    0.547154198
   75.966990182    0.558209958    0.546965161
   75.995336074    0.558209520    0.546774513
   76.023681966    0.558223756    0.546582311
   76.052027858    0.558250116    0.546388567
   76.080373750    0.558281767    0.546193248
   76.108719641    0.558309728    0.545996283
   76.137065533    0.558325830    0.545797584
   76.165411425    0.558325582    0.545597075
   76.193757317    0.558309990    0.545394716
   76.222103209    0.558285693    0.545190520
   76.250449101    0.558263224    0.544984542
   76.278794993    0.558253824    0.544776874
   76.307140884    0.558265655    0.544567605
   76.335486776    0.558300489    0.544356801
   76.363832668    0.558351852    0.544144479
   76.392178560    0.558405228    0.543930598
   76.420524452    0.558440341    0.543715073
   76.448870344    0.558434988    0.543497802
   76.477216236    0.558369443    0.543278693
   76.505562128    0.558230336    0.543057699
   76.533908019    0.558013032    0.542834839
   76.562253911    0.557721996    0.542610186
   76.590599803    0.557369139    0.542383859
   76.618945695    0.556970713    0.542155974
   76.647291587    0.556543624    0.541926616
   76.675637479    0.556102157    0.541695798
   76.703983371    0.555655881    0.541463458
   76.732329262    0.555209126    0.541229463
   76.760675154    0.554761941    0.540993648
   76.789021046    0.554312030    0.540755869
   76.817366938    0.553856943    0.540516050
   76.845712830    0.553395809    0.540274227
   76.874058722    0.552930103    0.540030566
   76.902404614    0.552463322    0.539785348
   76.930750505    0.551999802    0.539538938
   76.959096397    0.551543160    0.539291721
   76.987442289    0.551094969    0.539044053
   77.015788181    0.550654117    0.538796207
   77.044134073    0.550217098    0.538548351
   77.072479965    0.549779102    0.538300546
   77.100825857    0.549335564    0.538052772
   77.129171748    0.548883628    0.537804967
   77.157517640    0.548423075    0.537557067
   77.185863532    0.547956389    0.537309040
   77.214209424    0.547487972    0.537060901
   77.242555316    0.547022751    0.536812706
   77.270901208    0.546564629    0.536564532
   77.299247100    0.546115275    0.536316451
   77.327592991    0.545673622    0.536068499
   77.355938883    0.545236227    0.535820671
   77.384284775    0.544798363    0.535572917
   77.412630667    0.544355497    0.535325160
   77.440976559    0.543904686    0.535077326
   77.469322451    0.543445464    0.534829365
   77.497668343    0.542979953    0.534581271
   77.526014234    0.542512183    0.534333080
   77.554360126    0.542046827    0.534084865
   77.582706018    0.541587768    0.533836703
   77.611051910    0.541136921    0.533588658
   77.639397802    0.540693676    0.533340751
   77.667743694    0.540255114    0.533092962
   77.696089586    0.539816920    0.532845227
   77.724435477    0.539374711    0.532597468
   77.752781369    0.538925367    0.532349613
   77.781127261    0.538467957    0.532101619
   77.809473153    0.538004004    0.531853491
   77.837819045    0.537536999    0.531605277
   77.866164937    0.537071332    0.531357052
   77.894510829    0.536610959    0.531108897
   77.922856720    0.536158213    0.530860868
   77.951202612    0.535713115    0.530612982
   77.979548504    0.535273374    0.530365209
   78.007894396    0.534835091    0.530117482
   78.036240288    0.534393935    0.529869718
   78.064586180    0.533946450    0.529621848
   78.092932072    0.533491088    0.529373835
   78.121277963    0.533028679    0.529125689
   78.149623855    0.532562181    0.528877462
   78.177969747    0.532095797    0.528629234
   78.206315639    0.531633709    0.528381082
   78.234661531    0.531178820    0.528133062
   78.263007423    0.530731873    0.527885186
   78.291353315    0.530291209    0.527637418
   78.319699206    0.529853251    0.527389690
   78.348045098    0.529413569    0.527141919
   78.376390990    0.528968214    0.526894037
   78.404736882    0.528514920    0.526646010
   78.433082774    0.528053812    0.526397853
   78.461428666    0.527587400    0.526149621
   78.489774558    0.527119848    0.525901392
   78.518120449    0.526655732    0.525653244
   78.546466341    0.526198640    0.525405230
   78.574812233    0.525750065    0.525157356
   78.603158125    0.525308906    0.524909586
   78.631504017    0.524871760    0.524661850
   78.659849909    0.524433921    0.524414067
   78.688195801    0.523990813    0.524166172
   78.716541693    0.523539399    0.523918135
   78.744887584    0.523079159    0.523669971
   78.773233476    0.522612303    0.523421738
   78.801579368    0.522143145    0.523173513
   78.829925260    0.521676810    0.522925370
   78.858271152    0.521217651    0.522677357
   78.886617044    0.520767874    0.522429481
   78.914962936    0.520326795    0.522181702
   78.943308827    0.519890983    0.521933952
   78.971654719    0.519455274    0.521686153
   79.000000611    0.519014350    0.521438243
   79.028346503    0.518564415    0.521190196
   79.056692395    0.518104428    0.520942030
   79.085038287    0.517636507    0.520693799
   79.113384179    0.517165333    0.520445580
   79.141730070    0.516696733    0.520197442
   79.170075962    0.516235859    0.519949429
   79.198421854    0.515785524    0.519701545
   79.226767746    0.515345251    0.519453752
   79.255113638    0.514911335    0.519205981
   79.283459530    0.514477948    0.518958161
   79.311805422    0.514038948    0.518710233
   79.340151313    0.513589842    0.518462175
   79.368497205    0.513129275    0.518214007
   79.396843097    0.512659544    0.517965781
   79.425188989    0.512185960    0.517717569
   79.453534881    0.511715208    0.517469438
   79.481880773    0.511253227    0.517221425
   79.510226665    0.510803263    0.516973530
   79.538572556    0.510364751    0.516725717
   79.566918448    0.509933391    0.516477919
   79.595264340    0.509502446    0.516230069
   79.623610232    0.509064871    0.515982116
   79.651956124    0.508615601    0.515734042
   79.680302016    0.508153258    0.515485868
   79.708647908    0.507680708    0.515237647
   79.736993799    0.507204242    0.514989448
   79.765339691    0.506731607    0.514741329
   79.793685583    0.506269507    0.514493322
   79.822031475    0.505821360    0.514245420
   79.850377367    0.505386076    0.513997584
   79.878723259    0.504958273    0.513749748
   79.907069151    0.504529923    0.513501850
   79.935415042    0.504092930    0.513253847
   79.963760934    0.503641817    0.513005731
   79.992106826    0.503175638    0.512757535
   80.020452718    0.502698460    0.512509320
   80.048798610    0.502218191    0.512261154
   80.077144502    0.501744079    0.512013089
   80.105490394    0.501283662    0.511765141
   80.133836285    0.500840156    0.511517278
   80.162182177    0.500411171    0.511269431
   80.190528069    0.499989254    0.511021512
   80.218873961    0.499564155    0.510773443
   80.247219853    0.499126161    0.510525198
   80.275565745    0.498669440    0.510276823
   80.303911637    0.498194277    0.510028450
   80.332257528    0.497707389    0.509780299
   80.360603420    0.497220094    0.509532646
   80.388949312    0.496744785    0.509285798
   80.417295204    0.496290752    0.509040047
   80.445641096    0.495860685    0.508795642
   80.473986988    0.495449053    0.508552765
   80.502332880    0.495043058    0.508311521
   80.530678771    0.494626089    0.508071955
   80.559024663    0.494182846    0.507834064
   80.587370555    0.493704714    0.507597827
   80.615716447    0.493193818    0.507363227
   80.644062339    0.492664467    0.507130264
   80.672408231    0.492141411    0.506898960
   80.700754123    0.491655192    0.506669349
   80.729100014    0.491235720    0.506441472
   80.757445906    0.490905718    0.506215355
   80.785791798    0.490675743    0.505991003
   80.814137690    0.490542104    0.505768397
   80.842483582    0.490488155    0.505547500
   80.870829474    0.490488581    0.505328266
   80.899175366    0.490515455    0.505110656
   80.927521258    0.490544426    0.504894651
   80.955867149    0.490559425    0.504680256
   80.984213041    0.490554764    0.504467500
   81.012558933    0.490534284    0.504256427
   81.040904825    0.490508062    0.504047082
   81.069250717    0.490487828    0.503839498
   81.097596609    0.490482554    0.503633683
   81.125942501    0.490495482    0.503429624
   81.154288392    0.490523372    0.503227283
   81.182634284    0.490557976    0.503026615
   81.210980176    0.490589105    0.502827576
   81.239326068    0.490608159    0.502630143
   81.267671960    0.490610951    0.502434313
   81.296017852    0.490598931    0.502240110
   81.324363744    0.490578487    0.502047577
   81.352709635    0.490558640    0.501856758
   81.381055527    0.490547949    0.501667693
   81.409401419    0.490551686    0.501480397
   81.437747311    0.490570173    0.501294862
   81.466093203    0.490598819    0.501111055
   81.494439095    0.490629760    0.500928932
   81.522784987    0.490654544    0.500748446
   81.551130878    0.490666929    0.500569565
   81.579476770    0.490664894    0.500392280
   81.607822662    0.490651209    0.500216611
   81.636168554    0.490632429    0.500042595
   81.664514446    0.490616663    0.499870281
   81.692860338    0.490610887    0.499699712
   81.721206230    0.490618685    0.499530911
   81.749552121    0.490639138    0.499363877
   81.777898013    0.490667211    0.499198582
   81.806243905    0.490695464    0.499034979
   81.834589797    0.490716524    0.498873020
   81.862935689    0.490725476    0.498712664
   81.891281581    0.490721417    0.498553897
   81.919627473    0.490707679    0.498396730
   81.947973364    0.490690677    0.498241201
   81.976319256    0.490677771    0.498087361
   82.004665148    0.490674880    0.497935257
   82.033011040    0.490684588    0.497784921
   82.061356932    0.490705374    0.497636358
   82.089702824    0.490732176    0.497489542
   82.118048716    0.490758084    0.497344427
   82.146394607    0.490776593    0.497200958
   82.174740499    0.490783686    0.497059089
   82.203086391    0.490779077    0.496918798
   82.231432283    0.490766228    0.496780092
   82.259778175    0.490751174    0.496643009
   82.288124067    0.490740541    0.496507600
   82.316469959    0.490739417    0.496373921
   82.344815850    0.490749765    0.496242010
   82.373161742    0.490769855    0.496111875
   82.401507634    0.490794895    0.495983494
   82.429853526    0.490818615    0.495856819
   82.458199418    0.490835291    0.495731790
   82.486545310    0.490841547    0.495608354
   82.514891202    0.490837374    0.495486484
   82.543237093    0.490826060    0.495366184
   82.571582985    0.490813073    0.495247490
   82.599928877    0.490804289    0.495130459
   82.628274769    0.490804127    0.495015149
   82.656620661    0.490814196    0.494901606
   82.684966553    0.490832851    0.494789841
   82.713312445    0.490855794    0.494679833
   82.741658336    0.490877481    0.494571531
   82.770004228    0.490892895    0.494464871
   82.798350120    0.490899097    0.494359796
   82.826696012    0.490896093    0.494256272
   82.855041904    0.490886755    0.494154302
   82.883387796    0.490875853    0.494053923
   82.911733688    0.490868519    0.493955193
   82.940079579    0.490868643    0.493858178
   82.968425471    0.490877708    0.493762925
   82.996771363    0.490894388    0.493669449
   83.025117255    0.490915043    0.493577728
   83.053463147    0.490934903    0.493487709
   83.081809039    0.490949570    0.493399323
   83.110154931    0.490956358    0.493312509
   83.138500823    0.490955067    0.493227230
   83.166846714    0.490947974    0.493143487
   83.195192606    0.490939064    0.493061320
   83.223538498    0.490932762    0.492980791
   83.251884390    0.490932577    0.492901967
   83.280230282    0.490940060    0.492824898
   83.308576174    0.490954392    0.492749600
   83.336922066    0.490972703    0.492676049
   83.365267957    0.490990997    0.492604188
   83.393613849    0.491005393    0.492533945
   83.421959741    0.491013284    0.492465256
   83.450305633    0.491014083    0.492398083
   83.478651525    0.491009343    0.492332430
   83.506997417    0.491002228    0.492268336
   83.535343309    0.490996528    0.492205868
   83.563689200    0.490995511    0.492145095
   83.592035092    0.491000971    0.492086066
   83.620380984    0.491012732    0.492028795
   83.648726876    0.491028756    0.491973254
   83.677072768    0.491045784    0.491919382
   83.705418660    0.491060331    0.491867104
   83.733764552    0.491069714    0.491816354
   83.762110443    0.491072818    0.491767098
   83.790456335    0.491070394    0.491719342
   83.818802227    0.491064795    0.491673132
   83.847148119    0.491059268    0.491628537
   83.875494011    0.491056983    0.491585626
   83.903839903    0.491060113    0.491544445
   83.932185795    0.491069217    0.491505001
   83.960531686    0.491083097    0.491467258
   83.988877578    0.491099165    0.491431146
   84.017223470    0.491114210    0.491396587
   84.045569362    0.491125336    0.491363517
   84.073915254    0.491130804    0.491331910
   84.102261146    0.491130532    0.491301784
   84.130607038    0.491126117    0.491273196
   84.158952929    0.491120363    0.491246223
   84.187298821    0.491116469    0.491220935
   84.215644713    0.491117091    0.491197365
   84.243990605    0.491123563    0.491175502
   84.272336497    0.491135497    0.491155284
   84.300682389    0.491150883    0.491136620
   84.329028281    0.491166667    0.491119420
   84.357374172    0.491179639    0.491103626
   84.385720064    0.491187383    0.491089237
   84.414065956    0.491189003    0.491076316
   84.442411848    0.491185409    0.491064975
   84.470757740    0.491179079    0.491055338
   84.499103632    0.491173341    0.491047495
   84.527449524    0.491171392    0.491041455
   84.555795415    0.491175338    0.491037116
   84.584141307    0.491185536    0.491034251
   84.612487199    0.491200454    0.491032534
   84.640833091    0.491217092    0.491031574
   84.669178983    0.491231862    0.491030979
   84.697524875    0.491241664    0.491030412
   84.725870767    0.491244838    0.491029633
   84.754216658    0.491241708    0.491028520
   84.782562550    0.491234521    0.491027061
   84.810908442    0.491226804    0.491025326
   84.839254334    0.491222314    0.491023420
   84.867600226    0.491223884    0.491021436
   84.895946118    0.491232529    0.491019418
   84.924292010    0.491247094    0.491017352
   84.952637901    0.491264559    0.491015165
   84.980983793    0.491280932    0.491012753
   85.009329685    0.491292462    0.491010013
