    0.000000000    0.542283591    0.542185833
    0.040944066    0.542454554    0.542186795
    0.081888132    0.542591874    0.542186970
    0.122832198    0.542611544    0.542185329
    0.163776264    0.542503562    0.542181804
    0.204720330    0.542338589    0.542177337
    0.245664396    0.542223592    0.542173277
    0.286608462    0.542234318    0.542170530
    0.327552528    0.542367213    0.542168980
    0.368496594    0.542541313    0.542167553
    0.409440661    0.542649132    0.542164888
    0.450384727    0.542624576    0.542160186
    0.491328793    0.542484955    0.542153711
    0.532272859    0.542320402    0.542146620
    0.573216925    0.542237147    0.542140230
    0.614160991    0.542290341    0.542135183
    0.655105057    0.542448909    0.542131029
    0.696049123    0.542614835    0.542126503
    0.736993189    0.542684904    0.542120311
    0.777937255    0.542616024    0.542111941
    0.818881321    0.542452772    0.542101980
    0.859825387    0.542299565    0.542091741
    0.900769453    0.542254813    0.542082429
    0.941713519    0.542348582    0.542074373
    0.982657585    0.542523244    0.542066806
    1.023601651    0.542669571    0.542058336
    1.064545717    0.542695662    0.542047818
    1.105489783    0.542585212    0.542035064
    1.146433849    0.542408172    0.542020960
    1.187377916    0.542276835    0.542006900
    1.228321982    0.542274910    0.541993900
    1.269266048    0.542404380    0.541981944
    1.310210114    0.542583874    0.541969981
    1.351154180    0.542699825    0.541956574
    1.392098246    0.542678246    0.541940795
    1.433042312    0.542531757    0.541922806
    1.473986378    0.542351976    0.541903746
    1.514930444    0.542251841    0.541885008
    1.555874510    0.542294167    0.541867349
    1.596818576    0.542451635    0.541850393
    1.637762642    0.542623687    0.541832859
    1.678706708    0.542699891    0.541813348
    1.719650774    0.542629834    0.541791216
    1.760594840    0.542455320    0.541766974
    1.801538906    0.542284289    0.541741954
    1.842482972    0.542222735    0.541717460
    1.883427038    0.542307551    0.541693930
    1.924371105    0.542482846    0.541670641
    1.965315171    0.542634935    0.541646144
    2.006259237    0.542664088    0.541619168
    2.047203303    0.542547761    0.541589403
    2.088147369    0.542355210    0.541557690
    2.129091435    0.542204018    0.541525476
    2.170035501    0.542185811    0.541493889
    2.210979567    0.542308099    0.541463006
    2.251923633    0.542489136    0.541431784
    2.292867699    0.542609306    0.541398696
    2.333811765    0.542586724    0.541362675
    2.374755831    0.542429267    0.541323778
    2.415699897    0.542229971    0.541283133
    2.456643963    0.542108453    0.541242217
    2.497588029    0.542135248    0.541201901
    2.538532095    0.542286893    0.541161881
    2.579476161    0.542460373    0.541120843
    2.620420227    0.542538024    0.541077269
    2.661364293    0.542461997    0.541030375
    2.702308360    0.542271161    0.540980592
    2.743252426    0.542076891    0.540929276
    2.784196492    0.541992815    0.540877835
    2.825140558    0.542062830    0.540826821
    2.866084624    0.542232974    0.540775546
    2.907028690    0.542385169    0.540722496
    2.947972756    0.542411738    0.540666255
    2.988916822    0.542283647    0.540606381
    3.029860888    0.542069233    0.540543663
    3.070804954    0.541891324    0.540479610
    3.111749020    0.541849651    0.540415469
    3.152693086    0.541957552    0.540351415
    3.193637152    0.542133125    0.540286406
    3.234581218    0.542250687    0.540218809
    3.275525284    0.542220182    0.540147403
    3.316469350    0.542044377    0.540072125
    3.357413416    0.541817497    0.539994090
    3.398357482    0.541665924    0.539914864
    3.439301548    0.541668255    0.539835446
    3.480245615    0.541805282    0.539755607
    3.521189681    0.541971714    0.539673995
    3.562133747    0.542042478    0.539588952
    3.603077813    0.541951846    0.539499532
    3.644021879    0.541735315    0.539406073
    3.684965945    0.541507551    0.539309953
    3.725910011    0.541390078    0.539212699
    3.766854077    0.541434309    0.539114987
    3.807798143    0.541588642    0.539016173
    3.848742209    0.541730669    0.538914662
    3.889686275    0.541744377    0.538808871
    3.930630341    0.541593645    0.538698198
    3.971574407    0.541345459    0.538583370
    4.012518473    0.541127915    0.538465956
    4.053462539    0.541049332    0.538347344
    4.094406605    0.541129521    0.538227821
    4.135350671    0.541286811    0.538106349
    4.176294737    0.541389299    0.537981172
    4.217238804    0.541338144    0.537850878
    4.258182870    0.541130299    0.537715257
    4.299126936    0.540860846    0.537575397
    4.340071002    0.540663191    0.537432964
    4.381015068    0.540624708    0.537289108
    4.421959134    0.540731158    0.537143691
    4.462903200    0.540875209    0.536995320
    4.503847266    0.540923956    0.536842170
    4.544791332    0.540802953    0.536683090
    4.585735398    0.540543598    0.536518285
    4.626679464    0.540263707    0.536349149
    4.667623530    0.540093263    0.536177342
    4.708567596    0.540092113    0.536003695
    4.749511662    0.540211697    0.535827626
    4.790455728    0.540325259    0.535647443
    4.831399794    0.540307716    0.535461352
    4.872343860    0.540114845    0.535268534
    4.913287926    0.539811633    0.535069607
    4.954231992    0.539531606    0.534866198
    4.995176059    0.539392550    0.534659856
    5.036120125    0.539421804    0.534451022
    5.077064191    0.539538467    0.534238674
    5.118008257    0.539604061    0.534020897
    5.158952323    0.539509899    0.533796020
    5.199896389    0.539246014    0.533563602
    5.240840455    0.538907906    0.533324652
    5.281784521    0.538636541    0.533080933
    5.322728587    0.538529267    0.532833787
    5.363672653    0.538577902    0.532583209
    5.404616719    0.538673342    0.532327762
    5.445560785    0.538674084    0.532065388
    5.486504851    0.538495612    0.531794613
    5.527448917    0.538164147    0.531515397
    5.568392983    0.537800553    0.531229080
    5.609337049    0.537544243    0.530937463
    5.650281115    0.537464948    0.530641586
    5.691225181    0.537518152    0.530340967
    5.732169247    0.537572623    0.530033790
    5.773113314    0.537492987    0.529717922
    5.814057380    0.537225356    0.529392133
    5.855001446    0.536831810    0.529056764
    5.895945512    0.536451657    0.528713406
    5.936889578    0.536213583    0.528363794
    5.977833644    0.536154071    0.528008593
    6.018777710    0.536193741    0.527646835
    6.059721776    0.536186902    0.527276355
    6.100665842    0.536013355    0.526894977
    6.141609908    0.535654548    0.526501703
    6.182553974    0.535205821    0.526097183
    6.223498040    0.534816619    0.525683157
    6.264442106    0.534596131    0.525261212
    6.305386172    0.534543882    0.524831604
    6.346330238    0.534549332    0.524392879
    6.387274304    0.534461143    0.523942516
    6.428218370    0.534182650    0.523478226
    6.469162436    0.533733290    0.522999098
    6.510106502    0.533236898    0.522505932
    6.551050569    0.532843871    0.522000517
    6.591994635    0.532636073    0.521484313
    6.632938701    0.532574531    0.520957273
    6.673882767    0.532523296    0.520417517
    6.714826833    0.532334802    0.519862013
    6.755770899    0.531943093    0.519287900
    6.796714965    0.531405978    0.518693717
    6.837659031    0.530869132    0.518079917
    6.878603097    0.530474384    0.517448467
    6.919547163    0.530269870    0.516801816
    6.960491229    0.530178891    0.516141763
    7.001435295    0.530047554    0.515468701
    7.042379361    0.529741547    0.514781371
    7.083323427    0.529231145    0.514076968
    7.124267493    0.528610608    0.513351356
    7.165211559    0.528039280    0.512599265
    7.206155625    0.527641127    0.511814612
    7.247099691    0.527425989    0.510991137
    7.288043758    0.527282486    0.510123453
    7.328987824    0.527047536    0.509208225
    7.369931890    0.526609044    0.508245003
    7.410875956    0.525977045    0.507236190
    7.451820022    0.525278117    0.506186051
    7.492764088    0.524676047    0.505099157
    7.533708154    0.524268421    0.503979021
    7.574652220    0.524024333    0.502827666
    7.615596286    0.523802874    0.501646351
    7.656540352    0.523441305    0.500437041
    7.697484418    0.522857665    0.499203745
    7.738428484    0.522103073    0.497952868
    7.779372550    0.521330302    0.496692275
    7.820316616    0.520697864    0.495429485
    7.861260682    0.520269742    0.494169934
    7.902204748    0.519974088    0.492916236
    7.943148814    0.519647431    0.491668795
    7.984092880    0.519137117    0.490427379
    8.025036946    0.518397720    0.489192704
    8.065981013    0.517520475    0.487967057
    8.106925079    0.516676620    0.486753552
    8.147869145    0.516009741    0.485554325
    8.188813211    0.515544694    0.484368554
    8.229757277    0.515170747    0.483191229
    8.270701343    0.514710185    0.482013155
    8.311645409    0.514029787    0.480822043
    8.352589475    0.513125157    0.479604096
    8.393533541    0.512124468    0.478345450
    8.434477607    0.511208567    0.477033159
    8.475421673    0.510497120    0.475655822
    8.516365739    0.509972345    0.474204108
    8.557309805    0.509488747    0.472671350
    8.598253871    0.508863490    0.471053953
    8.639197937    0.507991150    0.469351207
    8.680142003    0.506910719    0.467564174
    8.721086069    0.505782199    0.465693790
    8.762030135    0.504786687    0.463738920
    8.802974201    0.504012189    0.461695311
    8.843918268    0.503396944    0.459556182
    8.884862334    0.502766504    0.457314405
    8.925806400    0.501942129    0.454965437
    8.966750466    0.500852980    0.452509724
    9.007694532    0.499581546    0.449953482
    9.048638598    0.498313068    0.447307518
    9.089582664    0.497219774    0.444584689
    9.130526730    0.496352027    0.441797126
    9.171470796    0.495604852    0.438954310
    9.212414862    0.494781657    0.436062462
    9.253358928    0.493716177    0.433125003
    9.294302994    0.492376751    0.430143351
    9.335247060    0.490887323    0.427117476
    9.376191126    0.489451088    0.424046076
    9.417135192    0.488223513    0.420926762
    9.458079258    0.487213678    0.417756759
    9.499023324    0.486275971    0.414534276
    9.539967390    0.485198395    0.411260109
    9.580911457    0.483833449    0.407938688
    9.621855523    0.482190386    0.404577887
    9.662799589    0.480430852    0.401187588
    9.703743655    0.478769421    0.397777747
    9.744687721    0.477339747    0.394357086
    9.785631787    0.476109072    0.390933239
    9.826575853    0.474894762    0.387514316
    9.867519919    0.473473937    0.384110949
    9.908463985    0.471719571    0.380737533
    9.949408051    0.469679363    0.377411822
    9.990352117    0.467548014    0.374153113
   10.031296183    0.465548504    0.370980182
   10.072240249    0.463793908    0.367910424
   10.113184315    0.462213955    0.364960929
   10.154128381    0.460591918    0.362150943
   10.195072447    0.458690976    0.359504138
   10.236016513    0.456394945    0.357049062
   10.276960579    0.453779044    0.354817193
   10.317904645    0.451067532    0.352839700
   10.358848712    0.448501833    0.351145180
   10.399792778    0.446195444    0.349760348
   10.440736844    0.444059647    0.348713934
   10.481680910    0.441843158    0.348041488
   10.522624976    0.439264148    0.347787052
   10.563569042    0.436162270    0.347997901
   10.604513108    0.432589513    0.348711165
   10.645457174    0.428794463    0.349935128
   10.686401240    0.425111943    0.351631537
   10.727345306    0.421815845    0.353706391
   10.768289372    0.419003816    0.356014550
   10.809233438    0.416557303    0.358378739
   10.850177504    0.414178805    0.360618096
   10.891121570    0.411475727    0.362577705
   10.932065636    0.408052634    0.364150210
   10.973009702    0.403587925    0.365283758
   11.013953768    0.397890639    0.365975752
   11.054897834    0.390941547    0.366256795
   11.095841900    0.382915459    0.366171916
   11.136785967    0.374169234    0.365765630
   11.177730033    0.365178752    0.365074427
   11.218674099    0.356426674    0.364126483
   11.259618165    0.348273715    0.362945537
   11.300562231    0.340868633    0.361555129
   11.341506297    0.334146342    0.359980548
   11.382450363    0.327925359    0.358247996
   11.423394429    0.322062706    0.356382226
   11.464338495    0.316587130    0.354404560
   11.505282561    0.311735433    0.352332512
   11.546226627    0.307864627    0.350181027
   11.587170693    0.305280678    0.347964322
   11.628114759    0.304074335    0.345697122
   11.669058825    0.304055546    0.343394622
   11.710002891    0.304826862    0.341071451
   11.750946957    0.305959958    0.338740452
   11.791891023    0.307180938    0.336412137
   11.832835089    0.308463108    0.334095109
   11.873779156    0.309974986    0.331797079
   11.914723222    0.311909262    0.329525758
   11.955667288    0.314281373    0.327289025
   11.996611354    0.316800323    0.325094251
   12.037555420    0.318873788    0.322947191
   12.078499486    0.319739967    0.320851052
   12.119443552    0.318660087    0.318806161
   12.160387618    0.315088242    0.316810315
   12.201331684    0.308762818    0.314859513
   12.242275750    0.299713064    0.312948742
   12.283219816    0.288212388    0.311072641
   12.324163882    0.274715865    0.309226120
   12.365107948    0.259796939    0.307405112
   12.406052014    0.244071373    0.305607478
   12.446996080    0.228090944    0.303833794
   12.487940146    0.212213641    0.302087562
   12.528884212    0.196494757    0.300374411
   12.569828278    0.180663716    0.298700273
   12.610772344    0.164231471    0.297068967
   12.651716411    0.146714828    0.295479987
   12.692660477    0.127897024    0.293927284
   12.733604543    0.108008977    0.292399445
   12.774548609    0.087739181    0.290881104
   12.815492675    0.068055527    0.289354979
   12.856436741    0.049911336    0.287803767
   12.897380807    0.033962010    0.286211327
   12.938324873    0.020408174    0.284563013
   12.979268939    0.009012843    0.282845427
   13.020213005   -0.000746030    0.281046054
   13.061157071   -0.009481478    0.279153201
   13.102101137   -0.017752045    0.277156448
   13.143045203   -0.026001629    0.275047526
   13.183989269   -0.034557600    0.272821347
   13.224933335   -0.043629182    0.270476833
   13.265877401   -0.053268257    0.268017200
   13.306821467   -0.063307797    0.265449472
   13.347765533   -0.073336670    0.262783166
   13.388709599   -0.082766971    0.260028337
   13.429653666   -0.090996608    0.257193417
   13.470597732   -0.097599092    0.254283470
   13.511541798   -0.102434925    0.251299473
   13.552485864   -0.105608025    0.248238935
   13.593429930   -0.107277023    0.245097711
   13.634373996   -0.107424282    0.241872363
   13.675318062   -0.105723230    0.238562131
   13.716262128   -0.101594799    0.235169744
   13.757206194   -0.094429127    0.231700797
   13.798150260   -0.083837799    0.228162097
   13.839094326   -0.069768920    0.224559866
   13.880038392   -0.052392960    0.220898731
   13.920982458   -0.031813446    0.217181980
   13.961926524   -0.007783772    0.213412875
   14.002870590    0.020368737    0.209596245
   14.043814656    0.053525921    0.205739432
   14.084758722    0.092376164    0.201852046
   14.125702788    0.137084578    0.197944670
   14.166646854    0.187294289    0.194027217
   14.207590921    0.242536358    0.190107829
   14.248534987    0.302847610    0.186192899
   14.289479053    0.369180700    0.182288111
   14.330423119    0.443190163    0.178399868
   14.371367185    0.526239556    0.174536233
   14.412311251    0.617897882    0.170706847
   14.453255317    0.714567328    0.166921828
   14.494199383    0.808991667    0.163190257
   14.535143449    0.891133080    0.159519036
   14.576087515    0.950355668    0.155912715
   14.617031581    0.978256562    0.152374349
   14.657975647    0.971127178    0.148906973
   14.698919713    0.931097392    0.145515035
   14.739863779    0.865504862    0.142205239
   14.780807845    0.784729568    0.138986554
   14.821751911    0.699326388    0.135869536
   14.862695977    0.617512928    0.132865269
   14.903640043    0.543839706    0.129984228
   14.944584110    0.479313212    0.127235303
   14.985528176    0.422631669    0.124625103
   15.026472242    0.371806005    0.122157637
   15.067416308    0.325423481    0.119834482
   15.108360374    0.283126981    0.117655419
   15.149304440    0.245334691    0.115619367
   15.190248506    0.212577263    0.113725179
   15.231192572    0.184927544    0.111971830
   15.272136638    0.161835780    0.110357730
   15.313080704    0.142389031    0.108879339
   15.354024770    0.125765033    0.107529756
   15.394968836    0.111575328    0.106298158
   15.435912902    0.099904572    0.105170710
   15.476856968    0.091061334    0.104132871
   15.517801034    0.085226974    0.103172285
   15.558745100    0.082228356    0.102280999
   15.599689166    0.081559860    0.101455958
   15.640633232    0.082615389    0.100697509
   15.681577298    0.084966524    0.100006595
   15.722521365    0.088508853    0.099381999
   15.763465431    0.093392873    0.098818915
   15.804409497    0.099792578    0.098309461
   15.845353563    0.107658571    0.097844721
   15.886297629    0.116601564    0.097417251
   15.927241695    0.125965477    0.097022864
   15.968185761    0.135036546    0.096661155
   16.009129827    0.143265228    0.096335000
   16.050073893    0.150388065    0.096049806
   16.091017959    0.156411680    0.095813209
   16.131962025    0.161507322    0.095635288
   16.172906091    0.165906518    0.095528664
   16.213850157    0.169864081    0.095507618
   16.254794223    0.173686400    0.095585788
   16.295738289    0.177760829    0.095772984
   16.336682355    0.182510424    0.096072459
   16.377626421    0.188246673    0.096480155
   16.418570487    0.194970507    0.096986688
   16.459514553    0.202227223    0.097581438
   16.500458620    0.209115064    0.098256925
   16.541402686    0.214478017    0.099011250
   16.582346752    0.217217979    0.099847199
   16.623290818    0.216594170    0.100768200
   16.664234884    0.212377969    0.101772935
   16.705178950    0.204800987    0.102851159
   16.746123016    0.194336070    0.103982752
   16.787067082    0.181430737    0.105140562
   16.828011148    0.166328918    0.106295845
   16.868955214    0.149063571    0.107424080
   16.909899280    0.129610185    0.108508983
   16.950843346    0.108108695    0.109543603
   16.991787412    0.085029568    0.110528741
   17.032731478    0.061191160    0.111469906
   17.073675544    0.037609839    0.112374155
   17.114619610    0.015242724    0.113247679
   17.155563676   -0.005271227    0.114094219
   17.196507742   -0.023770000    0.114914046
   17.237451809   -0.040571324    0.115703303
   17.278395875   -0.056326991    0.116453918
   17.319339941   -0.071789073    0.117154497
   17.360284007   -0.087572497    0.117792364
   17.401228073   -0.103989800    0.118356239
   17.442172139   -0.121001203    0.118838494
   17.483116205   -0.138280855    0.119235821
   17.524060271   -0.155362562    0.119547867
   17.565004337   -0.171806174    0.119774487
   17.605948403   -0.187324289    0.119913083
   17.646892469   -0.201827993    0.119957579
   17.687836535   -0.215383445    0.119899557
   17.728780601   -0.228106820    0.119730791
   17.769724667   -0.240049348    0.119445397
   17.810668733   -0.251126172    0.119039992
   17.851612799   -0.261120599    0.118511529
   17.892556865   -0.269758421    0.117854063
   17.933500931   -0.276812830    0.117056664
   17.974444997   -0.282186361    0.116104163
   18.015389064   -0.285929633    0.114980617
   18.056333130   -0.288190748    0.113673380
   18.097277196   -0.289125704    0.112174786
   18.138221262   -0.288819281    0.110479722
   18.179165328   -0.287257479    0.108580234
   18.220109394   -0.284361846    0.106461391
   18.261053460   -0.280060920    0.104103771
   18.301997526   -0.274354434    0.101495948
   18.342941592   -0.267332513    0.098655502
   18.383885658   -0.259140028    0.095651459
   18.424829724   -0.249908676    0.092617697
   18.465773790   -0.239697320    0.089747881
   18.506717856   -0.228475169    0.087268368
   18.547661922   -0.216157141    0.085394090
   18.588605988   -0.202671772    0.084280060
   18.629550054   -0.188025628    0.083984267
   18.670494120   -0.172332257    0.084454657
   18.711438186   -0.155793686    0.085544611
   18.752382252   -0.138645769    0.087051281
   18.793326319   -0.121092872    0.088763507
   18.834270385   -0.103257613    0.090503847
   18.875214451   -0.085161425    0.092153097
   18.916158517   -0.066739770    0.093653463
   18.957102583   -0.047887536    0.094994666
   18.998046649   -0.028525544    0.096192330
   19.038990715   -0.008674209    0.097268438
   19.079934781    0.011486779    0.098239983
   19.120878847    0.031599798    0.099116715
   19.161822913    0.051174973    0.099904620
   19.202766979    0.069704137    0.100610303
   19.243711045    0.086815224    0.101242757
   19.284655111    0.102409730    0.101811815
   19.325599177    0.116717915    0.102324992
   19.366543243    0.130231638    0.102785259
   19.407487309    0.143527049    0.103191330
   19.448431375    0.157044414    0.103540250
   19.489375441    0.170919495    0.103830654
   19.530319507    0.184941081    0.104064766
   19.571263574    0.198648878    0.104248193
   19.612207640    0.211515923    0.104387953
   19.653151706    0.223119640    0.104490192
   19.694095772    0.233219993    0.104559040
   19.735039838    0.241725284    0.104597238
   19.775983904    0.248598968    0.104608007
   19.816927970    0.253798766    0.104596958
   19.857872036    0.257315303    0.104572904
   19.898816102    0.259302624    0.104547134
   19.939760168    0.260212698    0.104531552
   19.980704234    0.260814408    0.104536530
   20.021648300    0.262023467    0.104569248
   20.062592366    0.264575767    0.104632816
   20.103536432    0.268684473    0.104726032
   20.144480498    0.273863743    0.104843566
   20.185424564    0.279043279    0.104976559
   20.226368630    0.282958937    0.105113938
   20.267312696    0.284655875    0.105244760
   20.308256763    0.283865459    0.105361447
   20.349200829    0.281064043    0.105463115
   20.390144895    0.277174023    0.105557730
   20.431088961    0.273048625    0.105661936
   20.472033027    0.268995733    0.105798225
   20.512977093    0.264579626    0.105990241
   20.553921159    0.258799444    0.106257964
   20.594865225    0.250552908    0.106614623
   20.635809291    0.239153759    0.107066445
   20.676753357    0.224653750    0.107614992
   20.717697423    0.207829397    0.108260578
   20.758641489    0.189866496    0.109004738
   20.799585555    0.171916984    0.109850270
   20.840529621    0.154741544    0.110798601
   20.881473687    0.138577077    0.111845734
   20.922417753    0.123233811    0.112978847
   20.963361819    0.108313634    0.114175485
   21.004305885    0.093409511    0.115406186
   21.045249951    0.078201085    0.116639913
   21.086194018    0.062455889    0.117850388
   21.127138084    0.046011596    0.119021061
   21.168082150    0.028810615    0.120146994
   21.209026216    0.010993122    0.121233198
   21.249970282   -0.007018970    0.122290271
   21.290914348   -0.024538163    0.123329123
   21.331858414   -0.040768446    0.124356642
   21.372802480   -0.055049501    0.125373593
   21.413746546   -0.067059670    0.126375008
   21.454690612   -0.076851844    0.127352388
   21.495634678   -0.084684860    0.128296524
   21.536578744   -0.090738162    0.129199764
   21.577522810   -0.094879484    0.130057049
   21.618466876   -0.096635299    0.130865679
   21.659410942   -0.095394173    0.131624319
   21.700355008   -0.090722877    0.132331927
   21.741299074   -0.082589573    0.132987156
   21.782243140   -0.071330287    0.133588396
   21.823187206   -0.057349626    0.134134249
   21.864131273   -0.040724509    0.134624024
   21.905075339   -0.020966002    0.135057919
   21.946019405    0.002878581    0.135436769
   21.986963471    0.031805536    0.135761539
   22.027907537    0.066358058    0.136032908
   22.068851603    0.106386673    0.136251185
   22.109795669    0.151285367    0.136416613
   22.150739735    0.200638553    0.136529852
   22.191683801    0.254912707    0.136592279
   22.232627867    0.315691984    0.136605863
   22.273571933    0.385102330    0.136572579
   22.314515999    0.464459007    0.136493644
   22.355460065    0.552627712    0.136368947
   22.396404131    0.644868446    0.136197002
   22.437348197    0.732858451    0.135975480
   22.478292263    0.806157716    0.135702096
   22.519236329    0.854764920    0.135375453
   22.560180395    0.871897044    0.134995526
   22.601124462    0.855963476    0.134563647
   22.642068528    0.810986472    0.134082150
   22.683012594    0.745326314    0.133553930
   22.723956660    0.669229427    0.132982148
   22.764900726    0.592137799    0.132370159
   22.805844792    0.520704656    0.131721554
   22.846788858    0.458078862    0.131040218
   22.887732924    0.404449816    0.130330340
   22.928676990    0.358355913    0.129596504
   22.969621056    0.318058501    0.128844000
   23.010565122    0.282418745    0.128079364
   23.051509188    0.251072173    0.127310982
   23.092453254    0.224070868    0.126549334
   23.133397320    0.201374511    0.125806522
   23.174341386    0.182545971    0.125094980
   23.215285452    0.166802999    0.124425642
   23.256229518    0.153334757    0.123806219
   23.297173584    0.141647488    0.123240210
   23.338117650    0.131719690    0.122727035
   23.379061717    0.123888405    0.122263159
   23.420005783    0.118555417    0.121843726
   23.460949849    0.115896153    0.121464069
   23.501893915    0.115730971    0.121120762
   23.542837981    0.117607162    0.120812162
   23.583782047    0.121015537    0.120538703
   23.624726113    0.125600619    0.120303079
   23.665670179    0.131246987    0.120110165
   23.706614245    0.138010452    0.119966234
   23.747558311    0.145953453    0.119877073
   23.788502377    0.154987317    0.119845119
   23.829446443    0.164803263    0.119866526
   23.870390509    0.174912748    0.119929564
   23.911334575    0.184759188    0.120015705
   23.952278641    0.193840507    0.120103732
   23.993222707    0.201799820    0.120175842
   24.034166773    0.208476823    0.120223470
   24.075110839    0.213934706    0.120250320
   24.116054905    0.218471486    0.120271016
   24.156998972    0.222600500    0.120305684
   24.197943038    0.226969077    0.120372628
   24.238887104    0.232199177    0.120482261
   24.279831170    0.238678392    0.120634908
   24.320775236    0.246378122    0.120823298
   24.361719302    0.254792025    0.121038352
   24.402663368    0.263050871    0.121275322
   24.443607434    0.270189924    0.121537290
   24.484551500    0.275461991    0.121834418
   24.525495566    0.278551552    0.122179506
   24.566439632    0.279580939    0.122582132
   24.607383698    0.278897297    0.123044208
   24.648327764    0.276741590    0.123558889
   24.689271830    0.272968917    0.124113015
   24.730215896    0.266973749    0.124691641
   24.771159962    0.257878004    0.125282476
   24.812104028    0.244910173    0.125878486
   24.853048094    0.227804962    0.126478097
   24.893992161    0.207035362    0.127083622
   24.934936227    0.183762019    0.127699080
   24.975880293    0.159512414    0.128328358
   25.016824359    0.135722406    0.128973977
   25.057768425    0.113328622    0.129636216
   25.098712491    0.092568797    0.130312264
   25.139656557    0.073048446    0.130995516
   25.180600623    0.054016449    0.131675537
   25.221544689    0.034713740    0.132339257
   25.262488755    0.014649580    0.132973372
   25.303432821   -0.006285081    0.133567141
   25.344376887   -0.027872069    0.134114242
   25.385320953   -0.049721017    0.134612653
   25.426265019   -0.071430217    0.135062517
   25.467209085   -0.092681037    0.135463164
   25.508153151   -0.113245900    0.135811049
   25.549097217   -0.132940324    0.136099922
   25.590041283   -0.151572525    0.136323178
   25.630985349   -0.168932284    0.136476890
   25.671929416   -0.184826419    0.136561396
   25.712873482   -0.199134128    0.136580061
   25.753817548   -0.211841540    0.136535608
   25.794761614   -0.223027603    0.136426126
   25.835705680   -0.232803665    0.136243409
   25.876649746   -0.241238230    0.135975082
   25.917593812   -0.248309238    0.135609597
   25.958537878   -0.253912561    0.135140997
   25.999481944   -0.257924950    0.134569925
   26.040426010   -0.260289217    0.133899292
   26.081370076   -0.261075992    0.133126525
   26.122314142   -0.260487424    0.132237500
   26.163258208   -0.258798012    0.131208020
   26.204202274   -0.256260543    0.130015942
   26.245146340   -0.253023224    0.128661713
   26.286090406   -0.249097898    0.127189555
   26.327034472   -0.244391999    0.125698871
   26.367978538   -0.238783355    0.124337535
   26.408922604   -0.232195214    0.123275284
   26.449866671   -0.224630769    0.122663798
   26.490810737   -0.216150726    0.122596493
   26.531754803   -0.206810652    0.123082394
   26.572698869   -0.196598247    0.124043738
   26.613642935   -0.185410998    0.125338185
   26.654587001   -0.173091525    0.126797299
   26.695531067   -0.159504037    0.128267422
   26.736475133   -0.144610036    0.129639353
   26.777419199   -0.128499378    0.130858922
   26.818363265   -0.111355857    0.131918813
   26.859307331   -0.093372411    0.132838942
   26.900251397   -0.074660029    0.133645667
   26.941195463   -0.055200400    0.134358135
   26.982139529   -0.034871718    0.134985004
   27.023083595   -0.013540676    0.135529231
   27.064027661    0.008819282    0.135995437
   27.104971727    0.032036338    0.136394467
   27.145915793    0.055715860    0.136742666
   27.186859859    0.079294046    0.137056942
   27.227803926    0.102149410    0.137349015
   27.268747992    0.123733395    0.137622287
   27.309692058    0.143680627    0.137872863
   27.350636124    0.161871441    0.138093747
   27.391580190    0.178434618    0.138279654
   27.432524256    0.193690058    0.138429880
   27.473468322    0.208039427    0.138548161
   27.514412388    0.221822737    0.138640226
   27.555356454    0.235173457    0.138710916
   27.596300520    0.247919591    0.138762668
   27.637244586    0.259581274    0.138796039
   27.678188652    0.269494618    0.138811687
   27.719132718    0.277045680    0.138812432
   27.760076784    0.281942545    0.138804182
   27.801020850    0.284415906    0.138795293
   27.841964916    0.285245530    0.138794820
   27.882908982    0.285569782    0.138810538
   27.923853048    0.286527964    0.138847461
   27.964797115    0.288868718    0.138907092
   28.005741181    0.292687742    0.138987236
   28.046685247    0.297412695    0.139082198
   28.087629313    0.302047461    0.139183441
   28.128573379    0.305570274    0.139281025
   28.169517445    0.307308719    0.139366034
   28.210461511    0.307126994    0.139433580
   28.251405577    0.305352961    0.139485372
   28.292349643    0.302499015    0.139530514
   28.333293709    0.298927831    0.139583693
   28.374237775    0.294632967    0.139661071
   28.415181841    0.289237558    0.139775432
   28.456125907    0.282198969    0.139932804
   28.497069973    0.273104531    0.140132318
   28.538014039    0.261905317    0.140369614
   28.578958105    0.248976676    0.140642270
   28.619902171    0.234988196    0.140954552
   28.660846237    0.220658894    0.141318838
   28.701790303    0.206517916    0.141752539
   28.742734370    0.192770043    0.142271491
   28.783678436    0.179299434    0.142882591
   28.824622502    0.165776464    0.143579012
   28.865566568    0.151798500    0.144340288
   28.906510634    0.137006940    0.145137444
   28.947454700    0.121161289    0.145941135
   28.988398766    0.104184275    0.146729548
   29.029342832    0.086197185    0.147493015
   29.070286898    0.067543488    0.148233928
   29.111230964    0.048774611    0.148962540
   29.152175030    0.030570961    0.149690866
   29.193119096    0.013602352    0.150427330
   29.234063162   -0.001622925    0.151174013
   29.275007228   -0.014845755    0.151926918
   29.315951294   -0.026025669    0.152678305
   29.356895360   -0.035199004    0.153419496
   29.397839426   -0.042302012    0.154142793
   29.438783492   -0.047066121    0.154842015
   29.479727558   -0.049057776    0.155512037
   29.520671625   -0.047848040    0.156148159
   29.561615691   -0.043208229    0.156745999
   29.602559757   -0.035196517    0.157302036
   29.643503823   -0.024055935    0.157814395
   29.684447889   -0.009961721    0.158283231
   29.725391955    0.007234325    0.158710332
   29.766336021    0.028088166    0.159098036
   29.807280087    0.053390178    0.159448025
   29.848224153    0.083810687    0.159760654
   29.889168219    0.119582733    0.160035170
   29.930112285    0.160461356    0.160270700
   29.971056351    0.206059506    0.160467434
   30.012000417    0.256417403    0.160627349
   30.052944483    0.312448007    0.160754082
   30.093888549    0.375857996    0.160852009
   30.134832615    0.448337471    0.160925016
   30.175776681    0.530181468    0.160975562
   30.216720747    0.618879045    0.161004408
   30.257664814    0.708376666    0.161011024
   30.298608880    0.789564793    0.160994312
   30.339552946    0.852078652    0.160953195
   30.380497012    0.886932840    0.160886771
   30.421441078    0.889088254    0.160794051
   30.462385144    0.858991032    0.160673592
   30.503329210    0.802478290    0.160523352
   30.544273276    0.729071643    0.160340992
   30.585217342    0.649302861    0.160124498
   30.626161408    0.572061011    0.159872848
   30.667105474    0.502872165    0.159586361
   30.708049540    0.443573745    0.159266567
   30.748993606    0.393245665    0.158915687
   30.789937672    0.349785469    0.158536009
   30.830881738    0.311362474    0.158129465
   30.871825804    0.277187670    0.157697598
   30.912769870    0.247454675    0.157241908
   30.953713936    0.222718187    0.156764424
   30.994658002    0.203187012    0.156268358
   31.035602069    0.188348103    0.155758682
   31.076546135    0.177079356    0.155242576
   31.117490201    0.168114696    0.154729587
   31.158434267    0.160553245    0.154231286
   31.199378333    0.154126502    0.153760189
   31.240322399    0.149112433    0.153327873
   31.281266465    0.145995315    0.152942633
   31.322210531    0.145094746    0.152607435
   31.363154597    0.146369077    0.152319138
   31.404098663    0.149467932    0.152069719
   31.445042729    0.153954638    0.151849485
   31.485986795    0.159533656    0.151651291
   31.526930861    0.166140571    0.151474063
   31.567874927    0.173855585    0.151323910
   31.608818993    0.182714230    0.151211918
   31.649763059    0.192543134    0.151149179
   31.690707125    0.202919338    0.151140973
   31.731651191    0.213267351    0.151182677
   31.772595257    0.223027377    0.151259435
   31.813539324    0.231799923    0.151350102
   31.854483390    0.239406253    0.151434037
   31.895427456    0.245869210    0.151497996
   31.936371522    0.251366123    0.151540230
   31.977315588    0.256203323    0.151570109
   32.018259654    0.260816451    0.151603621
   32.059203720    0.265750941    0.151656871
   32.100147786    0.271565855    0.151740525
   32.141091852    0.278648138    0.151857480
   32.182035918    0.286999037    0.152004381
   32.222979984    0.296108715    0.152175744
   32.263924050    0.305023621    0.152368309
   32.304868116    0.312626378    0.152583394
   32.345812182    0.318029898    0.152826262
   32.386756248    0.320903746    0.153103094
   32.427700314    0.321557532    0.153417364
   32.468644380    0.320712230    0.153767506
   32.509588446    0.319047516    0.154146970
   32.550532512    0.316739490    0.154546425
   32.591476579    0.313226788    0.154956924
   32.632420645    0.307344011    0.155372520
   32.673364711    0.297784682    0.155791389
   32.714308777    0.283690133    0.156215372
   32.755252843    0.265091286    0.156648550
   32.796196909    0.242994199    0.157095636
   32.837140975    0.219066015    0.157560666
   32.878085041    0.195062548    0.158046017
   32.919029107    0.172251069    0.158551550
   32.959973173    0.151070146    0.159073819
   33.000917239    0.131144964    0.159605670
   33.041861305    0.111608535    0.160136678
   33.082805371    0.091551134    0.160654705
   33.123749437    0.070389838    0.161148221
   33.164693503    0.048020663    0.161608459
   33.205637569    0.024740222    0.162030357
   33.246581635    0.001032966    0.162411731
   33.287525701   -0.022638398    0.162751133
   33.328469768   -0.045938072    0.163045618
   33.369413834   -0.068638546    0.163289820
   33.410357900   -0.090534271    0.163476983
   33.451301966   -0.111371554    0.163601339
   33.492246032   -0.130850739    0.163660271
   33.533190098   -0.148697942    0.163654635
   33.574134164   -0.164753935    0.163586690
   33.615078230   -0.179017102    0.163456643
   33.656022296   -0.191608828    0.163259937
   33.696966362   -0.202680201    0.162987231
   33.737910428   -0.212315698    0.162627494
   33.778854494   -0.220490153    0.162172495
   33.819798560   -0.227101502    0.161619650
   33.860742626   -0.232055743    0.160970691
   33.901686692   -0.235351114    0.160226047
   33.942630758   -0.237112270    0.159378062
   33.983574824   -0.237558077    0.158408244
   34.024518890   -0.236926529    0.157293161
   34.065462956   -0.235402729    0.156019941
   34.106407023   -0.233088422    0.154607017
   34.147351089   -0.230021311    0.153121458
   34.188295155   -0.226220016    0.151683293
   34.229239221   -0.221716981    0.150450962
   34.270183287   -0.216554426    0.149589223
   34.311127353   -0.210747607    0.149228487
   34.352071419   -0.204244907    0.149429259
   34.393015485   -0.196918270    0.150164557
   34.433959551   -0.188597567    0.151326982
   34.474903617   -0.179132086    0.152758038
   34.515847683   -0.168442203    0.154289082
   34.556791749   -0.156528755    0.155779640
   34.597735815   -0.143434583    0.157140914
   34.638679881   -0.129184795    0.158339166
   34.679623947   -0.113747788    0.159381847
   34.720568013   -0.097046405    0.160295398
   34.761512079   -0.079014774    0.161105112
   34.802456145   -0.059663333    0.161824354
   34.843400211   -0.039105469    0.162454739
   34.884344278   -0.017522805    0.162993597
   34.925288344    0.004910425    0.163442543
   34.966232410    0.028088481    0.163811917
   35.007176476    0.051964600    0.164119223
   35.048120542    0.076454907    0.164383319
   35.089064608    0.101300259    0.164618173
   35.130008674    0.125974302    0.164829591
   35.170952740    0.149720663    0.165016192
   35.211896806    0.171741682    0.165173397
   35.252840872    0.191473029    0.165297797
   35.293784938    0.208812188    0.165389560
   35.334729004    0.224167620    0.165452059
   35.375673070    0.238270685    0.165489674
   35.416617136    0.251812052    0.165505591
   35.457561202    0.265067094    0.165501119
   35.498505268    0.277701340    0.165476817
   35.539449334    0.288874733    0.165434546
   35.580393400    0.297621191    0.165379016
   35.621337467    0.303337712    0.165317859
   35.662281533    0.306149708    0.165260169
   35.703225599    0.306966343    0.165214359
   35.744169665    0.307182906    0.165186351
   35.785113731    0.308156941    0.165178732
   35.826057797    0.310695343    0.165190794
   35.867001863    0.314784164    0.165218942
   35.907945929    0.319673755    0.165257077
   35.948889995    0.324260149    0.165297057
   35.989834061    0.327566609    0.165329753
   36.030778127    0.329095025    0.165347152
   36.071722193    0.328898452    0.165345271
   36.112666259    0.327376356    0.165326804
   36.153610325    0.324932301    0.165301997
   36.194554391    0.321689443    0.165286685
   36.235498457    0.317409329    0.165297712
   36.276442523    0.311638030    0.165347433
   36.317386589    0.303980508    0.165439809
   36.358330655    0.294344704    0.165570211
   36.399274722    0.283027298    0.165729414
   36.440218788    0.270608453    0.165910160
   36.481162854    0.257725120    0.166113206
   36.522106920    0.244845406    0.166349740
   36.563050986    0.232147201    0.166638595
   36.603995052    0.219533200    0.166999134
   36.644939118    0.206739231    0.167442830
   36.685883184    0.193457600    0.167967285
   36.726827250    0.179416063    0.168555448
   36.767771316    0.164404695    0.169180452
   36.808715382    0.148286742    0.169814032
   36.849659448    0.131034673    0.170434981
   36.890603514    0.112797610    0.171034300
   36.931547580    0.093960145    0.171615357
   36.972491646    0.075133158    0.172189614
   37.013435712    0.057045086    0.172770260
   37.054379778    0.040363546    0.173366587
   37.095323844    0.025532180    0.173981138
   37.136267910    0.012714972    0.174610050
   37.177211977    0.001887322    0.175245565
   37.218156043   -0.006973196    0.175878984
   37.259100109   -0.013709805    0.176502632
   37.300044175   -0.017936833    0.177110347
   37.340988241   -0.019157214    0.177696919
   37.381932307   -0.016979777    0.178257413
   37.422876373   -0.011294993    0.178787070
   37.463820439   -0.002279926    0.179281898
   37.504764505    0.009796788    0.179739490
   37.545708571    0.024866665    0.180159430
   37.586652637    0.043265657    0.180542916
   37.627596703    0.065698707    0.180891757
   37.668540769    0.092952402    0.181207299
   37.709484835    0.125515718    0.181489886
   37.750428901    0.163363805    0.181739121
   37.791372967    0.206099896    0.181954709
   37.832317033    0.253443787    0.182137350
   37.873261099    0.305804149    0.182289155
   37.914205165    0.364525360    0.182413382
   37.955149232    0.431470952    0.182513681
   37.996093298    0.507900549    0.182593311
   38.037037364    0.592992691    0.182654692
   38.077981430    0.682662580    0.182699414
   38.118925496    0.769344504    0.182728486
   38.159869562    0.843097888    0.182742512
   38.200813628    0.893861952    0.182741595
   38.241757694    0.914159749    0.182725038
   38.282701760    0.901286741    0.182691147
   38.323645826    0.858154071    0.182637393
   38.364589892    0.792451921    0.182560994
   38.405533958    0.714443687    0.182459647
   38.446478024    0.634214735    0.182332023
   38.487422090    0.559359063    0.182177728
   38.528366156    0.493836996    0.181996782
   38.569310222    0.438208234    0.181788996
   38.610254288    0.390886658    0.181553709
   38.651198354    0.349721377    0.181290133
   38.692142421    0.313208506    0.180998123
   38.733086487    0.280937072    0.180678873
   38.774030553    0.253293982    0.180335012
   38.814974619    0.230785004    0.179969964
   38.855918685    0.213429919    0.179586986
   38.896862751    0.200549943    0.179188623
   38.937806817    0.190994061    0.178777225
   38.978750883    0.183606905    0.178356510
   39.019694949    0.177645173    0.177933393
   39.060639015    0.172927484    0.177518839
   39.101583081    0.169683963    0.177126715
   39.142527147    0.168241451    0.176770583
   39.183471213    0.168746571    0.176459586
   39.224415279    0.171070728    0.176195361
   39.265359345    0.174910336    0.175971780
   39.306303411    0.179977940    0.175778098
   39.347247477    0.186142001    0.175604426
   39.388191543    0.193426400    0.175447050
   39.429135609    0.201881285    0.175310927
   39.470079676    0.211418256    0.175207825
   39.511023742    0.221717761    0.175150639
   39.551967808    0.232263779    0.175146382
   39.592911874    0.242480437    0.175191189
   39.633855940    0.251890202    0.175269894
   39.674800006    0.260214691    0.175360644
   39.715744072    0.267388775    0.175442634
   39.756688138    0.273517485    0.175503534
   39.797632204    0.278831653    0.175543336
   39.838576270    0.283676078    0.175573078
   39.879520336    0.288513217    0.175609325
   39.920464402    0.293887213    0.175667220
   39.961408468    0.300301593    0.175755345
   40.002352534    0.308020913    0.175874499
   40.043296600    0.316877818    0.176020395
   40.084240666    0.326202143    0.176188310
   40.125184732    0.334954312    0.176377006
   40.166128798    0.342048677    0.176589868
   40.207072864    0.346742268    0.176832909
   40.248016931    0.348905041    0.177111007
   40.288960997    0.349021576    0.177424548
   40.329905063    0.347894611    0.177768282
   40.370849129    0.346171062    0.178132859
   40.411793195    0.343912958    0.178508129
   40.452737261    0.340431147    0.178886492
   40.493681327    0.334484109    0.179264828
   40.534625393    0.324771390    0.179644464
   40.575569459    0.310506320    0.180029680
   40.616513525    0.291808790    0.180425772
   40.657457591    0.269738515    0.180837558
   40.698401657    0.245953245    0.181268526
   40.739345723    0.222144243    0.181720327
   40.780289789    0.199492989    0.182192156
   40.821233855    0.178368703    0.182679979
   40.862177921    0.158364516    0.183176073
   40.903121987    0.138615467    0.183669511
   40.944066053    0.118229019    0.184147896
   40.985010120    0.096636458    0.184599834
   41.025954186    0.073740625    0.185017054
   41.066898252    0.049848046    0.185395061
   41.107842318    0.025471106    0.185731903
   41.148786384    0.001123803    0.186025762
   41.189730450   -0.022795122    0.186272829
   41.230674516   -0.046007734    0.186466813
   41.271618582   -0.068293012    0.186600470
   41.312562648   -0.089422856    0.186668195
   41.353506714   -0.109148581    0.186667892
   41.394450780   -0.127242941    0.186600655
   41.435394846   -0.143562011    0.186468094
   41.476338912   -0.158079682    0.186268808
   41.517282978   -0.170868353    0.185996281
   41.558227044   -0.182036105    0.185639866
   41.599171110   -0.191658353    0.185188613
   41.640115176   -0.199744040    0.184635607
   41.681059242   -0.206253404    0.183979664
   41.722003308   -0.211152335    0.183222400
   41.762947375   -0.214467727    0.182361686
   41.803891441   -0.216310857    0.181385584
   41.844835507   -0.216858009    0.180272277
   41.885779573   -0.216303974    0.178999735
   41.926723639   -0.214817679    0.177564332
   41.967667705   -0.212522747    0.176002199
   42.008611771   -0.209505325    0.174403545
   42.049555837   -0.205832106    0.172910877
   42.090499903   -0.201556408    0.171697252
   42.131443969   -0.196702498    0.170928674
   42.172388035   -0.191238575    0.170721977
   42.213332101   -0.185061933    0.171112659
   42.254276167   -0.178015435    0.172044410
   42.295220233   -0.169934341    0.173384336
   42.336164299   -0.160700024    0.174958449
   42.377108365   -0.150268347    0.176594767
   42.418052431   -0.138653426    0.178159423
   42.458996497   -0.125875516    0.179575118
   42.499940563   -0.111907244    0.180818996
   42.540884630   -0.096657261    0.181905067
   42.581828696   -0.080008936    0.182861165
   42.622772762   -0.061895343    0.183710464
   42.663716828   -0.042363717    0.184463408
   42.704660894   -0.021583092    0.185120079
   42.745604960    0.000218272    0.185678333
   42.786549026    0.022851359    0.186141563
   42.827493092    0.046234076    0.186521670
   42.868437158    0.070368967    0.186836418
   42.909381224    0.095221334    0.187103547
   42.950325290    0.120554762    0.187335403
   42.991269356    0.145824772    0.187536846
   43.032213422    0.170219890    0.187706955
   43.073157488    0.192869989    0.187842896
   43.114101554    0.213146252    0.187943431
   43.155045620    0.230908588    0.188010290
   43.195989686    0.246559100    0.188047216
   43.236933752    0.260843531    0.188057913
   43.277877819    0.274470234    0.188044600
   43.318821885    0.287722398    0.188008190
   43.359765951    0.300263080    0.187949890
   43.400710017    0.311252273    0.187873112
   43.441654083    0.319744481    0.187784389
   43.482598149    0.325188449    0.187692715
   43.523542215    0.327785857    0.187607647
   43.564486281    0.328521866    0.187537153
   43.605430347    0.328834367    0.187486145
   43.646374413    0.330065094    0.187456033
   43.687318479    0.332944440    0.187445009
   43.728262545    0.337346221    0.187448495
   43.769206611    0.342415868    0.187459511
   43.810150677    0.346993703    0.187469235
   43.851094743    0.350117165    0.187468345
   43.892038809    0.351361240    0.187449446
   43.932982875    0.350873477    0.187410112
   43.973926941    0.349123695    0.187355246
   44.014871007    0.346530878    0.187297275
   44.055815074    0.343177856    0.187253394
   44.096759140    0.338758881    0.187240439
   44.137703206    0.332768409    0.187269418
   44.178647272    0.324809083    0.187342211
   44.219591338    0.314842569    0.187452282
   44.260535404    0.303251630    0.187589428
   44.301479470    0.290693187    0.187746582
   44.342423536    0.277833438    0.187925507
   44.383367602    0.265106673    0.188138471
   44.424311668    0.252607956    0.188404779
   44.465255734    0.240143725    0.188743379
   44.506199800    0.227379202    0.189164687
   44.547143866    0.213986229    0.189665207
   44.588087932    0.199723122    0.190227338
   44.629031998    0.184442118    0.190824483
   44.669976064    0.168072849    0.191429304
   44.710920130    0.150636549    0.192021735
   44.751864196    0.132305003    0.192593691
   44.792808262    0.113463518    0.193149035
   44.833752329    0.094711986    0.193699416
   44.874696395    0.076765292    0.194258191
   44.915640461    0.060279519    0.194835010
   44.956584527    0.045689764    0.195432936
   44.997528593    0.033154706    0.196048531
   45.038472659    0.022648612    0.196674062
   45.079416725    0.014152379    0.197300314
   45.120360791    0.007827849    0.197918714
   45.161304857    0.004061562    0.198522196
   45.202248923    0.003341616    0.199105039
   45.243192989    0.006040584    0.199662357
   45.284137055    0.012248816    0.200189828
   45.325081121    0.021784023    0.200683897
   45.366025187    0.034396892    0.201142202
   45.406969253    0.050059392    0.201563823
   45.447913319    0.069148862    0.201949103
   45.488857385    0.092384760    0.202299056
   45.529801451    0.120524150    0.202614702
   45.570745517    0.153992667    0.202896670
   45.611689584    0.192708212    0.203145267
   45.652633650    0.236273825    0.203360907
   45.693577716    0.284494319    0.203544617
   45.734521782    0.337922868    0.203698315
   45.775465848    0.398021126    0.203824730
   45.816409914    0.466624019    0.203927050
   45.857353980    0.544724423    0.204008487
   45.898298046    0.630991986    0.204071941
   45.939242112    0.720706736    0.204119799
   45.980186178    0.805754630    0.204153794
   46.021130244    0.875967899    0.204174833
   46.062074310    0.921534689    0.204182799
   46.103018376    0.935699388    0.204176459
   46.143962442    0.916771157    0.204153627
   46.184906508    0.868669128    0.204111644
   46.225850574    0.799782324    0.204048027
   46.266794640    0.720573594    0.203960993
   46.307738706    0.640822609    0.203849582
   46.348682773    0.567483531    0.203713312
   46.389626839    0.503809072    0.203551597
   46.430570905    0.449829600    0.203363325
   46.471514971    0.403737730    0.203146965
   46.512459037    0.363448294    0.202901221
   46.553403103    0.327674795    0.202625905
   46.594347169    0.296208574    0.202322476
   46.635291235    0.269509778    0.201993826
   46.676235301    0.248011722    0.201643357
   46.717179367    0.231585313    0.201273916
   46.758123433    0.219427940    0.200887367
   46.799067499    0.210361507    0.200485362
   46.840011565    0.203306215    0.200071153
   46.880955631    0.197642952    0.199651550
   46.921899697    0.193288231    0.199237720
   46.962843763    0.190493921    0.198843899
   47.003787829    0.189533545    0.198484039
   47.044731895    0.190470448    0.198167641
   47.085675961    0.193119856    0.197896722
   47.126620028    0.197182380    0.197665639
   47.167564094    0.202426755    0.197464291
   47.208508160    0.208788608    0.197283519
   47.249452226    0.216324317    0.197120261
   47.290396292    0.225060126    0.196979839
   47.331340358    0.234841232    0.196873962
   47.372284424    0.245278019    0.196815033
   47.413228490    0.255819697    0.196809269
   47.454172556    0.265907436    0.196851946
   47.495116622    0.275119773    0.196927214
   47.536060688    0.283242871    0.197012907
   47.577004754    0.290257108    0.197088350
   47.617948820    0.296285332    0.197141741
   47.658892886    0.301559734    0.197173846
   47.699836952    0.306428012    0.197196512
   47.740781018    0.311364870    0.197226948
   47.781725084    0.316925472    0.197280620
   47.822669150    0.323601118    0.197366086
   47.863613216    0.331605095    0.197483865
   47.904557283    0.340686324    0.197629308
   47.945501349    0.350089980    0.197797465
   47.986445415    0.358732677    0.197987119
   48.027389481    0.365553704    0.198201908
   48.068333547    0.369898869    0.198448168
   48.109277613    0.371751902    0.198730927
   48.150221679    0.371682265    0.199050366
   48.191165745    0.370508692    0.199400639
   48.232109811    0.368821418    0.199771588
   48.273053877    0.366587923    0.200152345
   48.313997943    0.363040611    0.200534986
   48.354942009    0.356918505    0.200916617
   48.395886075    0.346968845    0.201299256
   48.436830141    0.332489854    0.201688059
   48.477774207    0.313673886    0.202089032
   48.518718273    0.291600532    0.202507256
   48.559662339    0.267886691    0.202945979
   48.600606405    0.244148957    0.203406250
   48.641550472    0.221504676    0.203886565
   48.682494538    0.200304205    0.204382345
   48.723438604    0.180172286    0.204885582
   48.764382670    0.160300458    0.205385272
   48.805326736    0.139838773    0.205868982
   48.846270802    0.118219989    0.206325156
   48.887214868    0.095308361    0.206745172
   48.928158934    0.071359438    0.207124046
   48.969103000    0.046858104    0.207459349
   49.010047066    0.022335153    0.207748958
   49.050991132   -0.001757317    0.207988983
   49.091935198   -0.025082963    0.208173238
   49.132879264   -0.047392841    0.208294620
   49.173823330   -0.068478608    0.208347536
   49.214767396   -0.088146989    0.208329662
   49.255711462   -0.106227889    0.208241610
   49.296655528   -0.122601481    0.208084386
   49.337599594   -0.137218500    0.207856036
   49.378543660   -0.150096039    0.207549723
   49.419487727   -0.161289637    0.207154786
   49.460431793   -0.170857977    0.206660459
   49.501375859   -0.178839859    0.206059953
   49.542319925   -0.185253963    0.205351800
   49.583263991   -0.190117739    0.204536700
   49.624208057   -0.193471860    0.203611056
   49.665152123   -0.195396288    0.202561448
   49.706096189   -0.196011458    0.201365518
   49.747040255   -0.195467209    0.200002735
   49.787984321   -0.193926628    0.198473835
   49.828928387   -0.191550176    0.196822228
   49.869872453   -0.188480419    0.195147367
   49.910816519   -0.184824818    0.193601074
   49.951760585   -0.180636408    0.192363481
   49.992704651   -0.175898226    0.191603444
   50.033648717   -0.170521696    0.191435506
   50.074592783   -0.164366573    0.191888293
   50.115536849   -0.157279978    0.192895892
   50.156480915   -0.149139674    0.194315614
   50.197424982   -0.139880524    0.195965779
   50.238369048   -0.129488963    0.197670107
   50.279313114   -0.117967261    0.199293795
   50.320257180   -0.105288298    0.200760836
   50.361201246   -0.091370623    0.202050314
   50.402145312   -0.076094914    0.203177544
   50.443089378   -0.059359172    0.204170525
   50.484033444   -0.041143922    0.205051763
   50.524977510   -0.021546935    0.205830986
   50.565921576   -0.000759795    0.206508205
   50.606865642    0.021007869    0.207082079
   50.647809708    0.043614246    0.207557355
   50.688753774    0.067022775    0.207947208
   50.729697840    0.091250983    0.208270049
   50.770641906    0.116238994    0.208543504
   50.811585972    0.141700486    0.208779325
   50.852530038    0.167046920    0.208981831
   50.893474104    0.191455148    0.209150033
   50.934418170    0.214081741    0.209281583
   50.975362237    0.234344875    0.209376019
   51.016306303    0.252141027    0.209435703
   51.057250369    0.267874360    0.209464562
   51.098194435    0.282255726    0.209466036
   51.139138501    0.295942328    0.209441933
   51.180082567    0.309181021    0.209393000
   51.221026633    0.321635770    0.209320781
   51.261970699    0.332505014    0.209229477
   51.302914765    0.340897615    0.209126566
   51.343858831    0.346302571    0.209021761
   51.384802897    0.348927433    0.208924863
   51.425746963    0.349729871    0.208843623
   51.466691029    0.350107260    0.208782486
   51.507635095    0.351373697    0.208742401
   51.548579161    0.354259746    0.208721248
   51.589523227    0.358662397    0.208714260
   51.630467293    0.363753048    0.208714257
   51.671411359    0.368379409    0.208712132
   51.712355426    0.371559945    0.208698262
   51.753299492    0.372835631    0.208665148
   51.794243558    0.372328113    0.208610657
   51.835187624    0.370508981    0.208540437
   51.876131690    0.367829149    0.208467902
   51.917075756    0.364416269    0.208411099
   51.958019822    0.359995442    0.208387232
   51.998963888    0.354058259    0.208407054
   52.039907954    0.346170987    0.208471746
   52.080852020    0.336246074    0.208574033
   52.121796086    0.324633151    0.208703332
   52.162740152    0.311991669    0.208852745
   52.203684218    0.299024256    0.209024609
   52.244628284    0.286213508    0.209231822
   52.285572350    0.273685978    0.209494006
   52.326516416    0.261245025    0.209829966
   52.367460482    0.248522100    0.210249641
   52.408404548    0.235147268    0.210749058
   52.449348614    0.220856027    0.211310428
   52.490292681    0.205510979    0.211907345
   52.531236747    0.189077957    0.212512852
   52.572180813    0.171616218    0.213107130
   52.613124879    0.153312143    0.213681963
   52.654068945    0.134531933    0.214240704
   52.695013011    0.115834036    0.214794392
   52.735957077    0.097895447    0.215356032
   52.776901143    0.081361919    0.215935429
   52.817845209    0.066692584    0.216536254
   52.858789275    0.054089642    0.217155796
   52.899733341    0.043563020    0.217786745
   52.940677407    0.035098847    0.218419742
   52.981621473    0.028830274    0.219045556
   53.022565539    0.025099131    0.219656290
   53.063509605    0.024360890    0.220245649
   53.104453671    0.026988137    0.220808690
   53.145397737    0.033103809    0.221341499
   53.186341803    0.042570034    0.221841056
   53.227285869    0.055165347    0.222305268
   53.268229936    0.070855011    0.222733003
   53.309174002    0.089979057    0.223124003
   53.350118068    0.113212651    0.223478640
   53.391062134    0.141289933    0.223797632
   53.432006200    0.174649901    0.224081820
   53.472950266    0.213251737    0.224332103
   53.513894332    0.256740914    0.224549506
   53.554838398    0.304937643    0.224735316
   53.595782464    0.358372340    0.224891220
   53.636726530    0.418460028    0.225019399
   53.677670596    0.486997247    0.225122534
   53.718614662    0.564977370    0.225203727
   53.759558728    0.651119007    0.225266254
   53.800502794    0.740780380    0.225313171
   53.841446860    0.825916011    0.225346780
   53.882390926    0.896379745    0.225368140
   53.923334992    0.942319512    0.225376802
   53.964279058    0.956893717    0.225370936
   54.005223125    0.938318011    0.225347878
   54.046167191    0.890450066    0.225304898
   54.087111257    0.821669820    0.225239879
   54.128055323    0.742475652    0.225151590
   54.168999389    0.662698932    0.225039433
   54.209943455    0.589330852    0.224902850
   54.250887521    0.525630990    0.224740749
   54.291831587    0.471613050    0.224551370
   54.332775653    0.425450854    0.224332753
   54.373719719    0.385058585    0.224083622
   54.414663785    0.349172526    0.223804214
   54.455607851    0.317617433    0.223496514
   54.496551917    0.290875794    0.223163699
   54.537495983    0.269376564    0.222809032
   54.578440049    0.252960936    0.222434874
   54.619384115    0.240789188    0.222042574
   54.660328181    0.231661959    0.221633560
   54.701272247    0.224507681    0.221211305
   54.742216313    0.218740154    0.220783164
   54.783160380    0.214313118    0.220360869
   54.824104446    0.211496911    0.219958943
   54.865048512    0.210553539    0.219591260
   54.905992578    0.211512535    0.219267028
   54.946936644    0.214154659    0.218988049
   54.987880710    0.218167259    0.218748781
   55.028824776    0.223335264    0.218539558
   55.069768842    0.229629465    0.218351772
   55.110712908    0.237137925    0.218182706
   55.151656974    0.245894985    0.218037621
   55.192601040    0.255725349    0.217927789
   55.233545106    0.266203517    0.217865072
   55.274489172    0.276750381    0.217855367
   55.315433238    0.286804414    0.217894027
   55.356377304    0.295968749    0.217965589
   55.397321370    0.304065610    0.218048276
   55.438265436    0.311099568    0.218121487
   55.479209502    0.317189717    0.218173045
   55.520153568    0.322537954    0.218203065
   55.561097635    0.327453293    0.218222833
   55.602041701    0.332387039    0.218249436
   55.642985767    0.337900828    0.218298773
   55.683929833    0.344518837    0.218380172
   55.724873899    0.352494376    0.218494849
   55.765817965    0.361600337    0.218638398
   55.806762031    0.371076727    0.218805548
   55.847706097    0.379810355    0.218994420
   55.888650163    0.386704777    0.219208074
   55.929594229    0.391085212    0.219452719
   55.970538295    0.392940730    0.219733798
   56.011482361    0.392866930    0.220052203
   56.052426427    0.391712900    0.220402680
   56.093370493    0.390086569    0.220775184
   56.134314559    0.387953562    0.221158417
   56.175258625    0.384530885    0.221543735
   56.216202691    0.378541595    0.221927640
   56.257146757    0.368726162    0.222311993
   56.298090824    0.354384640    0.222702269
   56.339034890    0.335709874    0.223105026
   56.379978956    0.313769736    0.223525753
   56.420923022    0.290155325    0.223967710
   56.461867088    0.266454486    0.224431570
   56.502811154    0.243771546    0.224915343
   56.543755220    0.222473730    0.225414188
   56.584699286    0.202231154    0.225920240
   56.625643352    0.182290178    0.226422950
   56.666587418    0.161837455    0.226910327
   56.707531484    0.140303560    0.227370923
   56.748475550    0.117511100    0.227795759
   56.789419616    0.093655509    0.228179197
   56.830363682    0.069174669    0.228518219
   56.871307748    0.044589793    0.228810500
   56.912251814    0.020383856    0.229052435
   56.953195880   -0.003055386    0.229238389
   56.994139946   -0.025437975    0.229361702
   57.035084012   -0.046548443    0.229416810
   57.076028079   -0.066222435    0.229400963
   57.116972145   -0.084334789    0.229314154
   57.157916211   -0.100797060    0.229156956
   57.198860277   -0.115557108    0.228927444
   57.239804343   -0.128595833    0.228619242
   57.280748409   -0.139921162    0.228222267
   57.321692475   -0.149561884    0.227726058
   57.362636541   -0.157562822    0.227123629
   57.403580607   -0.163980473    0.226412921
   57.444524673   -0.168877998    0.225594016
   57.485468739   -0.172320846    0.224663065
   57.526412805   -0.174377004    0.223606911
   57.567356871   -0.175125223    0.222403740
   57.608300937   -0.174669510    0.221033365
   57.649245003   -0.173151199    0.219496228
   57.690189069   -0.170746523    0.217834744
   57.731133135   -0.167641773    0.216147108
   57.772077201   -0.163989570    0.214584383
   57.813021267   -0.159862572    0.213327156
   57.853965334   -0.155227146    0.212546202
   57.894909400   -0.149953593    0.212359055
   57.935853466   -0.143862840    0.212797478
   57.976797532   -0.136790236    0.213797803
   58.017741598   -0.128636150    0.215217999
   58.058685664   -0.119377951    0.216875382
   58.099629730   -0.109037519    0.218591558
   58.140573796   -0.097623095    0.220229330
   58.181517862   -0.085080201    0.221710768
   58.222461928   -0.071283609    0.223013842
   58.263405994   -0.056080681    0.224153472
   58.304350060   -0.039366485    0.225157626
   58.345294126   -0.021149649    0.226048811
   58.386238192   -0.001568402    0.226836660
   58.427182258    0.019158847    0.227521085
   58.468126324    0.040826235    0.228100818
   58.509070390    0.063323923    0.228580921
   58.550014456    0.086655943    0.228975019
   58.590958522    0.110865119    0.229301886
   58.631902589    0.135888524    0.229579226
   58.672846655    0.161413921    0.229818581
   58.713790721    0.186823405    0.230023946
   58.754734787    0.211280822    0.230194162
   58.795678853    0.233952875    0.230327024
   58.836622919    0.254280464    0.230422479
   58.877566985    0.272175253    0.230483329
   58.918511051    0.288033856    0.230513693
   58.959455117    0.302538056    0.230516830
   59.000399183    0.316312480    0.230494093
   59.041343249    0.329591135    0.230445782
   59.082287315    0.342057121    0.230373290
   59.123231381    0.352951281    0.230281066
   59.164175447    0.361421885    0.230177090
   59.205119513    0.366966244    0.230071529
   59.246063579    0.369757692    0.229974327
   59.287007645    0.370691729    0.229893001
   59.327951711    0.371109741    0.229831566
   59.368895778    0.372310212    0.229790670
   59.409839844    0.375061830    0.229768248
   59.450783910    0.379336423    0.229759959
   59.491727976    0.384377947    0.229759171
   59.532672042    0.389065418    0.229757099
   59.573616108    0.392391145    0.229743983
   59.614560174    0.393828803    0.229711750
   59.655504240    0.393431080    0.229657553
   59.696448306    0.391638448    0.229586558
   59.737392372    0.388924840    0.229512187
   59.778336438    0.385478838    0.229452962
   59.819280504    0.381085788    0.229426758
   59.860224570    0.375259359    0.229444825
   59.901168636    0.367535859    0.229508433
   59.942112702    0.357763519    0.229609982
   59.983056768    0.346231698    0.229738382
   60.024000834    0.333578794    0.229886328
   60.064944900    0.320536800    0.230056045
   60.105888966    0.307649155    0.230260585
   60.146833033    0.295098016    0.230519836
   60.187777099    0.282705441    0.230852797
   60.228721165    0.270077093    0.231269487
   60.269665231    0.256792735    0.231765973
   60.310609297    0.242546844    0.232324619
   60.351553363    0.227195912    0.232919331
   60.392497429    0.210735894    0.233523511
   60.433441495    0.193269274    0.234117506
   60.474385561    0.175006882    0.234692862
   60.515329627    0.156301226    0.235252288
   60.556273693    0.137665110    0.235806008
   60.597217759    0.119726045    0.236366453
   60.638161825    0.103108405    0.236943424
   60.679105891    0.088292961    0.237541213
   60.720049957    0.075534303    0.238158089
   60.760994023    0.064893350    0.238787605
   60.801938089    0.056374118    0.239420730
   60.842882155    0.050083643    0.240047907
   60.883826221    0.046310843    0.240660495
   60.924770288    0.045466037    0.241251496
   60.965714354    0.047914149    0.241815698
   61.006658420    0.053813469    0.242349474
   61.047602486    0.063081760    0.242850409
   61.088546552    0.075536876    0.243316899
   61.129490618    0.091140378    0.243747838
   61.170434684    0.110186713    0.244142475
   61.211378750    0.133292654    0.244500448
   61.252322816    0.161159653    0.244821928
   61.293266882    0.194242066    0.245107724
   61.334210948    0.232552569    0.245359209
   61.375155014    0.275790898    0.245578080
   61.416099080    0.323791526    0.245766053
   61.457043146    0.377043835    0.245924721
   61.497987212    0.436891816    0.246055693
   61.538931278    0.505086813    0.246160962
   61.579875344    0.582657631    0.246243250
   61.620819410    0.668457005    0.246306026
   61.661763477    0.758038842    0.246352997
   61.702707543    0.843534106    0.246387209
   61.743651609    0.914866842    0.246410121
   61.784595675    0.962099989    0.246421126
   61.825539741    0.978167999    0.246417825
   61.866483807    0.960999984    0.246396961
   61.907427873    0.914206042    0.246355594
   61.948371939    0.846037701    0.246291930
   61.989316005    0.767008950    0.246205402
   62.030260071    0.687075411    0.246096010
   62.071204137    0.613389893    0.245963343
   62.112148203    0.549342167    0.245805916
   62.153092269    0.495009476    0.245621271
   62.194036335    0.448569426    0.245406870
   62.234980401    0.407914229    0.245161328
   62.275924467    0.371767058    0.244885275
   62.316868533    0.339962730    0.244581324
   62.357812599    0.313006988    0.244253076
   62.398756665    0.291343688    0.243903719
   62.439700732    0.274806015    0.243535056
   62.480644798    0.262527123    0.243147701
   62.521588864    0.253280478    0.242742588
   62.562532930    0.245987259    0.242323187
   62.603476996    0.240079868    0.241897274
   62.644421062    0.235543504    0.241477101
   62.685365128    0.232669462    0.241077454
   62.726309194    0.231712733    0.240712046
   62.767253260    0.232668937    0.240389655
   62.808197326    0.235277974    0.240111742
   62.849141392    0.239205629    0.239872823
   62.890085458    0.244249771    0.239663721
   62.931029524    0.250422213    0.239476480
   62.971973590    0.257855474    0.239308782
   63.012917656    0.266604401    0.239165763
   63.053861722    0.276477784    0.239058115
   63.094805788    0.287008583    0.238997067
   63.135749854    0.297577838    0.238988331
   63.176693920    0.307612114    0.239027765
   63.217637987    0.316738415    0.239100921
   63.258582053    0.324822380    0.239186993
   63.299526119    0.331901140    0.239265698
   63.340470185    0.338090488    0.239324234
   63.381414251    0.343550266    0.239361399
   63.422358317    0.348531048    0.239387130
   63.463302383    0.353444056    0.239417865
   63.504246449    0.358855127    0.239469905
   63.545190515    0.365337716    0.239553796
   63.586134581    0.373213893    0.239672096
   63.627078647    0.382307649    0.239821104
   63.668022713    0.391865558    0.239995242
   63.708966779    0.400735427    0.240191552
   63.749910845    0.407760865    0.240411945
   63.790854911    0.412221072    0.240662166
   63.831798977    0.414097228    0.240948223
   63.872743043    0.414015254    0.241272322
   63.913687109    0.412870586    0.241630511
   63.954631175    0.411304369    0.242013251
   63.995575242    0.409284609    0.242408579
   64.036519308    0.406003397    0.242806280
   64.077463374    0.400151676    0.243201125
   64.118407440    0.390452039    0.243593874
   64.159351506    0.376208550    0.243989962
   64.200295572    0.357629189    0.244396801
   64.241239638    0.335787861    0.244821055
   64.282183704    0.312259038    0.245266846
   64.323127770    0.288596403    0.245735094
   64.364071836    0.265875220    0.246223582
   64.405015902    0.244464553    0.246727199
   64.445959968    0.224077634    0.247238144
   64.486904034    0.204030003    0.247746310
   64.527848100    0.183568732    0.248240209
   64.568792166    0.162141247    0.248708510
   64.609736232    0.139530306    0.249141704
   64.650680298    0.115853143    0.249533133
   64.691624364    0.091471935    0.249878755
   64.732568431    0.066874871    0.250175735
   64.773512497    0.042570418    0.250420682
   64.814456563    0.019012301    0.250608655
   64.855400629   -0.003444219    0.250733611
   64.896344695   -0.024558398    0.250790007
   64.937288761   -0.044194391    0.250774407
   64.978232827   -0.062289386    0.250685761
   65.019176893   -0.078810209    0.250523855
   65.060120959   -0.093716726    0.250286686
   65.101065025   -0.106949820    0.249968476
   65.142009091   -0.118449539    0.249559919
   65.182953157   -0.128190803    0.249050839
   65.223897223   -0.136211726    0.248433691
   65.264841289   -0.142612690    0.247705236
   65.305785355   -0.147522720    0.246864460
   65.346729421   -0.151052410    0.245907193
   65.387673487   -0.153264354    0.244820891
   65.428617553   -0.154183458    0.243584628
   65.469561619   -0.153844363    0.242178238
   65.510505686   -0.152346742    0.240600373
   65.551449752   -0.149879148    0.238889911
   65.592393818   -0.146686847    0.237141153
   65.633337884   -0.142991610    0.235503241
   65.674281950   -0.138902713    0.234159052
   65.715226016   -0.134368561    0.233286810
   65.756170082   -0.129199474    0.233015601
   65.797114148   -0.123153552    0.233389909
   65.838058214   -0.116041402    0.234356244
   65.879002280   -0.107793370    0.235777140
   65.919946346   -0.098453176    0.237467719
   65.960890412   -0.088103701    0.239241756
   66.001834478   -0.076770241    0.240951424
   66.042778544   -0.064360631    0.242508635
   66.083722610   -0.050681237    0.243884133
   66.124666676   -0.035523956    0.245089365
   66.165610742   -0.018776799    0.246151895
   66.206554808   -0.000494282    0.247095357
   66.247498874    0.019116028    0.247930590
   66.288442941    0.039787799    0.248658038
   66.329387007    0.061320245    0.249276351
   66.370331073    0.083659675    0.249790403
   66.411275139    0.106882996    0.250213974
   66.452219205    0.131077788    0.250566411
   66.493163271    0.156171167    0.250866118
   66.534107337    0.181794883    0.251125084
   66.575051403    0.207267173    0.251347333
   66.615995469    0.231722910    0.251531486
   66.656939535    0.254353911    0.251675222
   66.697883601    0.274663052    0.251778754
   66.738827667    0.292618289    0.251845521
   66.779771733    0.308627141    0.251880350
   66.820715799    0.323327048    0.251886910
   66.861659865    0.337270846    0.251866478
   66.902603931    0.350641504    0.251818929
   66.943547997    0.363128569    0.251745252
   66.984492063    0.374036154    0.251649876
   67.025436130    0.382592239    0.251541262
   67.066380196    0.388334312    0.251430351
   67.107324262    0.391401138    0.251327784
   67.148268328    0.392589901    0.251241403
   67.189212394    0.393134338    0.251175176
   67.230156460    0.394282738    0.251129605
   67.271100526    0.396848839    0.251102740
   67.312044592    0.400927638    0.251090775
   67.352988658    0.405898987    0.251087845
   67.393932724    0.410713831    0.251085713
   67.434876790    0.414330212    0.251074490
   67.475820856    0.416100471    0.251045178
   67.516764922    0.415939959    0.250993511
   67.557708988    0.414217638    0.250923383
   67.598653054    0.411445377    0.250847730
   67.639597120    0.407937212    0.250785655
   67.680541186    0.403615444    0.250756460
   67.721485252    0.398056177    0.250773058
   67.762429318    0.390738592    0.250837931
   67.803373385    0.381357656    0.250943826
   67.844317451    0.370032797    0.251079155
   67.885261517    0.357306224    0.251235677
   67.926205583    0.343937786    0.251414782
   67.967149649    0.330605893    0.251629221
   68.008093715    0.317662758    0.251899268
   68.049037781    0.305051359    0.252244901
   68.089981847    0.292400021    0.252677460
   68.130925913    0.279222579    0.253194384
   68.171869979    0.265114805    0.253779140
   68.212814045    0.249864849    0.254406139
   68.253758111    0.233461579    0.255048349
   68.294702177    0.216044859    0.255684549
   68.335646243    0.197859748    0.256303696
   68.376590309    0.179247838    0.256905442
   68.417534375    0.160660390    0.257497409
   68.458478441    0.142648340    0.258090839
   68.499422507    0.125796564    0.258696312
   68.540366573    0.110615084    0.259320678
   68.581310640    0.097443707    0.259965584
   68.622254706    0.086433201    0.260627427
   68.663198772    0.077624907    0.261298368
   68.704142838    0.071086013    0.261968015
   68.745086904    0.067014292    0.262625436
   68.786030970    0.065738548    0.263261059
   68.826975036    0.067607847    0.263867983
   68.867919102    0.072842899    0.264442303
   68.908863168    0.081460613    0.264982420
   68.949807234    0.093344902    0.265487693
   68.990751300    0.108439325    0.265957190
   69.031695366    0.126941423    0.266389160
   69.072639432    0.149354332    0.266781480
   69.113583498    0.176329059    0.267132732
   69.154527564    0.208374234    0.267443157
   69.195471630    0.245629229    0.267714843
   69.236415696    0.287899638    0.267950960
   69.277359762    0.335010231    0.268154495
   69.318303828    0.387301660    0.268327307
   69.359247895    0.445916766    0.268470122
   69.400191961    0.512522728    0.268583525
   69.441136027    0.588345060    0.268669303
   69.482080093    0.672766916    0.268731217
   69.523024159    0.762085797    0.268774522
   69.563968225    0.849119498    0.268804338
   69.604912291    0.924111716    0.268823674
   69.645856357    0.976872082    0.268832213
   69.686800423    0.999516377    0.268826615
   69.727744489    0.988824743    0.268802209
   69.768688555    0.947298589    0.268755181
   69.809632621    0.882471360    0.268684028
   69.850576687    0.804715106    0.268589487
   69.891520753    0.724375503    0.268473051
   69.932464819    0.649295108    0.268335014
   69.973408885    0.583553591    0.268173311
   70.014352951    0.527687301    0.267983920
   70.055297017    0.480024374    0.267762667
   70.096241084    0.438373774    0.267507409
   70.137185150    0.401296242    0.267219290
   70.178129216    0.368522770    0.266902277
   70.219073282    0.340568203    0.266561206
   70.260017348    0.317962445    0.266199487
   70.300961414    0.300620964    0.265817883
   70.341905480    0.287692266    0.265415286
   70.382849546    0.277891860    0.264991255
   70.423793612    0.270056118    0.264549081
   70.464737678    0.263566823    0.264097703
   70.505681744    0.258424840    0.263651238
   70.546625810    0.254986902    0.263226049
   70.587569876    0.253572832    0.262836445
   70.628513942    0.254194909    0.262490855
   70.669458008    0.256549335    0.262190151
   70.710402074    0.260228055    0.261928881
   70.751346140    0.264975732    0.261698915
   70.792290206    0.270808107    0.261493949
   70.833234272    0.277916959    0.261312997
   70.874178339    0.286433889    0.261161384
   70.915122405    0.296214228    0.261048805
   70.956066471    0.306781418    0.260985145
   70.997010537    0.317462933    0.260975704
   71.037954603    0.327627438    0.261017684
   71.078898669    0.336878339    0.261099424
   71.119842735    0.345101928    0.261202864
   71.160786801    0.352374133    0.261308543
   71.201730867    0.358823641    0.261401432
   71.242674933    0.364567240    0.261475505
   71.283618999    0.369764765    0.261535340
   71.324563065    0.374735466    0.261594116
   71.365507131    0.380010760    0.261668787
   71.406451197    0.386222106    0.261774333
   71.447395263    0.393828765    0.261919390
   71.488339329    0.402813061    0.262104956
   71.529283395    0.412527803    0.262326467
   71.570227461    0.421825415    0.262578057
   71.611171527    0.429452635    0.262856802
   71.652115594    0.434538921    0.263164843
   71.693059660    0.436933684    0.263508340
   71.734003726    0.437206651    0.263893844
   71.774947792    0.436291850    0.264323907
   71.815891858    0.434941159    0.264794190
   71.856835924    0.433257025    0.265293525
   71.897779990    0.430538701    0.265806986
   71.938724056    0.425520684    0.266320592
   71.979668122    0.416889370    0.266825586
   72.020612188    0.403834522    0.267320565
   72.061556254    0.386388599    0.267810822
   72.102500320    0.365422322    0.268305536
   72.143444386    0.342331012    0.268814164
   72.184388452    0.318575882    0.269343432
   72.225332518    0.295279184    0.269895683
   72.266276584    0.273010406    0.270468568
   72.307220650    0.251790845    0.271055586
   72.348164716    0.231250494    0.271646968
   72.389108783    0.210836314    0.272230666
   72.430052849    0.189995059    0.272793519
   72.470996915    0.168303329    0.273322614
   72.511940981    0.145552955    0.273806658
   72.552885047    0.121802367    0.274236872
   72.593829113    0.097385412    0.274606996
   72.634773179    0.072856235    0.274912367
   72.675717245    0.048863117    0.275148565
   72.716661311    0.025981935    0.275310416
   72.757605377    0.004574808    0.275391929
   72.798549443   -0.015258518    0.275387123
   72.839493509   -0.033609867    0.275291002
   72.880437575   -0.050609977    0.275099799
   72.921381641   -0.066280085    0.274810047
   72.962325707   -0.080473714    0.274416931
   73.003269773   -0.092941842    0.273913055
   73.044213839   -0.103479178    0.273288654
   73.085157905   -0.112057824    0.272533292
   73.126101971   -0.118860760    0.271637861
   73.167046038   -0.124189774    0.270595051
   73.207990104   -0.128302840    0.269397267
   73.248934170   -0.131283696    0.268032957
   73.289878236   -0.133029515    0.266484642
   73.330822302   -0.133369463    0.264732799
   73.371766368   -0.132242205    0.262768187
   73.412710434   -0.129818019    0.260611168
   73.453654500   -0.126479842    0.258331772
   73.494598566   -0.122662362    0.256061094
   73.535542632   -0.118637634    0.253985405
   73.576486698   -0.114373877    0.252319556
   73.617430764   -0.109555152    0.251264206
   73.658374830   -0.103755236    0.250958845
   73.699318896   -0.096665863    0.251445961
   73.740262962   -0.088245137    0.252658995
   73.781207028   -0.078698635    0.254438779
   73.822151094   -0.068306669    0.256572996
   73.863095160   -0.057205167    0.258845224
   73.904039226   -0.045257185    0.261077538
   73.944983293   -0.032097992    0.263154510
   73.985927359   -0.017330957    0.265024591
   74.026871425   -0.000758014    0.266683651
   74.067815491    0.017495482    0.268151080
   74.108759557    0.037040521    0.269449226
   74.149703623    0.057437244    0.270592868
   74.190647689    0.078435253    0.271589228
   74.231591755    0.100095040    0.272444096
   74.272535821    0.122709862    0.273167972
   74.313479887    0.146561959    0.273777901
   74.354423953    0.171644139    0.274294323
   74.395368019    0.197501817    0.274735450
   74.436312085    0.223288457    0.275112823
   74.477256151    0.248015018    0.275430472
   74.518200217    0.270874255    0.275687676
   74.559144283    0.291486460    0.275883226
   74.600088349    0.309958615    0.276018602
   74.641032415    0.326744160    0.276098538
   74.681976482    0.342382404    0.276129331
   74.722920548    0.357239832    0.276116549
   74.763864614    0.371356750    0.276063947
   74.804808680    0.384442546    0.275974319
   74.845752746    0.395998670    0.275851619
   74.886696812    0.405510161    0.275702854
   74.927640878    0.412641124    0.275538449
   74.968584944    0.417383923    0.275370821
   75.009529010    0.420128000    0.275211931
   75.050473076    0.421624926    0.275071091
   75.091417142    0.422839300    0.274953836
   75.132361208    0.424702445    0.274861882
   75.173305274    0.427828176    0.274793508
   75.214249340    0.432288668    0.274743737
   75.255193406    0.437553923    0.274704340
   75.296137472    0.442650641    0.274664374
   75.337081538    0.446504633    0.274612125
   75.378025604    0.448336144    0.274538617
   75.418969670    0.447933321    0.274441676
   75.459913737    0.445669908    0.274328643
   75.500857803    0.442249562    0.274215956
   75.541801869    0.438295950    0.274125055
   75.582745935    0.433992245    0.274075948
   75.623690001    0.428955534    0.274081167
   75.664634067    0.422414701    0.274142991
   75.705578133    0.413603929    0.274255375
   75.746522199    0.402171415    0.274409804
   75.787466265    0.388395805    0.274602304
   75.828410331    0.373104737    0.274838218
   75.869354397    0.357344455    0.275132404
   75.910298463    0.341971928    0.275504684
   75.951242529    0.327367004    0.275972597
   75.992186595    0.313383535    0.276544601
   76.033130661    0.299525886    0.277216468
   76.074074727    0.285228051    0.277971986
   76.115018793    0.270084772    0.278787197
   76.155962859    0.253942988    0.279636156
   76.196906925    0.236861483    0.280496101
   76.237850992    0.219020713    0.281350731
   76.278795058    0.200670496    0.282191397
   76.319739124    0.182146276    0.283016724
   76.360683190    0.163912446    0.283831310
   76.401627256    0.146558824    0.284643799
   76.442571322    0.130708081    0.285464362
   76.483515388    0.116864402    0.286301671
   76.524459454    0.105292509    0.287159919
   76.565403520    0.096013923    0.288036812
   76.606347586    0.088938785    0.288923441
   76.647291652    0.084059660    0.289806305
   76.688235718    0.081582998    0.290670786
   76.729179784    0.081905523    0.291504639
   76.770123850    0.085443439    0.292300010
   76.811067916    0.092428070    0.293053265
   76.852011982    0.102817978    0.293763038
   76.892956048    0.116410712    0.294427833
   76.933900114    0.133102154    0.295044622
   76.974844180    0.153125423    0.295609175
   77.015788247    0.177090241    0.296117731
   77.056732313    0.205761319    0.296568826
   77.097676379    0.239697649    0.296964024
   77.138620445    0.279003708    0.297307063
   77.179564511    0.323415319    0.297601983
   77.220508577    0.372742945    0.297851457
   77.261452643    0.427423376    0.298056444
   77.302396709    0.488755133    0.298217386
   77.343340775    0.558453437    0.298336142
   77.384284841    0.637475966    0.298417309
   77.425228907    0.724506196    0.298467879
   77.466172973    0.814805257    0.298495221
   77.507117039    0.900148926    0.298504420
   77.548061105    0.970193200    0.298496494
   77.589005171    1.014998357    0.298468558
   77.629949237    1.027870798    0.298415851
   77.670893303    1.007443683    0.298334464
   77.711837369    0.958154767    0.298223173
   77.752781436    0.888906998    0.298083349
   77.793725502    0.810432857    0.297917097
   77.834669568    0.732387335    0.297724875
   77.875613634    0.661238558    0.297504170
   77.916557700    0.599605571    0.297250152
   77.957501766    0.547027885    0.296957987
   77.998445832    0.501564935    0.296625429
   78.039389898    0.461379626    0.296254071
   78.080333964    0.425634927    0.295848456
   78.121278030    0.394490432    0.295413544
   78.162222096    0.368465985    0.294952119
   78.203166162    0.347700354    0.294463881
   78.244110228    0.331575124    0.293947022
   78.285054294    0.318876606    0.293401665
   78.325998360    0.308327215    0.292833338
   78.366942426    0.299125734    0.292254474
   78.407886492    0.291178701    0.291682864
   78.448830558    0.284926196    0.291137513
   78.489774624    0.280913674    0.290633734
   78.530718691    0.279389535    0.290179669
   78.571662757    0.280155273    0.289775765
   78.612606823    0.282714455    0.289417274
   78.653550889    0.286580953    0.289098504
   78.694494955    0.291528306    0.288816834
   78.735439021    0.297626372    0.288574861
   78.776383087    0.305063425    0.288379992
   78.817327153    0.313888377    0.288241927
   78.858271219    0.323845210    0.288169188
   78.899215285    0.334396742    0.288165958
   78.940159351    0.344906245    0.288230125
   78.981103417    0.354851073    0.288352915
   79.022047483    0.363940398    0.288520119
   79.062991549    0.372092034    0.288714674
   79.103935615    0.379327574    0.288920194
   79.144879681    0.385696103    0.289124764
   79.185823747    0.391300171    0.289324066
   79.226767813    0.396401728    0.289522743
   79.267711879    0.401501370    0.289733300
   79.308655946    0.407276340    0.289972597
   79.349600012    0.414345011    0.290257027
   79.390544078    0.422948978    0.290598181
   79.431488144    0.432726777    0.291000739
   79.472432210    0.442734121    0.291463439
   79.513376276    0.451744828    0.291982563
   79.554320342    0.458709804    0.292556128
   79.595264408    0.463151150    0.293186641
   79.636208474    0.465288141    0.293880948
   79.677152540    0.465825768    0.294647202
   79.718096606    0.465511949    0.295490459
   79.759040672    0.464688442    0.296409124
   79.799984738    0.463057794    0.297394036
   79.840928804    0.459769123    0.298430642
   79.881872870    0.453759703    0.299503206
   79.922816936    0.444170126    0.300599006
   79.963761002    0.430638729    0.301710651
   80.004705068    0.413371061    0.302835656
   80.045649135    0.393009548    0.303973787
   80.086593201    0.370418396    0.305123717
   80.127537267    0.346503400    0.306280628
   80.168481333    0.322117906    0.307435753
   80.209425399    0.298022540    0.308577807
   80.250369465    0.274828910    0.309695364
   80.291313531    0.252890561    0.310779028
   80.332257597    0.232179305    0.311822486
   80.373201663    0.212241285    0.312822231
   80.414145729    0.192315377    0.313776247
   80.455089795    0.171613768    0.314682242
   80.496033861    0.149659385    0.315535976
   80.536977927    0.126517205    0.316330041
   80.577921993    0.102791548    0.317053294
   80.618866059    0.079378014    0.317691034
   80.659810125    0.057092086    0.318225912
   80.700754191    0.036366899    0.318639343
   80.741698257    0.017174899    0.318912998
   80.782642323   -0.000798961    0.319029807
   80.823586390   -0.017847734    0.318974081
   80.864530456   -0.033985800    0.318730792
   80.905474522   -0.048895153    0.318284512
   80.946418588   -0.062097076    0.317618731
   80.987362654   -0.073233280    0.316715973
   81.028306720   -0.082275873    0.315558415
   81.069250786   -0.089533561    0.314128153
   81.110194852   -0.095451411    0.312406243
   81.151138918   -0.100332250    0.310370545
   81.192082984   -0.104157623    0.307993896
   81.233027050   -0.106623892    0.305245292
   81.273971116   -0.107373261    0.302096647
   81.314915182   -0.106274947    0.298535860
   81.355859248   -0.103576711    0.294583722
   81.396803314   -0.099824461    0.290309120
   81.437747380   -0.095590510    0.285835739
   81.478691446   -0.091171075    0.281335152
   81.519635512   -0.086435783    0.277005698
   81.560579578   -0.080921505    0.273042201
   81.601523645   -0.074114659    0.269605848
   81.642467711   -0.065751217    0.266804325
   81.683411777   -0.055953153    0.264688740
   81.724355843   -0.045120974    0.263267327
   81.765299909   -0.033652483    0.262529089
   81.806243975   -0.021665350    0.262466465
   81.847188041   -0.008898870    0.263086766
   81.888132107    0.005140692    0.264407223
   81.929076173    0.020878484    0.266435915
   81.970020239    0.038399379    0.269147143
   82.010964305    0.057376876    0.272462456
   82.051908371    0.077251704    0.276246210
   82.092852437    0.097555272    0.280318633
   82.133796503    0.118180842    0.284482429
   82.174740569    0.139431573    0.288553979
   82.215684635    0.161804978    0.292389172
   82.256628701    0.185630048    0.295896718
   82.297572767    0.210763166    0.299037066
   82.338516833    0.236518798    0.301810143
   82.379460900    0.261879455    0.304238241
   82.420404966    0.285874594    0.306350483
   82.461349032    0.307929636    0.308172992
   82.502293098    0.328012099    0.309725676
   82.543237164    0.346521163    0.311023808
   82.584181230    0.364005865    0.312081450
   82.625125296    0.380874732    0.312914167
   82.666069362    0.397237758    0.313539852
   82.707013428    0.412924179    0.313977904
   82.747957494    0.427614306    0.314247790
   82.788901560    0.440976588    0.314368060
   82.829845626    0.452734161    0.314356317
   82.870789692    0.462665183    0.314229955
   82.911733758    0.470604677    0.314007061
   82.952677824    0.476513221    0.313706786
   82.993621890    0.480609823    0.313348811
   83.034565956    0.483482842    0.312951927
   83.075510022    0.486060549    0.312532185
   83.116454089    0.489378375    0.312101304
   83.157398155    0.494200301    0.311665992
   83.198342221    0.500664926    0.311228623
   83.239286287    0.508154542    0.310789216
   83.280230353    0.515495341    0.310348179
   83.321174419    0.521427978    0.309908839
   83.362118485    0.525132769    0.309478786
   83.403062551    0.526546233    0.309069366
   83.444006617    0.526302121    0.308693424
   83.484950683    0.525324545    0.308362167
   83.525894749    0.524287330    0.308082541
   83.566838815    0.523226495    0.307856427
   83.607782881    0.521508118    0.307682305
   83.648726947    0.518157430    0.307558971
   83.689671013    0.512357229    0.307489981
   83.730615079    0.503836156    0.307487014
   83.771559145    0.492938397    0.307570698
   83.812503211    0.480353181    0.307768344
   83.853447277    0.466676262    0.308109190
   83.894391344    0.452065556    0.308618668
   83.935335410    0.436190435    0.309313516
   83.976279476    0.418499106    0.310199180
   84.017223542    0.398644917    0.311270107
   84.058167608    0.376825819    0.312512578
   84.099111674    0.353847078    0.313908989
   84.140055740    0.330877315    0.315442248
   84.180999806    0.309035472    0.317099102
   84.221943872    0.289025759    0.318871728
   84.262887938    0.270990636    0.320757506
   84.303832004    0.254616137    0.322757417
   84.344776070    0.239386325    0.324873811
   84.385720136    0.224824803    0.327108353
   84.426664202    0.210606636    0.329460733
   84.467608268    0.196532684    0.331928399
   84.508552334    0.182452825    0.334507137
   84.549496400    0.168243272    0.337192038
   84.590440466    0.153879721    0.339978302
   84.631384532    0.139553257    0.342861497
   84.672328599    0.125721595    0.345837226
   84.713272665    0.113017464    0.348900510
   84.754216731    0.102032509    0.352045314
   84.795160797    0.093093007    0.355264568
   84.836104863    0.086171245    0.358550704
   84.877048929    0.081005850    0.361896384
   84.917992995    0.077374227    0.365294977
   84.958937061    0.075353919    0.368740456
   84.999881127    0.075401925    0.372226758
   85.040825193    0.078186788    0.375747009
   85.081769259    0.084267446    0.379293146
   85.122713325    0.093824180    0.382856270
   85.163657391    0.106631541    0.386427646
   85.204601457    0.122318751    0.389999853
   85.245545523    0.140773009    0.393567452
   85.286489589    0.162427259    0.397126778
   85.327433655    0.188221019    0.400674953
   85.368377721    0.219218865    0.404208661
   85.409321788    0.256104498    0.407723350
   85.450265854    0.298888644    0.411213292
   85.491209920    0.347078693    0.414672379
   85.532153986    0.400281345    0.418095097
   85.573098052    0.458893275    0.421477054
   85.614042118    0.524373406    0.424814688
   85.654986184    0.598713640    0.428104419
   85.695930250    0.683112006    0.431341851
   85.736874316    0.776324606    0.434521695
   85.777818382    0.873478022    0.437638615
   85.818762448    0.966069250    0.440688568
   85.859706514    1.043444882    0.443669761
   85.900650580    1.095412679    0.446582411
   85.941594646    1.115093991    0.449427116
   85.982538712    1.100944934    0.452202435
   86.023482778    1.057161888    0.454902880
   86.064426844    0.992323390    0.457518480
   86.105370910    0.916818580    0.460036414
   86.146314976    0.840057213    0.462444237
   86.187259043    0.768459385    0.464733423
   86.228203109    0.704808882    0.466901767
   86.269147175    0.648938768    0.468953710
   86.310091241    0.599194337    0.470898573
   86.351035307    0.553910171    0.472747571
   86.391979373    0.512296805    0.474510870
   86.432923439    0.474531316    0.476195737
   86.473867505    0.441259911    0.477806231
   86.514811571    0.412949588    0.479344180
   86.555755637    0.389491553    0.480810864
   86.596699703    0.370227483    0.482208738
   86.637643769    0.354297210    0.483542830
   86.678587835    0.341044607    0.484821598
   86.719531901    0.330234774    0.486057148
   86.760475967    0.321989307    0.487264615
   86.801420033    0.316527137    0.488460577
   86.842364099    0.313898060    0.489660583
   86.883308165    0.313869536    0.490876373
   86.924252231    0.316009485    0.492113723
   86.965196298    0.319882291    0.493371939
   87.006140364    0.325218152    0.494645474
   87.047084430    0.331952288    0.495927242
   87.088028496    0.340125031    0.497212334
   87.128972562    0.349720563    0.498500495
   87.169916628    0.360548467    0.499796195
   87.210860694    0.372230588    0.501106310
   87.251804760    0.384282284    0.502436612
   87.292748826    0.396224416    0.503788982
   87.333692892    0.407662279    0.505160910
   87.374636958    0.418312227    0.506547680
   87.415581024    0.428006760    0.507946226
   87.456525090    0.436723411    0.509358683
   87.497469156    0.444649348    0.510793811
   87.538413222    0.452237359    0.512265547
   87.579357288    0.460175794    0.513789449
   87.620301354    0.469219291    0.515378863
   87.661245420    0.479904630    0.517042742
   87.702189487    0.492263293    0.518786061
   87.743133553    0.505681018    0.520612351
   87.784077619    0.519009702    0.522526736
   87.825021685    0.530921593    0.524537643
   87.865965751    0.540368423    0.526656162
   87.906909817    0.546940980    0.528893341
   87.947853883    0.550960980    0.531256812
   87.988797949    0.553263829    0.533748432
   88.029742015    0.554783225    0.536363987
   88.070686081    0.556144865    0.539094926
   88.111630147    0.557464392    0.541931097
   88.152574213    0.558431091    0.544863191
   88.193518279    0.558606353    0.547884020
   88.234462345    0.557758033    0.550988581
   88.275406411    0.556045668    0.554173515
   88.316350477    0.553966252    0.557436655
   88.357294543    0.552109193    0.560776985
   88.398238609    0.550872571    0.564194692
   88.439182675    0.550304634    0.567690795
   88.480126742    0.550152439    0.571265988
   88.521070808    0.550075122    0.574918993
   88.562014874    0.549886107    0.578645199
   88.602958940    0.549679055    0.582436409
   88.643903006    0.549768362    0.586281976
   88.684847072    0.550488376    0.590170772
   88.725791138    0.551978220    0.594092868
   88.766735204    0.554083425    0.598039902
   88.807679270    0.556431655    0.602003848
   88.848623336    0.558634119    0.605974934
   88.889567402    0.560490398    0.609940004
   88.930511468    0.562075551    0.613882444
   88.971455534    0.563661815    0.617783793
   89.012399600    0.565527357    0.621626071
   89.053343666    0.567770944    0.625393249
   89.094287732    0.570245103    0.629070733
   89.135231798    0.572646476    0.632642911
   89.176175864    0.574705969    0.636090158
   89.217119930    0.576361152    0.639387196
   89.258063997    0.577804617    0.642504020
   89.299008063    0.579377673    0.645408991
   89.339952129    0.581372839    0.648072128
   89.380896195    0.583865060    0.650466095
   89.421840261    0.586676358    0.652563578
   89.462784327    0.589500674    0.654332079
   89.503728393    0.592120476    0.655729556
   89.544672459    0.594589819    0.656705239
   89.585616525    0.597273238    0.657208506
   89.626560591    0.600707784    0.657205286
   89.667504657    0.605352571    0.656697447
   89.708448723    0.611352091    0.655738010
   89.749392789    0.618432843    0.654435365
   89.790336855    0.625983096    0.652942996
   89.831280921    0.633272984    0.651436447
   89.872224987    0.639706933    0.650084046
   89.913169053    0.644995163    0.649020267
   89.954113119    0.649182907    0.648329461
   89.995057185    0.652551782    0.648043650
   90.036001252    0.655464190    0.648152873
   90.076945318    0.658231581    0.648622529
   90.117889384    0.661053032    0.649410720
   90.158833450    0.664019573    0.650480096
   90.199777516    0.667145409    0.651802062
   90.240721582    0.670388141    0.653354755
   90.281665648    0.673649143    0.655118286
   90.322609714    0.676776918    0.657070845
   90.363553780    0.679604651    0.659187693
   90.404497846    0.682030313    0.661442903
   90.445441912    0.684108887    0.663812244
   90.486385978    0.686100430    0.666275282
   90.527330044    0.688427283    0.668815636
   90.568274110    0.691538858    0.671419557
   90.609218176    0.695738709    0.674073938
   90.650162242    0.701060657    0.676764975
   90.691106308    0.707264886    0.679478085
   90.732050374    0.713964758    0.682198887
   90.772994441    0.720822198    0.684914432
   90.813938507    0.727706019    0.687613914
   90.854882573    0.734721615    0.690288504
   90.895826639    0.742088248    0.692930572
   90.936770705    0.749926172    0.695532872
   90.977714771    0.758072127    0.698088218
   91.018658837    0.766034446    0.700589836
   91.059602903    0.773129300    0.703032135
   91.100546969    0.778743245    0.705411525
   91.141491035    0.782596467    0.707726888
   91.182435101    0.784874916    0.709979612
   91.223379167    0.786162612    0.712173221
   91.264323233    0.787204574    0.714312716
   91.305267299    0.788613853    0.716403646
   91.346211365    0.790659719    0.718450913
   91.387155431    0.793227715    0.720457377
   91.428099497    0.795952681    0.722422613
   91.469043563    0.798441709    0.724342359
   91.509987629    0.800468501    0.726209157
   91.550931696    0.802048755    0.728014380
   91.591875762    0.803377975    0.729751166
   91.632819828    0.804686692    0.731417302
   91.673763894    0.806104024    0.733016892
   91.714707960    0.807603151    0.734560023
   91.755652026    0.809046741    0.736060478
   91.796596092    0.810291474    0.737532351
   91.837540158    0.811282025    0.738986949
   91.878484224    0.812079521    0.740431199
   91.919428290    0.812814661    0.741868026
   91.960372356    0.813602041    0.743298268
   92.001316422    0.814472195    0.744722966
   92.042260488    0.815361926    0.746144851
   92.083204554    0.816164219    0.747568328
   92.124148620    0.816802067    0.748998150
   92.165092686    0.817278227    0.750437650
   92.206036752    0.817671167    0.751887558
   92.246980818    0.818082951    0.753346046
   92.287924884    0.818574653    0.754809911
   92.328868951    0.819130808    0.756276156
   92.369813017    0.819674054    0.757743105
   92.410757083    0.820118513    0.759210453
   92.451701149    0.820426460    0.760678368
   92.492645215    0.820632198    0.762146269
   92.533589281    0.820819139    0.763612086
   92.574533347    0.821066189    0.765072474
   92.615477413    0.821398453    0.766523878
   92.656421479    0.821773458    0.767963809
   92.697365545    0.822110692    0.769391597
   92.738309611    0.822344635    0.770808193
   92.779253677    0.822467027    0.772215163
   92.820197743    0.822531777    0.773613474
   92.861141809    0.822620180    0.775002800
   92.902085875    0.822789277    0.776381719
   92.943029941    0.823036471    0.777748638
   92.983974007    0.823302560    0.779102848
   93.024918073    0.823510651    0.780445027
   93.065862140    0.823615724    0.781776869
   93.106806206    0.823633274    0.783100038
   93.147750272    0.823629150    0.784415080
   93.188694338    0.823677544    0.785720948
   93.229638404    0.823814133    0.787015448
   93.270582470    0.824014121    0.788296331
   93.311526536    0.824208807    0.789562355
   93.352470602    0.824329803    0.790813620
   93.393414668    0.824352624    0.792050862
   93.434358734    0.824312091    0.793274041
   93.475302800    0.824280034    0.794480972
   93.516246866    0.824319735    0.795666837
   93.557190932    0.824446105    0.796824972
   93.598134998    0.824616733    0.797948722
   93.639079064    0.824759243    0.799033558
   93.680023130    0.824817411    0.800078550
   93.720967196    0.824786775    0.801086555
   93.761911262    0.824717308    0.802063122
   93.802855328    0.824681656    0.803014643
   93.843799395    0.824729220    0.803946569
   93.884743461    0.824855146    0.804862353
   93.925687527    0.825003734    0.805763325
   93.966631593    0.825103939    0.806649301
   94.007575659    0.825114394    0.807519438
   94.048519725    0.825049493    0.808372918
   94.089463791    0.824970164    0.809209314
   94.130407857    0.824945291    0.810028695
   94.171351923    0.825008263    0.810831644
   94.212295989    0.825136080    0.811619266
   94.253240055    0.825264100    0.812393088
   94.294184121    0.825327020    0.813154678
   94.335128187    0.825300128    0.813904955
   94.376072253    0.825214824    0.814643359
   94.417016319    0.825138699    0.815367281
   94.457960385    0.825132839    0.816072152
   94.498904451    0.825213351    0.816752284
   94.539848517    0.825341343    0.817402196
   94.580792583    0.825447618    0.818017827
   94.621736650    0.825476403    0.818597045
   94.662680716    0.825420518    0.819139221
   94.703624782    0.825325829    0.819644131
   94.744568848    0.825262244    0.820110908
   94.785512914    0.825279623    0.820537734
   94.826456980    0.825376398    0.820922627
   94.867401046    0.825500671    0.821265012
   94.908345112    0.825583036    0.821567254
   94.949289178    0.825580362    0.821835261
   94.990233244    0.825502960    0.822077615
   95.031177310    0.825408015    0.822303477
   95.072121376    0.825363494    0.822520102
   95.113065442    0.825405315    0.822731085
   95.154009508    0.825514759    0.822936087
   95.194953574    0.825630352    0.823132109
   95.235897640    0.825686659    0.823315638
   95.276841706    0.825655533    0.823484602
   95.317785772    0.825563818    0.823639280
   95.358729838    0.825476388    0.823781892
   95.399673905    0.825455243    0.823915279
   95.440617971    0.825520453    0.824041519
   95.481562037    0.825637560    0.824161210
   95.522506103    0.825739340    0.824273727
   95.563450169    0.825768184    0.824378152
   95.604394235    0.825712396    0.824474242
   95.645338301    0.825613530    0.824562850
   95.686282367    0.825540187    0.824645593
   95.727226433    0.825544776    0.824724052
   95.768170499    0.825630520    0.824799028
   95.809114565    0.825749449    0.824870323
   95.850058631    0.825832651    0.824937148
   95.891002697    0.825833699    0.824998867
   95.931946763    0.825757893    0.825055592
   95.972890829    0.825658901    0.825108263
   96.013834895    0.825604940    0.825158189
   96.054778961    0.825635798    0.825206353
   96.095723027    0.825737779    0.825252938
   96.136667094    0.825852346    0.825297368
   96.177611160    0.825913012    0.825338815
   96.218555226    0.825887223    0.825376851
   96.259499292    0.825796868    0.825411813
   96.300443358    0.825704484    0.825444680
   96.341387424    0.825673858    0.825476527
   96.382331490    0.825729843    0.825507926
   96.423275556    0.825842706    0.825538667
   96.464219622    0.825946855    0.825567979
   96.505163688    0.825982165    0.825595094
   96.546107754    0.825931857    0.825619797
   96.587051820    0.825833074    0.825642614
   96.627995886    0.825753490    0.825664531
   96.668939952    0.825748682    0.825686406
   96.709884018    0.825827110    0.825708482
   96.750828084    0.825944780    0.825730276
   96.791772150    0.826032948    0.825750933
   96.832716216    0.826041425    0.825769808
   96.873660282    0.825970206    0.825786908
   96.914604349    0.825869493    0.825802919
   96.955548415    0.825808082    0.825818791
   96.996492481    0.825830021    0.825835172
   97.037436547    0.825926850    0.825852020
   97.078380613    0.826042906    0.825868658
   97.119324679    0.826110374    0.825884232
   97.160268745    0.826092016    0.825898266
   97.201212811    0.826004651    0.825910990
   97.242156877    0.825908590    0.825923203
   97.283100943    0.825869652    0.825935787
   97.324045009    0.825917694    0.825949164
   97.364989075    0.826027769    0.825963047
   97.405933141    0.826135815    0.825976633
   97.446877207    0.826178999    0.825989130
   97.487821273    0.826135318    0.826000267
   97.528765339    0.826037498    0.826010474
   97.569709405    0.825952409    0.826020623
   97.610653471    0.825938946    0.826031482
   97.651597537    0.826010901    0.826043243
   97.692541604    0.826128234    0.826055405
   97.733485670    0.826222262    0.826067104
   97.774429736    0.826238931    0.826077665
   97.815373802    0.826172898    0.826087035
   97.856317868    0.826070950    0.826095821
   97.897261934    0.826002556    0.826104914
   97.938206000    0.826016098    0.826114931
   97.979150066    0.826108346    0.826125829
   98.020094132    0.826226447    0.826136940
   98.061038198    0.826301189    0.826147397
   98.101982264    0.826290623    0.826156684
   98.142926330    0.826206541    0.826164969
   98.183870396    0.826107100    0.826172999
   98.224814462    0.826060207    0.826181633
   98.265758528    0.826100709    0.826191300
   98.306702594    0.826208384    0.826201735
   98.347646660    0.826320624    0.826212147
   98.388590726    0.826371865    0.826221721
   98.429534793    0.826334931    0.826230136
   98.470478859    0.826238219    0.826237769
   98.511422925    0.826147862    0.826245462
   98.552366991    0.826126070    0.826253988
   98.593311057    0.826191886    0.826263567
   98.634255123    0.826309123    0.826273730
   98.675199189    0.826409106    0.826283613
   98.716143255    0.826433952    0.826292509
   98.757087321    0.826373092    0.826300311
   98.798031387    0.826270008    0.826307584
   98.838975453    0.826194879    0.826315209
   98.879919519    0.826200350    0.826323828
   98.920863585    0.826288291    0.826333439
   98.961807651    0.826408545    0.826343399
   99.002751717    0.826490489    0.826352830
   99.043695783    0.826487569    0.826361174
   99.084639849    0.826406705    0.826368548
   99.125583915    0.826304008    0.826375669
   99.166527981    0.826249456    0.826383405
   99.207472048    0.826282753    0.826392223
   99.248416114    0.826388228    0.826401901
   99.289360180    0.826504634    0.826411662
   99.330304246    0.826563726    0.826420669
   99.371248312    0.826533320    0.826428553
   99.412192378    0.826437664    0.826435646
   99.453136444    0.826342234    0.826442773
   99.494080510    0.826312469    0.826450733
   99.535024576    0.826372471    0.826459791
   99.575968642    0.826489716    0.826469515
   99.616912708    0.826595490    0.826479045
   99.657856774    0.826628201    0.826487640
   99.698800840    0.826572275    0.826495143
   99.739744906    0.826468072    0.826502082
   99.780688972    0.826386501    0.826509338
   99.821633038    0.826384309    0.826517589
   99.862577104    0.826468222    0.826526881
   99.903521170    0.826590608    0.826536598
   99.944465236    0.826679457    0.826545853
   99.985409303    0.826683803    0.826554047
  100.026353369    0.826605954    0.826561248
  100.067297435    0.826500129    0.826568149
  100.108241501    0.826438315    0.826575630
  100.149185567    0.826464835    0.826584202
  100.190129633    0.826568303    0.826593687
  100.231073699    0.826688711    0.826603327
  100.272017765    0.826755236    0.826612263
  100.312961831    0.826730960    0.826620079
  100.353905897    0.826636253    0.826627065
  100.394849963    0.826536015    0.826634033
  100.435794029    0.826498765    0.826641806
  100.476738095    0.826553356    0.826650697
  100.517682161    0.826670673    0.826660312
  100.558626227    0.826781915    0.826669797
  100.599570293    0.826821989    0.826678380
  100.640514359    0.826770642    0.826685856
  100.681458425    0.826665352    0.826692719
  100.722402492    0.826577755    0.826699849
  100.763346558    0.826568443    0.826707957
  100.804290624    0.826648654    0.826717136
  100.845234690    0.826773070    0.826726801
  100.886178756    0.826868350    0.826736059
  100.927122822    0.826879425    0.826744273
  100.968066888    0.826804340    0.826751465
  101.009010954    0.826695595    0.826758300
  101.049955020    0.826627067    0.826765672
  101.090899086    0.826647354    0.826774132
  101.131843152    0.826749004    0.826783545
  101.172787218    0.826873119    0.826793172
  101.213731284    0.826946484    0.826802140
  101.254675350    0.826927828    0.826809989
  101.295619416    0.826833978    0.826816968
  101.336563482    0.826729333    0.826823873
  101.377507548    0.826685241    0.826831548
  101.418451614    0.826734897    0.826840350
  101.459395680    0.826852285    0.826849924
  101.500339747    0.826968509    0.826859425
  101.541283813    0.827015280    0.826868056
  101.582227879    0.826968099    0.826875568
  101.623171945    0.826861836    0.826882418
  101.664116011    0.826768788    0.826889483
  101.705060077    0.826753031    0.826897502
  101.746004143    0.826829875    0.826906612
  101.786948209    0.826956092    0.826916260
  101.827892275    0.827057149    0.826925554
  101.868836341    0.827074288    0.826933823
  101.909780407    0.827001726    0.826941045
  101.950724473    0.826890407    0.826947860
  101.991668539    0.826815885    0.826955163
  102.032612605    0.826830570    0.826963542
  102.073556671    0.826930532    0.826972903
  102.114500737    0.827057888    0.826982534
  102.155444803    0.827137324    0.826991550
  102.196388869    0.827123709    0.826999456
  102.237332935    0.827030709    0.827006458
  102.278277002    0.826922235    0.827013331
  102.319221068    0.826872097    0.827020935
  102.360165134    0.826917320    0.827029664
  102.401109200    0.827034652    0.827039203
  102.442053266    0.827155173    0.827048724
  102.482997332    0.827207837    0.827057412
  102.523941398    0.827164419    0.827064977
  102.564885464    0.827057450    0.827071840
  102.605829530    0.826959729    0.827078863
  102.646773596    0.826938314    0.827086809
  102.687717662    0.827012078    0.827095854
  102.728661728    0.827139688    0.827105483
  102.769605794    0.827245671    0.827114810
  102.810549860    0.827268130    0.827123141
  102.851493926    0.827197939    0.827130412
  102.892437992    0.827084599    0.827137228
  102.933382058    0.827004988    0.827144480
  102.974326124    0.827014747    0.827152784
  103.015270190    0.827113023    0.827162090
  103.056214257    0.827242937    0.827171716
  103.097158323    0.827327507    0.827180776
  103.138102389    0.827318354    0.827188747
  103.179046455    0.827226362    0.827195789
  103.219990521    0.827114866    0.827202653
  103.260934587    0.827059623    0.827210197
  103.301878653    0.827100875    0.827218852
  103.342822719    0.827217824    0.827228344
  103.383766785    0.827341730    0.827237873
  103.424710851    0.827399373    0.827246615
  103.465654917    0.827359399    0.827254246
  103.506598983    0.827252220    0.827261142
  103.547543049    0.827150824    0.827268143
  103.588487115    0.827124611    0.827276021
  103.629431181    0.827195452    0.827284993
  103.670375247    0.827323794    0.827294584
  103.711319313    0.827433644    0.827303931
  103.752263379    0.827460651    0.827312326
  103.793207446    0.827392855    0.827319663
  103.834151512    0.827278309    0.827326504
  103.875095578    0.827194701    0.827333722
  103.916039644    0.827200190    0.827341950
  103.956983710    0.827296566    0.827351182
  103.997927776    0.827428079    0.827360779
  104.038871842    0.827516695    0.827369874
  104.079815908    0.827511494    0.827377918
  104.120759974    0.827420922    0.827385027
  104.161704040    0.827307484    0.827391906
  104.202648106    0.827248191    0.827399402
  104.243592172    0.827285810    0.827407970
  104.284536238    0.827401765    0.827417388
  104.325480304    0.827527879    0.827426900
  104.366424370    0.827589518    0.827435692
  104.407368436    0.827552846    0.827443408
  104.448312502    0.827446262    0.827450372
  104.489256568    0.827342435    0.827457377
  104.530200634    0.827312300    0.827465189
  104.571144701    0.827380146    0.827474061
  104.612088767    0.827508232    0.827483578
  104.653032833    0.827620674    0.827492921
  104.693976899    0.827651495    0.827501386
  104.734920965    0.827586394    0.827508824
  104.775865031    0.827471797    0.827515732
  104.816809097    0.827385461    0.827522939
  104.857753163    0.827387236    0.827531077
  104.898697229    0.827481178    0.827540192
  104.939641295    0.827612994    0.827549714
  104.980585361    0.827704433    0.827558824
  105.021529427    0.827702835    0.827566967
  105.062473493    0.827614457    0.827574198
  105.103417559    0.827500486    0.827581145
  105.144361625    0.827438277    0.827588606
  105.185305691    0.827472374    0.827597049
  105.226249757    0.827586333    0.827606324
  105.267193823    0.827713170    0.827615762
  105.308137889    0.827777802    0.827624600
  105.349081956    0.827744578    0.827632459
  105.390026022    0.827639813    0.827639576
  105.430970088    0.827535076    0.827646646
  105.471914154    0.827501848    0.827654382
  105.512858220    0.827566277    0.827663073
  105.553802286    0.827692683    0.827672408
  105.594746352    0.827806205    0.827681685
  105.635690418    0.827840228    0.827690251
  105.676634484    0.827778531    0.827697906
  105.717578550    0.827665480    0.827705017
  105.758522616    0.827577873    0.827712274
  105.799466682    0.827576292    0.827720258
  105.840410748    0.827666798    0.827729089
  105.881354814    0.827797182    0.827738367
  105.922298880    0.827890096    0.827747437
  105.963242946    0.827892033    0.827755797
  106.004187012    0.827807137    0.827763394
  106.045131078    0.827694467    0.827770627
  106.086075145    0.827630531    0.827778089
  106.127019211    0.827660855    0.827786194
  106.167963277    0.827771251    0.827794960
  106.208907343    0.827896925    0.827804032
  106.249851409    0.827963575    0.827812930
  106.290795475    0.827934398    0.827821326
  106.331739541    0.827833275    0.827829190
  106.372683607    0.827729513    0.827836736
  106.413627673    0.827693900    0.827844250
  106.454571739    0.827753949    0.827851960
  106.495515805    0.827876622    0.827860021
  106.536459871    0.827989399    0.827868593
  106.577403937    0.828026233    0.827877845
  106.618348003    0.827969282    0.827887762
  106.659292069    0.827860024    0.827897754
  106.700236135    0.827772849    0.827906279
  106.741180201    0.827767937    0.827910739
  106.782124267    0.827853283    0.827907872
  106.823068333    0.827979837    0.827894556
  106.864012400    0.828072708    0.827868710
  106.904956466    0.828078572    0.827829859
  106.945900532    0.827999264    0.827779037
  106.986844598    0.827890392    0.827718040
  107.027788664    0.827825988    0.827648404
  107.068732730    0.827851688    0.827570597
  107.109676796    0.827956044    0.827483862
  107.150620862    0.828078021    0.827386744
  107.191564928    0.828145761    0.827277973
  107.232508994    0.828121983    0.827157198
  107.273453060    0.828027333    0.827025144
  107.314397126    0.827927051    0.826883130
  107.355341192    0.827889574    0.826732250
  107.396285258    0.827943351    0.826572726
  107.437229324    0.828059134    0.826403800
  107.478173390    0.828168766    0.826224229
  107.519117456    0.828208383    0.826033059
  107.560061522    0.828158643    0.825830199
  107.601005588    0.828056626    0.825616459
  107.641949655    0.827972089    0.825393027
  107.682893721    0.827963296    0.825160729
  107.723837787    0.828040409    0.824919526
  107.764781853    0.828159441    0.824668555
  107.805725919    0.828250359    0.824406677
  107.846669985    0.828261371    0.824133191
  107.887614051    0.828191361    0.823848262
  107.928558117    0.828090167    0.823552804
  107.969502183    0.828026798    0.823247901
  108.010446249    0.828045876    0.822934129
  108.051390315    0.828139817    0.822611204
  108.092334381    0.828254098    0.822278167
  108.133278447    0.828321966    0.821933998
  108.174222513    0.828306479    0.821578246
  108.215166579    0.828223371    0.821211310
  108.256110645    0.828130600    0.820834178
  108.297054711    0.828091519    0.820447802
  108.337998777    0.828135100    0.820052505
  108.378942843    0.828238204    0.819647782
  108.419886910    0.828340740    0.819232627
  108.460830976    0.828383772    0.818806165
  108.501775042    0.828346366    0.818368204
  108.542719108    0.828258132    0.817919343
  108.583663174    0.828179961    0.817460594
  108.624607240    0.828165517    0.816992743
  108.665551306    0.828227873    0.816515858
  108.706495372    0.828332059    0.816029250
  108.747439438    0.828417707    0.815531919
  108.788383504    0.828437094    0.815023175
  108.829327570    0.828384568    0.814503074
  108.870271636    0.828299183    0.813972378
  108.911215702    0.828239500    0.813432065
  108.952159768    0.828246850    0.812882721
  108.993103834    0.828320185    0.812324168
  109.034047900    0.828417806    0.811755588
  109.074991966    0.828484188    0.811176036
  109.115936032    0.828484563    0.810585037
  109.156880099    0.828425654    0.809982882
  109.197824165    0.828350199    0.809370436
  109.238768231    0.828309560    0.808748595
  109.279712297    0.828332069    0.808117719
  109.320656363    0.828406720    0.807477412
  109.361600429    0.828491532    0.806826775
  109.402544495    0.828540327    0.806164977
  109.443488561    0.828530691    0.805491771
  109.484432627    0.828476070    0.804807652
  109.525376693    0.828415635    0.804113535
  109.566320759    0.828389484    0.803410180
  109.607264825    0.828415118    0.802697715
  109.648208891    0.828479124    0.801975560
  109.689152957    0.828547610    0.801242797
  109.730097023    0.828587358    0.800498750
  109.771041089    0.828584095    0.799743404
  109.811985155    0.828547737    0.798977414
  109.852929221    0.828503636    0.798201687
  109.893873287    0.828477308    0.797416808
  109.934817354    0.828482499    0.796622680
  109.975761420    0.828518066    0.795818587
  110.016705486    0.828572207    0.795003647
  110.057649552    0.828628436    0.794177372
  110.098593618    0.828669149    0.793339965
  110.139537684    0.828677569    0.792492192
  110.180481750    0.828642338    0.791634894
  110.221425816    0.828567033    0.790768459
  110.262369882    0.828480247    0.789892584
  110.303313948    0.828435751    0.789006469
  110.344258014    0.828493233    0.788109324
  110.385202080    0.828680216    0.787200865
  110.426146146    0.828950436    0.786281485
  110.467090212    0.829163609    0.785352004
  110.508034278    0.829107430    0.784413152
  110.548978344    0.828563772    0.783465107
  110.589922410    0.827395839    0.782507396
  110.630866476    0.825615971    0.781539192
  110.671810542    0.823396792    0.780559839
  110.712754609    0.821012912    0.779569258
  110.753698675    0.818735190    0.778567993
  110.794642741    0.816725898    0.777556864
  110.835586807    0.814985373    0.776536447
  110.876530873    0.813375995    0.775506721
  110.917474939    0.811709743    0.774467086
  110.958419005    0.809852625    0.773416746
  110.999363071    0.807791345    0.772355208
  111.040307137    0.805629335    0.771282584
  111.081251203    0.803518779    0.770199519
  111.122195269    0.801570129    0.769106774
  111.163139335    0.799791310    0.768004756
  111.204083401    0.798089668    0.766893264
  111.245027467    0.796332310    0.765771628
  111.285971533    0.794426891    0.764639131
  111.326915599    0.792374507    0.763495458
  111.367859665    0.790264654    0.762340882
  111.408803731    0.788217580    0.761176087
  111.449747798    0.786310507    0.760001732
  111.490691864    0.784532563    0.758818046
  111.531635930    0.782794596    0.757624694
  111.572579996    0.780986132    0.756420997
  111.613524062    0.779043463    0.755206357
  111.654468128    0.776987140    0.753980629
  111.695412194    0.774906889    0.752744197
  111.736356260    0.772904606    0.751497719
  111.777300326    0.771031415    0.750241720
  111.818244392    0.769257526    0.748976270
  111.859188458    0.767492608    0.747700960
  111.900132524    0.765642960    0.746415167
  111.941076590    0.763669439    0.745118443
  111.982020656    0.761610440    0.743810781
  112.022964722    0.759556461    0.742492594
  112.063908788    0.757592994    0.741164446
  112.104852854    0.755747663    0.739826706
  112.145796920    0.753974244    0.738479340
  112.186740986    0.752182759    0.737121962
  112.227685053    0.750296136    0.735754092
  112.268629119    0.748297828    0.734375441
  112.309573185    0.746241013    0.732986052
  112.350517251    0.744214321    0.731586233
  112.391461317    0.742286130    0.730176344
  112.432405383    0.740462377    0.728756595
  112.473349449    0.738683896    0.727326988
  112.514293515    0.736864290    0.725887384
  112.555237581    0.734944144    0.724437627
  112.596181647    0.732927596    0.722977586
  112.637125713    0.730878776    0.721507101
  112.678069779    0.728880950    0.720025911
  112.719013845    0.726984355    0.718533714
  112.759957911    0.725175392    0.717030453
  112.800901977    0.723386037    0.715516758
  112.841846043    0.721537027    0.713994300
  112.882790109    0.719587428    0.712465802
  112.923734175    0.717559605    0.710934568
  112.964678241    0.715524380    0.709403641
  113.005622308    0.713556202    0.707874952
  113.046566374    0.711686674    0.706348862
  113.087510440    0.709885448    0.704824336
  113.128454506    0.708080000    0.703299696
  113.169398572    0.706201432    0.701773574
  113.210342638    0.704227379    0.700245594
  113.251286704    0.702195320    0.698716469
  113.292230770    0.700178394    0.697187491
  113.333174836    0.698239314    0.695659751
  113.374118902    0.696391415    0.694133538
  113.415062968    0.694591007    0.692608227
  113.456007034    0.692765387    0.691082712
  113.496951100    0.690858549    0.689556080
  113.537895166    0.688865862    0.688028131
  113.578839232    0.686836256    0.686499452
  113.619783298    0.684840998    0.684971019
  113.660727364    0.682928985    0.683443607
  113.701671430    0.681096588    0.681917343
  113.742615496    0.679290646    0.680391682
  113.783559563    0.677442257    0.678865764
  113.824503629    0.675509908    0.677338939
  113.865447695    0.673504930    0.675811117
  113.906391761    0.671483692    0.674282774
  113.947335827    0.669511877    0.672754627
  113.988279893    0.667623480    0.671227216
  114.029223959    0.665800122    0.669700642
  114.070168025    0.663983260    0.668174583
  114.111112091    0.662111182    0.666648535
  114.152056157    0.660157416    0.665122071
  114.193000223    0.658146634    0.663594967
  114.233944289    0.656138531    0.662067165
  114.274888355    0.654190202    0.660538706
  114.315832421    0.652320739    0.659009796
  114.356776487    0.650500006    0.657481088
  114.397720553    0.648668157    0.655954023
  114.438664619    0.646773241    0.654430993
  114.479608685    0.644803267    0.652915071
  114.520552752    0.642792920    0.651409325
  114.561496818    0.640801242    0.649915941
  114.602440884    0.638874642    0.648435602
  114.643384950    0.637018435    0.646967458
  114.684329016    0.635194359    0.645509759
  114.725273082    0.633345089    0.644060856
  114.766217148    0.631430013    0.642620066
  114.807161214    0.629449923    0.641187967
  114.848105280    0.627445615    0.639765980
  114.889049346    0.625471853    0.638355501
  114.929993412    0.623563350    0.636957101
  114.970937478    0.621713931    0.635570227
  115.011881544    0.619881368    0.634193585
  115.052825610    0.618014233    0.632825934
  115.093769676    0.616083641    0.631466828
  115.134713742    0.614100258    0.630116858
  115.175657808    0.612106571    0.628777262
  115.216601874    0.610149982    0.627449158
  115.257545940    0.608253804    0.626132866
  115.298490007    0.606403980    0.624827734
  115.339434073    0.604559018    0.623532558
  115.380378139    0.602676155    0.622246330
  115.421322205    0.600737155    0.620968853
  115.462266271    0.598758119    0.619700846
  115.503210337    0.596778153    0.618443488
  115.544154403    0.594834864    0.617197681
  115.585098469    0.592942188    0.615963499
  115.626042535    0.591083681    0.614740155
  115.666986601    0.589224229    0.613526498
  115.707930667    0.587331821    0.612321733
  115.748874733    0.585395655    0.611125905
  115.789818799    0.583430279    0.609939864
  115.830762865    0.581464811    0.608764728
  115.871706931    0.579525262    0.607601184
  115.912650997    0.577621043    0.606449070
  115.953595063    0.575742657    0.605307479
  115.994539129    0.573869771    0.604175333
  116.035483195    0.571982883    0.603052057
  116.076427262    0.570071312    0.601937927
  116.117371328    0.568134596    0.600833896
  116.158315394    0.566179728    0.599740992
  116.199259460    0.564218602    0.598659678
  116.240203526    0.562267414    0.597589567
  116.281147592    0.560345314    0.596529671
  116.322091658    0.558467854    0.595479018
  116.363035724    0.556634486    0.594437263
  116.403979790    0.554816600    0.593404894
  116.444923856    0.552957720    0.592382927
  116.485867922    0.550994936    0.591372264
  116.526811988    0.548899291    0.590373134
  116.567756054    0.546718191    0.589384951
  116.608700120    0.544594513    0.588406686
  116.649644186    0.542742525    0.587437514
  116.690588252    0.541380260    0.586477323
  116.731532318    0.540642615    0.585526786
  116.772476384    0.540515191    0.584586933
  116.813420451    0.540824859    0.583658508
  116.854364517    0.541298477    0.582741502
  116.895308583    0.541667427    0.581835164
  116.936252649    0.541770569    0.580938474
  116.977196715    0.541606508    0.580050780
  117.018140781    0.541310274    0.579172208
  117.059084847    0.541067739    0.578303574
  117.100028913    0.541013027    0.577445878
  117.140972979    0.541162060    0.576599672
  117.181917045    0.541414797    0.575764718
  117.222861111    0.541620661    0.574940140
  117.263805177    0.541667542    0.574124975
  117.304749243    0.541543410    0.573318773
  117.345693309    0.541337122    0.572521881
  117.386637375    0.541180933    0.571735219
  117.427581441    0.541170556    0.570959706
  117.468525507    0.541310285    0.570195682
  117.509469573    0.541514388    0.569442697
  117.550413639    0.541661889    0.568699797
  117.591357706    0.541670406    0.567966120
  117.632301772    0.541544416    0.567241437
  117.673245838    0.541369806    0.566526293
  117.714189904    0.541259487    0.565821663
  117.755133970    0.541284108    0.565128341
  117.796078036    0.541430151    0.564446444
  117.837022102    0.541610172    0.563775338
  117.877966168    0.541717861    0.563114038
  117.918910234    0.541693490    0.562461827
  117.959854300    0.541559618    0.561818702
  118.000798366    0.541405739    0.561185374
  118.041742432    0.541332135    0.560562823
  118.082686498    0.541387986    0.559951681
  118.123630564    0.541541840    0.559351838
  118.164574630    0.541702151    0.558762514
  118.205518696    0.541774597    0.558182747
  118.246462762    0.541720401    0.557611996
  118.287406828    0.541579665    0.557050478
  118.328350894    0.541445678    0.556499031
  118.369294961    0.541406575    0.555958587
  118.410239027    0.541490751    0.555429587
  118.451183093    0.541649788    0.554911711
  118.492127159    0.541789169    0.554404074
  118.533071225    0.541827353    0.553905786
  118.574015291    0.541746354    0.553416504
  118.614959357    0.541602481    0.552936648
  118.655903423    0.541490815    0.552467135
  118.696847489    0.541485788    0.552008802
  118.737791555    0.541594945    0.551561885
  118.778735621    0.541754603    0.551125874
  118.819679687    0.541869894    0.550699832
  118.860623753    0.541874067    0.550282983
  118.901567819    0.541770010    0.549875194
  118.942511885    0.541628176    0.549477057
  118.983455951    0.541542355    0.549089513
  119.024400017    0.541571024    0.548713266
  119.065344083    0.541700918    0.548348346
  119.106288150    0.541855519    0.547994090
  119.147232216    0.541943040    0.547649561
  119.188176282    0.541913865    0.547314133
  119.229120348    0.541791495    0.546987875
  119.270064414    0.541657724    0.546671505
  119.311008480    0.541601354    0.546365936
  119.351952546    0.541662591    0.546071714
  119.392896612    0.541807921    0.545788675
  119.433840678    0.541951162    0.545516059
  119.474784744    0.542007495    0.545252984
  119.515728810    0.541946624    0.544998988
  119.556672876    0.541811747    0.544754311
  119.597616942    0.541692466    0.544519737
  119.638561008    0.541668594    0.544296102
  119.679505074    0.541760091    0.544083784
  119.720449140    0.541914516    0.543882480
  119.761393206    0.542039895    0.543691402
  119.802337272    0.542062426    0.543509767
  119.843281338    0.541972826    0.543337267
  119.884225405    0.541832221    0.543174239
  119.925169471    0.541733835    0.543021445
  119.966113537    0.541744470    0.542879599
  120.007057603    0.541862498    0.542748956
  120.048001669    0.542018786    0.542629187
  120.088945735    0.542120034    0.542519599
  120.129889801    0.542107386    0.542419548
  120.170833867    0.541993494    0.542328781
  120.211777933    0.541854700    0.542247530
  120.252721999    0.541783151    0.542176328
  120.293666065    0.541828871    0.542115727
  120.334610131    0.541968196    0.542066076
  120.375554197    0.542118493    0.542027469
  120.416498263    0.542190022    0.541999789
  120.457442329    0.542142397    0.541982691
  120.498386395    0.542010134    0.541975422
  120.539330461    0.541881125    0.541976547
  120.580274527    0.541841432    0.541983789
  120.621218593    0.541921091    0.541994208
  120.662162660    0.542075029    0.542004803
  120.703106726    0.542211238    0.542013330
  120.744050792    0.542248595    0.542018967
  120.784994858    0.542168010    0.542022428
  120.825938924    0.542024650    0.542025434
  120.866882990    0.541913407    0.542029725
  120.907827056    0.541909219    0.542036141
  120.948771122    0.542019762    0.542044218
  120.989715188    0.542180383    0.542052526
  121.030659254    0.542294620    0.542059534
  121.071603320    0.542294915    0.542064501
  121.112547386    0.542185325    0.542067881
  121.153491452    0.542039215    0.542071017
  121.194435518    0.541953234    0.542075308
  121.235379584    0.541986423    0.542081369
  121.276323650    0.542122832    0.542088675
  121.317267716    0.542281295    0.542095896
  121.358211782    0.542366408    0.542101724
  121.399155848    0.542328680    0.542105668
  121.440099915    0.542195948    0.542108344
  121.481043981    0.542056107    0.542111080
  121.521988047    0.542001858    0.542115091
  121.562932113    0.542072199    0.542120724
  121.603876179    0.542227591    0.542127252
  121.644820245    0.542374606    0.542133332
  121.685764311    0.542424707    0.542137834
  121.726708377    0.542350183    0.542140547
  121.767652443    0.542201900    0.542142298
  121.808596509    0.542077497    0.542144432
  121.849540575    0.542059897    0.542147970
  121.890484641    0.542164863    0.542152971
  121.931428707    0.542330750    0.542158495
  121.972372773    0.542457135    0.542163190
  122.013316839    0.542468101    0.542166139
  122.054260905    0.542360319    0.542167426
  122.095204971    0.542205458    0.542168080
  122.136149037    0.542105213    0.542169429
  122.177093104    0.542127153    0.542172262
  122.218037170    0.542261864    0.542176336
  122.258981236    0.542428563    0.542180521
  122.299925302    0.542525856    0.542183510
  122.340869368    0.542495753    0.542184635
  122.381813434    0.542360517    0.542184281
  122.422757500    0.542208942    0.542183644
  122.463701566    0.542140493    0.542183975
  122.504645632    0.542202460    0.542185794
  122.545589698    0.542359811    0.542188553
  122.586533764    0.542516988    0.542190983
  122.627477830    0.542578071    0.542191881
  122.668421896    0.542507448    0.542190866
  122.709365962    0.542352603    0.542188615
  122.750310028    0.542214453    0.542186435
  122.791254094    0.542183744    0.542185437
