    0.000000000    1.137968289    1.137885403
    0.037794522    1.137967058    1.137892438
    0.075589045    1.137927813    1.137898937
    0.113383567    1.137875949    1.137905232
    0.151178090    1.137843893    1.137911760
    0.188972612    1.137853392    1.137918814
    0.226767135    1.137903558    1.137926384
    0.264561657    1.137971245    1.137934157
    0.302356180    1.138023605    1.137941686
    0.340150702    1.138036017    1.137948633
    0.377945225    1.138005598    1.137954957
    0.415739747    1.137952894    1.137960933
    0.453534270    1.137910743    1.137967007
    0.491328792    1.137906369    1.137973545
    0.529123315    1.137946452    1.137980633
    0.566917837    1.138013373    1.137988023
    0.604712360    1.138074740    1.137995266
    0.642506882    1.138101041    1.138001953
    0.680301405    1.138081813    1.138007941
    0.718095927    1.138031460    1.138013429
    0.755890450    1.137981492    1.138018849
    0.793684972    1.137963359    1.138024628
    0.831479495    1.137991236    1.138030951
    0.869274017    1.138054183    1.138037649
    0.907068540    1.138122009    1.138044291
    0.944863062    1.138161704    1.138050410
    0.982657585    1.138155499    1.138055759
    1.020452107    1.138110661    1.138060444
    1.058246630    1.138055641    1.138064862
    1.096041152    1.138024600    1.138069482
    1.133835675    1.138038736    1.138074582
    1.171630197    1.138094613    1.138080087
    1.209424720    1.138165926    1.138085600
    1.247219242    1.138217791    1.138090614
    1.285013765    1.138225798    1.138094779
    1.322808287    1.138189432    1.138098092
    1.360602810    1.138132469    1.138100892
    1.398397332    1.138090074    1.138103667
    1.436191855    1.138089605    1.138106781
    1.473986377    1.138135593    1.138110257
    1.511780900    1.138207146    1.138113754
    1.549575422    1.138269269    1.138116735
    1.587369945    1.138291956    1.138118755
    1.625164467    1.138266650    1.138119687
    1.662958990    1.138211029    1.138119786
    1.700753512    1.138159461    1.138119536
    1.738548035    1.138144256    1.138119370
    1.776342557    1.138177964    1.138119412
    1.814137080    1.138246398    1.138119386
    1.851931602    1.138316276    1.138118744
    1.889726125    1.138353353    1.138116946
    1.927520647    1.138341178    1.138113728
    1.965315170    1.138290193    1.138109234
    2.003109692    1.138232150    1.138103912
    2.040904215    1.138202818    1.138098242
    2.078698737    1.138222410    1.138092441
    2.116493260    1.138284424    1.138086307
    2.154287782    1.138359074    1.138079289
    2.192082304    1.138409488    1.138070749
    2.229876827    1.138411880    1.138060273
    2.267671349    1.138368649    1.138047859
    2.305465872    1.138307199    1.138033878
    2.343260394    1.138265051    1.138018828
    2.381054917    1.138269325    1.138003002
    2.418849439    1.138321826    1.137986269
    2.456643962    1.138397914    1.137968075
    2.494438484    1.138459879    1.137947677
    2.532233007    1.138477536    1.137924479
    2.570027529    1.138444817    1.137898290
    2.607822052    1.138383225    1.137869353
    2.645616574    1.138330189    1.137838132
    2.683411097    1.138318626    1.137804967
    2.721205619    1.138358866    1.137769777
    2.759000142    1.138432860    1.137731989
    2.796794664    1.138503924    1.137690725
    2.834589187    1.138536755    1.137645157
    2.872383709    1.138516796    1.137594827
    2.910178232    1.138458342    1.137539770
    2.947972754    1.138396850    1.137480344
    2.985767277    1.138369612    1.137416875
    3.023561799    1.138395297    1.137349289
    3.061356322    1.138463599    1.137276948
    3.099150844    1.138540728    1.137198777
    3.136945367    1.138587807    1.137113613
    3.174739889    1.138582179    1.137020611
    3.212534412    1.138529933    1.136919460
    3.250328934    1.138462729    1.136810288
    3.288123457    1.138420567    1.136693311
    3.325917979    1.138429874    1.136568383
    3.363712502    1.138488908    1.136434712
    3.401507024    1.138568538    1.136290888
    3.439301547    1.138628067    1.136135230
    3.477096069    1.138637503    1.135966261
    3.514890592    1.138594093    1.135783068
    3.552685114    1.138524003    1.135585331
    3.590479637    1.138468123    1.135372989
    3.628274159    1.138459688    1.135145700
    3.666068682    1.138505967    1.134902371
    3.703863204    1.138584084    1.134641013
    3.741657727    1.138653386    1.134359024
    3.779452249    1.138677655    1.134053763
    3.817246772    1.138645034    1.133723146
    3.855041294    1.138574706    1.133365934
    3.892835817    1.138506547    1.132981528
    3.930630339    1.138479336    1.132569300
    3.968424862    1.138509411    1.132127710
    4.006219384    1.138581510    1.131653580
    4.044013907    1.138656920    1.131141800
    4.081808429    1.138694586    1.130585624
    4.119602952    1.138673663    1.129977424
    4.157397474    1.138605118    1.129309641
    4.195191997    1.138525920    1.128575622
    4.232986519    1.138478871    1.127770111
    4.270781042    1.138489073    1.126889332
    4.308575564    1.138549947    1.125930750
    4.346370086    1.138626573    1.124892688
    4.384164609    1.138674669    1.123773973
    4.421959131    1.138664868    1.122573703
    4.459753654    1.138598989    1.121291156
    4.497548176    1.138509268    1.119925814
    4.535342699    1.138440826    1.118477442
    4.573137221    1.138426877    1.116946212
    4.610931744    1.138470284    1.115332835
    4.648726266    1.138541662    1.113638685
    4.686520789    1.138595240    1.111865854
    4.724315311    1.138593899    1.110017074
    4.762109834    1.138529668    1.108095489
    4.799904356    1.138428349    1.106104299
    4.837698879    1.138335546    1.104046407
    4.875493401    1.138291641    1.101924201
    4.913287924    1.138309382    1.099739581
    4.951082446    1.138366493    1.097494214
    4.988876969    1.138417526    1.095189871
    5.026671491    1.138418625    1.092828634
    5.064466014    1.138351671    1.090412809
    5.102260536    1.138234476    1.087944529
    5.140055059    1.138111244    1.085425212
    5.177849581    1.138028337    1.082855172
    5.215644104    1.138008560    1.080233642
    5.253438626    1.138038147    1.077559269
    5.291233149    1.138073798    1.074830908
    5.329027671    1.138066112    1.072048316
    5.366822194    1.137986679    1.069212362
    5.404616716    1.137843903    1.066324569
    5.442411239    1.137678656    1.063386167
    5.480205761    1.137541904    1.060397126
    5.518000284    1.137466424    1.057355727
    5.555794806    1.137448181    1.054259027
    5.593589329    1.137447799    1.051104102
    5.631383851    1.137411595    1.047889515
    5.669178374    1.137300841    1.044616229
    5.706972896    1.137113153    1.041287339
    5.744767419    1.136884068    1.037906560
    5.782561941    1.136667610    1.034476071
    5.820356464    1.136506269    1.030994777
    5.858150986    1.136406844    1.027458108
    5.895945509    1.136335638    1.023859845
    5.933740031    1.136235984    1.020195625
    5.971534554    1.136058804    1.016466851
    6.009329076    1.135789475    1.012683326
    6.047123599    1.135456050    1.008863242
    6.084918121    1.135113917    1.005030081
    6.122712644    1.134814937    1.001207221
    6.160507166    1.134577862    0.997412050
    6.198301689    1.134376470    0.993651672
    6.236096211    1.134152365    0.989921742
    6.273890734    1.133845866    0.986208785
    6.311685256    1.133428248    0.982494988
    6.349479779    1.132917461    0.978763565
    6.387274301    1.132368216    0.975002670
    6.425068824    1.131841312    0.971206589
    6.462863346    1.131368709    0.967374151
    6.500657868    1.130933622    0.963505490
    6.538452391    1.130477069    0.959598860
    6.576246913    1.129927951    0.955649043
    6.614041436    1.129240614    0.951647988
    6.651835958    1.128419243    0.947587279
    6.689630481    1.127515162    0.943461176
    6.727425003    1.126597688    0.939268840
    6.765219526    1.125713867    0.935014816
    6.803014048    1.124859058    0.930707767
    6.840808571    1.123975021    0.926358215
    6.878603093    1.122977531    0.921976466
    6.916397616    1.121799251    0.917571612
    6.954192138    1.120424685    0.913151907
    6.991986661    1.118897516    0.908726004
    7.029781183    1.117295145    0.904304180
    7.067575706    1.115683091    0.899898708
    7.105370228    1.114073553    0.895523055
    7.143164751    1.112411149    0.891190218
    7.180959273    1.110594968    0.886910967
    7.218753796    1.108526558    0.882692764
    7.256548318    1.106158809    0.878539675
    7.294342841    1.103518937    0.874453068
    7.332137363    1.100691462    0.870432376
    7.369931886    1.097768057    0.866475211
    7.407726408    1.094789375    0.862576496
    7.445520931    1.091709793    0.858726898
    7.483315453    1.088405644    0.854911365
    7.521109976    1.084725683    0.851108697
    7.558904498    1.080560180    0.847292723
    7.596699021    1.075893593    0.843434985
    7.634493543    1.070811629    0.839508143
    7.672288066    1.065454315    0.835489025
    7.710082588    1.059932699    0.831360348
    7.747877111    1.054245398    0.827110802
    7.785671633    1.048233313    0.822733835
    7.823466156    1.041595352    0.818226027
    7.861260678    1.033962084    0.813585972
    7.899055201    1.024999935    0.808814174
    7.936849723    1.014506618    0.803913854
    7.974644246    1.002463585    0.798892009
    8.012438768    0.989030118    0.793759924
    8.050233291    0.974486949    0.788532630
    8.088027813    0.959154820    0.783227342
    8.125822336    0.943318547    0.777861498
    8.163616858    0.927179819    0.772451199
    8.201411381    0.910847349    0.767010673
    8.239205903    0.894358483    0.761552845
    8.277000426    0.877717742    0.756090505
    8.314794948    0.860936515    0.750637265
    8.352589471    0.844062312    0.745207614
    8.390383993    0.827191731    0.739815865
    8.428178516    0.810465996    0.734474429
    8.465973038    0.794051000    0.729192230
    8.503767561    0.778106447    0.723974069
    8.541562083    0.762751863    0.718821247
    8.579356606    0.748040224    0.713733121
    8.617151128    0.733950219    0.708708700
    8.654945650    0.720403408    0.703747322
    8.692740173    0.707302750    0.698847854
    8.730534695    0.694577768    0.694006651
    8.768329218    0.682215161    0.689215235
    8.806123740    0.670257094    0.684459004
    8.843918263    0.658763449    0.679718022
    8.881712785    0.647753509    0.674970134
    8.919507308    0.637156944    0.670195663
    8.957301830    0.626804402    0.665382177
    8.995096353    0.616471408    0.660527639
    9.032890875    0.605961811    0.655640775
    9.070685398    0.595192352    0.650738489
    9.108479920    0.584232365    0.645841205
    9.146274443    0.573269525    0.640967771
    9.184068965    0.562508469    0.636131567
    9.221863488    0.552047288    0.631338950
    9.259658010    0.541796371    0.626590195
    9.297452533    0.531491165    0.621882174
    9.335247055    0.520807025    0.617211536
    9.373041578    0.509529409    0.612577128
    9.410836100    0.497694462    0.607980935
    9.448630623    0.485616894    0.603427527
    9.486425145    0.473769296    0.598922555
    9.524219668    0.462551536    0.594471141
    9.562014190    0.452055379    0.590076802
    9.599808713    0.441951732    0.585741190
    9.637603235    0.431587619    0.581464497
    9.675397758    0.420288270    0.577246102
    9.713192280    0.407755408    0.573085072
    9.750986803    0.394385899    0.568980294
    9.788781325    0.381343275    0.564930317
    9.826575848    0.370303435    0.560933103
    9.864370370    0.362932471    0.556985874
    9.902164893    0.360280113    0.553085121
    9.939959415    0.362328072    0.549226646
    9.977753938    0.367887631    0.545405473
   10.015548460    0.374908304    0.541615564
   10.053342983    0.381093503    0.537849457
   10.091137505    0.384591418    0.534098137
   10.128932028    0.384497118    0.530351435
   10.166726550    0.380981045    0.526599079
   10.204521073    0.375015956    0.522832170
   10.242315595    0.367840315    0.519044527
   10.280110118    0.360398345    0.515233293
   10.317904640    0.352991948    0.511398349
   10.355699163    0.345272868    0.507540608
   10.393493685    0.336545924    0.503659787
   10.431288208    0.326218713    0.499752643
   10.469082730    0.314179995    0.495812617
   10.506877253    0.300937927    0.491831364
   10.544671775    0.287472412    0.487801891
   10.582466298    0.274891516    0.483722242
   10.620260820    0.264065872    0.479598307
   10.658055343    0.255410704    0.475444449
   10.695849865    0.248900070    0.471281372
   10.733644388    0.244278387    0.467131656
   10.771438910    0.241340624    0.463014301
   10.809233432    0.240129405    0.458940069
   10.847027955    0.240951851    0.454909175
   10.884822477    0.244219268    0.450912074
   10.922617000    0.250205172    0.446932960
   10.960411522    0.258854492    0.442954627
   10.998206045    0.269742114    0.438962954
   11.036000567    0.282193557    0.434949486
   11.073795090    0.295491481    0.430911476
   11.111589612    0.309046899    0.426849733
   11.149384135    0.322437006    0.422765505
   11.187178657    0.335289610    0.418657862
   11.224973180    0.347084916    0.414522717
   11.262767702    0.356999722    0.410353829
   11.300562225    0.363906411    0.406145241
   11.338356747    0.366564303    0.401894030
   11.376151270    0.363941495    0.397602187
   11.413945792    0.355532460    0.393276904
   11.451740315    0.341528874    0.388929295
   11.489534837    0.322763911    0.384572248
   11.527329360    0.300453297    0.380218442
   11.565123882    0.275848721    0.375879377
   11.602918405    0.249954998    0.371565739
   11.640712927    0.223424456    0.367288772
   11.678507450    0.196650290    0.363061830
   11.716301972    0.169981954    0.358901258
   11.754096495    0.143929669    0.354826022
   11.791891017    0.119239067    0.350856098
   11.829685540    0.096791957    0.347010143
   11.867480062    0.077385109    0.343303222
   11.905274585    0.061505467    0.339745297
   11.943069107    0.049222856    0.336340788
   11.980863630    0.040259228    0.333089069
   12.018658152    0.034199767    0.329985431
   12.056452675    0.030735512    0.327021960
   12.094247197    0.029809794    0.324187985
   12.132041720    0.031591419    0.321470059
   12.169836242    0.036290138    0.318851763
   12.207630765    0.043915744    0.316313704
   12.245425287    0.054115243    0.313834029
   12.283219810    0.066184002    0.311389518
   12.321014332    0.079254987    0.308957094
   12.358808855    0.092572408    0.306515410
   12.396603377    0.105704272    0.304046213
   12.434397900    0.118572272    0.301535276
   12.472192422    0.131268585    0.298972856
   12.509986945    0.143743520    0.296353761
   12.547781467    0.155527468    0.293677127
   12.585575990    0.165651932    0.290945967
   12.623370512    0.172851602    0.288166542
   12.661165035    0.175998092    0.285347578
   12.698959557    0.174597301    0.282499437
   12.736754080    0.169134133    0.279633383
   12.774548602    0.161096836    0.276761106
   12.812343125    0.152639982    0.273894587
   12.850137647    0.145995078    0.271046219
   12.887932170    0.142844377    0.268228972
   12.925726692    0.143889598    0.265456346
   12.963521214    0.148766620    0.262741948
   13.001315737    0.156316615    0.260098724
   13.039110259    0.165085578    0.257538109
   13.076904782    0.173846493    0.255069428
   13.114699304    0.181950401    0.252699798
   13.152493827    0.189402466    0.250434511
   13.190288349    0.196681542    0.248277575
   13.228082872    0.204421131    0.246231962
   13.265877394    0.213105808    0.244299178
   13.303671917    0.222902335    0.242478123
   13.341466439    0.233663906    0.240763692
   13.379260962    0.245062271    0.239145828
   13.417055484    0.256754814    0.237609782
   13.454850007    0.268498858    0.236137893
   13.492644529    0.280172257    0.234712585
   13.530439052    0.291717687    0.233319636
   13.568233574    0.303065606    0.231950527
   13.606028097    0.314090744    0.230602912
   13.643822619    0.324624304    0.229278950
   13.681617142    0.334502012    0.227982147
   13.719411664    0.343603217    0.226714003
   13.757206187    0.351843391    0.225471932
   13.795000709    0.359116818    0.224249398
   13.832795232    0.365226336    0.223038301
   13.870589754    0.369856906    0.221832634
   13.908384277    0.372634396    0.220631896
   13.946178799    0.373265255    0.219442791
   13.983973322    0.371700098    0.218278486
   14.021767844    0.368234776    0.217155743
   14.059562367    0.363476685    0.216091138
   14.097356889    0.358160807    0.215097912
   14.135151412    0.352875149    0.214184677
   14.172945934    0.347812200    0.213356295
   14.210740457    0.342670434    0.212616236
   14.248534979    0.336777737    0.211969114
   14.286329502    0.329415249    0.211422008
   14.324124024    0.320225015    0.210983858
   14.361918547    0.309532091    0.210663124
   14.399713069    0.298428932    0.210464740
   14.437507592    0.288555077    0.210387748
   14.475302114    0.281625856    0.210424647
   14.513096637    0.278870322    0.210562742
   14.550891159    0.280585168    0.210786834
   14.588685682    0.285976350    0.211082057
   14.626480204    0.293355557    0.211435619
   14.664274727    0.300625930    0.211836793
   14.702069249    0.305883732    0.212275327
   14.739863772    0.307922859    0.212739210
   14.777658294    0.306472062    0.213212980
   14.815452817    0.302101426    0.213677560
   14.853247339    0.295861073    0.214111866
   14.891041862    0.288810456    0.214495673
   14.928836384    0.281625001    0.214812705
   14.966630907    0.274420742    0.215052855
   15.004425429    0.266839910    0.215212856
   15.042219952    0.258333579    0.215295425
   15.080014474    0.248505062    0.215307517
   15.117808996    0.237366392    0.215258630
   15.155603519    0.225409826    0.215159980
   15.193398041    0.213481575    0.215024868
   15.231192564    0.202527804    0.214869956
   15.268987086    0.193328917    0.214716687
   15.306781609    0.186331131    0.214591943
   15.344576131    0.181631706    0.214527243
   15.382370654    0.179102371    0.214556272
   15.420165176    0.178577006    0.214711131
   15.457959699    0.180008936    0.215018114
   15.495754221    0.183526174    0.215494027
   15.533548744    0.189365965    0.216143954
   15.571343266    0.197726933    0.216960964
   15.609137789    0.208612082    0.217927771
   15.646932311    0.221734712    0.219019837
   15.684726834    0.236525239    0.220209069
   15.722521356    0.252228242    0.221467170
   15.760315879    0.268039405    0.222767870
   15.798110401    0.283219530    0.224087693
   15.835904924    0.297141270    0.225405432
   15.873699446    0.309262842    0.226700936
   15.911493969    0.319061470    0.227954048
   15.949288491    0.325978821    0.229144415
   15.987083014    0.329422421    0.230252496
   16.024877536    0.328836353    0.231261511
   16.062672059    0.323817663    0.232159638
   16.100466581    0.314230401    0.232941528
   16.138261104    0.300268865    0.233608473
   16.176055626    0.282444540    0.234167058
   16.213850149    0.261504952    0.234626841
   16.251644671    0.238319975    0.234998033
   16.289439194    0.213778868    0.235290255
   16.327233716    0.188727177    0.235512978
   16.365028239    0.163945990    0.235677530
   16.402822761    0.140152314    0.235799740
   16.440617284    0.117991842    0.235901877
   16.478411806    0.098007488    0.236012636
   16.516206329    0.080590885    0.236164607
   16.554000851    0.065944408    0.236389601
   16.591795374    0.054084706    0.236713113
   16.629589896    0.044901174    0.237149552
   16.667384419    0.038252744    0.237699716
   16.705178941    0.034060628    0.238351164
   16.742973464    0.032349345    0.239081179
   16.780767986    0.033209534    0.239861186
   16.818562509    0.036695002    0.240661143
   16.856357031    0.042703520    0.241452681
   16.894151554    0.050905041    0.242210416
   16.931946076    0.060761661    0.242911645
   16.969740599    0.071637810    0.243535204
   17.007535121    0.082948960    0.244060416
   17.045329644    0.094270123    0.244466801
   17.083124166    0.105339204    0.244734731
   17.120918689    0.115942820    0.244846760
   17.158713211    0.125739757    0.244789084
   17.196507734    0.134125150    0.244552651
   17.234302256    0.140237982    0.244133652
   17.272096779    0.143158363    0.243533400
   17.309891301    0.142250103    0.242757798
   17.347685823    0.137519518    0.241816588
   17.385480346    0.129826259    0.240722513
   17.423274868    0.120820030    0.239490428
   17.461069391    0.112579156    0.238136388
   17.498863913    0.107052421    0.236676818
   17.536658436    0.105499190    0.235127975
   17.574452958    0.108139586    0.233505883
   17.612247481    0.114153838    0.231826816
   17.650042003    0.122034922    0.230108098
   17.687836526    0.130157878    0.228368808
   17.725631048    0.137343674    0.226629835
   17.763425571    0.143203039    0.224912962
   17.801220093    0.148143159    0.223239020
   17.839014616    0.153064382    0.221625614
   17.876809138    0.158901094    0.220085193
   17.914603661    0.166215333    0.218624187
   17.952398183    0.175011784    0.217243547
   17.990192706    0.184830273    0.215940439
   18.027987228    0.195041024    0.214710338
   18.065781751    0.205180063    0.213548594
   18.103576273    0.215156130    0.212450793
   18.141370796    0.225235627    0.211411812
   18.179165318    0.235828849    0.210424148
   18.216959841    0.247200525    0.209476499
   18.254754363    0.259262088    0.208553581
   18.292548886    0.271556496    0.207637656
   18.330343408    0.283443938    0.206711536
   18.368137931    0.294390789    0.205762166
   18.405932453    0.304208660    0.204783552
   18.443726976    0.313113720    0.203778054
   18.481521498    0.321567579    0.202755610
   18.519316021    0.329974399    0.201731255
   18.557110543    0.338387379    0.200721840
   18.594905066    0.346380454    0.199743048
   18.632699588    0.353164381    0.198807582
   18.670494111    0.357906227    0.197924799
   18.708288633    0.360106245    0.197101553
   18.746083156    0.359848985    0.196343609
   18.783877678    0.357797346    0.195656941
   18.821672201    0.354917221    0.195048446
   18.859466723    0.352051195    0.194525954
   18.897261246    0.349539597    0.194097666
   18.935055768    0.347075671    0.193771301
   18.972850291    0.343880483    0.193553175
   19.010644813    0.339136585    0.193447336
   19.048439336    0.332494239    0.193454810
   19.086233858    0.324418795    0.193573023
   19.124028381    0.316205952    0.193795545
   19.161822903    0.309629725    0.194112316
   19.199617426    0.306346236    0.194510449
   19.237411948    0.307285214    0.194975486
   19.275206471    0.312272433    0.195492756
   19.313000993    0.320034817    0.196048342
   19.350795516    0.328585493    0.196629275
   19.388590038    0.335835038    0.197222851
   19.426384561    0.340191481    0.197815460
   19.464179083    0.340928321    0.198391580
   19.501973605    0.338206072    0.198933692
   19.539768128    0.332779677    0.199423535
   19.577562650    0.325547526    0.199844535
   19.615357173    0.317146991    0.200184674
   19.653151695    0.307760299    0.200438757
   19.690946218    0.297187053    0.200609142
   19.728740740    0.285117120    0.200704620
   19.766535263    0.271454389    0.200737893
   19.804329785    0.256531813    0.200722724
   19.842124308    0.241120287    0.200672054
   19.879918830    0.226235432    0.200597938
   19.917713353    0.212838964    0.200513367
   19.955507875    0.201573724    0.200435080
   19.993302398    0.192647809    0.200385887
   20.031096920    0.185908315    0.200395051
   20.068891443    0.181056316    0.200495938
   20.106685965    0.177893258    0.200721205
   20.144480488    0.176481398    0.201096867
   20.182275010    0.177147596    0.201637106
   20.220069533    0.180336164    0.202341549
   20.257864055    0.186385732    0.203195890
   20.295658578    0.195335713    0.204175584
   20.333453100    0.206848015    0.205251234
   20.371247623    0.220271215    0.206393834
   20.409042145    0.234806955    0.207578220
   20.446836668    0.249693939    0.208783928
   20.484631190    0.264323307    0.209993728
   20.522425713    0.278239057    0.211191037
   20.560220235    0.291037520    0.212357713
   20.598014758    0.302230964    0.213473436
   20.635809280    0.311157849    0.214517097
   20.673603803    0.316998844    0.215469627
   20.711398325    0.318905780    0.216317099
   20.749192848    0.316195964    0.217052802
   20.786987370    0.308532899    0.217677456
   20.824781893    0.296020546    0.218197571
   20.862576415    0.279177614    0.218622769
   20.900370938    0.258810987    0.218963326
   20.938165460    0.235847655    0.219229079
   20.975959983    0.211194070    0.219430190
   21.013754505    0.185668063    0.219579389
   21.051549028    0.160005384    0.219694553
   21.089343550    0.134903705    0.219800186
   21.127138073    0.111051719    0.219926691
   21.164932595    0.089106651    0.220107106
   21.202727118    0.069620492    0.220371997
   21.240521640    0.052952378    0.220743966
   21.278316163    0.039220500    0.221233474
   21.316110685    0.028331636    0.221837311
   21.353905208    0.020086839    0.222540124
   21.391699730    0.014318671    0.223318397
   21.429494253    0.010992594    0.224145477
   21.467288775    0.010217121    0.224995960
   21.505083298    0.012150515    0.225848153
   21.542877820    0.016845426    0.226684152
   21.580672343    0.024109126    0.227488002
   21.618466865    0.033455000    0.228243121
   21.656261387    0.044178730    0.228930321
   21.694055910    0.055529302    0.229527395
   21.731850432    0.066892399    0.230010498
   21.769644955    0.077890870    0.230356800
   21.807439477    0.088344225    0.230547372
   21.845234000    0.098101700    0.230569289
   21.883028522    0.106836500    0.230416312
   21.920823045    0.113924100    0.230088147
   21.958617567    0.118502109    0.229588827
   21.996412090    0.119729137    0.228925013
   22.034206612    0.117159447    0.228104888
   22.072001135    0.111076637    0.227137865
   22.109795657    0.102622170    0.226034922
   22.147590180    0.093623640    0.224809041
   22.185384702    0.086148148    0.223475247
   22.223179225    0.081926550    0.222050035
   22.260973747    0.081860118    0.220550343
   22.298768270    0.085799452    0.218992512
   22.336562792    0.092682028    0.217391709
   22.374357315    0.100972300    0.215762060
   22.412151837    0.109228192    0.214117336
   22.449946360    0.116572506    0.212471748
   22.487740882    0.122896432    0.210840281
   22.525535405    0.128742136    0.209238191
   22.563329927    0.134947852    0.207679661
   22.601124450    0.142231294    0.206176024
   22.638918972    0.150896334    0.204734171
   22.676713495    0.160774067    0.203355738
   22.714508017    0.171391125    0.202037326
   22.752302540    0.182252974    0.200771656
   22.790097062    0.193086816    0.199549170
   22.827891585    0.203924532    0.198359549
   22.865686107    0.214998707    0.197192716
   22.903480630    0.226525010    0.196039232
   22.941275152    0.238500831    0.194890315
   22.979069675    0.250635674    0.193737832
   23.016864197    0.262452764    0.192574616
   23.054658720    0.273504950    0.191395198
   23.092453242    0.283582712    0.190196769
   23.130247765    0.292792999    0.188980025
   23.168042287    0.301455403    0.187749527
   23.205836810    0.309862013    0.186513402
   23.243631332    0.318026594    0.185282461
   23.281425855    0.325564321    0.184069021
   23.319220377    0.331783505    0.182885836
   23.357014900    0.335963432    0.181745395
   23.394809422    0.337691119    0.180659711
   23.432603945    0.337087751    0.179640452
   23.470398467    0.334798364    0.178699184
   23.508192990    0.331729284    0.177847442
   23.545987512    0.328644939    0.177096475
   23.583782035    0.325815847    0.176456640
   23.621576557    0.322899649    0.175936571
   23.659371080    0.319136327    0.175542293
   23.697165602    0.313790784    0.175276497
   23.734960125    0.306649840    0.175138109
   23.772754647    0.298338092    0.175122260
   23.810549169    0.290282620    0.175220691
   23.848343692    0.284304970    0.175422520
   23.886138214    0.281984912    0.175715256
   23.923932737    0.284049130    0.176085811
   23.961727259    0.290038308    0.176521229
   23.999521782    0.298395813    0.177008905
   24.037316304    0.306947739    0.177536202
   24.075110827    0.313583641    0.178089624
   24.112905349    0.316869766    0.178653941
   24.150699872    0.316364375    0.179211773
   24.188494394    0.312538617    0.179744075
   24.226288917    0.306374914    0.180231630
   24.264083439    0.298843324    0.180657293
   24.301877962    0.290490587    0.181008313
   24.339672484    0.281306577    0.181277978
   24.377467007    0.270895669    0.181465987
   24.415261529    0.258841233    0.181577451
   24.453056052    0.245072742    0.181620978
   24.490850574    0.230058474    0.181606744
   24.528645097    0.214740318    0.181545455
   24.566439619    0.200252846    0.181448770
   24.604234142    0.187566484    0.181331059
   24.642028664    0.177221146    0.181211651
   24.679823187    0.169264046    0.181116362
   24.717617709    0.163403191    0.181077137
   24.755412232    0.159287062    0.181129292
   24.793206754    0.156768377    0.181306732
   24.831001277    0.156027187    0.181636347
   24.868795799    0.157503344    0.182133258
   24.906590322    0.161681581    0.182798373
   24.944384844    0.168838951    0.183619000
   24.982179367    0.178874341    0.184572221
   25.019973889    0.191292404    0.185629849
   25.057768412    0.205335820    0.186763330
   25.095562934    0.220190201    0.187947109
   25.133357457    0.235158102    0.189159727
   25.171151979    0.249723336    0.190382812
   25.208946502    0.263488725    0.191598954
   25.246741024    0.276036903    0.192789758
   25.284535547    0.286801750    0.193935176
   25.322330069    0.295030089    0.195014537
   25.360124592    0.299865651    0.196008929
   25.397919114    0.300525289    0.196903943
   25.435713637    0.296492285    0.197691694
   25.473508159    0.287644787    0.198371328
   25.511302682    0.274270250    0.198947871
   25.549097204    0.256971105    0.199430023
   25.586891727    0.236514623    0.199827881
   25.624686249    0.213697833    0.200151605
   25.662480772    0.189279417    0.200411596
   25.700275294    0.163986795    0.200620061
   25.738069817    0.138562601    0.200793165
   25.775864339    0.113794007    0.200952635
   25.813658862    0.090481543    0.201125766
   25.851453384    0.069343402    0.201343318
   25.889247907    0.050894743    0.201635554
   25.927042429    0.035364695    0.202027388
   25.964836951    0.022702632    0.202533995
   26.002631474    0.012683748    0.203158165
   26.040425996    0.005072853    0.203890124
   26.078220519   -0.000228760    0.204709800
   26.116015041   -0.003126068    0.205590740
   26.153809564   -0.003395316    0.206504412
   26.191604086   -0.000844336    0.207423664
   26.229398609    0.004508374    0.208324511
   26.267193131    0.012326062    0.209186096
   26.304987654    0.021976636    0.209989373
   26.342782176    0.032681942    0.210715424
   26.380576699    0.043724643    0.211344372
   26.418371221    0.054610538    0.211855463
   26.456165744    0.065101291    0.212228365
   26.493960266    0.075095230    0.212445198
   26.531754789    0.084413692    0.212492542
   26.569549311    0.092608509    0.212362741
   26.607343834    0.098911057    0.212054122
   26.645138356    0.102387461    0.211570219
   26.682932879    0.102269328    0.210918418
   26.720727401    0.098337161    0.210108579
   26.758521924    0.091188648    0.209152059
   26.796316446    0.082251795    0.208061273
   26.834110969    0.073496912    0.206849644
   26.871905491    0.066924379    0.205531659
   26.909700014    0.064004144    0.204122738
   26.947494536    0.065273321    0.202638868
   26.985289059    0.070243707    0.201096110
   27.023083581    0.077652273    0.199510214
   27.060878104    0.085953868    0.197896535
   27.098672626    0.093863228    0.196270223
   27.136467149    0.100741699    0.194646484
   27.174261671    0.106696687    0.193040574
   27.212056194    0.112385780    0.191467273
   27.249850716    0.118637962    0.189939806
   27.287645239    0.126069551    0.188468472
   27.325439761    0.134856661    0.187059413
   27.363234284    0.144740674    0.185713978
   27.401028806    0.155230697    0.184428932
   27.438823329    0.165880284    0.183197407
   27.476617851    0.176493441    0.182010272
   27.514412374    0.187163715    0.180857417
   27.552206896    0.198142580    0.179728624
   27.590001419    0.209621790    0.178613908
   27.627795941    0.221555128    0.177503573
   27.665590464    0.233619019    0.176388337
   27.703384986    0.245333776    0.175259864
   27.741179509    0.256278926    0.174111801
   27.778974031    0.266283109    0.172941065
   27.816768554    0.275479698    0.171748937
   27.854563076    0.284188947    0.170541472
   27.892357599    0.292680874    0.169328969
   27.930152121    0.300941977    0.168124595
   27.967946644    0.308575725    0.166942592
   28.005741166    0.314905245    0.165796668
   28.043535689    0.319244937    0.164699058
   28.081330211    0.321216438    0.163660475
   28.119124733    0.320950964    0.162690759
   28.156919256    0.319065338    0.161799783
   28.194713778    0.316405008    0.160998054
   28.232508301    0.313664589    0.160296651
   28.270302823    0.311067041    0.159706387
   28.308097346    0.308268365    0.159236463
   28.345891868    0.304557077    0.158893029
   28.383686391    0.299278792    0.158678130
   28.421480913    0.292300494    0.158589336
   28.459275436    0.284293149    0.158620118
   28.497069958    0.276676877    0.158760803
   28.534864481    0.271214849    0.158999786
   28.572659003    0.269398603    0.159324645
   28.610453526    0.271867962    0.159722901
   28.648248048    0.278105872    0.160182262
   28.686042571    0.286540941    0.160690373
   28.723837093    0.295023864    0.161234211
   28.761631616    0.301490968    0.161799399
   28.799426138    0.304555453    0.162369750
   28.837220661    0.303805266    0.162927356
   28.875015183    0.299717111    0.163453407
   28.912809706    0.293259518    0.163929739
   28.950604228    0.285381843    0.164340794
   28.988398751    0.276617965    0.164675532
   29.026193273    0.266963717    0.164928683
   29.063987796    0.256051907    0.165100955
   29.101782318    0.243512280    0.165198107
   29.139576841    0.229327579    0.165229282
   29.177371363    0.214012046    0.165205304
   29.215165886    0.198533143    0.165137748
   29.252960408    0.184022740    0.165039258
   29.290754931    0.171420566    0.164925054
   29.328549453    0.161216943    0.164814929
   29.366343976    0.153406248    0.164734611
   29.404138498    0.147657566    0.164715416
   29.441933021    0.143606739    0.164791605
   29.479727543    0.141122467    0.164995759
   29.517522066    0.140420138    0.165353277
   29.555316588    0.141976624    0.165877652
   29.593111111    0.146296501    0.166568034
   29.630905633    0.153647740    0.167409914
   29.668700156    0.163892208    0.168378699
   29.706494678    0.176483323    0.169444958
   29.744289201    0.190618824    0.170579590
   29.782083723    0.205463542    0.171757313
   29.819878246    0.220330135    0.172957623
   29.857672768    0.234735676    0.174163416
   29.895467291    0.248320905    0.175358408
   29.933261813    0.260690891    0.176524843
   29.971056336    0.271274772    0.177642770
   30.008850858    0.279290330    0.178691330
   30.046645381    0.283844232    0.179651578
   30.084439903    0.284129989    0.180509652
   30.122234426    0.279637624    0.181258951
   30.160028948    0.270284771    0.181900432
   30.197823471    0.256418531    0.182440997
   30.235617993    0.238699359    0.182890752
   30.273412515    0.217930472    0.183260442
   30.311207038    0.194913325    0.183560197
   30.349001560    0.170384941    0.183800153
   30.386796083    0.145041541    0.183992593
   30.424590605    0.119603383    0.184154484
   30.462385128    0.094854493    0.184309041
   30.500179650    0.071608867    0.184485219
   30.537974173    0.050601436    0.184714788
   30.575768695    0.032351524    0.185027626
   30.613563218    0.017071139    0.185446531
   30.651357740    0.004675143    0.185983113
   30.689152263   -0.005098273    0.186635970
   30.726946785   -0.012506045    0.187391595
   30.764741308   -0.017642831    0.188227550
   30.802535830   -0.020386966    0.189116798
   30.840330353   -0.020481438    0.190031801
   30.878124875   -0.017714853    0.190947280
   30.915919398   -0.012114718    0.191841137
   30.953713920   -0.004054673    0.192693751
   30.991508443    0.005783778    0.193486407
   31.029302965    0.016583252    0.194199822
   31.067097488    0.027615431    0.194813546
   31.104892010    0.038406986    0.195306551
   31.142686533    0.048759240    0.195658822
   31.180481055    0.058606108    0.195853367
   31.218275578    0.067780497    0.195877972
   31.256070100    0.075816377    0.195726153
   31.293864623    0.081911161    0.195397128
   31.331659145    0.085106852    0.194894963
   31.369453668    0.084645619    0.194227312
   31.407248190    0.080362528    0.193404188
   31.445042713    0.072940220    0.192437094
   31.482837235    0.063889622    0.191338586
   31.520631758    0.055224992    0.190122152
   31.558426280    0.048928054    0.188802186
   31.596220803    0.046389704    0.187393855
   31.634015325    0.048036313    0.185912815
   31.671809848    0.053280430    0.184374836
   31.709604370    0.060809667    0.182795508
   31.747398893    0.069095672    0.181190117
   31.785193415    0.076923254    0.179573703
   31.822987938    0.083741762    0.177961136
   31.860782460    0.089723821    0.176367003
   31.898576983    0.095542491    0.174805122
   31.936371505    0.101991104    0.173287666
   31.974166028    0.109622386    0.171824055
   32.011960550    0.118555692    0.170419932
   32.049755073    0.128510717    0.169076566
   32.087549595    0.139017645    0.167790888
   32.125344118    0.149678116    0.166556179
   32.163138640    0.160341369    0.165363194
   32.200933163    0.171115889    0.164201406
   32.238727685    0.182227662    0.163060041
   32.276522208    0.193815241    0.161928780
   32.314316730    0.205780275    0.160798147
   32.352111253    0.217777447    0.159659789
   32.389905775    0.229349567    0.158506879
   32.427700297    0.240133081    0.157334752
   32.465494820    0.250018785    0.156141700
   32.503289342    0.259173666    0.154929671
   32.541083865    0.267902447    0.153704580
   32.578878387    0.276414763    0.152475989
   32.616672910    0.284620241    0.151256172
   32.654467432    0.292068207    0.150058790
   32.692261955    0.298080933    0.148897562
   32.730056477    0.302031093    0.147785344
   32.767851000    0.303634458    0.146733815
   32.805645522    0.303109765    0.145753751
   32.843440045    0.301113003    0.144855602
   32.881234567    0.298459972    0.144049959
   32.919029090    0.295758871    0.143347548
   32.956823612    0.293130121    0.142758608
   32.994618135    0.290162603    0.142291752
   33.032412657    0.286151868    0.141952646
   33.070207180    0.280531764    0.141742949
   33.108001702    0.273308849    0.141659847
   33.145796225    0.265289357    0.141696365
   33.183590747    0.257965837    0.141842325
   33.221385270    0.253074374    0.142085672
   33.259179792    0.251981043    0.142413732
   33.296974315    0.255141062    0.142814053
   33.334768837    0.261855635    0.143274599
   33.372563360    0.270434900    0.143783324
   33.410357882    0.278710088    0.144327349
   33.448152405    0.284695697    0.144892122
   33.485946927    0.287144997    0.145460984
   33.523741450    0.285793926    0.146015450
   33.561535972    0.281224934    0.146536331
   33.599330495    0.274442526    0.147005516
   33.637125017    0.266365514    0.147408016
   33.674919540    0.257459848    0.147733712
   33.712714062    0.247656112    0.147978300
   33.750508585    0.236557617    0.148143153
   33.788303107    0.223813186    0.148234206
   33.826097630    0.209462303    0.148260333
   33.863892152    0.194085947    0.148231924
   33.901686675    0.178697484    0.148160320
   33.939481197    0.164433750    0.148058435
   33.977275720    0.152197342    0.147942336
   34.015070242    0.142416457    0.147833037
   34.052864765    0.135025083    0.147757466
   34.090659287    0.129657584    0.147747667
   34.128453810    0.125951402    0.147837860
   34.166248332    0.123806484    0.148059752
   34.204042855    0.123478988    0.148437244
   34.241837377    0.125472228    0.148982085
   34.279631900    0.130286286    0.149691844
   34.317426422    0.138151545    0.150550881
   34.355220945    0.148871863    0.151534026
   34.393015467    0.161843296    0.152611745
   34.430809990    0.176226357    0.153755119
   34.468604512    0.191177878    0.154939124
   34.506399035    0.206026947    0.156143442
   34.544193557    0.220316111    0.157351044
   34.581988079    0.233703048    0.158545636
   34.619782602    0.245790714    0.159709470
   34.657577124    0.255989246    0.160822694
   34.695371647    0.263494470    0.161864709
   34.733166169    0.267406937    0.162817003
   34.770960692    0.266943903    0.163666290
   34.808755214    0.261650757    0.164406623
   34.846549737    0.251519937    0.165039605
   34.884344259    0.236971794    0.165572689
   34.922138782    0.218718047    0.166016384
   34.959933304    0.197580433    0.166381674
   34.997727827    0.174349320    0.166678826
   35.035522349    0.149735502    0.166918099
   35.073316872    0.124411523    0.167111984
   35.111111394    0.099088149    0.167277788
   35.148905917    0.074553950    0.167439146
   35.186700439    0.051630509    0.167625359
   35.224494962    0.031048508    0.167868273
   35.262289484    0.013301754    0.168197391
   35.300084007   -0.001442089    0.168634630
   35.337878529   -0.013317069    0.169190316
   35.375673052   -0.022619387    0.169861617
   35.413467574   -0.029612191    0.170633751
   35.451262097   -0.034368106    0.171483427
   35.489056619   -0.036729961    0.172383264
   35.526851142   -0.036414656    0.173305800
   35.564645664   -0.033213400    0.174226019
   35.602440187   -0.027190035    0.175122009
   35.640234709   -0.018775386    0.175974091
   35.678029232   -0.008703869    0.176763249
   35.715823754    0.002183118    0.177469823
   35.753618277    0.013172942    0.178073150
   35.791412799    0.023837882    0.178552353
   35.829207322    0.034028407    0.178887982
   35.867001844    0.043701671    0.179063923
   35.904796367    0.052671929    0.179068919
   35.942590889    0.060421045    0.178897298
   35.980385412    0.066092572    0.178548815
   36.018179934    0.068713954    0.178027814
   36.055974457    0.067581706    0.177342104
   36.093768979    0.062654632    0.176501895
   36.131563502    0.054774616    0.175519025
   36.169358024    0.045590112    0.174406498
   36.207152547    0.037174101    0.173178238
   36.244947069    0.031456914    0.171848895
   36.282741592    0.029678321    0.170433628
   36.320536114    0.032064109    0.168947847
   36.358330637    0.037847449    0.167406999
   36.396125159    0.045619868    0.165826457
   36.433919682    0.053868187    0.164221536
   36.471714204    0.061486775    0.162607535
   36.509508727    0.068076109    0.160999659
   36.547303249    0.073936891    0.159412682
   36.585097772    0.079798988    0.157860261
   36.622892294    0.086428798    0.156354002
   36.660686817    0.094293833    0.154902462
   36.698481339    0.103418142    0.153510362
   36.736275861    0.113462487    0.152178240
   36.774070384    0.123957542    0.150902647
   36.811864906    0.134555716    0.149676828
   36.849659429    0.145173592    0.148491703
   36.887453951    0.155964528    0.147336892
   36.925248474    0.167153184    0.146201596
   36.963042996    0.178833658    0.145075259
   37.000837519    0.190846860    0.143948066
   37.038632041    0.202805613    0.142811428
   37.076426564    0.214253816    0.141658569
   37.114221086    0.224871877    0.140485252
   37.152015609    0.234613295    0.139290514
   37.189810131    0.243691366    0.138077206
   37.227604654    0.252413698    0.136852086
   37.265399176    0.260945460    0.135625339
   37.303193699    0.269126603    0.134409575
   37.340988221    0.276448870    0.133218542
   37.378782744    0.282222194    0.132065896
   37.416577266    0.285863371    0.130964381
   37.454371789    0.287171003    0.129925573
   37.492166311    0.286446443    0.128960161
   37.529960834    0.284386966    0.128078485
   37.567755356    0.281786021    0.127290965
   37.605549879    0.279174654    0.126608082
   37.643344401    0.276578609    0.126039757
   37.681138924    0.273523283    0.125594222
   37.718933446    0.269308698    0.125276713
   37.756727969    0.263447345    0.125088398
   37.794522491    0.256069441    0.125025916
   37.832317014    0.248097110    0.125081706
   37.870111536    0.241077575    0.125245046
   37.907906059    0.236710185    0.125503455
   37.945700581    0.236239759    0.125844041
   37.983495104    0.239957326    0.126254347
   38.021289626    0.247015782    0.126722480
   38.059084149    0.255644377    0.127236544
   38.096878671    0.263684413    0.127783665
   38.134673194    0.269238929    0.128349072
   38.172467716    0.271187254    0.128915708
   38.210262239    0.269378404    0.129464692
   38.248056761    0.264456447    0.129976671
   38.285851284    0.257424140    0.130433814
   38.323645806    0.249151816    0.130821906
   38.361440329    0.240044816    0.131131976
   38.399234851    0.229996281    0.131360962
   38.437029374    0.218615387    0.131511265
   38.474823896    0.205597545    0.131589421
   38.512618419    0.191047559    0.131604466
   38.550412941    0.175600770    0.131566706
   38.588207464    0.160290648    0.131487473
   38.626001986    0.146232931    0.131380037
   38.663796509    0.134279120    0.131261298
   38.701591031    0.124799233    0.131153445
   38.739385554    0.117685536    0.131084552
   38.777180076    0.112560986    0.131087328
   38.814974599    0.109080939    0.131195799
   38.852769121    0.107178609    0.131440484
   38.890563643    0.107139157    0.131843270
   38.928358166    0.109474477    0.132413483
   38.966152688    0.114666822    0.133146380
   39.003947211    0.122908138    0.134024585
   39.041741733    0.133957182    0.135022014
   39.079536256    0.147173519    0.136109021
   39.117330778    0.161699695    0.137257138
   39.155125301    0.176693988    0.138441999
   39.192919823    0.191498948    0.139643838
   39.230714346    0.205671258    0.140845892
   39.268508868    0.218873911    0.142031860
   39.306303391    0.230703221    0.143183872
   39.344097913    0.240555240    0.144282072
   39.381892436    0.247614139    0.145306158
   39.419686958    0.250981758    0.146238298
   39.457481481    0.249895867    0.147066194
   39.495276003    0.243940741    0.147785013
   39.533070526    0.233158369    0.148397379
   39.570865048    0.218017993    0.148911492
   39.608659571    0.199269223    0.149338275
   39.646454093    0.177755151    0.149688872
   39.684248616    0.154271695    0.149973637
   39.722043138    0.129524836    0.150203065
   39.759837661    0.104178643    0.150390159
   39.797632183    0.078936013    0.150553013
   39.835426706    0.054578253    0.150716133
   39.873221228    0.031916780    0.150909454
   39.911015751    0.011665229    0.151164878
   39.948810273   -0.005707516    0.151511149
   39.986604796   -0.020062681    0.151968595
   40.024399318   -0.031559372    0.152545358
   40.062193841   -0.040506964    0.153236255
   40.099988363   -0.047166122    0.154024482
   40.137782886   -0.051594722    0.154885444
   40.175577408   -0.053618559    0.155791324
   40.213371931   -0.052947490    0.156714979
   40.251166453   -0.049384153    0.157632122
   40.288960976   -0.043022107    0.158521577
   40.326755498   -0.034330474    0.159364090
   40.364550021   -0.024075415    0.160140650
   40.402344543   -0.013110360    0.160831307
   40.440139066   -0.002136167    0.161415088
   40.477933588    0.008447084    0.161871088
   40.515728111    0.018516747    0.162180297
   40.553522633    0.028039280    0.162327496
   40.591317156    0.036813414    0.162302597
   40.629111678    0.044288848    0.162101104
   40.666906201    0.049582196    0.161723713
   40.704700723    0.051725220    0.161175369
   40.742495246    0.050066746    0.160464172
   40.780289768    0.044662411    0.159600456
   40.818084291    0.036469214    0.158596169
   40.855878813    0.027228293    0.157464506
   40.893673336    0.019044047    0.156219645
   40.931467858    0.013797559    0.154876475
   40.969262381    0.012609269    0.153450277
   41.007056903    0.015554187    0.151956420
   41.044851425    0.021735517    0.150410180
   41.082645948    0.029680415    0.148826721
   41.120440470    0.037895679    0.147221197
   41.158234993    0.045365170    0.145608836
   41.196029515    0.051806880    0.144004817
   41.233824038    0.057617399    0.142423813
   41.271618560    0.063564577    0.140879204
   41.309413083    0.070386871    0.139382079
   41.347207605    0.078479597    0.137940283
   41.385002128    0.087789573    0.136557743
   41.422796650    0.097932384    0.135234264
   41.460591173    0.108443048    0.133965837
   41.498385695    0.119018691    0.132745353
   41.536180218    0.129631750    0.131563543
   41.573974740    0.140469583    0.130409942
   41.611769263    0.151749800    0.129273727
   41.649563785    0.163522820    0.128144398
   41.687358308    0.175574321    0.127012356
   41.725152830    0.187482159    0.125869459
   41.762947353    0.198796498    0.124709623
   41.800741875    0.209243475    0.123529471
   41.838536398    0.218837554    0.122328906
   41.876330920    0.227834014    0.121111451
   41.914125443    0.236537737    0.119884212
   41.951919965    0.245063891    0.118657373
   41.989714488    0.253178747    0.117443307
   42.027509010    0.260315524    0.116255470
   42.065303533    0.265775164    0.115107362
   42.103098055    0.269026290    0.114011794
   42.140892578    0.269960584    0.112980613
   42.178687100    0.268971127    0.112024841
   42.216481623    0.266800210    0.111155045
   42.254276145    0.264214558    0.110381632
   42.292070668    0.261656489    0.109714802
   42.329865190    0.259043392    0.109163982
   42.367659713    0.255829132    0.108736821
   42.405454235    0.251322679    0.108437994
   42.443248758    0.245134296    0.108268185
   42.481043280    0.237546785    0.108223625
   42.518837803    0.229625813    0.108296394
   42.556632325    0.222986605    0.108475419
   42.594426848    0.219281554    0.108747912
   42.632221370    0.219600005    0.109100746
   42.670015893    0.224020322    0.109521359
   42.707810415    0.231501177    0.109997873
   42.745604938    0.240164752    0.110518458
   42.783399460    0.247866208    0.111070245
   42.821193983    0.252829542    0.111638323
   42.858988505    0.254108525    0.112205341
   42.896783028    0.251711051    0.112752074
   42.934577550    0.246369454    0.113258981
   42.972372073    0.239084722    0.113708378
   43.010166595    0.230656268    0.114086637
   43.047961118    0.221397405    0.114385740
   43.085755640    0.211139331    0.114603719
   43.123550163    0.199490359    0.114743920
   43.161344685    0.186204641    0.114813449
   43.199139207    0.171474926    0.114821481
   43.236933730    0.156010943    0.114778199
   43.274728252    0.140872797    0.114694859
   43.312522775    0.127144919    0.114584999
   43.350317297    0.115606416    0.114466290
   43.388111820    0.106547977    0.114362074
   43.425906342    0.099809909    0.114301601
   43.463700865    0.095009069    0.114318308
   43.501495387    0.091835824    0.114446094
   43.539289910    0.090275523    0.114714348
   43.577084432    0.090652057    0.115142994
   43.614878955    0.093480376    0.115739012
   43.652673477    0.099205883    0.116495496
   43.690468000    0.107958139    0.117393554
   43.728262522    0.119432696    0.118406459
   43.766057045    0.132947705    0.119504703
   43.803851567    0.147636207    0.120660408
   43.841646090    0.162673040    0.121849858
   43.879440612    0.177426064    0.123053666
   43.917235135    0.191467101    0.124255077
   43.955029657    0.204453485    0.125437541
   43.992824180    0.215957910    0.126582931
   44.030618702    0.225349322    0.127671397
   44.068413225    0.231799848    0.128683066
   44.106207747    0.234427658    0.129600930
   44.144002270    0.232516918    0.130413740
   44.181796792    0.225717810    0.131117686
   44.219591315    0.214140176    0.131716172
   44.257385837    0.198306563    0.132217845
   44.295180360    0.178996844    0.132633796
   44.332974882    0.157063292    0.132975221
   44.370769405    0.133299429    0.133252621
   44.408563927    0.108407972    0.133476865
   44.446358450    0.083054430    0.133661591
   44.484152972    0.057945420    0.133825661
   44.521947495    0.033859786    0.133994259
   44.559742017    0.011591490    0.134197644
   44.597536540   -0.008181212    0.134467481
   44.635331062   -0.025036513    0.134831634
   44.673125585   -0.038880746    0.135308987
   44.710920107   -0.049901177    0.135905911
   44.748714630   -0.058409679    0.136615438
   44.786509152   -0.064646426    0.137419294
   44.824303675   -0.068639639    0.138291942
   44.862098197   -0.070195315    0.139205221
   44.899892720   -0.069028566    0.140132134
   44.937687242   -0.064975870    0.141048802
   44.975481765   -0.058182565    0.141934455
   45.013276287   -0.049167034    0.142770044
   45.051070810   -0.038721591    0.143536505
   45.088865332   -0.027692361    0.144213670
   45.126659855   -0.016745300    0.144780380
   45.164454377   -0.006238145    0.145215788
   45.202248900    0.003731262    0.145501323
   45.240043422    0.013119832    0.145622574
   45.277837945    0.021683981    0.145570498
   45.315632467    0.028820342    0.145341656
   45.353426989    0.033615984    0.144937623
   45.391221512    0.035127688    0.144363927
   45.429016034    0.032795515    0.143628976
   45.466810557    0.026815680    0.142743244
   45.504605079    0.018292715    0.141718790
   45.542399602    0.009069338    0.140568985
   45.580194124    0.001263470    0.139308255
   45.617988647   -0.003331018    0.137951748
   45.655783169   -0.003757421    0.136514911
   45.693577692   -0.000127499    0.135013132
   45.731372214    0.006514763    0.133461567
   45.769166737    0.014636174    0.131875202
   45.806961259    0.022783534    0.130269060
   45.844755782    0.030056342    0.128658335
   45.882550304    0.036312401    0.127058242
   45.920344827    0.042056253    0.125483457
   45.958139349    0.048094438    0.123947185
   45.995933872    0.055130078    0.122460071
   46.033728394    0.063476082    0.121029248
   46.071522917    0.072993628    0.119657781
   46.109317439    0.083248878    0.118344657
   46.147111962    0.093780981    0.117085258
   46.184906484    0.104333961    0.115872172
   46.222701007    0.114938864    0.114696103
   46.260495529    0.125819305    0.113546705
   46.298290052    0.137187423    0.112413277
   46.336084574    0.149051076    0.111285347
   46.373879097    0.161141451    0.110153264
   46.411673619    0.173001458    0.109008861
   46.449468142    0.184186333    0.107846216
   46.487262664    0.194465439    0.106662397
   46.525057187    0.203911015    0.105458041
   46.562851709    0.212817772    0.104237567
   46.600646232    0.221487280    0.103008936
   46.638440754    0.229986722    0.101782959
   46.676235277    0.238012683    0.100572292
   46.714029799    0.244944135    0.099390354
   46.751824322    0.250075607    0.098250410
   46.789618844    0.252927179    0.097165010
   46.827413367    0.253480589    0.096145843
   46.865207889    0.252216803    0.095203919
   46.903002412    0.249921015    0.094349879
   46.940796934    0.247334847    0.093594170
   46.978591457    0.244817498    0.092946868
   47.016385979    0.242185693    0.092417046
   47.054180502    0.238828027    0.092011783
   47.091975024    0.234063591    0.091735044
   47.129769547    0.227594345    0.091586781
   47.167564069    0.219842896    0.091562577
   47.205358592    0.212002416    0.091654006
   47.243153114    0.205742111    0.091849660
   47.280947637    0.202660673    0.092136558
   47.318742159    0.203695741    0.092501494
   47.356536682    0.208727127    0.092931878
   47.394331204    0.216539958    0.093415805
   47.432125727    0.225170376    0.093941360
   47.469920249    0.232502192    0.094495496
   47.507714771    0.236884210    0.095063032
   47.545509294    0.237536497    0.095626316
   47.583303816    0.234608598    0.096165918
   47.621098339    0.228900755    0.096662333
   47.658892861    0.221395521    0.097098278
   47.696687384    0.212813682    0.097460916
   47.734481906    0.203379573    0.097743307
   47.772276429    0.192874034    0.097944639
   47.810070951    0.180919319    0.098069237
   47.847865474    0.167340125    0.098124833
   47.885659996    0.152421302    0.098120851
   47.923454519    0.136942187    0.098067508
   47.961249041    0.121978369    0.097976157
   47.999043564    0.108570566    0.097860781
   48.036838086    0.097417286    0.097739957
   48.074632609    0.088729275    0.097638269
   48.112427131    0.082301769    0.097586170
   48.150221654    0.077756498    0.097617761
   48.188016176    0.074828821    0.097766647
   48.225810699    0.073560843    0.098060790
   48.263605221    0.074312796    0.098517741
   48.301399744    0.077595054    0.099141665
   48.339194266    0.083807545    0.099923047
   48.376988789    0.093012469    0.100841167
   48.414783311    0.104843650    0.101868537
   48.452577834    0.118585440    0.102975886
   48.490372356    0.133371961    0.104136186
   48.528166879    0.148403729    0.105326658
   48.565961401    0.163078109    0.106528514
   48.603755924    0.176980403    0.107725071
   48.641550446    0.189756666    0.108899444
   48.679344969    0.200949936    0.110033100
   48.717139491    0.209898794    0.111106096
   48.754934014    0.215763998    0.112099024
   48.792728536    0.217683248    0.112995912
   48.830523059    0.214989711    0.113786884
   48.868317581    0.207398529    0.114469473
   48.906112104    0.195081803    0.115048081
   48.943906626    0.178606675    0.115531843
   48.981701149    0.158774860    0.115931917
   49.019495671    0.136443172    0.116259411
   49.057290194    0.112403584    0.116524895
   49.095084716    0.087360807    0.116739711
   49.132879239    0.061988197    0.116918383
   49.170673761    0.036999920    0.117080873
   49.208468284    0.013171485    0.117253313
   49.246262806   -0.008725481    0.117466360
   49.284057329   -0.028053795    0.117751252
   49.321851851   -0.044441266    0.118134549
   49.359646374   -0.057836230    0.118633140
   49.397440896   -0.068445839    0.119251087
   49.435235419   -0.076574421    0.119979244
   49.473029941   -0.082434473    0.120797663
   49.510824464   -0.086023640    0.121679852
   49.548618986   -0.087133760    0.122597411
   49.586413509   -0.085494257    0.123523628
   49.624208031   -0.080982932    0.124435147
   49.662002553   -0.073798534    0.125311673
   49.699797076   -0.064503345    0.126134397
   49.737591598   -0.053906132    0.126884234
   49.775386121   -0.042836866    0.127540844
   49.813180643   -0.031923526    0.128082951
   49.850975166   -0.021486096    0.128489854
   49.888769688   -0.011607454    0.128743512
   49.926564211   -0.002349645    0.128830427
   49.964358733    0.005998486    0.128742724
   50.002153256    0.012786965    0.128478177
   50.039947778    0.017087070    0.128039413
   50.077742301    0.017994909    0.127432717
   50.115536823    0.015048324    0.126666929
   50.153331346    0.008577133    0.125752709
   50.191125868   -0.000187033    0.124702187
   50.228920391   -0.009327210    0.123528809
   50.266714913   -0.016735555    0.122247155
   50.304509436   -0.020715161    0.120872586
   50.342303958   -0.020463944    0.119420763
   50.380098481   -0.016255041    0.117907205
   50.417893003   -0.009247297    0.116347077
   50.455687526   -0.001007170    0.114755253
   50.493482048    0.007064097    0.113146575
   50.531276571    0.014175063    0.111536045
   50.569071093    0.020302468    0.109938707
   50.606865616    0.026033382    0.108369056
   50.644660138    0.032193816    0.106840042
   50.682454661    0.039445623    0.105361905
   50.720249183    0.048027252    0.103941180
   50.758043706    0.057730513    0.102580169
   50.795838228    0.068088001    0.101277021
   50.833632751    0.078650816    0.100026334
   50.871427273    0.089206545    0.098820091
   50.909221796    0.099832841    0.097648646
   50.947016318    0.110775371    0.096501573
   50.984810841    0.122231504    0.095368314
   51.022605363    0.134166471    0.094238712
   51.060399886    0.146265748    0.093103544
   51.098194408    0.158050282    0.091955155
   51.135988931    0.169091068    0.090788209
   51.173783453    0.179203843    0.089600417
   51.211577976    0.188512724    0.088393064
   51.249372498    0.197339643    0.087171153
   51.287167021    0.205970043    0.085943080
   51.324961543    0.214415627    0.084719883
   51.362756066    0.222304706    0.083514234
   51.400550588    0.228971973    0.082339420
   51.438345111    0.233719959    0.081208531
   51.476139633    0.236133003    0.080134005
   51.513934156    0.236288588    0.079127544
   51.551728678    0.234751496    0.078200283
   51.589523201    0.232337384    0.077363015
   51.627317723    0.229746946    0.076626241
   51.665112246    0.227243829    0.075999888
   51.702906768    0.224541063    0.075492635
   51.740701291    0.220971225    0.075110945
   51.778495813    0.215883365    0.074858044
   51.816290336    0.209095550    0.074733147
   51.854084858    0.201190607    0.074731206
   51.891879380    0.193497428    0.074843341
   51.929673903    0.187730476    0.075057876
   51.967468425    0.185409889    0.075361711
   52.005262948    0.187287219    0.075741603
   52.043057470    0.193010302    0.076184940
   52.080851993    0.201169095    0.076679747
   52.118646515    0.209711095    0.077213948
   52.156441038    0.216565943    0.077774243
   52.194235560    0.220238095    0.078345129
   52.232030083    0.220147573    0.078908654
   52.269824605    0.216610644    0.079445220
   52.307619128    0.210504407    0.079935406
   52.345413650    0.202784991    0.080362350
   52.383208173    0.194075574    0.080713973
   52.421002695    0.184491440    0.080984323
   52.458797218    0.173751273    0.081173624
   52.496591740    0.161492504    0.081287083
   52.534386263    0.147622861    0.081333015
   52.572180785    0.132535901    0.081321129
   52.609975308    0.117092469    0.081261757
   52.647769830    0.102384595    0.081166439
   52.685564353    0.089398696    0.081049632
   52.723358875    0.078735722    0.080930755
   52.761153398    0.070511389    0.080835474
   52.798947920    0.064469797    0.080795231
   52.836742443    0.060242950    0.080844596
   52.874536965    0.057624607    0.081016772
   52.912331488    0.056727443    0.081338319
   52.950126010    0.057954390    0.081824584
   52.987920533    0.061805948    0.082477179
   53.025715055    0.068621225    0.083284280
   53.063509578    0.078376177    0.084223600
   53.101304100    0.090628597    0.085267069
   53.139098623    0.104624934    0.086385721
   53.176893145    0.119506836    0.087553345
   53.214687668    0.134512580    0.088748008
   53.252482190    0.149079274    0.089951405
   53.290276713    0.162808073    0.091146826
   53.328071235    0.175326888    0.092316987
   53.365865758    0.186137030    0.093442927
   53.403660280    0.194536786    0.094504616
   53.441454803    0.199674559    0.095483128
   53.479249325    0.200718226    0.096363523
   53.517043848    0.197069381    0.097137254
   53.554838370    0.188529351    0.097803119
   53.592632893    0.175347955    0.098366394
   53.630427415    0.158142193    0.098836582
   53.668221938    0.137731438    0.099224805
   53.706016460    0.114968537    0.099542025
   53.743810983    0.090637549    0.099798888
   53.781605505    0.065445079    0.100007234
   53.819400028    0.040078015    0.100182506
   53.857194550    0.015264838    0.100345751
   53.894989073   -0.008220505    0.100523965
   53.932783595   -0.029635678    0.100748066
   53.970578118   -0.048399174    0.101048714
   54.008372640   -0.064204942    0.101451067
   54.046167162   -0.077054234    0.101970038
   54.083961685   -0.087174208    0.102607543
   54.121756207   -0.094851167    0.103352553
   54.159550730   -0.100254790    0.104183807
   54.197345252   -0.103341149    0.105074187
   54.235139775   -0.103888238    0.105995263
   54.272934297   -0.101652929    0.106920652
   54.310728820   -0.096574960    0.107827401
   54.348523342   -0.088924847    0.108695461
   54.386317865   -0.079315542    0.109506013
   54.424112387   -0.068563591    0.110239755
   54.461906910   -0.057462645    0.110876083
   54.499701432   -0.046581255    0.111393621
   54.537495955   -0.036190442    0.111771891
   54.575290477   -0.026364025    0.111993470
   54.613085000   -0.017204313    0.112045824
   54.650879522   -0.009072026    0.111922224
   54.688674045   -0.002681568    0.111621584
   54.726468567    0.001024795    0.111147485
   54.764263090    0.001207614    0.110506885
   54.802057612   -0.002457223    0.109709020
   54.839852135   -0.009466175    0.108764750
   54.877646657   -0.018436832    0.107686326
   54.915441180   -0.027380849    0.106487341
   54.953235702   -0.034229288    0.105182585
   54.991030225   -0.037425975    0.103787671
   55.028824747   -0.036365558    0.102318490
   55.066619270   -0.031507987    0.100790706
   55.104413792   -0.024128409    0.099219508
   55.142208315   -0.015806831    0.097619706
   55.180002837   -0.007862494    0.096006032
   55.217797360   -0.000950778    0.094393386
   55.255591882    0.005038033    0.092796724
   55.293386405    0.010771971    0.091230422
   55.331180927    0.017083989    0.089707195
   55.368975450    0.024579803    0.088236854
   55.406769972    0.033414069    0.086825291
   55.444564495    0.043308835    0.085474013
   55.482359017    0.053769692    0.084180337
   55.520153540    0.064367741    0.082938158
   55.557948062    0.074938259    0.081738992
   55.595742585    0.085603366    0.080572999
   55.633537107    0.096624150    0.079429773
   55.671331630    0.108176551    0.078298889
   55.709126152    0.120180773    0.077170319
   55.746920675    0.132279969    0.076034926
   55.784715197    0.143980195    0.074885142
   55.822509720    0.154874480    0.073715818
   55.860304242    0.164826281    0.072525055
   55.898098765    0.174006628    0.071314781
   55.935893287    0.182755756    0.070090833
   55.973687810    0.191334860    0.068862480
   56.011482332    0.199697451    0.067641477
   56.049276855    0.207408020    0.066440910
   56.087071377    0.213766514    0.065274119
   56.124865900    0.218093208    0.064153964
   56.162660422    0.220041691    0.063092529
   56.200454944    0.219783185    0.062101212
   56.238249467    0.217959139    0.061191006
   56.276043989    0.215408411    0.060372728
   56.313838512    0.212788787    0.059656962
   56.351633034    0.210274268    0.059053616
   56.389427557    0.207485890    0.058571093
   56.427222079    0.203711513    0.058215274
   56.465016602    0.198333708    0.057988543
   56.502811124    0.191277817    0.057889161
   56.540605647    0.183266584    0.057911203
   56.578400169    0.175739663    0.058045144
   56.616194692    0.170437291    0.058278964
   56.653989214    0.168796087    0.058599490
   56.691783737    0.171394866    0.058993570
   56.729578259    0.177677644    0.059448683
   56.767372782    0.186072544    0.059952808
   56.805167304    0.194465059    0.060493617
   56.842961827    0.200841375    0.061057356
   56.880756349    0.203853479    0.061627981
   56.918550872    0.203098731    0.062187078
   56.956345394    0.199032482    0.062714850
   56.994139917    0.192586416    0.063192090
   57.031934439    0.184680402    0.063602611
   57.069728962    0.175843839    0.063935394
   57.107523484    0.166096002    0.064185746
   57.145318007    0.155108120    0.064355091
   57.183112529    0.142542120    0.064449552
   57.220907052    0.128389125    0.064477965
   57.258701574    0.113143786    0.064450231
   57.296496097    0.097737295    0.064376784
   57.334290619    0.083268881    0.064269483
   57.372085142    0.070667192    0.064143566
   57.409879664    0.060438653    0.064019740
   57.447674187    0.052611263    0.063925227
   57.485468709    0.046885807    0.063892814
   57.523263232    0.042909602    0.063957639
   57.561057754    0.040535643    0.064152253
   57.598852277    0.039944644    0.064501234
   57.636646799    0.041578589    0.065016918
   57.674441322    0.045925726    0.065697531
   57.712235844    0.053264543    0.066528280
   57.750030367    0.063487406    0.067484994
   57.787824889    0.076080004    0.068539088
   57.825619412    0.090254765    0.069662289
   57.863413934    0.105164013    0.070829733
   57.901208457    0.120086392    0.072020812
   57.939002979    0.134501469    0.073217970
   57.976797502    0.148029406    0.074404481
   58.014592024    0.160283030    0.075562491
   58.052386547    0.170723416    0.076672410
   58.090181069    0.178606743    0.077714047
   58.127975592    0.183062930    0.078669103
   58.165770114    0.183280162    0.079524022
   58.203564637    0.178717161    0.080272029
   58.241359159    0.169252064    0.080913556
   58.279153682    0.155208033    0.081454934
   58.316948204    0.137253972    0.081905985
   58.354742726    0.116234375    0.082277600
   58.392537249    0.093007843    0.082580401
   58.430331771    0.068358373    0.082825055
   58.468126294    0.042997133    0.083024071
   58.505920816    0.017620937    0.083194140
   58.543715339   -0.007035569    0.083357756
   58.581509861   -0.030208866    0.083542980
   58.619304384   -0.051191167    0.083780898
   58.657098906   -0.069455371    0.084101183
   58.694893429   -0.084753620    0.084526939
   58.732687951   -0.097128231    0.085070394
   58.770482474   -0.106815144    0.085730727
   58.808276996   -0.114076417    0.086494654
   58.846071519   -0.119039923    0.087339466
   58.883866041   -0.121627529    0.088237438
   58.921660564   -0.121613415    0.089160155
   58.959455086   -0.118789782    0.090081519
   58.997249609   -0.113160299    0.090978818
   59.035044131   -0.105062390    0.091832008
   59.072838654   -0.095150361    0.092622036
   59.110633176   -0.084239329    0.093329273
   59.148427699   -0.073082168    0.093932921
   59.186222221   -0.062190689    0.094411741
   59.224016744   -0.051795632    0.094745853
   59.261811266   -0.041972120    0.094918886
   59.299605789   -0.032869282    0.094919702
   59.337400311   -0.024918516    0.094743127
   59.375194834   -0.018889572    0.094389577
   59.412989356   -0.015725424    0.093863903
   59.450783879   -0.016191459    0.093173993
   59.488578401   -0.020474020    0.092329647
   59.526372924   -0.027909109    0.091342000
   59.564167446   -0.036987325    0.090223418
   59.601961969   -0.045675545    0.088987593
   59.639756491   -0.051962999    0.087649506
   59.677551014   -0.054437645    0.086225083
   59.715345536   -0.052675317    0.084730596
   59.753140059   -0.047292305    0.083182044
   59.790934581   -0.039644625    0.081594793
   59.828729104   -0.031297614    0.079983596
   59.866523626   -0.023477096    0.078362911
   59.904318149   -0.016710993    0.076747236
   59.942112671   -0.010780752    0.075151110
   59.979907194   -0.004966850    0.073588558
   60.017701716    0.001547544    0.072072015
   60.055496239    0.009303753    0.070610994
   60.093290761    0.018380954    0.069210940
   60.131085284    0.028450945    0.067872642
   60.168879806    0.039013124    0.066592426
   60.206674329    0.049670754    0.065363025
   60.244468851    0.060304656    0.064174850
   60.282263374    0.071066042    0.063017263
   60.320057896    0.082209974    0.061879571
   60.357852419    0.093873358    0.060751627
   60.395646941    0.105925710    0.059624165
   60.433441464    0.117976735    0.058489075
   60.471235986    0.129536772    0.057339836
   60.509030508    0.140241176    0.056172161
   60.546825031    0.150012495    0.054984735
   60.584619553    0.159064883    0.053779800
   60.622414076    0.167738503    0.052563326
   60.660208598    0.176244886    0.051344635
   60.698003121    0.184458261    0.050135527
   60.735797643    0.191872828    0.048949134
   60.773592166    0.197766353    0.047798838
   60.811386688    0.201504623    0.046697510
   60.849181211    0.202842493    0.045657218
   60.886975733    0.202067544    0.044689352
   60.924770256    0.199900761    0.043804930
   60.962564778    0.197185153    0.043014828
   61.000359301    0.194502440    0.042329668
   61.038153823    0.191904853    0.041759273
   61.075948346    0.188906815    0.041311744
   61.113742868    0.184764907    0.040992381
   61.151537391    0.178936042    0.040802750
   61.189331913    0.171508156    0.040740179
   61.227126436    0.163392783    0.040797874
   61.264920958    0.156161719    0.040965669
   61.302715481    0.151562334    0.041231216
   61.340510003    0.150890933    0.041581301
   61.378304526    0.154475152    0.042002873
   61.416099048    0.161480765    0.042483483
   61.453893571    0.170128910    0.043010983
   61.491688093    0.178242395    0.043572648
   61.529482616    0.183906954    0.044154105
   61.567277138    0.185992394    0.044738621
   61.605071661    0.184345555    0.045307218
   61.642866183    0.179610443    0.045839856
   61.680660706    0.172786372    0.046317520
   61.718455228    0.164734784    0.046724660
   61.756249751    0.155848855    0.047051242
   61.794044273    0.146010476    0.047293742
   61.831838796    0.134821308    0.047454745
   61.869633318    0.121972386    0.047541372
   61.907427841    0.107563962    0.047563218
   61.945222363    0.092223538    0.047530720
   61.983016886    0.076973668    0.047454726
   62.020811408    0.062920601    0.047347529
   62.058605931    0.050914392    0.047224935
   62.096400453    0.041336179    0.047108370
   62.134194976    0.034100626    0.047025818
   62.171989498    0.028856625    0.047010632
   62.209784021    0.025278056    0.047098037
   62.247578543    0.023300804    0.047319947
   62.285373066    0.023195887    0.047699522
   62.323167588    0.025452045    0.048247044
   62.360962111    0.030532382    0.048958442
   62.398756633    0.038625253    0.049816867
   62.436551156    0.049505154    0.050796768
   62.474345678    0.062560444    0.051869100
   62.512140201    0.076962333    0.053005964
   62.549934723    0.091884665    0.054183376
   62.587729246    0.106666732    0.055381614
   62.625523768    0.120847743    0.056583602
   62.663318290    0.134070982    0.057772497
   62.701112813    0.145922811    0.058929853
   62.738907335    0.155803420    0.060035385
   62.776701858    0.162908566    0.061068561
   62.814496380    0.166344889    0.062011410
   62.852290903    0.165334972    0.062851398
   62.890085425    0.159424940    0.063583189
   62.927879948    0.148607222    0.064208599
   62.965674470    0.133312371    0.064734856
   63.003468993    0.114284522    0.065171979
   63.041263515    0.092404551    0.065530495
   63.079058038    0.068539828    0.065820512
   63.116852560    0.043474500    0.066052532
   63.154647083    0.017924809    0.066239585
   63.192441605   -0.007402890    0.066399559
   63.230236128   -0.031773419    0.066556436
   63.268030650   -0.054448406    0.066739434
   63.305825173   -0.074778061    0.066979870
   63.343619695   -0.092315847    0.067306415
   63.381414218   -0.106891427    0.067740082
   63.419208740   -0.118592523    0.068290446
   63.457003263   -0.127651390    0.068954215
   63.494797785   -0.134283303    0.069716448
   63.532592308   -0.138554663    0.070553879
   63.570386830   -0.140349386    0.071439149
   63.608181353   -0.139456197    0.072344596
   63.645975875   -0.135738273    0.073244605
   63.683770398   -0.129301588    0.074116183
   63.721564920   -0.120573861    0.074938136
   63.759359443   -0.110247107    0.075689701
   63.797153965   -0.099104879    0.076349587
   63.834948488   -0.087816639    0.076896018
   63.872743010   -0.076803969    0.077307885
   63.910537533   -0.066251925    0.077566583
   63.948332055   -0.056266006    0.077657831
   63.986126578   -0.047095095    0.077572835
   64.023921100   -0.039294065    0.077308473
   64.061715623   -0.033713634    0.076866580
   64.099510145   -0.031278575    0.076252752
   64.137304668   -0.032617878    0.075475179
   64.175099190   -0.037694783    0.074543882
   64.212893713   -0.045608224    0.073470434
   64.250688235   -0.054683601    0.072267983
   64.288482758   -0.062858197    0.070951263
   64.326277280   -0.068241932    0.069536329
   64.364071803   -0.069652579    0.068039960
   64.401866325   -0.066924183    0.066478921
   64.439660848   -0.060871666    0.064869358
   64.477455370   -0.052929178    0.063226577
   64.515249893   -0.044607741    0.061565266
   64.553044415   -0.036984250    0.059899958
   64.590838938   -0.030411307    0.058245371
   64.628633460   -0.024537177    0.056616294
   64.666427983   -0.018592753    0.055026850
   64.704222505   -0.011796518    0.053489239
   64.742017028   -0.003693804    0.052012348
   64.779811550    0.005705276    0.050600669
   64.817606072    0.016020668    0.049253900
   64.855400595    0.026751942    0.047967353
   64.893195117    0.037540746    0.046732996
   64.930989640    0.048313211    0.045540776
   64.968784162    0.059242206    0.044379822
   65.006578685    0.070566852    0.043239281
   65.044373207    0.082379315    0.042108763
   65.082167730    0.094500963    0.040978588
   65.119962252    0.106517368    0.039840102
   65.157756775    0.117953026    0.038686266
   65.195551297    0.128488855    0.037512529
   65.233345820    0.138099433    0.036317765
   65.271140342    0.147027095    0.035104955
   65.308934865    0.155596487    0.033881299
   65.346729387    0.163961625    0.032657623
   65.384523910    0.171921292    0.031447182
   65.422318432    0.178912479    0.030264207
   65.460112955    0.184205586    0.029122589
   65.497907477    0.187220611    0.028035085
   65.535702000    0.187813308    0.027013170
   65.573496522    0.186382612    0.026067440
   65.611291045    0.183728952    0.025208241
   65.649085567    0.180712966    0.024446117
   65.686880090    0.177868336    0.023791738
   65.724674612    0.175158194    0.023255170
   65.762469135    0.172009648    0.022844627
   65.800263657    0.167636237    0.022565040
   65.838058180    0.161519155    0.022416918
   65.875852702    0.153830448    0.022395897
   65.913647225    0.145589539    0.022493179
   65.951441747    0.138449840    0.022696774
   65.989236270    0.134171325    0.022993167
   66.027030792    0.133977431    0.023368861
   66.064825315    0.138055756    0.023811270
   66.102619837    0.145411909    0.024308662
   66.140414360    0.154144219    0.024849183
   66.178208882    0.162034799    0.025419426
   66.216003405    0.167224519    0.026003195
   66.253797927    0.168711158    0.026581159
   66.291592450    0.166492150    0.027131805
   66.329386972    0.161328076    0.027633596
   66.367181495    0.154260981    0.028067788
   66.404976017    0.146114068    0.028421001
   66.442770540    0.137188563    0.028686668
   66.480565062    0.127269229    0.028864891
   66.518359585    0.115903217    0.028960822
   66.556154107    0.102795462    0.028982322
   66.593948630    0.088121345    0.028937978
   66.631743152    0.072608613    0.028836458
   66.669537675    0.057357295    0.028687607
   66.707332197    0.043491063    0.028504909
   66.745126720    0.031808016    0.028308193
   66.782921242    0.022590860    0.028125175
   66.820715765    0.015653761    0.027990657
   66.858510287    0.010588101    0.027943037
   66.896304810    0.007077704    0.028018742
   66.934099332    0.005127999    0.028246115
   66.971893854    0.005102390    0.028640576
   67.009688377    0.007556301    0.029202549
   67.047482899    0.012956384    0.029918737
   67.085277422    0.021423118    0.030766191
   67.123071944    0.032617115    0.031717708
   67.160866467    0.045814705    0.032746757
   67.198660989    0.060125196    0.033830461
   67.236455512    0.074736629    0.034950059
   67.274250034    0.089069494    0.036089275
   67.312044557    0.102770282    0.037231802
   67.349839079    0.115560985    0.038359351
   67.387633602    0.127034514    0.039451273
   67.425428124    0.136513316    0.040486045
   67.463222647    0.143057173    0.041444007
   67.501017169    0.145632811    0.042310251
   67.538811692    0.143379235    0.043076525
   67.576606214    0.135856821    0.043741473
   67.614400737    0.123176124    0.044309289
   67.652195259    0.105958544    0.044787473
   67.689989782    0.085156574    0.045184757
   67.727784304    0.061819493    0.045510069
   67.765578827    0.036904218    0.045772943
   67.803373349    0.011196804    0.045985069
   67.841167872   -0.014652283    0.046162189
   67.878962394   -0.040033514    0.046325321
   67.916756917   -0.064302516    0.046500506
   67.954551439   -0.086781268    0.046716788
   67.992345962   -0.106843320    0.047002733
   68.030140484   -0.124036683    0.047382288
   68.067935007   -0.138171800    0.047871013
   68.105729529   -0.149317297    0.048473570
   68.143524052   -0.157694986    0.049183026
   68.181318574   -0.163521701    0.049982005
   68.219113097   -0.166878287    0.050845260
   68.256907619   -0.167676508    0.051742972
   68.294702142   -0.165746118    0.052643958
   68.332496664   -0.161001094    0.053518183
   68.370291187   -0.153599300    0.054338206
   68.408085709   -0.144008426    0.055079604
   68.445880232   -0.132936155    0.055720680
   68.483674754   -0.121152596    0.056241935
   68.521469277   -0.109292513    0.056625758
   68.559263799   -0.097741279    0.056856614
   68.597058322   -0.086670113    0.056921724
   68.634852844   -0.076208941    0.056812011
   68.672647367   -0.066666657    0.056522899
   68.710441889   -0.058669613    0.056054644
   68.748236412   -0.053113853    0.055412017
   68.786030934   -0.050908759    0.054603435
   68.823825457   -0.052593807    0.053639851
   68.861619979   -0.057986924    0.052533769
   68.899414502   -0.066032710    0.051298675
   68.937209024   -0.074950994    0.049948921
   68.975003547   -0.082666270    0.048499873
   69.012798069   -0.087377712    0.046968014
   69.050592592   -0.088062051    0.045370702
   69.088387114   -0.084719704    0.043725542
   69.126181636   -0.078273128    0.042049522
   69.163976159   -0.070163894    0.040358299
   69.201770681   -0.061812467    0.038665943
   69.239565204   -0.054151697    0.036985275
   69.277359726   -0.047402884    0.035328576
   69.315154249   -0.041152821    0.033708208
   69.352948771   -0.034662381    0.032136613
   69.390743294   -0.027248463    0.030625411
   69.428537816   -0.018568506    0.029183676
   69.466332339   -0.008700557    0.027815967
   69.504126861    0.001982342    0.026520865
   69.541921384    0.013049121    0.025290735
   69.579715906    0.024223651    0.024112976
   69.617510429    0.035467377    0.022972489
   69.655304951    0.046904990    0.021854603
   69.693099474    0.058653324    0.020747501
   69.730893996    0.070662569    0.019643415
   69.768688519    0.082665967    0.018538375
   69.806483041    0.094268401    0.017430877
   69.844277564    0.105122428    0.016320275
   69.882072086    0.115087220    0.015205732
   69.919866609    0.124271213    0.014086252
   69.957661131    0.132921681    0.012961763
   69.995455654    0.141211417    0.011834692
   70.033250176    0.149037440    0.010711258
   70.071044699    0.155952119    0.009601818
   70.108839221    0.161286193    0.008520044
   70.146633744    0.164423932    0.007481255
   70.184428266    0.165103400    0.006500563
   70.222222789    0.163586819    0.005591566
   70.260017311    0.160597112    0.004765975
   70.297811834    0.157027051    0.004034105
   70.335606356    0.153545052    0.003405711
   70.373400879    0.150287277    0.002890486
   70.411195401    0.146801607    0.002497716
   70.448989924    0.142299941    0.002235045
   70.486784446    0.136128197    0.002106756
   70.524578969    0.128247280    0.002112318
   70.562373491    0.119491692    0.002245849
   70.600168014    0.111454382    0.002496824
   70.637962536    0.106005314    0.002851801
   70.675757059    0.104617616    0.003296484
   70.713551581    0.107772662    0.003817283
   70.751346104    0.114696616    0.004401775
   70.789140626    0.123550105    0.005037892
   70.826935149    0.132005323    0.005712305
   70.864729671    0.137983278    0.006408813
   70.902524194    0.140259716    0.007107610
   70.940318716    0.138709599    0.007785978
   70.978113239    0.134118786    0.008420402
   71.015907761    0.127676076    0.008989527
   71.053702284    0.120387059    0.009477014
   71.091496806    0.112668166    0.009873390
   71.129291329    0.104281725    0.010176314
   71.167085851    0.094609025    0.010389304
   71.204880374    0.083105534    0.010519503
   71.242674896    0.069709325    0.010575431
   71.280469418    0.055010060    0.010565644
   71.318263941    0.040109336    0.010498885
   71.356058463    0.026251928    0.010385672
   71.393852986    0.014410706    0.010240707
   71.431647508    0.005019448    0.010085051
   71.469442031   -0.002033460    0.009946982
   71.507236553   -0.007168067    0.009860784
   71.545031076   -0.010765519    0.009863364
   71.582825598   -0.012888504    0.009989324
   71.620620121   -0.013204425    0.010265672
   71.658414643   -0.011139686    0.010707586
   71.696209166   -0.006178312    0.011316396
   71.734003688    0.001848924    0.012080320
   71.771798211    0.012626710    0.012977658
   71.809592733    0.025428822    0.013981423
   71.847387256    0.039354981    0.015063981
   71.885181778    0.053602918    0.016200371
   71.922976301    0.067635399    0.017369538
   71.960770823    0.081161459    0.018553505
   71.998565346    0.093950714    0.019735290
   72.036359868    0.105588302    0.020896788
   72.074154391    0.115311219    0.022017772
   72.111948913    0.122028594    0.023076611
   72.149743436    0.124538449    0.024052553
   72.187537958    0.121856867    0.024928714
   72.225332481    0.113519559    0.025694577
   72.263127003    0.099727217    0.026347031
   72.300921526    0.081277626    0.026889579
   72.338716048    0.059323345    0.027330117
   72.376510571    0.035067058    0.027678328
   72.414305093    0.009523645    0.027943859
   72.452099616   -0.016566504    0.028136118
   72.489894138   -0.042669094    0.028265740
   72.527688661   -0.068303805    0.028346980
   72.565483183   -0.092912539    0.028399760
   72.603277706   -0.115828840    0.028450069
   72.641072228   -0.136365425    0.028527996
   72.678866751   -0.153967811    0.028663541
   72.716661273   -0.168344727    0.028881239
   72.754455796   -0.179499180    0.029195178
   72.792250318   -0.187639251    0.029605894
   72.830044841   -0.193014462    0.030100094
   72.867839363   -0.195765367    0.030653183
   72.905633886   -0.195868135    0.031233727
   72.943428408   -0.193204920    0.031808450
   72.981222931   -0.187721860    0.032346337
   73.019017453   -0.179586620    0.032820951
   73.056811976   -0.169254275    0.033210749
   73.094606498   -0.157397318    0.033497953
   73.132401021   -0.144729273    0.033666874
   73.170195543   -0.131813060    0.033702638
   73.207990066   -0.118960791    0.033590883
   73.245784588   -0.106289541    0.033318478
   73.283579111   -0.093916082    0.032874882
   73.321373633   -0.082192650    0.032253543
   73.359168156   -0.071848009    0.031452797
   73.396962678   -0.063927021    0.030475996
   73.434757200   -0.059509203    0.029330943
   73.472551723   -0.059294536    0.028028914
   73.510346245   -0.063222544    0.026583629
   73.548140768   -0.070298914    0.025010433
   73.585935290   -0.078733591    0.023325742
   73.623729813   -0.086372259    0.021546682
   73.661524335   -0.091280953    0.019690760
   73.699318858   -0.092274900    0.017775492
   73.737113380   -0.089198606    0.015817990
   73.774907903   -0.082859412    0.013834628
   73.812702425   -0.074651214    0.011840902
   73.850496948   -0.066022192    0.009851527
   73.888291470   -0.057991816    0.007880688
   73.926085993   -0.050888916    0.005942266
   73.963880515   -0.044382159    0.004049830
   74.001675038   -0.037752351    0.002216291
   74.039469560   -0.030265347    0.000453250
   74.077264083   -0.021480891   -0.001229801
   74.115058605   -0.011381039   -0.002826194
   74.152853128   -0.000294726   -0.004332551
   74.190647650    0.011312427   -0.005748948
   74.228442173    0.023063207   -0.007078860
   74.266236695    0.034799022   -0.008329006
   74.304031218    0.046566103   -0.009509170
   74.341825740    0.058486384   -0.010631942
   74.379620263    0.070597692   -0.011712185
   74.417414785    0.082755956   -0.012765996
   74.455209308    0.094651357   -0.013809077
   74.493003830    0.105924234   -0.014854630
   74.530798353    0.116310475   -0.015911210
   74.568592875    0.125729525   -0.016981122
   74.606387398    0.134259624   -0.018059896
   74.644181920    0.142008241   -0.019137110
   74.681976443    0.148947571   -0.020198411
   74.719770965    0.154812173   -0.021228138
   74.757565488    0.159131683   -0.022211777
   74.795360010    0.161405196   -0.023137512
   74.833154533    0.161347052   -0.023996507
   74.870949055    0.159085209   -0.024782055
   74.908743578    0.155200866   -0.025488131
   74.946538100    0.150562998   -0.026108110
   74.984332623    0.146007284   -0.026634258
   75.022127145    0.141991523   -0.027058260
   75.059921668    0.138387788   -0.027372557
   75.097716190    0.134526635   -0.027572004
   75.135510713    0.129505071   -0.027655220
   75.173305235    0.122650556   -0.027625255
   75.211099758    0.113951316   -0.027489501
   75.248894280    0.104258735   -0.027259094
   75.286688803    0.095148147   -0.026948183
   75.324483325    0.088460214   -0.026573312
   75.362277848    0.085680279   -0.026152975
   75.400072370    0.087389371   -0.025707141
   75.437866893    0.093002867   -0.025256518
   75.475661415    0.100905376   -0.024821484
   75.513455938    0.108936269   -0.024420895
   75.551250460    0.115043067   -0.024071203
   75.589044982    0.117857055   -0.023786319
   75.626839505    0.116982983   -0.023578377
   75.664634027    0.112915858   -0.023459040
   75.702428550    0.106650542   -0.023440608
   75.740223072    0.099169147   -0.023535991
   75.778017595    0.091027983   -0.023756976
   75.815812117    0.082207314   -0.024110878
   75.853606640    0.072262546   -0.024596503
   75.891401162    0.060681468   -0.025200879
   75.929195685    0.047267685   -0.025898254
   75.966990207    0.032370231   -0.026652178
   76.004784730    0.016859555   -0.027420440
   76.042579252    0.001870751   -0.028161561
   76.080373775   -0.011560155   -0.028840888
   76.118168297   -0.022798883   -0.029434455
   76.155962820   -0.031723335   -0.029929618
   76.193757342   -0.038605846   -0.030322671
   76.231551865   -0.043838468   -0.030614758
   76.269346387   -0.047641467   -0.030807929
   76.307140910   -0.049895746   -0.030902880
   76.344935432   -0.050174876   -0.030899055
   76.382729955   -0.047955324   -0.030796599
   76.420524477   -0.042901118   -0.030598877
   76.458319000   -0.035089502   -0.030314063
   76.496113522   -0.025078301   -0.029954862
   76.533908045   -0.013794080   -0.029536421
   76.571702567   -0.002303187   -0.029073336
   76.609497090    0.008424372   -0.028577177
   76.647291612    0.017656317   -0.028055593
   76.685086135    0.024899292   -0.027513338
   76.722880657    0.029788557   -0.026954539
   76.760675180    0.031948951   -0.026384970
   76.798469702    0.030917992   -0.025813076
   76.836264225    0.026182632   -0.025249122
   76.874058747    0.017316693   -0.024702800
   76.911853270    0.004150717   -0.024180389
   76.949647792   -0.013112074   -0.023682781
   76.987442315   -0.033892726   -0.023205295
   77.025236837   -0.057348606   -0.022739311
   77.063031360   -0.082546732   -0.022274903
   77.100825882   -0.108618486   -0.021803203
   77.138620405   -0.134832237   -0.021317430
   77.176414927   -0.160569157   -0.020812304
   77.214209450   -0.185241455   -0.020282462
   77.252003972   -0.208222083   -0.019721152
   77.289798495   -0.228844638   -0.019120441
   77.327593017   -0.246487861   -0.018473499
   77.365387540   -0.260705489   -0.017778493
   77.403182062   -0.271329602   -0.017042676
   77.440976585   -0.278483271   -0.016284941
   77.478771107   -0.282483738   -0.015535528
   77.516565630   -0.283676965   -0.014832575
   77.554360152   -0.282285630   -0.014216422
   77.592154675   -0.278351219   -0.013723405
   77.629949197   -0.271804741   -0.013381005
   77.667743720   -0.262631847   -0.013205656
   77.705538242   -0.251042848   -0.013203409
   77.743332764   -0.237547535   -0.013372670
   77.781127287   -0.222878356   -0.013707579
   77.818921809   -0.207784444   -0.014200709
   77.856716332   -0.192793960   -0.014844316
   77.894510854   -0.178072547   -0.015630214
   77.932305377   -0.163470637   -0.016548944
   77.970099899   -0.148763296   -0.017589106
   78.007894422   -0.133983567   -0.018737377
   78.045688944   -0.119684950   -0.019979267
   78.083483467   -0.106977995   -0.021300131
   78.121277989   -0.097273314   -0.022685863
   78.159072512   -0.091794591   -0.024122914
   78.196867034   -0.091041911   -0.025597739
   78.234661557   -0.094432054   -0.027096175
   78.272456079   -0.100291100   -0.028603345
   78.310250602   -0.106241845   -0.030104395
   78.348045124   -0.109868170   -0.031585859
   78.385839647   -0.109419541   -0.033037008
   78.423634169   -0.104294404   -0.034450395
   78.461428692   -0.095124452   -0.035821152
   78.499223214   -0.083438730   -0.037145215
   78.537017737   -0.071051302   -0.038417296
   78.574812259   -0.059419009   -0.039629698
   78.612606782   -0.049214467   -0.040772815
   78.650401304   -0.040257261   -0.041837401
   78.688195827   -0.031790183   -0.042817773
   78.725990349   -0.022946388   -0.043714441
   78.763784872   -0.013187466   -0.044534661
   78.801579394   -0.002526469   -0.045290073
   78.839373917    0.008536777   -0.045991813
   78.877168439    0.019303161   -0.046644631
   78.914962962    0.029221565   -0.047242263
   78.952757484    0.038117178   -0.047766067
   78.990552007    0.046192255   -0.048187899
   79.028346529    0.053810094   -0.048476635
   79.066141052    0.061183150   -0.048606353
   79.103935574    0.068134457   -0.048563418
   79.141730097    0.074065392   -0.048350037
   79.179524619    0.078160268   -0.047983014
   79.217319142    0.079738733   -0.047488157
   79.255113664    0.078588013   -0.046892264
   79.292908187    0.075107512   -0.046215407
   79.330702709    0.070179897   -0.045465974
   79.368497232    0.064809256   -0.044639812
   79.406291754    0.059680224   -0.043723250
   79.444086277    0.054839046   -0.042698446
   79.481880799    0.049654168   -0.041548840
   79.519675322    0.043096721   -0.040262759
   79.557469844    0.034240182   -0.038834188
   79.595264367    0.022775476   -0.037260998
   79.633058889    0.009319217   -0.035541931
   79.670853412   -0.004631025   -0.033674029
   79.708647934   -0.017100029   -0.031651785
   79.746442457   -0.026256044   -0.029468429
   79.784236979   -0.031017914   -0.027118733
   79.822031502   -0.031418709   -0.024602031
   79.859826024   -0.028590736   -0.021924125
   79.897620546   -0.024383721   -0.019097216
   79.935415069   -0.020766884   -0.016137931
   79.973209591   -0.019240576   -0.013064280
   80.011004114   -0.020466375   -0.009892793
   80.048798636   -0.024226695   -0.006636940
   80.086593159   -0.029689918   -0.003307296
   80.124387681   -0.035841622    0.000086858
   80.162182204   -0.041892550    0.003535408
   80.199976726   -0.047505292    0.007025848
   80.237771249   -0.052775079    0.010543052
   80.275565771   -0.058011423    0.014070521
   80.313360294   -0.063447808    0.017592614
   80.351154816   -0.069024126    0.021096885
   80.388949339   -0.074338578    0.024575690
   80.426743861   -0.078778812    0.028026628
   80.464538384   -0.081757836    0.031451917
   80.502332906   -0.082936625    0.034857243
   80.540127429   -0.082329057    0.038250725
   80.577921951   -0.080245762    0.041642471
   80.615716474   -0.077110470    0.045044735
   80.653510996   -0.073239093    0.048472319
   80.691305519   -0.068683332    0.051942695
   80.729100041   -0.063204842    0.055475406
   80.766894564   -0.056382909    0.059090706
   80.804689086   -0.047799559    0.062807724
   80.842483609   -0.037218228    0.066642714
   80.880278131   -0.024686013    0.070607893
   80.918072654   -0.010534387    0.074711081
   80.955867176    0.004695739    0.078956020
   80.993661699    0.020347930    0.083342959
   81.031456221    0.035709898    0.087869094
   81.069250744    0.050018877    0.092528630
   81.107045266    0.062435288    0.097312570
   81.144839789    0.072034641    0.102208591
   81.182634311    0.077863592    0.107201360
   81.220428834    0.079072001    0.112273478
   81.258223356    0.075086555    0.117406871
   81.296017879    0.065758619    0.122584174
   81.333812401    0.051418577    0.127789598
   81.371606924    0.032804043    0.133008994
   81.409401446    0.010883926    0.138229222
   81.447195969   -0.013352315    0.143437285
   81.484990491   -0.039055277    0.148619858
   81.522785014   -0.065566149    0.153763627
   81.560579536   -0.092351722    0.158856424
   81.598374059   -0.118875504    0.163888685
   81.636168581   -0.144487583    0.168854482
   81.673963104   -0.168404583    0.173751543
   81.711757626   -0.189802456    0.178580132
   81.749552149   -0.207983226    0.183341267
   81.787346671   -0.222533819    0.188035215
   81.825141194   -0.233393790    0.192661180
   81.862935716   -0.240791232    0.197218603
   81.900730239   -0.245072159    0.201709727
   81.938524761   -0.246504614    0.206142307
   81.976319284   -0.245155315    0.210531034
   82.014113806   -0.240903089    0.214896581
   82.051908328   -0.233584815    0.219262035
   82.089702851   -0.223199585    0.223647583
   82.127497373   -0.210061706    0.228065180
   82.165291896   -0.194812999    0.232515119
   82.203086418   -0.178272783    0.236985849
   82.240880941   -0.161188004    0.241457235
   82.278675463   -0.144003978    0.245906185
   82.316469986   -0.126776599    0.250312695
   82.354264508   -0.109284938    0.254664253
   82.392059031   -0.091305400    0.258957258
   82.429853553   -0.072920945    0.263195277
   82.467648076   -0.054705833    0.267385219
   82.505442598   -0.037668488    0.271533140
   82.543237121   -0.022938463    0.275641405
   82.581031643   -0.011303621    0.279708121
   82.618826166   -0.002785713    0.283728737
   82.656620688    0.003554049    0.287698744
   82.694415211    0.009469433    0.291616068
   82.732209733    0.017068554    0.295482067
   82.770004256    0.028194368    0.299300820
   82.807798778    0.043873239    0.303077291
   82.845593301    0.064037045    0.306815472
   82.883387823    0.087618604    0.310517584
   82.921182346    0.112974474    0.314184808
   82.958976868    0.138464598    0.317819187
   82.996771391    0.162965908    0.321425695
   83.034565913    0.186136231    0.325013312
   83.072360436    0.208355608    0.328594362
   83.110154958    0.230404923    0.332182226
   83.147949481    0.253040292    0.335788330
   83.185744003    0.276647136    0.339419771
   83.223538526    0.301105094    0.343078711
   83.261333048    0.325892310    0.346763942
   83.299127571    0.350352973    0.350474021
   83.336922093    0.373990218    0.354210607
   83.374716616    0.396650419    0.357980415
   83.412511138    0.418526881    0.361794721
   83.450305661    0.439998507    0.365666325
   83.488100183    0.461391411    0.369605000
   83.525894706    0.482778137    0.373613155
   83.563689228    0.503902637    0.377683483
   83.601483751    0.524256105    0.381799656
   83.639278273    0.543260593    0.385940017
   83.677072796    0.560474548    0.390083059
   83.714867318    0.575733365    0.394212843
   83.752661841    0.589174680    0.398322532
   83.790456363    0.601152301    0.402414993
   83.828250886    0.612088425    0.406500494
   83.866045408    0.622332226    0.410592577
   83.903839931    0.632079347    0.414703729
   83.941634453    0.641371813    0.418842343
   83.979428976    0.650159934    0.423011808
   84.017223498    0.658384494    0.427211610
   84.055018021    0.666037037    0.431439557
   84.092812543    0.673175087    0.435693916
   84.130607066    0.679895432    0.439974485
   84.168401588    0.686288671    0.444282230
   84.206196110    0.692403238    0.448617839
   84.243990633    0.698237177    0.452980036
   84.281785155    0.703758201    0.457364529
   84.319579678    0.708937348    0.461764119
   84.357374200    0.713776129    0.466169916
   84.395168723    0.718313098    0.470573081
   84.432963245    0.722608494    0.474966301
   84.470757768    0.726717651    0.479344363
   84.508552290    0.730668813    0.483703635
   84.546346813    0.734457116    0.488040762
   84.584141335    0.738056632    0.492351225
   84.621935858    0.741442488    0.496628420
   84.659730380    0.744610306    0.500863664
   84.697524903    0.747582718    0.505047081
   84.735319425    0.750400458    0.509169015
   84.773113948    0.753104025    0.513221450
   84.810908470    0.755716451    0.517199055
   84.848702993    0.758236349    0.521099766
   84.886497515    0.760644239    0.524925042
   84.924292038    0.762917841    0.528680100
   84.962086560    0.765047600    0.532374272
   84.999881083    0.767044173    0.536021413
   85.037675605    0.768934488    0.539640051
   85.075470128    0.770749262    0.543252900
   85.113264650    0.772509195    0.546885518
   85.151059173    0.774217226    0.550564227
   85.188853695    0.775860548    0.554313749
   85.226648218    0.777420644    0.558155179
   85.264442740    0.778885524    0.562104824
   85.302237263    0.780257574    0.566174087
   85.340031785    0.781553206    0.570370153
   85.377826308    0.782795063    0.574696950
   85.415620830    0.784001391    0.579155791
   85.453415353    0.785178345    0.583745380
   85.491209875    0.786319073    0.588461251
   85.529004398    0.787409564    0.593295100
   85.566798920    0.788437754    0.598234554
   85.604593443    0.789400904    0.603263772
   85.642387965    0.790307531    0.608364843
   85.680182488    0.791173290    0.613519534
   85.717977010    0.792013382    0.618710738
   85.755771533    0.792835693    0.623923081
   85.793566055    0.793638173    0.629142549
   85.831360578    0.794411499    0.634355483
   85.869155100    0.795145250    0.639547632
   85.906949623    0.795834140    0.644703914
   85.944744145    0.796481095    0.649809205
   85.982538668    0.797095828    0.654849897
   86.020333190    0.797690009    0.659815536
   86.058127713    0.798271779    0.664699724
   86.095922235    0.798842472    0.669499782
   86.133716758    0.799397048    0.674215261
   86.171511280    0.799927701    0.678846002
   86.209305803    0.800428548    0.683390741
   86.247100325    0.800898915    0.687847075
   86.284894848    0.801343694    0.692212969
   86.322689370    0.801770832    0.696489198
   86.360483893    0.802187499    0.700681515
   86.398278415    0.802596967    0.704801276
   86.436072937    0.802997699    0.708863757
   86.473867460    0.803384895    0.712884370
   86.511661982    0.803753484    0.716873895
   86.549456505    0.804100942    0.720834438
   86.587251027    0.804428571    0.724757678
   86.625045550    0.804740777    0.728626186
   86.662840072    0.805042912    0.732417472
   86.700634595    0.805338872    0.736109418
   86.738429117    0.805629637    0.739685204
   86.776223640    0.805913328    0.743136141
   86.814018162    0.806186584    0.746461629
   86.851812685    0.806446461    0.749666571
   86.889607207    0.806691929    0.752757513
   86.927401730    0.806924326    0.755739088
   86.965196252    0.807146701    0.758612068
   87.002990775    0.807362472    0.761373525
   87.040785297    0.807574047    0.764018674
   87.078579820    0.807782007    0.766543366
   87.116374342    0.807985124    0.768946044
   87.154168865    0.808181128    0.771228364
   87.191963387    0.808367852    0.773394389
   87.229757910    0.808544265    0.775448892
   87.267552432    0.808711001    0.777395666
   87.305346955    0.808870179    0.779236652
   87.343141477    0.809024587    0.780972220
   87.380936000    0.809176572    0.782602432
   87.418730522    0.809327076    0.784128643
   87.456525045    0.809475252    0.785554713
   87.494319567    0.809618868    0.786887309
   87.532114090    0.809755378    0.788135227
   87.569908612    0.809883212    0.789308037
   87.607703135    0.810002684    0.790414625
   87.645497657    0.810116049    0.791462169
   87.683292180    0.810226595    0.792455814
   87.721086702    0.810337146    0.793399028
   87.758881225    0.810448677    0.794294326
   87.796675747    0.810559771    0.795143989
   87.834470270    0.810667264    0.795950494
   87.872264792    0.810767843    0.796716564
   87.910059315    0.810859827    0.797444945
   87.947853837    0.810944211    0.798138122
   87.985648360    0.811024372    0.798798151
   88.023442882    0.811104483    0.799426688
   88.061237405    0.811187418    0.800025178
   88.099031927    0.811273211    0.800595059
   88.136826450    0.811358945    0.801137884
   88.174620972    0.811440207    0.801655298
   88.212415495    0.811513421    0.802148907
   88.250210017    0.811577846    0.802620134
   88.288004540    0.811636152    0.803070146
   88.325799062    0.811693189    0.803499893
   88.363593585    0.811753520    0.803910222
   88.401388107    0.811819004    0.804302002
   88.439182630    0.811887724    0.804676194
   88.476977152    0.811954915    0.805033829
   88.514771675    0.812015454    0.805375914
   88.552566197    0.812066648    0.805703341
   88.590360719    0.812109805    0.806016829
   88.628155242    0.812149701    0.806316956
   88.665949764    0.812192156    0.806604229
   88.703744287    0.812240950    0.806879179
   88.741538809    0.812295754    0.807142408
   88.779333332    0.812352209    0.807394573
   88.817127854    0.812404188    0.807636329
   88.854922377    0.812447086    0.807868254
   88.892716899    0.812480378    0.808090816
   88.930511422    0.812508039    0.808304378
   88.968305944    0.812536539    0.808509258
   89.006100467    0.812571429    0.808705789
   89.043894989    0.812614340    0.808894352
   89.081689512    0.812662020    0.809075376
   89.119484034    0.812708007    0.809249291
   89.157278557    0.812746063    0.809416479
   89.195073079    0.812773582    0.809577245
   89.232867602    0.812793096    0.809731825
   89.270662124    0.812811034    0.809880426
   89.308456647    0.812834341    0.810023263
   89.346251169    0.812866742    0.810160591
   89.384045692    0.812906683    0.810292695
   89.421840214    0.812948079    0.810419863
   89.459634737    0.812983542    0.810542346
   89.497429259    0.813008368    0.810660344
   89.535223782    0.813023151    0.810774009
   89.573018304    0.813033565    0.810883477
   89.610812827    0.813047397    0.810988899
   89.648607349    0.813070375    0.811090454
   89.686401872    0.813103044    0.811188343
   89.724196394    0.813140404    0.811282761
   89.761990917    0.813174532    0.811373874
   89.799785439    0.813198845    0.811461807
   89.837579962    0.813211691    0.811546652
   89.875374484    0.813217328    0.811628498
   89.913169007    0.813223717    0.811707453
   89.950963529    0.813238270    0.811783654
   89.988758052    0.813263841    0.811857253
   90.026552574    0.813297126    0.811928392
   90.064347097    0.813330376    0.811997179
   90.102141619    0.813355545    0.812063685
   90.139936142    0.813368643    0.812127956
   90.177730664    0.813371964    0.812190045
   90.215525187    0.813372922    0.812250030
   90.253319709    0.813380113    0.812308025
   90.291114232    0.813398681    0.812364154
   90.328908754    0.813427499    0.812418532
   90.366703277    0.813459711    0.812471232
   90.404497799    0.813486387    0.812522287
   90.442292322    0.813501335    0.812571709
   90.480086844    0.813504489    0.812619516
   90.517881367    0.813502019    0.812665764
   90.555675889    0.813503061    0.812710547
   90.593470412    0.813514812    0.812753981
   90.631264934    0.813538618    0.812796166
   90.669059457    0.813569190    0.812837159
   90.706853979    0.813597408    0.812876971
   90.744648501    0.813615215    0.812915581
   90.782443024    0.813619997    0.812952982
   90.820237546    0.813616052    0.812989203
   90.858032069    0.813612333    0.813024324
   90.895826591    0.813617654    0.813058454
   90.933621114    0.813635922    0.813091692
   90.971415636    0.813663982    0.813124094
   91.009210159    0.813693264    0.813155657
   91.047004681    0.813714375    0.813186341
   91.084799204    0.813722175    0.813216110
   91.122593726    0.813718597    0.813244969
   91.160388249    0.813711666    0.813272979
   91.198182771    0.813711213    0.813300246
   91.235977294    0.813723573    0.813326874
   91.273771816    0.813748135    0.813352925
   91.311566339    0.813777617    0.813378397
   91.349360861    0.813801952    0.813403236
   91.387155384    0.813813714    0.813427383
   91.424949906    0.813812156    0.813450815
   91.462744429    0.813803670    0.813473574
   91.500538951    0.813798387    0.813495758
   91.538333474    0.813804729    0.813517476
   91.576127996    0.813824845    0.813538806
   91.613922519    0.813853401    0.813559754
   91.651717041    0.813880413    0.813580263
   91.689511564    0.813896609    0.813600256
   91.727306086    0.813898455    0.813619680
   91.765100609    0.813890103    0.813638554
   91.802895131    0.813881209    0.813656962
   91.840689654    0.813881750    0.813675021
   91.878484176    0.813896635    0.813692823
   91.916278699    0.813923014    0.813710392
   91.954073221    0.813951770    0.813727679
   91.991867744    0.813972400    0.813744592
   92.029662266    0.813978688    0.813761054
   92.067456789    0.813972096    0.813777053
   92.105251311    0.813961029    0.813792657
   92.143045834    0.813956337    0.813807982
   92.180840356    0.813965470    0.813823137
   92.218634879    0.813988426    0.813838171
   92.256429401    0.814017704    0.813853047
   92.294223924    0.814042310    0.813867671
   92.332018446    0.814053677    0.813881943
   92.369812969    0.814050313    0.813895821
   92.407607491    0.814038656    0.813909346
   92.445402014    0.814029648    0.813922629
   92.483196536    0.814032850    0.813935794
   92.520991059    0.814051263    0.813948914
   92.558785581    0.814079668    0.813961978
   92.596580104    0.814107388    0.813974894
   92.634374626    0.814124032    0.813987547
   92.672169149    0.814125108    0.813999864
   92.709963671    0.814114494    0.814011855
   92.747758194    0.814102396    0.814023618
   92.785552716    0.814099872    0.814035284
   92.823347239    0.814112861    0.814046954
   92.861141761    0.814138939    0.814058644
   92.898936283    0.814168578    0.814070279
   92.936730806    0.814190249    0.814081734
   92.974525328    0.814196643    0.814092908
   93.012319851    0.814188648    0.814103776
   93.050114373    0.814174927    0.814114413
   93.087908896    0.814167280    0.814124953
   93.125703418    0.814174288    0.814135519
   93.163497941    0.814196656    0.814146160
   93.201292463    0.814226776    0.814156825
   93.239086986    0.814252794    0.814167390
   93.276881508    0.814264983    0.814177730
   93.314676031    0.814261023    0.814187785
   93.352470553    0.814247300    0.814197599
   93.390265076    0.814235508    0.814207296
   93.428059598    0.814236369    0.814217019
   93.465854121    0.814253822    0.814226851
   93.503648643    0.814282854    0.814236773
   93.541443166    0.814312152    0.814246672
   93.579237688    0.814330178    0.814256406
   93.617032211    0.814331406    0.814265880
   93.654826733    0.814319349    0.814275100
   93.692621256    0.814304721    0.814284174
   93.730415778    0.814299689    0.814293255
   93.768210301    0.814311307    0.814302457
   93.806004823    0.814337665    0.814311800
   93.843799346    0.814368865    0.814321192
   93.881593868    0.814392320    0.814330485
   93.919388391    0.814399539    0.814339551
   93.957182913    0.814390754    0.814348355
   93.994977436    0.814374845    0.814356978
   94.032771958    0.814364601    0.814365570
   94.070566481    0.814369830    0.814374279
   94.108361003    0.814392033    0.814383161
   94.146155526    0.814423535    0.814392159
   94.183950048    0.814451578    0.814401126
   94.221744571    0.814465181    0.814409910
   94.259539093    0.814461096    0.814418434
   94.297333616    0.814445616    0.814426739
   94.335128138    0.814431239    0.814434969
   94.372922661    0.814429949    0.814443288
   94.410717183    0.814446731    0.814451796
   94.448511706    0.814476824    0.814460475
   94.486306228    0.814508231    0.814469196
   94.524100751    0.814528155    0.814477789
   94.561895273    0.814529920    0.814486134
   94.599689796    0.814516623    0.814494230
   94.637484318    0.814499532    0.814502197
   94.675278841    0.814492045    0.814510210
   94.713073363    0.814502457    0.814518409
   94.750867886    0.814529437    0.814526822
   94.788662408    0.814562673    0.814535346
   94.826456931    0.814588393    0.814543808
   94.864251453    0.814596788    0.814552050
   94.902045976    0.814587352    0.814560022
   94.939840498    0.814569224    0.814567810
   94.977635021    0.814556313    0.814575587
   95.015429543    0.814559807    0.814583527
   95.053224065    0.814582095    0.814591706
   95.091018588    0.814615410    0.814600064
   95.128813110    0.814645954    0.814608431
   95.166607633    0.814661324    0.814616624
   95.204402155    0.814657234    0.814624541
   95.242196678    0.814639902    0.814632220
   95.279991200    0.814622760    0.814639822
   95.317785723    0.814619241    0.814647543
   95.355580245    0.814635504    0.814655512
   95.393374768    0.814667043    0.814663716
   95.431169290    0.814701043    0.814672009
   95.468963813    0.814723254    0.814680187
   95.506758335    0.814725697    0.814688099
   95.544552858    0.814711033    0.814695731
   95.582347380    0.814691211    0.814703212
   95.620141903    0.814681068    0.814710752
   95.657936425    0.814690316    0.814718526
   95.695730948    0.814718243    0.814726579
   95.733525470    0.814754010    0.814734800
   95.771319993    0.814782441    0.814742982
   95.809114515    0.814792209    0.814750930
   95.846909038    0.814782003    0.814758566
   95.884703560    0.814761323    0.814765979
   95.922498083    0.814745424    0.814773373
   95.960292605    0.814747097    0.814780964
   95.998087128    0.814769718    0.814788860
   96.035881650    0.814805339    0.814797002
   96.073676173    0.814838898    0.814805194
   96.111470695    0.814856321    0.814813204
   96.149265218    0.814852156    0.814820891
   96.187059740    0.814832607    0.814828284
   96.224854263    0.814812268    0.814835567
   96.262648785    0.814806291    0.814842987
   96.300443308    0.814822174    0.814850716
   96.338237830    0.814855630    0.814858762
   96.376032353    0.814892805    0.814866958
   96.413826875    0.814917705    0.814875047
   96.451621398    0.814920846    0.814882824
   96.489415920    0.814904458    0.814890246
   96.527210443    0.814881379    0.814897456
   96.565004965    0.814868195    0.814904717
   96.602799488    0.814876277    0.814912266
   96.640594010    0.814905566    0.814920190
   96.678388533    0.814944501    0.814928372
   96.716183055    0.814976179    0.814936550
   96.753977578    0.814987474    0.814944454
   96.791772100    0.814976193    0.814951954
   96.829566623    0.814952370    0.814959132
   96.867361145    0.814932938    0.814966247
   96.905155668    0.814932611    0.814973598
   96.942950190    0.814955880    0.814981364
   96.980744713    0.814994474    0.814989506
   97.018539235    0.815031726    0.814997774
   97.056333758    0.815051531    0.815005844
   97.094128280    0.815047093    0.815013480
   97.131922803    0.815024706    0.815020674
   97.169717325    0.815000470    0.815027656
   97.207511847    0.814991649    0.815034777
   97.245306370    0.815007315    0.815042333
   97.283100892    0.815043342    0.815050392
   97.320895415    0.815084504    0.815058755
   97.358689937    0.815112632    0.815067044
   97.396484460    0.815116441    0.815074898
   97.434278982    0.815097736    0.815082170
   97.472073505    0.815070562    0.815089021
   97.509868027    0.815053714    0.815095848
   97.547662550    0.815060582    0.815103092
   97.585457072    0.815091817    0.815110999
   97.623251595    0.815134844    0.815119474
   97.661046117    0.815170545    0.815128100
   97.698840640    0.815183571    0.815136339
   97.736635162    0.815170721    0.815143805
   97.774429685    0.815142813    0.815150491
   97.812224207    0.815118970    0.815156817
   97.850018730    0.815116319    0.815163459
   97.887813252    0.815140672    0.815171024
   97.925607775    0.815183232    0.815179712
   97.963402297    0.815225206    0.815189137
   98.001196820    0.815247901    0.815198413
   98.038991342    0.815242881    0.815206508
   98.076785865    0.815216673    0.815212747
   98.114580387    0.815187398    0.815217271
   98.152374910    0.815175062    0.815221285
   98.190169432    0.815190705    0.815226972
   98.227963955    0.815230294    0.815237110
   98.265758477    0.815276727    0.815254513
   98.303553000    0.815308967    0.815281493
   98.341347522    0.815313431    0.815319505
   98.379142045    0.815291466    0.815369076
   98.416936567    0.815258808    0.815430004
   98.454731090    0.815237210    0.815501710
   98.492525612    0.815242694    0.815583617
   98.530320135    0.815276763    0.815675404
   98.568114657    0.815325391    0.815777092
   98.605909180    0.815366447    0.815888964
   98.643703702    0.815381618    0.816011390
   98.681498225    0.815366422    0.816144648
   98.719292747    0.815332838    0.816288821
   98.757087270    0.815303013    0.816443792
   98.794881792    0.815297364    0.816609328
   98.832676315    0.815323441    0.816785199
   98.870470837    0.815371638    0.816971274
   98.908265360    0.815420174    0.817167569
   98.946059882    0.815446759    0.817374222
   98.983854405    0.815440721    0.817591414
   99.021648927    0.815408984    0.817819293
   99.059443450    0.815372566    0.818057907
   99.097237972    0.815355358    0.818307195
   99.135032495    0.815371165    0.818567019
   99.172827017    0.815416036    0.818837232
   99.210621540    0.815470130    0.819117742
   99.248416062    0.815508261    0.819408554
   99.286210585    0.815513525    0.819709760
   99.324005107    0.815486632    0.820021498
   99.361799629    0.815445821    0.820343887
   99.399594152    0.815417224    0.820676970
   99.437388674    0.815420773    0.821020696
   99.475183197    0.815459241    0.821374942
   99.512977719    0.815516424    0.821739576
   99.550772242    0.815565628    0.822114516
   99.588566764    0.815584011    0.822499775
   99.626361287    0.815565100    0.822895452
   99.664155809    0.815522622    0.823301687
   99.701950332    0.815483417    0.823718592
   99.739744854    0.815473070    0.824146192
   99.777539377    0.815501948    0.824584410
   99.815333899    0.815559244    0.825033109
   99.853128422    0.815618433    0.825492154
   99.890922944    0.815651393    0.825961486
   99.928717467    0.815643698    0.826441154
   99.966511989    0.815602777    0.826931288
  100.004306512    0.815554352    0.827432040
  100.042101034    0.815528827    0.827943498
  100.079895557    0.815544825    0.828465645
  100.117690079    0.815598759    0.828998362
  100.155484602    0.815666252    0.829541487
  100.193279124    0.815714914    0.830094903
  100.231073647    0.815721807    0.830658599
  100.268868169    0.815686189    0.831232677
  100.306662692    0.815630514    0.831817301
  100.344457214    0.815588804    0.832412614
  100.382251737    0.815588416    0.833018658
  100.420046259    0.815634931    0.833635352
  100.457840782    0.815708471    0.834262530
  100.495635304    0.815773782    0.834900031
  100.533429827    0.815798995    0.835547782
  100.571224349    0.815773126    0.836205841
  100.609018872    0.815712748    0.836874368
  100.646813394    0.815653878    0.837553540
  100.684607917    0.815632988    0.838243459
  100.722402439    0.815667117    0.838944093
  100.760196962    0.815743845    0.839655294
  100.797991484    0.815826951    0.840376871
  100.835786007    0.815875241    0.841108696
  100.873580529    0.815864847    0.841850771
  100.911375052    0.815802990    0.842603232
  100.949169574    0.815725419    0.843366276
  100.986964097    0.815678195    0.844140056
  101.024758619    0.815693030    0.844924600
  101.062553142    0.815769243    0.845719790
  101.100347664    0.815872444    0.846525428
  101.138142187    0.815951483    0.847341336
  101.175936709    0.815965425    0.848167457
  101.213731232    0.815906528    0.849003885
  101.251525754    0.815806562    0.849850820
  101.289320277    0.815722086    0.850708457
  101.327114799    0.815705303    0.851576884
  101.364909322    0.815775247    0.852456031
  101.402703844    0.815904790    0.853345706
  101.440498367    0.816031573    0.854245698
  101.478292889    0.816088853    0.855155887
  101.516087411    0.816041412    0.856076317
  101.553881934    0.815907933    0.857007168
  101.591676456    0.815756782    0.857948665
  101.629470979    0.815674890    0.858900955
  101.667265501    0.815723213    0.859864027
  101.705060024    0.815900301    0.860837713
  101.742854546    0.816133457    0.861821780
  101.780649069    0.816305212    0.862816054
  101.818443591    0.816306540    0.863820516
  101.856238114    0.816094947    0.864835313
  101.894032636    0.815731634    0.865860682
  101.931827159    0.815379587    0.866896824
  101.969621681    0.815260474    0.867943790
  102.007416204    0.815585677    0.869001455
  102.045210726    0.816487888    0.870069582
  102.083005249    0.817979607    0.871147950
  102.120799771    0.819953763    0.872236472
  102.158594294    0.822224579    0.873335247
  102.196388816    0.824591107    0.874444509
  102.234183339    0.826898239    0.875564498
  102.271977861    0.829073116    0.876695332
  102.309772384    0.831126644    0.877836944
  102.347566906    0.833124712    0.878989108
  102.385361429    0.835145099    0.880151569
  102.423155951    0.837239508    0.881324174
  102.460950474    0.839415140    0.882506962
  102.498744996    0.841639795    0.883700142
  102.536539519    0.843863883    0.884903982
  102.574334041    0.846046500    0.886118665
  102.612128564    0.848173082    0.887344189
  102.649923086    0.850257959    0.888580361
  102.687717609    0.852333053    0.889826905
  102.725512131    0.854430126    0.891083611
  102.763306654    0.856565807    0.892350445
  102.801101176    0.858735972    0.893627576
  102.838895699    0.860920696    0.894915282
  102.876690221    0.863095912    0.896213801
  102.914484744    0.865245338    0.897523203
  102.952279266    0.867367062    0.898843345
  102.990073789    0.869472472    0.900173954
  103.027868311    0.871579134    0.901514768
  103.065662834    0.873701775    0.902865682
  103.103457356    0.875845829    0.904226807
  103.141251879    0.878006136    0.905598408
  103.179046401    0.880170673    0.906980762
  103.216840924    0.882326905    0.908374006
  103.254635446    0.884467530    0.909778067
  103.292429969    0.886593129    0.911192696
  103.330224491    0.888710983    0.912617609
  103.368019014    0.890831090    0.914052642
  103.405813536    0.892961470    0.915497836
  103.443608059    0.895104865    0.916953409
  103.481402581    0.897258044    0.918419630
  103.519197104    0.899413717    0.919896668
  103.556991626    0.901563984    0.921384507
  103.594786149    0.903703777    0.922882976
  103.632580671    0.905832892    0.924391875
  103.670375193    0.907955863    0.925911117
  103.708169716    0.910079844    0.927440776
  103.745964238    0.912211407    0.928980972
  103.783758761    0.914353626    0.930531620
  103.821553283    0.916504684    0.932092143
  103.859347806    0.918658649    0.933661284
  103.897142328    0.920808134    0.935237140
  103.934936851    0.922947728    0.936817445
  103.972731373    0.925076629    0.938399996
  104.010525896    0.927199198    0.939983087
  104.048320418    0.929323045    0.941565761
  104.086114941    0.931455416    0.943147805
  104.123909463    0.933599575    0.944729503
  104.161703986    0.935752987    0.946311279
  104.199498508    0.937908326    0.947893390
  104.237293031    0.940056992    0.949475795
  104.275087553    0.942193459    0.951058223
  104.312882076    0.944318265    0.952640380
  104.350676598    0.946438015    0.954222148
  104.388471121    0.948562206    0.955803662
  104.426265643    0.950698389    0.957385230
  104.464060166    0.952848119    0.958967150
  104.501854688    0.955005883    0.960549521
  104.539649211    0.957161725    0.962132179
  104.577443733    0.959306339    0.963714779
  104.615238256    0.961436041    0.965296989
  104.653032778    0.963554943    0.966878687
  104.690827301    0.965673049    0.968460038
  104.728621823    0.967801120    0.970041413
  104.766416346    0.969944946    0.971623192
  104.804210868    0.972102070    0.973205541
  104.842005391    0.974262830    0.974788315
  104.879799913    0.976415320    0.976371120
  104.917594436    0.978551724    0.977953524
  104.955388958    0.980672649    0.979535299
  104.993183481    0.982787052    0.981116556
  105.030978003    0.984907654    0.982697703
  105.068772526    0.987044174    0.984279234
  105.106567048    0.989197998    0.985861456
  105.144361571    0.991361200    0.987444307
  105.182156093    0.993520588    0.989027372
  105.219950616    0.995664704    0.990610084
  105.257745138    0.997790081    0.992192035
  105.295539661    0.999903315    0.993773212
  105.333334183    1.002017731    0.995354033
  105.371128706    1.004146316    0.996935155
  105.408923228    1.006294659    0.998517127
  105.446717751    1.008457753    1.000100076
  105.484512273    1.010622481    1.001683595
  105.522306796    1.012774567    1.003266901
  105.560101318    1.014906310    1.004849225
  105.597895841    1.017020906    1.006430235
  105.635690363    1.019130931    1.008010289
  105.673484886    1.021251685    1.009590364
  105.711279408    1.023392919    1.011171654
  105.749073931    1.025553428    1.012754979
  105.786868453    1.027721498    1.014340239
  105.824662975    1.029881099    1.015926154
  105.862457498    1.032020532    1.017510384
  105.900252020    1.034138878    1.019089998
  105.938046543    1.036246682    1.020662119
  105.975841065    1.038360398    1.022224498
  106.013635588    1.040493519    1.023775832
  106.051430110    1.042649179    1.025315751
  106.089224633    1.044818281    1.026844539
  106.127019155    1.046984274    1.028362729
  106.164813678    1.049132064    1.029870756
  106.202608200    1.051256266    1.031368776
  106.240402723    1.053364274    1.032856671
  106.278197245    1.055472400    1.034334183
  106.315991768    1.057597099    1.035801076
  106.353786290    1.059745992    1.037257242
  106.391580813    1.061913606    1.038702710
  106.429375335    1.064084211    1.040137588
  106.467169858    1.066240279    1.041561990
  106.504964380    1.068372034    1.042975975
  106.542758903    1.070482851    1.044379547
  106.580553425    1.072587535    1.045772677
  106.618347948    1.074704336    1.047155337
  106.656142470    1.076845027    1.048527512
  106.693936993    1.079008443    1.049889195
  106.731731515    1.081181056    1.051240371
  106.769526038    1.083344310    1.052581009
  106.807320560    1.085484725    1.053911079
  106.845115083    1.087601241    1.055230581
  106.882909605    1.089705762    1.056539551
  106.920704128    1.091816603    1.057838061
  106.958498650    1.093948453    1.059126180
  106.996293173    1.096104421    1.060403927
  107.034087695    1.098274539    1.061671257
  107.071882218    1.100441509    1.062928071
  107.109676740    1.102590374    1.064174266
  107.147471263    1.104716625    1.065409797
  107.185265785    1.106828145    1.066634710
  107.223060308    1.108940001    1.067849120
  107.260854830    1.111065344    1.069053159
  107.298649353    1.113207994    1.070246898
  107.336443875    1.115361405    1.071430304
  107.374238398    1.117514751    1.072603250
  107.412032920    1.119662159    1.073765581
  107.449827443    1.121808401    1.074917197
  107.487621965    1.123965464    1.076058116
  107.525416488    1.126139164    1.077188466
  107.563211010    1.128311099    1.078308422
  107.601005533    1.130425362    1.079418111
  107.638800055    1.132388999    1.080517538
  107.676594578    1.134089885    1.081606578
  107.714389100    1.135427671    1.082685041
  107.752183623    1.136346582    1.083752774
  107.789978145    1.136856630    1.084809747
  107.827772668    1.137033741    1.085856075
  107.865567190    1.136997772    1.086891958
  107.903361713    1.136876686    1.087917574
  107.941156235    1.136770870    1.088932979
  107.978950757    1.136731124    1.089938075
  108.016745280    1.136757444    1.090932656
  108.054539802    1.136816476    1.091916522
  108.092334325    1.136867798    1.092889586
  108.130128847    1.136886485    1.093851930
  108.167923370    1.136872691    1.094803758
  108.205717892    1.136846215    1.095745290
  108.243512415    1.136831494    1.096676641
  108.281306937    1.136842430    1.097597756
  108.319101460    1.136875277    1.098508433
  108.356895982    1.136912591    1.099408436
  108.394690505    1.136934867    1.100297620
  108.432485027    1.136932575    1.101176016
  108.470279550    1.136911612    1.102043813
  108.508074072    1.136889374    1.102901263
  108.545868595    1.136884116    1.103748537
  108.583663117    1.136904022    1.104585635
  108.621457640    1.136942331    1.105412380
  108.659252162    1.136981269    1.106228514
  108.697046685    1.137002384    1.107033837
  108.734841207    1.136997301    1.107828319
  108.772635730    1.136972700    1.108612116
  108.810430252    1.136946648    1.109385493
  108.848224775    1.136938382    1.110148675
  108.886019297    1.136957317    1.110901724
  108.923813820    1.136997547    1.111644507
  108.961608342    1.137040974    1.112376757
  108.999402865    1.137067382    1.113098229
  109.037197387    1.137065818    1.113808825
  109.074991910    1.137040899    1.114508655
  109.112786432    1.137010425    1.115197978
  109.150580955    1.136995585    1.115877062
  109.188375477    1.137009138    1.116546037
  109.226170000    1.137048168    1.117204822
  109.263964522    1.137095515    1.117853167
  109.301759045    1.137129149    1.118490788
  109.339553567    1.137134374    1.119117522
  109.377348090    1.137112085    1.119733418
  109.415142612    1.137078460    1.120338713
  109.452937135    1.137056162    1.120933704
  109.490731657    1.137061851    1.121518584
  109.528526180    1.137096892    1.122093339
  109.566320702    1.137146430    1.122657750
  109.604115225    1.137187428    1.123211511
  109.641909747    1.137201313    1.123754400
  109.679704270    1.137184282    1.124286394
  109.717498792    1.137149550    1.124807691
  109.755293315    1.137120232    1.125318600
  109.793087837    1.137116694    1.125819373
  109.830882360    1.137145299    1.126310067
  109.868676882    1.137194765    1.126790511
  109.906471405    1.137242217    1.127260397
  109.944265927    1.137265672    1.127719447
  109.982060450    1.137256145    1.128167569
  110.019854972    1.137222714    1.128604902
  110.057649495    1.137187681    1.129031750
  110.095444017    1.137174429    1.129448411
  110.133238539    1.137194572    1.129855017
  110.171033062    1.137241475    1.130251458
  110.208827584    1.137293742    1.130637444
  110.246622107    1.137326855    1.131012656
  110.284416629    1.137326610    1.131376929
  110.322211152    1.137297003    1.131730334
  110.360005674    1.137258179    1.132073148
  110.397800197    1.137235504    1.132405702
  110.435594719    1.137245680    1.132728197
  110.473389242    1.137287512    1.133040600
  110.511183764    1.137342432    1.133342652
  110.548978287    1.137384549    1.133634017
  110.586772809    1.137394801    1.133914459
  110.624567332    1.137371459    1.134183973
  110.662361854    1.137331201    1.134442790
  110.700156377    1.137300103    1.134691250
  110.737950899    1.137299405    1.134929619
  110.775745422    1.137333835    1.135157941
  110.813539944    1.137388899    1.135376016
  110.851334467    1.137438694    1.135583511
  110.889128989    1.137460024    1.135780136
  110.926923512    1.137445132    1.135965806
  110.964718034    1.137406056    1.136140681
  111.002512557    1.137368163    1.136305080
  111.040307079    1.137356345    1.136459304
  111.078101602    1.137381372    1.136603477
  111.115896124    1.137433903    1.136737486
  111.153690647    1.137489470    1.136861053
  111.191485169    1.137521785    1.136973886
  111.229279692    1.137517123    1.137075839
  111.267074214    1.137481923    1.137166958
  111.304868737    1.137439390    1.137247430
  111.342663259    1.137416888    1.137317443
  111.380457782    1.137430985    1.137377084
  111.418252304    1.137478310    1.137426371
  111.456046827    1.137537280    1.137465425
  111.493841349    1.137579802    1.137494746
  111.531635872    1.137586619    1.137515437
  111.569430394    1.137557902    1.137529252
  111.607224917    1.137513279    1.137538396
  111.645019439    1.137481200    1.137545124
  111.682813962    1.137483419    1.137551285
  111.720608484    1.137523042    1.137557991
  111.758403007    1.137582720    1.137565542
  111.796197529    1.137634024    1.137573626
  111.833992052    1.137652945    1.137581693
  111.871786574    1.137633058    1.137589327
  111.909581097    1.137589144    1.137596463
  111.947375619    1.137549216    1.137603367
  111.985170142    1.137539267    1.137610437
  112.022964664    1.137569027    1.137617951
  112.060759187    1.137626550    1.137625900
  112.098553709    1.137684629    1.137634008
  112.136348232    1.137715601    1.137641902
  112.174142754    1.137706483    1.137649330
  112.211937277    1.137666161    1.137656314
  112.249731799    1.137620645    1.137663130
  112.287526321    1.137598929    1.137670156
  112.325320844    1.137617141    1.137677650
  112.363115366    1.137669647    1.137685603
  112.400909889    1.137732015    1.137693744
  112.438704411    1.137774288    1.137701689
  112.476498934    1.137777341    1.137709157
  112.514293456    1.137743410    1.137716131
  112.552087979    1.137694979    1.137722866
  112.589882501    1.137662587    1.137729752
  112.627677024    1.137668156    1.137737097
  112.665471546    1.137712950    1.137744949
  112.703266069    1.137776780    1.137753075
  112.741060591    1.137828931    1.137761079
  112.778855114    1.137844922    1.137768627
  112.816649636    1.137819930    1.137775631
  112.854444159    1.137771530    1.137782297
  112.892238681    1.137730199    1.137789017
  112.930033204    1.137722700    1.137796150
  112.967827726    1.137757420    1.137803825
  113.005622249    1.137819690    1.137811867
  113.043416771    1.137879688    1.137819888
  113.081211294    1.137908687    1.137827504
  113.119005816    1.137894774    1.137834541
  113.156800339    1.137849457    1.137841137
  113.194594861    1.137801486    1.137847665
  113.232389384    1.137781207    1.137854532
  113.270183906    1.137803964    1.137861949
  113.307978429    1.137861629    1.137869817
  113.345772951    1.137926933    1.137877776
