    0.000000000    0.553944587    0.553930864
    0.025196348    0.553876819    0.553934653
    0.050392697    0.553824329    0.553938657
    0.075589045    0.553801457    0.553943076
    0.100785393    0.553815213    0.553948015
    0.125981742    0.553863516    0.553953447
    0.151178090    0.553935687    0.553959228
    0.176374438    0.554015088    0.553965125
    0.201570787    0.554083240    0.553970876
    0.226767135    0.554124413    0.553976252
    0.251963483    0.554129549    0.553981117
    0.277159831    0.554098528    0.553985457
    0.302356180    0.554040221    0.553989388
    0.327552528    0.553970307    0.553993125
    0.352748876    0.553907391    0.553996927
    0.377945225    0.553868386    0.554001039
    0.403141573    0.553864301    0.554005623
    0.428337921    0.553897492    0.554010724
    0.453534270    0.553961048    0.554016255
    0.478730618    0.554040491    0.554022017
    0.503926966    0.554117353    0.554027753
    0.529123315    0.554173760    0.554033205
    0.554319663    0.554196878    0.554038185
    0.579516011    0.554182117    0.554042614
    0.604712360    0.554134296    0.554046548
    0.629908708    0.554066466    0.554050163
    0.655105056    0.553996691    0.554053709
    0.680301405    0.553943565    0.554057451
    0.705497753    0.553921592    0.554061600
    0.730694101    0.553937567    0.554066264
    0.755890449    0.553988869    0.554071418
    0.781086798    0.554064080    0.554076908
    0.806283146    0.554145807    0.554082493
    0.831479494    0.554214991    0.554087901
    0.856675843    0.554255636    0.554092896
    0.881872191    0.554258802    0.554097340
    0.907068539    0.554224844    0.554101222
    0.932264888    0.554163351    0.554104667
    0.957461236    0.554090784    0.554107901
    0.982657584    0.554026406    0.554111194
    1.007853933    0.553987496    0.554114798
    1.033050281    0.553985048    0.554118879
    1.058246629    0.554021019    0.554123478
    1.083442978    0.554087817    0.554128496
    1.108639326    0.554170161    0.554133725
    1.133835674    0.554248862    0.554138890
    1.159032023    0.554305579    0.554143723
    1.184228371    0.554327389    0.554148028
    1.209424719    0.554310011    0.554151726
    1.234621067    0.554258895    0.554154880
    1.259817416    0.554187901    0.554157675
    1.285013764    0.554115870    0.554160374
    1.310210112    0.554061957    0.554163253
    1.335406461    0.554040865    0.554166532
    1.360602809    0.554059181    0.554170315
    1.385799157    0.554113707    0.554174571
    1.410995506    0.554192232    0.554179133
    1.436191854    0.554276540    0.554183744
    1.461388202    0.554346920    0.554188114
    1.486584551    0.554387069    0.554191997
    1.511780899    0.554388149    0.554195248
    1.536977247    0.554351014    0.554197859
    1.562173596    0.554286024    0.554199961
    1.587369944    0.554210495    0.554201793
    1.612566292    0.554144421    0.554203639
    1.637762641    0.554105500    0.554205760
    1.662958989    0.554104737    0.554208325
    1.688155337    0.554143675    0.554211370
    1.713351685    0.554213991    0.554214785
    1.738548034    0.554299531    0.554218343
    1.763744382    0.554380305    0.554221750
    1.788940730    0.554437442    0.554224721
    1.814137079    0.554457893    0.554227045
    1.839333427    0.554437688    0.554228642
    1.864529775    0.554382958    0.554229576
    1.889726124    0.554308436    0.554230042
    1.914922472    0.554233827    0.554230318
    1.940118820    0.554178917    0.554230690
    1.965315169    0.554158658    0.554231383
    1.990511517    0.554179431    0.554232504
    2.015707865    0.554237432    0.554234007
    2.040904214    0.554319584    0.554235709
    2.066100562    0.554406763    0.554237329
    2.091296910    0.554478529    0.554238553
    2.116493259    0.554518205    0.554239115
    2.141689607    0.554517043    0.554238857
    2.166885955    0.554476419    0.554237768
    2.192082303    0.554407526    0.554235982
    2.217278652    0.554328627    0.554233749
    2.242475000    0.554260530    0.554231366
    2.267671348    0.554221429    0.554229101
    2.292867697    0.554222365    0.554227124
    2.318064045    0.554264458    0.554225463
    2.343260393    0.554338595    0.554223989
    2.368456742    0.554427661    0.554222447
    2.393653090    0.554510766    0.554220513
    2.418849438    0.554568431    0.554217870
    2.444045787    0.554587433    0.554214285
    2.469242135    0.554564118    0.554209662
    2.494438483    0.554505342    0.554204060
    2.519634832    0.554426802    0.554197678
    2.544831180    0.554349163    0.554190803
    2.570027528    0.554292940    0.554183728
    2.595223877    0.554273389    0.554176682
    2.620420225    0.554296700    0.554169760
    2.645616573    0.554358423    0.554162900
    2.670812921    0.554444534    0.554155884
    2.696009270    0.554534892    0.554148392
    2.721205618    0.554608224    0.554140067
    2.746401966    0.554647411    0.554130604
    2.771598315    0.554643759    0.554119812
    2.796794663    0.554599195    0.554107659
    2.821991011    0.554525825    0.554094273
    2.847187360    0.554442961    0.554079902
    2.872383708    0.554372344    0.554064844
    2.897580056    0.554332747    0.554049368
    2.922776405    0.554335296    0.554033633
    2.947972753    0.554380672    0.554017643
    2.973169101    0.554458903    0.554001229
    2.998365450    0.554551805    0.553984083
    3.023561798    0.554637469    0.553965821
    3.048758146    0.554695701    0.553946062
    3.073954495    0.554713042    0.553924517
    3.099150843    0.554686151    0.553901043
    3.124347191    0.554622666    0.553875667
    3.149543539    0.554539353    0.553848569
    3.174739888    0.554457967    0.553820022
    3.199936236    0.554399867    0.553790311
    3.225132584    0.554380697    0.553759642
    3.250328933    0.554406475    0.553728080
    3.275525281    0.554472057    0.553695506
    3.300721629    0.554562373    0.553661632
    3.325917978    0.554656132    0.553626047
    3.351114326    0.554731094    0.553588299
    3.376310674    0.554769595    0.553547983
    3.401507023    0.554762959    0.553504820
    3.426703371    0.554713689    0.553458706
    3.451899719    0.554634897    0.553409711
    3.477096068    0.554547078    0.553358041
    3.502292416    0.554473051    0.553303959
    3.527488764    0.554432286    0.553247694
    3.552685113    0.554436057    0.553189353
    3.577881461    0.554484592    0.553128860
    3.603077809    0.554566980    0.553065942
    3.628274157    0.554663828    0.553000158
    3.653470506    0.554752053    0.552930966
    3.678666854    0.554810604    0.552857824
    3.703863202    0.554825702    0.552780278
    3.729059551    0.554794304    0.552698039
    3.754255899    0.554724899    0.552611007
    3.779452247    0.554635454    0.552519261
    3.804648596    0.554548977    0.552422989
    3.829844944    0.554487829    0.552322396
    3.855041292    0.554468148    0.552217600
    3.880237641    0.554495816    0.552108547
    3.905433989    0.554564943    0.551994958
    3.930630337    0.554659284    0.551876338
    3.955826686    0.554756227    0.551752021
    3.981023034    0.554832385    0.551621267
    4.006219382    0.554869412    0.551483365
    4.031415731    0.554858584    0.551337740
    4.056612079    0.554803012    0.551184016
    4.081808427    0.554716925    0.551022038
    4.107004775    0.554622177    0.550851829
    4.132201124    0.554542851    0.550673505
    4.157397472    0.554499281    0.550487158
    4.182593820    0.554502971    0.550292729
    4.207790169    0.554553695    0.550089908
    4.232986517    0.554639492    0.549878073
    4.258182865    0.554739589    0.549656285
    4.283379214    0.554829512    0.549423341
    4.308575562    0.554887163    0.549177868
    4.333771910    0.554898317    0.548918434
    4.358968259    0.554860199    0.548643671
    4.384164607    0.554782230    0.548352355
    4.409360955    0.554683742    0.548043459
    4.434557304    0.554589216    0.547716151
    4.459753652    0.554522223    0.547369757
    4.484950000    0.554499552    0.547003700
    4.510146349    0.554526999    0.546617427
    4.535342697    0.554597870    0.546210357
    4.560539045    0.554694573    0.545781858
    4.585735393    0.554792940    0.545331254
    4.610931742    0.554868195    0.544857865
    4.636128090    0.554901108    0.544361064
    4.661324438    0.554882807    0.543840334
    4.686520787    0.554817032    0.543295304
    4.711717135    0.554719270    0.542725763
    4.736913483    0.554612965    0.542131630
    4.762109832    0.554523726    0.541512905
    4.787306180    0.554472969    0.540869598
    4.812502528    0.554472565    0.540201668
    4.837698877    0.554521829    0.539508975
    4.862895225    0.554607622    0.538791277
    4.888091573    0.554707538    0.538048251
    4.913287922    0.554795425    0.537279554
    4.938484270    0.554847853    0.536484894
    4.963680618    0.554849958    0.535664096
    4.988876967    0.554799176    0.534817134
    5.014073315    0.554705946    0.533944125
    5.039269663    0.554591187    0.533045273
    5.064466011    0.554481146    0.532120770
    5.089662360    0.554400904    0.531170680
    5.114858708    0.554368119    0.530194821
    5.140055056    0.554388592    0.529192692
    5.165251405    0.554454740    0.528163442
    5.190447753    0.554547396    0.527105922
    5.215644101    0.554640499    0.526018788
    5.240840450    0.554707515    0.524900660
    5.266036798    0.554728028    0.523750288
    5.291233146    0.554692843    0.522566709
    5.316429495    0.554606330    0.521349338
    5.341625843    0.554485416    0.520097993
    5.366822191    0.554355443    0.518812833
    5.392018540    0.554243910    0.517494222
    5.417214888    0.554173643    0.516142560
    5.442411236    0.554157075    0.514758091
    5.467607585    0.554193076    0.513340769
    5.492803933    0.554267133    0.511890174
    5.518000281    0.554354853    0.510405536
    5.543196629    0.554427951    0.508885835
    5.568392978    0.554461237    0.507329977
    5.593589326    0.554438883    0.505737006
    5.618785674    0.554358406    0.504106291
    5.643982023    0.554231360    0.502437661
    5.669178371    0.554080543    0.500731448
    5.694374719    0.553934389    0.498988412
    5.719571068    0.553819924    0.497209575
    5.744767416    0.553756012    0.495395988
    5.769963764    0.553748593    0.493548465
    5.795160113    0.553789085    0.491667372
    5.820356461    0.553856394    0.489752489
    5.845552809    0.553922034    0.487803006
    5.870749158    0.553957130    0.485817652
    5.895945506    0.553939566    0.483794953
    5.921141854    0.553859501    0.481733569
    5.946338203    0.553721878    0.479632657
    5.971534551    0.553545282    0.477492193
    5.996730899    0.553357392    0.475313182
    6.021927247    0.553188137    0.473097718
    6.047123596    0.553062247    0.470848866
    6.072319944    0.552993021    0.468570381
    6.097516292    0.552978899    0.466266297
    6.122712641    0.553003681    0.463940460
    6.147908989    0.553040398    0.461596063
    6.173105337    0.553057872    0.459235278
    6.198301686    0.553028388    0.456859025
    6.223498034    0.552934555    0.454466934
    6.248694382    0.552773673    0.452057498
    6.273890731    0.552558468    0.449628391
    6.299087079    0.552314016    0.447176906
    6.324283427    0.552071562    0.444700432
    6.349479776    0.551860750    0.442196912
    6.374676124    0.551702182    0.439665196
    6.399872472    0.551602149    0.437105233
    6.425068821    0.551550869    0.434518100
    6.450265169    0.551524692    0.431905846
    6.475461517    0.551491765    0.429271183
    6.500657865    0.551419793    0.426617101
    6.525854214    0.551283963    0.423946436
    6.551050562    0.551073100    0.421261493
    6.576246910    0.550792483    0.418563755
    6.601443259    0.550462602    0.415853736
    6.626639607    0.550114120    0.413130985
    6.651835955    0.549780263    0.410394235
    6.677032304    0.549488476    0.407641663
    6.702228652    0.549253432    0.404871210
    6.727425000    0.549073128    0.402080918
    6.752621349    0.548929072    0.399269219
    6.777817697    0.548790552    0.396435131
    6.803014045    0.548621989    0.393578359
    6.828210394    0.548391557    0.390699278
    6.853406742    0.548078981    0.387798818
    6.878603090    0.547680534    0.384878305
    6.903799439    0.547209997    0.381939269
    6.928995787    0.546695266    0.378983288
    6.954192135    0.546171417    0.376011882
    6.979388483    0.545671895    0.373026495
    7.004584832    0.545219984    0.370028539
    7.029781180    0.544822681    0.367019515
    7.054977528    0.544468517    0.364001150
    7.080173877    0.544129910    0.360975531
    7.105370225    0.543769540    0.357945201
    7.130566573    0.543349205    0.354913171
    7.155762922    0.542839009    0.351882859
    7.180959270    0.542224614    0.348857942
    7.206155618    0.541510728    0.345842151
    7.231351967    0.540719916    0.342839043
    7.256548315    0.539886956    0.339851787
    7.281744663    0.539050069    0.336882992
    7.306941012    0.538241141    0.333934613
    7.332137360    0.537477326    0.331007946
    7.357333708    0.536756143    0.328103680
    7.382530057    0.536055312    0.325222023
    7.407726405    0.535337459    0.322362831
    7.432922753    0.534558621    0.319525734
    7.458119101    0.533678505    0.316710209
    7.483315450    0.532670015    0.313915601
    7.508511798    0.531525698    0.311141080
    7.533708146    0.530259443    0.308385550
    7.558904495    0.528902941    0.305647548
    7.584100843    0.527497648    0.302925149
    7.609297191    0.526084143    0.300215928
    7.634493540    0.524691410    0.297516973
    7.659689888    0.523328669    0.294824991
    7.684886236    0.521981806    0.292136456
    7.710082585    0.520615375    0.289447806
    7.735278933    0.519179823    0.286755630
    7.760475281    0.517622314    0.284056828
    7.785671630    0.515898639    0.281348702
    7.810867978    0.513983348    0.278628969
    7.836064326    0.511875640    0.275895701
    7.861260675    0.509599467    0.273147209
    7.886457023    0.507197631    0.270381904
    7.911653371    0.504721082    0.267598176
    7.936849719    0.502215746    0.264794321
    7.962046068    0.499709807    0.261968539
    7.987242416    0.497204350    0.259119008
    8.012438764    0.494669491    0.256244027
    8.037635113    0.492046954    0.253342180
    8.062831461    0.489258585    0.250412510
    8.088027809    0.486219002    0.247454645
    8.113224158    0.482849683    0.244468858
    8.138420506    0.479091527    0.241456046
    8.163616854    0.474913333    0.238417637
    8.188813203    0.470314613    0.235355445
    8.214009551    0.465322453    0.232271509
    8.239205899    0.459983495    0.229167952
    8.264402248    0.454353098    0.226046897
    8.289598596    0.448484295    0.222910442
    8.314794944    0.442419000    0.219760706
    8.339991293    0.436183267    0.216599924
    8.365187641    0.429787255    0.213430544
    8.390383989    0.423229418    0.210255312
    8.415580337    0.416503362    0.207077286
    8.440776686    0.409605289    0.203899784
    8.465973034    0.402539879    0.200726255
    8.491169382    0.395323050    0.197560091
    8.516365731    0.387980934    0.194404431
    8.541562079    0.380545503    0.191261976
    8.566758427    0.373048224    0.188134881
    8.591954776    0.365513639    0.185024726
    8.617151124    0.357954817    0.181932583
    8.642347472    0.350372053    0.178859148
    8.667543821    0.342755272    0.175804919
    8.692740169    0.335089524    0.172770339
    8.717936517    0.327361990    0.169755899
    8.743132866    0.319568382    0.166762128
    8.768329214    0.311716689    0.163789494
    8.793525562    0.303826765    0.160838217
    8.818721911    0.295925425    0.157908055
    8.843918259    0.288037872    0.154998102
    8.869114607    0.280177488    0.152106692
    8.894310955    0.272336646    0.149231426
    8.919507304    0.264481250    0.146369365
    8.944703652    0.256551035    0.143517369
    8.969900000    0.248466390    0.140672523
    8.995096349    0.240140894    0.137832584
    9.020292697    0.231497267    0.134996353
    9.045489045    0.222483355    0.132163886
    9.070685394    0.213084470    0.129336486
    9.095881742    0.203328918    0.126516473
    9.121078090    0.193284893    0.123706737
    9.146274439    0.183048781    0.120910175
    9.171470787    0.172726878    0.118129098
    9.196667135    0.162414199    0.115364733
    9.221863484    0.152174913    0.112616919
    9.247059832    0.142028881    0.109884070
    9.272256180    0.131947619    0.107163411
    9.297452529    0.121861072    0.104451462
    9.322648877    0.111674199    0.101744677
    9.347845225    0.101290086    0.099040118
    9.373041573    0.090634666    0.096336038
    9.398237922    0.079677449    0.093632261
    9.423434270    0.068443318    0.090930288
    9.448630618    0.057012132    0.088233109
    9.473826967    0.045505489    0.085544760
    9.499023315    0.034062831    0.082869715
    9.524219663    0.022811624    0.080212223
    9.549416012    0.011837950    0.077575729
    9.574612360    0.001164201    0.074962459
    9.599808708   -0.009260567    0.072373262
    9.625005057   -0.019554433    0.069807696
    9.650201405   -0.029880595    0.067264342
    9.675397753   -0.040412945    0.064741239
    9.700594102   -0.051295499    0.062236367
    9.725790450   -0.062603668    0.059748039
    9.750986798   -0.074315511    0.057275152
    9.776183147   -0.086299610    0.054817235
    9.801379495   -0.098323305    0.052374304
    9.826575843   -0.110081220    0.049946568
    9.851772191   -0.121240060    0.047534070
    9.876968540   -0.131492320    0.045136343
    9.902164888   -0.140609493    0.042752173
    9.927361236   -0.148485035    0.040379510
    9.952557585   -0.155158898    0.038015555
    9.977753933   -0.160818475    0.035656999
   10.002950281   -0.165774984    0.033300346
   10.028146630   -0.170418669    0.030942263
   10.053342978   -0.175160077    0.028579869
   10.078539326   -0.180367199    0.026210909
   10.103735675   -0.186309129    0.023833791
   10.128932023   -0.193115782    0.021447472
   10.154128371   -0.200760450    0.019051259
   10.179324720   -0.209067969    0.016644556
   10.204521068   -0.217746842    0.014226641
   10.229717416   -0.226439570    0.011796522
   10.254913765   -0.234782402    0.009352897
   10.280110113   -0.242464302    0.006894243
   10.305306461   -0.249275320    0.004418975
   10.330502809   -0.255136666    0.001925661
   10.355699158   -0.260108162   -0.000586792
   10.380895506   -0.264372786   -0.003119013
   10.406091854   -0.268201971   -0.005671155
   10.431288203   -0.271908443   -0.008242979
   10.456484551   -0.275795198   -0.010834039
   10.481680899   -0.280109431   -0.013443899
   10.506877248   -0.285008854   -0.016072344
   10.532073596   -0.290545211   -0.018719521
   10.557269944   -0.296666459   -0.021385978
   10.582466293   -0.303235626   -0.024072576
   10.607662641   -0.310061519   -0.026780308
   10.632858989   -0.316934618   -0.029510046
   10.658055338   -0.323661035   -0.032262277
   10.683251686   -0.330088330   -0.035036891
   10.708448034   -0.336119008   -0.037833057
   10.733644383   -0.341710265   -0.040649221
   10.758840731   -0.346861366   -0.043483216
   10.784037079   -0.351592505   -0.046332461
   10.809233427   -0.355920494   -0.049194204
   10.834429776   -0.359837013   -0.052065747
   10.859626124   -0.363294345   -0.054944621
   10.884822472   -0.366201716   -0.057828672
   10.910018821   -0.368433027   -0.060716054
   10.935215169   -0.369844275   -0.063605149
   10.960411517   -0.370296976   -0.066494464
   10.985607866   -0.369682695   -0.069382524
   11.010804214   -0.367943636   -0.072267843
   11.036000562   -0.365085206   -0.075148956
   11.061196911   -0.361178161   -0.078024559
   11.086393259   -0.356350194   -0.080893705
   11.111589607   -0.350768986   -0.083756027
   11.136785956   -0.344620431   -0.086611932
   11.161982304   -0.338086621   -0.089462722
   11.187178652   -0.331328015   -0.092310593
   11.212375001   -0.324473137   -0.095158502
   11.237571349   -0.317617330   -0.098009927
   11.262767697   -0.310830037   -0.100868537
   11.287964045   -0.304168139   -0.103737855
   11.313160394   -0.297691575   -0.106620944
   11.338356742   -0.291477030   -0.109520199
   11.363553090   -0.285625999   -0.112437247
   11.388749439   -0.280264945   -0.115372991
   11.413945787   -0.275537132   -0.118327741
   11.439142135   -0.271587768   -0.121301420
   11.464338484   -0.268545666   -0.124293770
   11.489534832   -0.266505577   -0.127304513
   11.514731180   -0.265515242   -0.130333429
   11.539927529   -0.265570225   -0.133380328
   11.565123877   -0.266617867   -0.136444934
   11.590320225   -0.268569626   -0.139526707
   11.615516574   -0.271319181   -0.142624648
   11.640712922   -0.274762333   -0.145737151
   11.665909270   -0.278814312   -0.148861914
   11.691105619   -0.283420672   -0.151995959
   11.716301967   -0.288559416   -0.155135737
   11.741498315   -0.294233992   -0.158277309
   11.766694663   -0.300458918   -0.161416551
   11.791891012   -0.307241475   -0.164549340
   11.817087360   -0.314563854   -0.167671684
   11.842283708   -0.322369996   -0.170779766
   11.867480057   -0.330560316   -0.173869910
   11.892676405   -0.338995615   -0.176938473
   11.917872753   -0.347509370   -0.179981714
   11.943069102   -0.355925598   -0.182995688
   11.968265450   -0.364078231   -0.185976191
   11.993461798   -0.371827574   -0.188918810
   12.018658147   -0.379070207   -0.191819063
   12.043854495   -0.385740295   -0.194672628
   12.069050843   -0.391802401   -0.197475623
   12.094247192   -0.397238042   -0.200224880
   12.119443540   -0.402029762   -0.202918175
   12.144639888   -0.406147200   -0.205554366
   12.169836237   -0.409539086   -0.208133415
   12.195032585   -0.412133680   -0.210656306
   12.220228933   -0.413847933   -0.213124871
   12.245425281   -0.414603415   -0.215541571
   12.270621630   -0.414345107   -0.217909278
   12.295817978   -0.413058257   -0.220231105
   12.321014326   -0.410778724   -0.222510301
   12.346210675   -0.407593667   -0.224750240
   12.371407023   -0.403631752   -0.226954469
   12.396603371   -0.399044688   -0.229126801
   12.421799720   -0.393984210   -0.231271410
   12.446996068   -0.388580051   -0.233392879
   12.472192416   -0.382924456   -0.235496173
   12.497388765   -0.377067497   -0.237586535
   12.522585113   -0.371024847   -0.239669290
   12.547781461   -0.364796597   -0.241749602
   12.572977810   -0.358392642   -0.243832199
   12.598174158   -0.351858083   -0.245921136
   12.623370506   -0.345291444   -0.248019603
   12.648566855   -0.338849641   -0.250129818
   12.673763203   -0.332736329   -0.252253012
   12.698959551   -0.327174107   -0.254389482
   12.724155899   -0.322365040   -0.256538697
   12.749352248   -0.318447356   -0.258699434
   12.774548596   -0.315457947   -0.260869889
   12.799744944   -0.313310003   -0.263047776
   12.824941293   -0.311792708   -0.265230371
   12.850137641   -0.310595621   -0.267414543
   12.875333989   -0.309355267   -0.269596754
   12.900530338   -0.307716381   -0.271773081
   12.925726686   -0.305396546   -0.273939253
   12.950923034   -0.302241374   -0.276090732
   12.976119383   -0.298258483   -0.278222838
   13.001315731   -0.293622140   -0.280330888
   13.026512079   -0.288646000   -0.282410344
   13.051708428   -0.283727727   -0.284456936
   13.076904776   -0.279275121   -0.286466742
   13.102101124   -0.275627481   -0.288436195
   13.127297473   -0.272987370   -0.290362049
   13.152493821   -0.271376276   -0.292241286
   13.177690169   -0.270623297   -0.294071017
   13.202886517   -0.270389546   -0.295848393
   13.228082866   -0.270224041   -0.297570568
   13.253279214   -0.269640553   -0.299234719
   13.278475562   -0.268200780   -0.300838147
   13.303671911   -0.265588018   -0.302378416
   13.328868259   -0.261657486   -0.303853539
   13.354064607   -0.256454263   -0.305262138
   13.379260956   -0.250196357   -0.306603565
   13.404457304   -0.243227378   -0.307877943
   13.429653652   -0.235949234   -0.309086134
   13.454850001   -0.228748908   -0.310229612
   13.480046349   -0.221934051   -0.311310300
   13.505242697   -0.215689763   -0.312330387
   13.530439046   -0.210064021   -0.313292179
   13.555635394   -0.204982965   -0.314198015
   13.580831742   -0.200290923   -0.315050265
   13.606028091   -0.195805096   -0.315851416
   13.631224439   -0.191372155   -0.316604210
   13.656420787   -0.186914222   -0.317311794
   13.681617135   -0.182454599   -0.317977837
   13.706813484   -0.178118483   -0.318606548
   13.732009832   -0.174109645   -0.319202581
   13.757206180   -0.170669317   -0.319770791
   13.782402529   -0.168027208   -0.320315882
   13.807598877   -0.166355919   -0.320841976
   13.832795225   -0.165738748   -0.321352175
   13.857991574   -0.166157475   -0.321848189
   13.883187922   -0.167501915   -0.322330102
   13.908384270   -0.169598046   -0.322796322
   13.933580619   -0.172247471   -0.323243734
   13.958776967   -0.175268721   -0.323668056
   13.983973315   -0.178530961   -0.324064331
   14.009169664   -0.181972860   -0.324427504
   14.034366012   -0.185603211   -0.324752985
   14.059562360   -0.189484327   -0.325037124
   14.084758709   -0.193703283   -0.325277533
   14.109955057   -0.198338766   -0.325473212
   14.135151405   -0.203432015   -0.325624466
   14.160347753   -0.208969032   -0.325732658
   14.185544102   -0.214878217   -0.325799832
   14.210740450   -0.221043618   -0.325828279
   14.235936798   -0.227330125   -0.325820128
   14.261133147   -0.233613969   -0.325777012
   14.286329495   -0.239810650   -0.325699855
   14.311525843   -0.245893119   -0.325588811
   14.336722192   -0.251895421   -0.325443337
   14.361918540   -0.257900631   -0.325262372
   14.387114888   -0.264015736   -0.325044598
   14.412311237   -0.270339271   -0.324788708
   14.437507585   -0.276929336   -0.324493665
   14.462703933   -0.283779532   -0.324158906
   14.487900282   -0.290808503   -0.323784469
   14.513096630   -0.297865633   -0.323371053
   14.538292978   -0.304751636   -0.322920019
   14.563489327   -0.311249444   -0.322433339
   14.588685675   -0.317158453   -0.321913533
   14.613882023   -0.322324630   -0.321363599
   14.639078371   -0.326660125   -0.320786961
   14.664274720   -0.330148694   -0.320187426
   14.689471068   -0.332836701   -0.319569157
   14.714667416   -0.334812896   -0.318936650
   14.739863765   -0.336182750   -0.318294703
   14.765060113   -0.337044239   -0.317648363
   14.790256461   -0.337471346   -0.317002858
   14.815452810   -0.337509386   -0.316363496
   14.840649158   -0.337183076   -0.315735554
   14.865845506   -0.336514876   -0.315124152
   14.891041855   -0.335548327   -0.314534140
   14.916238203   -0.334369645   -0.313969992
   14.941434551   -0.333121031   -0.313435727
   14.966630900   -0.332000976   -0.312934864
   14.991827248   -0.331249926   -0.312470389
   15.017023596   -0.331123196   -0.312044755
   15.042219945   -0.331856205   -0.311659888
   15.067416293   -0.333629171   -0.311317198
   15.092612641   -0.336538807   -0.311017593
   15.117808989   -0.340583257   -0.310761480
   15.143005338   -0.345663715   -0.310548780
   15.168201686   -0.351602555   -0.310378928
   15.193398034   -0.358174238   -0.310250893
   15.218594383   -0.365142466   -0.310163208
   15.243790731   -0.372295791   -0.310114013
   15.268987079   -0.379474344   -0.310101117
   15.294183428   -0.386582462   -0.310122056
   15.319379776   -0.393585252   -0.310174157
   15.344576124   -0.400490744   -0.310254576
   15.369772473   -0.407322497   -0.310360314
   15.394968821   -0.414089515   -0.310488196
   15.420165169   -0.420760715   -0.310634821
   15.445361518   -0.427249929   -0.310796482
   15.470557866   -0.433414768   -0.310969089
   15.495754214   -0.439069380   -0.311148105
   15.520950563   -0.444007875   -0.311328525
   15.546146911   -0.448032784   -0.311504920
   15.571343259   -0.450981945   -0.311671560
   15.596539607   -0.452747775   -0.311822619
   15.621735956   -0.453284887   -0.311952445
   15.646932304   -0.452604960   -0.312055877
   15.672128652   -0.450760845   -0.312128568
   15.697325001   -0.447824490   -0.312167274
   15.722521349   -0.443864615   -0.312170075
   15.747717697   -0.438930030   -0.312136492
   15.772914046   -0.433042916   -0.312067489
   15.798110394   -0.426203848   -0.311965357
   15.823306742   -0.418407307   -0.311833512
   15.848503091   -0.409663781   -0.311676219
   15.873699439   -0.400022798   -0.311498310
   15.898895787   -0.389590921   -0.311304911
   15.924092136   -0.378539836   -0.311101242
   15.949288484   -0.367101951   -0.310892472
   15.974484832   -0.355553883   -0.310683676
   15.999681181   -0.344191032   -0.310479832
   16.024877529   -0.333298572   -0.310285865
   16.050073877   -0.323125019   -0.310106685
   16.075270225   -0.313863927   -0.309947187
   16.100466574   -0.305647337   -0.309812188
   16.125662922   -0.298551836   -0.309706304
   16.150859270   -0.292615103   -0.309633764
   16.176055619   -0.287858354   -0.309598197
   16.201251967   -0.284308750   -0.309602432
   16.226448315   -0.282015846   -0.309648338
   16.251644664   -0.281057623   -0.309736759
   16.276841012   -0.281534140   -0.309867534
   16.302037360   -0.283549851   -0.310039621
   16.327233709   -0.287188349   -0.310251282
   16.352430057   -0.292485243   -0.310500295
   16.377626405   -0.299405429   -0.310784147
   16.402822754   -0.307830184   -0.311100156
   16.428019102   -0.317557430   -0.311445500
   16.453215450   -0.328315645   -0.311817146
   16.478411799   -0.339788991   -0.312211694
   16.503608147   -0.351648784   -0.312625189
   16.528804495   -0.363585211   -0.313052963
   16.554000843   -0.375333225   -0.313489547
   16.579197192   -0.386688001   -0.313928738
   16.604393540   -0.397507723   -0.314363805
   16.629589888   -0.407704302   -0.314787855
   16.654786237   -0.417225219   -0.315194301
   16.679982585   -0.426031486   -0.315577361
   16.705178933   -0.434077312   -0.315932513
   16.730375282   -0.441296371   -0.316256805
   16.755571630   -0.447597767   -0.316548977
   16.780767978   -0.452872344   -0.316809359
   16.805964327   -0.457007459   -0.317039558
   16.831160675   -0.459906342   -0.317241998
   16.856357023   -0.461507105   -0.317419403
   16.881553372   -0.461796612   -0.317574316
   16.906749720   -0.460815713   -0.317708772
   16.931946068   -0.458654388   -0.317824176
   16.957142417   -0.455437783   -0.317921425
   16.982338765   -0.451306216   -0.318001258
   17.007535113   -0.446393680   -0.318064751
   17.032731461   -0.440809700   -0.318113872
   17.057927810   -0.434628632   -0.318151960
   17.083124158   -0.427888845   -0.318184045
   17.108320506   -0.420601948   -0.318216898
   17.133516855   -0.412770041   -0.318258821
   17.158713203   -0.404407116   -0.318319163
   17.183909551   -0.395559884   -0.318407659
   17.209105900   -0.386323354   -0.318533686
   17.234302248   -0.376847605   -0.318705566
   17.259498596   -0.367334026   -0.318930013
   17.284694945   -0.358021401   -0.319211811
   17.309891293   -0.349164230   -0.319553756
   17.335087641   -0.341007089   -0.319956835
   17.360283990   -0.333759484   -0.320420585
   17.385480338   -0.327575302   -0.320943540
   17.410676686   -0.322539960   -0.321523661
   17.435873035   -0.318666692   -0.322158662
   17.461069383   -0.315901723   -0.322846182
   17.486265731   -0.314136496   -0.323583775
   17.511462079   -0.313224153   -0.324368757
   17.536658428   -0.312997029   -0.325197970
   17.561854776   -0.313282285   -0.326067532
   17.587051124   -0.313913591   -0.326972664
   17.612247473   -0.314737923   -0.327907647
   17.637443821   -0.315617661   -0.328865929
   17.662640169   -0.316429132   -0.329840378
   17.687836518   -0.317059269   -0.330823631
   17.713032866   -0.317402151   -0.331808472
   17.738229214   -0.317356918   -0.332788163
   17.763425563   -0.316827919   -0.333756673
   17.788621911   -0.315727336   -0.334708764
   17.813818259   -0.313979812   -0.335639930
   17.839014608   -0.311528225   -0.336546235
   17.864210956   -0.308339472   -0.337424086
   17.889407304   -0.304409191   -0.338270031
   17.914603653   -0.299764526   -0.339080614
   17.939800001   -0.294464361   -0.339852362
   17.964996349   -0.288596803   -0.340581879
   17.990192697   -0.282273990   -0.341266045
   18.015389046   -0.275624588   -0.341902271
   18.040585394   -0.268784550   -0.342488738
   18.065781742   -0.261886896   -0.343024569
   18.090978091   -0.255051442   -0.343509881
   18.116174439   -0.248375530   -0.343945721
   18.141370787   -0.241926888   -0.344333871
   18.166567136   -0.235739697   -0.344676596
   18.191763484   -0.229814730   -0.344976376
   18.216959832   -0.224124025   -0.345235692
   18.242156181   -0.218619931   -0.345456906
   18.267352529   -0.213247688   -0.345642268
   18.292548877   -0.207959963   -0.345794028
   18.317745226   -0.202731194   -0.345914620
   18.342941574   -0.197569368   -0.346006850
   18.368137922   -0.192522990   -0.346074030
   18.393334271   -0.187681607   -0.346119995
   18.418530619   -0.183169279   -0.346148977
   18.443726967   -0.179131572   -0.346165338
   18.468923315   -0.175717937   -0.346173207
   18.494119664   -0.173062265   -0.346176077
   18.519316012   -0.171264970   -0.346176447
   18.544512360   -0.170379783   -0.346175592
   18.569708709   -0.170407718   -0.346173488
   18.594905057   -0.171299379   -0.346168935
   18.620101405   -0.172965193   -0.346159841
   18.645297754   -0.175291630   -0.346143618
   18.670494102   -0.178160298   -0.346117594
   18.695690450   -0.181466183   -0.346079385
   18.720886799   -0.185131540   -0.346027120
   18.746083147   -0.189112827   -0.345959506
   18.771279495   -0.193399553   -0.345875714
   18.796475844   -0.198005643   -0.345775123
   18.821672192   -0.202955524   -0.345656997
   18.846868540   -0.208268273   -0.345520164
   18.872064889   -0.213943576   -0.345362784
   18.897261237   -0.219952838   -0.345182269
   18.922457585   -0.226237614   -0.344975365
   18.947653933   -0.232715847   -0.344738391
   18.972850282   -0.239294637   -0.344467589
   18.998046630   -0.245886640   -0.344159502
   19.023242978   -0.252426294   -0.343811316
   19.048439327   -0.258881937   -0.343421078
   19.073635675   -0.265260597   -0.342987785
   19.098832023   -0.271603754   -0.342511301
   19.124028372   -0.277974245   -0.341992164
   19.149224720   -0.284436441   -0.341431329
   19.174421068   -0.291033375   -0.340829915
   19.199617417   -0.297765329   -0.340189032
   19.224813765   -0.304574372   -0.339509726
   19.250010113   -0.311338351   -0.338793069
   19.275206462   -0.317876209   -0.338040352
   19.300402810   -0.323964415   -0.337253359
   19.325599158   -0.329362291   -0.336434639
   19.350795507   -0.333842373   -0.335587705
   19.375991855   -0.337221041   -0.334717117
   19.401188203   -0.339384609   -0.333828419
   19.426384551   -0.340306909   -0.332927924
   19.451580900   -0.340055839   -0.332022409
   19.476777248   -0.338788276   -0.331118753
   19.501973596   -0.336734568   -0.330223608
   19.527169945   -0.334175390   -0.329343149
   19.552366293   -0.331414713   -0.328482950
   19.577562641   -0.328752876   -0.327647984
   19.602758990   -0.326463312   -0.326842735
   19.627955338   -0.324775501   -0.326071369
   19.653151686   -0.323865402   -0.325337891
   19.678348035   -0.323853289   -0.324646257
   19.703544383   -0.324807743   -0.324000371
   19.728740731   -0.326753827   -0.323403972
   19.753937080   -0.329683117   -0.322860431
   19.779133428   -0.333563476   -0.322372479
   19.804329776   -0.338346921   -0.321941955
   19.829526125   -0.343974672   -0.321569617
   19.854722473   -0.350379218   -0.321255059
   19.879918821   -0.357483889   -0.320996772
   19.905115169   -0.365200852   -0.320792322
   19.930311518   -0.373428670   -0.320638613
   19.955507866   -0.382050467   -0.320532169
   19.980704214   -0.390933560   -0.320469374
   20.005900563   -0.399931013   -0.320446605
   20.031096911   -0.408885210   -0.320460232
   20.056293259   -0.417633157   -0.320506482
   20.081489608   -0.426012949   -0.320581195
   20.106685956   -0.433870638   -0.320679541
   20.131882304   -0.441066654   -0.320795778
   20.157078653   -0.447480990   -0.320923110
   20.182275001   -0.453016465   -0.321053714
   20.207471349   -0.457599656   -0.321178959
   20.232667698   -0.461179348   -0.321289804
   20.257864046   -0.463722756   -0.321377322
   20.283060394   -0.465210096   -0.321433285
   20.308256743   -0.465628417   -0.321450720
   20.333453091   -0.464965813   -0.321424352
   20.358649439   -0.463207167   -0.321350881
   20.383845787   -0.460332459   -0.321229062
   20.409042136   -0.456318281   -0.321059596
   20.434238484   -0.451142720   -0.320844869
   20.459434832   -0.444793152   -0.320588600
   20.484631181   -0.437275893   -0.320295476
   20.509827529   -0.428626208   -0.319970814
   20.535023877   -0.418916964   -0.319620316
   20.560220226   -0.408264280   -0.319249917
   20.585416574   -0.396828955   -0.318865728
   20.610612922   -0.384813071   -0.318474030
   20.635809271   -0.372451994   -0.318081285
   20.661005619   -0.360002762   -0.317694122
   20.686201967   -0.347730460   -0.317319263
   20.711398316   -0.335894527   -0.316963374
   20.736594664   -0.324736859   -0.316632869
   20.761791012   -0.314473181   -0.316333671
   20.786987361   -0.305288471   -0.316070982
   20.812183709   -0.297336372   -0.315849110
   20.837380057   -0.290741762   -0.315671372
   20.862576405   -0.285605071   -0.315540083
   20.887772754   -0.282006665   -0.315456648
   20.912969102   -0.280009771   -0.315421714
   20.938165450   -0.279660889   -0.315435338
   20.963361799   -0.280987323   -0.315497157
   20.988558147   -0.283992270   -0.315606487
   21.013754495   -0.288648561   -0.315762358
   21.038950844   -0.294892558   -0.315963453
   21.064147192   -0.302619788   -0.316207991
   21.089343540   -0.311683621   -0.316493558
   21.114539889   -0.321897707   -0.316816944
   21.139736237   -0.333042205   -0.317174021
   21.164932585   -0.344873120   -0.317559689
   21.190128934   -0.357133541   -0.317967915
   21.215325282   -0.369565318   -0.318391871
   21.240521630   -0.381919777   -0.318824145
   21.265717979   -0.393966368   -0.319257016
   21.290914327   -0.405498705   -0.319682747
   21.316110675   -0.416337932   -0.320093873
   21.341307023   -0.426333850   -0.320483460
   21.366503372   -0.435364481   -0.320845314
   21.391699720   -0.443334778   -0.321174140
   21.416896068   -0.450175028   -0.321465654
   21.442092417   -0.455839204   -0.321716656
   21.467288765   -0.460303217   -0.321925084
   21.492485113   -0.463562814   -0.322090045
   21.517681462   -0.465630853   -0.322211838
   21.542877810   -0.466533811   -0.322291958
   21.568074158   -0.466307687   -0.322333087
   21.593270507   -0.464993792   -0.322339053
   21.618466855   -0.462635165   -0.322314748
   21.643663203   -0.459274446   -0.322266016
   21.668859552   -0.454953858   -0.322199494
   21.694055900   -0.449717570   -0.322122431
   21.719252248   -0.443616158   -0.322042475
   21.744448597   -0.436712314   -0.321967464
   21.769644945   -0.429086530   -0.321905220
   21.794841293   -0.420841313   -0.321863357
   21.820037641   -0.412102651   -0.321849113
   21.845233990   -0.403017994   -0.321869213
   21.870430338   -0.393750711   -0.321929745
   21.895626686   -0.384471833   -0.322036075
   21.920823035   -0.375350524   -0.322192769
   21.946019383   -0.366545109   -0.322403542
   21.971215731   -0.358196359   -0.322671228
   21.996412080   -0.350424237   -0.322997772
   22.021608428   -0.343328419   -0.323384242
   22.046804776   -0.336991883   -0.323830871
   22.072001125   -0.331485958   -0.324337115
   22.097197473   -0.326874681   -0.324901722
   22.122393821   -0.323216265   -0.325522806
   22.147590170   -0.320560094   -0.326197916
   22.172786518   -0.318938697   -0.326924086
   22.197982866   -0.318355561   -0.327697859
   22.223179215   -0.318770939   -0.328515305
   22.248375563   -0.320088830   -0.329372009
   22.273571911   -0.322148650   -0.330263071
   22.298768259   -0.324724689   -0.331183110
   22.323964608   -0.327535273   -0.332126303
   22.349160956   -0.330261810   -0.333086454
   22.374357304   -0.332575915   -0.334057106
   22.399553653   -0.334171061   -0.335031679
   22.424750001   -0.334793983   -0.336003636
   22.449946349   -0.334270755   -0.336966644
   22.475142698   -0.332523128   -0.337914715
   22.500339046   -0.329572280   -0.338842316
   22.525535394   -0.325529293   -0.339744435
   22.550731743   -0.320574024   -0.340616599
   22.575928091   -0.314926087   -0.341454857
   22.601124439   -0.308813005   -0.342255746
   22.626320788   -0.302440919   -0.343016256
   22.651517136   -0.295972569   -0.343733803
   22.676713484   -0.289515629   -0.344406243
   22.701909833   -0.283122345   -0.345031904
   22.727106181   -0.276799179   -0.345609649
   22.752302529   -0.270523307   -0.346138942
   22.777498877   -0.264261734   -0.346619906
   22.802695226   -0.257988644   -0.347053345
   22.827891574   -0.251697459   -0.347440728
   22.853087922   -0.245405593   -0.347784117
   22.878284271   -0.239151831   -0.348086050
   22.903480619   -0.232988028   -0.348349399
   22.928676967   -0.226968083   -0.348577214
   22.953873316   -0.221137677   -0.348772586
   22.979069664   -0.215527795   -0.348938543
   23.004266012   -0.210153935   -0.349077992
   23.029462361   -0.205021275   -0.349193703
   23.054658709   -0.200134414   -0.349288331
   23.079855057   -0.195509002   -0.349364458
   23.105051406   -0.191181963   -0.349424620
   23.130247754   -0.187217265   -0.349471315
   23.155444102   -0.183705160   -0.349506969
   23.180640451   -0.180754399   -0.349533856
   23.205836799   -0.178478637   -0.349553988
   23.231033147   -0.176979672   -0.349568987
   23.256229495   -0.176331064   -0.349579960
   23.281425844   -0.176565669   -0.349587413
   23.306622192   -0.177669868   -0.349591201
   23.331818540   -0.179585773   -0.349590553
   23.357014889   -0.182220962   -0.349584130
   23.382211237   -0.185463630   -0.349570142
   23.407407585   -0.189199854   -0.349546470
   23.432603934   -0.193329303   -0.349510790
   23.457800282   -0.197776158   -0.349460666
   23.482996630   -0.202493233   -0.349393601
   23.508192979   -0.207458918   -0.349307054
   23.533389327   -0.212668322   -0.349198417
   23.558585675   -0.218121301   -0.349064978
   23.583782024   -0.223810764   -0.348903887
   23.608978372   -0.229714449   -0.348712159
   23.634174720   -0.235792384   -0.348486703
   23.659371069   -0.241990711   -0.348224412
   23.684567417   -0.248250782   -0.347922281
   23.709763765   -0.254520976   -0.347577553
   23.734960113   -0.260767775   -0.347187873
   23.760156462   -0.266982621   -0.346751412
   23.785352810   -0.273181943   -0.346266963
   23.810549158   -0.279399308   -0.345733984
   23.835745507   -0.285670577   -0.345152600
   23.860941855   -0.292014815   -0.344523561
   23.886138203   -0.298414999   -0.343848191
   23.911334552   -0.304803065   -0.343128327
   23.936530900   -0.311053289   -0.342366273
   23.961727248   -0.316986570   -0.341564788
   23.986923597   -0.322386082   -0.340727094
   24.012119945   -0.327022509   -0.339856900
   24.037316293   -0.330685045   -0.338958438
   24.062512642   -0.333213075   -0.338036481
   24.087708990   -0.334523102   -0.337096328
   24.112905338   -0.334626258   -0.336143761
   24.138101687   -0.333633366   -0.335184943
   24.163298035   -0.331746721   -0.334226297
   24.188494383   -0.329240097   -0.333274349
   24.213690731   -0.326430452   -0.332335575
   24.238887080   -0.323646053   -0.331416256
   24.264083428   -0.321196052   -0.330522363
   24.289279776   -0.319345889   -0.329659475
   24.314476125   -0.318301480   -0.328832736
   24.339672473   -0.318203282   -0.328046831
   24.364868821   -0.319129449   -0.327305985
   24.390065170   -0.321105717   -0.326613963
   24.415261518   -0.324118787   -0.325974058
   24.440457866   -0.328129807   -0.325389058
   24.465654215   -0.333085163   -0.324861208
   24.490850563   -0.338922849   -0.324392141
   24.516046911   -0.345574094   -0.323982811
   24.541243260   -0.352961105   -0.323633427
   24.566439608   -0.360992714   -0.323343397
   24.591635956   -0.369560055   -0.323111287
   24.616832305   -0.378534218   -0.322934803
   24.642028653   -0.387767112   -0.322810790
   24.667225001   -0.397095912   -0.322735248
   24.692421349   -0.406350460   -0.322703367
   24.717617698   -0.415362287   -0.322709573
   24.742814046   -0.423973559   -0.322747595
   24.768010394   -0.432044294   -0.322810553
   24.793206743   -0.439456652   -0.322891077
   24.818403091   -0.446115803   -0.322981452
   24.843599439   -0.451947613   -0.323073798
   24.868795788   -0.456894031   -0.323160275
   24.893992136   -0.460907463   -0.323233308
   24.919188484   -0.463945463   -0.323285809
   24.944384833   -0.465966848   -0.323311389
   24.969581181   -0.466929906   -0.323304540
   24.994777529   -0.466792834   -0.323260775
   25.019973878   -0.465516083   -0.323176723
   25.045170226   -0.463065990   -0.323050183
   25.070366574   -0.459418967   -0.322880141
   25.095562923   -0.454565639   -0.322666765
   25.120759271   -0.448514523   -0.322411384
   25.145955619   -0.441295136   -0.322116461
   25.171151967   -0.432960574   -0.321785562
   25.196348316   -0.423589700   -0.321423302
   25.221544664   -0.413288989   -0.321035275
   25.246741012   -0.402193875   -0.320627933
   25.271937361   -0.390469248   -0.320208420
   25.297133709   -0.378308536   -0.319784343
   25.322330057   -0.365930856   -0.319363502
   25.347526406   -0.353575805   -0.318953587
   25.372722754   -0.341495843   -0.318561875
   25.397919102   -0.329946671   -0.318194969
   25.423115451   -0.319176428   -0.317858599
   25.448311799   -0.309414889   -0.317557518
   25.473508147   -0.300863989   -0.317295497
   25.498704496   -0.293690819   -0.317075415
   25.523900844   -0.288023880   -0.316899405
   25.549097192   -0.283952783   -0.316769041
   25.574293541   -0.281530926   -0.316685490
   25.599489889   -0.280780163   -0.316649623
   25.624686237   -0.281696089   -0.316662039
   25.649882585   -0.284252551   -0.316722996
   25.675078934   -0.288404265   -0.316832280
   25.700275282   -0.294086970   -0.316989017
   25.725471630   -0.301215198   -0.317191501
   25.750667979   -0.309678478   -0.317437055
   25.775864327   -0.319337230   -0.317721979
   25.801060675   -0.330019902   -0.318041594
   25.826257024   -0.341522724   -0.318390380
   25.851453372   -0.353613070   -0.318762191
   25.876649720   -0.366036693   -0.319150490
   25.901846069   -0.378528388   -0.319548591
   25.927042417   -0.390824884   -0.319949836
   25.952238765   -0.402678352   -0.320347710
   25.977435114   -0.413868672   -0.320735882
   26.002631462   -0.424212844   -0.321108193
   26.027827810   -0.433570352   -0.321458636
   26.053024159   -0.441843986   -0.321781365
   26.078220507   -0.448976355   -0.322070786
   26.103416855   -0.454942999   -0.322321747
   26.128613203   -0.459743449   -0.322529829
   26.153809552   -0.463391829   -0.322691707
   26.179005900   -0.465908464   -0.322805539
   26.204202248   -0.467313694   -0.322871295
   26.229398597   -0.467624588   -0.322890976
   26.254594945   -0.466854725   -0.322868657
   26.279791293   -0.465016712   -0.322810322
   26.304987642   -0.462126709   -0.322723515
   26.330183990   -0.458210011   -0.322616832
   26.355380338   -0.453306650   -0.322499337
   26.380576687   -0.447476085   -0.322379980
   26.405773035   -0.440800203   -0.322267115
   26.430969383   -0.433384171   -0.322168170
   26.456165732   -0.425354949   -0.322089508
   26.481362080   -0.416857588   -0.322036480
   26.506558428   -0.408049731   -0.322013622
   26.531754777   -0.399094963   -0.322024929
   26.556951125   -0.390155800   -0.322074136
   26.582147473   -0.381387206   -0.322164919
   26.607343821   -0.372931429   -0.322300974
   26.632540170   -0.364914768   -0.322485957
   26.657736518   -0.357446562   -0.322723284
   26.682932866   -0.350620249   -0.323015864
   26.708129215   -0.344515906   -0.323365808
   26.733325563   -0.339203284   -0.323774194
   26.758521911   -0.334744086   -0.324240934
   26.783718260   -0.331192256   -0.324764780
   26.808914608   -0.328591317   -0.325343463
   26.834110956   -0.326968362   -0.325973925
   26.859307305   -0.326325073   -0.326652590
   26.884503653   -0.326627002   -0.327375621
   26.909700001   -0.327793079   -0.328139087
   26.934896350   -0.329687761   -0.328939027
   26.960092698   -0.332118260   -0.329771394
   26.985289046   -0.334838793   -0.330631912
   27.010485395   -0.337562797   -0.331515894
   27.035681743   -0.339982735   -0.332418091
   27.060878091   -0.341795676   -0.333332621
   27.086074439   -0.342731507   -0.334253022
   27.111270788   -0.342579831   -0.335172447
   27.136467136   -0.341211391   -0.336083959
   27.161663484   -0.338590416   -0.336980896
   27.186859833   -0.334775580   -0.337857223
   27.212056181   -0.329909027   -0.338707812
   27.237252529   -0.324194891   -0.339528590
   27.262448878   -0.317870571   -0.340316533
   27.287645226   -0.311175248   -0.341069521
   27.312841574   -0.304320665   -0.341786076
   27.338037923   -0.297468711   -0.342465080
   27.363234271   -0.290719114   -0.343105513
   27.388430619   -0.284108659   -0.343706291
   27.413626968   -0.277621213   -0.344266245
   27.438823316   -0.271205918   -0.344784235
   27.464019664   -0.264799510   -0.345259375
   27.489216013   -0.258348150   -0.345691314
   27.514412361   -0.251824549   -0.346080483
   27.539608709   -0.245237351   -0.346428259
   27.564805057   -0.238631501   -0.346736983
   27.590001406   -0.232080317   -0.347009808
   27.615197754   -0.225671674   -0.347250413
   27.640394102   -0.219491891   -0.347462627
   27.665590451   -0.213611211   -0.347650037
   27.690786799   -0.208074249   -0.347815667
   27.715983147   -0.202897515   -0.347961787
   27.741179496   -0.198074427   -0.348089899
   27.766375844   -0.193586484   -0.348200891
   27.791572192   -0.189417855   -0.348295322
   27.816768541   -0.185569859   -0.348373768
   27.841964889   -0.182071832   -0.348437140
   27.867161237   -0.178985654   -0.348486906
   27.892357586   -0.176402610   -0.348525136
   27.917553934   -0.174432893   -0.348554378
   27.942750282   -0.173189668   -0.348577361
   27.967946631   -0.172770732   -0.348596589
   27.993142979   -0.173241370   -0.348613916
   28.018339327   -0.174621713   -0.348630170
   28.043535675   -0.176881038   -0.348644925
   28.068732024   -0.179940072   -0.348656441
   28.093928372   -0.183680815   -0.348661801
   28.119124720   -0.187962046   -0.348657205
   28.144321069   -0.192637678   -0.348638352
   28.169517417   -0.197574781   -0.348600845
   28.194713765   -0.202668319   -0.348540530
   28.219910114   -0.207850406   -0.348453716
   28.245106462   -0.213093004   -0.348337252
   28.270302810   -0.218404142   -0.348188458
   28.295499159   -0.223818818   -0.348004969
   28.320695507   -0.229386450   -0.347784541
   28.345891855   -0.235157072   -0.347524880
   28.371088204   -0.241168378   -0.347223575
   28.396284552   -0.247435313   -0.346878134
   28.421480900   -0.253943304   -0.346486138
   28.446677249   -0.260645585   -0.346045484
   28.471873597   -0.267464493   -0.345554653
   28.497069945   -0.274296206   -0.345012944
   28.522266293   -0.281018097   -0.344420620
   28.547462642   -0.287497830   -0.343778931
   28.572658990   -0.293603227   -0.343090015
   28.597855338   -0.299212040   -0.342356690
   28.623051687   -0.304220762   -0.341582213
   28.648248035   -0.308551707   -0.340770033
   28.673444383   -0.312157728   -0.339923637
   28.698640732   -0.315024118   -0.339046492
   28.723837080   -0.317167585   -0.338142111
   28.749033428   -0.318632573   -0.337214230
   28.774229777   -0.319485617   -0.336267018
   28.799426125   -0.319808830   -0.335305288
   28.824622473   -0.319693806   -0.334334623
   28.849818822   -0.319237180   -0.333361376
   28.875015170   -0.318538761   -0.332392525
   28.900211518   -0.317702545   -0.331435401
   28.925407867   -0.316840106   -0.330497326
   28.950604215   -0.316075149   -0.329585235
   28.975800563   -0.315547371   -0.328705363
   29.000996911   -0.315413614   -0.327863035
   29.026193260   -0.315844585   -0.327062623
   29.051389608   -0.317016165   -0.326307644
   29.076585956   -0.319095515   -0.325600975
   29.101782305   -0.322223459   -0.324945111
   29.126978653   -0.326495782   -0.324342388
   29.152175001   -0.331946802   -0.323795091
   29.177371350   -0.338538614   -0.323305412
   29.202567698   -0.346158734   -0.322875220
   29.227764046   -0.354627503   -0.322505694
   29.252960395   -0.363714839   -0.322196878
   29.278156743   -0.373164046   -0.321947252
   29.303353091   -0.382718883   -0.321753424
   29.328549440   -0.392149269   -0.321610015
   29.353745788   -0.401271062   -0.321509801
   29.378942136   -0.409956426   -0.321444107
   29.404138485   -0.418133082   -0.321403405
   29.429334833   -0.425773007   -0.321378025
   29.454531181   -0.432873267   -0.321358881
   29.479727529   -0.439433359   -0.321338073
   29.504923878   -0.445434117   -0.321309290
   29.530120226   -0.450822897   -0.321267947
   29.555316574   -0.455508325   -0.321211047
   29.580512923   -0.459365774   -0.321136829
   29.605709271   -0.462252291   -0.321044262
   29.630905619   -0.464027581   -0.320932525
   29.656101968   -0.464576265   -0.320800557
   29.681298316   -0.463826355   -0.320646784
   29.706494664   -0.461759787   -0.320469070
   29.731691013   -0.458412714   -0.320264902
   29.756887361   -0.453865693   -0.320031755
   29.782083709   -0.448226319   -0.319767578
   29.807280058   -0.441608700   -0.319471279
   29.832476406   -0.434114973   -0.319143134
   29.857672754   -0.425823626   -0.318785028
   29.882869103   -0.416787816   -0.318400482
   29.908065451   -0.407044443   -0.317994481
   29.933261799   -0.396632076   -0.317573112
   29.958458147   -0.385613536   -0.317143109
   29.983654496   -0.374097564   -0.316711365
   30.008850844   -0.362253904   -0.316284501
   30.034047192   -0.350317368   -0.315868544
   30.059243541   -0.338578787   -0.315468768
   30.084439889   -0.327363623   -0.315089666
   30.109636237   -0.317001841   -0.314735054
   30.134832586   -0.307794696   -0.314408235
   30.160028934   -0.299984904   -0.314112173
   30.185225282   -0.293736082   -0.313849620
   30.210421631   -0.289125365   -0.313623164
   30.235617979   -0.286150278   -0.313435175
   30.260814327   -0.284747833   -0.313287667
   30.286010676   -0.284821174   -0.313182109
   30.311207024   -0.286267483   -0.313119223
   30.336403372   -0.289000748   -0.313098824
   30.361599721   -0.292964289   -0.313119722
   30.386796069   -0.298130444   -0.313179725
   30.411992417   -0.304487931   -0.313275731
   30.437188765   -0.312020338   -0.313403890
   30.462385114   -0.320681379   -0.313559806
   30.487581462   -0.330373330   -0.313738741
   30.512777810   -0.340934398   -0.313935785
   30.537974159   -0.352138690   -0.314145965
   30.563170507   -0.363709504   -0.314364300
   30.588366855   -0.375343560   -0.314585790
   30.613563204   -0.386741194   -0.314805386
   30.638759552   -0.397636139   -0.315017961
   30.663955900   -0.407818596   -0.315218322
   30.689152249   -0.417146883   -0.315401279
   30.714348597   -0.425545604   -0.315561797
   30.739544945   -0.432991457   -0.315695213
   30.764741294   -0.439490666   -0.315797505
   30.789937642   -0.445053918   -0.315865574
   30.815133990   -0.449675190   -0.315897497
   30.840330339   -0.453319787   -0.315892715
   30.865526687   -0.455924549   -0.315852125
   30.890723035   -0.457410118   -0.315778054
   30.915919383   -0.457702097   -0.315674121
   30.941115732   -0.456755608   -0.315545004
   30.966312080   -0.454576825   -0.315396136
   30.991508428   -0.451235625   -0.315233381
   31.016704777   -0.446865593   -0.315062715
   31.041901125   -0.441650654   -0.314889966
   31.067097473   -0.435800866   -0.314720610
   31.092293822   -0.429522662   -0.314559666
   31.117490170   -0.422990351   -0.314411658
   31.142686518   -0.416325559   -0.314280647
   31.167882867   -0.409589622   -0.314170298
   31.193079215   -0.402790913   -0.314083974
   31.218275563   -0.395905621   -0.314024804
   31.243471912   -0.388907210   -0.313995741
   31.268668260   -0.381797574   -0.313999573
   31.293864608   -0.374632307   -0.314038906
   31.319060957   -0.367533630   -0.314116112
   31.344257305   -0.360687216   -0.314233272
   31.369453653   -0.354322746   -0.314392097
   31.394650001   -0.348681752   -0.314593882
   31.419846350   -0.343979242   -0.314839455
   31.445042698   -0.340367141   -0.315129157
   31.470239046   -0.337907262   -0.315462832
   31.495435395   -0.336559508   -0.315839827
   31.520631743   -0.336187667   -0.316258993
   31.545828091   -0.336581346   -0.316718679
   31.571024440   -0.337489114   -0.317216726
   31.596220788   -0.338655611   -0.317750447
   31.621417136   -0.339854772   -0.318316625
   31.646613485   -0.340912495   -0.318911506
   31.671809833   -0.341714790   -0.319530831
   31.697006181   -0.342200998   -0.320169888
   31.722202530   -0.342345240   -0.320823598
   31.747398878   -0.342131974   -0.321486632
   31.772595226   -0.341532767   -0.322153544
   31.797791575   -0.340490858   -0.322818910
   31.822987923   -0.338917952   -0.323477454
   31.848184271   -0.336704387   -0.324124157
   31.873380619   -0.333740344   -0.324754326
   31.898576968   -0.329942761   -0.325363643
   31.923773316   -0.325280971   -0.325948175
   31.948969664   -0.319794185   -0.326504388
   31.974166013   -0.313595699   -0.327029144
   31.999362361   -0.306861823   -0.327519727
   32.024558709   -0.299807178   -0.327973878
   32.049755058   -0.292651349   -0.328389853
   32.074951406   -0.285584067   -0.328766483
   32.100147754   -0.278736618   -0.329103217
   32.125344103   -0.272165852   -0.329400124
   32.150540451   -0.265854326   -0.329657845
   32.175736799   -0.259726370   -0.329877455
   32.200933148   -0.253676212   -0.330060272
   32.226129496   -0.247601429   -0.330207598
   32.251325844   -0.241433851   -0.330320452
   32.276522193   -0.235160659   -0.330399320
   32.301718541   -0.228830858   -0.330443990
   32.326914889   -0.222545885   -0.330453488
   32.352111237   -0.216437004   -0.330426168
   32.377307586   -0.210635399   -0.330359942
   32.402503934   -0.205242707   -0.330252626
   32.427700282   -0.200309670   -0.330102366
   32.452896631   -0.195828601   -0.329908058
   32.478092979   -0.191741941   -0.329669708
   32.503289327   -0.187965103   -0.329388651
   32.528485676   -0.184418095   -0.329067577
   32.553682024   -0.181057973   -0.328710363
   32.578878372   -0.177903605   -0.328321706
   32.604074721   -0.175045823   -0.327906613
   32.629271069   -0.172639331   -0.327469824
   32.654467417   -0.170877104   -0.327015246
   32.679663766   -0.169952378   -0.326545494
   32.704860114   -0.170016606   -0.326061587
   32.730056462   -0.171143194   -0.325562859
   32.755252811   -0.173305951   -0.325047073
   32.780449159   -0.176378145   -0.324510706
   32.805645507   -0.180153459   -0.323949360
   32.830841855   -0.184385097   -0.323358208
   32.856038204   -0.188834827   -0.322732411
   32.881234552   -0.193321091   -0.322067444
   32.906430900   -0.197755015   -0.321359281
   32.931627249   -0.202155436   -0.320604455
   32.956823597   -0.206638519   -0.319799988
   32.982019945   -0.211383137   -0.318943257
   33.007216294   -0.216578798   -0.318031832
   33.032412642   -0.222367187   -0.317063354
   33.057608990   -0.228790353   -0.316035476
   33.082805339   -0.235757752   -0.314945899
   33.108001687   -0.243040705   -0.313792486
   33.133198035   -0.250297280   -0.312573440
   33.158394384   -0.257124088   -0.311287486
   33.183590732   -0.263125580   -0.309934030
   33.208787080   -0.267987340   -0.308513253
   33.233983429   -0.271538490   -0.307026116
   33.259179777   -0.273790121   -0.305474282
   33.284376125   -0.274941183   -0.303859968
   33.309572473   -0.275349666   -0.302185761
   33.334768822   -0.275473852   -0.300454446
   33.359965170   -0.275794495   -0.298668870
   33.385161518   -0.276732608   -0.296831873
   33.410357867   -0.278578539   -0.294946295
   33.435554215   -0.281445711   -0.293015045
   33.460750563   -0.285257559   -0.291041198
   33.485946912   -0.289769602   -0.289028112
   33.511143260   -0.294621771   -0.286979498
   33.536339608   -0.299410347   -0.284899449
   33.561535957   -0.303765369   -0.282792396
   33.586732305   -0.307418772   -0.280663007
   33.611928653   -0.310250822   -0.278516049
   33.637125002   -0.312307130   -0.276356227
   33.662321350   -0.313784556   -0.274188038
   33.687517698   -0.314990372   -0.272015667
   33.712714047   -0.316284012   -0.269842909
   33.737910395   -0.318013483   -0.267673145
   33.763106743   -0.320458755   -0.265509333
   33.788303091   -0.323792155   -0.263353998
   33.813499440   -0.328061682   -0.261209208
   33.838695788   -0.333198088   -0.259076508
   33.863892136   -0.339041787   -0.256956821
   33.889088485   -0.345381961   -0.254850327
   33.914284833   -0.351998545   -0.252756342
   33.939481181   -0.358698102   -0.250673226
   33.964677530   -0.365336845   -0.248598361
   33.989873878   -0.371827606   -0.246528202
   34.015070226   -0.378131393   -0.244458421
   34.040266575   -0.384237639   -0.242384119
   34.065462923   -0.390139382   -0.240300082
   34.090659271   -0.395810232   -0.238201045
   34.115855620   -0.401188931   -0.236081915
   34.141051968   -0.406174973   -0.233937921
   34.166248316   -0.410635842   -0.231764687
   34.191444665   -0.414423534   -0.229558213
   34.216641013   -0.417395929   -0.227314800
   34.241837361   -0.419437673   -0.225030950
   34.267033709   -0.420475661   -0.222703288
   34.292230058   -0.420485789   -0.220328537
   34.317426406   -0.419489972   -0.217903583
   34.342622754   -0.417544823   -0.215425613
   34.367819103   -0.414725345   -0.212892323
   34.393015451   -0.411108026   -0.210302153
   34.418211799   -0.406757629   -0.207654493
   34.443408148   -0.401720810   -0.204949832
   34.468604496   -0.396027824   -0.202189786
   34.493800844   -0.389701427   -0.199377029
   34.518997193   -0.382770281   -0.196515092
   34.544193541   -0.375282998   -0.193608106
   34.569389889   -0.367318880   -0.190660507
   34.594586238   -0.358992234   -0.187676764
   34.619782586   -0.350448779   -0.184661185
   34.644978934   -0.341854643   -0.181617819
   34.670175283   -0.333380262   -0.178550458
   34.695371631   -0.325182800   -0.175462726
   34.720567979   -0.317391048   -0.172358222
   34.745764327   -0.310096241   -0.169240643
   34.770960676   -0.303350798   -0.166113877
   34.796157024   -0.297175163   -0.162982005
   34.821353372   -0.291571000   -0.159849214
   34.846549721   -0.286537516   -0.156719628
   34.871746069   -0.282086955   -0.153597102
   34.896942417   -0.278255519   -0.150485008
   34.922138766   -0.275107000   -0.147386078
   34.947335114   -0.272728150   -0.144302328
   34.972531462   -0.271216675   -0.141235086
   34.997727811   -0.270664473   -0.138185117
   35.022924159   -0.271139808   -0.135152802
   35.048120507   -0.272672349   -0.132138347
   35.073316856   -0.275244362   -0.129141943
   35.098513204   -0.278789940   -0.126163854
   35.123709552   -0.283202332   -0.123204404
   35.148905901   -0.288347631   -0.120263850
   35.174102249   -0.294081677   -0.117342194
   35.199298597   -0.300266361   -0.114438961
   35.224494945   -0.306781713   -0.111553006
   35.249691294   -0.313531222   -0.108682410
   35.274887642   -0.320439414   -0.105824495
   35.300083990   -0.327442623   -0.102975968
   35.325280339   -0.334475482   -0.100133189
   35.350476687   -0.341456777   -0.097292505
   35.375673035   -0.348278540   -0.094450603
   35.400869384   -0.354801608   -0.091604812
   35.426065732   -0.360859503   -0.088753306
   35.451262080   -0.366270593   -0.085895180
   35.476458429   -0.370856613   -0.083030391
   35.501654777   -0.374464064   -0.080159597
   35.526851125   -0.376984173   -0.077283931
   35.552047474   -0.378367225   -0.074404778
   35.577243822   -0.378628034   -0.071523597
   35.602440170   -0.377841117   -0.068641823
   35.627636519   -0.376126190   -0.065760868
   35.652832867   -0.373626703   -0.062882196
   35.678029215   -0.370485624   -0.060007449
   35.703225563   -0.366823383   -0.057138553
   35.728421912   -0.362722568   -0.054277784
   35.753618260   -0.358222616   -0.051427740
   35.778814608   -0.353325709   -0.048591217
   35.804010957   -0.348012663   -0.045771001
   35.829207305   -0.342265383   -0.042969619
   35.854403653   -0.336090826   -0.040189095
   35.879600002   -0.329540811   -0.037430771
   35.904796350   -0.322722575   -0.034695234
   35.929992698   -0.315796630   -0.031982356
   35.955189047   -0.308960978   -0.029291464
   35.980385395   -0.302423584   -0.026621582
   36.005581743   -0.296367660   -0.023971703
   36.030778092   -0.290916181   -0.021341028
   36.055974440   -0.286102799   -0.018729125
   36.081170788   -0.281855616   -0.016135967
   36.106367137   -0.277998279   -0.013561856
   36.131563485   -0.274269843   -0.011007248
   36.156759833   -0.270361351   -0.008472530
   36.181956181   -0.265963719   -0.005957805
   36.207152530   -0.260819078   -0.003462738
   36.232348878   -0.254766519   -0.000986504
   36.257545226   -0.247773731    0.001472152
   36.282741575   -0.239948096    0.003914765
   36.307937923   -0.231524246    0.006342941
   36.333134271   -0.222829192    0.008758161
   36.358330620   -0.214230207    0.011161635
   36.383526968   -0.206073957    0.013554269
   36.408723316   -0.198627167    0.015936741
   36.433919665   -0.192029175    0.018309685
   36.459116013   -0.186264813    0.020673936
   36.484312361   -0.181162666    0.023030764
   36.509508710   -0.176419309    0.025382053
   36.534705058   -0.171645566    0.027730354
   36.559901406   -0.166426922    0.030078790
   36.585097755   -0.160387726    0.032430825
   36.610294103   -0.153248186    0.034789940
   36.635490451   -0.144864552    0.037159280
   36.660686799   -0.135245968    0.039541343
   36.685883148   -0.124545764    0.041937803
   36.711079496   -0.113029547    0.044349489
   36.736275844   -0.101026545    0.046776539
   36.761472193   -0.088873448    0.049218700
   36.786668541   -0.076861009    0.051675699
   36.811864889   -0.065192740    0.054147599
   36.837061238   -0.053962357    0.056635058
   36.862257586   -0.043152863    0.059139405
   36.887453934   -0.032655905    0.061662522
   36.912650283   -0.022306306    0.064206531
   36.937846631   -0.011924062    0.066773342
   36.963042979   -0.001355090    0.069364168
   36.988239328    0.009497167    0.071979112
   37.013435676    0.020654884    0.074616911
   37.038632024    0.032066035    0.077274927
   37.063828373    0.043620288    0.079949396
   37.089024721    0.055176148    0.082635904
   37.114221069    0.066592844    0.085330009
   37.139417417    0.077759831    0.088027907
   37.164613766    0.088617734    0.090726994
   37.189810114    0.099166718    0.093426240
   37.215006462    0.109461188    0.096126282
   37.240202811    0.119592733    0.098829231
   37.265399159    0.129665658    0.101538217
   37.290595507    0.139770834    0.104256774
   37.315791856    0.149963685    0.106988165
   37.340988204    0.160250947    0.109734795
   37.366184552    0.170588693    0.112497799
   37.391380901    0.180891573    0.115276898
   37.416577249    0.191050774    0.118070526
   37.441773597    0.200956441    0.120876197
   37.466969946    0.210519564    0.123691041
   37.492166294    0.219688708    0.126512384
   37.517362642    0.228458352    0.129338280
   37.542558991    0.236867591    0.132167881
   37.567755339    0.244990127    0.135001596
   37.592951687    0.252918299    0.137841025
   37.618148035    0.260744982    0.140688689
   37.643344384    0.268547390    0.143547639
   37.668540732    0.276376021    0.146421006
   37.693737080    0.284250618    0.149311610
   37.718933429    0.292163222    0.152221661
   37.744129777    0.300086792    0.155152624
   37.769326125    0.307986697    0.158105227
   37.794522474    0.315831990    0.161079590
   37.819718822    0.323603685    0.164075430
   37.844915170    0.331298292    0.167092259
   37.870111519    0.338926206    0.170129548
   37.895307867    0.346505897    0.173186798
   37.920504215    0.354055901    0.176263510
   37.945700564    0.361587022    0.179359084
   37.970896912    0.369096965    0.182472660
   37.996093260    0.376568825    0.185602970
   38.021289609    0.383973713    0.188748227
   38.046485957    0.391276623    0.191906088
   38.071682305    0.398443763    0.195073711
   38.096878653    0.405449155    0.198247880
   38.122075002    0.412278570    0.201425189
   38.147271350    0.418929572    0.204602227
   38.172467698    0.425407580    0.207775740
   38.197664047    0.431718999    0.210942731
   38.222860395    0.437863340    0.214100495
   38.248056743    0.443826641    0.217246579
   38.273253092    0.449578297    0.220378708
   38.298449440    0.455072575    0.223494688
   38.323645788    0.460254960    0.226592344
   38.348842137    0.465072173    0.229669497
   38.374038485    0.469483718    0.232724013
   38.399234833    0.473472248    0.235753902
   38.424431182    0.477050179    0.238757463
   38.449627530    0.480260718    0.241733430
   38.474823878    0.483172712    0.244681097
   38.500020227    0.485870129    0.247600378
   38.525216575    0.488438238    0.250491807
   38.550412923    0.490949400    0.253356454
   38.575609271    0.493451479    0.256195794
   38.600805620    0.495961403    0.259011548
   38.626001968    0.498465216    0.261805533
   38.651198316    0.500924557    0.264579552
   38.676394665    0.503288041    0.267335352
   38.701591013    0.505504929    0.270074644
   38.726787361    0.507538005    0.272799189
   38.751983710    0.509372784    0.275510909
   38.777180058    0.511021085    0.278212011
   38.802376406    0.512518304    0.280905060
   38.827572755    0.513915220    0.283593015
   38.852769103    0.515266387    0.286279172
   38.877965451    0.516617932    0.288967054
   38.903161800    0.517997644    0.291660246
   38.928358148    0.519409652    0.294362206
   38.953554496    0.520834830    0.297076102
   38.978750845    0.522236716    0.299804678
   39.003947193    0.523571396    0.302550192
   39.029143541    0.524798920    0.305314419
   39.054339889    0.525893467    0.308098710
   39.079536238    0.526849864    0.310904078
   39.104732586    0.527684957    0.313731299
   39.129928934    0.528433605    0.316580974
   39.155125283    0.529140378    0.319453547
   39.180321631    0.529849038    0.322349269
   39.205517979    0.530592389    0.325268107
   39.230714328    0.531384948    0.328209623
   39.255910676    0.532220172    0.331172847
   39.281107024    0.533072821    0.334156192
   39.306303373    0.533905821    0.337157414
   39.331499721    0.534679867    0.340173658
   39.356696069    0.535363399    0.343201574
   39.381892418    0.535940517    0.346237498
   39.407088766    0.536414941    0.349277673
   39.432285114    0.536809103    0.352318466
   39.457481463    0.537158671    0.355356549
   39.482677811    0.537503915    0.358389026
   39.507874159    0.537880046    0.361413470
   39.533070508    0.538308921    0.364427885
   39.558266856    0.538794120    0.367430609
   39.583463204    0.539320540    0.370420178
   39.608659552    0.539858570    0.373395187
   39.633855901    0.540371742    0.376354197
   39.659052249    0.540825961    0.379295697
   39.684248597    0.541198026    0.382218143
   39.709444946    0.541481370    0.385120073
   39.734641294    0.541687638    0.388000265
   39.759837642    0.541843776    0.390857919
   39.785033991    0.541985395    0.393692811
   39.810230339    0.542148074    0.396505383
   39.835426687    0.542358765    0.399296739
   39.860623036    0.542629413    0.402068536
   39.885819384    0.542954313    0.404822763
   39.911015732    0.543311836    0.407561449
   39.936212081    0.543670037    0.410286332
   39.961408429    0.543994729    0.412998546
   39.986604777    0.544258026    0.415698382
   40.011801126    0.544445235    0.418385158
   40.036997474    0.544558431    0.421057245
   40.062193822    0.544615874    0.423712241
   40.087390170    0.544647437    0.426347276
   40.112586519    0.544687229    0.428959405
   40.137782867    0.544765239    0.431546035
   40.162979215    0.544900069    0.434105308
   40.188175564    0.545094544    0.436636373
   40.213371912    0.545335231    0.439139518
   40.238568260    0.545595968    0.441616100
   40.263764609    0.545844495    0.444068314
   40.288960957    0.546050509    0.446498803
   40.314157305    0.546193180    0.448910187
   40.339353654    0.546266244    0.451304582
   40.364550002    0.546279479    0.453683177
   40.389746350    0.546256201    0.456045951
   40.414942699    0.546227449    0.458391569
   40.440139047    0.546224320    0.460717480
   40.465335395    0.546270340    0.463020197
   40.490531744    0.546375779    0.465295711
   40.515728092    0.546535267    0.467539978
   40.540924440    0.546729288    0.469749388
   40.566120788    0.546929146    0.471921151
   40.591317137    0.547104154    0.474053532
   40.616513485    0.547229253    0.476145915
   40.641709833    0.547291180    0.478198675
   40.666906182    0.547291679    0.480212922
   40.692102530    0.547246983    0.482190138
   40.717298878    0.547183724    0.484131807
   40.742495227    0.547132310    0.486039087
   40.767691575    0.547119419    0.487912593
   40.792887923    0.547161466    0.489752312
   40.818084272    0.547260657    0.491557668
   40.843280620    0.547404570    0.493327701
   40.868476968    0.547569350    0.495061319
   40.893673317    0.547725708    0.496757561
   40.918869665    0.547846204    0.498415827
   40.944066013    0.547912032    0.500036004
   40.969262362    0.547917619    0.501618499
   40.994458710    0.547871923    0.503164146
   41.019655058    0.547796137    0.504674036
   41.044851406    0.547718382    0.506149302
   41.070047755    0.547666736    0.507590913
   41.095244103    0.547662306    0.508999517
   41.120440451    0.547714081    0.510375370
   41.145636800    0.547816805    0.511718367
   41.170833148    0.547952385    0.513028157
   41.196029496    0.548094458    0.514304319
   41.221225845    0.548214970    0.515546555
   41.246422193    0.548291130    0.516754860
   41.271618541    0.548311019    0.517929626
   41.296814890    0.548276472    0.519071668
   41.322011238    0.548202548    0.520182160
   41.347207586    0.548113734    0.521262492
   41.372403935    0.548037841    0.522314106
   41.397600283    0.547999117    0.523338307
   41.422796631    0.548012287    0.524336124
   41.447992980    0.548078982    0.525308226
   41.473189328    0.548187418    0.526254912
   41.498385676    0.548315405    0.527176172
   41.523582024    0.548435901    0.528071795
   41.548778373    0.548523731    0.528941504
   41.573974721    0.548561809    0.529785074
   41.599171069    0.548545319    0.530602424
   41.624367418    0.548482837    0.531393649
   41.649563766    0.548394141    0.532159006
   41.674760114    0.548305256    0.532898854
   41.699956463    0.548241990    0.533613574
   41.725152811    0.548223555    0.534303492
   41.750349159    0.548257863    0.534968826
   41.775545508    0.548339634    0.535609670
   41.800741856    0.548451783    0.536226023
   41.825938204    0.548569716    0.536817845
   41.851134553    0.548667459    0.537385131
   41.876330901    0.548724094    0.537927989
   41.901527249    0.548728910    0.538446680
   41.926723598    0.548683996    0.538941637
   41.951919946    0.548603662    0.539413439
   41.977116294    0.548510831    0.539862765
   42.002312642    0.548431328    0.540290323
   42.027508991    0.548387475    0.540696801
   42.052705339    0.548392593    0.541082828
   42.077901687    0.548447755    0.541448979
   42.103098036    0.548541585    0.541795812
   42.128294384    0.548653148    0.542123933
   42.153490732    0.548757174    0.542434063
   42.178687081    0.548830342    0.542727104
   42.203883429    0.548857041    0.543004159
   42.229079777    0.548833193    0.543266516
   42.254276126    0.548767212    0.543515584
   42.279472474    0.548677850    0.543752786
   42.304668822    0.548589516    0.543979441
   42.329865171    0.548526199    0.544196652
   42.355061519    0.548505542    0.544405224
   42.380257867    0.548534505    0.544605637
   42.405454216    0.548607694    0.544798070
   42.430650564    0.548708764    0.544982490
   42.455846912    0.548814518    0.545158763
   42.481043260    0.548900679    0.545326786
   42.506239609    0.548947915    0.545486596
   42.531435957    0.548946594    0.545638439
   42.556632305    0.548899127    0.545782787
   42.581828654    0.548819314    0.545920295
   42.607025002    0.548728873    0.546051711
   42.632221350    0.548652031    0.546177768
   42.657417699    0.548609509    0.546299075
   42.682614047    0.548613415    0.546416040
   42.707810395    0.548664283    0.546528836
   42.733006744    0.548750996    0.546637424
   42.758203092    0.548853596    0.546741624
   42.783399440    0.548948262    0.546841211
   42.808595789    0.549013232    0.546936026
   42.833792137    0.549034180    0.547026056
   42.858988485    0.549007729    0.547111484
   42.884184834    0.548942245    0.547192685
   42.909381182    0.548855705    0.547270172
   42.934577530    0.548771209    0.547344510
   42.959773878    0.548711237    0.547416216
   42.984970227    0.548692080    0.547485672
   43.010166575    0.548719840    0.547553064
   43.035362923    0.548788957    0.547618378
   43.060559272    0.548883643    0.547681434
   43.085755620    0.548981833    0.547741966
   43.110951968    0.549060679    0.547799715
   43.136148317    0.549102214    0.547854518
   43.161344665    0.549097780    0.547906378
   43.186541013    0.549050133    0.547955483
   43.211737362    0.548972714    0.548002182
   43.236933710    0.548886276    0.548046921
   43.262130058    0.548813710    0.548090154
   43.287326407    0.548774368    0.548132256
   43.312522755    0.548779284    0.548173445
   43.337719103    0.548828476    0.548213755
   43.362915452    0.548910984    0.548253047
   43.388111800    0.549007636    0.548291058
   43.413308148    0.549095824    0.548327490
   43.438504496    0.549155127    0.548362093
   43.463700845    0.549172354    0.548394747
   43.488897193    0.549144790    0.548425499
   43.514093541    0.549080821    0.548454569
   43.539289890    0.548997816    0.548482302
   43.564486238    0.548917788    0.548509101
   43.589682586    0.548861920    0.548535333
   43.614878935    0.548845321    0.548561255
   43.640075283    0.548873307    0.548586960
   43.665271631    0.548940121    0.548612369
   43.690467980    0.549030403    0.548637258
   43.715664328    0.549123034    0.548661326
   43.740860676    0.549196391    0.548684279
   43.766057025    0.549233705    0.548705911
   43.791253373    0.549227201    0.548726161
   43.816449721    0.549179990    0.548745137
   43.841646070    0.549105254    0.548763093
   43.866842418    0.549022946    0.548780377
   43.892038766    0.548954818    0.548797344
   43.917235114    0.548919021    0.548814285
   43.942431463    0.548925628    0.548831352
   43.967627811    0.548974159    0.548848534
   43.992824159    0.549053745    0.548865667
   44.018020508    0.549145858    0.548882474
   44.043216856    0.549228930    0.548898650
   44.068413204    0.549283711    0.548913932
   44.093609553    0.549298031    0.548928175
   44.118805901    0.549269791    0.548941392
   44.144002249    0.549207446    0.548953747
   44.169198598    0.549127872    0.548965528
   44.194394946    0.549052155    0.548977069
   44.219591294    0.549000348    0.548988680
   44.244787643    0.548986504    0.549000568
   44.269983991    0.549015217    0.549012793
   44.295180339    0.549080511    0.549025257
   44.320376688    0.549167367    0.549037732
   44.345573036    0.549255467    0.549049921
   44.370769384    0.549324258    0.549061533
   44.395965732    0.549358040    0.549072359
   44.421162081    0.549349848    0.549082328
   44.446358429    0.549303143    0.549091520
   44.471554777    0.549230919    0.549100155
   44.496751126    0.549152455    0.549108535
   44.521947474    0.549088507    0.549116974
   44.547143822    0.549056164    0.549125721
   44.572340171    0.549064619    0.549134903
   44.597536519    0.549112922    0.549144493
   44.622732867    0.549190243    0.549154322
   44.647929216    0.549278597    0.549164122
   44.673125564    0.549357319    0.549173597
   44.698321912    0.549408201    0.549182494
   44.723518261    0.549419997    0.549190670
   44.748714609    0.549391187    0.549198126
   44.773910957    0.549330322    0.549205009
   44.799107306    0.549253874    0.549211578
   44.824303654    0.549182123    0.549218135
   44.849500002    0.549134120    0.549224958
   44.874696350    0.549122965    0.549232229
   44.899892699    0.549152579    0.549239993
   44.925089047    0.549216763    0.549248147
   44.950285395    0.549300765    0.549256470
   44.975481744    0.549384965    0.549264675
   45.000678092    0.549449755    0.549272485
   45.025874440    0.549480401    0.549279703
   45.051070789    0.549470683    0.549286255
   45.076267137    0.549424405    0.549292217
   45.101463485    0.549354428    0.549297789
   45.126659834    0.549279448    0.549303252
   45.151856182    0.549219343    0.549308894
   45.177052530    0.549190241    0.549314941
   45.202248879    0.549200534    0.549321503
   45.227445227    0.549248818    0.549328547
   45.252641575    0.549324273    0.549335907
   45.277837924    0.549409371    0.549343326
   45.303034272    0.549484250    0.549350521
   45.328230620    0.549531636    0.549357251
   45.353426968    0.549541129    0.549363383
   45.378623317    0.549511754    0.549368918
   45.403819665    0.549452179    0.549373995
   45.429016013    0.549378535    0.549378856
   45.454212362    0.549310393    0.549383785
   45.479408710    0.549265905    0.549389036
   45.504605058    0.549257300    0.549394778
   45.529801407    0.549287874    0.549401044
   45.554997755    0.549351197    0.549407732
   45.580194103    0.549432734    0.549414626
   45.605390452    0.549513476    0.549421453
   45.630586800    0.549574665    0.549427951
   45.655783148    0.549602446    0.549433932
   45.680979497    0.549591290    0.549439331
   45.706175845    0.549545339    0.549444221
   45.731372193    0.549477354    0.549448793
   45.756568542    0.549405524    0.549453311
   45.781764890    0.549348940    0.549458047
   45.806961238    0.549322859    0.549463210
   45.832157586    0.549334930    0.549468899
   45.857353935    0.549383315    0.549475076
   45.882550283    0.549457178    0.549481579
   45.907746631    0.549539391    0.549488159
   45.932942980    0.549610803    0.549494548
   45.958139328    0.549654994    0.549500519
   45.983335676    0.549662341    0.549505946
   46.008532025    0.549632387    0.549510836
   46.033728373    0.549573925    0.549515322
   46.058924721    0.549502799    0.549519638
   46.084121070    0.549437949    0.549524050
   46.109317418    0.549396708    0.549528800
   46.134513766    0.549390507    0.549534042
   46.159710115    0.549422052    0.549539802
   46.184906463    0.549484683    0.549545977
   46.210102811    0.549564043    0.549552359
   46.235299160    0.549641665    0.549558685
   46.260495508    0.549699563    0.549564706
   46.285691856    0.549724688    0.549570247
   46.310888204    0.549712156    0.549575248
   46.336084553    0.549666437    0.549579784
   46.361280901    0.549600223    0.549584041
   46.386477249    0.549531254    0.549588271
   46.411673598    0.549477910    0.549592731
   46.436869946    0.549454647    0.549597617
   46.462066294    0.549468422    0.549603019
   46.487262643    0.549516984    0.549608896
   46.512458991    0.549589462    0.549615086
   46.537655339    0.549669076    0.549621352
   46.562851688    0.549737321    0.549627434
   46.588048036    0.549778556    0.549633120
   46.613244384    0.549783883    0.549638293
   46.638440733    0.549753332    0.549642964
   46.663637081    0.549695834    0.549647266
   46.688833429    0.549626984    0.549651422
   46.714029778    0.549565153    0.549655690
   46.739226126    0.549526925    0.549660296
   46.764422474    0.549522990    0.549665384
   46.789618822    0.549555500    0.549670974
   46.814815171    0.549617565    0.549676962
   46.840011519    0.549694975    0.549683145
   46.865207867    0.549769750    0.549689269
   46.890404216    0.549824607    0.549695099
   46.915600564    0.549847246    0.549700468
   46.940796912    0.549833389    0.549705326
   46.965993261    0.549787824    0.549709749
   46.991189609    0.549723194    0.549713917
   47.016385957    0.549656841    0.549718076
   47.041582306    0.549606495    0.549722470
   47.066778654    0.549585870    0.549727283
   47.091975002    0.549601276    0.549732597
   47.117171351    0.549650067    0.549738366
   47.142367699    0.549721323    0.549744432
   47.167564047    0.549798571    0.549750563
   47.192760396    0.549863894    0.549756511
   47.217956744    0.549902373    0.549762075
   47.243153092    0.549905785    0.549767146
   47.268349440    0.549874625    0.549771742
   47.293545789    0.549817966    0.549775993
   47.318742137    0.549751188    0.549780117
   47.343938485    0.549692143    0.549784362
   47.369134834    0.549656726    0.549788943
   47.394331182    0.549654935    0.549793994
   47.419527530    0.549688397    0.549799528
   47.444723879    0.549749994    0.549805442
   47.469920227    0.549825639    0.549811534
   47.495116575    0.549897792    0.549817562
   47.520312924    0.549949820    0.549823299
   47.545509272    0.549970118    0.549828590
   47.570705620    0.549954981    0.549833391
   47.595901969    0.549909507    0.549837780
   47.621098317    0.549846305    0.549841935
   47.646294665    0.549782361    0.549846093
   47.671491014    0.549734804    0.549850489
   47.696687362    0.549716660    0.549855297
   47.721883710    0.549733630    0.549860590
   47.747080058    0.549782688    0.549866318
   47.772276407    0.549852853    0.549872326
   47.797472755    0.549927928    0.549878386
   47.822669103    0.549990536    0.549884262
   47.847865452    0.550026429    0.549889760
   47.873061800    0.550028017    0.549894783
   47.898258148    0.549996241    0.549899350
   47.923454497    0.549940318    0.549903594
   47.948650845    0.549875438    0.549907726
   47.973847193    0.549818982    0.549911987
   47.999043542    0.549786202    0.549916582
   48.024239890    0.549786445    0.549921635
   48.049436238    0.549820844    0.549927154
   48.074632587    0.549882051    0.549933032
   48.099828935    0.549956085    0.549939074
   48.125025283    0.550025806    0.549945044
   48.150221632    0.550075183    0.549950725
   48.175417980    0.550093266    0.549955969
   48.200614328    0.550076891    0.549960742
   48.225810676    0.550031454    0.549965122
   48.251007025    0.549969552    0.549969287
   48.276203373    0.549907839    0.549973467
   48.301399721    0.549862893    0.549977886
   48.326596070    0.549847095    0.549982711
   48.351792418    0.549865568    0.549988006
   48.376988766    0.549914921    0.549993718
   48.402185115    0.549984104    0.549999691
   48.427381463    0.550057170    0.550005706
   48.452577811    0.550117239    0.550011532
   48.477774160    0.550150691    0.550016986
   48.502970508    0.550150536    0.550021977
   48.528166856    0.550118140    0.550026532
   48.553363205    0.550062867    0.550030781
   48.578559553    0.549999740    0.550034934
   48.603755901    0.549945702    0.550039222
   48.628952250    0.549915408    0.550043843
   48.654148598    0.549917591    0.550048910
   48.679344946    0.549952907    0.550054427
   48.704541294    0.550013790    0.550060286
   48.729737643    0.550086341    0.550066294
   48.754933991    0.550153793    0.550072221
   48.780130339    0.550200675    0.550077858
   48.805326688    0.550216651    0.550083069
   48.830523036    0.550199076    0.550087823
   48.855719384    0.550153636    0.550092203
   48.880915733    0.550092921    0.550096384
   48.906112081    0.550033289    0.550100590
   48.931308429    0.549990801    0.550105038
   48.956504778    0.549977229    0.550109886
   48.981701126    0.549997150    0.550115191
   49.006897474    0.550046818    0.550120896
   49.032093823    0.550115111    0.550126846
   49.057290171    0.550186307    0.550132825
   49.082486519    0.550243990    0.550138610
   49.107682868    0.550275128    0.550144028
   49.132879216    0.550273302    0.550148996
   49.158075564    0.550240285    0.550153542
   49.183271912    0.550185589    0.550157801
   49.208468261    0.550124090    0.550161977
   49.233664609    0.550072324    0.550166294
   49.258860957    0.550044384    0.550170943
   49.284057306    0.550048422    0.550176028
   49.309253654    0.550084640    0.550181549
   49.334450002    0.550145252    0.550187395
   49.359646351    0.550216431    0.550193375
   49.384842699    0.550281752    0.550199266
   49.410039047    0.550326272    0.550204867
   49.435235396    0.550340239    0.550210049
   49.460431744    0.550321498    0.550214787
   49.485628092    0.550276019    0.550219169
   49.510824441    0.550216398    0.550223366
   49.536020789    0.550158717    0.550227599
   49.561217137    0.550118552    0.550232077
   49.586413486    0.550107102    0.550236950
   49.611609834    0.550128421    0.550242267
   49.636806182    0.550178421    0.550247969
   49.662002530    0.550245904    0.550253900
   49.687198879    0.550315350    0.550259848
   49.712395227    0.550370777    0.550265599
   49.737591575    0.550399713    0.550270984
   49.762787924    0.550396278    0.550275930
   49.787984272    0.550362641    0.550280470
   49.813180620    0.550308462    0.550284738
   49.838376969    0.550248482    0.550288936
   49.863573317    0.550198862    0.550293282
   49.888769665    0.550173160    0.550297959
   49.913966014    0.550178979    0.550303064
   49.939162362    0.550216081    0.550308590
   49.964358710    0.550276467    0.550314426
   49.989555059    0.550346369    0.550320382
   50.014751407    0.550409681    0.550326241
   50.039947755    0.550451957    0.550331809
   50.065144104    0.550463998    0.550336964
   50.090340452    0.550444123    0.550341689
   50.115536800    0.550398578    0.550346071
   50.140733148    0.550339969    0.550350284
   50.165929497    0.550284126    0.550354543
   50.191125845    0.550246167    0.550359050
   50.216322193    0.550236747    0.550363947
   50.241518542    0.550259420    0.550369278
   50.266714890    0.550309766    0.550374978
   50.291911238    0.550376505    0.550380893
   50.317107587    0.550444304    0.550386814
   50.342303935    0.550497591    0.550392532
   50.367500283    0.550524422    0.550397888
   50.392696632    0.550519436    0.550402813
   50.417892980    0.550485180    0.550407347
   50.443089328    0.550431464    0.550411623
   50.468285677    0.550372911    0.550415842
   50.493482025    0.550325325    0.550420216
   50.518678373    0.550301761    0.550424919
   50.543874722    0.550309294    0.550430043
   50.569071070    0.550347265    0.550435576
   50.594267418    0.550407464    0.550441404
   50.619463766    0.550476172    0.550447339
   50.644660115    0.550537580    0.550453168
   50.669856463    0.550577714    0.550458705
   50.695052811    0.550587904    0.550463835
   50.720249160    0.550566923    0.550468546
   50.745445508    0.550521287    0.550472929
   50.770641856    0.550463620    0.550477157
   50.795838205    0.550409516    0.550481440
   50.821034553    0.550373662    0.550485974
   50.846230901    0.550366191    0.550490895
   50.871427250    0.550390177    0.550496239
   50.896623598    0.550440879    0.550501939
   50.921819946    0.550506932    0.550507839
   50.947016295    0.550573176    0.550513735
   50.972212643    0.550624424    0.550519423
   50.997408991    0.550649235    0.550524751
   51.022605340    0.550642748    0.550529657
   51.047801688    0.550607876    0.550534183
   51.072998036    0.550554578    0.550538467
   51.098194384    0.550497370    0.550542705
   51.123390733    0.550451721    0.550547105
   51.148587081    0.550430207    0.550551834
   51.173783429    0.550439395    0.550556977
   51.198979778    0.550478221    0.550562517
   51.224176126    0.550538265    0.550568338
   51.249372474    0.550605850    0.550574253
   51.274568823    0.550665447    0.550580055
   51.299765171    0.550703530    0.550585562
   51.324961519    0.550711934    0.550590669
   51.350157868    0.550689874    0.550595366
   51.375354216    0.550644125    0.550599749
   51.400550564    0.550587340    0.550603990
   51.425746913    0.550534889    0.550608296
   51.450943261    0.550501049    0.550612857
   51.476139609    0.550495455    0.550617800
   51.501335958    0.550520720    0.550623157
   51.526532306    0.550571787    0.550628857
   51.551728654    0.550637205    0.550634745
   51.576925002    0.550701972    0.550640618
   51.602121351    0.550751269    0.550646277
   51.627317699    0.550774137    0.550651578
   51.652514047    0.550766192    0.550656464
   51.677710396    0.550730707    0.550660984
   51.702906744    0.550677788    0.550665274
   51.728103092    0.550621854    0.550669530
   51.753299441    0.550578056    0.550673955
   51.778495789    0.550558513    0.550678708
   51.803692137    0.550569305    0.550683870
   51.828888486    0.550608972    0.550689418
   51.854084834    0.550668890    0.550695232
   51.879281182    0.550735415    0.550701130
   51.904477531    0.550793282    0.550706905
   51.929673879    0.550829394    0.550712385
   51.954870227    0.550836072    0.550717468
   51.980066576    0.550812954    0.550722152
   52.005262924    0.550767076    0.550726535
   52.030459272    0.550711118    0.550730788
   52.055655620    0.550660243    0.550735115
   52.080851969    0.550628338    0.550739700
   52.106048317    0.550624559    0.550744665
   52.131244665    0.550651070    0.550750036
   52.156441014    0.550702510    0.550755737
   52.181637362    0.550767337    0.550761613
   52.206833710    0.550830698    0.550767464
   52.232030059    0.550878122    0.550773096
   52.257226407    0.550899114    0.550778371
   52.282422755    0.550889751    0.550783239
   52.307619104    0.550853655    0.550787751
   52.332815452    0.550801079    0.550792047
   52.358011800    0.550746356    0.550796320
   52.383208149    0.550704335    0.550800768
   52.408404497    0.550686694    0.550805545
   52.433600845    0.550699043    0.550810725
   52.458797194    0.550739540    0.550816280
   52.483993542    0.550799357    0.550822089
   52.509189890    0.550864878    0.550827970
   52.534386238    0.550921087    0.550833721
   52.559582587    0.550955298    0.550839174
   52.584778935    0.550960300    0.550844234
   52.609975283    0.550936145    0.550848905
   52.635171632    0.550890123    0.550853287
   52.660367980    0.550834944    0.550857551
   52.685564328    0.550785579    0.550861898
   52.710760677    0.550755539    0.550866508
   52.735957025    0.550753518    0.550871494
   52.761153373    0.550781248    0.550876878
   52.786349722    0.550833067    0.550882580
   52.811546070    0.550897342    0.550888446
   52.836742418    0.550959358    0.550894275
   52.861938767    0.551004979    0.550899882
   52.887135115    0.551024153    0.550905132
   52.912331463    0.551013408    0.550909981
   52.937527812    0.550976703    0.550914486
   52.962724160    0.550924441    0.550918787
   52.987920508    0.550870873    0.550923076
   53.013116856    0.550830561    0.550927546
   53.038313205    0.550814760    0.550932346
   53.063509553    0.550828626    0.550937544
   53.088705901    0.550869943    0.550943106
   53.113902250    0.550929682    0.550948911
   53.139098598    0.550994247    0.550954776
   53.164294946    0.551048862    0.550960504
   53.189491295    0.551081233    0.550965931
   53.214687643    0.551084606    0.550970969
   53.239883991    0.551059432    0.550975627
   53.265080340    0.551013251    0.550980007
   53.290276688    0.550958810    0.550984282
   53.315473036    0.550910896    0.550988648
   53.340669385    0.550882658    0.550993280
   53.365865733    0.550882347    0.550998287
   53.391062081    0.550911270    0.551003684
   53.416258430    0.550963474    0.551009389
   53.441454778    0.551027232    0.551015244
   53.466651126    0.551087959    0.551021054
   53.491847474    0.551131836    0.551026635
   53.517043823    0.551149245    0.551031861
   53.542240171    0.551137148    0.551036693
   53.567436519    0.551099837    0.551041190
   53.592632868    0.551047860    0.551045496
   53.617829216    0.550995398    0.551049799
   53.643025564    0.550956737    0.551054290
   53.668221913    0.550942723    0.551059113
   53.693418261    0.550958070    0.551064327
   53.718614609    0.551000198    0.551069898
   53.743810958    0.551059877    0.551075699
   53.769007306    0.551123531    0.551081549
   53.794203654    0.551176607    0.551087254
   53.819400003    0.551207195    0.551092656
   53.844596351    0.551208979    0.551097673
   53.869792699    0.551182801    0.551102318
   53.894989048    0.551136448    0.551106697
   53.920185396    0.551082708    0.551110981
   53.945381744    0.551036192    0.551115365
   53.970578092    0.551009701    0.551120019
   53.995774441    0.551011056    0.551125046
   54.020970789    0.551041151    0.551130456
   54.046167137    0.551093746    0.551136163
   54.071363486    0.551157018    0.551142009
   54.096559834    0.551216503    0.551147800
   54.121756182    0.551258692    0.551153358
   54.146952531    0.551274382    0.551158560
   54.172148879    0.551260960    0.551163374
   54.197345227    0.551223043    0.551167864
   54.222541576    0.551171328    0.551172173
   54.247737924    0.551119928    0.551176490
   54.272934272    0.551082866    0.551181002
   54.298130621    0.551070591    0.551185846
   54.323326969    0.551087387    0.551191077
   54.348523317    0.551130318    0.551196656
   54.373719666    0.551189957    0.551202454
   54.398916014    0.551252737    0.551208290
   54.424112362    0.551304325    0.551213973
   54.449308710    0.551333177    0.551219351
   54.474505059    0.551333407    0.551224347
   54.499701407    0.551306239    0.551228979
   54.524897755    0.551259704    0.551233356
   54.550094104    0.551206631    0.551237649
   54.575290452    0.551161466    0.551242050
   54.600486800    0.551136675    0.551246726
   54.625683149    0.551139657    0.551251772
   54.650879497    0.551170906    0.551257195
   54.676075845    0.551223897    0.551262905
   54.701272194    0.551286710    0.551268742
   54.726468542    0.551344997    0.551274515
   54.751664890    0.551385545    0.551280049
   54.776861239    0.551399556    0.551285229
   54.802057587    0.551384832    0.551290026
   54.827253935    0.551346311    0.551294508
   54.852450284    0.551294835    0.551298820
   54.877646632    0.551244459    0.551303151
   54.902842980    0.551208949    0.551307682
   54.928039328    0.551198370    0.551312547
   54.953235677    0.551216589    0.551317795
   54.978432025    0.551260317    0.551323381
   55.003628373    0.551319931    0.551329176
   55.028824722    0.551381873    0.551334999
   55.054021070    0.551432017    0.551340662
   55.079217418    0.551459176    0.551346016
   55.104413767    0.551457882    0.551350992
   55.129610115    0.551429736    0.551355611
   55.154806463    0.551383007    0.551359985
   55.180002812    0.551330572    0.551364286
   55.205199160    0.551286716    0.551368705
   55.230395508    0.551263582    0.551373401
   55.255591857    0.551268158    0.551378467
   55.280788205    0.551300545    0.551383902
   55.305984553    0.551353937    0.551389614
   55.331180902    0.551416317    0.551395443
   55.356377250    0.551473444    0.551401199
   55.381573598    0.551512392    0.551406711
   55.406769946    0.551524761    0.551411868
   55.431966295    0.551508755    0.551416648
   55.457162643    0.551469629    0.551421122
   55.482358991    0.551418373    0.551425438
   55.507555340    0.551368985    0.551429781
   55.532751688    0.551334987    0.551434331
   55.557948036    0.551326069    0.551439216
   55.583144385    0.551345687    0.551444481
   55.608340733    0.551390206    0.551450075
   55.633537081    0.551449811    0.551455868
   55.658733430    0.551510945    0.551461678
   55.683929778    0.551559683    0.551467320
   55.709126126    0.551585187    0.551472652
   55.734322475    0.551582396    0.551477607
   55.759518823    0.551553281    0.551482214
   55.784715171    0.551506349    0.551486585
   55.809911520    0.551454525    0.551490894
   55.835107868    0.551411942    0.551495328
   55.860304216    0.551390427    0.551500045
   55.885500564    0.551396568    0.551505130
   55.910696913    0.551430079    0.551510577
   55.935893261    0.551483878    0.551516293
   55.961089609    0.551545846    0.551522114
   55.986285958    0.551601847    0.551527854
   56.011482306    0.551639234    0.551533344
   56.036678654    0.551649990    0.551538479
   56.061875003    0.551632720    0.551543242
   56.087071351    0.551592988    0.551547708
   56.112267699    0.551541934    0.551552026
   56.137464048    0.551493504    0.551556381
   56.162660396    0.551460981    0.551560950
   56.187856744    0.551453692    0.551565855
   56.213053093    0.551474688    0.551571136
   56.238249441    0.551519996    0.551576738
   56.263445789    0.551579605    0.551582529
   56.288642138    0.551639959    0.551588327
   56.313838486    0.551687326    0.551593950
   56.339034834    0.551711207    0.551599259
   56.364231182    0.551706942    0.551604194
   56.389427531    0.551676865    0.551608788
   56.414623879    0.551629720    0.551613156
   56.439820227    0.551578483    0.551617473
   56.465016576    0.551537141    0.551621923
   56.490212924    0.551517213    0.551626659
   56.515409272    0.551524894    0.551631762
   56.540605621    0.551559519    0.551637222
   56.565801969    0.551613729    0.551642941
   56.590998317    0.551675307    0.551648756
   56.616194666    0.551730212    0.551654479
   56.641391014    0.551766069    0.551659948
   56.666587362    0.551775239    0.551665061
   56.691783711    0.551756718    0.551669808
   56.716980059    0.551716379    0.551674265
   56.742176407    0.551665510    0.551678585
   56.767372756    0.551618010    0.551682952
   56.792569104    0.551586932    0.551687539
   56.817765452    0.551581244    0.551692463
   56.842961800    0.551603602    0.551697760
   56.868158149    0.551649696    0.551703371
   56.893354497    0.551709322    0.551709160
   56.918550845    0.551768921    0.551714946
   56.943747194    0.551814947    0.551720550
   56.968943542    0.551837233    0.551725838
   56.994139890    0.551831513    0.551730753
   57.019336239    0.551800481    0.551735334
   57.044532587    0.551753113    0.551739699
   57.069728935    0.551702441    0.551744022
   57.094925284    0.551662311    0.551748488
   57.120121632    0.551643942    0.551753243
   57.145317980    0.551653142    0.551758364
   57.170514329    0.551688872    0.551763837
   57.195710677    0.551743500    0.551769560
   57.220907025    0.551804706    0.551775367
   57.246103374    0.551858542    0.551781075
   57.271299722    0.551892896    0.551786523
   57.296496070    0.551900503    0.551791616
   57.321692418    0.551880743    0.551796345
   57.346888767    0.551839794    0.551800795
   57.372085115    0.551789096    0.551805116
   57.397281463    0.551742501    0.551809494
   57.422477812    0.551712840    0.551814098
   57.447674160    0.551708730    0.551819042
   57.472870508    0.551732436    0.551824355
   57.498066857    0.551779316    0.551829975
   57.523263205    0.551838971    0.551835762
   57.548459553    0.551897837    0.551841537
   57.573655902    0.551942548    0.551847122
   57.598852250    0.551963263    0.551852388
   57.624048598    0.551956104    0.551857285
   57.649244947    0.551924119    0.551861852
   57.674441295    0.551876520    0.551866214
   57.699637643    0.551826394    0.551870544
   57.724833992    0.551787451    0.551875024
   57.750030340    0.551770616    0.551879798
   57.775226688    0.551781319    0.551884937
   57.800423036    0.551818147    0.551890423
   57.825619385    0.551873199    0.551896149
   57.850815733    0.551934050    0.551901950
   57.876012081    0.551986839    0.551907643
   57.901208430    0.552019716    0.551913071
   57.926404778    0.552025778    0.551918142
   57.951601126    0.552004788    0.551922855
   57.976797475    0.551963226    0.551927296
   58.001993823    0.551912683    0.551931619
   58.027190171    0.551866973    0.551936008
   58.052386520    0.551838706    0.551940629
   58.077582868    0.551836153    0.551945592
   58.102779216    0.551861197    0.551950921
   58.127975565    0.551908863    0.551956549
   58.153171913    0.551968560    0.551962335
   58.178368261    0.552026711    0.551968099
   58.203564610    0.552070131    0.551973666
   58.228760958    0.552089295    0.551978911
   58.253957306    0.552080709    0.551983788
   58.279153654    0.552047774    0.551988343
   58.304350003    0.551999934    0.551992701
   58.329546351    0.551950337    0.551997037
   58.354742699    0.551912559    0.552001531
   58.379939048    0.551897238    0.552006324
   58.405135396    0.551909429    0.552011481
   58.430331744    0.551947352    0.552016980
   58.455528093    0.552002834    0.552022710
   58.480724441    0.552063345    0.552028505
   58.505920789    0.552115109    0.552034183
   58.531117138    0.552146528    0.552039591
   58.556313486    0.552151060    0.552044641
   58.581509834    0.552128846    0.552049337
   58.606706183    0.552086668    0.552053770
   58.631902531    0.552036266    0.552058094
   58.657098879    0.551991422    0.552062494
   58.682295228    0.551964528    0.552067132
   58.707491576    0.551963518    0.552072113
   58.732687924    0.551989891    0.552077458
   58.757884272    0.552038345    0.552083094
   58.783080621    0.552098094    0.552088880
   58.808276969    0.552155550    0.552094633
   58.833473317    0.552197697    0.552100183
   58.858669666    0.552215327    0.552105407
   58.883866014    0.552205324    0.552110265
   58.909062362    0.552171437    0.552114806
   58.934258711    0.552123349    0.552119160
   58.959455059    0.552074264    0.552123503
   58.984651407    0.552037633    0.552128011
   59.009847756    0.552023809    0.552132821
   59.035044104    0.552037478    0.552137997
   59.060240452    0.552076492    0.552143508
   59.085436801    0.552132412    0.552149242
   59.110633149    0.552192598    0.552155032
   59.135829497    0.552243354    0.552160695
   59.161025846    0.552273332    0.552166083
   59.186222194    0.552276346    0.552171113
   59.211418542    0.552252911    0.552175793
   59.236614890    0.552210111    0.552180216
   59.261811239    0.552159840    0.552184542
   59.287007587    0.552115843    0.552188951
   59.312203935    0.552090307    0.552193606
   59.337400284    0.552090826    0.552198606
   59.362596632    0.552118524    0.552203966
   59.387792980    0.552167769    0.552209612
   59.412989329    0.552227582    0.552215396
   59.438185677    0.552284357    0.552221140
   59.463382025    0.552325247    0.552226672
   59.488578374    0.552341356    0.552231875
   59.513774722    0.552329943    0.552236714
   59.538971070    0.552295104    0.552241242
   59.564167419    0.552246757    0.552245592
   59.589363767    0.552198170    0.552249940
   59.614560115    0.552162670    0.552254462
   59.639756464    0.552150330    0.552259291
   59.664952812    0.552165469    0.552264484
   59.690149160    0.552205576    0.552270008
   59.715345508    0.552261940    0.552275746
   59.740541857    0.552321814    0.552281530
   59.765738205    0.552371578    0.552287180
   59.790934553    0.552400129    0.552292548
   59.816130902    0.552401633    0.552297558
   59.841327250    0.552376979    0.552302221
   59.866523598    0.552333551    0.552306635
   59.891719947    0.552283397    0.552310961
   59.916916295    0.552240234    0.552315381
   59.942112643    0.552216041    0.552320052
   59.967308992    0.552218081    0.552325071
   59.992505340    0.552247101    0.552330447
   60.017701688    0.552297143    0.552336101
   60.042898037    0.552357029    0.552341885
   60.068094385    0.552413137    0.552347619
   60.093290733    0.552452785    0.552353134
   60.118487082    0.552467382    0.552358316
   60.143683430    0.552454561    0.552363136
   60.168879778    0.552418767    0.552367651
   60.194076126    0.552370152    0.552371997
   60.219272475    0.552322050    0.552376350
   60.244468823    0.552287668    0.552380885
   60.269665171    0.552276802    0.552385732
   60.294861520    0.552293406    0.552390943
   60.320057868    0.552334608    0.552396480
   60.345254216    0.552391426    0.552402223
   60.370450565    0.552450999    0.552408002
   60.395646913    0.552499784    0.552413638
   60.420843261    0.552526918    0.552418986
   60.446039610    0.552526918    0.552423975
   60.471235958    0.552501043    0.552428622
   60.496432306    0.552456979    0.552433027
   60.521628655    0.552406932    0.552437354
   60.546825003    0.552364591    0.552441783
   60.572021351    0.552341731    0.552446470
   60.597217700    0.552345286    0.552451507
   60.622414048    0.552375627    0.552456899
   60.647610396    0.552426472    0.552462562
   60.672806744    0.552486442    0.552468346
   60.698003093    0.552541896    0.552474070
   60.723199441    0.552580312    0.552479568
   60.748395789    0.552593404    0.552484730
   60.773592138    0.552579176    0.552489531
   60.798788486    0.552542421    0.552494033
   60.823984834    0.552493528    0.552498374
   60.849181183    0.552445899    0.552502732
   60.874377531    0.552412624    0.552507281
   60.899573879    0.552403225    0.552512145
   60.924770228    0.552421294    0.552517374
   60.949966576    0.552463595    0.552522924
   60.975162924    0.552520875    0.552528671
   61.000359273    0.552580160    0.552534446
   61.025555621    0.552627976    0.552540068
   61.050751969    0.552653700    0.552545397
   61.075948318    0.552652198    0.552550366
   61.101144666    0.552625098    0.552554995
   61.126341014    0.552580391    0.552559392
   61.151537362    0.552530439    0.552563718
   61.176733711    0.552488908    0.552568157
   61.201930059    0.552467374    0.552572860
   61.227126407    0.552472441    0.552577915
   61.252322756    0.552504108    0.552583323
   61.277519104    0.552555763    0.552588996
   61.302715452    0.552615828    0.552594780
   61.327911801    0.552670638    0.552600495
   61.353108149    0.552707830    0.552605976
   61.378304497    0.552719420    0.552611118
   61.403500846    0.552703783    0.552615899
   61.428697194    0.552666060    0.552620387
   61.453893542    0.552616878    0.552624724
   61.479089891    0.552569712    0.552629087
   61.504286239    0.552537536    0.552633648
   61.529482587    0.552529600    0.552638531
   61.554678936    0.552549134    0.552643777
   61.579875284    0.552592542    0.552649340
   61.605071632    0.552650295    0.552655093
   61.630267980    0.552709302    0.552660862
   61.655464329    0.552756157    0.552666471
   61.680660677    0.552780476    0.552671781
   61.705857025    0.552777470    0.552676729
   61.731053374    0.552749140    0.552681342
   61.756249722    0.552703779    0.552685729
   61.781446070    0.552653912    0.552690055
   61.806642419    0.552613183    0.552694503
   61.831838767    0.552592969    0.552699222
   61.857035115    0.552599549    0.552704296
   61.882231464    0.552632547    0.552709720
   61.907427812    0.552685021    0.552715402
   61.932624160    0.552745193    0.552721187
   61.957820509    0.552799368    0.552726892
   61.983016857    0.552835341    0.552732356
   62.008213205    0.552845429    0.552737478
   62.033409554    0.552828378    0.552742240
   62.058605902    0.552789678    0.552746714
   62.083802250    0.552740197    0.552751046
   62.108998598    0.552693483    0.552755413
   62.134194947    0.552662400    0.552759988
   62.159391295    0.552655927    0.552764888
   62.184587643    0.552676932    0.552770152
   62.209783992    0.552721454    0.552775728
   62.234980340    0.552779691    0.552781487
   62.260176688    0.552838430    0.552787252
   62.285373037    0.552884332    0.552792847
   62.310569385    0.552907247    0.552798138
   62.335765733    0.552902733    0.552803066
   62.360962082    0.552873164    0.552807661
   62.386158430    0.552827138    0.552812038
   62.411354778    0.552777345    0.552816365
   62.436551127    0.552737411    0.552820821
   62.461747475    0.552718515    0.552825556
   62.486943823    0.552726612    0.552830649
   62.512140172    0.552760948    0.552836089
   62.537336520    0.552814254    0.552841781
   62.562532868    0.552874542    0.552847566
   62.587729216    0.552928090    0.552853262
   62.612925565    0.552962848    0.552858710
   62.638121913    0.552971431    0.552863811
   62.663318261    0.552952958    0.552868553
   62.688514610    0.552913269    0.552873014
   62.713710958    0.552863477    0.552877340
   62.738907306    0.552817208    0.552881712
   62.764103655    0.552787214    0.552886299
   62.789300003    0.552782206    0.552891217
   62.814496351    0.552804689    0.552896500
   62.839692700    0.552850338    0.552902090
   62.864889048    0.552909070    0.552907853
   62.890085396    0.552967550    0.552913614
   62.915281745    0.553012503    0.552919196
   62.940478093    0.553034012    0.552924468
   62.965674441    0.553027983    0.552929375
   62.990870790    0.552997163    0.552933953
   63.016067138    0.552950461    0.552938320
   63.041263486    0.552900732    0.552942646
   63.066459834    0.552861587    0.552947111
   63.091656183    0.552844010    0.552951862
   63.116852531    0.552853630    0.552956974
   63.142048879    0.552889317    0.552962430
   63.167245228    0.552943467    0.552968133
   63.192441576    0.553003883    0.552973919
   63.217637924    0.553056811    0.552979606
   63.242834273    0.553090353    0.552985037
   63.268030621    0.553097425    0.552990117
   63.293226969    0.553077518    0.552994839
   63.318423318    0.553036827    0.552999285
   63.343619666    0.552986712    0.553003606
   63.368816014    0.552940880    0.553007982
   63.394012363    0.552911974    0.553012582
   63.419208711    0.552908436    0.553017519
   63.444405059    0.552932409    0.553022820
   63.469601408    0.552979198    0.553028424
   63.494797756    0.553038438    0.553034193
   63.519994104    0.553096669    0.553039950
   63.545190452    0.553140675    0.553045519
   63.570386801    0.553160774    0.553050771
   63.595583149    0.553153219    0.553055656
   63.620779497    0.553121135    0.553060216
   63.645975846    0.553073741    0.553064572
   63.671172194    0.553024065    0.553068898
   63.696368542    0.552985705    0.553073372
   63.721564891    0.552969452    0.553078140
   63.746761239    0.552980605    0.553083271
   63.771957587    0.553017658    0.553088746
   63.797153936    0.553072666    0.553094459
   63.822350284    0.553133222    0.553100246
   63.847546632    0.553185535    0.553105924
   63.872742981    0.553217859    0.553111336
   63.897939329    0.553223410    0.553116393
   63.923135677    0.553202054    0.553121093
   63.948332026    0.553160345    0.553125523
   63.973528374    0.553109895    0.553129837
   63.998724722    0.553064492    0.553134219
   64.023921070    0.553036675    0.553138836
   64.049117419    0.553034617    0.553143796
   64.074313767    0.553060094    0.553149122
   64.099510115    0.553108039    0.553154747
   64.124706464    0.553167803    0.553160525
   64.149902812    0.553225792    0.553166274
   64.175099160    0.553268853    0.553171816
   64.200295509    0.553287533    0.553177019
   64.225491857    0.553278438    0.553181833
   64.250688205    0.553245072    0.553186301
   64.275884554    0.553196971    0.553190545
   64.301080902    0.553147338    0.553194738
   64.326277250    0.553109761    0.553199056
   64.351473599    0.553094837    0.553203641
   64.376669947    0.553107538    0.553208558
   64.401866295    0.553145974    0.553213784
   64.427062644    0.553201858    0.553219208
   64.452258992    0.553262566    0.553224664
   64.477455340    0.553314268    0.553229968
   64.502651688    0.553345369    0.553234968
   64.527848037    0.553349385    0.553239576
   64.553044385    0.553326563    0.553243794
   64.578240733    0.553283818    0.553247713
   64.603437082    0.553233018    0.553251491
   64.628633430    0.553188039    0.553255310
   64.653829778    0.553161314    0.553259337
   64.679026127    0.553160748    0.553263677
   64.704222475    0.553187747    0.553268350
   64.729418823    0.553236869    0.553273284
   64.754615172    0.553297171    0.553278335
   64.779811520    0.553354928    0.553283321
   64.805007868    0.553397040    0.553288068
   64.830204217    0.553414292    0.553292452
   64.855400565    0.553403638    0.553296434
   64.880596913    0.553368969    0.553300062
   64.905793262    0.553320143    0.553303468
   64.930989610    0.553270543    0.553306828
   64.956185958    0.553233749    0.553310322
   64.981382306    0.553220164    0.553314090
   65.006578655    0.553234430    0.553318194
   65.031775003    0.553274270    0.553322605
   65.056971351    0.553331050    0.553327209
   65.082167700    0.553391923    0.553331837
   65.107364048    0.553443017    0.553336304
   65.132560396    0.553472886    0.553340457
   65.157756745    0.553475350    0.553344214
   65.182953093    0.553451040    0.553347581
   65.208149441    0.553407237    0.553350655
   65.233345790    0.553356072    0.553353596
   65.258542138    0.553311511    0.553356589
   65.283738486    0.553285885    0.553359798
   65.308934835    0.553286828    0.553363326
   65.334131183    0.553315372    0.553367188
   65.359327531    0.553365693    0.553371306
   65.384523880    0.553426552    0.553375534
   65.409720228    0.553484083    0.553379686
   65.434916576    0.553525244    0.553383590
   65.460112924    0.553541050    0.553387125
   65.485309273    0.553528814    0.553390255
   65.510505621    0.553492818    0.553393034
   65.535701969    0.553443248    0.553395598
   65.560898318    0.553393670    0.553398126
   65.586094666    0.553357660    0.553400799
   65.611291014    0.553345429    0.553403753
   65.636487363    0.553361284    0.553407046
   65.661683711    0.553402554    0.553410644
   65.686880059    0.553460252    0.553414430
   65.712076408    0.553521303    0.553418229
   65.737272756    0.553571789    0.553421857
   65.762469104    0.553600414    0.553425164
   65.787665453    0.553601304    0.553428069
   65.812861801    0.553575478    0.553430585
   65.838058149    0.553530592    0.553432813
   65.863254498    0.553479046    0.553434917
   65.888450846    0.553434900    0.553437084
   65.913647194    0.553410384    0.553439475
   65.938843542    0.553412856    0.553442191
   65.964039891    0.553442974    0.553445242
   65.989236239    0.553494522    0.553448545
   66.014432587    0.553555957    0.553451950
   66.039628936    0.553613270    0.553455269
   66.064825284    0.553653470    0.553458329
   66.090021632    0.553667809    0.553461015
   66.115217981    0.553653963    0.553463292
   66.140414329    0.553616609    0.553465222
   66.165610677    0.553566271    0.553466944
   66.190807026    0.553516706    0.553468640
   66.216003374    0.553481486    0.553470491
   66.241199722    0.553470629    0.553472631
   66.266396071    0.553488103    0.553475113
   66.291592419    0.553530836    0.553477900
   66.316788767    0.553589479    0.553480867
   66.341985116    0.553650720    0.553483838
   66.367181464    0.553700596    0.553486628
   66.392377812    0.553727957    0.553489087
   66.417574160    0.553727242    0.553491140
   66.442770509    0.553699864    0.553492805
   66.467966857    0.553653865    0.553494187
   66.493163205    0.553601920    0.553495454
   66.518359554    0.553558188    0.553496793
   66.543555902    0.553534800    0.553498367
   66.568752250    0.553538836    0.553500272
   66.593948599    0.553570566    0.553502512
   66.619144947    0.553623375    0.553505001
   66.644341295    0.553685408    0.553507582
   66.669537644    0.553742506    0.553510068
   66.694733992    0.553781729    0.553512286
   66.719930340    0.553794567    0.553514121
   66.745126689    0.553779068    0.553515545
   66.770323037    0.553740316    0.553516626
   66.795519385    0.553689183    0.553517505
   66.820715734    0.553639622    0.553518369
   66.845912082    0.553605209    0.553519398
   66.871108430    0.553595762    0.553520724
   66.896304778    0.553614902    0.553522397
   66.921501127    0.553659145    0.553524371
   66.946697475    0.553718768    0.553526520
   66.971893823    0.553780213    0.553528664
   66.997090172    0.553829464    0.553530615
   67.022286520    0.553855522    0.553532227
   67.047482868    0.553853146    0.553533428
   67.072679217    0.553824159    0.553534241
   67.097875565    0.553777003    0.553534776
   67.123071913    0.553724639    0.553535204
   67.148268262    0.553681336    0.553535717
   67.173464610    0.553659120    0.553536474
   67.198660958    0.553664785    0.553537567
   67.223857307    0.553698199    0.553538997
   67.249053655    0.553752331    0.553540672
   67.274250003    0.553814992    0.553542431
   67.299446352    0.553871863    0.553544084
   67.324642700    0.553910053    0.553545458
   67.349839048    0.553921306    0.553546442
   67.375035396    0.553904054    0.553547014
   67.400231745    0.553863819    0.553547244
   67.425428093    0.553811841    0.553547281
   67.450624441    0.553762293    0.553547312
   67.475820790    0.553728756    0.553547519
   67.501017138    0.553720841    0.553548032
   67.526213486    0.553741795    0.553548895
   67.551409835    0.553787688    0.553550059
   67.576606183    0.553848378    0.553551390
   67.601802531    0.553910032    0.553552706
   67.626998880    0.553958560    0.553553818
   67.652195228    0.553983120    0.553554582
   67.677391576    0.553978825    0.553554931
   67.702587925    0.553947965    0.553554891
   67.727784273    0.553899452    0.553554578
   67.752980621    0.553846613    0.553554169
   67.778176970    0.553803885    0.553553854
   67.803373318    0.553783213    0.553553793
   67.828569666    0.553791078    0.553554075
   67.853766014    0.553826852    0.553554695
   67.878962363    0.553882930    0.553555557
   67.904158711    0.553946578    0.553556497
   67.929355059    0.554003059    0.553557324
   67.954551408    0.554039263    0.553557871
   67.979747756    0.554046929    0.553558032
   68.004944104    0.554024675    0.553557794
   68.030140453    0.553978328    0.553557238
   68.055336801    0.553919470    0.553556522
   68.080533149    0.553862563    0.553555841
   68.105729498    0.553821365    0.553555381
   68.130925846    0.553805528    0.553555270
   68.156122194    0.553818222    0.553555552
   68.181318543    0.553855371    0.553556170
   68.206514891    0.553906688    0.553556987
   68.231711239    0.553958266    0.553557814
   68.256907588    0.553996051    0.553558460
   68.282103936    0.554009371    0.553558780
   68.307300284    0.553993600    0.553558711
   68.332496632    0.553951338    0.553558283
   68.357692981    0.553891774    0.553557618
   68.382889329    0.553828413    0.553556898
   68.408085677    0.553775728    0.553556316
   68.433282026    0.553745556    0.553556032
   68.458478374    0.553744159    0.553556132
   68.483674722    0.553770652    0.553556607
   68.508871071    0.553817218    0.553557354
   68.534067419    0.553871043    0.553558203
   68.559263767    0.553917493    0.553558958
   68.584460116    0.553943752    0.553559446
   68.609656464    0.553942008    0.553559561
   68.634852812    0.553911403    0.553559289
   68.660049161    0.553858250    0.553558712
   68.685245509    0.553794474    0.553557989
   68.710441857    0.553734651    0.553557314
   68.735638206    0.553692391    0.553556870
   68.760834554    0.553676951    0.553556782
   68.786030902    0.553690932    0.553557088
   68.811227250    0.553729624    0.553557728
   68.836423599    0.553782170    0.553558556
   68.861619947    0.553834257    0.553559384
   68.886816295    0.553871674    0.553560019
   68.912012644    0.553883840    0.553560319
   68.937208992    0.553866442    0.553560224
   68.962405340    0.553822509    0.553559772
   68.987601689    0.553761671    0.553559090
   69.012798037    0.553697769    0.553558361
   69.037994385    0.553645419    0.553557783
   69.063190734    0.553616382    0.553557513
   69.088387082    0.553616635    0.553557634
   69.113583430    0.553644881    0.553558132
   69.138779779    0.553692863    0.553558897
   69.163976127    0.553747410    0.553559755
   69.189172475    0.553793704    0.553560507
   69.214368824    0.553818965    0.553560981
   69.239565172    0.553815627    0.553561074
   69.264761520    0.553783224    0.553560777
   69.289957868    0.553728517    0.553560178
   69.315154217    0.553663815    0.553559440
   69.340350565    0.553603927    0.553558761
   69.365546913    0.553562481    0.553558326
   69.390743262    0.553548533    0.553558256
   69.415939610    0.553564317    0.553558584
   69.441135958    0.553604676    0.553559245
   69.466332307    0.553658339    0.553560089
   69.491528655    0.553710716    0.553560920
   69.516725003    0.553747521    0.553561548
   69.541921352    0.553758322    0.553561829
   69.567117700    0.553739143    0.553561710
   69.592314048    0.553693451    0.553561232
   69.617510397    0.553631312    0.553560530
   69.642706745    0.553566890    0.553559792
   69.667903093    0.553514930    0.553559216
   69.693099442    0.553487099    0.553558959
   69.718295790    0.553489077    0.553559101
   69.743492138    0.553519141    0.553559622
   69.768688486    0.553568584    0.553560406
   69.793884835    0.553623872    0.553561274
   69.819081183    0.553670003    0.553562025
   69.844277531    0.553694233    0.553562486
   69.869473880    0.553689250    0.553562556
   69.894670228    0.553654994    0.553562233
   69.919866576    0.553598681    0.553561611
   69.945062925    0.553533020    0.553560857
   69.970259273    0.553473059    0.553560174
   69.995455621    0.553432443    0.553559746
   70.020651970    0.553420028    0.553559694
   70.045848318    0.553437667    0.553560045
   70.071044666    0.553479746    0.553560728
   70.096241015    0.553534567    0.553561588
   70.121437363    0.553587252    0.553562424
   70.146633711    0.553623437    0.553563044
   70.171830060    0.553632840    0.553563308
   70.197026408    0.553611828    0.553563163
   70.222222756    0.553564323    0.553562659
   70.247419104    0.553500836    0.553561936
   70.272615453    0.553435867    0.553561187
   70.297811801    0.553384299    0.553560612
   70.323008149    0.553357704    0.553560369
   70.348204498    0.553361456    0.553560532
   70.373400846    0.553393396    0.553561077
   70.398597194    0.553444351    0.553561881
   70.423793543    0.553500413    0.553562761
   70.448989891    0.553546384    0.553563510
   70.474186239    0.553569559    0.553563958
   70.499382588    0.553562882    0.553564006
   70.524578936    0.553526712    0.553563656
   70.549775284    0.553468738    0.553563009
   70.574971633    0.553402081    0.553562238
   70.600167981    0.553342036    0.553561550
   70.625364329    0.553302272    0.553561129
   70.650560678    0.553291436    0.553561095
   70.675757026    0.553310992    0.553561471
   70.700953374    0.553354851    0.553562177
   70.726149722    0.553410873    0.553563053
   70.751346071    0.553463882    0.553563895
   70.776542419    0.553499428    0.553564508
   70.801738767    0.553507387    0.553564753
   70.826935116    0.553484479    0.553564582
   70.852131464    0.553435095    0.553564051
   70.877327812    0.553370213    0.553563306
   70.902524161    0.553304679    0.553562545
   70.927720509    0.553253518    0.553561971
   70.952916857    0.553228204    0.553561741
   70.978113206    0.553233796    0.553561927
   71.003309554    0.553267679    0.553562496
   71.028505902    0.553320199    0.553563322
   71.053702251    0.553377056    0.553564214
   71.078898599    0.553422854    0.553564963
   71.104094947    0.553444926    0.553565397
   71.129291296    0.553436488    0.553565421
   71.154487644    0.553398332    0.553565043
   71.179683992    0.553338641    0.553564369
   71.204880340    0.553270962    0.553563580
   71.230076689    0.553210847    0.553562886
   71.255273037    0.553171984    0.553562473
   71.280469385    0.553162800    0.553562458
   71.305665734    0.553184348    0.553562859
   71.330862082    0.553230046    0.553563590
   71.356058430    0.553287296    0.553564484
   71.381254779    0.553340615    0.553565332
   71.406451127    0.553375474    0.553565938
   71.431647475    0.553381918    0.553566162
   71.456843824    0.553357042    0.553565963
   71.482040172    0.553305725    0.553565403
   71.507236520    0.553239421    0.553564634
   71.532432869    0.553173323    0.553563861
   71.557629217    0.553122586    0.553563289
   71.582825565    0.553098563    0.553563074
   71.608021914    0.553105986    0.553563285
   71.633218262    0.553141783    0.553563882
   71.658414610    0.553195855    0.553564731
   71.683610958    0.553253598    0.553565635
   71.708807307    0.553299555    0.553566380
   71.734003655    0.553321296    0.553566795
   71.759200003    0.553312543    0.553566789
   71.784396352    0.553274778    0.553566375
   71.809592700    0.553216915    0.553565670
   71.834789048    0.553153117    0.553564866
   71.859985397    0.553099297    0.553564179
   71.885181745    0.553069165    0.553563802
   71.910378093    0.553070802    0.553563856
   71.935574442    0.553104625    0.553564356
   71.960770790    0.553163238    0.553565214
   71.985967138    0.553233220    0.553566260
   72.011163487    0.553298416    0.553567280
   72.036359835    0.553343906    0.553568078
   72.061556183    0.553359683    0.553568516
   72.086752532    0.553343121    0.553568555
   72.111948880    0.553299617    0.553568264
   72.137145228    0.553241249    0.553567802
   72.162341576    0.553183785    0.553567378
   72.187537925    0.553142763    0.553567202
   72.212734273    0.553129643    0.553567429
   72.237930621    0.553148951    0.553568124
   72.263126970    0.553197159    0.553569244
   72.288323318    0.553263554    0.553570648
   72.313519666    0.553332893    0.553572132
   72.338716015    0.553389187    0.553573481
   72.363912363    0.553419676    0.553574521
   72.389108711    0.553418002    0.553575162
   72.414305060    0.553385797    0.553575421
   72.439501408    0.553332282    0.553575421
   72.464697756    0.553271992    0.553575354
   72.489894105    0.553221160    0.553575440
   72.515090453    0.553193692    0.553575868
   72.540286801    0.553197700    0.553576752
   72.565483150    0.553233483    0.553578100
   72.590679498    0.553293439    0.553579813
   72.615875846    0.553363946    0.553581711
   72.641072194    0.553428739    0.553583573
   72.666268543    0.553472949    0.553585196
   72.691464891    0.553486805    0.553586446
   72.716661239    0.553468066    0.553587287
   72.741857588    0.553422593    0.553587794
   72.767053936    0.553362905    0.553588134
   72.792250284    0.553305072    0.553588523
   72.817446633    0.553264728    0.553589174
   72.842642981    0.553253184    0.553590243
   72.867839329    0.553274609    0.553591792
   72.893035678    0.553324978    0.553593771
   72.918232026    0.553393067    0.553596030
   72.943428374    0.553463224    0.553598361
   72.968624723    0.553519261    0.553600541
   72.993821071    0.553548471    0.553602397
   73.019017419    0.553544798    0.553603842
   73.044213768    0.553510351    0.553604898
   73.069410116    0.553454895    0.553605694
   73.094606464    0.553393435    0.553606433
   73.119802812    0.553342493    0.553607338
   73.144999161    0.553316006    0.553608601
   73.170195509    0.553321853    0.553610333
   73.195391857    0.553359887    0.553612538
   73.220588206    0.553421957    0.553615110
   73.245784554    0.553493924    0.553617860
   73.270980902    0.553559161    0.553620561
   73.296177251    0.553602686    0.553623008
   73.321373599    0.553614889    0.553625066
   73.346569947    0.553593932    0.553626704
   73.371766296    0.553546217    0.553628006
   73.396962644    0.553484811    0.553629144
   73.422158992    0.553426210    0.553630343
   73.447355341    0.553386240    0.553631819
   73.472551689    0.553376125    0.553633729
   73.497748037    0.553399686    0.553636131
   73.522944386    0.553452377    0.553638969
   73.548140734    0.553522400    0.553642085
   73.573337082    0.553593627    0.553645261
   73.598533430    0.553649600    0.553648273
   73.623729779    0.553677625    0.553650943
   73.648926127    0.553671930    0.553653187
   73.674122475    0.553635120    0.553655036
   73.699318824    0.553577541    0.553656625
   73.724515172    0.553514720    0.553658164
   73.749711520    0.553463519    0.553659883
   73.774907869    0.553437943    0.553661978
   73.800104217    0.553445650    0.553664557
   73.825300565    0.553486040    0.553667618
   73.850496914    0.553550382    0.553671048
   73.875693262    0.553623974    0.553674648
   73.900889610    0.553689786    0.553678187
   73.926085959    0.553732689    0.553681455
   73.951282307    0.553743221    0.553684317
   73.976478655    0.553719949    0.553686748
   74.001675004    0.553669846    0.553688837
   74.026871352    0.553606566    0.553690766
   74.052067700    0.553547070    0.553692768
   74.077264048    0.553507409    0.553695064
   74.102460397    0.553498736    0.553697811
   74.127656745    0.553524521    0.553701062
   74.152853093    0.553579670    0.553704756
   74.178049442    0.553651781    0.553708725
   74.203245790    0.553724206    0.553712745
   74.228442138    0.553780189    0.553716583
   74.253638487    0.553807025    0.553720062
   74.278834835    0.553799231    0.553723099
   74.304031183    0.553759926    0.553725731
   74.329227532    0.553700068    0.553728103
   74.354423880    0.553635749    0.553730433
   74.379620228    0.553584205    0.553732957
   74.404816577    0.553559530    0.553735874
   74.430012925    0.553569165    0.553739292
   74.455209273    0.553612037    0.553743203
   74.480405622    0.553678805    0.553747485
   74.505601970    0.553754167    0.553751931
   74.530798318    0.553820651    0.553756300
   74.555994666    0.553862957    0.553760380
   74.581191015    0.553871763    0.553764036
   74.606387363    0.553846058    0.553767246
   74.631583711    0.553793410    0.553770108
   74.656780060    0.553728102    0.553772814
   74.681976408    0.553667598    0.553775604
   74.707172756    0.553628204    0.553778704
   74.732369105    0.553621011    0.553782273
   74.757565453    0.553649128    0.553786362
   74.782761801    0.553706891    0.553790900
   74.807958150    0.553781251    0.553795711
   74.833154498    0.553855004    0.553800561
   74.858350846    0.553911057    0.553805212
   74.883547195    0.553936682    0.553809482
   74.908743543    0.553926691    0.553813293
   74.933939891    0.553884736    0.553816687
   74.959136240    0.553822430    0.553819818
   74.984332588    0.553756470    0.553822914
   75.009528936    0.553704500    0.553826219
   75.034725284    0.553680726    0.553829935
   75.059921633    0.553692372    0.553834169
   75.085117981    0.553737874    0.553838908
   75.110314329    0.553807243    0.553844020
   75.135510678    0.553884533    0.553849288
   75.160707026    0.553951792    0.553854464
   75.185903374    0.553993520    0.553859328
   75.211099723    0.554000532    0.553863747
   75.236296071    0.553972252    0.553867702
   75.261492419    0.553916879    0.553871301
   75.286688768    0.553849371    0.553874745
   75.311885116    0.553787735    0.553878282
   75.337081464    0.553748562    0.553882147
   75.362277813    0.553742897    0.553886500
   75.387474161    0.553773477    0.553891387
   75.412670509    0.553834032    0.553896730
   75.437866858    0.553910826    0.553902343
   75.463063206    0.553986049    0.553907981
   75.488259554    0.554042240    0.553913399
   75.513455902    0.554066628    0.553918413
   75.538652251    0.554054320    0.553922943
   75.563848599    0.554009538    0.553927040
