    0.000000000    0.806936812    0.806877580
    0.028345892    0.806954420    0.806883158
    0.056691784    0.806951474    0.806888451
    0.085037676    0.806930606    0.806893476
    0.113383567    0.806900045    0.806898332
    0.141729459    0.806871059    0.806903164
    0.170075351    0.806854450    0.806908122
    0.198421243    0.806857182    0.806913312
    0.226767135    0.806880205    0.806918762
    0.255113027    0.806918143    0.806924414
    0.283458919    0.806960958    0.806930141
    0.311804811    0.806997066    0.806935787
    0.340150702    0.807016949    0.806941212
    0.368496594    0.807016126    0.806946338
    0.396842486    0.806996560    0.806951175
    0.425188378    0.806966064    0.806955813
    0.453534270    0.806935878    0.806960398
    0.481880162    0.806917173    0.806965084
    0.510226054    0.806917567    0.806969986
    0.538571946    0.806938741    0.806975144
    0.566917837    0.806975900    0.806980508
    0.595263729    0.807019255    0.806985953
    0.623609621    0.807057055    0.806991321
    0.651955513    0.807079254    0.806996462
    0.680301405    0.807080642    0.807001289
    0.708647297    0.807062486    0.807005798
    0.736993189    0.807032148    0.807010072
    0.765339080    0.807000810    0.807014254
    0.793684972    0.806979997    0.807018504
    0.822030864    0.806977981    0.807022944
    0.850376756    0.806997196    0.807027626
    0.878722648    0.807033463    0.807032507
    0.907068540    0.807077272    0.807037469
    0.935414432    0.807116734    0.807042348
    0.963760324    0.807141279    0.807046988
    0.992106215    0.807144961    0.807051288
    1.020452107    0.807128320    0.807055231
    1.048797999    0.807098236    0.807058892
    1.077143891    0.807065802    0.807062409
    1.105489783    0.807042874    0.807065944
    1.133835675    0.807038382    0.807069629
    1.162181567    0.807055530    0.807073524
    1.190527458    0.807090784    0.807077599
    1.218873350    0.807134950    0.807081737
    1.247219242    0.807176028    0.807085774
    1.275565134    0.807202940    0.807089543
    1.303911026    0.807208992    0.807092931
    1.332256918    0.807193975    0.807095905
    1.360602810    0.807164249    0.807098527
    1.388948702    0.807130782    0.807100931
    1.417294593    0.807105743    0.807103279
    1.445640485    0.807098709    0.807105711
    1.473986377    0.807113675    0.807108297
    1.502332269    0.807147782    0.807111016
    1.530678161    0.807192193    0.807113755
    1.559024053    0.807234824    0.807116348
    1.587369945    0.807264108    0.807118618
    1.615715837    0.807272600    0.807120436
    1.644061728    0.807259313    0.807121751
    1.672407620    0.807230053    0.807122611
    1.700753512    0.807195622    0.807123141
    1.729099404    0.807168473    0.807123501
    1.757445296    0.807158829    0.807123837
    1.785791188    0.807171484    0.807124228
    1.814137080    0.807204291    0.807124660
    1.842482971    0.807248810    0.807125027
    1.870828863    0.807292913    0.807125157
    1.899174755    0.807324561    0.807124862
    1.927520647    0.807335555    0.807123993
    1.955866539    0.807324108    0.807122478
    1.984212431    0.807295425    0.807120347
    2.012558323    0.807260104    0.807117709
    2.040904215    0.807230850    0.807114720
    2.069250106    0.807218517    0.807111528
    2.097595998    0.807228716    0.807108218
    2.125941890    0.807260047    0.807104784
    2.154287782    0.807304511    0.807101121
    2.182633674    0.807349981    0.807097051
    2.210979566    0.807383968    0.807092371
    2.239325458    0.807397517    0.807086906
    2.267671349    0.807388014    0.807080559
    2.296017241    0.807360021    0.807073331
    2.324363133    0.807323882    0.807065311
    2.352709025    0.807292515    0.807056643
    2.381054917    0.807277392    0.807047471
    2.409400809    0.807284957    0.807037884
    2.437746701    0.807314596    0.807027878
    2.466092593    0.807358804    0.807017347
    2.494438484    0.807405496    0.807006101
    2.522784376    0.807441766    0.806993913
    2.551130268    0.807457902    0.806980578
    2.579476160    0.807450433    0.806965960
    2.607822052    0.807423228    0.806950021
    2.636167944    0.807386322    0.806932819
    2.664513836    0.807352805    0.806914475
    2.692859728    0.807334753    0.806895119
    2.721205619    0.807339458    0.806874834
    2.749551511    0.807367134    0.806853612
    2.777897403    0.807410826    0.806831336
    2.806243295    0.807458548    0.806807797
    2.834589187    0.807497004    0.806782731
    2.862935079    0.807515728    0.806755887
    2.891280971    0.807510357    0.806727072
    2.919626862    0.807484012    0.806696190
    2.947972754    0.807446359    0.806663246
    2.976318646    0.807410613    0.806628319
    3.004664538    0.807389437    0.806591510
    3.033010430    0.807390987    0.806552880
    3.061356322    0.807416353    0.806512400
    3.089702214    0.807459194    0.806469930
    3.118048106    0.807507679    0.806425219
    3.146393997    0.807548160    0.806377951
    3.174739889    0.807569412    0.806327797
    3.203085781    0.807566145    0.806274478
    3.231431673    0.807540671    0.806217805
    3.259777565    0.807502219    0.806157698
    3.288123457    0.807464077    0.806094159
    3.316469349    0.807439474    0.806027228
    3.344815240    0.807437451    0.805956918
    3.373161132    0.807460028    0.805883157
    3.401507024    0.807501546    0.805805750
    3.429852916    0.807550396    0.805724379
    3.458198808    0.807592612    0.805638631
    3.486544700    0.807616212    0.805548055
    3.514890592    0.807614937    0.805452226
    3.543236484    0.807590222    0.805350803
    3.571582375    0.807550782    0.805243550
    3.599928267    0.807509924    0.805130334
    3.628274159    0.807481420    0.805011080
    3.656620051    0.807475219    0.804885704
    3.684965943    0.807494329    0.804754050
    3.713311835    0.807533851    0.804615827
    3.741657727    0.807582468    0.804470597
    3.770003619    0.807625939    0.804317779
    3.798349510    0.807651521    0.804156706
    3.826695402    0.807651941    0.803986692
    3.855041294    0.807627678    0.803807104
    3.883387186    0.807586851    0.803617418
    3.911733078    0.807542719    0.803417234
    3.940078970    0.807509574    0.803206257
    3.968424862    0.807498296    0.802984236
    3.996770753    0.807512947    0.802750879
    4.025116645    0.807549472    0.802505760
    4.053462537    0.807596924    0.802248236
    4.081808429    0.807640834    0.801977399
    4.110154321    0.807667692    0.801692060
    4.138500213    0.807669156    0.801390779
    4.166846105    0.807644665    0.801071920
    4.195191997    0.807601646    0.800733738
    4.223537888    0.807553236    0.800374467
    4.251883780    0.807514223    0.799992398
    4.280229672    0.807496442    0.799585948
    4.308575564    0.807505081    0.799153701
    4.336921456    0.807537028    0.798694434
    4.365267348    0.807581790    0.798207112
    4.393613240    0.807624720    0.797690873
    4.421959131    0.807651541    0.797145005
    4.450305023    0.807652780    0.796568907
    4.478650915    0.807626736    0.795962054
    4.506996807    0.807580038    0.795323962
    4.535342699    0.807525620    0.794654158
    4.563688591    0.807478728    0.793952160
    4.592034483    0.807452186    0.793217470
    4.620380375    0.807452385    0.792449584
    4.648726266    0.807477261    0.791648015
    4.677072158    0.807516878    0.790812322
    4.705418050    0.807556464    0.789942153
    4.733763942    0.807580964    0.789037268
    4.762109834    0.807579710    0.788097553
    4.790455726    0.807549741    0.787123008
    4.818801618    0.807496762    0.786113704
    4.847147510    0.807433402    0.785069719
    4.875493401    0.807375325    0.783991051
    4.903839293    0.807336366    0.782877539
    4.932185185    0.807324212    0.781728783
    4.960531077    0.807337963    0.780544098
    4.988876969    0.807368349    0.779322505
    5.017222861    0.807400538    0.778062758
    5.045568753    0.807418692    0.776763420
    5.073914644    0.807410857    0.775422951
    5.102260536    0.807372682    0.774039828
    5.130606428    0.807308791    0.772612647
    5.158952320    0.807231390    0.771140216
    5.187298212    0.807156505    0.769621608
    5.215644104    0.807099009    0.768056176
    5.243989996    0.807067985    0.766443522
    5.272335888    0.807063840    0.764783422
    5.300681779    0.807078100    0.763075730
    5.329027671    0.807095949    0.761320252
    5.357373563    0.807100755    0.759516638
    5.385719455    0.807079181    0.757664291
    5.414065347    0.807025313    0.755762331
    5.442411239    0.806942512    0.753809616
    5.470757131    0.806842403    0.751804847
    5.499103022    0.806741294    0.749746739
    5.527448914    0.806655124    0.747634248
    5.555794806    0.806594479    0.745466834
    5.584140698    0.806561231    0.743244702
    5.612486590    0.806547856    0.740968994
    5.640832482    0.806539639    0.738641867
    5.669178374    0.806519132    0.736266446
    5.697524266    0.806471480    0.733846625
    5.725870157    0.806388989    0.731386733
    5.754216049    0.806273503    0.728891090
    5.782561941    0.806135853    0.726363539
    5.810907833    0.805992517    0.723806989
    5.839253725    0.805860504    0.721223075
    5.867599617    0.805752028    0.718611972
    5.895945509    0.805670620    0.715972411
    5.924291401    0.805609886    0.713301904
    5.952637292    0.805555317    0.710597136
    5.980983184    0.805488619    0.707854488
    6.009329076    0.805393242    0.705070595
    6.037674968    0.805259417    0.702242873
    6.066020860    0.805087139    0.699369929
    6.094366752    0.804886158    0.696451803
    6.122712644    0.804672952    0.693490025
    6.151058535    0.804465600    0.690487470
    6.179404427    0.804278095    0.687448056
    6.207750319    0.804115868    0.684376340
    6.236096211    0.803973894    0.681277057
    6.264442103    0.803837999    0.678154679
    6.292787995    0.803688990    0.675013054
    6.321133887    0.803508364    0.671855148
    6.349479779    0.803283859    0.668682933
    6.377825670    0.803013128    0.665497412
    6.406171562    0.802704401    0.662298769
    6.434517454    0.802373886    0.659086616
    6.462863346    0.802040679    0.655860293
    6.491209238    0.801720722    0.652619181
    6.519555130    0.801421643    0.649362979
    6.547901022    0.801140085    0.646091901
    6.576246913    0.800862355    0.642806790
    6.604592805    0.800568245    0.639509110
    6.632938697    0.800236883    0.636200855
    6.661284589    0.799852850    0.632884377
    6.689630481    0.799410689    0.629562195
    6.717976373    0.798916412    0.626236809
    6.746322265    0.798385500    0.622910569
    6.774668157    0.797837959    0.619585628
    6.803014048    0.797291906    0.616263969
    6.831359940    0.796757616    0.612947512
    6.859705832    0.796233858    0.609638245
    6.888051724    0.795707654    0.606338343
    6.916397616    0.795157601    0.603050233
    6.944743508    0.794559796    0.599776556
    6.973089400    0.793894585    0.596520028
    7.001435292    0.793152131    0.593283208
    7.029781183    0.792335058    0.590068220
    7.058127075    0.791457344    0.586876475
    7.086472967    0.790539709    0.583708463
    7.114818859    0.789602845    0.580563657
    7.143164751    0.788660465    0.577440560
    7.171510643    0.787714289    0.574336885
    7.199856535    0.786752487    0.571249835
    7.228202426    0.785752140    0.568176422
    7.256548318    0.784685049    0.565113765
    7.284894210    0.783525247    0.562059309
    7.313240102    0.782255989    0.559010927
    7.341585994    0.780874130    0.555966899
    7.369931886    0.779390518    0.552925794
    7.398277778    0.777826169    0.549886300
    7.426623670    0.776205232    0.546847055
    7.454969561    0.774546724    0.543806522
    7.483315453    0.772857415    0.540762952
    7.511661345    0.771127977    0.537714418
    7.540007237    0.769333643    0.534658912
    7.568353129    0.767439325    0.531594464
    7.596699021    0.765407903    0.528519240
    7.625044913    0.763209426    0.525431586
    7.653390804    0.760828645    0.522330006
    7.681736696    0.758268660    0.519213095
    7.710082588    0.755549471    0.516079449
    7.738428480    0.752701534    0.512927601
    7.766774372    0.749755758    0.509756023
    7.795120264    0.746732369    0.506563210
    7.823466156    0.743631384    0.503347853
    7.851812048    0.740427131    0.500109046
    7.880157939    0.737068258    0.496846506
    7.908503831    0.733483406    0.493560723
    7.936849723    0.729591371    0.490253005
    7.965195615    0.725313585    0.486925396
    7.993541507    0.720586274    0.483580474
    8.021887399    0.715369830    0.480221070
    8.050233291    0.709653653    0.476849973
    8.078579183    0.703455811    0.473469692
    8.106925074    0.696817986    0.470082320
    8.135270966    0.689797138    0.466689540
    8.163616858    0.682455827    0.463292750
    8.191962750    0.674853186    0.459893271
    8.220308642    0.667038124    0.456492570
    8.248654534    0.659045683    0.453092422
    8.277000426    0.650896645    0.449694954
    8.305346317    0.642599860    0.446302558
    8.333692209    0.634156300    0.442917661
    8.362038101    0.625563726    0.439542429
    8.390383993    0.616820982    0.436178461
    8.418729885    0.607931231    0.432826567
    8.447075777    0.598903797    0.429486687
    8.475421669    0.589754590    0.426158000
    8.503767561    0.580505272    0.422839205
    8.532113452    0.571181380    0.419528938
    8.560459344    0.561809635    0.416226240
    8.588805236    0.552414624    0.412930985
    8.617151128    0.543015057    0.409644188
    8.645497020    0.533619893    0.406368119
    8.673842912    0.524224787    0.403106209
    8.702188804    0.514809437    0.399862741
    8.730534695    0.505336531    0.396642402
    8.758880587    0.495752893    0.393449734
    8.787226479    0.485993244    0.390288600
    8.815572371    0.475986531    0.387161712
    8.843918263    0.465664299    0.384070315
    8.872264155    0.454970028    0.381014033
    8.900610047    0.443867939    0.377990920
    8.928955939    0.432349621    0.374997683
    8.957301830    0.420436942    0.372030063
    8.985647722    0.408180203    0.369083315
    9.013993614    0.395651250    0.366152739
    9.042339506    0.382932198    0.363234201
    9.070685398    0.370101374    0.360324584
    9.099031290    0.357218811    0.357422115
    9.127377182    0.344314087    0.354526531
    9.155723074    0.331379164    0.351639054
    9.184068965    0.318368332    0.348762187
    9.212414857    0.305206231    0.345899350
    9.240760749    0.291803549    0.343054401
    9.269106641    0.278078430    0.340231131
    9.297452533    0.263980291    0.337432789
    9.325798425    0.249511860    0.334661720
    9.354144317    0.234744982    0.331919167
    9.382490208    0.219826391    0.329205253
    9.410836100    0.204970951    0.326519139
    9.439181992    0.190441906    0.323859315
    9.467527884    0.176519963    0.321223951
    9.495873776    0.163465196    0.318611239
    9.524219668    0.151477485    0.316019658
    9.552565560    0.140661934    0.313448116
    9.580911452    0.131005446    0.310895954
    9.609257343    0.122369167    0.308362827
    9.637603235    0.114499160    0.305848498
    9.665949127    0.107054761    0.303352616
    9.694295019    0.099651116    0.300874513
    9.722640911    0.091909930    0.298413085
    9.750986803    0.083510976    0.295966761
    9.779332695    0.074236584    0.293533575
    9.807678586    0.064002376    0.291111312
    9.836024478    0.052869616    0.288697683
    9.864370370    0.041037395    0.286290514
    9.892716262    0.028815985    0.283887887
    9.921062154    0.016585515    0.281488222
    9.949408046    0.004746199    0.279090288
    9.977753938   -0.006332588    0.276693145
   10.006099830   -0.016357189    0.274296025
   10.034445721   -0.025142465    0.271898168
   10.062791613   -0.032628465    0.269498655
   10.091137505   -0.038879386    0.267096234
   10.119483397   -0.044065842    0.264689195
   10.147829289   -0.048433719    0.262275299
   10.176175181   -0.052264687    0.259851800
   10.204521073   -0.055834385    0.257415575
   10.232866965   -0.059374367    0.254963353
   10.261212856   -0.063043176    0.252492050
   10.289558748   -0.066910318    0.249999144
   10.317904640   -0.070954872    0.247483055
   10.346250532   -0.075078104    0.244943432
   10.374596424   -0.079127230    0.242381291
   10.402942316   -0.082925659    0.239798940
   10.431288208   -0.086304035    0.237199668
   10.459634099   -0.089126421    0.234587229
   10.487979991   -0.091306953    0.231965192
   10.516325883   -0.092814327    0.229336271
   10.544671775   -0.093663992    0.226701762
   10.573017667   -0.093900554    0.224061204
   10.601363559   -0.093575078    0.221412348
   10.629709451   -0.092723117    0.218751455
   10.658055343   -0.091349202    0.216073855
   10.686401234   -0.089422063    0.213374672
   10.714747126   -0.086882329    0.210649554
   10.743093018   -0.083661400    0.207895247
   10.771438910   -0.079707330    0.205109901
   10.799784802   -0.075011593    0.202293044
   10.828130694   -0.069630015    0.199445249
   10.856476586   -0.063692255    0.196567598
   10.884822477   -0.057396653    0.193661081
   10.913168369   -0.050990639    0.190726121
   10.941514261   -0.044740282    0.187762340
   10.969860153   -0.038895213    0.184768652
   10.998206045   -0.033656328    0.181743676
   11.026551937   -0.029153085    0.178686360
   11.054897829   -0.025434994    0.175596673
   11.083243721   -0.022478529    0.172476166
   11.111589612   -0.020207121    0.169328270
   11.139935504   -0.018518922    0.166158207
   11.168281396   -0.017315457    0.162972539
   11.196627288   -0.016524527    0.159778422
   11.224973180   -0.016112567    0.156582719
   11.253319072   -0.016084744    0.153391180
   11.281664964   -0.016474370    0.150207843
   11.310010856   -0.017325950    0.147034784
   11.338356747   -0.018677550    0.143872249
   11.366702639   -0.020547870    0.140719113
   11.395048531   -0.022931520    0.137573538
   11.423394423   -0.025803191    0.134433669
   11.451740315   -0.029128444    0.131298211
   11.480086207   -0.032876645    0.128166766
   11.508432099   -0.037030854    0.125039886
   11.536777990   -0.041590363    0.121918872
   11.565123882   -0.046563965    0.118805415
   11.593469774   -0.051955050    0.115701192
   11.621815666   -0.057742565    0.112607539
   11.650161558   -0.063863630    0.109525282
   11.678507450   -0.070203745    0.106454758
   11.706853342   -0.076598841    0.103395979
   11.735199234   -0.082850335    0.100348872
   11.763545125   -0.088750749    0.097313499
   11.791891017   -0.094114237    0.094290177
   11.820236909   -0.098804640    0.091279447
   11.848582801   -0.102753864    0.088281924
   11.876928693   -0.105965589    0.085298048
   11.905274585   -0.108503022    0.082327857
   11.933620477   -0.110463580    0.079370840
   11.961966368   -0.111946967    0.076425949
   11.990312260   -0.113025050    0.073491786
   12.018658152   -0.113721677    0.070566918
   12.047004044   -0.114008096    0.067650278
   12.075349936   -0.113815570    0.064741522
   12.103695828   -0.113062156    0.061841286
   12.132041720   -0.111686631    0.058951273
   12.160387612   -0.109680339    0.056074157
   12.188733503   -0.107107819    0.053213350
   12.217079395   -0.104109572    0.050372693
   12.245425287   -0.100884598    0.047556153
   12.273771179   -0.097655301    0.044767612
   12.302117071   -0.094621880    0.042010755
   12.330462963   -0.091916161    0.039289079
   12.358808855   -0.089565408    0.036605971
   12.387154747   -0.087474761    0.033964782
   12.415500638   -0.085433112    0.031368848
   12.443846530   -0.083142313    0.028821403
   12.472192422   -0.080264806    0.026325393
   12.500538314   -0.076481046    0.023883219
   12.528884206   -0.071546294    0.021496489
   12.557230098   -0.065336660    0.019165836
   12.585575990   -0.057876555    0.016890896
   12.613921881   -0.049343269    0.014670438
   12.642267773   -0.040048484    0.012502661
   12.670613665   -0.030400260    0.010385569
   12.698959557   -0.020851835    0.008317356
   12.727305449   -0.011845050    0.006296700
   12.755651341   -0.003756345    0.004322901
   12.783997233    0.003147695    0.002395849
   12.812343125    0.008740063    0.000515831
   12.840689016    0.013045273   -0.001316723
   12.869034908    0.016232715   -0.003101498
   12.897380800    0.018592778   -0.004838442
   12.925726692    0.020498912   -0.006527759
   12.954072584    0.022360424   -0.008169754
   12.982418476    0.024571830   -0.009764561
   13.010764368    0.027465216   -0.011311859
   13.039110259    0.031271806   -0.012810675
   13.067456151    0.036097986   -0.014259354
   13.095802043    0.041919099   -0.015655748
   13.124147935    0.048591803   -0.016997593
   13.152493827    0.055882850   -0.018283004
   13.180839719    0.063509448   -0.019510970
   13.209185611    0.071184295   -0.020681698
   13.237531503    0.078657602   -0.021796723
   13.265877394    0.085748999   -0.022858724
   13.294223286    0.092364242   -0.023871055
   13.322569178    0.098494651   -0.024837108
   13.350915070    0.104200625   -0.025759614
   13.379260962    0.109583644   -0.026640068
   13.407606854    0.114753227   -0.027478381
   13.435952746    0.119795951   -0.028272853
   13.464298638    0.124752730   -0.029020452
   13.492644529    0.129608381   -0.029717320
   13.520990421    0.134294651   -0.030359401
   13.549336313    0.138704963   -0.030943012
   13.577682205    0.142716834   -0.031465258
   13.606028097    0.146216702   -0.031924201
   13.634373989    0.149121853   -0.032318796
   13.662719881    0.151395217   -0.032648639
   13.691065772    0.153050529   -0.032913666
   13.719411664    0.154147423   -0.033113908
   13.747757556    0.154777785   -0.033249421
   13.776103448    0.155046117   -0.033320430
   13.804449340    0.155047366   -0.033327667
   13.832795232    0.154845882   -0.033272806
   13.861141124    0.154458948   -0.033158859
   13.889487016    0.153847750   -0.032990397
   13.917832907    0.152917875   -0.032773471
   13.946178799    0.151530381   -0.032515201
   13.974524691    0.149523117   -0.032223060
   14.002870583    0.146740335   -0.031903981
   14.031216475    0.143066815   -0.031563446
   14.059562367    0.138461073   -0.031204767
   14.087908259    0.132981142   -0.030828692
   14.116254150    0.126796413   -0.030433454
   14.144600042    0.120180480   -0.030015252
   14.172945934    0.113482860   -0.029569081
   14.201291826    0.107081570   -0.029089755
   14.229637718    0.101323023   -0.028572906
   14.257983610    0.096459578   -0.028015806
   14.286329502    0.092597152   -0.027417828
   14.314675394    0.089664883   -0.026780525
   14.343021285    0.087415430   -0.026107324
   14.371367177    0.085458757   -0.025402959
   14.399713069    0.083325057   -0.024672786
   14.428058961    0.080545660   -0.023922149
   14.456404853    0.076735858   -0.023155927
   14.484750745    0.071662158   -0.022378350
   14.513096637    0.065279072   -0.021593064
   14.541442529    0.057726860   -0.020803403
   14.569788420    0.049290445   -0.020012731
   14.598134312    0.040328819   -0.019224743
   14.626480204    0.031191532   -0.018443600
   14.654826096    0.022142327   -0.017673841
   14.683171988    0.013308568   -0.016920078
   14.711517880    0.004669038   -0.016186543
   14.739863772   -0.003916753   -0.015476589
   14.768209663   -0.012645091   -0.014792286
   14.796555555   -0.021686606   -0.014134221
   14.824901447   -0.031108047   -0.013501564
   14.853247339   -0.040818143   -0.012892406
   14.881593231   -0.050552786   -0.012304309
   14.909939123   -0.059905134   -0.011734942
   14.938285015   -0.068394991   -0.011182655
   14.966630907   -0.075561849   -0.010646875
   14.994976798   -0.081059788   -0.010128209
   15.023322690   -0.084731685   -0.009628230
   15.051668582   -0.086645034   -0.009148985
   15.080014474   -0.087080939   -0.008692331
   15.108360366   -0.086479122   -0.008259239
   15.136706258   -0.085352201   -0.007849235
   15.165052150   -0.084189429   -0.007460083
   15.193398041   -0.083371880   -0.007087814
   15.221743933   -0.083117351   -0.006727079
   15.250089825   -0.083465192   -0.006371781
   15.278435717   -0.084301081   -0.006015842
   15.306781609   -0.085412112   -0.005653971
   15.335127501   -0.086555992   -0.005282273
   15.363473393   -0.087526127   -0.004898596
   15.391819285   -0.088197248   -0.004502561
   15.420165176   -0.088542880   -0.004095300
   15.448511068   -0.088624414   -0.003678980
   15.476856960   -0.088559260   -0.003256227
   15.505202852   -0.088480571   -0.002829607
   15.533548744   -0.088501980   -0.002401257
   15.561894636   -0.088697725   -0.001972753
   15.590240528   -0.089102581   -0.001545221
   15.618586420   -0.089729116   -0.001119644
   15.646932311   -0.090594030   -0.000697267
   15.675278203   -0.091742530   -0.000279984
   15.703624095   -0.093260465    0.000129403
   15.731969987   -0.095268151    0.000527144
   15.760315879   -0.097895883    0.000908730
   15.788661771   -0.101247324    0.001269312
   15.817007663   -0.105361252    0.001604249
   15.845353554   -0.110183230    0.001909687
   15.873699446   -0.115556343    0.002183056
   15.902045338   -0.121234860    0.002423393
   15.930391230   -0.126918212    0.002631422
   15.958737122   -0.132296881    0.002809400
   15.987083014   -0.137098471    0.002960751
   16.015428906   -0.141122322    0.003089580
   16.043774798   -0.144254542    0.003200151
   16.072120689   -0.146461143    0.003296412
   16.100466581   -0.147763398    0.003381640
   16.128812473   -0.148204586    0.003458230
   16.157158365   -0.147819533    0.003527629
   16.185504257   -0.146617016    0.003590367
   16.213850149   -0.144580752    0.003646159
   16.242196041   -0.141688529    0.003694005
   16.270541932   -0.137943017    0.003732276
   16.298887824   -0.133403769    0.003758765
   16.327233716   -0.128209102    0.003770718
   16.355579608   -0.122579217    0.003764882
   16.383925500   -0.116797356    0.003737600
   16.412271392   -0.111172285    0.003684978
   16.440617284   -0.105991085    0.003603136
   16.468963176   -0.101474349    0.003488517
   16.497309067   -0.097745410    0.003338213
   16.525654959   -0.094821416    0.003150246
   16.554000851   -0.092627852    0.002923746
   16.582346743   -0.091031493    0.002658969
   16.610692635   -0.089881672    0.002357146
   16.639038527   -0.089047698    0.002020166
   16.667384419   -0.088441931    0.001650137
   16.695730311   -0.088022924    0.001248913
   16.724076202   -0.087779589    0.000817651
   16.752422094   -0.087703674    0.000356489
   16.780767986   -0.087761770   -0.000135599
   16.809113878   -0.087878446   -0.000660738
   16.837459770   -0.087938614   -0.001221900
   16.865805662   -0.087810837   -0.001822492
   16.894151554   -0.087385944   -0.002465861
   16.922497445   -0.086619179   -0.003154788
   16.950843337   -0.085561391   -0.003891053
   16.979189229   -0.084366311   -0.004675117
   17.007535121   -0.083266883   -0.005505962
   17.035881013   -0.082522169   -0.006381099
   17.064226905   -0.082345481   -0.007296709
   17.092572797   -0.082831163   -0.008247910
   17.120918689   -0.083900009   -0.009229071
   17.149264580   -0.085280341   -0.010234161
   17.177610472   -0.086533981   -0.011257076
   17.205956364   -0.087125379   -0.012291924
   17.234302256   -0.086520885   -0.013333246
   17.262648148   -0.084296631   -0.014376181
   17.290994040   -0.080229972   -0.015416551
   17.319339932   -0.074352260   -0.016450897
   17.347685823   -0.066949215   -0.017476460
   17.376031715   -0.058507434   -0.018491125
   17.404377607   -0.049618523   -0.019493343
   17.432723499   -0.040862671   -0.020482043
   17.461069391   -0.032698601   -0.021456565
   17.489415283   -0.025385248   -0.022416605
   17.517761175   -0.018952745   -0.023362204
   17.546107067   -0.013228156   -0.024293759
   17.574452958   -0.007907953   -0.025212045
   17.602798850   -0.002657966   -0.026118228
   17.631144742    0.002784908   -0.027013821
   17.659490634    0.008534869   -0.027900575
   17.687836526    0.014522428   -0.028780269
   17.716182418    0.020510767   -0.029654424
   17.744528310    0.026158398   -0.030523964
   17.772874202    0.031111775   -0.031388888
   17.801220093    0.035104309   -0.032248033
   17.829565985    0.038036928   -0.033099003
   17.857911877    0.040020199   -0.033938313
   17.886257769    0.041367670   -0.034761779
   17.914603661    0.042541955   -0.035565105
   17.942949553    0.044066339   -0.036344588
   17.971295445    0.046422452   -0.037097803
   17.999641336    0.049957233   -0.037824122
   18.027987228    0.054819478   -0.038524926
   18.056333120    0.060938658   -0.039203432
   18.084679012    0.068048543   -0.039864102
   18.113024904    0.075747902   -0.040511722
   18.141370796    0.083582706   -0.041150293
   18.169716688    0.091130499   -0.041781961
   18.198062580    0.098068594   -0.042406180
   18.226408471    0.104212926   -0.043019328
   18.254754363    0.109522254   -0.043614860
   18.283100255    0.114070908   -0.044184012
   18.311446147    0.118000270   -0.044716931
   18.339792039    0.121463252   -0.045204016
   18.368137931    0.124576246   -0.045637212
   18.396483823    0.127389759   -0.046010976
   18.424829714    0.129883175   -0.046322738
   18.453175606    0.131982393   -0.046572744
   18.481521498    0.133593226   -0.046763359
   18.509867390    0.134639708   -0.046897979
   18.538213282    0.135095760   -0.046979838
   18.566559174    0.135000913   -0.047010985
   18.594905066    0.134455362   -0.046991697
   18.623250958    0.133595330   -0.046920477
   18.651596849    0.132555060   -0.046794632
   18.679942741    0.131425496   -0.046611314
   18.708288633    0.130220972   -0.046368763
   18.736634525    0.128863628   -0.046067434
   18.764980417    0.127191317   -0.045710728
   18.793326309    0.124989200   -0.045305123
   18.821672201    0.122039457   -0.044859612
   18.850018093    0.118178798   -0.044384575
   18.878363984    0.113350856   -0.043890283
   18.906709876    0.107640858   -0.043385368
   18.935055768    0.101283048   -0.042875569
   18.963401660    0.094636827   -0.042363041
   18.991747552    0.088134181   -0.041846345
   19.020093444    0.082207441   -0.041321120
   19.048439336    0.077211201   -0.040781272
   19.076785227    0.073354274   -0.040220398
   19.105131119    0.070656232   -0.039633150
   19.133477011    0.068938560   -0.039016252
   19.161822903    0.067853491   -0.038368983
   19.190168795    0.066945740   -0.037693079
   19.218514687    0.065735160   -0.036992145
   19.246860579    0.063803581   -0.036270755
   19.275206471    0.060867815   -0.035533504
   19.303552362    0.056823474   -0.034784227
   19.331898254    0.051750440   -0.034025554
   19.360244146    0.045879168   -0.033258854
   19.388590038    0.039525743   -0.032484526
   19.416935930    0.033010716   -0.031702470
   19.445281822    0.026580542   -0.030912581
   19.473627714    0.020349975   -0.030115091
   19.501973605    0.014279033   -0.029310651
   19.530319497    0.008190180   -0.028500152
   19.558665389    0.001821978   -0.027684348
   19.587011281   -0.005093204   -0.026863451
   19.615357173   -0.012745677   -0.026036827
   19.643703065   -0.021179001   -0.025202960
   19.672048957   -0.030251505   -0.024359716
   19.700394849   -0.039638654   -0.023504900
   19.728740740   -0.048876817   -0.022636959
   19.757086632   -0.057439570   -0.021755671
   19.785432524   -0.064830204   -0.020862629
   19.813778416   -0.070670599   -0.019961371
   19.842124308   -0.074767560   -0.019057104
   19.870470200   -0.077143035   -0.018156061
   19.898816092   -0.078022861   -0.017264628
   19.927161984   -0.077787891   -0.016388437
   19.955507875   -0.076899309   -0.015531639
   19.983853767   -0.075814919   -0.014696526
   20.012199659   -0.074914077   -0.013883572
   20.040545551   -0.074445804   -0.013091891
   20.068891443   -0.074508435   -0.012319972
   20.097237335   -0.075061557   -0.011566525
   20.125583227   -0.075963858   -0.010831204
   20.153929118   -0.077025604   -0.010115056
   20.182275010   -0.078062569   -0.009420577
   20.210620902   -0.078939751   -0.008751380
   20.238966794   -0.079597221   -0.008111557
   20.267312686   -0.080055754   -0.007504902
   20.295658578   -0.080405047   -0.006934183
   20.324004470   -0.080780914   -0.006400627
   20.352350362   -0.081339223   -0.005903742
   20.380696253   -0.082233394   -0.005441495
   20.409042145   -0.083599582   -0.005010805
   20.437388037   -0.085550279   -0.004608230
   20.465733929   -0.088174092   -0.004230676
   20.494079821   -0.091537740   -0.003876008
   20.522425713   -0.095686301   -0.003543415
   20.550771605   -0.100639250   -0.003233483
   20.579117496   -0.106382222   -0.002947983
   20.607463388   -0.112856811   -0.002689425
   20.635809280   -0.119952274   -0.002460476
   20.664155172   -0.127503113   -0.002263349
   20.692501064   -0.135295251   -0.002099265
   20.720846956   -0.143081117   -0.001968053
   20.749192848   -0.150601354   -0.001867948
   20.777538740   -0.157608792   -0.001795580
   20.805884631   -0.163889469   -0.001746172
   20.834230523   -0.169276238   -0.001713902
   20.862576415   -0.173652468   -0.001692410
   20.890922307   -0.176946211   -0.001675402
   20.919268199   -0.179117786   -0.001657304
   20.947614091   -0.180145592   -0.001633884
   20.975959983   -0.180015166   -0.001602788
   21.004305875   -0.178715364   -0.001563896
   21.032651766   -0.176243038   -0.001519431
   21.060997658   -0.172614817   -0.001473779
   21.089343550   -0.167882111   -0.001433014
   21.117689442   -0.162144255   -0.001404185
   21.146035334   -0.155554986   -0.001394455
   21.174381226   -0.148319197   -0.001410232
   21.202727118   -0.140679637   -0.001456459
   21.231073009   -0.132896010   -0.001536170
   21.259418901   -0.125221019   -0.001650425
   21.287764793   -0.117878626   -0.001798616
   21.316110685   -0.111048952   -0.001979101
   21.344456577   -0.104862155   -0.002190015
   21.372802469   -0.099400851   -0.002430081
   21.401148361   -0.094708251   -0.002699262
   21.429494253   -0.090797717   -0.002999079
   21.457840144   -0.087659607   -0.003332548
   21.486186036   -0.085262840   -0.003703735
   21.514531928   -0.083551211   -0.004117032
   21.542877820   -0.082437160   -0.004576326
   21.571223712   -0.081797579   -0.005084240
   21.599569604   -0.081476501   -0.005641622
   21.627915496   -0.081298014   -0.006247395
   21.656261387   -0.081089639   -0.006898791
   21.684607279   -0.080712648   -0.007591916
   21.712953171   -0.080092446   -0.008322495
   21.741299063   -0.079240371   -0.009086634
   21.769644955   -0.078258850   -0.009881411
   21.797990847   -0.077324865   -0.010705175
   21.826336739   -0.076651754   -0.011557476
   21.854682631   -0.076435114   -0.012438669
   21.883028522   -0.076793641   -0.013349276
   21.911374414   -0.077718591   -0.014289279
   21.939720306   -0.079045211   -0.015257493
   21.968066198   -0.080455742   -0.016251169
   21.996412090   -0.081517038   -0.017265917
   22.024757982   -0.081747962   -0.018295948
   22.053103874   -0.080704337   -0.019334578
   22.081449766   -0.078064162   -0.020374882
   22.109795657   -0.073694583   -0.021410353
   22.138141549   -0.067685050   -0.022435432
   22.166487441   -0.060337934   -0.023445835
   22.194833333   -0.052116978   -0.024438626
   22.223179225   -0.043563393   -0.025412076
   22.251525117   -0.035196911   -0.026365387
   22.279871009   -0.027422822   -0.027298373
   22.308216900   -0.020465066   -0.028211192
   22.336562792   -0.014339839   -0.029104205
   22.364908684   -0.008875181   -0.029977966
   22.393254576   -0.003771648   -0.030833318
   22.421600468    0.001310160   -0.031671518
   22.449946360    0.006655609   -0.032494316
   22.478292252    0.012417437   -0.033303894
   22.506638144    0.018570897   -0.034102650
   22.534984035    0.024913204   -0.034892813
   22.563329927    0.031107589   -0.035675980
   22.591675819    0.036761965   -0.036452664
   22.620021711    0.041524150   -0.037221980
   22.648367603    0.045171656   -0.037981582
   22.676713495    0.047675238   -0.038727897
   22.705059387    0.049221229   -0.039456667
   22.733405278    0.050187017   -0.040163702
   22.761751170    0.051074537   -0.040845705
   22.790097062    0.052416045   -0.041501005
   22.818442954    0.054672500   -0.042130003
   22.846788846    0.058146339   -0.042735216
   22.875134738    0.062926945   -0.043320872
   22.903480630    0.068879605   -0.043892086
   22.931826522    0.075678964   -0.044453768
   22.960172413    0.082878227   -0.045009472
   22.988518305    0.089997859   -0.045560412
   23.016864197    0.096613907   -0.046104865
   23.045210089    0.102427134   -0.046638109
   23.073555981    0.107299408   -0.047152917
   23.101901873    0.111252026   -0.047640535
   23.130247765    0.114429656   -0.048091960
   23.158593657    0.117041380   -0.048499248
   23.186939548    0.119294949   -0.048856596
   23.215285440    0.121340890   -0.049160966
   23.243631332    0.123239527   -0.049412136
   23.271977224    0.124957285   -0.049612156
   23.300323116    0.126390682   -0.049764372
   23.328669008    0.127409116   -0.049872214
   23.357014900    0.127902923   -0.049938065
   23.385360791    0.127822206   -0.049962460
   23.413706683    0.127194972   -0.049943813
   23.442052575    0.126119177   -0.049878754
   23.470398467    0.124730894   -0.049762996
   23.498744359    0.123157811   -0.049592543
   23.527090251    0.121471865   -0.049364960
   23.555436143    0.119655650   -0.049080405
   23.583782035    0.117594069   -0.048742174
   23.612127926    0.115096195   -0.048356617
   23.640473818    0.111944124   -0.047932424
   23.668819710    0.107957890   -0.047479411
   23.697165602    0.103060246   -0.047007074
   23.725511494    0.097323866   -0.046523186
   23.753857386    0.090986754   -0.046032754
   23.782203278    0.084428714   -0.045537512
   23.810549169    0.078111052   -0.045036060
   23.838895061    0.072490927   -0.044524571
   23.867240953    0.067928671   -0.043997904
   23.895586845    0.064609113   -0.043450858
   23.923932737    0.062495657   -0.042879306
   23.952278629    0.061329002   -0.042280975
   23.980624521    0.060672396   -0.041655758
   24.008970413    0.059994643   -0.041005530
   24.037316304    0.058773197   -0.040333577
   24.065662196    0.056594766   -0.039643812
   24.094008088    0.053231174   -0.038939978
   24.122353980    0.048673783   -0.038225030
   24.150699872    0.043119238   -0.037500799
   24.179045764    0.036910525   -0.036767976
   24.207391656    0.030447613   -0.036026344
   24.235737548    0.024088887   -0.035275153
   24.264083439    0.018066510   -0.034513493
   24.292429331    0.012435375   -0.033740539
   24.320775223    0.007067235   -0.032955620
   24.349121115    0.001690919   -0.032158115
   24.377467007   -0.004031257   -0.031347246
   24.405812899   -0.010409119   -0.030521882
   24.434158791   -0.017634542   -0.029680470
   24.462504682   -0.025716620   -0.028821163
   24.490850574   -0.034457107   -0.027942163
   24.519196466   -0.043471714   -0.027042219
   24.547542358   -0.052252481   -0.026121171
   24.575888250   -0.060257371   -0.025180388
   24.604234142   -0.067007567   -0.024222970
   24.632580034   -0.072171865   -0.023253640
   24.660925926   -0.075621066   -0.022278305
   24.689271817   -0.077442429   -0.021303379
   24.717617709   -0.077913186   -0.020334993
   24.745963601   -0.077440817   -0.019378284
   24.774309493   -0.076484241   -0.018436913
   24.802655385   -0.075473014   -0.017512930
   24.831001277   -0.074740676   -0.016607026
   24.859347169   -0.074484023   -0.015719094
   24.887693060   -0.074753595   -0.014848982
   24.916038952   -0.075473649   -0.013997241
   24.944384844   -0.076484061   -0.013165698
   24.972730736   -0.077592930   -0.012357700
   25.001076628   -0.078627982   -0.011577969
   25.029422520   -0.079476733   -0.010832102
   25.057768412   -0.080109185   -0.010125811
   25.086114304   -0.080581395   -0.009464070
   25.114460195   -0.081022447   -0.008850371
   25.142806087   -0.081610249   -0.008286224
   25.171151979   -0.082542760   -0.007771020
   25.199497871   -0.084010707   -0.007302271
   25.227843763   -0.086176082   -0.006876167
   25.256189655   -0.089158356   -0.006488331
   25.284535547   -0.093028165   -0.006134600
   25.312881439   -0.097806733   -0.005811691
   25.341227330   -0.103468702   -0.005517619
   25.369573222   -0.109946336   -0.005251806
   25.397919114   -0.117133913   -0.005014871
   25.426265006   -0.124892068   -0.004808173
   25.454610898   -0.133052550   -0.004633205
   25.482956790   -0.141424117   -0.004490961
   25.511302682   -0.149799995   -0.004381384
   25.539648573   -0.157966761   -0.004302998
   25.567994465   -0.165713879   -0.004252774
   25.596340357   -0.172842682   -0.004226229
   25.624686249   -0.179173649   -0.004217756
   25.653032141   -0.184551195   -0.004221117
   25.681378033   -0.188845942   -0.004230042
   25.709723925   -0.191955119   -0.004238858
   25.738069817   -0.193802245   -0.004243074
   25.766415708   -0.194337322   -0.004239867
   25.794761600   -0.193538319   -0.004228398
   25.823107492   -0.191414063   -0.004209926
   25.851453384   -0.188007800   -0.004187707
   25.879799276   -0.183400088   -0.004166659
   25.908145168   -0.177709539   -0.004152842
   25.936491060   -0.171090258   -0.004152805
   25.964836951   -0.163725618   -0.004172885
   25.993182843   -0.155819000   -0.004218560
   26.021528735   -0.147582963   -0.004293963
   26.049874627   -0.139228732   -0.004401628
   26.078220519   -0.130957708   -0.004542531
   26.106566411   -0.122955953   -0.004716411
   26.134912303   -0.115391502   -0.004922317
   26.163258195   -0.108413250   -0.005159279
   26.191604086   -0.102149538   -0.005426967
   26.219949978   -0.096704539   -0.005726191
   26.248295870   -0.092151438   -0.006059148
   26.276641762   -0.088522838   -0.006429326
   26.304987654   -0.085800477   -0.006841094
   26.333333546   -0.083907716   -0.007299039
   26.361679438   -0.082708696   -0.007807181
   26.390025330   -0.082017370   -0.008368223
   26.418371221   -0.081617679   -0.008983006
   26.446717113   -0.081293341   -0.009650260
   26.475063005   -0.080862730   -0.010366731
   26.503408897   -0.080211920   -0.011127646
   26.531754789   -0.079317979   -0.011927416
   26.560100681   -0.078255491   -0.012760438
   26.588446573   -0.077182107   -0.013621820
   26.616792464   -0.076303306   -0.014507884
   26.645138356   -0.075821446   -0.015416335
   26.673484248   -0.075878611   -0.016346095
   26.701830140   -0.076505373   -0.017296823
   26.730176032   -0.077587732   -0.018268261
   26.758521924   -0.078861675   -0.019259556
   26.786867816   -0.079939589   -0.020268705
   26.815213708   -0.080365993   -0.021292263
   26.843559599   -0.079693334   -0.022325365
   26.871905491   -0.077563412   -0.023362056
   26.900251383   -0.073777680   -0.024395856
   26.928597275   -0.068341020   -0.025420424
   26.956943167   -0.061468431   -0.026430194
   26.985289059   -0.053551578   -0.027420849
   27.013634951   -0.045090721   -0.028389556
   27.041980842   -0.036605250   -0.029334947
   27.070326734   -0.028541154   -0.030256892
   27.098672626   -0.021194867   -0.031156135
   27.127018518   -0.014669839   -0.032033922
   27.155364410   -0.008875205   -0.032891693
   27.183710302   -0.003566737   -0.033730902
   27.212056194    0.001579163   -0.034552982
   27.240402086    0.006875261   -0.035359397
   27.268747977    0.012537741   -0.036151715
   27.297093869    0.018624753   -0.036931629
   27.325439761    0.025013781   -0.037700852
   27.353785653    0.031423527   -0.038460876
   27.382131545    0.037475836   -0.039212642
   27.410477437    0.042783838   -0.039956188
   27.438823329    0.047046270   -0.040690409
   27.467169221    0.050126206   -0.041413012
   27.495515112    0.052095766   -0.042120746
   27.523861004    0.053235897   -0.042809898
   27.552206896    0.053990482   -0.043476992
   27.580552788    0.054884310   -0.044119533
   27.608898680    0.056422658   -0.044736638
   27.637244572    0.058994263   -0.045329375
   27.665590464    0.062798595   -0.045900682
   27.693936355    0.067812666   -0.046454852
   27.722282247    0.073803514   -0.046996627
   27.750628139    0.080382206   -0.047530087
   27.778974031    0.087086061   -0.048057546
   27.807319923    0.093469943   -0.048578715
   27.835665815    0.099186239   -0.049090317
   27.864011707    0.104036706   -0.049586282
   27.892357599    0.107986725   -0.050058495
   27.920703490    0.111141802   -0.050497969
   27.949049382    0.113695125   -0.050896206
   27.977395274    0.115861348   -0.051246457
   28.005741166    0.117814175   -0.051544611
   28.034087058    0.119643160   -0.051789533
   28.062432950    0.121339229   -0.051982772
   28.090778842    0.122810323   -0.052127719
   28.119124733    0.123920391   -0.052228419
   28.147470625    0.124538963   -0.052288312
   28.175816517    0.124586088   -0.052309205
   28.204162409    0.124059248   -0.052290719
   28.232508301    0.123034324   -0.052230342
   28.260854193    0.121640331   -0.052124080
   28.289200085    0.120015362   -0.051967555
   28.317545977    0.118256902   -0.051757299
   28.345891868    0.116381747   -0.051491927
   28.374237760    0.114308669   -0.051172930
   28.402583652    0.111871072   -0.050804883
   28.430929544    0.108858763   -0.050395012
   28.459275436    0.105079689   -0.049952216
   28.487621328    0.100426310   -0.049485731
   28.515967220    0.094928888   -0.049003747
   28.544313112    0.088780109   -0.048512240
   28.572659003    0.082321845   -0.048014269
   28.601004895    0.075993830   -0.047509857
   28.629350787    0.070253630   -0.046996451
   28.657696679    0.065484834   -0.046469832
   28.686042571    0.061914221   -0.045925250
   28.714388463    0.059557447   -0.045358545
   28.742734355    0.058206899   -0.044767005
   28.771080246    0.057465975   -0.044149828
   28.799426138    0.056823429   -0.043508122
   28.827772030    0.055752109   -0.042844508
   28.856117922    0.053810588   -0.042162457
   28.884463814    0.050725370   -0.041465547
   28.912809706    0.046435679   -0.040756811
   28.941155598    0.041091372   -0.040038317
   28.969501490    0.035005247   -0.039311015
   28.997847381    0.028571395   -0.038574849
   29.026193273    0.022168878   -0.037829030
   29.054539165    0.016073123   -0.037072379
   29.082885057    0.010395343   -0.036303604
   29.111230949    0.005063530   -0.035521452
   29.139576841   -0.000151190   -0.034724723
   29.167922733   -0.005569544   -0.033912175
   29.196268624   -0.011515931   -0.033082408
   29.224614516   -0.018227644   -0.032233820
   29.252960408   -0.025782362   -0.031364692
   29.281306300   -0.034060357   -0.030473446
   29.309652192   -0.042749834   -0.029559036
   29.337998084   -0.051394103   -0.028621385
   29.366343976   -0.059470156   -0.027661765
   29.394689868   -0.066481652   -0.026682994
   29.423035759   -0.072046713   -0.025689388
   29.451381651   -0.075962713   -0.024686428
   29.479727543   -0.078235748   -0.023680205
   29.508073435   -0.079070436   -0.022676743
   29.536419327   -0.078824071   -0.021681342
   29.564765219   -0.077936278   -0.020698101
   29.593111111   -0.076849563   -0.019729716
   29.621457003   -0.075936921   -0.018777613
   29.649802894   -0.075449960   -0.017842382
   29.678148786   -0.075495740   -0.016924416
   29.706494678   -0.076043970   -0.016024604
   29.734840570   -0.076959975   -0.015144899
   29.763186462   -0.078054126   -0.014288647
   29.791532354   -0.079136135   -0.013460560
   29.819878246   -0.080063008   -0.012666351
   29.848224137   -0.080772024   -0.011912083
   29.876570029   -0.081294210   -0.011203381
   29.904915921   -0.081748223   -0.010544655
   29.933261813   -0.082318412   -0.009938511
   29.961607705   -0.083223330   -0.009385458
   29.989953597   -0.084681835   -0.008883968
   30.018299489   -0.086883111   -0.008430881
   30.046645381   -0.089965053   -0.008022038
   30.074991272   -0.094002946   -0.007653043
   30.103337164   -0.099008009   -0.007319968
   30.131683056   -0.104933564   -0.007019892
   30.160028948   -0.111685721   -0.006751160
   30.188374840   -0.119135415   -0.006513348
   30.216720732   -0.127129354   -0.006306936
   30.245066624   -0.135498497   -0.006132800
   30.273412515   -0.144063771   -0.005991603
   30.301758407   -0.152639605   -0.005883228
   30.330104299   -0.161036314   -0.005806344
   30.358450191   -0.169062416   -0.005758187
   30.386796083   -0.176527728   -0.005734578
   30.415141975   -0.183247643   -0.005730179
   30.443487867   -0.189048592   -0.005738946
   30.471833759   -0.193774322   -0.005754691
   30.500179650   -0.197292484   -0.005771705
   30.528525542   -0.199500891   -0.005785339
   30.556871434   -0.200332885   -0.005792488
   30.585217326   -0.199761275   -0.005791916
   30.613563218   -0.197800396   -0.005784392
   30.641909110   -0.194505987   -0.005772617
   30.670255002   -0.189972708   -0.005760946
   30.698600894   -0.184329407   -0.005754935
   30.726946785   -0.177732549   -0.005760768
   30.755292677   -0.170358523   -0.005784627
   30.783638569   -0.162395794   -0.005832083
   30.811984461   -0.154037908   -0.005907617
   30.840330353   -0.145478140   -0.006014315
   30.868676245   -0.136906105   -0.006153819
   30.897022137   -0.128505982   -0.006326520
   30.925368028   -0.120455337   -0.006531985
   30.953713920   -0.112923096   -0.006769524
   30.982059812   -0.106065158   -0.007038805
   31.010405704   -0.100016648   -0.007340371
   31.038751596   -0.094880835   -0.007675972
   31.067097488   -0.090716043   -0.008048606
   31.095443380   -0.087523216   -0.008462257
   31.123789272   -0.085237647   -0.008921363
   31.152135163   -0.083728503   -0.009430100
   31.180481055   -0.082808794   -0.009991639
   31.208826947   -0.082256549   -0.010607509
   31.237172839   -0.081845380   -0.011277205
   31.265518731   -0.081379886   -0.011998136
   31.293864623   -0.080729272   -0.012765914
   31.322210515   -0.079851661   -0.013574947
   31.350556406   -0.078802387   -0.014419198
   31.378902298   -0.077722126   -0.015292964
   31.407248190   -0.076804678   -0.016191510
   31.435594082   -0.076248820   -0.017111430
   31.463939974   -0.076202860   -0.018050668
   31.492285866   -0.076713254   -0.019008208
   31.520631758   -0.077689144   -0.019983517
   31.548977650   -0.078892443   -0.020975875
   31.577323541   -0.079958456   -0.021983756
   31.605669433   -0.080445789   -0.023004401
   31.634015325   -0.079907712   -0.024033680
   31.662361217   -0.077971808   -0.025066276
   31.690707109   -0.074411847   -0.026096138
   31.719053001   -0.069196402   -0.027117102
   31.747398893   -0.062502709   -0.028123550
   31.775744785   -0.054691173   -0.029110948
   31.804090676   -0.046244141   -0.030076188
   31.832436568   -0.037680514   -0.031017668
   31.860782460   -0.029463402   -0.031935127
   31.889128352   -0.021920151   -0.032829316
   31.917474244   -0.015191832   -0.033701599
   31.945820136   -0.009223236   -0.034553595
   31.974166028   -0.003795594   -0.035386928
   32.002511919    0.001405260   -0.036203125
   32.030857811    0.006700660   -0.037003641
   32.059203703    0.012330975   -0.037789934
   32.087549595    0.018387967   -0.038563523
   32.115895487    0.024783568   -0.039325953
   32.144241379    0.031262842   -0.040078621
   32.172587271    0.037458721   -0.040822500
   32.200933163    0.042976418   -0.041557806
   32.229279054    0.047488324   -0.042283732
   32.257624946    0.050817518   -0.042998343
   32.285970838    0.052990359   -0.043698722
   32.314316730    0.054245500   -0.044381379
   32.342662622    0.054996520   -0.045042882
   32.371008514    0.055755915   -0.045680581
   32.399354406    0.057036952   -0.046293258
   32.427700297    0.059254852   -0.046881536
   32.456046189    0.062648736   -0.047447903
   32.484392081    0.067240851   -0.047996298
   32.512737973    0.072840913   -0.048531301
   32.541083865    0.079093112   -0.049057067
   32.569429757    0.085553791   -0.049576224
   32.597775649    0.091781383   -0.050088970
   32.626121541    0.097418170   -0.050592591
   32.654467432    0.102246360   -0.051081529
   32.682813324    0.106207838   -0.051548018
   32.711159216    0.109386130   -0.051983178
   32.739505108    0.111958194   -0.052378342
   32.767851000    0.114130434   -0.052726353
   32.796196892    0.116076273   -0.053022545
   32.824542784    0.117890994   -0.053265202
   32.852888676    0.119574108   -0.053455405
   32.881234567    0.121041563   -0.053596301
   32.909580459    0.122161984   -0.053691982
   32.937926351    0.122804822   -0.053746231
   32.966272243    0.122885480   -0.053761430
   32.994618135    0.122393876   -0.053737891
   33.022964027    0.121397946   -0.053673761
   33.051309919    0.120021050   -0.053565532
   33.079655810    0.118399902   -0.053409026
   33.108001702    0.116635577   -0.053200631
   33.136347594    0.114752566   -0.052938498
   33.164693486    0.112679186   -0.052623409
   33.193039378    0.110257126   -0.052259123
   33.221385270    0.107280108   -0.051852096
   33.249731162    0.103553380   -0.051410647
   33.278077054    0.098959455   -0.050943728
   33.306422945    0.093512712   -0.050459581
   33.334768837    0.087387187   -0.049964543
   33.363114729    0.080907694   -0.049462257
   33.391460621    0.074503115   -0.048953426
   33.419806513    0.068630036   -0.048436135
   33.448152405    0.063682703   -0.047906638
   33.476498297    0.059909363   -0.047360422
   33.504844188    0.057354535   -0.046793304
   33.533190080    0.055841418   -0.046202331
   33.561535972    0.054999832   -0.045586321
   33.589881864    0.054334766   -0.044945971
   33.618227756    0.053321253   -0.044283548
   33.646573648    0.051505100   -0.043602305
   33.674919540    0.048587530   -0.042905757
   33.703265432    0.044475345   -0.042197019
   33.731611323    0.039286010   -0.041478322
   33.759957215    0.033307323   -0.040750790
   33.788303107    0.026921571   -0.040014481
   33.816648999    0.020512035   -0.039268613
   33.844994891    0.014373448   -0.038511888
   33.873340783    0.008646830   -0.037742794
   33.901686675    0.003293239   -0.036959809
   33.930032567   -0.001888118   -0.036161476
   33.958378458   -0.007202163   -0.035346366
   33.986724350   -0.012974339   -0.034512996
   34.015070242   -0.019460532   -0.033659780
   34.043416134   -0.026771131   -0.032785091
   34.071762026   -0.034826419   -0.031887470
   34.100107918   -0.043353247   -0.030965950
   34.128453810   -0.051923710   -0.030020463
   34.156799701   -0.060027346   -0.029052195
   34.185145593   -0.067161340   -0.028063813
   34.213491485   -0.072919750   -0.027059455
   34.241837377   -0.077063534   -0.026044474
   34.270183269   -0.079557825   -0.025024942
   34.298529161   -0.080570238   -0.024007011
   34.326875053   -0.080432293   -0.022996274
   34.355220945   -0.079573509   -0.021997238
   34.383566836   -0.078442701   -0.021013056
   34.411912728   -0.077432681   -0.020045570
   34.440258620   -0.076822734   -0.019095655
   34.468604512   -0.076748551   -0.018163801
   34.496950404   -0.077202965   -0.017250779
   34.525296296   -0.078064365   -0.016358256
   34.553642188   -0.079144371   -0.015489190
   34.581988079   -0.080243313   -0.014647916
   34.610333971   -0.081201716   -0.013839885
   34.638679863   -0.081938044   -0.013071102
   34.667025755   -0.082466872   -0.012347374
   34.695371647   -0.082896234   -0.011673527
   34.723717539   -0.083407239   -0.011052746
   34.752063431   -0.084222093   -0.010486182
   34.780409323   -0.085568099   -0.009972898
   34.808755214   -0.087644792   -0.009510164
   34.837101106   -0.090599584   -0.009094029
   34.865446998   -0.094514600   -0.008720051
   34.893792890   -0.099404688   -0.008384041
   34.922138782   -0.105224316   -0.008082662
   34.950484674   -0.111879783   -0.007813788
   34.978830566   -0.119242955   -0.007576554
   35.007176458   -0.127163417   -0.007371112
   35.035522349   -0.135477223   -0.007198154
   35.063868241   -0.144011870   -0.007058315
   35.092214133   -0.152588320   -0.006951571
   35.120560025   -0.161021613   -0.006876757
   35.148905917   -0.169121768   -0.006831286
   35.177251809   -0.176696249   -0.006811119
   35.205597701   -0.183554650   -0.006810994
   35.233943592   -0.189515431   -0.006824853
   35.262289484   -0.194413973   -0.006846428
   35.290635376   -0.198110847   -0.006869867
   35.318981268   -0.200499176   -0.006890345
   35.347327160   -0.201510181   -0.006904568
   35.375673052   -0.201116371   -0.006911107
   35.404018944   -0.199332214   -0.006910542
   35.432364836   -0.196212471   -0.006905395
   35.460710727   -0.191848584   -0.006899860
   35.489056619   -0.186363611   -0.006899359
   35.517402511   -0.179906290   -0.006909988
   35.545748403   -0.172644764   -0.006937894
   35.574094295   -0.164760522   -0.006988692
   35.602440187   -0.156442992   -0.007066962
   35.630786079   -0.147885091   -0.007175940
   35.659131970   -0.139279761   -0.007317416
   35.687477862   -0.130817181   -0.007491887
   35.715823754   -0.122681990   -0.007698926
   35.744169646   -0.115049583   -0.007937721
   35.772515538   -0.108080557   -0.008207676
   35.800861430   -0.101912686   -0.008508956
   35.829207322   -0.096650522   -0.008842873
   35.857553214   -0.092353703   -0.009212014
   35.885899105   -0.089026060   -0.009620063
   35.914244997   -0.086608419   -0.010071345
   35.942590889   -0.084978132   -0.010570157
   35.970936781   -0.083957823   -0.011120015
   35.999282673   -0.083334263   -0.011722969
   36.027628565   -0.082886162   -0.012379124
   36.055974457   -0.082417205   -0.013086475
   36.084320349   -0.081788548   -0.013841097
   36.112666240   -0.080943866   -0.014637654
   36.141012132   -0.079920354   -0.015470130
   36.169358024   -0.078841078   -0.016332631
   36.197703916   -0.077887505   -0.017220082
   36.226049808   -0.077255407   -0.018128694
   36.254395700   -0.077101526   -0.019056082
   36.282741592   -0.077491592   -0.020001046
   36.311087483   -0.078361363   -0.020963061
   36.339433375   -0.079500924   -0.021941607
   36.367779267   -0.080568508   -0.022935511
   36.396125159   -0.081134188   -0.023942436
   36.424471051   -0.080747248   -0.024958660
   36.452816943   -0.079015180   -0.025979182
   36.481162835   -0.075678668   -0.026998128
   36.509508727   -0.070666515   -0.028009365
   36.537854618   -0.064117692   -0.029007186
   36.566200510   -0.056364037   -0.029986908
   36.594546402   -0.047875318   -0.030945272
   36.622892294   -0.039176679   -0.031880578
   36.651238186   -0.030754983   -0.032792545
   36.679584078   -0.022973590   -0.033681979
   36.707929970   -0.016013895   -0.034550342
   36.736275861   -0.009856477   -0.035399337
   36.764621753   -0.004306155   -0.036230611
   36.792967645    0.000944562   -0.037045626
   36.821313537    0.006227967   -0.037845668
   36.849659429    0.011809628   -0.038631957
   36.878005321    0.017814117   -0.039405754
   36.906351213    0.024185553   -0.040168384
   36.934697105    0.030692664   -0.040921118
   36.963042996    0.036977830   -0.041664922
   36.991388888    0.042639245   -0.042400117
   37.019734780    0.047327475   -0.043126073
   37.048080672    0.050834018   -0.043841034
   37.076426564    0.053151087   -0.044542190
   37.104772456    0.054488221   -0.045226028
   37.133118348    0.055241205   -0.045888931
   37.161464240    0.055919649   -0.046527926
   37.189810131    0.057049062   -0.047141390
   37.218156023    0.059068999   -0.047729555
   37.246501915    0.062249562   -0.048294630
   37.274847807    0.066644123   -0.048840481
   37.303193699    0.072087601   -0.049371865
   37.331539591    0.078239138   -0.049893359
   37.359885483    0.084658008   -0.050408193
   37.388231374    0.090894516   -0.050917238
   37.416577266    0.096574986   -0.051418392
   37.444923158    0.101462405   -0.051906512
   37.473269050    0.105480902   -0.052373960
   37.501614942    0.108701497   -0.052811649
   37.529960834    0.111295937   -0.053210402
   37.558306726    0.113472710   -0.053562337
   37.586652618    0.115412767   -0.053861982
   37.614998509    0.117221327   -0.054106888
   37.643344401    0.118906887   -0.054297609
   37.671690293    0.120390680   -0.054437071
   37.700036185    0.121541472   -0.054529480
   37.728382077    0.122223886   -0.054579032
   37.756727969    0.122345224   -0.054588725
   37.785073861    0.121886702   -0.054559552
   37.813419752    0.120909811   -0.054490266
   37.841765644    0.119535927   -0.054377761
   37.870111536    0.117905084   -0.054217987
   37.898457428    0.116126125   -0.054007168
   37.926803320    0.114233318   -0.053743047
   37.955149212    0.112163280   -0.053425854
   37.983495104    0.109760924   -0.053058783
   38.011840996    0.106815376   -0.052647836
   38.040186887    0.103118514   -0.052201087
   38.068532779    0.098532042   -0.051727508
   38.096878671    0.093045723   -0.051235610
   38.125224563    0.086810480   -0.050732190
   38.153570455    0.080135439   -0.050221438
   38.181916347    0.073446368   -0.049704570
   38.210262239    0.067212383   -0.049180045
   38.238608131    0.061855893   -0.048644278
   38.266954022    0.057665555   -0.048092685
   38.295299914    0.054732176   -0.047520806
   38.323645806    0.052922940   -0.046925286
   38.351991698    0.051901022   -0.046304513
   38.380337590    0.051187485   -0.045658824
   38.408683482    0.050252722   -0.044990280
   38.437029374    0.048617895   -0.044302116
   38.465375265    0.045944432   -0.043598009
   38.493721157    0.042092239   -0.042881363
   38.522067049    0.037134351   -0.042154747
   38.550412941    0.031325564   -0.041419586
   38.578758833    0.025032935   -0.040676136
   38.607104725    0.018644569   -0.039923675
   38.635450617    0.012477771   -0.039160832
   38.663796509    0.006707520   -0.038385933
   38.692142400    0.001331316   -0.037597274
   38.720488292   -0.003822060   -0.036793256
   38.748834184   -0.009042386   -0.035972408
   38.777180076   -0.014658398   -0.035133309
   38.805525968   -0.020947213   -0.034274528
   38.833871860   -0.028053549   -0.033394621
   38.862217752   -0.035937130   -0.032492274
   38.890563643   -0.044360177   -0.031566565
   38.918909535   -0.052917882   -0.030617335
   38.947255427   -0.061105323   -0.029645557
   38.975601319   -0.068406486   -0.028653615
   39.003947211   -0.074386550   -0.027645394
   39.032293103   -0.078768393   -0.026626118
   39.060638995   -0.081478109   -0.025601945
   39.088984887   -0.082651344   -0.024579370
   39.117330778   -0.082600720   -0.023564557
   39.145676670   -0.081752640   -0.022562732
   39.174022562   -0.080567648   -0.021577775
   39.202368454   -0.079461040   -0.020612097
   39.230714346   -0.078739322   -0.019666847
   39.259060238   -0.078563737   -0.018742394
   39.287406130   -0.078945706   -0.017838979
   39.315752022   -0.079772065   -0.016957402
   39.344097913   -0.080852095   -0.016099554
   39.372443805   -0.081974609   -0.015268698
   39.400789697   -0.082962502   -0.014469399
   39.429135589   -0.083714044   -0.013707110
   39.457481481   -0.084224195   -0.012987508
   39.485827373   -0.084584127   -0.012315693
   39.514173265   -0.084961935   -0.011695441
   39.542519156   -0.085570967   -0.011128652
   39.570865048   -0.086633811   -0.010615115
   39.599210940   -0.088349572   -0.010152645
   39.627556832   -0.090870014   -0.009737551
   39.655902724   -0.094287160   -0.009365335
   39.684248616   -0.098631888   -0.009031490
   39.712594508   -0.103880687   -0.008732215
   39.740940400   -0.109966554   -0.008464915
   39.769286291   -0.116790080   -0.008228394
   39.797632183   -0.124227933   -0.008022709
   39.825978075   -0.132137641   -0.007848737
   39.854323967   -0.140359273   -0.007707544
   39.882669859   -0.148715790   -0.007599702
   39.911015751   -0.157014216   -0.007524686
   39.939361643   -0.165049343   -0.007480471
   39.967707534   -0.172610679   -0.007463410
   39.996053426   -0.179492131   -0.007468389
   40.024399318   -0.185502940   -0.007489263
   40.052745210   -0.190477913   -0.007519457
   40.081091102   -0.194285168   -0.007552671
   40.109436994   -0.196830340   -0.007583557
   40.137782886   -0.198057172   -0.007608292
   40.166128778   -0.197945349   -0.007624970
   40.194474669   -0.196507012   -0.007633781
   40.222820561   -0.193783438   -0.007636957
   40.251166453   -0.189842916   -0.007638515
   40.279512345   -0.184780087   -0.007643812
   40.307858237   -0.178716178   -0.007658993
   40.336204129   -0.171799035   -0.007690356
   40.364550021   -0.164201673   -0.007743748
   40.392895913   -0.156118435   -0.007824030
   40.421241804   -0.147758512   -0.007934694
   40.449587696   -0.139337312   -0.008077694
   40.477933588   -0.131066770   -0.008253514
   40.506279480   -0.123145850   -0.008461468
   40.534625372   -0.115752270   -0.008700203
   40.562971264   -0.109035866   -0.008968321
   40.591317156   -0.103113403   -0.009264999
   40.619663047   -0.098064193   -0.009590501
   40.648008939   -0.093925906   -0.009946461
   40.676354831   -0.090690507   -0.010335869
   40.704700723   -0.088301128   -0.010762732
   40.733046615   -0.086651620   -0.011231472
   40.761392507   -0.085591044   -0.011746160
   40.789738399   -0.084935100   -0.012309733
   40.818084291   -0.084485330   -0.012923370
   40.846430182   -0.084054894   -0.013586152
   40.874776074   -0.083497405   -0.014295088
   40.903121966   -0.082733208   -0.015045524
   40.931467858   -0.081766517   -0.015831831
   40.959813750   -0.080687383   -0.016648249
   40.988159642   -0.079654868   -0.017489689
   41.016505534   -0.078861643   -0.018352330
   41.044851425   -0.078484861   -0.019233868
   41.073197317   -0.078632331   -0.020133379
   41.101543209   -0.079295685   -0.021050833
   41.129889101   -0.080322358   -0.021986378
   41.158234993   -0.081415473   -0.022939572
   41.186580885   -0.082165401   -0.023908751
   41.214926777   -0.082109893   -0.024890684
   41.243272669   -0.080812767   -0.025880600
   41.271618560   -0.077945899   -0.026872579
   41.299964452   -0.073357138   -0.027860211
   41.328310344   -0.067108492   -0.028837385
   41.356656236   -0.059474517   -0.029799005
   41.385002128   -0.050899076   -0.030741506
   41.413348020   -0.041917873   -0.031663050
   41.441693912   -0.033062145   -0.032563405
   41.470039804   -0.024763737   -0.033443557
   41.498385695   -0.017282119   -0.034305189
   41.526731587   -0.010669499   -0.035150152
   41.555077479   -0.004781881   -0.035980082
   41.583423371    0.000666488   -0.036796214
   41.611769263    0.006017810   -0.037599405
   41.640115155    0.011574461   -0.038390312
   41.668461047    0.017514366   -0.039169607
   41.696806938    0.023838141   -0.039938118
   41.725152830    0.030360829   -0.040696805
   41.753498722    0.036750623   -0.041446555
   41.781844614    0.042605875   -0.042187825
   41.810190506    0.047552551   -0.042920249
   41.838536398    0.051339286   -0.043642343
   41.866882290    0.053907569   -0.044351442
   41.895228182    0.055420211   -0.045043948
   41.923574073    0.056240907   -0.045715885
   41.951919965    0.056868961   -0.046363664
   41.980265857    0.057843558   -0.046984907
   42.008611749    0.059638830   -0.047579105
   42.036957641    0.062572843   -0.048147929
   42.065303533    0.066750088   -0.048695067
   42.093649425    0.072049114   -0.049225566
   42.121995316    0.078156421   -0.049744772
   42.150341208    0.084637330   -0.050257081
   42.178687100    0.091026543   -0.050764744
   42.207032992    0.096917495   -0.051267019
   42.235378884    0.102030956   -0.051759849
   42.263724776    0.106249246   -0.052236182
   42.292070668    0.109611250   -0.052686880
   42.320416560    0.112272970   -0.053102042
   42.348762451    0.114446185   -0.053472478
   42.377108343    0.116332209   -0.053791020
   42.405454235    0.118067659   -0.054053407
   42.433800127    0.119694877   -0.054258562
   42.462146019    0.121162419   -0.054408222
   42.490491911    0.122352752   -0.054506024
   42.518837803    0.123127210   -0.054556280
   42.547183695    0.123374058   -0.054562712
   42.575529586    0.123045285   -0.054527456
   42.603875478    0.122171400   -0.054450563
   42.632221370    0.120850023   -0.054330084
   42.660567262    0.119211659   -0.054162732
   42.688913154    0.117372728   -0.053944948
   42.717259046    0.115389842   -0.053674115
   42.745604938    0.113229487   -0.053349644
   42.773950829    0.110763573   -0.052973661
   42.802296721    0.107794578   -0.052551147
   42.830642613    0.104106116   -0.052089481
   42.858988505    0.099527494   -0.051597475
   42.887334397    0.093996309   -0.051084103
   42.915680289    0.087602448   -0.050557188
   42.944026181    0.080600377   -0.050022308
   42.972372073    0.073383640   -0.049482137
   43.000717964    0.066424271   -0.048936339
   43.029063856    0.060188494   -0.048382020
   43.057409748    0.055046282   -0.047814604
   43.085755640    0.051194722   -0.047228973
   43.114101532    0.048612826   -0.046620590
   43.142447424    0.047059014   -0.045986427
   43.170793316    0.046113203   -0.045325499
   43.199139207    0.045255529   -0.044638952
   43.227485099    0.043965388   -0.043929711
   43.255830991    0.041819696   -0.043201817
   43.284176883    0.038569232   -0.042459598
   43.312522775    0.034176675   -0.041706872
   43.340868667    0.028808437   -0.040946339
   43.369214559    0.022782779   -0.040179244
   43.397560451    0.016486515   -0.039405381
   43.425906342    0.010279671   -0.038623341
   43.454252234    0.004410123   -0.037830960
   43.482598126   -0.001042174   -0.037025799
   43.510944018   -0.006178628   -0.036205567
   43.539289910   -0.011250183   -0.035368393
   43.567635802   -0.016587750   -0.034512925
   43.595981694   -0.022511127   -0.033638271
   43.624327586   -0.029237595   -0.032743871
   43.652673477   -0.036811457   -0.031829363
   43.681019369   -0.045071009   -0.030894553
   43.709365261   -0.053660918   -0.029939513
   43.737711153   -0.062087714   -0.028964815
   43.766057045   -0.069806505   -0.027971852
   43.794402937   -0.076320165   -0.026963145
   43.822748829   -0.081269819   -0.025942548
   43.851094720   -0.084497715   -0.024915241
   43.879440612   -0.086070057   -0.023887486
   43.907786504   -0.086256409   -0.022866143
   43.936132396   -0.085471736   -0.021858034
   43.964478288   -0.084194826   -0.020869267
   43.992824180   -0.082881201   -0.019904673
   44.021170072   -0.081888608   -0.018967471
   44.049515964   -0.081429269   -0.018059263
   44.077861855   -0.081556198   -0.017180340
   44.106207747   -0.082182954   -0.016330266
   44.134553639   -0.083129002   -0.015508581
   44.162899531   -0.084178129   -0.014715481
   44.191245423   -0.085135886   -0.013952292
   44.219591315   -0.085873967   -0.013221632
   44.247937207   -0.086353947   -0.012527211
   44.276283098   -0.086628521   -0.011873300
   44.304628990   -0.086823841   -0.011263998
   44.332974882   -0.087110345   -0.010702459
   44.361320774   -0.087670879   -0.010190266
   44.389666666   -0.088673851   -0.009727097
   44.418012558   -0.090256199   -0.009310777
   44.446358450   -0.092517200   -0.008937701
   44.474704342   -0.095520736   -0.008603545
   44.503050233   -0.099301476   -0.008304094
   44.531396125   -0.103870166   -0.008036015
   44.559742017   -0.109214532   -0.007797375
   44.588087909   -0.115294822   -0.007587821
   44.616433801   -0.122035667   -0.007408345
   44.644779693   -0.129317891   -0.007260723
   44.673125585   -0.136974523   -0.007146724
   44.701471477   -0.144794336   -0.007067292
   44.729817368   -0.152534105   -0.007021856
   44.758163260   -0.159938085   -0.007007933
   44.786509152   -0.166760951   -0.007021090
   44.814855044   -0.172789169   -0.007055288
   44.843200936   -0.177856079   -0.007103525
   44.871546828   -0.181847649   -0.007158663
   44.899892720   -0.184698503   -0.007214292
   44.928238611   -0.186380553   -0.007265489
   44.956584503   -0.186888603   -0.007309361
   44.984930395   -0.186227972   -0.007345309
   45.013276287   -0.184408345   -0.007375013
   45.041622179   -0.181445864   -0.007402152
   45.069968071   -0.177372737   -0.007431930
   45.098313963   -0.172251058   -0.007470482
   45.126659855   -0.166185969   -0.007524231
   45.155005746   -0.159333231   -0.007599258
   45.183351638   -0.151897708   -0.007700757
   45.211697530   -0.144121802   -0.007832604
   45.240043422   -0.136265661   -0.007997097
   45.268389314   -0.128583331   -0.008194888
   45.296735206   -0.121300018   -0.008425129
   45.325081098   -0.114595183   -0.008685823
   45.353426989   -0.108594320   -0.008974341
   45.381772881   -0.103369700   -0.009288043
   45.410118773   -0.098947795   -0.009624900
   45.438464665   -0.095319522   -0.009984002
   45.466810557   -0.092449171   -0.010365854
   45.495156449   -0.090279200   -0.010772374
   45.523502341   -0.088730351   -0.011206592
   45.551848233   -0.087699086   -0.011672076
   45.580194124   -0.087056211   -0.012172208
   45.608540016   -0.086650973   -0.012709451
   45.636885908   -0.086323595   -0.013284777
   45.665231800   -0.085926438   -0.013897391
   45.693577692   -0.085350483   -0.014544820
   45.721923584   -0.084550738   -0.015223356
   45.750269476   -0.083562667   -0.015928764
   45.778615368   -0.082502379   -0.016657087
   45.806961259   -0.081546470   -0.017405350
   45.835307151   -0.080892290   -0.018172002
   45.863653043   -0.080704948   -0.018956965
   45.891998935   -0.081062010   -0.019761286
   45.920344827   -0.081909182   -0.020586462
   45.948690719   -0.083039384   -0.021433603
   45.977036611   -0.084103449   -0.022302637
   46.005382502   -0.084653897   -0.023191762
   46.033728394   -0.084215504   -0.024097288
   46.062074286   -0.082369435   -0.025013905
   46.090420178   -0.078833555   -0.025935335
   46.118766070   -0.073521180   -0.026855211
   46.147111962   -0.066564447   -0.027767979
   46.175457854   -0.058295833   -0.028669616
   46.203803746   -0.049190556   -0.029558009
   46.232149637   -0.039781425   -0.030432928
   46.260495529   -0.030564107   -0.031295625
   46.288841421   -0.021913152   -0.032148182
   46.317187313   -0.014026770   -0.032992793
   46.345533205   -0.006911846   -0.033831162
   46.373879097   -0.000411514   -0.034664156
   46.402224989    0.005732144   -0.035491768
   46.430570880    0.011795624   -0.036313359
   46.458916772    0.017991478   -0.037128057
   46.487262664    0.024405170   -0.037935149
   46.515608556    0.030965971   -0.038734326
   46.543954448    0.037458444   -0.039525669
   46.572300340    0.043571539   -0.040309369
   46.600646232    0.048973637   -0.041085260
   46.628992124    0.053395960   -0.041852320
   46.657338015    0.056704986   -0.042608317
   46.685683907    0.058947140   -0.043349759
   46.714029799    0.060355369   -0.044072231
   46.742375691    0.061315759   -0.044771087
   46.770721583    0.062301142   -0.045442373
   46.799067475    0.063785704   -0.046083757
   46.827413367    0.066158415   -0.046695225
   46.855759259    0.069653032   -0.047279327
   46.884105150    0.074308500   -0.047840867
   46.912451042    0.079966884   -0.048386031
   46.940796934    0.086308004   -0.048921108
   46.969142826    0.092912459   -0.049451063
   46.997488718    0.099339302   -0.049978263
   47.025834610    0.105202272   -0.050501637
   47.054180502    0.110229634   -0.051016477
   47.082526393    0.114296826   -0.051514934
   47.110872285    0.117427366   -0.051987115
   47.139218177    0.119764305   -0.052422545
   47.167564069    0.121520585   -0.052811692
   47.195909961    0.122920563   -0.053147229
   47.224255853    0.124146127   -0.053424765
   47.252601745    0.125298891   -0.053642937
   47.280947637    0.126385674   -0.053802851
   47.309293528    0.127328667   -0.053907063
   47.337639420    0.127995793   -0.053958356
   47.365985312    0.128242172   -0.053958622
   47.394331204    0.127951235   -0.053908132
   47.422677096    0.127064527   -0.053805349
   47.451022988    0.125592493   -0.053647344
   47.479368880    0.123603685   -0.053430691
   47.507714771    0.121195732   -0.053152626
   47.536060663    0.118456556   -0.052812182
   47.564406555    0.115427347   -0.052411034
   47.592752447    0.112078936   -0.051953821
   47.621098339    0.108310138   -0.051447889
   47.649444231    0.103971107   -0.050902468
   47.677790123    0.098907973   -0.050327462
   47.706136015    0.093018707   -0.049732098
   47.734481906    0.086306033   -0.049123706
   47.762827798    0.078912440   -0.048506860
   47.791173690    0.071125477   -0.047883043
   47.819519582    0.063347963   -0.047250868
   47.847865474    0.056036181   -0.046606789
   47.876211366    0.049617455   -0.045946127
   47.904557258    0.044404638   -0.045264203
   47.932903150    0.040527246   -0.044557349
   47.961249041    0.037896425   -0.043823624
   47.989594933    0.036213908   -0.043063125
   48.017940825    0.035025264   -0.042277889
   48.046286717    0.033807142   -0.041471435
   48.074632609    0.032069745   -0.040648099
   48.102978501    0.029451421   -0.039812287
   48.131324393    0.025783501   -0.038967818
   48.159670284    0.021110133   -0.038117447
   48.188016176    0.015658461   -0.037262640
   48.216362068    0.009766557   -0.036403594
   48.244707960    0.003786986   -0.035539452
   48.273053852   -0.002009812   -0.034668646
   48.301399744   -0.007507850   -0.033789270
   48.329745636   -0.012774922   -0.032899420
   48.358091528   -0.018040909   -0.031997442
   48.386437419   -0.023629837   -0.031082074
   48.414783311   -0.029862368   -0.030152492
   48.443129203   -0.036953159   -0.029208291
   48.471475095   -0.044929358   -0.028249431
   48.499820987   -0.053591617   -0.027276195
   48.528166879   -0.062528796   -0.026289179
   48.556512771   -0.071184392   -0.025289326
   48.584858662   -0.078960005   -0.024278001
   48.613204554   -0.085332104   -0.023257089
   48.641550446   -0.089955076   -0.022229101
   48.669896338   -0.092727041   -0.021197251
   48.698242230   -0.093804004   -0.020165506
   48.726588122   -0.093560407   -0.019138564
   48.754934014   -0.092506778   -0.018121776
   48.783279906   -0.091184780   -0.017120991
   48.811625797   -0.090064303   -0.016142333
   48.839971689   -0.089465333   -0.015191918
   48.868317581   -0.089520036   -0.014275527
   48.896663473   -0.090179751   -0.013398266
   48.925009365   -0.091260486   -0.012564239
   48.953355257   -0.092511773   -0.011776281
   48.981701149   -0.093689523   -0.011035793
   49.010047041   -0.094614648   -0.010342710
   49.038392932   -0.095204989   -0.009695617
   49.066738824   -0.095476609   -0.009092026
   49.095084716   -0.095519285   -0.008528776
   49.123430608   -0.095457606   -0.008002516
   49.151776500   -0.095411756   -0.007510195
   49.180122392   -0.095470390   -0.007049493
   49.208468284   -0.095682752   -0.006619110
   49.236814175   -0.096070145   -0.006218887
   49.265160067   -0.096650290   -0.005849715
   49.293505959   -0.097463926   -0.005513264
   49.321851851   -0.098592480   -0.005211579
   49.350197743   -0.100158741   -0.004946607
   49.378543635   -0.102308164   -0.004719754
   49.406889527   -0.105174928   -0.004531534
   49.435235419   -0.108842085   -0.004381371
   49.463581310   -0.113307490   -0.004267569
   49.491927202   -0.118465993   -0.004187456
   49.520273094   -0.124113918   -0.004137627
   49.548618986   -0.129975596   -0.004114268
   49.576964878   -0.135745419   -0.004113467
   49.605310770   -0.141134577   -0.004131471
   49.633656662   -0.145910457   -0.004164880
   49.662002553   -0.149919077   -0.004210750
   49.690348445   -0.153086079   -0.004266650
   49.718694337   -0.155398181   -0.004330700
   49.747040229   -0.156872701   -0.004401621
   49.775386121   -0.157525994   -0.004478823
   49.803732013   -0.157351635   -0.004562521
   49.832077905   -0.156315720   -0.004653848
   49.860423797   -0.154371036   -0.004754932
   49.888769688   -0.151485647   -0.004868855
   49.917115580   -0.147676565   -0.004999491
   49.945461472   -0.143037229   -0.005151175
   49.973807364   -0.137748882   -0.005328238
   50.002153256   -0.132070524   -0.005534478
   50.030499148   -0.126308257   -0.005772631
   50.058845040   -0.120770957   -0.006043951
   50.087190932   -0.115723297   -0.006347987
   50.115536823   -0.111348063   -0.006682603
   50.143882715   -0.107727133   -0.007044242
   50.172228607   -0.104845222   -0.007428402
   50.200574499   -0.102614027   -0.007830219
   50.228920391   -0.100908781   -0.008245052
   50.257266283   -0.099606031   -0.008668950
   50.285612175   -0.098611680   -0.009098908
   50.313958066   -0.097871905   -0.009532888
   50.342303958   -0.097365350   -0.009969595
   50.370649850   -0.097081247   -0.010408106
   50.398995742   -0.096992813   -0.010847441
   50.427341634   -0.097036997   -0.011286216
   50.455687526   -0.097109707   -0.011722465
   50.484033418   -0.097080586   -0.012153715
   50.512379310   -0.096824720   -0.012577297
   50.540725201   -0.096262330   -0.012990853
   50.569071093   -0.095393663   -0.013392913
   50.597416985   -0.094316131   -0.013783413
   50.625762877   -0.093214753   -0.014164028
   50.654108769   -0.092323989   -0.014538215
   50.682454661   -0.091867422   -0.014910942
   50.710800553   -0.091988948   -0.015288122
   50.739146444   -0.092693051   -0.015675872
   50.767492336   -0.093811094   -0.016079722
   50.795838228   -0.095005174   -0.016503935
   50.824184120   -0.095812242   -0.016951079
   50.852530012   -0.095721084   -0.017421925
   50.880875904   -0.094266062   -0.017915689
   50.909221796   -0.091116551   -0.018430554
   50.937567688   -0.086141277   -0.018964358
   50.965913579   -0.079432226   -0.019515290
   50.994259471   -0.071282299   -0.020082437
   51.022605363   -0.062121917   -0.020666073
   51.050951255   -0.052429651   -0.021267626
   51.079297147   -0.042638086   -0.021889346
   51.107643039   -0.033056993   -0.022533743
   51.135988931   -0.023831300   -0.023202944
   51.164334823   -0.014942447   -0.023898103
   51.192680714   -0.006250882   -0.024619000
   51.221026606    0.002432685   -0.025363905
   51.249372498    0.011266443   -0.026129723
   51.277718390    0.020308195   -0.026912371
   51.306064282    0.029475350   -0.027707277
   51.334410174    0.038544271   -0.028509866
   51.362756066    0.047189096   -0.029315921
   51.391101957    0.055050398   -0.030121724
   51.419447849    0.061816949   -0.030923964
   51.447793741    0.067300945   -0.031719462
   51.476139633    0.071488964   -0.032504802
   51.504485525    0.074556939   -0.033276017
   51.532831417    0.076845910   -0.034028443
   51.561177309    0.078804195   -0.034756837
   51.589523201    0.080908791   -0.035455762
   51.617869092    0.083582650   -0.036120199
   51.646214984    0.087124510   -0.036746253
   51.674560876    0.091664278   -0.037331781
   51.702906768    0.097150844   -0.037876793
   51.731252660    0.103372174   -0.038383495
   51.759598552    0.110001182   -0.038855916
   51.787944444    0.116656562   -0.039299168
   51.816290335    0.122966100   -0.039718458
   51.844636227    0.128621025   -0.040118034
   51.872982119    0.133413065   -0.040500274
   51.901328011    0.137250142   -0.040865091
   51.929673903    0.140150990   -0.041209766
   51.958019795    0.142222604   -0.041529243
   51.986365687    0.143626710   -0.041816789
   52.014711579    0.144542279   -0.042064891
   52.043057470    0.145130678   -0.042266189
   52.071403362    0.145508631   -0.042414258
   52.099749254    0.145732277   -0.042504110
   52.128095146    0.145793593   -0.042532347
   52.156441038    0.145628531   -0.042496995
   52.184786930    0.145134639   -0.042397124
   52.213132822    0.144194688   -0.042232392
   52.241478714    0.142702088   -0.042002662
   52.269824605    0.140583622   -0.041707807
   52.298170497    0.137815413   -0.041347735
   52.326516389    0.134429098   -0.040922616
   52.354862281    0.130506833   -0.040433201
   52.383208173    0.126165789   -0.039881121
   52.411554065    0.121534974   -0.039269018
   52.439899957    0.116728944   -0.038600443
   52.468245848    0.111823964   -0.037879486
   52.496591740    0.106842041   -0.037110219
   52.524937632    0.101746903   -0.036296046
   52.553283524    0.096453671   -0.035439128
   52.581629416    0.090851074   -0.034540020
   52.609975308    0.084832198   -0.033597613
   52.638321200    0.078327705   -0.032609405
   52.666667092    0.071334495   -0.031572044
   52.695012983    0.063933456   -0.030482029
   52.723358875    0.056291837   -0.029336397
   52.751704767    0.048648758   -0.028133261
   52.780050659    0.041285619   -0.026872077
   52.808396551    0.034486075   -0.025553613
   52.836742443    0.028492255   -0.024179637
   52.865088335    0.023464533   -0.022752441
   52.893434226    0.019451512   -0.021274321
   52.921780118    0.016375112   -0.019747145
   52.950126010    0.014033097   -0.018172111
   52.978471902    0.012118791   -0.016549721
   53.006817794    0.010255258   -0.014879953
   53.035163686    0.008039447   -0.013162537
   53.063509578    0.005090717   -0.011397252
   53.091855470    0.001097799   -0.009584114
   53.120201361   -0.004141456   -0.007723426
   53.148547253   -0.010692415   -0.005815654
   53.176893145   -0.018471735   -0.003861181
   53.205239037   -0.027253216   -0.001860031
   53.233584929   -0.036691548    0.000188355
   53.261930821   -0.046361881    0.002285199
   53.290276713   -0.055810854    0.004432283
   53.318622605   -0.064612718    0.006631680
   53.346968496   -0.072422821    0.008885371
   53.375314388   -0.079020373    0.011194840
   53.403660280   -0.084333485    0.013560740
   53.432006172   -0.088441871    0.015982707
   53.460352064   -0.091556201    0.018459352
   53.488697956   -0.093977166    0.020988408
   53.517043848   -0.096041195    0.023566985
   53.545389739   -0.098062446    0.026191840
   53.573735631   -0.100281636    0.028859601
   53.602081523   -0.102830994    0.031566882
   53.630427415   -0.105721417    0.034310293
   53.658773307   -0.108853286    0.037086364
   53.687119199   -0.112047454    0.039891457
   53.715465091   -0.115088752    0.042721724
   53.743810983   -0.117771904    0.045573179
   53.772156874   -0.119939670    0.048441877
   53.800502766   -0.121505322    0.051324208
   53.828848658   -0.122455597    0.054217206
   53.857194550   -0.122835191    0.057118823
   53.885540442   -0.122718254    0.060028069
   53.913886334   -0.122175340    0.062944980
   53.942232226   -0.121244960    0.065870411
   53.970578117   -0.119917285    0.068805693
   53.998924009   -0.118134047    0.071752244
   54.027269901   -0.115804281    0.074711213
   54.055615793   -0.112831379    0.077683263
   54.083961685   -0.109144072    0.080668507
   54.112307577   -0.104723144    0.083666616
   54.140653469   -0.099617017    0.086677038
   54.168999361   -0.093942434    0.089699243
   54.197345252   -0.087870433    0.092732905
   54.225691144   -0.081601520    0.095777970
   54.254037036   -0.075336471    0.098834564
   54.282382928   -0.069249925    0.101902791
   54.310728820   -0.063472666    0.104982483
   54.339074712   -0.058085797    0.108073007
   54.367420604   -0.053126598    0.111173194
   54.395766496   -0.048602750    0.114281462
   54.424112387   -0.044509687    0.117396102
   54.452458279   -0.040845498    0.120515675
   54.480804171   -0.037619179    0.123639401
   54.509150063   -0.034850509    0.126767413
   54.537495955   -0.032562758    0.129900780
   54.565841847   -0.030771790    0.133041248
   54.594187739   -0.029476322    0.136190721
   54.622533630   -0.028653684    0.139350586
   54.650879522   -0.028263639    0.142521029
   54.679225414   -0.028260080    0.145700504
   54.707571306   -0.028607706    0.148885507
   54.735917198   -0.029298735    0.152070718
   54.764263090   -0.030364180    0.155249506
   54.792608982   -0.031875196    0.158414706
   54.820954874   -0.033932457    0.161559497
   54.849300765   -0.036644680    0.164678199
   54.877646657   -0.040100502    0.167766820
   54.905992549   -0.044339990    0.170823249
   54.934338441   -0.049332669    0.173847066
   54.962684333   -0.054967736    0.176839045
   54.991030225   -0.061059469    0.179800497
   55.019376117   -0.067367349    0.182732609
   55.047722008   -0.073626988    0.185635972
   55.076067900   -0.079585397    0.188510393
   55.104413792   -0.085033182    0.191355034
   55.132759684   -0.089827008    0.194168828
   55.161105576   -0.093898005    0.196951046
   55.189451468   -0.097245121    0.199701860
   55.217797360   -0.099915879    0.202422739
   55.246143252   -0.101979763    0.205116566
   55.274489143   -0.103500961    0.207787430
   55.302835035   -0.104516998    0.210440121
   55.331180927   -0.105028144    0.213079442
   55.359526819   -0.104999682    0.215709474
   55.387872711   -0.104375994    0.218332959
   55.416218603   -0.103102560    0.220950921
   55.444564495   -0.101150166    0.223562593
   55.472910387   -0.098535093    0.226165667
   55.501256278   -0.095329984    0.228756788
   55.529602170   -0.091662145    0.231332206
   55.557948062   -0.087698777    0.233888441
   55.586293954   -0.083621395    0.236422852
   55.614639846   -0.079594035    0.238934025
   55.642985738   -0.075731144    0.241421924
   55.671331630   -0.072071290    0.243887825
   55.699677521   -0.068561863    0.246334068
   55.728023413   -0.065058094    0.248763695
   55.756369305   -0.061337304    0.251180048
   55.784715197   -0.057126775    0.253586409
   55.813061089   -0.052141384    0.255985710
   55.841406981   -0.046125548    0.258380356
   55.869752873   -0.038893273    0.260772170
   55.898098765   -0.030360244    0.263162441
   55.926444656   -0.020562997    0.265552046
   55.954790548   -0.009661960    0.267941642
   55.983136440    0.002072584    0.270331857
   56.011482332    0.014290140    0.272723488
   56.039828224    0.026601536    0.275117640
   56.068174116    0.038626861    0.277515812
   56.096520008    0.050043311    0.279919890
   56.124865900    0.060626308    0.282332067
   56.153211791    0.070278101    0.284754687
   56.181557683    0.079039768    0.287190050
   56.209903575    0.087084838    0.289640215
   56.238249467    0.094695391    0.292106834
   56.266595359    0.102224035    0.294591074
   56.294941251    0.110047179    0.297093633
   56.323287143    0.118516274    0.299614860
   56.351633034    0.127913897    0.302154959
   56.379978926    0.138420735    0.304714219
   56.408324818    0.150097762    0.307293235
   56.436670710    0.162885519    0.309893037
   56.465016602    0.176619785    0.312515108
   56.493362494    0.191060475    0.315161256
   56.521708386    0.205928733    0.317833359
   56.550054278    0.220946159    0.320533029
   56.578400169    0.235870146    0.323261258
   56.606746061    0.250520222    0.326018116
   56.635091953    0.264792059    0.328802572
   56.663437845    0.278658032    0.331612483
   56.691783737    0.292155460    0.334444767
   56.720129629    0.305365637    0.337295731
   56.748475521    0.318388085    0.340161524
   56.776821412    0.331314934    0.343038633
   56.805167304    0.344209945    0.345924359
   56.833513196    0.357095494    0.348817192
   56.861859088    0.369949158    0.351717048
   56.890204980    0.382709660    0.354625333
   56.918550872    0.395290199    0.357544826
   56.946896764    0.407595997    0.360479394
   56.975242656    0.419542346    0.363433588
   57.003588547    0.431069668    0.366412153
   57.031934439    0.442152990    0.369419501
   57.060280331    0.452804542    0.372459226
   57.088626223    0.463069684    0.375533693
   57.116972115    0.473017609    0.378643760
   57.145318007    0.482729163    0.381788670
   57.173663899    0.492284394    0.384966137
   57.202009791    0.501752131    0.388172606
   57.230355682    0.511183173    0.391403683
   57.258701574    0.520607653    0.394654653
   57.287047466    0.530036215    0.397921035
   57.315393358    0.539463893    0.401199074
   57.343739250    0.548875281    0.404486101
   57.372085142    0.558249628    0.407780695
   57.400431034    0.567564916    0.411082636
   57.428776925    0.576800495    0.414392649
   57.457122817    0.585938385    0.417712006
   57.485468709    0.594963653    0.421042060
   57.513814601    0.603864374    0.424383807
   57.542160493    0.612631469    0.427737559
   57.570506385    0.621258437    0.431102786
   57.598852277    0.629740728    0.434478141
   57.627198169    0.638074369    0.437861647
   57.655544060    0.646253611    0.441250975
   57.683889952    0.654267701    0.444643753
   57.712235844    0.662097360    0.448037810
   57.740581736    0.669711949    0.451431300
   57.768927628    0.677068489    0.454822699
   57.797273520    0.684113489    0.458210664
   57.825619412    0.690788013    0.461593832
   57.853965303    0.697035568    0.464970609
   57.882311195    0.702811545    0.468339018
   57.910657087    0.708092280    0.471696669
   57.939002979    0.712881559    0.475040858
   57.967348871    0.717212727    0.478368778
   57.995694763    0.721145428    0.481677802
   58.024040655    0.724757204    0.484965762
   58.052386547    0.728131438    0.488231172
   58.080732438    0.731344124    0.491473346
   58.109078330    0.734452330    0.494692378
   58.137424222    0.737486950    0.497889029
   58.165770114    0.740451331    0.501064527
   58.194116006    0.743326003    0.504220358
   58.222461898    0.746078207    0.507358094
   58.250807790    0.748673772    0.510479279
   58.279153682    0.751088327    0.513585409
   58.307499573    0.753315067    0.516677969
   58.335845465    0.755367251    0.519758502
   58.364191357    0.757275041    0.522828673
   58.392537249    0.759077791    0.525890287
   58.420883141    0.760814087    0.528945253
   58.449229033    0.762512373    0.531995498
   58.477574925    0.764184735    0.535042853
   58.505920816    0.765825488    0.538088968
   58.534266708    0.767414782    0.541135266
   58.562612600    0.768926056    0.544182991
   58.590958492    0.770335095    0.547233321
   58.619304384    0.771628049    0.550287542
   58.647650276    0.772806145    0.553347223
   58.675996168    0.773885825    0.556414350
   58.704342060    0.774894395    0.559491363
   58.732687951    0.775862577    0.562581077
   58.761033843    0.776816207    0.565686477
   58.789379735    0.777769539    0.568810432
   58.817725627    0.778722089    0.571955367
   58.846071519    0.779659860    0.575122973
   58.874417411    0.780560506    0.578314001
   58.902763303    0.781400813    0.581528191
   58.931109194    0.782164258    0.584764336
   58.959455086    0.782846373    0.588020475
   58.987800978    0.783456393    0.591294161
   59.016146870    0.784014749    0.594582744
   59.044492762    0.784547231    0.597883615
   59.072838654    0.785077640    0.601194371
   59.101184546    0.785621130    0.604512860
   59.129530438    0.786180250    0.607837138
   59.157876329    0.786744805    0.611165355
   59.186222221    0.787295539    0.614495606
   59.214568113    0.787810463    0.617825824
   59.242914005    0.788271888    0.621153718
   59.271259897    0.788672041    0.624476814
   59.299605789    0.789015580    0.627792567
   59.327951681    0.789318308    0.631098541
   59.356297573    0.789602519    0.634392619
   59.384643464    0.789890425    0.637673179
   59.412989356    0.790197694    0.640939219
   59.441335248    0.790529034    0.644190380
   59.469681140    0.790877152    0.647426865
   59.498027032    0.791225350    0.650649248
   59.526372924    0.791552938    0.653858204
   59.554718816    0.791841778    0.657054200
   59.583064707    0.792081961    0.660237175
   59.611410599    0.792274910    0.663406287
   59.639756491    0.792432982    0.666559732
   59.668102383    0.792575742    0.669694704
   59.696448275    0.792724076    0.672807483
   59.724794167    0.792893953    0.675893668
   59.753140059    0.793091754    0.678948524
   59.781485951    0.793312564    0.681967409
   59.809831842    0.793541925    0.684946223
   59.838177734    0.793760480    0.687881823
   59.866523626    0.793950049    0.690772338
   59.894869518    0.794099295    0.693617343
   59.923215410    0.794207219    0.696417844
   59.951561302    0.794283469    0.699176089
   59.979907194    0.794345376    0.701895199
   60.008253085    0.794412663    0.704578690
   60.036598977    0.794501473    0.707229931
   60.064944869    0.794619540    0.709851636
   60.093290761    0.794763978    0.712445435
   60.121636653    0.794922337    0.715011610
   60.149982545    0.795076582    0.717549010
   60.178328437    0.795208742    0.720055168
   60.206674329    0.795306486    0.722526576
   60.235020220    0.795366925    0.724959091
   60.263366112    0.795397468    0.727348388
   60.291712004    0.795413523    0.729690409
   60.320057896    0.795433745    0.731981736
   60.348403788    0.795474332    0.734219849
   60.376749680    0.795544118    0.736403239
   60.405095572    0.795641961    0.738531387
   60.433441464    0.795757220    0.740604623
   60.461787355    0.795873147    0.742623900
   60.490133247    0.795972119    0.744590532
   60.518479139    0.796041110    0.746505935
   60.546825031    0.796075696    0.748371415
   60.575170923    0.796081381    0.750188022
   60.603516815    0.796071868    0.751956482
   60.631862707    0.796064802    0.753677219
   60.660208598    0.796076342    0.755350434
   60.688554490    0.796116223    0.756976235
   60.716900382    0.796184829    0.758554774
   60.745246274    0.796273169    0.760086386
   60.773592166    0.796365738    0.761571681
   60.801938058    0.796445367    0.763011596
   60.830283950    0.796498545    0.764407375
   60.858629842    0.796519584    0.765760506
   60.886975733    0.796512337    0.767072614
   60.915321625    0.796488964    0.768345319
   60.943667517    0.796466145    0.769580116
   60.972013409    0.796459919    0.770778256
   61.000359301    0.796480762    0.771940686
   61.028705193    0.796530401    0.773068020
   61.057051085    0.796601355    0.774160579
   61.085396976    0.796679322    0.775218449
   61.113742868    0.796747646    0.776241579
   61.142088760    0.796792492    0.777229873
   61.170434652    0.796807111    0.778183274
   61.198780544    0.796793893    0.779101822
   61.227126436    0.796763580    0.779985678
   61.255472328    0.796731913    0.780835123
   61.283818220    0.796714741    0.781650531
   61.312164111    0.796723139    0.782432335
   61.340510003    0.796760022    0.783180997
   61.368855895    0.796819300    0.783896975
   61.397201787    0.796887823    0.784580720
   61.425547679    0.796949498    0.785232676
   61.453893571    0.796990287    0.785853297
   61.482239463    0.797002542    0.786443068
   61.510585355    0.796987343    0.787002536
   61.538931246    0.796954118    0.787532328
   61.567277138    0.796917688    0.788033183
   61.595623030    0.796893653    0.788505974
   61.623968922    0.796893574    0.788951728
   61.652314814    0.796921421    0.789371641
   61.680660706    0.796972390    0.789767085
   61.709006598    0.797034446    0.790139597
   61.737352489    0.797092093    0.790490849
   61.765698381    0.797131188    0.790822589
   61.794044273    0.797143322    0.791136564
   61.822390165    0.797128393    0.791434438
   61.850736057    0.797094597    0.791717695
   61.879081949    0.797055852    0.791987572
   61.907427841    0.797027461    0.792245024
   61.935773733    0.797021368    0.792490722
   61.964119624    0.797042483    0.792725100
   61.992465516    0.797087199    0.792948440
   62.020811408    0.797144556    0.793160968
   62.049157300    0.797199677    0.793362950
   62.077503192    0.797238399    0.793554757
   62.105849084    0.797251663    0.793736903
   62.134194976    0.797238289    0.793910022
   62.162540867    0.797205315    0.794074817
   62.190886759    0.797165769    0.794231982
   62.219232651    0.797134608    0.794382124
   62.247578543    0.797124075    0.794525706
   62.275924435    0.797139919    0.794663027
   62.304270327    0.797179646    0.794794240
   62.332616219    0.797233336    0.794919412
   62.360962111    0.797286754    0.795038597
   62.389308002    0.797325785    0.795151909
   62.417653894    0.797340812    0.795259566
   62.445999786    0.797329677    0.795361910
   62.474345678    0.797298316    0.795459375
   62.502691570    0.797258883    0.795552430
   62.531037462    0.797225950    0.795641510
   62.559383354    0.797211981    0.795726953
   62.587729246    0.797223477    0.795808962
   62.616075137    0.797258988    0.795887611
   62.644421029    0.797309599    0.795962875
   62.672766921    0.797361733    0.796034699
   62.701112813    0.797401383    0.796103061
   62.729458705    0.797418459    0.796168030
   62.757804597    0.797409905    0.796229787
   62.786150489    0.797380610    0.796288618
   62.814496380    0.797341865    0.796344865
   62.842842272    0.797307823    0.796398862
   62.871188164    0.797291103    0.796450875
   62.899534056    0.797298879    0.796501056
   62.927879948    0.797330678    0.796549438
   62.956225840    0.797378561    0.796595950
   62.984571732    0.797429621    0.796640479
   63.012917624    0.797470009    0.796682932
   63.041263515    0.797489237    0.796723290
   63.069609407    0.797483419    0.796761642
   63.097955299    0.797456451    0.796798181
   63.126301191    0.797418766    0.796833171
   63.154647083    0.797384074    0.796866887
   63.182992975    0.797365086    0.796899555
   63.211338867    0.797369579    0.796931303
   63.239684758    0.797398000    0.796962142
   63.268030650    0.797443355    0.796991987
   63.296376542    0.797493418    0.797020695
   63.324722434    0.797534541    0.797048133
   63.353068326    0.797555903    0.797074231
   63.381414218    0.797552856    0.797099018
   63.409760110    0.797528343    0.797122629
   63.438106002    0.797491958    0.797145277
   63.466451893    0.797456935    0.797167201
   63.494797785    0.797436029    0.797188602
   63.523143677    0.797437555    0.797209598
   63.551489569    0.797462825    0.797230199
   63.579835461    0.797505766    0.797250314
   63.608181353    0.797554835    0.797269791
   63.636527245    0.797596628    0.797288476
   63.664873137    0.797620048    0.797306265
   63.693219028    0.797619743    0.797323151
   63.721564920    0.797597748    0.797339228
   63.749910812    0.797562825    0.797354673
   63.778256704    0.797527714    0.797369701
   63.806602596    0.797505166    0.797384500
   63.834948488    0.797503976    0.797399187
   63.863294380    0.797526270    0.797413775
   63.891640271    0.797566867    0.797428178
   63.919986163    0.797614915    0.797442242
   63.948332055    0.797657285    0.797455803
   63.976677947    0.797682658    0.797468738
   64.005023839    0.797685032    0.797481012
   64.033369731    0.797665574    0.797492689
   64.061715623    0.797632227    0.797503922
   64.090061515    0.797597220    0.797514905
   64.118407406    0.797573253    0.797525821
   64.146753298    0.797569552    0.797536788
   64.175099190    0.797589006    0.797547826
   64.203445082    0.797627301    0.797558858
   64.231790974    0.797674278    0.797569735
   64.260136866    0.797717113    0.797580288
   64.288482758    0.797744313    0.797590381
   64.316828649    0.797749280    0.797599959
   64.345174541    0.797732347    0.797609064
   64.373520433    0.797700655    0.797617828
   64.401866325    0.797665904    0.797626432
   64.430212217    0.797640710    0.797635052
   64.458558109    0.797634671    0.797643811
   64.486904001    0.797651401    0.797652739
   64.515249893    0.797687423    0.797661768
   64.543595784    0.797733271    0.797670758
   64.571941676    0.797776455    0.797679539
   64.600287568    0.797805349    0.797687966
   64.628633460    0.797812809    0.797695969
   64.656979352    0.797798376    0.797703573
   64.685325244    0.797768398    0.797710891
   64.713671136    0.797734037    0.797718093
   64.742017028    0.797707783    0.797725352
   64.770362919    0.797699568    0.797732794
   64.798708811    0.797713681    0.797740459
   64.827054703    0.797747455    0.797748292
   64.855400595    0.797792116    0.797756160
   64.883746487    0.797835530    0.797763896
   64.912092379    0.797865985    0.797771350
   64.940438271    0.797875835    0.797778439
   64.968784162    0.797863864    0.797785172
   64.997130054    0.797835645    0.797791648
   65.025475946    0.797801791    0.797798025
   65.053821838    0.797774634    0.797804474
   65.082167730    0.797764389    0.797811126
   65.110513622    0.797775982    0.797818029
   65.138859514    0.797807528    0.797825140
   65.167205406    0.797850941    0.797832337
   65.195551297    0.797894467    0.797839454
   65.223897189    0.797926346    0.797846341
   65.252243081    0.797938477    0.797852903
   65.280588973    0.797928922    0.797859136
   65.308934865    0.797902497    0.797865124
   65.337280757    0.797869255    0.797871018
   65.365626649    0.797841340    0.797876983
   65.393972540    0.797829208    0.797883154
   65.422318432    0.797838374    0.797889591
   65.450664324    0.797867712    0.797896261
   65.479010216    0.797909820    0.797903051
   65.507356108    0.797953341    0.797909802
   65.535702000    0.797986509    0.797916360
   65.564047892    0.798000810    0.797922623
   65.592393784    0.797993622    0.797928574
   65.620739675    0.797969021    0.797934285
   65.649085567    0.797936490    0.797939896
   65.677431459    0.797907957    0.797945571
   65.705777351    0.797894074    0.797951447
   65.734123243    0.797900906    0.797957594
   65.762469135    0.797928056    0.797963989
   65.790815027    0.797968801    0.797970529
   65.819160919    0.798012203    0.797977062
   65.847506810    0.798046525    0.797983432
   65.875852702    0.798062885    0.797989530
   65.904198594    0.798058014    0.797995328
   65.932544486    0.798035262    0.798000886
   65.960890378    0.798003536    0.798006335
   65.989236270    0.797974518    0.798011835
   66.017582162    0.797959015    0.798017527
   66.045928053    0.797963603    0.798023487
   66.074273945    0.797988583    0.798029706
   66.102619837    0.798027908    0.798036090
   66.130965729    0.798071078    0.798042491
   66.159311621    0.798106422    0.798048754
   66.187657513    0.798124730    0.798054766
   66.216003405    0.798122123    0.798060486
   66.244349297    0.798101241    0.798065964
   66.272695188    0.798070411    0.798071322
   66.301041080    0.798041037    0.798076717
   66.329386972    0.798024043    0.798082290
   66.357732864    0.798026471    0.798088127
   66.386078756    0.798049300    0.798094227
   66.414424648    0.798087151    0.798100508
   66.442770540    0.798129979    0.798106828
   66.471116431    0.798166214    0.798113033
   66.499462323    0.798186363    0.798119004
   66.527808215    0.798185968    0.798124690
   66.556154107    0.798166978    0.798130132
   66.584499999    0.798137131    0.798135442
   66.612845891    0.798107526    0.798140773
   66.641191783    0.798089165    0.798146268
   66.669537675    0.798089519    0.798152018
   66.697883566    0.798110215    0.798158036
   66.726229458    0.798146538    0.798164246
   66.754575350    0.798188917    0.798170515
   66.782921242    0.798225916    0.798176689
   66.811267134    0.798247801    0.798182644
   66.839613026    0.798249567    0.798188324
   66.867958918    0.798232489    0.798193755
   66.896304810    0.798203707    0.798199043
   66.924650701    0.798173994    0.798204334
   66.952996593    0.798154385    0.798209775
   66.981342485    0.798152745    0.798215463
   67.009688377    0.798171324    0.798221418
   67.038034269    0.798206067    0.798227576
   67.066380161    0.798247893    0.798233810
   67.094726053    0.798285535    0.798239969
   67.123071944    0.798309053    0.798245924
   67.151417836    0.798312932    0.798251611
   67.179763728    0.798297784    0.798257047
   67.208109620    0.798270148    0.798262327
   67.236455512    0.798240440    0.798267596
   67.264801404    0.798219698    0.798272998
   67.293147296    0.798216142    0.798278637
   67.321493188    0.798232621    0.798284542
   67.349839079    0.798265735    0.798290660
   67.378184971    0.798306909    0.798296869
   67.406530863    0.798345077    0.798303021
   67.434876755    0.798370132    0.798308984
   67.463222647    0.798376075    0.798314686
   67.491568539    0.798362874    0.798320135
   67.519914431    0.798336459    0.798325418
   67.548260322    0.798306867    0.798330673
   67.576606214    0.798285102    0.798336046
   67.604952106    0.798279705    0.798341646
   67.633297998    0.798294100    0.798347509
   67.661643890    0.798325539    0.798353592
   67.689989782    0.798365969    0.798359781
   67.718335674    0.798404552    0.798365931
   67.746681566    0.798431050    0.798371906
   67.775027457    0.798439010    0.798377628
   67.803373349    0.798427769    0.798383096
   67.831719241    0.798402646    0.798388388
   67.860065133    0.798373274    0.798393636
   67.888411025    0.798350589    0.798398987
   67.916756917    0.798343422    0.798404552
   67.945102809    0.798355752    0.798410379
   67.973448701    0.798385475    0.798416431
   68.001794592    0.798425073    0.798422603
   68.030140484    0.798463967    0.798428751
   68.058486376    0.798491818    0.798434741
   68.086832268    0.798501749    0.798440485
   68.115178160    0.798492479    0.798445975
   68.143524052    0.798468711    0.798451280
   68.171869944    0.798439654    0.798456526
   68.200215835    0.798416149    0.798461858
   68.228561727    0.798407284    0.798467393
   68.256907619    0.798417569    0.798473186
   68.285253511    0.798445540    0.798479210
   68.313599403    0.798484226    0.798485365
   68.341945295    0.798523331    0.798491513
   68.370291187    0.798552449    0.798497517
   68.398637079    0.798564304    0.798503285
   68.426982970    0.798557010    0.798508799
   68.455328862    0.798534654    0.798514118
   68.483674754    0.798506003    0.798519365
   68.512020646    0.798481772    0.798524683
   68.540366538    0.798471278    0.798530191
   68.568712430    0.798479542    0.798535953
   68.597058322    0.798505732    0.798541948
   68.625404213    0.798543434    0.798548088
   68.653750105    0.798582658    0.798554236
   68.682095997    0.798612958    0.798560254
   68.710441889    0.798626685    0.798566045
   68.738787781    0.798621369    0.798571583
   68.767133673    0.798600473    0.798576920
   68.795479565    0.798572311    0.798582170
   68.823825457    0.798547445    0.798587475
   68.852171348    0.798535393    0.798592960
   68.880517240    0.798541664    0.798598691
   68.908863132    0.798566052    0.798604659
   68.937209024    0.798602704    0.798610782
   68.965554916    0.798641959    0.798616929
   68.993900808    0.798673357    0.798622961
   69.022246700    0.798688904    0.798628776
   69.050592592    0.798685558    0.798634339
   69.078938483    0.798666165    0.798639694
   69.107284375    0.798638569    0.798644949
   69.135630267    0.798613156    0.798650244
   69.163976159    0.798599618    0.798655706
   69.192322051    0.798603931    0.798661408
   69.220667943    0.798626501    0.798667349
   69.249013835    0.798662046    0.798673456
   69.277359726    0.798701246    0.798679600
   69.305705618    0.798733658    0.798685645
   69.334051510    0.798750968    0.798691482
   69.362397402    0.798749578    0.798697071
   69.390743294    0.798731723    0.798702445
   69.419089186    0.798704765    0.798707707
   69.447435078    0.798678893    0.798712994
   69.475780970    0.798663945    0.798718435
   69.504126861    0.798666340    0.798724108
   69.532472753    0.798687085    0.798730023
   69.560818645    0.798721469    0.798736112
   69.589164537    0.798760533    0.798742254
   69.617510429    0.798793874    0.798748310
   69.645856321    0.798812882    0.798754169
   69.674202213    0.798813428    0.798759783
   69.702548104    0.798797139    0.798765177
   69.730893996    0.798770888    0.798770448
   69.759239888    0.798744645    0.798775729
   69.787585780    0.798728366    0.798781149
   69.815931672    0.798728890    0.798786795
   69.844277564    0.798747810    0.798792684
   69.872623456    0.798780984    0.798798755
   69.900969348    0.798819831    0.798804892
   69.929315239    0.798854011    0.798810958
   69.957661131    0.798874650    0.798816839
   69.986007023    0.798877105    0.798822477
   70.014352915    0.798862404    0.798827893
   70.042698807    0.798836927    0.798833173
   70.071044699    0.798810402    0.798838448
   70.099390591    0.798792877    0.798843850
   70.127736483    0.798791582    0.798849470
   70.156082374    0.798808682    0.798855332
   70.184428266    0.798840601    0.798861384
   70.212774158    0.798879150    0.798867515
   70.241120050    0.798914077    0.798873591
   70.269465942    0.798936272    0.798879492
   70.297811834    0.798940603    0.798885156
   70.326157726    0.798927511    0.798890593
   70.354503617    0.798902873    0.798895884
   70.382849509    0.798876158    0.798901155
   70.411195401    0.798857476    0.798906539
   70.439541293    0.798854421    0.798912133
   70.467887185    0.798869709    0.798917968
   70.496233077    0.798900330    0.798924001
   70.524578969    0.798938497    0.798930126
   70.552924861    0.798974076    0.798936210
   70.581270752    0.798997748    0.798942131
   70.609616644    0.799003917    0.798947819
   70.637962536    0.798992451    0.798953278
   70.666308428    0.798968718    0.798958580
   70.694654320    0.798941908    0.798963849
   70.723000212    0.798922162    0.798969217
   70.751346104    0.798917410    0.798974786
   70.779691995    0.798930898    0.798980595
   70.808037887    0.798960178    0.798986607
   70.836383779    0.798997879    0.798992725
   70.864729671    0.799034009    0.798998815
   70.893075563    0.799059074    0.799004755
   70.921421455    0.799067042    0.799010468
   70.949767347    0.799057217    0.799015949
   70.978113239    0.799034457    0.799021263
   71.006459130    0.799007649    0.799026531
   71.034805022    0.798986938    0.799031884
   71.063150914    0.798980554    0.799037428
   71.091496806    0.798992255    0.799043210
   71.119842698    0.799020150    0.799049203
   71.148188590    0.799057297    0.799055312
   71.176534482    0.799093875    0.799061408
   71.204880374    0.799120248    0.799067365
   71.233226265    0.799129973    0.799073102
   71.261572157    0.799121806    0.799078605
   71.289918049    0.799100088    0.799083933
   71.318263941    0.799073384    0.799089201
   71.346609833    0.799051805    0.799094540
   71.374955725    0.799043857    0.799100060
   71.403301617    0.799053784    0.799105816
   71.431647508    0.799080247    0.799111788
   71.459993400    0.799116751    0.799117887
   71.488339292    0.799153673    0.799123988
   71.516685184    0.799181267    0.799129963
   71.545031076    0.799192708    0.799135723
   71.573376968    0.799186217    0.799141249
   71.601722860    0.799165613    0.799146591
   71.630068752    0.799139113    0.799151858
   71.658414643    0.799116767    0.799157184
   71.686760535    0.799107321    0.799162682
   71.715106427    0.799115485    0.799168412
   71.743452319    0.799140470    0.799174362
   71.771798211    0.799176240    0.799180452
   71.800144103    0.799213399    0.799186556
   71.828489995    0.799242128    0.799192547
   71.856835886    0.799255246    0.799198331
   71.885181778    0.799250451    0.799203879
   71.913527670    0.799231032    0.799209235
   71.941873562    0.799204839    0.799214504
   71.970219454    0.799181826    0.799219818
   71.998565346    0.799170946    0.799225293
   72.026911238    0.799177356    0.799230998
   72.055257130    0.799200814    0.799236927
   72.083603021    0.799235759    0.799243006
   72.111948913    0.799273053    0.799249114
   72.140294805    0.799302833    0.799255121
   72.168640697    0.799317590    0.799260927
   72.196986589    0.799314512    0.799266497
   72.225332481    0.799296352    0.799271867
   72.253678373    0.799270567    0.799277137
   72.282024265    0.799246982    0.799282438
   72.310370156    0.799234728    0.799287891
   72.338716048    0.799239391    0.799293570
   72.367061940    0.799261274    0.799299479
   72.395407832    0.799295306    0.799305550
   72.423753724    0.799332633    0.799311665
   72.452099616    0.799363384    0.799317691
   72.480445508    0.799379747    0.799323521
   72.508791399    0.799378409    0.799329110
   72.537137291    0.799361578    0.799334486
   72.565483183    0.799336297    0.799339744
   72.593829075    0.799312232    0.799345017
   72.622174967    0.799298663    0.799350437
   72.650520859    0.799301584    0.799356096
   72.678866751    0.799321843    0.799362021
   72.707212643    0.799354875    0.799368170
   72.735558534    0.799392141    0.799374448
   72.763904426    0.799423788    0.799380743
   72.792250318    0.799441726    0.799386962
   72.820596210    0.799442148    0.799393067
   72.848942102    0.799426716    0.799399087
   72.877287994    0.799402029    0.799405113
   72.905633886    0.799377570    0.799411271
   72.933979777    0.799362739    0.799417683
   72.962325669    0.799363924    0.799424434
   72.990671561    0.799382513    0.799431538
   73.019017453    0.799414466    0.799438941
   73.047363345    0.799451582    0.799446533
   73.075709237    0.799484054    0.799454186
   73.104055129    0.799503537    0.799461790
   73.132401021    0.799505741    0.799469291
   73.160746912    0.799491768    0.799476702
   73.189092804    0.799467762    0.799484107
   73.217438696    0.799442989    0.799491628
   73.245784588    0.799426946    0.799499390
   73.274130480    0.799426399    0.799507482
   73.302476372    0.799443278    0.799515927
   73.330822264    0.799474079    0.799524679
   73.359168156    0.799510962    0.799533634
   73.387514047    0.799544195    0.799542663
   73.415859939    0.799565195    0.799551653
   73.444205831    0.799569197    0.799560543
   73.472551723    0.799556739    0.799569339
   73.500897615    0.799533490    0.799578119
   73.529243507    0.799508476    0.799587001
   73.557589399    0.799491268    0.799596112
   73.585935290    0.799488997    0.799605546
   73.614281182    0.799504133    0.799615334
   73.642627074    0.799533718    0.799625436
   73.670972966    0.799570293    0.799635753
   73.699318858    0.799604226    0.799646157
   73.727664750    0.799626713    0.799656532
   73.756010642    0.799632524    0.799666810
   73.784356534    0.799621629    0.799676992
   73.812702425    0.799599203    0.799687147
   73.841048317    0.799574016    0.799697392
   73.869394209    0.799555690    0.799707853
   73.897740101    0.799551707    0.799718630
   73.926085993    0.799565073    0.799729760
   73.954431885    0.799593387    0.799741212
   73.982777777    0.799629589    0.799752889
   74.011123668    0.799664164    0.799764667
   74.039469560    0.799688107    0.799776426
   74.067815452    0.799695730    0.799788093
   74.096161344    0.799686433    0.799799660
   74.124507236    0.799664891    0.799811192
   74.152853128    0.799639593    0.799822800
   74.181199020    0.799620196    0.799834613
   74.209544912    0.799614519    0.799846734
   74.237890803    0.799626099    0.799859207
   74.266236695    0.799653097    0.799872006
   74.294582587    0.799688865    0.799885043
   74.322928479    0.799724025    0.799898193
   74.351274371    0.799749388    0.799911335
   74.379620263    0.799758818    0.799924390
   74.407966155    0.799751147    0.799937344
   74.436312047    0.799730538    0.799950253
   74.464657938    0.799705188    0.799963227
   74.493003830    0.799684770    0.799976393
   74.521349722    0.799677423    0.799989857
   74.549695614    0.799687212    0.800003672
   74.578041506    0.799712858    0.800017819
   74.606387398    0.799748140    0.800032214
   74.634733290    0.799783829    0.800046735
   74.663079181    0.799810570    0.800061260
   74.691425073    0.799821792    0.800075703
   74.719770965    0.799815763    0.800090044
   74.748116857    0.799796130    0.800104332
   74.776462749    0.799770783    0.800118672
   74.804808641    0.799749396    0.800133192
   74.833154533    0.799740413    0.800148001
   74.861500425    0.799748414    0.800163157
   74.889846316    0.799772683    0.800178650
   74.918192208    0.799807429    0.800194402
   74.946538100    0.799843593    0.800210294
   74.974883992    0.799871665    0.800226200
   75.003229884    0.799884656    0.800242031
   75.031575776    0.799880276    0.800257760
   75.059921668    0.799861653    0.800273428
   75.088267559    0.799836361    0.800289136
   75.116613451    0.799814058    0.800305010
   75.144959343    0.799803479    0.800321164
   75.173305235    0.799809705    0.800337662
   75.201651127    0.799832580    0.800354500
   75.229997019    0.799866750    0.800371608
   75.258342911    0.799903334    0.800388868
   75.286688803    0.799932689    0.800406156
   75.315034694    0.799947419    0.800423375
   75.343380586    0.799944685    0.800440492
   75.371726478    0.799927096    0.800457541
   75.400072370    0.799901903    0.800474617
   75.428418262    0.799878733    0.800491847
   75.456764154    0.799866598    0.800509346
   75.485110046    0.799871070    0.800527185
   75.513455938    0.799892546    0.800545368
   75.541801829    0.799926115    0.800563831
   75.570147721    0.799963082    0.800582459
   75.598493613    0.799993679    0.800601127
   75.626839505    0.800010117    0.800619735
   75.655185397    0.800009015    0.800638240
   75.683531289    0.799992463    0.800656671
   75.711877181    0.799967382    0.800675118
   75.740223072    0.799943369    0.800693703
   75.768568964    0.799929701    0.800712548
   75.796914856    0.799932442    0.800731728
   75.825260748    0.799952544    0.800751255
   75.853606640    0.799985534    0.800771071
   75.881952532    0.800022905    0.800791066
   75.910298424    0.800054760    0.800811115
   75.938644316    0.800072900    0.800831111
   75.966990207    0.800073389    0.800851006
   75.995336099    0.800057797    0.800870819
   76.023681991    0.800032721    0.800890636
   76.052027883    0.800007748    0.800910578
   76.080373775    0.799992468    0.800930768
   76.108719667    0.799993488    0.800951288
   76.137065559    0.800012352    0.800972158
   76.165411450    0.800045039    0.800993327
   76.193757342    0.800083187    0.801014690
   76.222103234    0.800116664    0.801036119
   76.250449126    0.800136707    0.801057504
   76.278795018    0.800138652    0.801078789
   76.307140910    0.800123405    0.801099986
   76.335486802    0.800097220    0.801121174
   76.363832694    0.800069846    0.801142472
   76.392178585    0.800051613    0.801164006
   76.420524477    0.800050381    0.801185865
   76.448870369    0.800069265    0.801208077
   76.477216261    0.800105849    0.801230599
   76.505562153    0.800153107    0.801253329
   76.533908045    0.800201724    0.801276141
   76.562253937    0.800243081    0.801298918
   76.590599829    0.800271968    0.801321596
   76.618945720    0.800288160    0.801344177
   76.647291612    0.800296392    0.801366733
   76.675637504    0.800304732    0.801389382
   76.703983396    0.800321894    0.801412253
   76.732329288    0.800354336    0.801435444
   76.760675180    0.800404077    0.801458996
   76.789021072    0.800467919    0.801482875
   76.817366963    0.800538337    0.801506986
   76.845712855    0.800605755    0.801531201
   76.874058747    0.800661496    0.801555395
   76.902404639    0.800700480    0.801579482
   76.930750531    0.800722818    0.801603441
   76.959096423    0.800733792    0.801627316
   76.987442315    0.800742226    0.801651196
   77.015788207    0.800757741    0.801675188
   77.044134098    0.800787763    0.801699373
   77.072479990    0.800835197    0.801723782
   77.100825882    0.800897524    0.801748380
   77.129171774    0.800967576    0.801773075
   77.157517666    0.801035771    0.801797747
   77.185863558    0.801093101    0.801822280
   77.214209450    0.801133946    0.801846604
   77.242555341    0.801157828    0.801870713
   77.270901233    0.801169565    0.801894665
   77.299247125    0.801177768    0.801918571
   77.327593017    0.801192154    0.801942553
   77.355938909    0.801220512    0.801966713
   77.384284801    0.801266273    0.801991094
   77.412630693    0.801327433    0.802015675
   77.440976585    0.801397181    0.802040368
   77.469322476    0.801466022    0.802065052
   77.497668368    0.801524742    0.802089609
   77.526014260    0.801567288    0.802113960
   77.554360152    0.801592653    0.802138089
   77.582706044    0.801605194    0.802162049
   77.611051936    0.801613275    0.802185948
   77.639397828    0.801626650    0.802209911
   77.667743720    0.801653423    0.802234044
   77.696089611    0.801697514    0.802258400
   77.724435503    0.801757439    0.802282963
   77.752781395    0.801826771    0.802307652
   77.781127287    0.801896145    0.802332347
   77.809473179    0.801956185    0.802356925
   77.837819071    0.802000426    0.802381300
   77.866164963    0.802027337    0.802405448
   77.894510854    0.802040792    0.802429419
   77.922856746    0.802048866    0.802453313
   77.951202638    0.802061314    0.802477259
   77.979548530    0.802086524    0.802501368
   78.007894422    0.802128901    0.802525699
   78.036240314    0.802187495    0.802550244
   78.064586206    0.802256295    0.802574927
   78.092932098    0.802326106    0.802599630
   78.121277989    0.802387419    0.802624226
   78.149623881    0.802433376    0.802648625
   78.177969773    0.802461910    0.802672794
   78.206315665    0.802476387    0.802696775
   78.234661557    0.802484560    0.802720667
   78.263007449    0.802496147    0.802744598
   78.291353341    0.802519801    0.802768683
   78.319699232    0.802560410    0.802792989
   78.348045124    0.802617577    0.802817516
   78.376391016    0.802685739    0.802842192
   78.404736908    0.802755905    0.802866901
   78.433082800    0.802818459    0.802891515
   78.461428692    0.802866160    0.802915936
   78.489774584    0.802896394    0.802940126
   78.518120476    0.802911995    0.802964119
   78.546466367    0.802920359    0.802988010
   78.574812259    0.802931139    0.803011927
   78.603158151    0.802953234    0.803035989
   78.631504043    0.802992019    0.803060271
   78.659849935    0.803047668    0.803084778
   78.688195827    0.803115096    0.803109446
   78.716541719    0.803185548    0.803134160
   78.744887611    0.803249323    0.803158790
   78.773233502    0.803298799    0.803183234
   78.801579394    0.803330809    0.803207445
   78.829925286    0.803347625    0.803231450
   78.858271178    0.803356259    0.803255342
   78.886617070    0.803366271    0.803279246
   78.914962962    0.803386798    0.803303286
   78.943308854    0.803423705    0.803327544
   78.971654745    0.803477753    0.803352031
   79.000000637    0.803544366    0.803376689
   79.028346529    0.803615049    0.803401407
   79.056692421    0.803680034    0.803426052
   79.085038313    0.803731322    0.803450518
   79.113384205    0.803765176    0.803474750
   79.141730097    0.803783287    0.803498769
   79.170075989    0.803792253    0.803522662
   79.198421880    0.803801525    0.803546555
   79.226767772    0.803820467    0.803570575
   79.255113664    0.803855439    0.803594807
   79.283459556    0.803907814    0.803619274
   79.311805448    0.803973545    0.803643921
   79.340151340    0.804044421    0.803668641
   79.368497232    0.804110618    0.803693301
   79.396843123    0.804163758    0.803717788
   79.425189015    0.804199522    0.803742042
   79.453534907    0.804218995    0.803766075
   79.481880799    0.804228339    0.803789971
   79.510226691    0.804236879    0.803813854
   79.538572583    0.804254204    0.803837853
   79.566918475    0.804287184    0.803862061
   79.595264367    0.804337820    0.803886507
   79.623610258    0.804402620    0.803911143
   79.651956150    0.804473674    0.803935864
   79.680302042    0.804541109    0.803960537
   79.708647934    0.804596159    0.803985045
   79.736993826    0.804633901    0.804009320
   79.765339718    0.804654789    0.804033369
   79.793685610    0.804664528    0.804057268
   79.822031502    0.804672309    0.804081141
   79.850377393    0.804687953    0.804105120
   79.878723285    0.804718859    0.804129304
   79.907069177    0.804767691    0.804153729
   79.935415069    0.804831537    0.804178354
   79.963760961    0.804902803    0.804203077
   79.992106853    0.804971562    0.804227764
   80.020452745    0.805028635    0.804252291
   80.048798636    0.805068453    0.804276587
   80.077144528    0.805090798    0.804300648
   80.105490420    0.805100891    0.804324547
   80.133836312    0.805107786    0.804348408
   80.162182204    0.805121570    0.804372367
   80.190528096    0.805150228    0.804396530
   80.218873988    0.805197154    0.804420942
   80.247219880    0.805260078    0.804445568
   80.275565771    0.805331743    0.804470307
   80.303911663    0.805402136    0.804495017
   80.332257555    0.805461581    0.804519560
   80.360603447    0.805503739    0.804543840
   80.388949339    0.805527590    0.804567829
   80.417295231    0.805537783    0.804591572
   80.445641123    0.805543231    0.804615170
   80.473987014    0.805554392    0.804638743
   80.502332906    0.805580064    0.804662388
   80.530678798    0.805624677    0.804686149
   80.559024690    0.805686907    0.804709997
   80.587370582    0.805760039    0.804733839
   80.615716474    0.805833960    0.804757546
   80.644062366    0.805898155    0.804780993
   80.672408258    0.805944787    0.804804094
   80.700754149    0.805970928    0.804826834
   80.729100041    0.805979243    0.804849271
   80.757445933    0.805976965    0.804871518
   80.785791825    0.805973488    0.804893709
   80.814137717    0.805977344    0.804915957
   80.842483609    0.805993530    0.804938318
   80.870829501    0.806022009    0.804960775
   80.899175393    0.806057851    0.804983242
   80.927521284    0.806092949    0.805005591
   80.955867176    0.806118761    0.805027691
   80.984213068    0.806129188    0.805049452
   81.012558960    0.806122675    0.805070848
   81.040904852    0.806102859    0.805091930
   81.069250744    0.806077542    0.805112808
   81.097596636    0.806056321    0.805133616
   81.125942527    0.806047606    0.805154472
   81.154288419    0.806055973    0.805175441
   81.182634311    0.806080696    0.805196512
   81.210980203    0.806115932    0.805217605
   81.239326095    0.806152512    0.805238595
   81.267671987    0.806180785    0.805259348
   81.296017879    0.806193639    0.805279766
   81.324363771    0.806188744    0.805299818
   81.352709662    0.806169304    0.805319546
   81.381055554    0.806143088    0.805339056
   81.409401446    0.806120026    0.805358482
   81.437747338    0.806109108    0.805377947
   81.466093230    0.806115568    0.805397522
   81.494439122    0.806139232    0.805417206
   81.522785014    0.806174545    0.805436924
   81.551130905    0.806212287    0.805456553
   81.579476797    0.806242440    0.805475958
   81.607822689    0.806257319    0.805495035
   81.636168581    0.806253985    0.805513743
   81.664514473    0.806235182    0.805532118
   81.692860365    0.806208501    0.805550261
   81.721206257    0.806184024    0.805568306
   81.749552149    0.806171179    0.805586380
   81.777898040    0.806175790    0.805604561
   81.806243932    0.806198242    0.805622856
   81.834589824    0.806233343    0.805641197
   81.862935716    0.806271927    0.805659464
   81.891281608    0.806303712    0.805677520
   81.919627500    0.806320508    0.805695255
   81.947973392    0.806318788    0.805712620
   81.976319284    0.806300805    0.805729644
   82.004665175    0.806273901    0.805746421
   82.033011067    0.806248234    0.805763086
   82.061356959    0.806233600    0.805779768
   82.089702851    0.806236376    0.805796553
   82.118048743    0.806257511    0.805813458
   82.146394635    0.806292213    0.805830421
   82.174740527    0.806331437    0.805847324
   82.203086418    0.806364700    0.805864030
   82.231432310    0.806383352    0.805880424
   82.259778202    0.806383294    0.805896447
   82.288124094    0.806366265    0.805912120
   82.316469986    0.806339318    0.805927532
   82.344815878    0.806312623    0.805942816
   82.373161770    0.806296298    0.805958106
   82.401507662    0.806297240    0.805973495
   82.429853553    0.806316965    0.805989007
   82.458199445    0.806351116    0.806004590
   82.486545337    0.806390816    0.806020128
   82.514891229    0.806425433    0.806035483
   82.543237121    0.806445899    0.806050535
   82.571583013    0.806447551    0.806065216
   82.599928905    0.806431602    0.806079539
   82.628274796    0.806404768    0.806093587
   82.656620688    0.806377187    0.806107490
   82.684966580    0.806359248    0.806121387
   82.713312472    0.806358349    0.806135378
   82.741658364    0.806376573    0.806149496
   82.770004256    0.806410030    0.806163695
   82.798350148    0.806450056    0.806177867
   82.826696040    0.806485919    0.806191870
   82.855041931    0.806508166    0.806205578
   82.883387823    0.806511583    0.806218917
   82.911733715    0.806496835    0.806231890
   82.940079607    0.806470266    0.806244573
   82.968425499    0.806441927    0.806257096
   82.996771391    0.806422443    0.806269599
   83.025117283    0.806419686    0.806282189
   83.053463175    0.806436316    0.806294910
   83.081809066    0.806468937    0.806307723
   83.110154958    0.806509146    0.806320524
   83.138500850    0.806546156    0.806333173
   83.166846742    0.806570162    0.806345537
   83.195192634    0.806575404    0.806357533
   83.223538526    0.806561981    0.806369155
   83.251884418    0.806535822    0.806380472
   83.280230309    0.806506849    0.806391613
   83.308576201    0.806485878    0.806402718
   83.336922093    0.806481240    0.806413906
   83.365267985    0.806496179    0.806425225
   83.393613877    0.806527822    0.806436649
   83.421959769    0.806568077    0.806448076
   83.450305661    0.806606144    0.806459366
   83.478651553    0.806631893    0.806470383
   83.506997444    0.806639026    0.806481033
   83.535343336    0.806627052    0.806491302
   83.563689228    0.806601447    0.806501252
   83.592035120    0.806571955    0.806511006
   83.620381012    0.806549548    0.806520712
   83.648726904    0.806543000    0.806530490
   83.677072796    0.806556147    0.806540404
   83.705418687    0.806586675    0.806550432
   83.733764579    0.806626842    0.806560479
   83.762110471    0.806665882    0.806570406
   83.790456363    0.806693366    0.806580070
   83.818802255    0.806702459    0.806589370
   83.847148147    0.806692058    0.806598281
   83.875494039    0.806667146    0.806606857
   83.903839931    0.806637244    0.806615220
   83.932185822    0.806613446    0.806623518
   83.960531714    0.806604954    0.806631880
   83.988877606    0.806616207    0.806640378
   84.017223498    0.806645485    0.806649002
   84.045569390    0.806685438    0.806657662
   84.073915282    0.806725374    0.806666217
   84.102261174    0.806754589    0.806674521
   84.130607066    0.806765712    0.806682463
   84.158952957    0.806757005    0.806690006
   84.187298849    0.806732919    0.806697198
   84.215644741    0.806702710    0.806704156
   84.243990633    0.806677560    0.806711032
   84.272336525    0.806667089    0.806717964
   84.300682417    0.806676349    0.806725034
   84.329028309    0.806704246    0.806732242
   84.357374200    0.806743864    0.806739504
   84.385720092    0.806784623    0.806746681
   84.414065984    0.806815568    0.806753615
   84.442411876    0.806828790    0.806760186
   84.470757768    0.806821894    0.806766342
   84.499103660    0.806798762    0.806772120
   84.527449552    0.806768343    0.806777635
   84.555795444    0.806741879    0.806783047
   84.584141335    0.806729392    0.806788511
   84.612487227    0.806736565    0.806794137
   84.640833119    0.806762954    0.806799956
   84.669179011    0.806802123    0.806805916
   84.697524903    0.806843637    0.806811904
   84.725870795    0.806876310    0.806817782
   84.754216687    0.806891695    0.806823436
   84.782562578    0.806886722    0.806828816
   84.810908470    0.806864665    0.806833949
   84.839254362    0.806834130    0.806838939
   84.867600254    0.806806386    0.806843930
   84.895946146    0.806791851    0.806849064
   84.924292038    0.806796846    0.806854438
   84.952637930    0.806821609    0.806860070
   84.980983822    0.806860217    0.806865894
   85.009329713    0.806902416    0.806871782
