    0.000000000    0.681849655    0.681141132
    0.040944066    0.681890008    0.681117232
    0.081888132    0.681879911    0.681091323
    0.122832198    0.681827069    0.681063460
    0.163776264    0.681766058    0.681034076
    0.204720330    0.681736600    0.681003675
    0.245664396    0.681758494    0.680972486
    0.286608462    0.681819020    0.680940274
    0.327552528    0.681880817    0.680906455
    0.368496594    0.681905362    0.680870425
    0.409440660    0.681877291    0.680831900
    0.450384726    0.681814199    0.680791058
    0.491328792    0.681755677    0.680748387
    0.532272858    0.681738390    0.680704335
    0.573216924    0.681772893    0.680658978
    0.614160990    0.681836824    0.680611931
    0.655105056    0.681888866    0.680562532
    0.696049122    0.681894743    0.680510215
    0.736993188    0.681848912    0.680454814
    0.777937254    0.681778193    0.680396618
    0.818881320    0.681724975    0.680336135
    0.859825386    0.681720495    0.680273718
    0.900769452    0.681765021    0.680209278
    0.941713518    0.681827507    0.680142279
    0.982657584    0.681865038    0.680072013
    1.023601650    0.681849883    0.679997976
    1.064545716    0.681787087    0.679920128
    1.105489783    0.681711451    0.679838847
    1.146433849    0.681665674    0.679754624
    1.187377915    0.681673379    0.679667681
    1.228321981    0.681724057    0.679577751
    1.269266047    0.681779494    0.679484163
    1.310210113    0.681797766    0.679386187
    1.351154179    0.681759708    0.679283408
    1.392098245    0.681681147    0.679175907
    1.433042311    0.681603076    0.679064126
    1.473986377    0.681565850    0.678948500
    1.514930443    0.681583632    0.678829087
    1.555874509    0.681635253    0.678705432
    1.596818575    0.681677367    0.678576750
    1.637762641    0.681671707    0.678442320
    1.678706707    0.681609309    0.678301831
    1.719650773    0.681516328    0.678155482
    1.760594839    0.681437685    0.678003742
    1.801538905    0.681408724    0.677846946
    1.842482971    0.681432759    0.677684963
    1.883427037    0.681478733    0.677517149
    1.924371103    0.681500623    0.677342630
    1.965315169    0.681466433    0.677160720
    2.006259235    0.681378502    0.676971230
    2.047203301    0.681272211    0.676774457
    2.088147367    0.681193765    0.676570861
    2.129091433    0.681170975    0.676360637
    2.170035499    0.681195485    0.676143436
    2.210979565    0.681227771    0.675918437
    2.251923631    0.681221909    0.675684701
    2.292867697    0.681154554    0.675441609
    2.333811763    0.681039837    0.675189100
    2.374755829    0.680920620    0.674927546
    2.415699895    0.680841504    0.674657356
    2.456643961    0.680820542    0.674378541
    2.497588027    0.680837555    0.674090522
    2.538532093    0.680846578    0.673792309
    2.579476159    0.680804724    0.673482931
    2.620420225    0.680699307    0.673161864
    2.661364291    0.680556033    0.672829174
    2.702308357    0.680422930    0.672485280
    2.743252423    0.680340017    0.672130495
    2.784196489    0.680313813    0.671764606
    2.825140555    0.680312876    0.671386793
    2.866084621    0.680287353    0.670995911
    2.907028687    0.680200343    0.670590994
    2.947972753    0.680051293    0.670171633
    2.988916819    0.679876541    0.669738018
    3.029860885    0.679726487    0.669290584
    3.070804951    0.679633665    0.668829490
    3.111749017    0.679591878    0.668354267
    3.152693083    0.679559712    0.667863837
    3.193637149    0.679486389    0.667356927
    3.234581215    0.679343769    0.666832600
    3.275525281    0.679144256    0.666290588
    3.316469348    0.678933153    0.665731189
    3.357413414    0.678760092    0.665154808
    3.398357480    0.678647475    0.664561401
    3.439301546    0.678575903    0.663950188
    3.480245612    0.678495981    0.663319822
    3.521189678    0.678359233    0.662668910
    3.562133744    0.678148707    0.661996573
    3.603077810    0.677889845    0.661302689
    3.644021876    0.677634566    0.660587645
    3.684965942    0.677428414    0.659851753
    3.725910008    0.677281439    0.659094688
    3.766854074    0.677161325    0.658315289
    3.807798140    0.677013320    0.657511891
    3.848742206    0.676794570    0.656682966
    3.889686272    0.676501223    0.655827695
    3.930630338    0.676171044    0.654946088
    3.971574404    0.675859639    0.654038575
    4.012518470    0.675605136    0.653105282
    4.053462536    0.675403597    0.652145459
    4.094406602    0.675210882    0.651157414
    4.135350668    0.674970026    0.650139029
    4.176294734    0.674647022    0.649088545
    4.217238800    0.674252384    0.648005139
    4.258182866    0.673834670    0.646888907
    4.299126932    0.673449786    0.645740225
    4.340070998    0.673125298    0.644558847
    4.381015064    0.672842357    0.643343298
    4.421959130    0.672546883    0.642090969
    4.462903196    0.672183226    0.640798885
    4.503847262    0.671729173    0.639464734
    4.544791328    0.671210103    0.638087514
    4.585735394    0.670683068    0.636667336
    4.626679460    0.670200582    0.635204425
    4.667623526    0.669776873    0.633697817
    4.708567592    0.669378061    0.632144524
    4.749511658    0.668942760    0.630539744
    4.790455724    0.668420376    0.628878160
    4.831399790    0.667802995    0.627155790
    4.872343856    0.667130522    0.625371511
    4.913287922    0.666465502    0.623527460
    4.954231988    0.665853242    0.621628053
    4.995176054    0.665292387    0.619677988
    5.036120120    0.664734767    0.617680073
    5.077064186    0.664114972    0.615633776
    5.118008252    0.663391253    0.613535020
    5.158952318    0.662571891    0.611377196
    5.199896384    0.661710113    0.609152844
    5.240840450    0.660870361    0.606855290
    5.281784516    0.660086974    0.604479678
    5.322728582    0.659341435    0.602023234
    5.363672648    0.658572894    0.599484976
    5.404616714    0.657715742    0.596865277
    5.445560780    0.656740717    0.594165602
    5.486504846    0.655673483    0.591388566
    5.527448913    0.654578531    0.588538174
    5.568392979    0.653518148    0.585620061
    5.609337045    0.652512167    0.582641552
    5.650281111    0.651524099    0.579611518
    5.691225177    0.650482871    0.576540107
    5.732169243    0.649326889    0.573438452
    5.773113309    0.648042741    0.570318426
    5.814057375    0.646673864    0.567192385
    5.855001441    0.645293151    0.564072874
    5.895945507    0.643956361    0.560972232
    5.936889573    0.642665641    0.557902140
    5.977833639    0.641366542    0.554873159
    6.018777705    0.639980996    0.551894317
    6.059721771    0.638455894    0.548972707
    6.100665837    0.636796626    0.546113062
    6.141609903    0.635063964    0.543317269
    6.182553969    0.633335611    0.540583899
    6.223498035    0.631656233    0.537907924
    6.264442101    0.630007568    0.535280815
    6.305386167    0.628318035    0.532691109
    6.346330233    0.626506483    0.530125384
    6.387274299    0.624532907    0.527569355
    6.428218365    0.622423972    0.525008832
    6.469162431    0.620256559    0.522430337
    6.510106497    0.618108948    0.519821455
    6.551050563    0.616010025    0.517171133
    6.591994629    0.613918855    0.514470198
    6.632938695    0.611748290    0.511712142
    6.673882761    0.609418584    0.508893976
    6.714826827    0.606907531    0.506016703
    6.755770893    0.604265086    0.503085031
    6.796714959    0.601582284    0.500106207
    6.837659025    0.598933146    0.497088297
    6.878603091    0.596325929    0.494038581
    6.919547157    0.593695045    0.490962701
    6.960491223    0.590939892    0.487864926
    7.001435289    0.587987081    0.484749300
    7.042379355    0.584837015    0.481621015
    7.083323421    0.581564660    0.478487236
    7.124267487    0.578272651    0.475356855
    7.165211553    0.575025268    0.472239285
    7.206155619    0.571804791    0.469142867
    7.247099685    0.568518831    0.466073710
    7.288043751    0.565055589    0.463035501
    7.328987817    0.561353346    0.460030306
    7.369931883    0.557440308    0.457059784
    7.410875949    0.553418279    0.454126040
    7.451820015    0.549398553    0.451231563
    7.492764081    0.545429160    0.448378239
    7.533708147    0.541459613    0.445566058
    7.574652213    0.537367153    0.442792359
    7.615596279    0.533030272    0.440052264
    7.656540345    0.528404531    0.437340334
    7.697484411    0.523552305    0.434652809
    7.738428478    0.518605303    0.431989410
    7.779372544    0.513680580    0.429353837
    7.820316610    0.508801362    0.426752668
    7.861260676    0.503873505    0.424193112
    7.902204742    0.498735600    0.421680588
    7.943148808    0.493254817    0.419217135
    7.984092874    0.487409940    0.416801252
    8.025036940    0.481307725    0.414429027
    8.065981006    0.475117784    0.412095920
    8.106925072    0.468961918    0.409798302
    8.147869138    0.462825097    0.407534137
    8.188813204    0.456546345    0.405302678
    8.229757270    0.449901639    0.403103564
    8.270701336    0.442733930    0.400935924
    8.311645402    0.435052062    0.398797973
    8.352589468    0.427032978    0.396687257
    8.393533534    0.418915676    0.394601301
    8.434477600    0.410841184    0.392538267
    8.475421666    0.402731501    0.390497247
    8.516365732    0.394287009    0.388478126
    8.557309798    0.385120379    0.386481162
    8.598253864    0.374967832    0.384506597
    8.639197930    0.363868857    0.382554522
    8.680141996    0.352212738    0.380625023
    8.721086062    0.340613327    0.378718449
    8.762030128    0.329660422    0.376835565
    8.802974194    0.319660974    0.374977440
    8.843918260    0.310491658    0.373145111
    8.884862326    0.301631622    0.371339173
    8.925806392    0.292358144    0.369559538
    8.966750458    0.282013155    0.367805421
    9.007694524    0.270222112    0.366075497
    9.048638590    0.256978973    0.364368018
    9.089582656    0.242581639    0.362680715
    9.130526722    0.227472462    0.361010451
    9.171470788    0.212073370    0.359352831
    9.212414854    0.196691296    0.357702086
    9.253358920    0.181520549    0.356051521
    9.294302986    0.166714525    0.354394582
    9.335247052    0.152468959    0.352726272
    9.376191118    0.139064664    0.351044407
    9.417135184    0.126850475    0.349350160
    9.458079250    0.116184205    0.347647602
    9.499023316    0.107369505    0.345942364
    9.539967382    0.100621160    0.344239970
    9.580911448    0.096068312    0.342544614
    9.621855514    0.093780986    0.340859010
    9.662799580    0.093794639    0.339185498
    9.703743646    0.096114164    0.337528006
    9.744687712    0.100695335    0.335894010
    9.785631778    0.107415901    0.334295575
    9.826575844    0.116052111    0.332748871
    9.867519910    0.126269645    0.331272269
    9.908463976    0.137628256    0.329883705
    9.949408043    0.149594917    0.328598404
    9.990352109    0.161563347    0.327427841
   10.031296175    0.172883982    0.326380262
   10.072240241    0.182910071    0.325462256
   10.113184307    0.191058741    0.324680388
   10.154128373    0.196874056    0.324041819
   10.195072439    0.200071301    0.323553343
   10.236016505    0.200546081    0.323219149
   10.276960571    0.198348412    0.323038269
   10.317904637    0.193641533    0.323002974
   10.358848703    0.186674085    0.323098962
   10.399792769    0.177784068    0.323307364
   10.440736835    0.167427308    0.323607745
   10.481680901    0.156197586    0.323980827
   10.522624967    0.144798422    0.324409889
   10.563569033    0.133947133    0.324880539
   10.604513099    0.124232082    0.325379454
   10.645457165    0.115981540    0.325893222
   10.686401231    0.109212343    0.326408304
   10.727345297    0.103697197    0.326912441
   10.768289363    0.099132136    0.327396925
   10.809233429    0.095330148    0.327858544
   10.850177495    0.092345857    0.328300060
   10.891121561    0.090465426    0.328728802
   10.932065627    0.090063625    0.329153914
   10.973009693    0.091401157    0.329583545
   11.013953759    0.094469917    0.330023278
   11.054897825    0.098970367    0.330476461
   11.095841891    0.104433956    0.330946039
   11.136785957    0.110422970    0.331436670
   11.177730023    0.116695666    0.331955732
   11.218674089    0.123243106    0.332512436
   11.259618155    0.130177269    0.333115277
   11.300562221    0.137537804    0.333769005
   11.341506287    0.145136861    0.334472543
   11.382450353    0.152546104    0.335218804
   11.423394419    0.159252796    0.335996344
   11.464338485    0.164914102    0.336791850
   11.505282551    0.169575032    0.337592076
   11.546226617    0.173723468    0.338384295
   11.587170683    0.178134205    0.339155245
   11.628114749    0.183562533    0.339889533
   11.669058815    0.190428649    0.340568824
   11.710002881    0.198643245    0.341172760
   11.750946947    0.207656193    0.341681597
   11.791891013    0.216700311    0.342079553
   11.832835079    0.225108371    0.342357395
   11.873779145    0.232552008    0.342513103
   11.914723211    0.239099166    0.342550417
   11.955667277    0.245083780    0.342476101
   11.996611343    0.250874650    0.342297362
   12.037555409    0.256671702    0.342020666
   12.078499475    0.262429167    0.341652358
   12.119443542    0.267927348    0.341200487
   12.160387608    0.272933261    0.340676571
   12.201331674    0.277349660    0.340096128
   12.242275740    0.281270372    0.339477496
   12.283219806    0.284921926    0.338839406
   12.324163872    0.288538363    0.338198410
   12.365107938    0.292249524    0.337567301
   12.406052004    0.296046782    0.336955038
   12.446996070    0.299837599    0.336367890
   12.487940136    0.303545363    0.335810885
   12.528884202    0.307186450    0.335288629
   12.569828268    0.310875268    0.334805035
   12.610772334    0.314756196    0.334362210
   12.651716400    0.318907902    0.333959305
   12.692660466    0.323281781    0.333592115
   12.733604532    0.327712864    0.333253798
   12.774548598    0.331994155    0.332936436
   12.815492664    0.335964028    0.332632692
   12.856436730    0.339547530    0.332336823
   12.897380796    0.342722449    0.332044710
   12.938324862    0.345431967    0.331753136
   12.979268928    0.347506068    0.331458936
   13.020212994    0.348657221    0.331158589
   13.061157060    0.348576980    0.330848438
   13.102101126    0.347099292    0.330525230
   13.143045192    0.344348153    0.330186387
   13.183989258    0.340781674    0.329829567
   13.224933324    0.337089002    0.329451554
   13.265877390    0.333970612    0.329047051
   13.306821456    0.331897914    0.328608174
   13.347765522    0.330968860    0.328125190
   13.388709588    0.330937975    0.327588452
   13.429653654    0.331417918    0.326990726
   13.470597720    0.332164574    0.326328823
   13.511541786    0.333311634    0.325603590
   13.552485852    0.335438310    0.324818056
   13.593429918    0.339429007    0.323974381
   13.634373984    0.346181188    0.323070883
   13.675318050    0.356290505    0.322100442
   13.716262116    0.369854634    0.321051035
   13.757206182    0.386482245    0.319908251
   13.798150248    0.405496772    0.318658838
   13.839094314    0.426232480    0.317293966
   13.880038380    0.448277276    0.315811150
   13.920982446    0.471544086    0.314214421
   13.961926512    0.496137689    0.312513089
   14.002870578    0.522085764    0.310719946
   14.043814644    0.549071919    0.308849772
   14.084758710    0.576310428    0.306918629
   14.125702776    0.602635479    0.304943874
   14.166646842    0.626774153    0.302944393
   14.207590908    0.647682777    0.300940469
   14.248534974    0.664795394    0.298952954
   14.289479040    0.678076780    0.297001827
   14.330423107    0.687869355    0.295104639
   14.371367173    0.694624804    0.293275440
   14.412311239    0.698665459    0.291524603
   14.453255305    0.700099185    0.289859603
   14.494199371    0.698925131    0.288286329
   14.535143437    0.695261127    0.286810365
   14.576087503    0.689553334    0.285437635
   14.617031569    0.682633659    0.284174176
   14.657975635    0.675569950    0.283025170
   14.698919701    0.669367150    0.281993701
   14.739863767    0.664663893    0.281079813
   14.780807833    0.661580160    0.280280300
   14.821751899    0.659798359    0.279589313
   14.862695965    0.658839073    0.278999503
   14.903640031    0.658387711    0.278503188
   14.944584097    0.658497226    0.278093047
   14.985528163    0.659554372    0.277762080
   15.026472229    0.662022064    0.277502968
   15.067416295    0.666092097    0.277307270
   15.108360361    0.671434720    0.277165025
   15.149304427    0.677183967    0.277065154
   15.190248493    0.682174087    0.276996670
   15.231192559    0.685308670    0.276950280
   15.272136625    0.685873271    0.276919711
   15.313080691    0.683634304    0.276902137
   15.354024757    0.678685672    0.276897466
   15.394968823    0.671145390    0.276906757
   15.435912889    0.660889267    0.276930484
   15.476856955    0.647488989    0.276967464
   15.517801021    0.630406524    0.277014998
   15.558745087    0.609348257    0.277070187
   15.599689153    0.584583363    0.277131825
   15.640633219    0.557038587    0.277201940
   15.681577285    0.528094743    0.277286207
   15.722521351    0.499169155    0.277392952
   15.763465417    0.471286325    0.277531167
   15.804409483    0.444850566    0.277708408
   15.845353549    0.419730718    0.277929488
   15.886297615    0.395602964    0.278196438
   15.927241681    0.372361344    0.278509552
   15.968185747    0.350370717    0.278868740
   16.009129813    0.330422752    0.279274283
   16.050073879    0.313415746    0.279726442
   16.091017945    0.299927460    0.280224090
   16.131962011    0.289907315    0.280763173
   16.172906077    0.282650823    0.281336060
   16.213850143    0.277070705    0.281932505
   16.254794209    0.272126089    0.282542157
   16.295738275    0.267194449    0.283157710
   16.336682341    0.262208222    0.283777331
   16.377626407    0.257505307    0.284405212
   16.418570473    0.253489141    0.285049837
   16.459514539    0.250282439    0.285720606
   16.500458605    0.247546831    0.286424177
   16.541402672    0.244542260    0.287162029
   16.582346738    0.240373770    0.287930167
   16.623290804    0.234287795    0.288720916
   16.664234870    0.225875852    0.289525873
   16.705178936    0.215112904    0.290338643
   16.746123002    0.202253581    0.291156258
   16.787067068    0.187675219    0.291978890
   16.828011134    0.171759805    0.292808288
   16.868955200    0.154855439    0.293645844
   16.909899266    0.137292311    0.294491153
   16.950843332    0.119393350    0.295341482
   16.991787398    0.101436875    0.296192006
   17.032731464    0.083582193    0.297036300
   17.073675530    0.065818496    0.297866685
   17.114619596    0.048003756    0.298674314
   17.155563662    0.030012871    0.299449272
   17.196507728    0.011939122    0.300181031
   17.237451794   -0.005762127    0.300859350
   17.278395860   -0.022293420    0.301475267
   17.319339926   -0.036732865    0.302021563
   17.360283992   -0.048379041    0.302492133
   17.401228058   -0.057072925    0.302880283
   17.442172124   -0.063339253    0.303176595
   17.483116190   -0.068264789    0.303367460
   17.524060256   -0.073153117    0.303435198
   17.565004322   -0.079102223    0.303359982
   17.605948388   -0.086686413    0.303122819
   17.646892454   -0.095869818    0.302708198
   17.687836520   -0.106163973    0.302105108
   17.728780586   -0.116927331    0.301305939
   17.769724652   -0.127648578    0.300304004
   17.810668718   -0.138083432    0.299091301
   17.851612784   -0.148205666    0.297658205
   17.892556850   -0.158034536    0.295995858
   17.933500916   -0.167457802    0.294100571
   17.974444982   -0.176155543    0.291978310
   18.015389048   -0.183659471    0.289646996
   18.056333114   -0.189500090    0.287135219
   18.097277180   -0.193347543    0.284477646
   18.138221246   -0.195064926    0.281709014
   18.179165312   -0.194652656    0.278859365
   18.220109378   -0.192130426    0.275952577
   18.261053444   -0.187438401    0.273008576
   18.301997510   -0.180422661    0.270047735
   18.342941576   -0.170914482    0.267094827
   18.383885642   -0.158854129    0.264180165
   18.424829708   -0.144383042    0.261337059
   18.465773774   -0.127848247    0.258596721
   18.506717840   -0.109715546    0.255983144
   18.547661906   -0.090440774    0.253510532
   18.588605972   -0.070369886    0.251184543
   18.629550038   -0.049717887    0.249006602
   18.670494104   -0.028628318    0.246978909
   18.711438170   -0.007269209    0.245107446
   18.752382237    0.014095017    0.243401366
   18.793326303    0.035096040    0.241869116
   18.834270369    0.055317265    0.240513427
   18.875214435    0.074375287    0.239327920
   18.916158501    0.091981012    0.238297247
   18.957102567    0.107955289    0.237400841
   18.998046633    0.122208373    0.236618494
   19.038990699    0.134716235    0.235935157
   19.079934765    0.145524066    0.235342865
   19.120878831    0.154780881    0.234839385
   19.161822897    0.162778405    0.234424922
   19.202766963    0.169954526    0.234099207
   19.243711029    0.176837358    0.233860865
   19.284655095    0.183941410    0.233709488
   19.325599161    0.191659828    0.233649088
   19.366543227    0.200204150    0.233690670
   19.407487293    0.209618879    0.233851957
   19.448431359    0.219856355    0.234153823
   19.489375425    0.230863665    0.234614788
   19.530319491    0.242629418    0.235246092
   19.571263557    0.255166874    0.236049655
   19.612207623    0.268453056    0.237019850
   19.653151689    0.282372722    0.238148050
   19.694095755    0.296711675    0.239427529
   19.735039821    0.311207756    0.240856144
   19.775983887    0.325623974    0.242435392
   19.816927953    0.339787398    0.244166362
   19.857872019    0.353557286    0.246044662
   19.898816085    0.366737415    0.248056929
   19.939760151    0.378998364    0.250180655
   19.980704217    0.389889082    0.252387406
   20.021648283    0.398976602    0.254647783
   20.062592349    0.406074749    0.256935752
   20.103536415    0.411450905    0.259230408
   20.144480481    0.415881131    0.261514663
   20.185424547    0.420479405    0.263771976
   20.226368613    0.426335709    0.265983198
   20.267312679    0.434105123    0.268125491
   20.308256745    0.443735351    0.270174162
   20.349200811    0.454471371    0.272106763
   20.390144877    0.465150831    0.273907711
   20.431088943    0.474663485    0.275571453
   20.472033009    0.482365149    0.277102940
   20.512977075    0.488256980    0.278515386
   20.553921141    0.492856278    0.279826448
   20.594865207    0.496836876    0.281054455
   20.635809273    0.500627064    0.282216017
   20.676753339    0.504164755    0.283325548
   20.717697405    0.506919612    0.284396274
   20.758641471    0.508150461    0.285441746
   20.799585537    0.507249720    0.286476844
   20.840529603    0.503994650    0.287517703
   20.881473669    0.498589874    0.288580585
   20.922417735    0.491505588    0.289680196
   20.963361802    0.483222477    0.290828055
   21.004305868    0.474030235    0.292031332
   21.045249934    0.463977994    0.293292292
   21.086194000    0.452976498    0.294608214
   21.127138066    0.440964469    0.295971650
   21.168082132    0.428025284    0.297370975
   21.209026198    0.414385321    0.298791348
   21.249970264    0.400308904    0.300216171
   21.290914330    0.385971771    0.301629038
   21.331858396    0.371403630    0.303015825
   21.372802462    0.356537566    0.304366404
   21.413746528    0.341326459    0.305675403
   21.454690594    0.325836978    0.306941689
   21.495634660    0.310244636    0.308166679
   21.536578726    0.294722762    0.309352049
   21.577522792    0.279299417    0.310497680
   21.618466858    0.263794263    0.311600648
   21.659410924    0.247911230    0.312655658
   21.700354990    0.231468192    0.313656780
   21.741299056    0.214646850    0.314599788
   21.782243122    0.198107684    0.315484132
   21.823187188    0.182868280    0.316313663
   21.864131254    0.169967018    0.317095695
   21.905075320    0.160061680    0.317838614
   21.946019386    0.153169071    0.318548779
   21.986963452    0.148697560    0.319227750
   22.027907518    0.145780750    0.319870701
   22.068851584    0.143761114    0.320466471
   22.109795650    0.142584698    0.320999065
   22.150739716    0.142903552    0.321450005
   22.191683782    0.145827456    0.321800707
   22.232627848    0.152445993    0.322034266
   22.273571914    0.163360571    0.322136371
   22.314515980    0.178459392    0.322095495
   22.355460046    0.197039259    0.321902749
   22.396404112    0.218195591    0.321551762
   22.437348178    0.241263764    0.321038755
   22.478292244    0.266074391    0.320362758
   22.519236310    0.292891447    0.319525734
   22.560180376    0.322075985    0.318532464
   22.601124442    0.353664727    0.317390183
   22.642068508    0.387094213    0.316108191
   22.683012574    0.421218242    0.314697666
   22.723956640    0.454607525    0.313171824
   22.764900706    0.485973774    0.311546294
   22.805844772    0.514504138    0.309839384
   22.846788838    0.539952261    0.308071861
   22.887732904    0.562471025    0.306266025
   22.928676970    0.582310094    0.304444214
   22.969621036    0.599563234    0.302627137
   23.010565102    0.614106142    0.300832558
   23.051509168    0.625744967    0.299074679
   23.092453234    0.634469764    0.297364251
   23.133397301    0.640646848    0.295709117
   23.174341367    0.645021033    0.294114723
   23.215285433    0.648509485    0.292584287
   23.256229499    0.651889329    0.291118612
   23.297173565    0.655543634    0.289715854
   23.338117631    0.659401225    0.288371656
   23.379061697    0.663102290    0.287079906
   23.420005763    0.666301413    0.285833980
   23.460949829    0.668947425    0.284627974
   23.501893895    0.671392580    0.283457330
   23.542837961    0.674273057    0.282318470
   23.583782027    0.678219735    0.281207602
   23.624726093    0.683541800    0.280119342
   23.665670159    0.690034916    0.279046048
   23.706614225    0.696999590    0.277978550
   23.747558291    0.703451061    0.276908305
   23.788502357    0.708413364    0.275830283
   23.829446423    0.711159754    0.274745373
   23.870390489    0.711299938    0.273661124
   23.911334555    0.708698004    0.272590244
   23.952278621    0.703289512    0.271547174
   23.993222687    0.694910991    0.270543951
   24.034166753    0.683241216    0.269586903
   24.075110819    0.667891601    0.268675473
   24.116054885    0.648605111    0.267803609
   24.156998951    0.625466856    0.266963112
   24.197943017    0.599020447    0.266147558
   24.238887083    0.570224938    0.265355207
   24.279831149    0.540258299    0.264589763
   24.320775215    0.510242388    0.263858782
   24.361719281    0.481000711    0.263170486
   24.402663347    0.452947464    0.262530347
   24.443607413    0.426149545    0.261938869
   24.484551479    0.400526675    0.261391440
   24.525495545    0.376092057    0.260880309
   24.566439611    0.353116055    0.260397922
   24.607383677    0.332129028    0.259940411
   24.648327743    0.313753706    0.259510031
   24.689271809    0.298439576    0.259115792
   24.730215875    0.286223061    0.258772176
   24.771159941    0.276631464    0.258496441
   24.812104007    0.268785563    0.258305384
   24.853048073    0.261663316    0.258212490
   24.893992139    0.254409652    0.258226187
   24.934936205    0.246554062    0.258349512
   24.975880271    0.238042066    0.258581100
   25.016824337    0.229078089    0.258917028
   25.057768403    0.219870021    0.259352855
   25.098712469    0.210411685    0.259885202
   25.139656535    0.200414192    0.260512349
   25.180600601    0.189413665    0.261233714
   25.221544667    0.176985995    0.262048441
   25.262488733    0.162942209    0.262953711
   25.303432799    0.147392693    0.263943513
   25.344376866    0.130647392    0.265008495
   25.385320932    0.113017808    0.266137108
   25.426264998    0.094648367    0.267317650
   25.467209064    0.075491788    0.268540415
   25.508153130    0.055459867    0.269798933
   25.549097196    0.034672706    0.271089628
   25.590041262    0.013658159    0.272409872
   25.630985328   -0.006637097    0.273755139
   25.671929394   -0.025072712    0.275116520
   25.712873460   -0.040698185    0.276479768
   25.753817526   -0.053123949    0.277826481
   25.794761592   -0.062701394    0.279137050
   25.835705658   -0.070418138    0.280394122
   25.876649724   -0.077549740    0.281584991
   25.917593790   -0.085224004    0.282701718
   25.958537856   -0.094089388    0.283738766
   25.999481922   -0.104218387    0.284689149
   26.040425988   -0.115254655    0.285540873
   26.081370054   -0.126695565    0.286275448
   26.122314120   -0.138150347    0.286869391
   26.163258186   -0.149450367    0.287298297
   26.204202252   -0.160585670    0.287541833
   26.245146318   -0.171542012    0.287587536
   26.286090384   -0.182159259    0.287431778
   26.327034450   -0.192103415    0.287077587
   26.367978516   -0.200963555    0.286530432
   26.408922582   -0.208403788    0.285794099
   26.449866648   -0.214268097    0.284868709
   26.490810714   -0.218569831    0.283751944
   26.531754780   -0.221373970    0.282443013
   26.572698846   -0.222650038    0.280947563
   26.613642912   -0.222193167    0.279281313
   26.654586978   -0.219668488    0.277470737
   26.695531044   -0.214756534    0.275550507
   26.736475110   -0.207313270    0.273558822
   26.777419176   -0.197447533    0.271532626
   26.818363242   -0.185468316    0.269504547
   26.859307308   -0.171733955    0.267502402
   26.900251374   -0.156495863    0.265550758
   26.941195440   -0.139833171    0.263673062
   26.982139506   -0.121718455    0.261892693
   27.023083572   -0.102172428    0.260232033
   27.064027638   -0.081407517    0.258709812
   27.104971704   -0.059863096    0.257338033
   27.145915770   -0.038098816    0.256120034
   27.186859836   -0.016599690    0.255050727
   27.227803902    0.004394918    0.254118923
   27.268747968    0.024933157    0.253310627
   27.309692034    0.045228679    0.252611730
   27.350636100    0.065434706    0.252008969
   27.391580166    0.085438340    0.251489030
   27.432524232    0.104794976    0.251036800
   27.473468298    0.122850888    0.250634313
   27.514412364    0.139001957    0.250261637
   27.555356431    0.152963438    0.249899938
   27.596300497    0.164919125    0.249535732
   27.637244563    0.175480385    0.249164540
   27.678188629    0.185480679    0.248792312
   27.719132695    0.195707534    0.248433895
   27.760076761    0.206692796    0.248109216
   27.801020827    0.218638733    0.247838871
   27.841964893    0.231481498    0.247641035
   27.882908959    0.245028869    0.247530883
   27.923853025    0.259088637    0.247522351
   27.964797091    0.273531357    0.247630843
   28.005741157    0.288282142    0.247874981
   28.046685223    0.303276413    0.248275970
   28.087629289    0.318421825    0.248854423
   28.128573355    0.333585401    0.249625817
   28.169517421    0.348594496    0.250596541
   28.210461487    0.363228256    0.251762272
   28.251405553    0.377192792    0.253109289
   28.292349619    0.390104650    0.254617908
   28.333293685    0.401526102    0.256266242
   28.374237751    0.411080347    0.258032434
   28.415181817    0.418626457    0.259894441
   28.456125883    0.424419470    0.261827895
   28.497069949    0.429157864    0.263803711
   28.538014015    0.433852655    0.265787394
   28.578958081    0.439532308    0.267741174
   28.619902147    0.446886887    0.269628688
   28.660846213    0.456003579    0.271420484
   28.701790279    0.466321024    0.273098123
   28.742734345    0.476837121    0.274655177
   28.783678411    0.486487630    0.276094839
   28.824622477    0.494530569    0.277425437
   28.865566543    0.500767832    0.278656037
   28.906510609    0.505513939    0.279794112
   28.947454675    0.509342788    0.280846106
   28.988398741    0.512745266    0.281820128
   29.029342807    0.515863192    0.282728961
   29.070286873    0.518415436    0.283591459
   29.111230939    0.519830221    0.284431327
   29.152175005    0.519498517    0.285273728
   29.193119071    0.517016581    0.286141281
   29.234063137    0.512309011    0.287051284
   29.275007203    0.505597064    0.288015252
   29.315951269    0.497256331    0.289040506
   29.356895335    0.487651721    0.290132461
   29.397839401    0.477029260    0.291295886
   29.438783467    0.465497378    0.292534116
   29.479727533    0.453077776    0.293846472
   29.520671599    0.439777429    0.295225365
   29.561615665    0.425638934    0.296654946
   29.602559731    0.410753956    0.298112552
   29.643503797    0.395250748    0.299572811
   29.684447863    0.379274687    0.301012913
   29.725391929    0.362970485    0.302416856
   29.766335996    0.346460832    0.303776945
   29.807280062    0.329815077    0.305092081
   29.848224128    0.313017202    0.306363910
   29.889168194    0.295962008    0.307592887
   29.930112260    0.278511498    0.308776168
   29.971056326    0.260617600    0.309908277
   30.012000392    0.242471028    0.310983988
   30.052944458    0.224597373    0.312001786
   30.093888524    0.207821507    0.312966007
   30.134832590    0.193072965    0.313886508
   30.175776656    0.181089260    0.314775899
   30.216720722    0.172146416    0.315645557
   30.257664788    0.165959844    0.316502064
   30.298608854    0.161834146    0.317345360
   30.339552920    0.159021388    0.318169010
   30.380496986    0.157132820    0.318962019
   30.421441052    0.156403698    0.319711104
   30.462385118    0.157667531    0.320402452
   30.503329184    0.162033983    0.321022551
   30.544273250    0.170415791    0.321558295
   30.585217316    0.183133911    0.321996926
   30.626161382    0.199797527    0.322326293
   30.667105448    0.219518198    0.322535526
   30.708049514    0.241344685    0.322615829
   30.748993580    0.264688324    0.322560964
   30.789937646    0.289512605    0.322367202
   30.830881712    0.316185493    0.322032840
   30.871825778    0.345074082    0.321557695
   30.912769844    0.376101392    0.320942980
   30.953713910    0.408508400    0.320191684
   30.994657976    0.440956943    0.319309216
   31.035602042    0.471928451    0.318303837
   31.076546108    0.500216976    0.317186479
   31.117490174    0.525267397    0.315969899
   31.158434240    0.547196246    0.314667530
   31.199378306    0.566505411    0.313292623
   31.240322372    0.583663030    0.311858139
   31.281266438    0.598791524    0.310377418
   31.322210504    0.611634972    0.308865192
   31.363154570    0.621815350    0.307338214
   31.404098636    0.629220489    0.305814877
   31.445042702    0.634288537    0.304313668
   31.485986768    0.638007794    0.302850858
   31.526930834    0.641607403    0.301438257
   31.567874900    0.646087478    0.300081858
   31.608818966    0.651831422    0.298781911
   31.649763032    0.658506248    0.297534331
   31.690707098    0.665307853    0.296332890
   31.731651164    0.671427233    0.295171362
   31.772595230    0.676497541    0.294044891
   31.813539296    0.680792286    0.292950231
   31.854483362    0.685075357    0.291884963
   31.895427428    0.690183905    0.290846158
   31.936371494    0.696560021    0.289829162
   31.977315561    0.703967209    0.288827095
   32.018259627    0.711525572    0.287831431
   32.059203693    0.718032620    0.286833644
   32.100147759    0.722393961    0.285827545
   32.141091825    0.723943609    0.284811592
   32.182035891    0.722506287    0.283790351
   32.222979957    0.718200668    0.282774396
   32.263924023    0.711122058    0.281778409
   32.304868089    0.701101605    0.280817817
   32.345812155    0.687688169    0.279904955
   32.386756221    0.670369653    0.279046037
   32.427700287    0.648914572    0.278240069
   32.468644353    0.623645226    0.277480170
   32.509588419    0.595486969    0.276756858
   32.550532485    0.565754287    0.276061990
   32.591476551    0.535770880    0.275391784
   32.632420617    0.506505580    0.274747649
   32.673364683    0.478395548    0.274134537
   32.714308749    0.451430008    0.273557617
   32.755252815    0.425434542    0.273018854
   32.796196881    0.400396973    0.272515163
   32.837140947    0.376661007    0.272039119
   32.878085013    0.354888083    0.271582071
   32.919029079    0.335810752    0.271138420
   32.959973145    0.319907949    0.270709299
   33.000917211    0.307169773    0.270304099
   33.041861277    0.297069988    0.269939224
   33.082805343    0.288756607    0.269634541
   33.123749409    0.281361433    0.269408899
   33.164693475    0.274274227    0.269276347
   33.205637541    0.267252511    0.269244261
   33.246581607    0.260328039    0.269313771
   33.287525673    0.253577187    0.269481972
   33.328469739    0.246889645    0.269744819
   33.369413805    0.239864235    0.270099511
   33.410357871    0.231887512    0.270545550
   33.451301937    0.222350187    0.271084242
   33.492246003    0.210881976    0.271717049
   33.533190069    0.197476475    0.272443581
   33.574134135    0.182438224    0.273260082
   33.615078201    0.166181855    0.274159046
   33.656022267    0.148995630    0.275130150
   33.696966333    0.130904520    0.276162152
   33.737910399    0.111717565    0.277245023
   33.778854465    0.091245797    0.278371416
   33.819798531    0.069581313    0.279536752
   33.860742597    0.047285600    0.280737751
   33.901686663    0.025370175    0.281969903
   33.942630729    0.005049457    0.283224910
   33.983574795   -0.012642529    0.284489296
   34.024518861   -0.027209260    0.285744979
   34.065462927   -0.038866006    0.286971745
   34.106406993   -0.048454694    0.288150667
   34.147351060   -0.057138133    0.289266910
   34.188295126   -0.066007284    0.290310540
   34.229239192   -0.075765037    0.291274811
   34.270183258   -0.086603261    0.292152632
   34.311127324   -0.098293078    0.292932933
   34.352071390   -0.110411139    0.293598871
   34.393015456   -0.122574157    0.294129052
   34.433959522   -0.134570638    0.294501532
   34.474903588   -0.146348130    0.294698909
   34.515847654   -0.157895831    0.294712143
   34.556791720   -0.169112664    0.294541227
   34.597735786   -0.179746353    0.294192288
   34.638679852   -0.189437267    0.293672523
   34.679623918   -0.197834636    0.292985503
   34.720567984   -0.204710597    0.292129358
   34.761512050   -0.210002004    0.291098999
   34.802456116   -0.213755978    0.289891529
   34.843400182   -0.216014088    0.288512367
   34.884344248   -0.216706889    0.286979143
   34.925288314   -0.215624251    0.285321436
   34.966232380   -0.212481838    0.283576401
   35.007176446   -0.207047270    0.281782302
   35.048120512   -0.199254150    0.279972890
   35.089064578   -0.189238793    0.278174990
   35.130008644   -0.177279141    0.276409916
   35.170952710   -0.163671830    0.274697263
   35.211896776   -0.148618997    0.273058403
   35.252840842   -0.132190383    0.271517248
   35.293784908   -0.114381919    0.270097393
   35.334728974   -0.095234843    0.268816841
   35.375673040   -0.074942308    0.267682939
   35.416617106   -0.053875301    0.266690255
   35.457561172   -0.032504445    0.265822682
   35.498505238   -0.011254184    0.265058950
   35.539449304    0.009632685    0.264379014
   35.580393370    0.030143067    0.263768353
   35.621337436    0.050421191    0.263218360
   35.662281502    0.070606887    0.262723100
   35.703225568    0.090665810    0.262274616
   35.744169634    0.110301977    0.261859752
   35.785113700    0.129005678    0.261460593
   35.826057766    0.146224584    0.261058715
   35.867001832    0.161585603    0.260641322
   35.907945898    0.175069210    0.260206316
   35.948889964    0.187058508    0.259763801
   35.989834030    0.198240840    0.259333330
   36.030778096    0.209403160    0.258938314
   36.071722162    0.221204354    0.258600376
   36.112666228    0.234011230    0.258336313
   36.153610294    0.247851977    0.258158830
   36.194554360    0.262489227    0.258080111
   36.235498426    0.277568262    0.258115767
   36.276442492    0.292772572    0.258286534
   36.317386558    0.307924848    0.258616302
   36.358330625    0.323000017    0.259127077
   36.399274691    0.338054308    0.259833142
   36.440218757    0.353106371    0.260737115
   36.481162823    0.368023527    0.261829662
   36.522106889    0.382464571    0.263092716
   36.563050955    0.395911885    0.264504334
   36.603995021    0.407795062    0.266042611
   36.644939087    0.417673983    0.267686795
   36.685883153    0.425421634    0.269415423
   36.726827219    0.431336576    0.271203087
   36.767771285    0.436129426    0.273018237
   36.808715351    0.440766597    0.274823969
   36.849659417    0.446207120    0.276582102
   36.890603483    0.453115022    0.278259061
   36.931547549    0.461649502    0.279831036
   36.972491615    0.471415202    0.281286165
   37.013435681    0.481598659    0.282622934
   37.054379747    0.491245053    0.283845894
   37.095323813    0.499571786    0.284961001
   37.136267879    0.506198535    0.285972979
   37.177211945    0.511206792    0.286885821
   37.218156011    0.515012665    0.287705823
   37.259100077    0.518114420    0.288445093
   37.300044143    0.520826626    0.289123269
   37.340988209    0.523113711    0.289766138
   37.381932275    0.524587787    0.290401555
   37.422876341    0.524661504    0.291054514
   37.463820407    0.522780472    0.291743689
   37.504764473    0.518630576    0.292480950
   37.545708539    0.512234208    0.293273739
   37.586652605    0.503904692    0.294128667
   37.627596671    0.494092685    0.295053997
   37.668540737    0.483202467    0.296059355
   37.709484803    0.471461709    0.297152502
   37.750428869    0.458895870    0.298334701
   37.791372935    0.445405658    0.299597103
   37.832317001    0.430898167    0.300920231
   37.873261067    0.415400702    0.302277183
   37.914205133    0.399099081    0.303639432
   37.955149199    0.382281835    0.304982836
   37.996093265    0.365219356    0.306291447
   38.037037331    0.348041119    0.307557786
   38.077981397    0.330679056    0.308780010
   38.118925463    0.312918110    0.309957765
   38.159869529    0.294546408    0.311089026
   38.200813595    0.275547724    0.312169462
   38.241757661    0.256250110    0.313194458
   38.282701727    0.237352156    0.314162463
   38.323645793    0.219793013    0.315077662
   38.364589859    0.204498870    0.315950342
   38.405533925    0.192099264    0.316794501
   38.446477991    0.182732808    0.317623637
   38.487422057    0.176036614    0.318446494
   38.528366123    0.171341860    0.319264497
   38.569310190    0.168007243    0.320071743
   38.610254256    0.165753188    0.320857181
   38.651198322    0.164847817    0.321607733
   38.692142388    0.166052614    0.322310865
   38.733086454    0.170340682    0.322955681
   38.774030520    0.178506796    0.323532502
   38.814974586    0.190844319    0.324031724
   38.855918652    0.207038309    0.324442963
   38.896862718    0.226324287    0.324755207
   38.937806784    0.247833679    0.324957960
   38.978750850    0.270953220    0.325042753
   39.019694916    0.295515792    0.325004185
   39.060638982    0.321723195    0.324839961
   39.101583048    0.349838245    0.324549984
   39.142527114    0.379805530    0.324135144
   39.183471180    0.411002981    0.323596555
   39.224415246    0.442264993    0.322935765
   39.265359312    0.472180922    0.322155796
   39.306303378    0.499530409    0.321262412
   39.347247444    0.523644013    0.320264794
   39.388191510    0.544514360    0.319175100
   39.429135576    0.562612130    0.318007023
   39.470079642    0.578515267    0.316773994
   39.511023708    0.592556577    0.315487930
   39.551967774    0.604681389    0.314159167
   39.592911840    0.614588902    0.312797587
   39.633855906    0.622071220    0.311414289
   39.674799972    0.627349740    0.310022809
   39.715744038    0.631203388    0.308639036
   39.756688104    0.634792494    0.307279585
   39.797632170    0.639248407    0.305959125
   39.838576236    0.645232160    0.304687724
   39.879520302    0.652691788    0.303469323
   39.920464368    0.660950256    0.302301975
   39.961408434    0.669084866    0.301179751
   40.002352500    0.676405454    0.300095477
   40.043296566    0.682785718    0.299043134
   40.084240632    0.688678763    0.298018974
   40.125184698    0.694813956    0.297021003
   40.166128764    0.701738521    0.296047264
   40.207072830    0.709445217    0.295093927
   40.248016896    0.717276257    0.294154273
   40.288960962    0.724142735    0.293219290
   40.329905028    0.728931481    0.292279870
   40.370849094    0.730878177    0.291329879
   40.411793160    0.729715753    0.290368908
   40.452737226    0.725540975    0.289403585
   40.493681292    0.718503374    0.288446774
   40.534625358    0.708518905    0.287514800
   40.575569424    0.695191764    0.286623532
   40.616513490    0.678003584    0.285784614
   40.657457556    0.656670486    0.285003060
   40.698401622    0.631465067    0.284276958
   40.739345688    0.603311106    0.283599254
   40.780289755    0.573578415    0.282960834
   40.821233821    0.543667965    0.282353727
   40.862177887    0.514593011    0.281773210
   40.903121953    0.486766402    0.281218158
   40.944066019    0.460094507    0.280689679
   40.985010085    0.434314303    0.280188817
   41.025954151    0.409381430    0.279714505
   41.066898217    0.385693220    0.279262839
   41.107842283    0.364023915    0.278828167
   41.148786349    0.345207818    0.278405702
   41.189730415    0.329743240    0.277994635
   41.230674481    0.317532077    0.277600434
   41.271618547    0.307895194    0.277235268
   41.312562613    0.299854723    0.276916207
   41.353506679    0.292532622    0.276661732
   41.394450745    0.285456456    0.276487803
   41.435394811    0.278618324    0.276404894
   41.476338877    0.272269107    0.276417031
   41.517282943    0.266572753    0.276523047
   41.558227009    0.261317439    0.276719341
   41.599171075    0.255844959    0.277002899
   41.640115141    0.249238044    0.277373232
   41.681059207    0.240664963    0.277832485
   41.722003273    0.229697188    0.278383771
   41.762947339    0.216433015    0.279028623
   41.803891405    0.201366480    0.279764813
   41.844835471    0.185078279    0.280585599
   41.885779537    0.167919844    0.281480785
   41.926723603    0.149863816    0.282439123
   41.967667669    0.130603981    0.283450925
   42.008611735    0.109853864    0.284509639
   42.049555801    0.087685859    0.285611597
   42.090499867    0.064727254    0.286753966
   42.131443933    0.042097651    0.287931798
   42.172387999    0.021098435    0.289135515
   42.213332065    0.002785255    0.290350054
   42.254276131   -0.012389875    0.291556143
   42.295220197   -0.024713897    0.292733230
   42.336164263   -0.035075626    0.293862790
   42.377108329   -0.044626983    0.294930511
   42.418052395   -0.054393815    0.295926358
   42.458996461   -0.064994016    0.296842477
   42.499940527   -0.076556477    0.297669976
   42.540884593   -0.088835846    0.298396221
   42.581828659   -0.101434533    0.299004119
   42.622772725   -0.114011625    0.299473989
   42.663716791   -0.126386992    0.299787347
   42.704660857   -0.138516316    0.299930959
   42.745604923   -0.150381454    0.299899261
   42.786548989   -0.161876486    0.299693931
   42.827493055   -0.172759337    0.299320744
   42.868437121   -0.182692924    0.298785207
   42.909381187   -0.191346299    0.298089177
   42.950325253   -0.198494233    0.297230313
   42.991269320   -0.204058209    0.296204925
   43.032213386   -0.208067725    0.295013123
   43.073157452   -0.210566619    0.293663940
   43.114101518   -0.211519504    0.292178009
   43.155045584   -0.210772379    0.290586391
   43.195989650   -0.208090765    0.288925965
   43.236933716   -0.203255619    0.287233355
   43.277877782   -0.196165414    0.285540060
   43.318821848   -0.186889300    0.283870736
   43.359765914   -0.175642773    0.282244938
   43.400709980   -0.162699385    0.280680812
   43.441654046   -0.148286964    0.279198186
   43.482598112   -0.132525457    0.277818900
   43.523542178   -0.115440852    0.276563687
   43.564486244   -0.097047430    0.275446901
   43.605430310   -0.077451350    0.274471726
   43.646374376   -0.056914077    0.273628423
   43.687318442   -0.035833147    0.272896826
   43.728262508   -0.014641643    0.272252187
   43.769206574    0.006326278    0.271671790
   43.810150640    0.026933242    0.271139412
   43.851094706    0.047242711    0.270645829
   43.892038772    0.067417470    0.270185633
   43.932982838    0.087556043    0.269752553
   43.973926904    0.107547581    0.269336203
   44.014870970    0.127023985    0.268922339
   44.055815036    0.145446203    0.268496763
   44.096759102    0.162298308    0.268050980
   44.137703168    0.177308703    0.267586683
   44.178647234    0.190599386    0.267116739
   44.219591300    0.202691831    0.266662135
   44.260535366    0.214359693    0.266246460
   44.301479432    0.226385796    0.265890732
   44.342423498    0.239322416    0.265611083
   44.383367564    0.253350861    0.265420145
   44.424311630    0.268290648    0.265330887
   44.465255696    0.283742113    0.265360260
   44.506199762    0.299289533    0.265530088
   44.547143828    0.314670060    0.265864167
   44.588087894    0.329835093    0.266382653
   44.629031960    0.344883827    0.267096342
   44.669976026    0.359908499    0.268003592
   44.710920092    0.374830893    0.269091250
   44.751864158    0.389313394    0.270338864
   44.792808224    0.402795262    0.271723810
   44.833752290    0.414650771    0.273224615
   44.874696356    0.424413345    0.274820965
   44.915640422    0.431979643    0.276490868
   44.956584488    0.437710851    0.278207203
   44.997528554    0.442383501    0.279936289
   45.038472620    0.446995555    0.281640070
   45.079416686    0.452486185    0.283281471
   45.120360752    0.459460759    0.284830682
   45.161304819    0.468014200    0.286269450
   45.202248885    0.477714433    0.287591464
   45.243192951    0.487753127    0.288798841
   45.284137017    0.497211820    0.289896769
   45.325081083    0.505349307    0.290889203
   45.366025149    0.511807540    0.291777819
   45.406969215    0.516663325    0.292564598
   45.447913281    0.520312018    0.293256310
   45.488857347    0.523234935    0.293868137
   45.529801413    0.525747887    0.294424104
   45.570745479    0.527834376    0.294953704
   45.611689545    0.529129887    0.295486161
   45.652633611    0.529058520    0.296045072
   45.693577677    0.527057965    0.296645914
   45.734521743    0.522792536    0.297297390
   45.775465809    0.516262983    0.298005501
   45.816409875    0.507771679    0.298777790
   45.857353941    0.497769167    0.299625140
   45.898298007    0.486661039    0.300559852
   45.939242073    0.474667820    0.301590760
   45.980186139    0.461799195    0.302717817
   46.021130205    0.447943531    0.303928962
   46.062074271    0.433014968    0.305201034
   46.103018337    0.417072663    0.306504578
   46.143962403    0.400344291    0.307810536
   46.184906469    0.383139582    0.309096034
   46.225850535    0.365702044    0.310347032
   46.266794601    0.348085525    0.311557250
   46.307738667    0.330135589    0.312724545
   46.348682733    0.311605166    0.313847020
   46.389626799    0.292363251    0.314920957
   46.430570865    0.272599775    0.315941532
   46.471514931    0.252918802    0.316905623
   46.512458997    0.234254809    0.317814938
   46.553403063    0.217625981    0.318677511
   46.594347129    0.203818250    0.319506507
   46.635291195    0.193135563    0.320316616
   46.676235261    0.185332963    0.321119542
   46.717179327    0.179774300    0.321920439
   46.758123393    0.175757390    0.322716676
   46.799067459    0.172870923    0.323499153
   46.840011525    0.171227074    0.324255303
   46.880955591    0.171463835    0.324972261
   46.921899657    0.174511530    0.325638904
   46.962843723    0.181224172    0.326246160
   47.003787789    0.192038913    0.326785983
   47.044731855    0.206815138    0.327249958
   47.085675921    0.224921877    0.327628545
   47.126619987    0.245525684    0.327911477
   47.167564053    0.267935827    0.328089116
   47.208508119    0.291836317    0.328154000
   47.249452185    0.317289951    0.328101783
   47.290396251    0.344513032    0.327931106
   47.331340317    0.373535801    0.327642558
   47.372284384    0.403924799    0.327237398
   47.413228450    0.434717052    0.326716787
   47.454172516    0.464612989    0.326082017
   47.495116582    0.492345778    0.325335599
   47.536060648    0.517054565    0.324482611
   47.577004714    0.538485116    0.323531492
   47.617948780    0.556927486    0.322493738
   47.658892846    0.572933627    0.321382513
   47.699836912    0.586969559    0.320210789
   47.740780978    0.599187825    0.318989878
   47.781725044    0.609438615    0.317729092
   47.822669110    0.617506442    0.316436692
   47.863613176    0.623433004    0.315121626
   47.904557242    0.627734417    0.313795086
   47.945501308    0.631372549    0.312470950
   47.986445374    0.635470719    0.311164648
   48.027389440    0.640904618    0.309890738
   48.068333506    0.647973904    0.308660136
   48.109277572    0.656326048    0.307478166
   48.150221638    0.665177009    0.306344279
   48.191165704    0.673719398    0.305253536
   48.232109770    0.681510088    0.304199210
   48.273053836    0.688639553    0.303175304
   48.313997902    0.695600165    0.302177926
   48.354941968    0.702929274    0.301204993
   48.395886034    0.710820127    0.300254603
   48.436830100    0.718906568    0.299323078
   48.477774166    0.726329938    0.298403897
   48.518718232    0.732042677    0.297488315
   48.559662298    0.735177725    0.296567699
   48.600606364    0.735284552    0.295636744
   48.641550430    0.732315865    0.294696257
   48.682494496    0.726395828    0.293754256
   48.723438562    0.717527395    0.292824779
   48.764382628    0.705430900    0.291924671
   48.805326694    0.689628162    0.291069441
   48.846270760    0.669739898    0.290269599
   48.887214826    0.645832541    0.289528681
   48.928158892    0.618609831    0.288843502
   48.969102958    0.589320573    0.288206321
   49.010047024    0.559406390    0.287607942
   49.050991090    0.530058097    0.287040534
   49.091935156    0.501904601    0.286499191
   49.132879222    0.474991350    0.285981857
   49.173823288    0.449050937    0.285487957
   49.214767354    0.423910746    0.285016585
   49.255711420    0.399808456    0.284565256
   49.296655486    0.377437366    0.284129937
   49.337599552    0.357692547    0.283706505
   49.378543618    0.341254378    0.283293103
   49.419487684    0.328237141    0.282892448
   49.460431750    0.318096902    0.282513037
   49.501375816    0.309853068    0.282168616
   49.542319882    0.302508333    0.281875890
   49.583263949    0.295444833    0.281651212
   49.624208015    0.288588452    0.281507384
   49.665152081    0.282259975    0.281451742
   49.706096147    0.276801801    0.281486164
   49.747040213    0.272189597    0.281608881
   49.787984279    0.267844785    0.281817221
   49.828928345    0.262753644    0.282110024
   49.869872411    0.255832898    0.282488672
   49.910816477    0.246349860    0.282956298
   49.951760543    0.234177935    0.283515632
   49.992704609    0.219758630    0.284166556
   50.033648675    0.203799031    0.284904626
   50.074592741    0.186873644    0.285721321
   50.115536807    0.169147344    0.286605962
   50.156480873    0.150368088    0.287548389
   50.197424939    0.130131860    0.288541080
   50.238369005    0.108276272    0.289579617
   50.279313071    0.085189505    0.290661175
   50.320257137    0.061862514    0.291781694
   50.361201203    0.039641108    0.292933041
   50.402145269    0.019783311    0.294101563
   50.443089335    0.003021278    0.295268779
   50.484033401   -0.010678186    0.296413981
   50.524977467   -0.022057588    0.297517555
   50.565921533   -0.032257220    0.298563525
   50.606865599   -0.042397002    0.299540143
   50.647809665   -0.053232012    0.300438346
   50.688753731   -0.065008343    0.301248925
   50.729697797   -0.077541120    0.301959969
   50.770641863   -0.090435603    0.302555987
   50.811585929   -0.103322391    0.303019354
   50.852529995   -0.115995831    0.303333510
   50.893474061   -0.128412632    0.303486459
   50.934418127   -0.140585344    0.303472853
   50.975362193   -0.152453013    0.303293607
   51.016306259   -0.163809470    0.302953167
   51.057250325   -0.174326200    0.302455778
   51.098194391   -0.183649444    0.301802659
   51.139138457   -0.191511696    0.300991683
   51.180082523   -0.197794662    0.300019989
   51.221026589   -0.202511977    0.298888527
   51.261970655   -0.205725803    0.297606534
   51.302914721   -0.207446602    0.296193834
   51.343858787   -0.207572126    0.294679805
   51.384802853   -0.205898504    0.293099334
   51.425746919   -0.202196835    0.291487480
   51.466690985   -0.196314277    0.289875078
   51.507635051   -0.188246667    0.288286998
   51.548579117   -0.178145511    0.286743365
   51.589523183   -0.166256893    0.285262512
   51.630467249   -0.152825290    0.283863558
   51.671411315   -0.138013323    0.282566728
   51.712355381   -0.121879987    0.281390754
   51.753299447   -0.104429040    0.280348368
   51.794243514   -0.085701485    0.279442040
   51.835187580   -0.065860913    0.278662231
   51.876131646   -0.045221235    0.277989300
   51.917075712   -0.024194071    0.277398513
   51.958019778   -0.003174820    0.276866061
   51.998963844    0.017578569    0.276373554
   52.039907910    0.038010539    0.275909253
   52.080851976    0.058235946    0.275465988
   52.121796042    0.078416862    0.275037405
   52.162740108    0.098601889    0.274614959
   52.203684174    0.118607088    0.274187600
   52.244628240    0.138005582    0.273744524
   52.285572306    0.156246197    0.273279642
   52.326516372    0.172860700    0.272795413
   52.367460438    0.187672907    0.272303943
   52.408404504    0.200914753    0.271824712
   52.449348570    0.213190446    0.271380044
   52.490292636    0.225295081    0.270990620
   52.531236702    0.237958841    0.270673240
   52.572180768    0.251621760    0.270441721
   52.613124834    0.266330508    0.270310016
   52.654068900    0.281793575    0.270295333
   52.695012966    0.297560127    0.270418958
   52.735957032    0.313233810    0.270703753
   52.776901098    0.328620747    0.271169117
   52.817845164    0.343746065    0.271825694
   52.858789230    0.358738258    0.272672343
   52.899733296    0.373644979    0.273696739
   52.940677362    0.388277581    0.274879128
   52.981621428    0.402169871    0.276197116
   53.022565494    0.414684921    0.277628990
   53.063509560    0.425236120    0.279154001
   53.104453626    0.433534865    0.280749934
   53.145397692    0.439760585    0.282389932
   53.186341758    0.444575805    0.284041089
   53.227285824    0.448968104    0.285666417
   53.268229890    0.453967732    0.287229895
   53.309173956    0.460338101    0.288702509
   53.350118022    0.468347819    0.290066489
   53.391062088    0.477703910    0.291315737
   53.432006154    0.487667616    0.292452411
   53.472950220    0.497308617    0.293481556
   53.513894286    0.505804608    0.294406714
   53.554838352    0.512678790    0.295228797
   53.595782418    0.517893180    0.295948685
   53.636726484    0.521771367    0.296571919
   53.677670550    0.524789596    0.297112659
   53.718614616    0.527324677    0.297594413
   53.759558682    0.529461491    0.298046784
   53.800502748    0.530935627    0.298499610
   53.841446814    0.531228702    0.298977269
   53.882390880    0.529769361    0.299495841
   53.923334946    0.526149596    0.300064271
   53.964279012    0.520263046    0.300688526
   54.005223079    0.512310699    0.301376133
   54.046167145    0.502681981    0.302138324
   54.087111211    0.491776133    0.302988309
   54.128055277    0.479852849    0.303936344
   54.168999343    0.466980875    0.304984018
   54.209943409    0.453099226    0.306120710
   54.250887475    0.438145622    0.307324148
   54.291831541    0.422172127    0.308565024
   54.332775607    0.405377471    0.309813696
   54.373719673    0.388034836    0.311046130
   54.414663739    0.370357033    0.312246782
   54.455607805    0.352383381    0.313407780
   54.496551871    0.333969057    0.314525571
   54.537495937    0.314906742    0.315597296
   54.578440003    0.295136515    0.316618981
   54.619384069    0.274941763    0.317586378
   54.660328135    0.255019841    0.318497710
   54.701272201    0.236365972    0.319356482
   54.742216267    0.219996847    0.320172466
   54.783160333    0.206624372    0.320959961
   54.824104399    0.196426580    0.321733827
   54.865048465    0.189029711    0.322504948
   54.905992531    0.183724218    0.323277005
   54.946936597    0.179829238    0.324045797
   54.987880663    0.177046710    0.324801124
   55.028824729    0.175644985    0.325530123
   55.069768795    0.176385984    0.326220462
   55.110712861    0.180226502    0.326862101
   55.151656927    0.187928522    0.327447240
   55.192600993    0.199755258    0.327968969
   55.233545059    0.215388151    0.328419739
   55.274489125    0.234094369    0.328790638
   55.315433191    0.255054934    0.329071905
   55.356377257    0.277688213    0.329254369
   55.397321323    0.301809028    0.329331011
   55.438265389    0.327547419    0.329297843
   55.479209455    0.355072360    0.329153709
   55.520153521    0.384264440    0.328899229
   55.561097587    0.414508816    0.328535527
   55.602041653    0.444721438    0.328063497
   55.642985719    0.473606502    0.327483999
   55.683929785    0.500028409    0.326798897
   55.724873851    0.523324865    0.326012357
   55.765817917    0.543417780    0.325131688
   55.806761983    0.560680314    0.324167196
   55.847706049    0.575640176    0.323131031
   55.888650115    0.588678877    0.322035487
   55.929594181    0.599883082    0.320891510
   55.970538247    0.609119288    0.319708094
   56.011482313    0.616280904    0.318492840
   56.052426379    0.621561564    0.317253373
   56.093370445    0.625590979    0.315998904
   56.134314511    0.629340253    0.314741061
   56.175258578    0.633826132    0.313493450
   56.216202644    0.639753731    0.312269939
   56.257146710    0.647275760    0.311082261
   56.298090776    0.655991263    0.309937903
   56.339034842    0.665185790    0.308839136
   56.379978908    0.674191036    0.307783588
   56.420922974    0.682680992    0.306766063
   56.461867040    0.690756374    0.305780785
   56.502811106    0.698781673    0.304823040
   56.543755172    0.707069560    0.303889568
   56.584699238    0.715585889    0.302977650
   56.625643304    0.723833180    0.302083571
   56.666587370    0.730970319    0.301201483
   56.707531436    0.736096605    0.300323569
   56.748475502    0.738540912    0.299441794
   56.789419568    0.737999805    0.298550728
   56.830363634    0.734459831    0.297650328
   56.871307700    0.727967109    0.296747414
   56.912251766    0.718398635    0.295855032
   56.953195832    0.705391312    0.294989719
   56.994139898    0.688493632    0.294167536
   57.035083964    0.667471410    0.293400241
   57.076028030    0.642598994    0.292692896
   57.116972096    0.614760179    0.292043615
   57.157916162    0.585276851    0.291445320
   57.198860228    0.555529282    0.290888633
   57.239804294    0.526549659    0.290364683
   57.280748360    0.498792801    0.289866855
   57.321692426    0.472198955    0.289391046
   57.362636492    0.446509025    0.288934722
   57.403580558    0.421655962    0.288495570
   57.444524624    0.398013182    0.288070633
   57.485468690    0.376357385    0.287656530
   57.526412756    0.357559233    0.287250775
   57.567356822    0.342166548    0.286853668
   57.608300888    0.330107812    0.286469893
   57.649244954    0.320682758    0.286109029
   57.690189020    0.312853519    0.285784584
   57.731133086    0.305686956    0.285511751
   57.772077152    0.298715404    0.285304596
   57.813021218    0.292025461    0.285173680
   57.853965284    0.286030464    0.285124912
   57.894909350    0.281053276    0.285160003
   57.935853416    0.276949149    0.285278211
   57.976797482    0.272977729    0.285478559
   58.017741548    0.267999783    0.285761515
   58.058685614    0.260900070    0.286129386
   58.099629680    0.251016996    0.286585264
   58.140573746    0.238356912    0.287131054
   58.181517812    0.223486993    0.287765553
   58.222461878    0.207172355    0.288483578
   58.263405944    0.189958046    0.289276626
   58.304350010    0.171922937    0.290134833
   58.345294076    0.152737301    0.291049312
   58.386238143    0.131991060    0.292013714
   58.427182209    0.109613147    0.293024158
   58.468126275    0.086151342    0.294077452
   58.509070341    0.062751602    0.295168367
   58.550014407    0.040828419    0.296287241
   58.590958473    0.021573148    0.297419105
   58.631902539    0.005526648    0.298544826
   58.672846605   -0.007591353    0.299643811
   58.713790671   -0.018729479    0.300697064
   58.754734737   -0.029112801    0.301689194
   58.795678803   -0.039797173    0.302608509
   58.836622869   -0.051360987    0.303445296
   58.877566935   -0.063841477    0.304189316
   58.918511001   -0.076897925    0.304827957
   58.959455067   -0.090083476    0.305346167
   59.000399133   -0.103076879    0.305728346
   59.041343199   -0.115771582    0.305961347
   59.082287265   -0.128209353    0.306037063
   59.123231331   -0.140428001    0.305953260
   59.164175397   -0.152326801    0.305712146
   59.205119463   -0.163627748    0.305317361
   59.246063529   -0.173946932    0.304770958
   59.287007595   -0.182926682    0.304072056
   59.327951661   -0.190349750    0.303218116
   59.368895727   -0.196173554    0.302208476
   59.409839793   -0.200471574    0.301048675
   59.450783859   -0.203320842    0.299753548
   59.491727925   -0.204701004    0.298347611
   59.532671991   -0.204459839    0.296862424
   59.573616057   -0.202361083    0.295332037
   59.614560123   -0.198185818    0.293788416
   59.655504189   -0.191832182    0.292258712
   59.696448255   -0.183362037    0.290765149
   59.737392321   -0.172973284    0.289327019
   59.778336387   -0.160915665    0.287963111
   59.819280453   -0.147395854    0.286692771
   59.860224519   -0.132521096    0.285534540
   59.901168585   -0.116309274    0.284502676
   59.942112651   -0.098758518    0.283603134
   59.983056717   -0.079938782    0.282831003
   60.024000783   -0.060055858    0.282170874
   60.064944849   -0.039450769    0.281600255
   60.105888915   -0.018528447    0.281094722
   60.146832981    0.002355014    0.280632726
   60.187777047    0.022994183    0.280198193
   60.228721113    0.043373506    0.279780239
   60.269665179    0.063617925    0.279370766
   60.310609245    0.083869528    0.278961740
   60.351553311    0.104142537    0.278543994
   60.392497377    0.124225715    0.278108423
   60.433441443    0.143687028    0.277649076
   60.474385509    0.161993669    0.277166489
   60.515329575    0.178708058    0.276669426
   60.556273641    0.193680833    0.276173985
   60.597217708    0.207154921    0.275700413
   60.638161774    0.219726811    0.275269205
   60.679105840    0.232170326    0.274898405
   60.720049906    0.245188919    0.274603316
   60.760993972    0.259196495    0.274398463
   60.801938038    0.274216571    0.274300308
   60.842882104    0.289938059    0.274328720
   60.883826170    0.305895658    0.274505823
   60.924770236    0.321686486    0.274852252
   60.965714302    0.337119435    0.275382291
   61.006658368    0.352227779    0.276100112
   61.047602434    0.367143651    0.276998802
   61.088546500    0.381902756    0.278062522
   61.129490566    0.396285409    0.279270538
   61.170434632    0.409786653    0.280600986
   61.211378698    0.421748995    0.282032519
   61.252322764    0.431613233    0.283543312
   61.293266830    0.439182366    0.285108516
   61.334210896    0.444779254    0.286698248
   61.375154962    0.449217895    0.288278036
   61.416099028    0.453584298    0.289812272
   61.457043094    0.458902452    0.291269540
   61.497987160    0.465809725    0.292627489
   61.538931226    0.474363507    0.293874966
   61.579875292    0.484049064    0.295010464
   61.620819358    0.493979823    0.296037772
   61.661763424    0.503208410    0.296961183
   61.702707490    0.511028588    0.297782785
   61.743651556    0.517158305    0.298503211
   61.784595622    0.521746010    0.299125279
   61.825539688    0.525213641    0.299658350
   61.866483754    0.528011418    0.300120761
   61.907427820    0.530388180    0.300538678
   61.948371886    0.532267049    0.300941622
   61.989315952    0.533267615    0.301356693
   62.030260018    0.532853695    0.301804241
   62.071204084    0.530536029    0.302296933
   62.112148150    0.526041862    0.302842365
   62.153092216    0.519384236    0.303447440
   62.194036282    0.510812400    0.304121785
   62.234980348    0.500678664    0.304878030
   62.275924414    0.489291580    0.305728455
   62.316868480    0.476825223    0.306679550
   62.357812546    0.463320262    0.307727203
   62.398756612    0.448762233    0.308855067
   62.439700678    0.433181602    0.310037108
   62.480644744    0.416710557    0.311243346
   62.521588810    0.399558750    0.312446324
   62.562532876    0.381920728    0.313625654
   62.603476942    0.363874012    0.314769117
   62.644421008    0.345341800    0.315870584
   62.685365074    0.326166104    0.316926534
   62.726309140    0.306277101    0.317933419
   62.767253206    0.285882986    0.318887333
   62.808197273    0.265576328    0.319785959
   62.849141339    0.246278220    0.320631366
   62.890085405    0.229013762    0.321431700
   62.931029471    0.214598772    0.322200385
   62.971973537    0.203373971    0.322952782
   63.012917603    0.195116632    0.323701593
   63.053861669    0.189187348    0.324452970
   63.094805735    0.184862026    0.325204938
   63.135749801    0.181707541    0.325948610
   63.176693867    0.179830634    0.326671384
   63.217637933    0.179881665    0.327360538
   63.258581999    0.182806266    0.328005627
   63.299526065    0.189456333    0.328598942
   63.340470131    0.200239182    0.329134309
   63.381414197    0.214965677    0.329605283
   63.422358263    0.232961744    0.330003964
   63.463302329    0.253379714    0.330321084
   63.504246395    0.275549336    0.330547302
   63.545190461    0.299191639    0.330674909
   63.586134527    0.324390585    0.330699044
   63.627078593    0.351341885    0.330617838
   63.668022659    0.380012712    0.330431518
   63.708966725    0.409892429    0.330141071
   63.749910791    0.439969398    0.329747261
   63.790854857    0.468955350    0.329250512
   63.831798923    0.495654562    0.328651720
   63.872742989    0.519303490    0.327953527
   63.913687055    0.539723490    0.327161360
   63.954631121    0.557225513    0.326283671
   63.995575187    0.572330898    0.325331195
   64.036519253    0.585461973    0.324315535
   64.077463319    0.596764258    0.323247663
   64.118407385    0.606145668    0.322136980
   64.159351451    0.613498141    0.320991298
   64.200295517    0.618967371    0.319817703
   64.241239583    0.623109241    0.318623862
   64.282183649    0.626831567    0.317419114
   64.323127715    0.631134684    0.316214779
   64.364071781    0.636773398    0.315023417
   64.405015847    0.644007716    0.313857211
   64.445959913    0.652566579    0.312726039
   64.486903979    0.661840057    0.311635932
   64.527848045    0.671198606    0.310588522
   64.568792111    0.680274781    0.309581643
   64.609736177    0.689066370    0.308610813
   64.650680243    0.697817229    0.307670910
   64.691624309    0.706750548    0.306757334
   64.732568375    0.715805524    0.305866185
   64.773512441    0.724521879    0.304993564
   64.814456507    0.732132092    0.304134549
   64.855400573    0.737805727    0.303282692
   64.896344639    0.740907845    0.302430670
   64.937288705    0.741129679    0.301572193
   64.978232771    0.738426710    0.300704559
   65.019176838    0.732813450    0.299830832
   65.060120904    0.724151018    0.298960532
   65.101064970    0.712072343    0.298108297
   65.142009036    0.696113246    0.297290730
   65.182953102    0.675996744    0.296522445
   65.223897168    0.651920260    0.295812685
   65.264841234    0.624678171    0.295163643
   65.305785300    0.595529089    0.294570969
   65.346729366    0.565850128    0.294026022
   65.387673432    0.536737650    0.293518846
   65.428617498    0.508750095    0.293040646
   65.469561564    0.481920024    0.292584968
   65.510505630    0.456023145    0.292147476
   65.551449696    0.430955277    0.291724910
   65.592393762    0.407008678    0.291314118
   65.633337828    0.384891241    0.290911911
   65.674281894    0.365470276    0.290516000
   65.715225960    0.349373653    0.290126593
   65.756170026    0.336663062    0.289747878
   65.797114092    0.326760940    0.289388573
   65.838058158    0.318679961    0.289061115
   65.879002224    0.311441995    0.288779648
   65.919946290    0.304469459    0.288557478
   65.960890356    0.297743451    0.288404933
   66.001834422    0.291645473    0.288328328
   66.042778488    0.286568486    0.288330348
   66.083722554    0.282507907    0.288411523
   66.124666620    0.278856401    0.288572077
   66.165610686    0.274519690    0.288813301
   66.206554752    0.268300638    0.289137851
   66.247498818    0.259356209    0.289548862
   66.288442884    0.247492962    0.290048315
   66.329386950    0.233152450    0.290635446
   66.370331016    0.217102396    0.291305964
   66.411275082    0.200004768    0.292052517
   66.452219148    0.182095224    0.292866254
   66.493163214    0.163146296    0.293738790
   66.534107280    0.142732723    0.294663660
   66.575051346    0.120653553    0.295636497
   66.615995412    0.097278752    0.296653733
   66.656939478    0.073623227    0.297710339
   66.697883544    0.051089369    0.298797583
   66.738827610    0.030987690    0.299901876
   66.779771676    0.014057174    0.301005324
   66.820715742    0.000206842    0.302087826
   66.861659808   -0.011408896    0.303129825
   66.902603874   -0.022027929    0.304114524
   66.943547940   -0.032806643    0.305028600
   66.984492006   -0.044446585    0.305861230
   67.025436072   -0.057066482    0.306602086
   67.066380138   -0.070334981    0.307239502
   67.107324204   -0.083756800    0.307759940
   67.148268270   -0.096948976    0.308149172
   67.189212337   -0.109775192    0.308394682
   67.230156403   -0.122299155    0.308488064
   67.271100469   -0.134618019    0.308426093
   67.312044535   -0.146691512    0.308209843
   67.352988601   -0.158268512    0.307842196
   67.393932667   -0.168945705    0.307325087
   67.434876733   -0.178314659    0.306658036
   67.475820799   -0.186107631    0.305839023
   67.516764865   -0.192260549    0.304867585
   67.557708931   -0.196864177    0.303748867
   67.598652997   -0.200038722    0.302496745
   67.639597063   -0.201806908    0.301134496
   67.680541129   -0.202036270    0.299692546
   67.721485195   -0.200478903    0.298204218
   67.762429261   -0.196882277    0.296701273
   67.803373327   -0.191108154    0.295211058
   67.844317393   -0.183196273    0.293756155
   67.885261459   -0.173342682    0.292356112
   67.926205525   -0.161809293    0.291029707
   67.967149591   -0.148816078    0.289796000
   68.008093657   -0.134473203    0.288673086
   68.049037723   -0.118786416    0.287674823
   68.089981789   -0.101729458    0.286806996
   68.130925855   -0.083342915    0.286064851
   68.171869921   -0.063806332    0.285433399
   68.212813987   -0.043444342    0.284890628
   68.253758053   -0.022660142    0.284412376
   68.294702119   -0.001824880    0.283976885
   68.335646185    0.018826614    0.283567320
   68.376590251    0.039244201    0.283171620
   68.417534317    0.059528588    0.282780443
   68.458478383    0.079824677    0.282384865
   68.499422449    0.100185153    0.281975488
   68.540366515    0.120464621    0.281543692
   68.581310581    0.140297203    0.281084482
   68.622254647    0.159179457    0.280599385
   68.663198713    0.176636752    0.280097772
   68.704142779    0.192412074    0.279595744
   68.745086845    0.206599437    0.279113045
   68.786030911    0.219659383    0.278669492
   68.826974977    0.232298549    0.278282648
   68.867919043    0.245251953    0.277967765
   68.908863109    0.259051031    0.277739695
   68.949807175    0.273870923    0.277615357
   68.990751241    0.289519272    0.277614919
   69.031695307    0.305567370    0.277760507
   69.072639373    0.321559904    0.278072572
   69.113583439    0.337202709    0.278565324
   69.154527505    0.352438282    0.279243254
   69.195471571    0.367373823    0.280100245
   69.236415637    0.382101402    0.281121551
   69.277359703    0.396508097    0.282287459
   69.318303769    0.410185626    0.283576724
   69.359247835    0.422505618    0.284968112
   69.400191902    0.432846825    0.286439595
   69.441135968    0.440881934    0.287966177
   69.482080034    0.446792771    0.289518216
   69.523024100    0.451304444    0.291061919
   69.563968166    0.455503478    0.292562554
   69.604912232    0.460499100    0.293989346
   69.645856298    0.467057448    0.295320000
   69.686800364    0.475353308    0.296542774
   69.727744430    0.484936089    0.297655203
   69.768688496    0.494918051    0.298660216
   69.809632562    0.504302818    0.299561701
   69.850576628    0.512319825    0.300361849
   69.891520694    0.518636258    0.301061584
   69.932464760    0.523376505    0.301663730
   69.973408826    0.526962015    0.302177007
   70.014352892    0.529855206    0.302618480
   70.055296958    0.532321142    0.303012826
   70.096241024    0.534301227    0.303388465
   70.137185090    0.535437013    0.303772260
   70.178129156    0.535216418    0.304185264
   70.219073222    0.533167680    0.304641419
   70.260017288    0.529015910    0.305149561
   70.300961354    0.522743691    0.305717290
   70.341905420    0.514545601    0.306354261
   70.382849486    0.504713667    0.307072770
   70.423793552    0.493515999    0.307884966
   70.464737618    0.481124861    0.308797861
   70.505681684    0.467618448    0.309808606
   70.546625750    0.453039733    0.310902477
   70.587569816    0.437466385    0.312054789
   70.628513882    0.421042838    0.313236070
   70.669457948    0.403950455    0.314418327
   70.710402014    0.386331841    0.315579865
   70.751346080    0.368219039    0.316706960
   70.792290146    0.349522985    0.317792372
   70.833234212    0.330115383    0.318832172
   70.874178278    0.309984418    0.319823027
   70.915122344    0.289396567    0.320761503
   70.956066410    0.268976075    0.321645606
   70.997010476    0.249637520    0.322477363
   71.037954542    0.232369967    0.323264587
   71.078898608    0.217946244    0.324020341
   71.119842674    0.206680374    0.324759867
   71.160786740    0.198350876    0.325496082
   71.201730806    0.192343025    0.326235570
   71.242674872    0.187964930    0.326976743
   71.283618938    0.184806109    0.327710850
   71.324563004    0.182977362    0.328425156
   71.365507070    0.183116665    0.329106685
   71.406451136    0.186150355    0.329744883
   71.447395202    0.192913856    0.330332252
   71.488339268    0.203805212    0.330863137
   71.529283334    0.218631391    0.331331750
   71.570227400    0.236715326    0.331730730
   71.611171467    0.257204582    0.332051071
   71.652115533    0.279423418    0.332283403
   71.693059599    0.303089560    0.332419848
   71.734003665    0.328286892    0.332455428
   71.774947731    0.355211271    0.332388324
   71.815891797    0.383824786    0.332218953
   71.856835863    0.413603159    0.331948502
   71.897779929    0.443515547    0.331577772
   71.938723995    0.472258391    0.331106975
   71.979668061    0.498635747    0.330536561
   72.020612127    0.521904433    0.329868600
   72.061556193    0.541921814    0.329107943
   72.102500259    0.559036454    0.328262532
   72.143444325    0.573793343    0.327342687
   72.184388391    0.586616866    0.326359665
   72.225332457    0.597638569    0.325324142
   72.266276523    0.606752213    0.324245270
   72.307220589    0.613851650    0.323130634
   72.348164655    0.619106093    0.321987063
   72.389108721    0.623106475    0.320821826
   72.430052787    0.626786497    0.319643646
   72.470996853    0.631144682    0.318463025
   72.511940919    0.636902756    0.317291684
   72.552884985    0.644272329    0.316141247
   72.593829051    0.652946440    0.315021624
   72.634773117    0.662315139    0.313939622
   72.675717183    0.671788234    0.312898246
   72.716661249    0.681055675    0.311896911
   72.757605315    0.690154424    0.310932398
   72.798549381    0.699318054    0.310000156
   72.839493447    0.708702886    0.309095390
   72.880437513    0.718148269    0.308213537
   72.921381579    0.727104924    0.307350043
   72.962325645    0.734768512    0.306499759
   73.003269711    0.740340314    0.305656561
   73.044213777    0.743267569    0.304813759
   73.085157843    0.743331035    0.303965540
   73.126101909    0.740538196    0.303109109
   73.167045975    0.734895768    0.302246751
   73.207990041    0.726209229    0.301386796
   73.248934107    0.714046611    0.300542818
   73.289878173    0.697912360    0.299731013
   73.330822239    0.677554145    0.298966481
   73.371766305    0.653239752    0.298259664
   73.412710371    0.625842792    0.297614175
   73.453654437    0.596667942    0.297026718
   73.494598503    0.567081828    0.296488976
   73.535542569    0.538121898    0.295990553
   73.576486635    0.510273542    0.295521739
   73.617430701    0.483522682    0.295075117
   73.658374767    0.457648679    0.294645676
   73.699318833    0.432595780    0.294229879
   73.740262899    0.408718746    0.293824607
   73.781206965    0.386764379    0.293426840
   73.822151032    0.367592004    0.293034448
   73.863095098    0.351778062    0.292647762
   73.904039164    0.339316495    0.292271098
   73.944983230    0.329580547    0.291913314
   73.985927296    0.321575702    0.291586933
   74.026871362    0.314359082    0.291305992
   74.067815428    0.307409971    0.291083408
   74.108759494    0.300758799    0.290928870
   74.149703560    0.294807260    0.290848033
   74.190647626    0.289935120    0.290843195
   74.231591692    0.286103456    0.290915006
   74.272535758    0.282668569    0.291064322
   74.313479824    0.278512301    0.291293327
   74.354423890    0.272429483    0.291605452
   74.395367956    0.263578561    0.292004171
   74.436312022    0.251768175    0.292491296
   74.477256088    0.237438309    0.293065603
   74.518200154    0.221354325    0.293722430
   74.559144220    0.204181654    0.294454472
   74.600088286    0.186169392    0.295253415
   74.641032352    0.167110913    0.296111675
   74.681976418    0.146600749    0.297023447
   74.722920484    0.124447692    0.297984528
   74.763864550    0.101017840    0.298990940
   74.804808616    0.077312915    0.300036876
   74.845752682    0.054722005    0.301112873
   74.886696748    0.034550028    0.302205011
   74.927640814    0.017539279    0.303295566
   74.968584880    0.003605031    0.304364901
   75.009528946   -0.008097515    0.305393833
   75.050473012   -0.018815053    0.306365514
   75.091417078   -0.029718215    0.307266078
   75.132361144   -0.041517650    0.308083922
   75.173305210   -0.054325831    0.308808141
   75.214249276   -0.067787502    0.309427096
   75.255193342   -0.081374499    0.309927994
   75.296137408   -0.094677724    0.310297857
   75.337081474   -0.107555299    0.310525452
   75.378025540   -0.120089297    0.310603214
   75.418969606   -0.132409299    0.310528067
   75.459913672   -0.144503609    0.310300618
   75.500857738   -0.156130169    0.309923036
   75.541801804   -0.166871073    0.309396752
   75.582745870   -0.176289529    0.308721334
   75.623689936   -0.184093725    0.307895441
   75.664634002   -0.190215202    0.306919730
   75.705578068   -0.194763523    0.305800562
   75.746522134   -0.197890485    0.304552777
   75.787466200   -0.199645336    0.303200144
   75.828410266   -0.199902639    0.301773086
   75.869354332   -0.198399697    0.300304563
   75.910298398   -0.194858277    0.298825816
   75.951242464   -0.189120659    0.297363710
   75.992186530   -0.181225956    0.295940479
   76.033130597   -0.171388791    0.294575429
   76.074074663   -0.159896859    0.293287063
   76.115018729   -0.146986389    0.292093927
   76.155962795   -0.132763240    0.291013207
   76.196906861   -0.117209707    0.290057404
   76.237850927   -0.100269770    0.289230628
   76.278794993   -0.081964187    0.288526429
   76.319739059   -0.062472314    0.287928464
   76.360683125   -0.042135825    0.287413992
   76.401627191   -0.021379665    0.286958811
   76.442571257   -0.000586958    0.286541614
   76.483515323    0.020012722    0.286146134
   76.524459389    0.040388068    0.285760620
   76.565403455    0.060660486    0.285375628
   76.606347521    0.080985698    0.284981871
   76.647291587    0.101413056    0.284569730
   76.688235653    0.121785002    0.284130944
   76.729179719    0.141725072    0.283661656
   76.770123785    0.160728458    0.283165136
   76.811067851    0.178327423    0.282652590
   76.852011917    0.194271027    0.282141446
   76.892955983    0.208647754    0.281651891
   76.933900049    0.221896869    0.281203348
   76.974844115    0.234694778    0.280812618
   77.015788181    0.247752137    0.280494430
   77.056732247    0.261595965    0.280263766
   77.097676313    0.276421016    0.280138288
   77.138620379    0.292069054    0.280139024
   77.179564445    0.308141542    0.280288415
   77.220508511    0.324192552    0.280606209
   77.261452577    0.339911316    0.281104923
   77.302396643    0.355207488    0.281786884
   77.343340709    0.370158201    0.282644119
   77.384284775    0.384845229    0.283660911
   77.425228841    0.399170122    0.284817562
   77.466172907    0.412754287    0.286093385
   77.507116973    0.424996626    0.287467563
   77.548061039    0.435286343    0.288917821
   77.589005105    0.443287496    0.290418230
   77.629949171    0.449164903    0.291938029
   77.670893237    0.453634147    0.293442882
   77.711837303    0.457789433    0.294898630
   77.752781369    0.462761117    0.296276196
   77.793725435    0.469334500    0.297555515
   77.834669501    0.477684515    0.298726745
   77.875613567    0.487335111    0.299788309
   77.916557633    0.497357373    0.300742888
   77.957501699    0.506719964    0.301593479
   77.998445765    0.514644728    0.302341532
   78.039389831    0.520825544    0.302988016
   78.080333897    0.525434877    0.303536672
   78.121277963    0.528937396    0.303997519
   78.162222029    0.531809446    0.304388519
   78.203166096    0.534292963    0.304734274
   78.244110162    0.536283411    0.305062138
   78.285054228    0.537381857    0.305397486
   78.325998294    0.537066557    0.305760264
   78.366942360    0.534893600    0.306164237
   78.407886426    0.530636652    0.306618898
   78.448830492    0.524316813    0.307132636
   78.489774558    0.516131135    0.307715120
   78.530718624    0.506333335    0.308377324
   78.571662690    0.495133070    0.309128945
   78.612606756    0.482658560    0.309974361
   78.653550822    0.468986132    0.310909115
   78.694494888    0.454202333    0.311918725
   78.735438954    0.438449037    0.312980510
   78.776383020    0.421916045    0.314067761
   78.817327086    0.404780534    0.315154583
   78.858271152    0.387129151    0.316219629
   78.899215218    0.368916654    0.317247670
   78.940159284    0.350003456    0.318229130
   78.981103350    0.330276752    0.319158609
   79.022047416    0.309813114    0.320033680
   79.062991482    0.289007855    0.320854704
   79.103935548    0.268596959    0.321625537
   79.144879614    0.249535558    0.322354199
   79.185823680    0.232759433    0.323052475
   79.226767746    0.218915666    0.323733903
   79.267711812    0.208175888    0.324410542
   79.308655878    0.200223011    0.325089660
   79.349599944    0.194434170    0.325771697
   79.390544010    0.190196075    0.326450350
   79.431488076    0.187223308    0.327114704
   79.472432142    0.185738879    0.327752412
   79.513376208    0.186430052    0.328352567
   79.554320274    0.190190756    0.328907123
   79.595264340    0.197760719    0.329410568
   79.636208406    0.209422971    0.329858377
   79.677152472    0.224897553    0.330245297
   79.718096538    0.243477913    0.330564469
   79.759040604    0.264339687    0.330807831
   79.799984670    0.286866538    0.330967498
   79.840928736    0.310828589    0.331037356
   79.881872802    0.336322831    0.331014015
   79.922816868    0.363506754    0.330896711
   79.963760934    0.392265050    0.330686308
   80.004705000    0.421988052    0.330384029
   80.045649066    0.451587674    0.329990643
   80.086593132    0.479757253    0.329506514
   80.127537198    0.505356778    0.328932482
   80.168481264    0.527739647    0.328271049
   80.209425330    0.546866401    0.327527251
   80.250369396    0.563160366    0.326708739
   80.291313462    0.577192551    0.325825022
   80.332257528    0.589368426    0.324886185
   80.373201594    0.599781795    0.323901673
   80.414145661    0.608305038    0.322879600
   80.455089727    0.614852329    0.321826840
   80.496033793    0.619655289    0.320749769
   80.536977859    0.623382119    0.319655262
   80.577921925    0.627016507    0.318551482
   80.618865991    0.631545261    0.317448087
   80.659810057    0.637610875    0.316355728
   80.700754123    0.645307900    0.315284973
   80.741698189    0.654227091    0.314244989
   80.782642255    0.663719422    0.313242411
   80.823586321    0.673235616    0.312280702
   80.864530387    0.682559526    0.311360190
   80.905474453    0.691815912    0.310478667
   80.946418519    0.701259871    0.309632280
   80.987362585    0.710975858    0.308816354
   81.028306651    0.720661850    0.308025874
   81.069250717    0.729622703    0.307255574
   81.110194783    0.736975978    0.306499847
   81.151138849    0.741952118    0.305752853
   81.192082915    0.744118071    0.305009162
   81.233026981    0.743399575    0.304265030
   81.273971047    0.739896444    0.303520003
   81.314915113    0.733609258    0.302778255
   81.355859179    0.724252996    0.302048960
   81.396803245    0.711288573    0.301345268
   81.437747311    0.694179651    0.300681947
   81.478691377    0.672748047    0.300072278
   81.519635443    0.647432982    0.299525185
   81.560579509    0.619298416    0.299043468
   81.601523575    0.589760983    0.298623665
   81.642467641    0.560159971    0.298257417
   81.683411707    0.531378764    0.297933725
   81.724355773    0.503704188    0.297641252
   81.765299839    0.476986543    0.297370018
   81.806243905    0.451004336    0.297112269
   81.847187971    0.425829575    0.296862709
   81.888132037    0.401990880    0.296618560
   81.929076103    0.380342494    0.296379770
   81.970020169    0.361707792    0.296149405
   82.010964235    0.346489267    0.295933935
   82.051908301    0.334456439    0.295742978
   82.092852367    0.324828287    0.295588268
   82.133796433    0.316609164    0.295481980
   82.174740499    0.309002165    0.295434916
   82.215684565    0.301684286    0.295455214
   82.256628631    0.294804058    0.295548062
   82.297572697    0.288712598    0.295716465
   82.338516763    0.283581474    0.295962655
   82.379460829    0.279118875    0.296289448
   82.420404895    0.274539220    0.296700918
   82.461348961    0.268802642    0.297202082
   82.502293027    0.260995789    0.297797771
   82.543237093    0.250652539    0.298491208
   82.584181159    0.237850542    0.299282917
   82.625125226    0.223044953    0.300170408
   82.666069292    0.206744663    0.301148744
   82.707013358    0.189220148    0.302211716
   82.747957424    0.170410714    0.303353167
   82.788901490    0.150084874    0.304567956
   82.829845556    0.128163493    0.305852224
   82.870789622    0.105019507    0.307202852
   82.911733688    0.081572445    0.308616275
   82.952677754    0.059098763    0.310087009
   82.993621820    0.038825931    0.311606387
   83.034565886    0.021492587    0.313161972
   83.075509952    0.007079687    0.314737993
   83.116454018   -0.005161955    0.316316789
   83.157398084   -0.016402424    0.317880909
   83.198342150   -0.027785480    0.319415152
   83.239286216   -0.040042148    0.320907743
   83.280230282   -0.053321640    0.322350079
   83.321174348   -0.067283062    0.323735012
   83.362118414   -0.081367684    0.325054271
   83.403062480   -0.095098236    0.326296112
   83.444006546   -0.108260326    0.327444269
   83.484950612   -0.120899214    0.328478798
   83.525894678   -0.133166958    0.329378542
   83.566838744   -0.145126497    0.330124188
   83.607782810   -0.156627523    0.330700542
   83.648726876   -0.167316487    0.331096972
   83.689670942   -0.176763560    0.331305875
   83.730615008   -0.184627350    0.331320031
   83.771559074   -0.190764672    0.331130374
   83.812503140   -0.195230335    0.330725610
   83.853447206   -0.198175908    0.330094285
   83.894391272   -0.199710370    0.329228708
   83.935335338   -0.199801411    0.328129137
   83.976279404   -0.198268595    0.326806370
   84.017223470   -0.194866740    0.325281504
   84.058167536   -0.189409669    0.323582807
   84.099111602   -0.181866106    0.321740949
   84.140055668   -0.172378394    0.319784465
   84.180999734   -0.161198242    0.317737150
   84.221943800   -0.148577528    0.315618106
   84.262887866   -0.134673585    0.313443907
   84.303831932   -0.119517879    0.311231455
   84.344775998   -0.103062010    0.308999949
   84.385720064   -0.085274537    0.306771003
   84.426664130   -0.066236694    0.304566996
   84.467608196   -0.046186249    0.302408653
   84.508552262   -0.025484771    0.300313155
   84.549496328   -0.004520976    0.298293718
   84.590440394    0.016406039    0.296360731
   84.631384460    0.037169081    0.294523712
   84.672328526    0.057820106    0.292792977
   84.713272592    0.078514405    0.291180092
   84.754216658    0.099380956    0.289696905
   84.795160724    0.120394362    0.288353658
   84.836104791    0.141307516    0.287157125
   84.877048857    0.161682619    0.286109651
   84.917992923    0.181018729    0.285209448
   84.958936989    0.198931926    0.284451881
   84.999881055    0.215317040    0.283831087
   85.040825121    0.230420918    0.283341221
   85.081769187    0.244788795    0.282977005
   85.122713253    0.259096450    0.282733699
   85.163657319    0.273930583    0.282606949
   85.204601385    0.289605292    0.282592966
   85.245545451    0.306089853    0.282689187
   85.286489517    0.323075026    0.282895207
   85.327433583    0.340142057    0.283213479
   85.368377649    0.356950015    0.283649344
   85.409321715    0.373347998    0.284210211
   85.450265781    0.389356433    0.284904108
   85.491209847    0.405030029    0.285738119
   85.532153913    0.420280830    0.286717216
   85.573097979    0.434768677    0.287843813
   85.614042045    0.447940011    0.289117992
   85.654986111    0.459223530    0.290538084
   85.695930177    0.468306727    0.292101185
   85.736874243    0.475363639    0.293803320
   85.777818309    0.481111513    0.295639211
   85.818762375    0.486643599    0.297601849
   85.859706441    0.493086567    0.299682141
   85.900650507    0.501215952    0.301868869
   85.941594573    0.511189520    0.304148975
   85.982538639    0.522511465    0.306508031
   86.023482705    0.534240782    0.308930669
   86.064426771    0.545351435    0.311400793
   86.105370837    0.555089695    0.313901556
   86.146314903    0.563183395    0.316415273
   86.187258969    0.569831906    0.318923508
   86.228203035    0.575506785    0.321407572
   86.269147101    0.580672288    0.323849527
   86.310091167    0.585556948    0.326233583
   86.351035233    0.590066866    0.328547629
   86.391979299    0.593853976    0.330784527
   86.432923365    0.596479794    0.332942850
   86.473867431    0.597582011    0.335026875
   86.514811497    0.596968887    0.337045818
   86.555755563    0.594618393    0.339012503
   86.596699629    0.590613026    0.340941759
   86.637643695    0.585067768    0.342848886
   86.678587761    0.578097002    0.344748446
   86.719531827    0.569828925    0.346653508
   86.760475893    0.560439108    0.348575318
   86.801419959    0.550161931    0.350523276
   86.842364025    0.539256453    0.352505044
   86.883308091    0.527938602    0.354526684
   86.924252157    0.516320340    0.356592811
   86.965196223    0.504398616    0.358706800
   87.006140289    0.492109598    0.360871170
   87.047084356    0.479422848    0.363088149
   87.088028422    0.466421423    0.365360371
   87.128972488    0.453316543    0.367691537
   87.169916554    0.440380506    0.370086791
   87.210860620    0.427829765    0.372552646
   87.251804686    0.415723017    0.375096354
   87.292748752    0.403935618    0.377724821
   87.333692818    0.392230964    0.380443286
   87.374636884    0.380393111    0.383254105
   87.415580950    0.368345340    0.386155931
   87.456525016    0.356181430    0.389143538
   87.497469082    0.344082577    0.392208341
   87.538413148    0.332159990    0.395339492
   87.579357214    0.320314058    0.398525286
   87.620301280    0.308204595    0.401754494
   87.661245346    0.295375980    0.405017280
   87.702189412    0.281498972    0.408305463
   87.743133478    0.266619748    0.411612102
   87.784077544    0.251286210    0.414930626
   87.825021610    0.236467724    0.418253888
   87.865965676    0.223279026    0.421573555
   87.906909742    0.212617025    0.424880114
   87.947853808    0.204871063    0.428163480
   87.988797874    0.199843648    0.431413934
   88.029741940    0.196926999    0.434622926
   88.070686006    0.195462843    0.437783345
   88.111630072    0.195125020    0.440889097
   88.152574138    0.196150329    0.443934236
   88.193518204    0.199311153    0.446912108
   88.234462270    0.205642512    0.449815061
   88.275406336    0.216049604    0.452634981
   88.316350402    0.230975180    0.455364516
   88.357294468    0.250273661    0.457998420
   88.398238534    0.273336880    0.460534317
   88.439182600    0.299394788    0.462972416
   88.480126666    0.327832840    0.465314202
   88.521070732    0.358365730    0.467560696
   88.562014798    0.390984602    0.469711181
   88.602958864    0.425712604    0.471763167
   88.643902930    0.462302135    0.473713794
   88.684846996    0.500037162    0.475562167
   88.725791062    0.537750596    0.477311522
   88.766735128    0.574057540    0.478970106
   88.807679194    0.607696006    0.480550085
   88.848623260    0.637813416    0.482064703
   88.889567326    0.664067171    0.483524695
   88.930511392    0.686505273    0.484935388
   88.971455458    0.705307636    0.486295665
   89.012399524    0.720540218    0.487599192
   89.053343590    0.732064322    0.488837364
   89.094287656    0.739656457    0.490002692
   89.135231722    0.743275103    0.491091281
   89.176175788    0.743322808    0.492103531
   89.217119855    0.740743555    0.493043095
   89.258063921    0.736873674    0.493914933
   89.299007987    0.733091202    0.494723654
   89.339952053    0.730417875    0.495473061
   89.380896119    0.729261334    0.496167115
   89.421840185    0.729422070    0.496811702
   89.462784251    0.730360057    0.497416099
   89.503728317    0.731585468    0.497993131
   89.544672383    0.732974404    0.498557569
   89.585616449    0.734848637    0.499123211
   89.626560515    0.737779895    0.499699699
   89.667504581    0.742222097    0.500290362
   89.708448647    0.748164818    0.500891978
   89.749392713    0.754990729    0.501496620
   89.790336779    0.761613760    0.502094920
   89.831280845    0.766828769    0.502679597
   89.872224911    0.769694580    0.503248030
   89.913168977    0.769758266    0.503803092
   89.954113043    0.767017008    0.504352107
   89.995057109    0.761657353    0.504904473
   90.036001175    0.753733008    0.505468835
   90.076945241    0.742975426    0.506050779
   90.117889307    0.728857582    0.506651714
   90.158833373    0.710889461    0.507269170
   90.199777439    0.688990391    0.507898315
   90.240721505    0.663731475    0.508534138
   90.281665571    0.636301071    0.509173649
   90.322609637    0.608187799    0.509817480
   90.363553703    0.580724554    0.510470494
   90.404497769    0.554713844    0.511141295
   90.445441835    0.530317258    0.511840831
   90.486385901    0.507258041    0.512580534
   90.527329967    0.485224895    0.513370536
   90.568274033    0.464261188    0.514218468
   90.609218099    0.444931405    0.515129105
   90.650162165    0.428172007    0.516104874
   90.691106231    0.414897307    0.517146899
   90.732050297    0.405558173    0.518256141
   90.772994363    0.399877578    0.519434173
   90.813938429    0.396900153    0.520683328
   90.854882495    0.395338666    0.522006245
   90.895826561    0.394057346    0.523405080
   90.936770627    0.392470685    0.524880782
   90.977714693    0.390683695    0.526432781
   91.018658759    0.389327217    0.528059226
   91.059602825    0.389183599    0.529757673
   91.100546891    0.390784788    0.531525908
   91.141490957    0.394159910    0.533362547
   91.182435023    0.398823518    0.535267175
   91.223379089    0.403978184    0.537239996
   91.264323155    0.408814969    0.539281214
   91.305267221    0.412771421    0.541390501
   91.346211287    0.415650390    0.543566885
   91.387155353    0.417582370    0.545809209
   91.428099420    0.418885172    0.548117007
   91.469043486    0.419905081    0.550491411
   91.509987552    0.420907656    0.552935576
   91.550931618    0.422042821    0.555454211
   91.591875684    0.423367029    0.558052161
   91.632819750    0.424886234    0.560732371
   91.673763816    0.426590261    0.563493910
   91.714707882    0.428469413    0.566330838
   91.755651948    0.430520221    0.569232436
   91.796596014    0.432749447    0.572184838
   91.837540080    0.435176729    0.575173491
   91.878484146    0.437827954    0.578185486
   91.919428212    0.440713512    0.581210786
   91.960372278    0.443798176    0.584241777
   92.001316344    0.446982589    0.587271302
   92.042260410    0.450117539    0.590290009
   92.083204476    0.453056071    0.593284199
   92.124148542    0.455722647    0.596235159
   92.165092608    0.458159847    0.599120356
   92.206036674    0.460517030    0.601916007
   92.246980740    0.462974387    0.604599936
   92.287924806    0.465635809    0.607153538
   92.328868872    0.468450852    0.609562160
   92.369812938    0.471220025    0.611813988
   92.410757004    0.473696951    0.613898349
   92.451701070    0.475744986    0.615804583
   92.492645136    0.477466277    0.617522349
   92.533589202    0.479223663    0.619043445
   92.574533268    0.481524164    0.620364370
   92.615477334    0.484804701    0.621488406
   92.656421400    0.489218080    0.622426171
   92.697365466    0.494527077    0.623194313
   92.738309532    0.500167876    0.623812929
   92.779253598    0.505462662    0.624302867
   92.820197664    0.509886641    0.624684063
   92.861141730    0.513266577    0.624975418
   92.902085796    0.515821762    0.625195804
   92.943029862    0.518036823    0.625365126
   92.983973928    0.520437751    0.625504305
   93.024917994    0.523385340    0.625633667
   93.065862060    0.526982627    0.625770140
   93.106806126    0.531126624    0.625924489
   93.147750192    0.535656896    0.626099940
   93.188694258    0.540506557    0.626293004
   93.229638324    0.545768639    0.626496244
   93.270582390    0.551645344    0.626701800
   93.311526456    0.558316824    0.626904101
   93.352470522    0.565810506    0.627100624
   93.393414588    0.573948448    0.627290588
   93.434358654    0.582403240    0.627472529
   93.475302720    0.590831455    0.627642290
   93.516246786    0.599012881    0.627792702
   93.557190852    0.606925116    0.627915344
   93.598134918    0.614722819    0.628003646
   93.639078985    0.622643471    0.628055881
   93.680023051    0.630896001    0.628076675
   93.720967117    0.639587175    0.628076397
   93.761911183    0.648708097    0.628068929
   93.802855249    0.658162868    0.628069053
   93.843799315    0.667799827    0.628090837
   93.884743381    0.677415538    0.628147705
   93.925687447    0.686734186    0.628253869
   93.966631513    0.695396246    0.628425955
   94.007575579    0.702996572    0.628683494
   94.048519645    0.709185807    0.629047509
   94.089463711    0.713804558    0.629537489
   94.130407777    0.716985266    0.630167954
   94.171351843    0.719156851    0.630946138
   94.212295909    0.720927355    0.631871823
   94.253239975    0.722881119    0.632939356
   94.294184041    0.725375917    0.634140793
   94.335128107    0.728433089    0.635468635
   94.376072173    0.731772647    0.636916867
   94.417016239    0.734975436    0.638479935
   94.457960305    0.737692165    0.640150412
   94.498904371    0.739797933    0.641916768
   94.539848437    0.741421912    0.643762660
   94.580792503    0.742848335    0.645668366
   94.621736569    0.744350618    0.647613945
   94.662680635    0.746050578    0.649582812
   94.703624701    0.747874423    0.651564217
   94.744568767    0.749619992    0.653553598
   94.785512833    0.751088325    0.655550750
   94.826456899    0.752201090    0.657556694
   94.867400965    0.753039241    0.659570644
   94.908345031    0.753787256    0.661588314
   94.949289097    0.754621845    0.663602119
   94.990233163    0.755612985    0.665603008
   95.031177229    0.756693619    0.667582973
   95.072121295    0.757711107    0.669537167
   95.113065361    0.758525347    0.671464836
   95.154009427    0.759093341    0.673368880
   95.194953493    0.759491336    0.675254400
   95.235897559    0.759864990    0.677126923
   95.276841625    0.760340899    0.678990938
   95.317785691    0.760953914    0.680849136
   95.358729757    0.761632645    0.682702387
   95.399673823    0.762248965    0.684550214
   95.440617889    0.762698996    0.686391464
   95.481561955    0.762965765    0.688224870
   95.522506021    0.763126847    0.690049386
   95.563450087    0.763304772    0.691864247
   95.604394153    0.763592376    0.693668827
   95.645338219    0.763998981    0.695462413
   95.686282285    0.764449001    0.697244007
   95.727226351    0.764831808    0.699012274
   95.768170417    0.765070844    0.700765704
   95.809114483    0.765169546    0.702502951
   95.850058550    0.765207133    0.704223251
   95.891002616    0.765288547    0.705926697
   95.931946682    0.765480434    0.707614228
   95.972890748    0.765772451    0.709287251
   96.013834814    0.766086564    0.710947042
   96.054778880    0.766327175    0.712594180
   96.095722946    0.766440360    0.714228339
   96.136667012    0.766445898    0.715848575
   96.177611078    0.766423420    0.717454025
   96.218555144    0.766462430    0.719044656
   96.259499210    0.766607699    0.720621627
   96.300443276    0.766833464    0.722186958
   96.341387342    0.767061378    0.723742545
   96.382331408    0.767210107    0.725288899
   96.423275474    0.767245429    0.726824237
   96.464219540    0.767200216    0.728344434
   96.505163606    0.767152826    0.729844012
   96.546107672    0.767178175    0.731317841
   96.587051738    0.767302084    0.732762880
   96.627995804    0.767486792    0.734179210
   96.668939870    0.767655781    0.735569905
   96.709883936    0.767741780    0.736939789
   96.750828002    0.767728010    0.738293632
   96.791772068    0.767657501    0.739634517
   96.832716134    0.767605473    0.740963039
   96.873660200    0.767632529    0.742277513
   96.914604266    0.767747811    0.743574937
   96.955548332    0.767904545    0.744852114
   96.996492398    0.768030054    0.746106360
   97.037436464    0.768071093    0.747335540
   97.078380530    0.768026326    0.748537552
   97.119324596    0.767946206    0.749709709
   97.160268662    0.767900983    0.750848480
   97.201212728    0.767937107    0.751949815
   97.242156794    0.768049105    0.753009942
   97.283100860    0.768183966    0.754026234
   97.324044926    0.768274741    0.754997690
   97.364988992    0.768282136    0.755924796
   97.405933058    0.768218315    0.756808823
   97.446877124    0.768138554    0.757650891
   97.487821190    0.768106428    0.758451213
   97.528765256    0.768154461    0.759208808
   97.569709322    0.768264593    0.759921699
   97.610653388    0.768380193    0.760587455
   97.651597454    0.768441701    0.761203801
   97.692541520    0.768423507    0.761769154
   97.733485586    0.768349274    0.762283040
   97.774429652    0.768276581    0.762746452
   97.815373718    0.768260822    0.763162171
   97.856317784    0.768321007    0.763534959
   97.897261850    0.768428562    0.763871413
   97.938205916    0.768525723    0.764179294
   97.979149982    0.768561719    0.764466359
   98.020094048    0.768524113    0.764738944
   98.061038115    0.768445976    0.765000810
   98.101982181    0.768384797    0.765252720
   98.142926247    0.768386560    0.765492991
   98.183870313    0.768457435    0.765718838
   98.224814379    0.768560501    0.765927975
   98.265758445    0.768639198    0.766119817
   98.306702511    0.768652645    0.766295783
   98.347646577    0.768600782    0.766458665
   98.388590643    0.768523901    0.766611434
   98.429534709    0.768477167    0.766756109
   98.470478775    0.768496238    0.766893241
   98.511422841    0.768575404    0.767022203
   98.552366907    0.768671629    0.767142051
   98.593310973    0.768731707    0.767252439
   98.634255039    0.768725392    0.767354098
   98.675199105    0.768663906    0.767448637
   98.716143171    0.768592504    0.767537845
   98.757087237    0.768562000    0.767622924
   98.798031303    0.768597170    0.767704082
   98.838975369    0.768681663    0.767780721
   98.879919435    0.768768610    0.767852051
   98.920863501    0.768810065    0.767917766
   98.961807567    0.768786795    0.767978392
   99.002751633    0.768719929    0.768035103
   99.043695699    0.768657410    0.768089165
   99.084639765    0.768643934    0.768141328
   99.125583831    0.768693217    0.768191550
   99.166527897    0.768779783    0.768239188
   99.207471963    0.768855195    0.768283527
   99.248416029    0.768878392    0.768324325
   99.289360095    0.768841142    0.768362046
   99.330304161    0.768772850    0.768397655
   99.371248227    0.768721914    0.768432111
   99.412192293    0.768725453    0.768465878
   99.453136359    0.768786326    0.768498741
   99.494080425    0.768871674    0.768530031
   99.535024491    0.768933686    0.768559111
   99.575968557    0.768939477    0.768585824
   99.616912623    0.768891420    0.768610636
   99.657856689    0.768825360    0.768634389
   99.698800755    0.768788019    0.768657832
   99.739744821    0.768807821    0.768681222
   99.780688887    0.768877361    0.768704218
   99.821632953    0.768958312    0.768726149
   99.862577019    0.769005544    0.768746469
   99.903521085    0.768995280    0.768765118
   99.944465151    0.768939729    0.768782587
   99.985409217    0.768879198    0.768799634
  100.026353283    0.768856765    0.768816847
  100.067297349    0.768891430    0.768834316
  100.108241415    0.768966461    0.768851612
  100.149185481    0.769040096    0.768868084
  100.190129547    0.769071744    0.768883284
  100.231073614    0.769047276    0.768897257
  100.272017680    0.768987629    0.768910525
  100.312961746    0.768935511    0.768923776
  100.353905812    0.768928622    0.768937457
  100.394849878    0.768976196    0.768951520
  100.435793944    0.769053438    0.768965472
  100.476738010    0.769117222    0.768978700
  100.517682076    0.769133099    0.768990862
  100.558626142    0.769096725    0.769002105
  100.599570208    0.769036365    0.769012979
  100.640514274    0.768995057    0.769024102
  100.681458340    0.769003671    0.769035790
  100.722402406    0.769061734    0.769047874
  100.763346472    0.769137921    0.769059821
  100.804290538    0.769189790    0.769071072
  100.845234604    0.769190328    0.769081398
  100.886178670    0.769144717    0.769091042
  100.927122736    0.769086905    0.769100568
  100.968066802    0.769058253    0.769110521
  101.009010868    0.769081678    0.769121090
  101.049954934    0.769147453    0.769132003
  101.090899000    0.769219465    0.769142708
  101.131843066    0.769257906    0.769152716
  101.172787132    0.769244145    0.769161913
  101.213731198    0.769192248    0.769170626
  101.254675264    0.769140022    0.769179423
  101.295619330    0.769125277    0.769188761
  101.336563396    0.769162215    0.769198710
  101.377507462    0.769232679    0.769208912
  101.418451528    0.769297659    0.769218814
  101.459395594    0.769321761    0.769228012
  101.500339660    0.769295306    0.769236506
  101.541283726    0.769240249    0.769244695
  101.582227792    0.769196317    0.769253131
  101.623171858    0.769196094    0.769262177
  101.664115924    0.769244697    0.769271784
  101.705059990    0.769316698    0.769281529
  101.746004056    0.769372154    0.769290878
  101.786948122    0.769381640    0.769299526
  101.827892188    0.769344599    0.769307580
  101.868836254    0.769289566    0.769315497
  101.909780320    0.769256208    0.769323792
  101.950724386    0.769270474    0.769332726
  101.991668452    0.769328422    0.769342141
  102.032612518    0.769398801    0.769351565
  102.073556584    0.769442707    0.769360507
  102.114500650    0.769437945    0.769368767
  102.155444716    0.769392851    0.769376554
  102.196388782    0.769340965    0.769384359
  102.237332848    0.769319956    0.769392647
  102.278276914    0.769348032    0.769401567
  102.319220980    0.769412621    0.769410862
  102.360165046    0.769478338    0.769420035
  102.401109112    0.769509212    0.769428656
  102.442053179    0.769491202    0.769436635
  102.482997245    0.769440917    0.769444273
  102.523941311    0.769395119    0.769452074
  102.564885377    0.769387645    0.769460432
  102.605829443    0.769428230    0.769469382
  102.646773509    0.769496480    0.769478585
  102.687717575    0.769554735    0.769487539
  102.728661641    0.769571704    0.769495893
  102.769605707    0.769542047    0.769503669
  102.810549773    0.769489647    0.769511244
  102.851493839    0.769452573    0.769519113
  102.892437905    0.769459186    0.769527581
  102.933381971    0.769510400    0.769536573
  102.974326037    0.769579175    0.769545684
  103.015270103    0.769627531    0.769554431
  103.056214169    0.769630381    0.769562558
  103.097158235    0.769591221    0.769570195
  103.138102301    0.769539876    0.769577773
  103.179046367    0.769513740    0.769585757
  103.219990433    0.769534319    0.769594352
  103.260934499    0.769593777    0.769603378
  103.301878565    0.769659914    0.769612383
  103.342822631    0.769696408    0.769620928
  103.383766697    0.769685605    0.769628861
  103.424710763    0.769639551    0.769636413
  103.465654829    0.769592384    0.769644049
  103.506598895    0.769578875    0.769652178
  103.547542961    0.769612613    0.769660897
  103.588487027    0.769677514    0.769669933
  103.629431093    0.769737969    0.769678811
  103.670375159    0.769761218    0.769687157
  103.711319225    0.769737909    0.769694930
  103.752263291    0.769687930    0.769702448
  103.793207357    0.769647877    0.769710184
  103.834151423    0.769648059    0.769718474
  103.875095489    0.769693478    0.769727302
  103.916039555    0.769760721    0.769736316
  103.956983621    0.769812706    0.769745045
  103.997927687    0.769821985    0.769753200
  104.038871753    0.769787967    0.769760850
  104.079815819    0.769737260    0.769768381
  104.120759885    0.769706920    0.769776252
  104.161703951    0.769721161    0.769784705
  104.202648017    0.769776159    0.769793615
  104.243592083    0.769842484    0.769802570
  104.284536149    0.769883622    0.769811132
  104.325480215    0.769878930    0.769819108
  104.366424281    0.769836589    0.769826675
  104.407368347    0.769788437    0.769834266
  104.448312413    0.769769930    0.769842296
  104.489256479    0.769797855    0.769850901
  104.530200545    0.769859787    0.769859858
  104.571144611    0.769921932    0.769868719
  104.612088677    0.769950392    0.769877099
  104.653032744    0.769932484    0.769884918
  104.693976810    0.769884697    0.769892447
  104.734920876    0.769842297    0.769900138
  104.775864942    0.769837136    0.769908340
  104.816809008    0.769877610    0.769917078
  104.857753074    0.769943401    0.769926039
  104.898697140    0.769998276    0.769934771
  104.939641206    0.770012897    0.769942966
  104.980585272    0.769983280    0.769950657
  105.021529338    0.769933282    0.769958194
  105.062473404    0.769899573    0.769966022
  105.103417470    0.769908545    0.769974400
  105.144361536    0.769959703    0.769983239
  105.185305602    0.770025997    0.769992159
  105.226249668    0.770070861    0.770000730
  105.267193734    0.770071249    0.770008744
  105.308137800    0.770032131    0.770016348
  105.349081866    0.769983357    0.770023943
  105.390025932    0.769960837    0.770031938
  105.430969998    0.769983926    0.770040483
  105.471914064    0.770043238    0.770049380
  105.512858130    0.770106573    0.770058208
  105.553802196    0.770139214    0.770066594
  105.594746262    0.770125803    0.770074445
  105.635690328    0.770080007    0.770082010
  105.676634394    0.770035895    0.770089717
  105.717578460    0.770026453    0.770097902
  105.758522526    0.770062800    0.770106591
  105.799466592    0.770127186    0.770115490
  105.840410658    0.770184197    0.770124173
  105.881354724    0.770203087    0.770132354
  105.922298790    0.770177161    0.770140073
  105.963242856    0.770127985    0.770147666
  106.004186922    0.770091772    0.770155547
  106.045130988    0.770096541    0.770163940
  106.086075054    0.770144448    0.770172732
  106.127019120    0.770210439    0.770181551
  106.167963186    0.770258070    0.770190013
  106.208907252    0.770262500    0.770197970
  106.249851318    0.770226157    0.770205617
  106.290795384    0.770177192    0.770213354
  106.331739450    0.770151700    0.770221518
  106.372683516    0.770170942    0.770230146
  106.413627582    0.770227933    0.770238944
  106.454571648    0.770291870    0.770247486
  106.495515714    0.770327587    0.770255524
  106.536459780    0.770317757    0.770263201
  106.577403846    0.770273820    0.770270992
  106.618347912    0.770228735    0.770279374
  106.659291978    0.770216164    0.770288404
  106.700236044    0.770249206    0.770297440
  106.741180110    0.770312149    0.770305210
  106.782124176    0.770370409    0.770310219
  106.823068242    0.770392394    0.770311288
  106.864012309    0.770369453    0.770307965
  106.904956375    0.770321322    0.770300569
  106.945900441    0.770283630    0.770289860
  106.986844507    0.770285373    0.770276535
  107.027788573    0.770330597    0.770260821
  107.068732639    0.770395871    0.770242386
  107.109676705    0.770445119    0.770220589
  107.150620771    0.770452438    0.770194904
  107.191564837    0.770418460    0.770165236
  107.232508903    0.770369919    0.770131961
  107.273452969    0.770342719    0.770095667
  107.314397035    0.770359220    0.770056778
  107.355341101    0.770414118    0.770015289
  107.396285167    0.770477838    0.769970785
  107.437229233    0.770515270    0.769922713
  107.478173299    0.770507991    0.769870735
  107.519117365    0.770465889    0.769814936
  107.560061431    0.770420862    0.769755764
  107.601005497    0.770406602    0.769693738
  107.641949563    0.770437266    0.769629120
  107.682893629    0.770498557    0.769561753
  107.723837695    0.770556826    0.769491165
  107.764781761    0.770580406    0.769416874
  107.805725827    0.770559661    0.769338689
  107.846669893    0.770513038    0.769256831
  107.887613959    0.770475325    0.769171790
  107.928558025    0.770475579    0.769084006
  107.969502091    0.770518737    0.768993600
  108.010446157    0.770582547    0.768900293
  108.051390223    0.770631735    0.768803591
  108.092334289    0.770640395    0.768703093
  108.133278355    0.770608382    0.768598751
  108.174222421    0.770561328    0.768490892
  108.215166487    0.770534318    0.768380013
  108.256110553    0.770549607    0.768266461
  108.297054619    0.770602550    0.768150221
  108.337998685    0.770664634    0.768030920
  108.378942751    0.770701658    0.767908072
  108.419886817    0.770695459    0.767781380
  108.460830883    0.770655380    0.767650928
  108.501774949    0.770612231    0.767517120
  108.542719015    0.770598634    0.767380430
  108.583663081    0.770628287    0.767241095
  108.624607147    0.770687343    0.767098973
  108.665551213    0.770743337    0.766953628
  108.706495279    0.770765926    0.766804612
  108.747439345    0.770746176    0.766651746
  108.788383411    0.770702143    0.766495231
  108.829327477    0.770667229    0.766335522
  108.870271543    0.770668820    0.766173038
  108.911215609    0.770710866    0.766007897
  108.952159675    0.770771505    0.765839842
  108.993103741    0.770817170    0.765668408
  109.034047807    0.770824103    0.765493213
  109.074991874    0.770793463    0.765314200
  109.115935940    0.770750413    0.765131675
  109.156880006    0.770727841    0.764946107
  109.197824072    0.770745231    0.764757836
  109.238768138    0.770796276    0.764566854
  109.279712204    0.770853138    0.764372816
  109.320656270    0.770884521    0.764175255
  109.361600336    0.770875854    0.763973880
  109.402544402    0.770838530    0.763768759
  109.443488468    0.770802312    0.763560274
  109.484432534    0.770795893    0.763348880
  109.525376600    0.770828291    0.763134815
  109.566320666    0.770883172    0.762917952
  109.607264732    0.770929755    0.762697880
  109.648208798    0.770943102    0.762474164
  109.689152864    0.770920455    0.762246622
  109.730096930    0.770882859    0.762015437
  109.771040996    0.770861005    0.761781041
  109.811985062    0.770874670    0.761543843
  109.852929128    0.770919472    0.761303966
  109.893873194    0.770969906    0.761061175
  109.934817260    0.770996781    0.760815023
  109.975761326    0.770987402    0.760565136
  110.016705392    0.770954659    0.760311451
  110.057649458    0.770928394    0.760054251
  110.098593524    0.770934376    0.759793988
  110.139537590    0.770975148    0.759530995
  110.180481656    0.771026544    0.759265276
  110.221425722    0.771053724    0.758996505
  110.262369788    0.771037087    0.758724234
  110.303313854    0.770990404    0.758448173
  110.344257920    0.770956752    0.758168380
  110.385201986    0.770981165    0.757885217
  110.426146052    0.771074511    0.757599121
  110.467090118    0.771190965    0.757310330
  110.508034184    0.771235846    0.757018730
  110.548978250    0.771103891    0.756723929
  110.589922316    0.770729663    0.756425508
  110.630866382    0.770122951    0.756123284
  110.671810448    0.769368567    0.755817427
  110.712754514    0.768588869    0.755508351
  110.753698580    0.767887982    0.755196447
  110.794642646    0.767307077    0.754881840
  110.835586712    0.766813993    0.754564310
  110.876530778    0.766331225    0.754243431
  110.917474844    0.765785065    0.753918842
  110.958418910    0.765147575    0.753590479
  110.999362976    0.764448517    0.753258609
  111.040307042    0.763752623    0.752923665
  111.081251108    0.763117899    0.752585964
  111.122195174    0.762560797    0.752245512
  111.163139240    0.762048694    0.751901999
  111.204083306    0.761522697    0.751554999
  111.245027373    0.760935398    0.751204238
  111.285971439    0.760279786    0.750849772
  111.326915505    0.759591943    0.750491944
  111.367859571    0.758926875    0.750131170
  111.408803637    0.758323439    0.749767670
  111.449747703    0.757780517    0.749401330
  111.490691769    0.757258906    0.749031779
  111.531635835    0.756707007    0.748658623
  111.572579901    0.756093598    0.748281700
  111.613523967    0.755426991    0.747901180
  111.654468033    0.754748912    0.747517451
  111.695412099    0.754107480    0.747130878
  111.736356165    0.753526741    0.746741560
  111.777300231    0.752991947    0.746349277
  111.818244297    0.752459555    0.745953628
  111.859188363    0.751885213    0.745554293
  111.900132429    0.751251784    0.745151234
  111.941076495    0.750579757    0.744744721
  111.982020561    0.749913751    0.744335153
  112.022964627    0.749293971    0.743922800
  112.063908693    0.748730855    0.743507629
  112.104852759    0.748198855    0.743089330
  112.145796825    0.747653037    0.742667518
  112.186740891    0.747057730    0.742241985
  112.227684957    0.746408981    0.741812838
  112.268629023    0.745736705    0.741380422
  112.309573089    0.745085397    0.740945093
  112.350517155    0.744485828    0.740506978
  112.391461221    0.743935717    0.740065888
  112.432405287    0.743401497    0.739621451
  112.473349353    0.742839855    0.739173365
  112.514293419    0.742225230    0.738721611
  112.555237485    0.741565828    0.738266480
  112.596181551    0.740898128    0.737808366
  112.637125617    0.740263555    0.737347478
  112.678069683    0.739682215    0.736883651
  112.719013749    0.739140351    0.736416419
  112.759957815    0.738599324    0.735945338
  112.800901881    0.738020273    0.735470395
  112.841845947    0.737388709    0.734992256
  112.882790013    0.736723498    0.734512182
  112.923734079    0.736064665    0.734031630
  112.964678145    0.735447899    0.733551728
  113.005622211    0.734881992    0.733072901
  113.046566277    0.734343475    0.732594847
  113.087510343    0.733791709    0.732116852
  113.128454409    0.733194732    0.731638277
  113.169398475    0.732549433    0.731158921
  113.210342541    0.731883315    0.730679096
  113.251286607    0.731236867    0.730199382
  113.292230673    0.730637845    0.729720244
  113.333174739    0.730083785    0.729241748
  113.374118805    0.729543775    0.728763549
  113.415062871    0.728978219    0.728285130
  113.456006938    0.728363967    0.727806141
  113.496951004    0.727708859    0.727326612
  113.537895070    0.727046549    0.726846917
  113.578839136    0.726415019    0.726367518
  113.619783202    0.725832506    0.725888670
  113.660727268    0.725286083    0.725410264
  113.701671334    0.724740059    0.724931911
  113.742615400    0.724158735    0.724453206
  113.783559466    0.723529012    0.723973987
  113.824503532    0.722868528    0.723494429
  113.865447598    0.722214281    0.723014921
  113.906391664    0.721599062    0.722535796
  113.947335730    0.721030714    0.722057120
  113.988279796    0.720487339    0.721578657
  114.029223862    0.719931373    0.721100046
  114.070167928    0.719333497    0.720621051
  114.111111994    0.718691151    0.720141725
  114.152056060    0.718029965    0.719662357
  114.193000126    0.717387322    0.719183241
  114.233944192    0.716788578    0.718704438
  114.274888258    0.716231083    0.718225703
  114.315832324    0.715686066    0.717746668
  114.356776390    0.715117063    0.717267205
  114.397720456    0.714503095    0.716787749
  114.438664522    0.713851852    0.716309359
  114.479608588    0.713194600    0.715833446
  114.520552654    0.712566165    0.715361280
  114.561496720    0.711982814    0.714893523
  114.602440786    0.711432081    0.714430053
  114.643384852    0.710880907    0.713970169
  114.684328918    0.710296792    0.713513064
  114.725272984    0.709668425    0.713058298
  114.766217050    0.709012692    0.712606025
  114.807161116    0.708363709    0.712156851
  114.848105182    0.707750993    0.711711431
  114.889049248    0.707180742    0.711270070
  114.929993314    0.706632098    0.710832554
  114.970937380    0.706070661    0.710398303
  115.011881446    0.705470510    0.709966750
  115.052825512    0.704830627    0.709537691
  115.093769578    0.704175309    0.709111402
  115.134713644    0.703538431    0.708688448
  115.175657710    0.702941749    0.708269327
  115.216601776    0.702381128    0.707854154
  115.257545842    0.701829454    0.707442603
  115.298489908    0.701254207    0.707034118
  115.339433974    0.700638334    0.706628266
  115.380378040    0.699991006    0.706225011
  115.421322106    0.699341447    0.705824724
  115.462266172    0.698719939    0.705427948
  115.503210238    0.698138330    0.705035051
  115.544154304    0.697582612    0.704645998
  115.585098370    0.697022263    0.704260378
  115.626042436    0.696430180    0.703877666
  115.666986503    0.695800222    0.703497560
  115.707930569    0.695150960    0.703120162
  115.748874635    0.694513284    0.702745915
  115.789818701    0.693910051    0.702375316
  115.830762767    0.693341141    0.702008606
  115.871706833    0.692783750    0.701645617
  115.912650899    0.692207724    0.701285884
  115.953594965    0.691595747    0.700928940
  115.994539031    0.690954942    0.700574611
  116.035483097    0.690312005    0.700223120
  116.076427163    0.689694980    0.699874950
  116.117371229    0.689113851    0.699530529
  116.158315295    0.688553264    0.699189968
  116.199259361    0.687982804    0.698852989
  116.240203427    0.687378392    0.698519103
  116.281147493    0.686740311    0.698187923
  116.322091559    0.686094793    0.697859402
  116.363035625    0.685476607    0.697533866
  116.403979691    0.684903207    0.697211803
  116.444923757    0.684358030    0.696893554
  116.485867823    0.683796434    0.696579100
  116.526811889    0.683174090    0.696268076
  116.567755955    0.682482625    0.695960002
  116.608700021    0.681770479    0.695654587
  116.649644087    0.681133316    0.695351912
  116.690588153    0.680675096    0.695052375
  116.731532219    0.680458544    0.694756440
  116.772476285    0.680471570    0.694464344
  116.813420351    0.680629011    0.694175948
  116.854364417    0.680810344    0.693890826
  116.895308483    0.680914232    0.693608537
  116.936252549    0.680901370    0.693328899
  116.977196615    0.680803614    0.693052107
  117.018140681    0.680696191    0.692778606
  117.059084747    0.680650098    0.692508808
  117.100028813    0.680691941    0.692242836
  117.140972879    0.680792918    0.691980444
  117.181916945    0.680890893    0.691721174
  117.222861011    0.680930356    0.691464649
  117.263805077    0.680895561    0.691210805
  117.304749143    0.680817566    0.690959934
  117.345693209    0.680752476    0.690712497
  117.386637275    0.680745567    0.690468832
  117.427581341    0.680803816    0.690228943
  117.468525407    0.680893247    0.689992495
  117.509469473    0.680961683    0.689759031
  117.550413539    0.680971907    0.689528258
  117.591357605    0.680924372    0.689300229
  117.632301671    0.680855735    0.689075313
  117.673245737    0.680814883    0.688853956
  117.714189803    0.680831997    0.688636404
  117.755133869    0.680900121    0.688422543
  117.796077935    0.680980392    0.688211978
  117.837022001    0.681027128    0.688004278
  117.877966068    0.681016637    0.687799250
  117.918910134    0.680961663    0.687597059
  117.959854200    0.680902713    0.687398124
  118.000798266    0.680882126    0.687202848
  118.041742332    0.680917434    0.687011370
  118.082686398    0.680990727    0.686823474
  118.123630464    0.681060435    0.686638727
  118.164574530    0.681087796    0.686456752
  118.205518596    0.681061201    0.686277467
  118.246462662    0.681003149    0.686101133
  118.287406728    0.680955688    0.685928191
  118.328350794    0.680953732    0.685758978
  118.369294860    0.681003178    0.685593520
  118.410238926    0.681077492    0.685431512
  118.451182992    0.681134736    0.685272514
  118.492127058    0.681144103    0.685116228
  118.533071124    0.681105200    0.684962683
  118.574015190    0.681048034    0.684812218
  118.614959256    0.681013868    0.684665265
  118.655903322    0.681029162    0.684522074
  118.696847388    0.681089033    0.684382559
  118.737791454    0.681160563    0.684246350
  118.778735520    0.681203712    0.684113030
  118.819679586    0.681196572    0.683982395
  118.860623652    0.681149036    0.683854582
  118.901567718    0.681096372    0.683729982
  118.942511784    0.681076869    0.683608988
  118.983455850    0.681107721    0.683491751
  119.024399916    0.681174322    0.683378079
  119.065343982    0.681239629    0.683267566
  119.106288048    0.681267590    0.683159843
  119.147232114    0.681245839    0.683054815
  119.188176180    0.681193360    0.682952715
  119.229120246    0.681148401    0.682853953
  119.270064312    0.681144311    0.682758860
  119.311008378    0.681188571    0.682667473
  119.351952444    0.681258189    0.682579516
  119.392896510    0.681314285    0.682494573
  119.433840576    0.681326626    0.682412357
  119.474784642    0.681292623    0.682332882
  119.515728708    0.681238872    0.682256456
  119.556672774    0.681204316    0.682183477
  119.597616840    0.681215696    0.682114183
  119.638560906    0.681270752    0.682048498
  119.679504972    0.681339726    0.681986084
  119.720449038    0.681384165    0.681926560
  119.761393104    0.681381147    0.681869740
  119.802337170    0.681337678    0.681815749
  119.843281236    0.681286210    0.681764938
  119.884225302    0.681264163    0.681717647
  119.925169368    0.681290358    0.681673991
  119.966113434    0.681353199    0.681633788
  120.007057500    0.681418028    0.681596681
  120.048001566    0.681448979    0.681562375
  120.088945633    0.681431559    0.681530826
  120.129889699    0.681381743    0.681502258
  120.170833765    0.681335881    0.681477002
  120.211777831    0.681327785    0.681455263
  120.252721897    0.681367446    0.681436975
  120.293665963    0.681434762    0.681421858
  120.334610029    0.681492221    0.681409632
  120.375554095    0.681508529    0.681400244
  120.416498161    0.681478314    0.681393935
  120.457442227    0.681425494    0.681391051
  120.498386293    0.681388204    0.681391705
  120.539330359    0.681394777    0.681395456
  120.580274425    0.681445907    0.681401251
  120.621218491    0.681514207    0.681407684
  120.662162557    0.681561460    0.681413484
  120.703106623    0.681562685    0.681417968
  120.744050689    0.681521871    0.681421238
  120.784994755    0.681469475    0.681423980
  120.825938821    0.681443245    0.681427002
  120.866882887    0.681464452    0.681430757
  120.907826953    0.681524475    0.681435100
  120.948771019    0.681590215    0.681439422
  120.989715085    0.681624924    0.681443039
  121.030659151    0.681611353    0.681445611
  121.071603217    0.681562631    0.681447325
  121.112547283    0.681514030    0.681448758
  121.153491349    0.681500762    0.681450496
  121.194435415    0.681535792    0.681452765
  121.235379481    0.681601643    0.681455296
  121.276323547    0.681661364    0.681457496
  121.317267613    0.681681783    0.681458818
  121.358211679    0.681654418    0.681459099
  121.399155745    0.681600859    0.681458643
  121.440099811    0.681559213    0.681458020
  121.481043877    0.681560110    0.681457696
  121.521987943    0.681607391    0.681457732
  121.562932009    0.681675626    0.681457743
  121.603876075    0.681726088    0.681457137
  121.644820141    0.681731135    0.681455474
  121.685764207    0.681691655    0.681452738
  121.726708273    0.681636571    0.681449332
  121.767652339    0.681604666    0.681445809
  121.808596405    0.681620155    0.681442518
  121.849540471    0.681677380    0.681439367
  121.890484537    0.681744299    0.681435878
  121.931428603    0.681782620    0.681431473
  121.972372669    0.681771932    0.681425825
  122.013316735    0.681722619    0.681419056
  122.054260801    0.681669397    0.681411639
  122.095204867    0.681649486    0.681404089
  122.136148933    0.681679141    0.681396623
  122.177092999    0.681743328    0.681389008
  122.218037065    0.681805115    0.681380692
  122.258981132    0.681828894    0.681371137
  122.299925198    0.681802845    0.681360140
  122.340869264    0.681746469    0.681347944
  122.381813330    0.681698387    0.681335068
  122.422757396    0.681692029    0.681321956
  122.463701462    0.681734522    0.681308685
  122.504645528    0.681802096    0.681294887
  122.545589594    0.681854968    0.681279967
  122.586533660    0.681862386    0.681263448
  122.627477726    0.681822069    0.681245257
  122.668421792    0.681761744    0.681225743
  122.709365858    0.681721763    0.681205435
  122.750309924    0.681729668    0.681184683
  122.791253990    0.681782756    0.681163410
