    0.000000000    0.852238889    0.852181603
    0.028345892    0.852257621    0.852186606
    0.056691784    0.852258940    0.852191343
    0.085037676    0.852244194    0.852195827
    0.113383567    0.852219744    0.852200140
    0.141729459    0.852194982    0.852204401
    0.170075351    0.852179396    0.852208731
    0.198421243    0.852179610    0.852213213
    0.226767135    0.852197317    0.852217865
    0.255113027    0.852228747    0.852222630
    0.283458919    0.852265845    0.852227396
    0.311804811    0.852298785    0.852232030
    0.340150702    0.852319032    0.852236416
    0.368496594    0.852322014    0.852240491
    0.396842486    0.852308546    0.852244267
    0.425188378    0.852284579    0.852247824
    0.453534270    0.852259349    0.852251282
    0.481880162    0.852242488    0.852254766
    0.510226054    0.852241023    0.852258360
    0.538571946    0.852257175    0.852262083
    0.566917837    0.852287665    0.852265876
    0.595263729    0.852324731    0.852269623
    0.623609621    0.852358549    0.852273183
    0.651955513    0.852380302    0.852276431
    0.680301405    0.852384931    0.852279299
    0.708647297    0.852372723    0.852281793
    0.736993189    0.852349226    0.852283988
    0.765339080    0.852323521    0.852286006
    0.793684972    0.852305390    0.852287971
    0.822030864    0.852302258    0.852289965
    0.850376756    0.852316869    0.852292006
    0.878722648    0.852346426    0.852294030
    0.907068540    0.852383451    0.852295914
    0.935414432    0.852418123    0.852297505
    0.963760324    0.852441340    0.852298671
    0.992106215    0.852447570    0.852299333
    1.020452107    0.852436582    0.852299488
    1.048797999    0.852413533    0.852299207
    1.077143891    0.852387357    0.852298608
    1.105489783    0.852367980    0.852297808
    1.133835675    0.852363217    0.852296889
    1.162181567    0.852376320    0.852295858
    1.190527458    0.852404954    0.852294641
    1.218873350    0.852441919    0.852293101
    1.247219242    0.852477391    0.852291072
    1.275565134    0.852501998    0.852288404
    1.303911026    0.852509748    0.852285003
    1.332256918    0.852499917    0.852280857
    1.360602810    0.852477284    0.852276024
    1.388948702    0.852450643    0.852270612
    1.417294593    0.852430059    0.852264731
    1.445640485    0.852423714    0.852258447
    1.473986377    0.852435344    0.852251753
    1.502332269    0.852463057    0.852244554
    1.530678161    0.852499915    0.852236687
    1.559024053    0.852536099    0.852227958
    1.587369945    0.852561978    0.852218193
    1.615715837    0.852571133    0.852207272
    1.644061728    0.852562370    0.852195160
    1.672407620    0.852540109    0.852181897
    1.700753512    0.852513007    0.852167572
    1.729099404    0.852491254    0.852152272
    1.757445296    0.852483377    0.852136039
    1.785791188    0.852493563    0.852118828
    1.814137080    0.852520337    0.852100506
    1.842482971    0.852557013    0.852080860
    1.870828863    0.852593781    0.852059647
    1.899174755    0.852620778    0.852036642
    1.927520647    0.852631185    0.852011681
    1.955866539    0.852623373    0.851984686
    1.984212431    0.852601422    0.851955660
    2.012558323    0.852573854    0.851924653
    2.040904215    0.852550964    0.851891710
    2.069250106    0.852541592    0.851856818
    2.097595998    0.852550340    0.851819867
    2.125941890    0.852576123    0.851780639
    2.154287782    0.852612496    0.851738833
    2.182633674    0.852649666    0.851694107
    2.210979566    0.852677567    0.851646141
    2.239325458    0.852689017    0.851594685
    2.267671349    0.852681983    0.851539582
    2.296017241    0.852660228    0.851480764
    2.324363133    0.852632135    0.851418208
    2.352709025    0.852608087    0.851351875
    2.381054917    0.852597197    0.851281649
    2.409400809    0.852604448    0.851207286
    2.437746701    0.852629114    0.851128410
    2.466092593    0.852664979    0.851044534
    2.494438484    0.852702283    0.850955126
    2.522784376    0.852730782    0.850859674
    2.551130268    0.852742973    0.850757754
    2.579476160    0.852736454    0.850649060
    2.607822052    0.852714687    0.850533390
    2.636167944    0.852685920    0.850410592
    2.664513836    0.852660597    0.850280477
    2.692859728    0.852648073    0.850142730
    2.721205619    0.852653668    0.849996848
    2.749551511    0.852676987    0.849842121
    2.777897403    0.852712031    0.849677669
    2.806243295    0.852749081    0.849502530
    2.834589187    0.852777746    0.849315778
    2.862935079    0.852790237    0.849116619
    2.891280971    0.852783817    0.848904454
    2.919626862    0.852761671    0.848678864
    2.947972754    0.852731909    0.848439518
    2.976318646    0.852705017    0.848186002
    3.004664538    0.852690553    0.847917630
    3.033010430    0.852694138    0.847633244
    3.061356322    0.852715673    0.847331093
    3.089702214    0.852749364    0.847008792
    3.118048106    0.852785536    0.846663406
    3.146393997    0.852813674    0.846291634
    3.174739889    0.852825736    0.845890069
    3.203085781    0.852818684    0.845455482
    3.231431673    0.852795450    0.844985074
    3.259777565    0.852764011    0.844476646
    3.288123457    0.852734883    0.843928657
    3.316469349    0.852717799    0.843340174
    3.344815240    0.852718642    0.842710720
    3.373161132    0.852737574    0.842040074
    3.401507024    0.852768980    0.841328075
    3.429852916    0.852803225    0.840574463
    3.458198808    0.852829685    0.839778813
    3.486544700    0.852840092    0.838940546
    3.514890592    0.852831143    0.838059036
    3.543236484    0.852805544    0.837133753
    3.571582375    0.852771157    0.836164415
    3.599928267    0.852738523    0.835151102
    3.628274159    0.852717528    0.834094310
    3.656620051    0.852714277    0.832994914
    3.684965943    0.852729152    0.831854068
    3.713311835    0.852756677    0.830673056
    3.741657727    0.852787233    0.829453139
    3.770003619    0.852810077    0.828195427
    3.798349510    0.852816735    0.826900815
    3.826695402    0.852803668    0.825569988
    3.855041294    0.852773395    0.824203495
    3.883387186    0.852733692    0.822801860
    3.911733078    0.852695138    0.821365706
    3.940078970    0.852667758    0.819895841
    3.968424862    0.852657842    0.818393284
    3.996770753    0.852665932    0.816859210
    4.025116645    0.852686630    0.815294815
    4.053462537    0.852710274    0.813701130
    4.081808429    0.852725980    0.812078806
    4.110154321    0.852725064    0.810427933
    4.138500213    0.852703786    0.808747919
    4.166846105    0.852664530    0.807037471
    4.195191997    0.852615047    0.805294676
    4.223537888    0.852565989    0.803517191
    4.251883780    0.852527527    0.801702491
    4.280229672    0.852506095    0.799848145
    4.308575564    0.852502322    0.797952075
    4.336921456    0.852510782    0.796012733
    4.365267348    0.852521678    0.794029194
    4.393613240    0.852523909    0.792001137
    4.421959131    0.852508561    0.789928737
    4.450305023    0.852471724    0.787812497
    4.478650915    0.852415718    0.785653061
    4.506996807    0.852348352    0.783451062
    4.535342699    0.852280427    0.781207030
    4.563688591    0.852222275    0.778921385
    4.592034483    0.852180428    0.776594506
    4.620380375    0.852155474    0.774226866
    4.648726266    0.852141799    0.771819179
    4.677072158    0.852129288    0.769372541
    4.705418050    0.852106480    0.766888506
    4.733763942    0.852064161    0.764369096
    4.762109834    0.851998262    0.761816737
    4.790455726    0.851911136    0.759234135
    4.818801618    0.851810782    0.756624135
    4.847147510    0.851708265    0.753989588
    4.875493401    0.851614125    0.751333262
    4.903839293    0.851534928    0.748657816
    4.932185185    0.851471047    0.745965829
    4.960531077    0.851416407    0.743259866
    4.988876969    0.851360284    0.740542558
    5.017222861    0.851290606    0.737816647
    5.045568753    0.851197716    0.735084981
    5.073914644    0.851077391    0.732350445
    5.102260536    0.850932146    0.729615843
    5.130606428    0.850770385    0.726883742
    5.158952320    0.850603635    0.724156337
    5.187298212    0.850442743    0.721435348
    5.215644104    0.850294226    0.718721994
    5.243989996    0.850157961    0.716017044
    5.272335888    0.850026971    0.713320922
    5.300681779    0.849889405    0.710633855
    5.329027671    0.849732116    0.707956000
    5.357373563    0.849544698    0.705287536
    5.385719455    0.849322702    0.702628680
    5.414065347    0.849068964    0.699979629
    5.442411239    0.848792592    0.697340452
    5.470757131    0.848505886    0.694710946
    5.499103022    0.848220146    0.692090511
    5.527448914    0.847941699    0.689478071
    5.555794806    0.847669434    0.686872053
    5.584140698    0.847394679    0.684270441
    5.612486590    0.847103505    0.681670875
    5.640832482    0.846780793    0.679070773
    5.669178374    0.846414757    0.676467456
    5.697524266    0.846000495    0.673858247
    5.725870157    0.845541369    0.671240548
    5.754216049    0.845047707    0.668611906
    5.782561941    0.844533160    0.665970072
    5.810907833    0.844009824    0.663313092
    5.839253725    0.843483675    0.660639416
    5.867599617    0.842951804    0.657948012
    5.895945509    0.842402428    0.655238464
    5.924291401    0.841817768    0.652510999
    5.952637292    0.841178974    0.649766401
    5.980983184    0.840471572    0.647005805
    6.009329076    0.839689666    0.644230374
    6.037674968    0.838837478    0.641440913
    6.066020860    0.837927584    0.638637510
    6.094366752    0.836976249    0.635819302
    6.122712644    0.835997253    0.632984462
    6.151058535    0.834996109    0.630130453
    6.179404427    0.833966614    0.627254546
    6.207750319    0.832890966    0.624354528
    6.236096211    0.831743639    0.621429470
    6.264442103    0.830497987    0.618480369
    6.292787995    0.829133593    0.615510528
    6.321133887    0.827642022    0.612525519
    6.349479779    0.826028969    0.609532713
    6.377825670    0.824311829    0.606540409
    6.406171562    0.822513093    0.603556711
    6.434517454    0.820651355    0.600588351
    6.462863346    0.818732627    0.597639681
    6.491209238    0.816744790    0.594712026
    6.519555130    0.814657266    0.591803528
    6.547901022    0.812426541    0.588909469
    6.576246913    0.810006396    0.586023025
    6.604592805    0.807360085    0.583136244
    6.632938697    0.804470808    0.580241070
    6.661284589    0.801346941    0.577330189
    6.689630481    0.798019600    0.574397560
    6.717976373    0.794532172    0.571438577
    6.746322265    0.790923674    0.568449897
    6.774668157    0.787209807    0.565429046
    6.803014048    0.783366675    0.562373969
    6.831359940    0.779321925    0.559282675
    6.859705832    0.774956638    0.556153094
    6.888051724    0.770118799    0.552983172
    6.916397616    0.764646354    0.549771180
    6.944743508    0.758395306    0.546516117
    6.973089400    0.751266801    0.543218081
    7.001435292    0.743227046    0.539878487
    7.029781183    0.734315347    0.536500060
    7.058127075    0.724638179    0.533086585
    7.086472967    0.714350396    0.529642501
    7.114818859    0.703627691    0.526172435
    7.143164751    0.692636461    0.522680804
    7.171510643    0.681507773    0.519171603
    7.199856535    0.670321115    0.515648419
    7.228202426    0.659101182    0.512114646
    7.256548318    0.647827790    0.508573837
    7.284894210    0.636455888    0.505030052
    7.313240102    0.624940267    0.501488088
    7.341585994    0.613258617    0.497953508
    7.369931886    0.601427188    0.494432433
    7.398277778    0.589505334    0.490931135
    7.426623670    0.577588107    0.487455539
    7.454969561    0.565789152    0.484010753
    7.483315453    0.554218508    0.480600740
    7.511661345    0.542961175    0.477228201
    7.540007237    0.532061973    0.473894674
    7.568353129    0.521520500    0.470600794
    7.596699021    0.511297355    0.467346586
    7.625044913    0.501329832    0.464131682
    7.653390804    0.491552818    0.460955353
    7.681736696    0.481919266    0.457816319
    7.710082588    0.472414634    0.454712361
    7.738428480    0.463061208    0.451639846
    7.766774372    0.453910728    0.448593292
    7.795120264    0.445026749    0.445565138
    7.823466156    0.436460851    0.442545802
    7.851812048    0.428228525    0.439524084
    7.880157939    0.420290922    0.436487851
    7.908503831    0.412547489    0.433424900
    7.936849723    0.404842084    0.430323818
    7.965195615    0.396982131    0.427174686
    7.993541507    0.388767275    0.423969510
    8.021887399    0.380021739    0.420702311
    8.050233291    0.370623591    0.417368938
    8.078579183    0.360524678    0.413966677
    8.106925074    0.349757006    0.410493826
    8.135270966    0.338424307    0.406949354
    8.163616858    0.326680796    0.403332756
    8.191962750    0.314701951    0.399644121
    8.220308642    0.302653791    0.395884364
    8.248654534    0.290667333    0.392055526
    8.277000426    0.278823516    0.388161007
    8.305346317    0.267151319    0.384205622
    8.333692209    0.255638625    0.380195432
    8.362038101    0.244252434    0.376137358
    8.390383993    0.232962908    0.372038655
    8.418729885    0.221765079    0.367906395
    8.447075777    0.210692883    0.363747072
    8.475421669    0.199822307    0.359566434
    8.503767561    0.189263355    0.355369579
    8.532113452    0.179143370    0.351161264
    8.560459344    0.169586393    0.346946307
    8.588805236    0.160694075    0.342729948
    8.617151128    0.152532998    0.338518019
    8.645497020    0.145131358    0.334316835
    8.673842912    0.138485268    0.330132802
    8.702188804    0.132572270    0.325971822
    8.730534695    0.127367682    0.321838635
    8.758880587    0.122858727    0.317736283
    8.787226479    0.119052131    0.313665838
    8.815572371    0.115972869    0.309626490
    8.843918263    0.113654405    0.305615975
    8.872264155    0.112123286    0.301631252
    8.900610047    0.111382723    0.297669246
    8.928955939    0.111400168    0.293727451
    8.957301830    0.112102853    0.289804237
    8.985647722    0.113383019    0.285898767
    9.013993614    0.115111828    0.282010542
    9.042339506    0.117158410    0.278138704
    9.070685398    0.119409007    0.274281308
    9.099031290    0.121781062    0.270434789
    9.127377182    0.124228479    0.266593810
    9.155723074    0.126736739    0.262751619
    9.184068965    0.129309393    0.258900861
    9.212414857    0.131949818    0.255034733
    9.240760749    0.134643389    0.251148216
    9.269106641    0.137344964    0.247239139
    9.297452533    0.139974935    0.243308805
    9.325798425    0.142424577    0.239362041
    9.354144317    0.144568760    0.235406638
    9.382490208    0.146282174    0.231452286
    9.410836100    0.147454521    0.227509230
    9.439181992    0.148000949    0.223586909
    9.467527884    0.147865945    0.219692866
    9.495873776    0.147021357    0.215832102
    9.524219668    0.145461277    0.212006990
    9.552565560    0.143197492    0.208217697
    9.580911452    0.140258619    0.204462973
    9.609257343    0.136694156    0.200741089
    9.637603235    0.132581949    0.197050707
    9.665949127    0.128035145    0.193391484
    9.694295019    0.123203383    0.189764311
    9.722640911    0.118263605    0.186171182
    9.750986803    0.113398443    0.182614781
    9.779332695    0.108764184    0.179097926
    9.807678586    0.104454674    0.175623031
    9.836024478    0.100470754    0.172191729
    9.864370370    0.096705736    0.168804725
    9.892716262    0.092955258    0.165461881
    9.921062154    0.088954715    0.162162489
    9.949408046    0.084440463    0.158905615
    9.977753938    0.079223780    0.155690409
   10.006099830    0.073261234    0.152516303
   10.034445721    0.066703361    0.149383053
   10.062791613    0.059906311    0.146290630
   10.091137505    0.053398228    0.143239024
   10.119483397    0.047802106    0.140228022
   10.147829289    0.043727480    0.137257049
   10.176175181    0.041651800    0.134325092
   10.204521073    0.041816477    0.131430742
   10.232866965    0.044160963    0.128572294
   10.261212856    0.048310894    0.125747883
   10.289558748    0.053624891    0.122955573
   10.317904640    0.059291636    0.120193385
   10.346250532    0.064457503    0.117459239
   10.374596424    0.068358190    0.114750858
   10.402942316    0.070427145    0.112065675
   10.431288208    0.070359373    0.109400812
   10.459634099    0.068120030    0.106753179
   10.487979991    0.063900303    0.104119692
   10.516325883    0.058035190    0.101497600
   10.544671775    0.050905881    0.098884824
   10.573017667    0.042851533    0.096280240
   10.601363559    0.034111033    0.093683806
   10.629709451    0.024805980    0.091096482
   10.658055343    0.014964435    0.088519954
   10.686401234    0.004573980    0.085956188
   10.714747126   -0.006354683    0.083406956
   10.743093018   -0.017734080    0.080873434
   10.771438910   -0.029372740    0.078356004
   10.799784802   -0.040982269    0.075854336
   10.828130694   -0.052216134    0.073367758
   10.856476586   -0.062728152    0.070895855
   10.884822477   -0.072233045    0.068439157
   10.913168369   -0.080551100    0.065999764
   10.941514261   -0.087623949    0.063581730
   10.969860153   -0.093497203    0.061191098
   10.998206045   -0.098275592    0.058835515
   11.026551937   -0.102064373    0.056523490
   11.054897829   -0.104914799    0.054263398
   11.083243721   -0.106790152    0.052062403
   11.111589612   -0.107562683    0.049925509
   11.139935504   -0.107042629    0.047854901
   11.168281396   -0.105030922    0.045849678
   11.196627288   -0.101380209    0.043906024
   11.224973180   -0.096046345    0.042017741
   11.253319072   -0.089115367    0.040177036
   11.281664964   -0.080798322    0.038375393
   11.310010856   -0.071395898    0.036604374
   11.338356747   -0.061243924    0.034856228
   11.366702639   -0.050656568    0.033124242
   11.395048531   -0.039884811    0.031402839
   11.423394423   -0.029103162    0.029687470
   11.451740315   -0.018428956    0.027974406
   11.480086207   -0.007968368    0.026260509
   11.508432099    0.002125387    0.024543077
   11.536777990    0.011600808    0.022819794
   11.565123882    0.020081964    0.021088776
   11.593469774    0.027079166    0.019348698
   11.621815666    0.032038069    0.017598933
   11.650161558    0.034417815    0.015839661
   11.678507450    0.033780139    0.014071906
   11.706853342    0.029867523    0.012297517
   11.735199234    0.022650603    0.010519088
   11.763545125    0.012332710    0.008739880
   11.791891017   -0.000689509    0.006963752
   11.820236909   -0.015899055    0.005195150
   11.848582801   -0.032746267    0.003439131
   11.876928693   -0.050729092    0.001701400
   11.905274585   -0.069446691   -0.000011688
   11.933620477   -0.088615233   -0.001693196
   11.961966368   -0.108045880   -0.003335785
   11.990312260   -0.127595656   -0.004931993
   12.018658152   -0.147109348   -0.006474590
   12.047004044   -0.166372459   -0.007956942
   12.075349936   -0.185091135   -0.009373309
   12.103695828   -0.202906210   -0.010719036
   12.132041720   -0.219437593   -0.011990580
   12.160387612   -0.234345558   -0.013185409
   12.188733503   -0.247389896   -0.014301812
   12.217079395   -0.258468142   -0.015338704
   12.245425287   -0.267620123   -0.016295524
   12.273771179   -0.274996155   -0.017172284
   12.302117071   -0.280797400   -0.017969802
   12.330462963   -0.285205714   -0.018690093
   12.358808855   -0.288324176   -0.019336831
   12.387154747   -0.290146969   -0.019915769
   12.415500638   -0.290569064   -0.020434998
   12.443846530   -0.289434429   -0.020904943
   12.472192422   -0.286609728   -0.021338059
   12.500538314   -0.282062120   -0.021748244
   12.528884206   -0.275917427   -0.022150057
   12.557230098   -0.268479549   -0.022557886
   12.585575990   -0.260202444   -0.022985188
   12.613921881   -0.251619405   -0.023443941
   12.642267773   -0.243247024   -0.023944378
   12.670613665   -0.235489385   -0.024494983
   12.698959557   -0.228569168   -0.025102709
   12.727305449   -0.222505910   -0.025773290
   12.755651341   -0.217149129   -0.026511524
   12.783997233   -0.212258809   -0.027321427
   12.812343125   -0.207611945   -0.028206202
   12.840689016   -0.203105459   -0.029168033
   12.869034908   -0.198825365   -0.030207782
   12.897380800   -0.195059924   -0.031324687
   12.925726692   -0.192248908   -0.032516194
   12.954072584   -0.190878216   -0.033777988
   12.982418476   -0.191344408   -0.035104262
   13.010764368   -0.193823136   -0.036488185
   13.039110259   -0.198176164   -0.037922469
   13.067456151   -0.203923393   -0.039399902
   13.095802043   -0.210290960   -0.040913722
   13.124147935   -0.216327920   -0.042457761
   13.152493827   -0.221067031   -0.044026308
   13.180839719   -0.223694052   -0.045613777
   13.209185611   -0.223687651   -0.047214268
   13.237531503   -0.220898938   -0.048821187
   13.265877394   -0.215554155   -0.050427036
   13.294223286   -0.208182223   -0.052023487
   13.322569178   -0.199486285   -0.053601741
   13.350915070   -0.190190526   -0.055153121
   13.379260962   -0.180897804   -0.056669772
   13.407606854   -0.171988959   -0.058145317
   13.435952746   -0.163582833   -0.059575319
   13.464298638   -0.155560249   -0.060957460
   13.492644529   -0.147639608   -0.062291394
   13.520990421   -0.139480384   -0.063578347
   13.549336313   -0.130786216   -0.064820558
   13.577682205   -0.121382176   -0.066020710
   13.606028097   -0.111249992   -0.067181492
   13.634373989   -0.100517523   -0.068305368
   13.662719881   -0.089411149   -0.069394589
   13.691065772   -0.078188616   -0.070451398
   13.719411664   -0.067073216   -0.071478316
   13.747757556   -0.056207418   -0.072478407
   13.776103448   -0.045636596   -0.073455391
   13.804449340   -0.035323697   -0.074413561
   13.832795232   -0.025186613   -0.075357489
   13.861141124   -0.015144174   -0.076291579
   13.889487016   -0.005155590   -0.077219596
   13.917832907    0.004758281   -0.078144258
   13.946178799    0.014516558   -0.079067012
   13.974524691    0.023999784   -0.079988020
   14.002870583    0.033081821   -0.080906371
   14.031216475    0.041659967   -0.081820411
   14.059562367    0.049672475   -0.082728122
   14.087908259    0.057097626   -0.083627413
   14.116254150    0.063935439   -0.084516245
   14.144600042    0.070179623   -0.085392567
   14.172945934    0.075791301   -0.086254074
   14.201291826    0.080686071   -0.087097868
   14.229637718    0.084741923   -0.087920141
   14.257983610    0.087828598   -0.088715960
   14.286329502    0.089851329   -0.089479252
   14.314675394    0.090795937   -0.090203001
   14.343021285    0.090760006   -0.090879634
   14.371367177    0.089957380   -0.091501513
   14.399713069    0.088689923   -0.092061441
   14.428058961    0.087289863   -0.092553089
   14.456404853    0.086045230   -0.092971269
   14.484750745    0.085127406   -0.093312042
   14.513096637    0.084541338   -0.093572669
   14.541442529    0.084114845   -0.093751476
   14.569788420    0.083534390   -0.093847691
   14.598134312    0.082422843   -0.093861320
   14.626480204    0.080443217   -0.093793084
   14.654826096    0.077404237   -0.093644438
   14.683171988    0.073341240   -0.093417618
   14.711517880    0.068550166   -0.093115693
   14.739863772    0.063562590   -0.092742558
   14.768209663    0.059063371   -0.092302869
   14.796555555    0.055766266   -0.091801907
   14.824901447    0.054273436   -0.091245411
   14.853247339    0.054949238   -0.090639434
   14.881593231    0.057836156   -0.089990271
   14.909939123    0.062631456   -0.089304468
   14.938285015    0.068729628   -0.088588936
   14.966630907    0.075321009   -0.087851088
   14.994976798    0.081524857   -0.087098959
   15.023322690    0.086528281   -0.086341220
   15.051668582    0.089702481   -0.085587026
   15.080014474    0.090674351   -0.084845686
   15.108360366    0.089342881   -0.084126178
   15.136706258    0.085842960   -0.083436599
   15.165052150    0.080470861   -0.082783647
   15.193398041    0.073593076   -0.082172246
   15.221743933    0.065561743   -0.081605404
   15.250089825    0.056655607   -0.081084330
   15.278435717    0.047056858   -0.080608772
   15.306781609    0.036863688   -0.080177490
   15.335127501    0.026128972   -0.079788734
   15.363473393    0.014909464   -0.079440583
   15.391819285    0.003308668   -0.079131062
   15.420165176   -0.008499909   -0.078857959
   15.448511068   -0.020275402   -0.078618402
   15.476856960   -0.031736106   -0.078408266
   15.505202852   -0.042600706   -0.078221569
   15.533548744   -0.052631017   -0.078050013
   15.561894636   -0.061663155   -0.077882800
   15.590240528   -0.069618032   -0.077706824
   15.618586420   -0.076488672   -0.077507233
   15.646932311   -0.082308926   -0.077268314
   15.675278203   -0.087113737   -0.076974576
   15.703624095   -0.090903451   -0.076611879
   15.731969987   -0.093623240   -0.076168452
   15.760315879   -0.095164001   -0.075635685
   15.788661771   -0.095384487   -0.075008602
   15.817007663   -0.094148068   -0.074286006
   15.845353554   -0.091363153   -0.073470311
   15.873699446   -0.087015310   -0.072567130
   15.902045338   -0.081181791   -0.071584696
   15.930391230   -0.074024597   -0.070533195
   15.958737122   -0.065764905   -0.069424081
   15.987083014   -0.056647436   -0.068269435
   16.015428906   -0.046906547   -0.067081391
   16.043774798   -0.036745379   -0.065871671
   16.072120689   -0.026335349   -0.064651238
   16.100466581   -0.015836788   -0.063430092
   16.128812473   -0.005434513   -0.062217195
   16.157158365    0.004623375   -0.061020526
   16.185504257    0.013997379   -0.059847227
   16.213850149    0.022251193   -0.058703800
   16.242196041    0.028875417   -0.057596280
   16.270541932    0.033338930   -0.056530335
   16.298887824    0.035158502   -0.055511236
   16.327233716    0.033971386   -0.054543673
   16.355579608    0.029593772   -0.053631447
   16.383925500    0.022050607   -0.052777089
   16.412271392    0.011569016   -0.051981495
   16.440617284   -0.001463515   -0.051243674
   16.468963176   -0.016566211   -0.050560687
   16.497309067   -0.033241032   -0.049927825
   16.525654959   -0.051039388   -0.049338995
   16.554000851   -0.069604163   -0.048787255
   16.582346743   -0.088678693   -0.048265384
   16.610692635   -0.108083583   -0.047766343
   16.639038527   -0.127671141   -0.047283532
   16.667384419   -0.147273245   -0.046810776
   16.695730311   -0.166659983   -0.046342058
   16.724076202   -0.185522936   -0.045871076
   16.752422094   -0.203489466   -0.045390794
   16.780767986   -0.220164995   -0.044893134
   16.809113878   -0.235191671   -0.044368992
   16.837459770   -0.248306502   -0.043808643
   16.865805662   -0.259381660   -0.043202565
   16.894151554   -0.268434336   -0.042542567
   16.922497445   -0.275602081   -0.041823054
   16.950843337   -0.281089571   -0.041042170
   16.979189229   -0.285101299   -0.040202618
   17.007535121   -0.287779325   -0.039311947
   17.035881013   -0.289164428   -0.038382235
   17.064226905   -0.289192805   -0.037429194
   17.092572797   -0.287730561   -0.036470835
   17.120918689   -0.284637253   -0.035525922
   17.149264580   -0.279840891   -0.034612473
   17.177610472   -0.273402613   -0.033746555
   17.205956364   -0.265551187   -0.032941537
   17.234302256   -0.256675177   -0.032207878
   17.262648148   -0.247272074   -0.031553403
   17.290994040   -0.237865888   -0.030983929
   17.319339932   -0.228914149   -0.030504048
   17.347685823   -0.220729195   -0.030117847
   17.376031715   -0.213435762   -0.029829396
   17.404377607   -0.206977691   -0.029642900
   17.432723499   -0.201173407   -0.029562505
   17.461069391   -0.195806132   -0.029591832
   17.489415283   -0.190724417   -0.029733375
   17.517761175   -0.185924438   -0.029987937
   17.546107067   -0.181589064   -0.030354232
   17.574452958   -0.178069204   -0.030828773
   17.602798850   -0.175807988   -0.031406064
   17.631144742   -0.175223826   -0.032079052
   17.659490634   -0.176580451   -0.032839741
   17.687836526   -0.179877172   -0.033679834
   17.716182418   -0.184789260   -0.034591263
   17.744528310   -0.190677289   -0.035566533
   17.772874202   -0.196667921   -0.036598804
   17.801220093   -0.201791220   -0.037681758
   17.829565985   -0.205145444   -0.038809293
   17.857911877   -0.206053072   -0.039975165
   17.886257769   -0.204173373   -0.041172678
   17.914603661   -0.199546829   -0.042394510
   17.942949553   -0.192562637   -0.043632734
   17.971295445   -0.183858409   -0.044879032
   17.999641336   -0.174176530   -0.046125058
   18.027987228   -0.164210801   -0.047362891
   18.056333120   -0.154477786   -0.048585466
   18.084679012   -0.145239786   -0.049786927
   18.113024904   -0.136492728   -0.050962827
   18.141370796   -0.128016065   -0.052110178
   18.169716688   -0.119467241   -0.053227338
   18.198062580   -0.110493866   -0.054313816
   18.226408471   -0.100834607   -0.055370024
   18.254754363   -0.090385090   -0.056397053
   18.283100255   -0.079215945   -0.057396507
   18.311446147   -0.067543443   -0.058370413
   18.339792039   -0.055665369   -0.059321191
   18.368137931   -0.043882645   -0.060251662
   18.396483823   -0.032429087   -0.061165033
   18.424829714   -0.021427423   -0.062064839
   18.453175606   -0.010880894   -0.062954801
   18.481521498   -0.000699181   -0.063838613
   18.509867390    0.009251981   -0.064719678
   18.538213282    0.019093748   -0.065600837
   18.566559174    0.028886543   -0.066484138
   18.594905066    0.038604444   -0.067370694
   18.623250958    0.048136731   -0.068260662
   18.651596849    0.057313301   -0.069153317
   18.679942741    0.065944040   -0.070047226
   18.708288633    0.073859033   -0.070940441
   18.736634525    0.080937622   -0.071830678
   18.764980417    0.087119058   -0.072715416
   18.793326309    0.092394216   -0.073591892
   18.821672201    0.096784266   -0.074456992
   18.850018093    0.100316291   -0.075307072
   18.878363984    0.103006317   -0.076137746
   18.906709876    0.104856995   -0.076943734
   18.935055768    0.105871343   -0.077718808
   18.963401660    0.106077447   -0.078455886
   18.991747552    0.105554120   -0.079147277
   19.020093444    0.104445816   -0.079785063
   19.048439336    0.102957520   -0.080361549
   19.076785227    0.101326186   -0.080869715
   19.105131119    0.099773058   -0.081303606
   19.133477011    0.098448421   -0.081658591
   19.161822903    0.097384751   -0.081931470
   19.190168795    0.096474152   -0.082120436
   19.218514687    0.095481103   -0.082224914
   19.246860579    0.094092806   -0.082245344
   19.275206471    0.091999125   -0.082182958
   19.303552362    0.088984965   -0.082039595
   19.331898254    0.085012623   -0.081817606
   19.360244146    0.080271944   -0.081519827
   19.388590038    0.075182168   -0.081149624
   19.416935930    0.070340099   -0.080710978
   19.445281822    0.066421913   -0.080208557
   19.473627714    0.064057523   -0.079647771
   19.501973605    0.063703854   -0.079034773
   19.530319497    0.065544698   -0.078376411
   19.558665389    0.069439557   -0.077680148
   19.587011281    0.074933206   -0.076953944
   19.615357173    0.081324209   -0.076206138
   19.643703065    0.087777620   -0.075445315
   19.672048957    0.093457667   -0.074680160
   19.700394849    0.097652640   -0.073919295
   19.728740740    0.099867187   -0.073171081
   19.757086632    0.099865849   -0.072443388
   19.785432524    0.097663595   -0.071743344
   19.813778416    0.093471390   -0.071077086
   19.842124308    0.087614323   -0.070449557
   19.870470200    0.080444429   -0.069864377
   19.898816092    0.072269190   -0.069323817
   19.927161984    0.063310413   -0.068828884
   19.955507875    0.053698846   -0.068379487
   19.983853767    0.043499907   -0.067974646
   20.012199659    0.032758201   -0.067612673
   20.040545551    0.021544637   -0.067291259
   20.068891443    0.009991005   -0.067007436
   20.097237335   -0.001698094   -0.066757378
   20.125583227   -0.013258542   -0.066536086
   20.153929118   -0.024400059   -0.066337029
   20.182275010   -0.034848840   -0.066151817
   20.210620902   -0.044386430   -0.065970034
   20.238966794   -0.052873595   -0.065779312
   20.267312686   -0.060252880   -0.065565686
   20.295658578   -0.066530127   -0.065314252
   20.324004470   -0.071741466   -0.065010046
   20.352350362   -0.075916324   -0.064639058
   20.380696253   -0.079047757   -0.064189240
   20.409042145   -0.081078868   -0.063651377
   20.437388037   -0.081908937   -0.063019708
   20.465733929   -0.081416960   -0.062292221
   20.494079821   -0.079495204   -0.061470619
   20.522425713   -0.076082732   -0.060559971
   20.550771605   -0.071189295   -0.059568135
   20.579117496   -0.064903370   -0.058505052
   20.607463388   -0.057383285   -0.057381995
   20.635809280   -0.048835718   -0.056210879
   20.664155172   -0.039489757   -0.055003686
   20.692501064   -0.029575831   -0.053772033
   20.720846956   -0.019316951   -0.052526894
   20.749192848   -0.008935281   -0.051278460
   20.777538740    0.001328514   -0.050036108
   20.805884631    0.011190685   -0.048808436
   20.834230523    0.020304914   -0.047603341
   20.862576415    0.028257903   -0.046428103
   20.890922307    0.034586433   -0.045289430
   20.919268199    0.038816343   -0.044193468
   20.947614091    0.040517373   -0.043145728
   20.975959983    0.039362431   -0.042150944
   21.004305875    0.035177447   -0.041212866
   21.032651766    0.027969251   -0.040334016
   21.060997658    0.017923756   -0.039515446
   21.089343550    0.005373930   -0.038756565
   21.117689442   -0.009255350   -0.038055065
   21.146035334   -0.025512550   -0.037407006
   21.174381226   -0.042979209   -0.036807049
   21.202727118   -0.061310183   -0.036248822
   21.231073009   -0.080245792   -0.035725347
   21.259418901   -0.099595083   -0.035229455
   21.287764793   -0.119197454   -0.034754088
   21.316110685   -0.138875898   -0.034292427
   21.344456577   -0.158397479   -0.033837815
   21.372802469   -0.177454498   -0.033383520
   21.401148361   -0.195673773   -0.032922401
   21.429494253   -0.212653179   -0.032446632
   21.457840144   -0.228016342   -0.031947602
   21.486186036   -0.241470597   -0.031416133
   21.514531928   -0.252851657   -0.030843046
   21.542877820   -0.262141580   -0.030220070
   21.571223712   -0.269453686   -0.029540972
   21.599569604   -0.274987299   -0.028802720
   21.627915496   -0.278963916   -0.028006455
   21.656261387   -0.281562110   -0.027158055
   21.684607279   -0.282869512   -0.026268151
   21.712953171   -0.282866028   -0.025351517
   21.741299063   -0.281444055   -0.024425931
   21.769644955   -0.278461151   -0.023510656
   21.797990847   -0.273811105   -0.022624813
   21.826336739   -0.267493508   -0.021785906
   21.854682631   -0.259661396   -0.021008752
   21.883028522   -0.250631821   -0.020304965
   21.911374414   -0.240853887   -0.019683026
   21.939720306   -0.230840520   -0.019148845
   21.968066198   -0.221080618   -0.018706631
   21.996412090   -0.211954485   -0.018359821
   22.024757982   -0.203675540   -0.018111822
   22.053103874   -0.196274990   -0.017966402
   22.081449766   -0.189634947   -0.017927638
   22.109795657   -0.183562208   -0.017999466
   22.138141549   -0.177883179   -0.018184976
   22.166487441   -0.172533545   -0.018485642
   22.194833333   -0.167616275   -0.018900706
   22.223179225   -0.163408791   -0.019426886
   22.251525117   -0.160312960   -0.020058483
   22.279871009   -0.158756721   -0.020787868
   22.308216900   -0.159069837   -0.021606237
   22.336562792   -0.161364575   -0.022504459
   22.364908684   -0.165452885   -0.023473814
   22.393254576   -0.170824217   -0.024506474
   22.421600468   -0.176694243   -0.025595620
   22.449946360   -0.182117777   -0.026735230
   22.478292252   -0.186143295   -0.027919595
   22.506638144   -0.187975806   -0.029142742
   22.534984035   -0.187112068   -0.030397931
   22.563329927   -0.183418138   -0.031677369
   22.591675819   -0.177132497   -0.032972236
   22.620021711   -0.168795307   -0.034273022
   22.648367603   -0.159121342   -0.035570112
   22.676713495   -0.148846690   -0.036854480
   22.705059387   -0.138584353   -0.038118340
   22.733405278   -0.128720340   -0.039355621
   22.761751170   -0.119370783   -0.040562179
   22.790097062   -0.110405089   -0.041735724
   22.818442954   -0.101524035   -0.042875520
   22.846788846   -0.092369250   -0.043981956
   22.875134738   -0.082634541   -0.045056101
   22.903480630   -0.072151288   -0.046099370
   22.931826522   -0.060928862   -0.047113346
   22.960172413   -0.049143966   -0.048099788
   22.988518305   -0.037086555   -0.049060761
   23.016864197   -0.025080715   -0.049998820
   23.045210089   -0.013404106   -0.050917139
   23.073555981   -0.002228064   -0.051819505
   23.101901873    0.008406834   -0.052710146
   23.130247765    0.018575834   -0.053593388
   23.158593657    0.028422957   -0.054473223
   23.186939548    0.038097578   -0.055352863
   23.215285440    0.047693833   -0.056234397
   23.243631332    0.057209988   -0.057118616
   23.271977224    0.066538004   -0.058005062
   23.300323116    0.075484297   -0.058892264
   23.328669008    0.083813658   -0.059778109
   23.357014900    0.091302240   -0.060660244
   23.385360791    0.097783993   -0.061536398
   23.413706683    0.103178056   -0.062404548
   23.442052575    0.107491355   -0.063262871
   23.470398467    0.110798631   -0.064109513
   23.498744359    0.113208942   -0.064942208
   23.527090251    0.114831205   -0.065757881
   23.555436143    0.115750583   -0.066552312
   23.583782035    0.116022920   -0.067319977
   23.612127926    0.115687443   -0.068054107
   23.640473818    0.114791051   -0.068746985
   23.668819710    0.113412889   -0.069390414
   23.697165602    0.111677235   -0.069976288
   23.725511494    0.109746322   -0.070497156
   23.753857386    0.107791582   -0.070946671
   23.782203278    0.105949809   -0.071319880
   23.810549169    0.104277334   -0.071613309
   23.838895061    0.102718210   -0.071824869
   23.867240953    0.101100400   -0.071953647
   23.895586845    0.099167199   -0.071999646
   23.923932737    0.096641322   -0.071963557
   23.952278629    0.093308892   -0.071846609
   23.980624521    0.089103001   -0.071650534
   24.008970413    0.084163947   -0.071377620
   24.037316304    0.078856828   -0.071030828
   24.065662196    0.073736380   -0.070613917
   24.094008088    0.069461529   -0.070131528
   24.122353980    0.066675082   -0.069589199
   24.150699872    0.065873643   -0.068993290
   24.179045764    0.067296790   -0.068350850
   24.207391656    0.070861314   -0.067669446
   24.235737548    0.076156644   -0.066956987
   24.264083439    0.082503759   -0.066221582
   24.292429331    0.089065310   -0.065471437
   24.320775223    0.094982992   -0.064714783
   24.349121115    0.099512447   -0.063959799
   24.377467007    0.102127347   -0.063214529
   24.405812899    0.102572562   -0.062486721
   24.434158791    0.100859080   -0.061783630
   24.462504682    0.097207372   -0.061111759
   24.490850574    0.091957604   -0.060476596
   24.519196466    0.085471571   -0.059882391
   24.547542358    0.078051087   -0.059332016
   24.575888250    0.069891131   -0.058826942
   24.604234142    0.061075362   -0.058367341
   24.632580034    0.051609640   -0.057952260
   24.660925926    0.041479276   -0.057579844
   24.689271817    0.030710350   -0.057247507
   24.717617709    0.019415810   -0.056952000
   24.745963601    0.007812823   -0.056689335
   24.774309493   -0.003792974   -0.056454566
   24.802655385   -0.015050727   -0.056241469
   24.831001277   -0.025621758   -0.056042211
   24.859347169   -0.035234125   -0.055847108
   24.887693060   -0.043718866   -0.055644582
   24.916038952   -0.051018355   -0.055421387
   24.944384844   -0.057165615   -0.055163133
   24.972730736   -0.062241895   -0.054855078
   25.001076628   -0.066325850   -0.054483104
   25.029422520   -0.069449560   -0.054034736
   25.057768412   -0.071574087   -0.053500089
   25.086114304   -0.072591061   -0.052872585
   25.114460195   -0.072348986   -0.052149367
   25.142806087   -0.070695781   -0.051331354
   25.171151979   -0.067524711   -0.050422972
   25.199497871   -0.062810492   -0.049431612
   25.227843763   -0.056625897   -0.048366915
   25.256189655   -0.049135592   -0.047240011
   25.284535547   -0.040571007   -0.046062791
   25.312881439   -0.031195781   -0.044847299
   25.341227330   -0.021273824   -0.043605281
   25.369573222   -0.011050635   -0.042347892
   25.397919114   -0.000753706   -0.041085556
   25.426265006    0.009388995   -0.039827916
   25.454610898    0.019120045   -0.038583864
   25.482956790    0.028124984   -0.037361593
   25.511302682    0.036018677   -0.036168642
   25.539648573    0.042354715   -0.035011931
   25.567994465    0.046660458   -0.033897745
   25.596340357    0.048492525   -0.032831680
   25.624686249    0.047500816   -0.031818543
   25.653032141    0.043485513   -0.030862190
   25.681378033    0.036432223   -0.029965353
   25.709723925    0.026515337   -0.029129439
   25.738069817    0.014067687   -0.028354370
   25.766415708   -0.000476702   -0.027638486
   25.794761600   -0.016652806   -0.026978556
   25.823107492   -0.034030409   -0.026369917
   25.851453384   -0.052259500   -0.025806733
   25.879799276   -0.071085041   -0.025282349
   25.908145168   -0.090329491   -0.024789670
   25.936491060   -0.109850640   -0.024321490
   25.964836951   -0.129489230   -0.023870702
   25.993182843   -0.149023758   -0.023430341
   26.021528735   -0.168147658   -0.022993452
   26.049874627   -0.186477539   -0.022552851
   26.078220519   -0.203591907   -0.022100854
   26.106566411   -0.219090636   -0.021629132
   26.134912303   -0.232658903   -0.021128793
   26.163258195   -0.244117334   -0.020590792
   26.191604086   -0.253443407   -0.020006682
   26.219949978   -0.260756901   -0.019369643
   26.248295870   -0.266272207   -0.018675625
   26.276641762   -0.270229868   -0.017924412
   26.304987654   -0.272826013   -0.017120371
   26.333333546   -0.274159510   -0.016272696
   26.361679438   -0.274212223   -0.015395056
   26.390025330   -0.272868781   -0.014504633
   26.418371221   -0.269971243   -0.013620703
   26.446717113   -0.265393900   -0.012762975
   26.475063005   -0.259117238   -0.011949976
   26.503408897   -0.251279497   -0.011197756
   26.531754789   -0.242189785   -0.010519116
   26.560100681   -0.232296894   -0.009923461
   26.588446573   -0.222120123   -0.009417221
   26.616792464   -0.212159271   -0.009004689
   26.645138356   -0.202807380   -0.008689019
   26.673484248   -0.194289908   -0.008473130
   26.701830140   -0.186647537   -0.008360271
   26.730176032   -0.179768327   -0.008354137
   26.758521924   -0.173461428   -0.008458529
   26.786867816   -0.167552651   -0.008676657
   26.815213708   -0.161975252   -0.009010315
   26.843559599   -0.156829289   -0.009459144
   26.871905491   -0.152390211   -0.010020205
   26.900251383   -0.149060177   -0.010687971
   26.928597275   -0.147270797   -0.011454762
   26.956943167   -0.147359529   -0.012311513
   26.985289059   -0.149450343   -0.013248688
   27.013634951   -0.153369945   -0.014257128
   27.041980842   -0.158623651   -0.015328623
   27.070326734   -0.164441277   -0.016456101
   27.098672626   -0.169886792   -0.017633411
   27.127018518   -0.174009809   -0.018854798
   27.155364410   -0.176006498   -0.020114234
   27.183710302   -0.175354617   -0.021404817
   27.212056194   -0.171893043   -0.022718420
   27.240402086   -0.165828960   -0.024045699
   27.268747977   -0.157672544   -0.025376490
   27.297093869   -0.148115589   -0.026700491
   27.325439761   -0.137882805   -0.028008091
   27.353785653   -0.127589747   -0.029291146
   27.382131545   -0.117638249   -0.030543532
   27.410477437   -0.108169918   -0.031761358
   27.438823329   -0.099083474   -0.032942834
   27.467169221   -0.090106229   -0.034087845
   27.495515112   -0.080897761   -0.035197362
   27.523861004   -0.071157692   -0.036272874
   27.552206896   -0.060710655   -0.037315952
   27.580552788   -0.049549436   -0.038328058
   27.608898680   -0.037829391   -0.039310607
   27.637244572   -0.025820360   -0.040265210
   27.665590464   -0.013832836   -0.041193988
   27.693936355   -0.002140590   -0.042099826
   27.722282247    0.009078886   -0.042986447
   27.750628139    0.019771252   -0.043858254
   27.778974031    0.029994697   -0.044719952
   27.807319923    0.039877734   -0.045576019
   27.835665815    0.049559662   -0.046430172
   27.864011707    0.059131842   -0.047284921
   27.892357599    0.068596494   -0.048141355
   27.920703490    0.077853665   -0.048999175
   27.949049382    0.086718378   -0.049856972
   27.977395274    0.094961245   -0.050712654
   28.005741166    0.102359612   -0.051563914
   28.034087058    0.108744221   -0.052408591
   28.062432950    0.114028790   -0.053244854
   28.090778842    0.118215896   -0.054071134
   28.119124733    0.121380159   -0.054885850
   28.147470625    0.123636494   -0.055686997
   28.175816517    0.125105205   -0.056471712
   28.204162409    0.125885672   -0.057235945
   28.232508301    0.126046567   -0.057974323
   28.260854193    0.125634190   -0.058680254
   28.289200085    0.124693741   -0.059346263
   28.317545977    0.123293435   -0.059964484
   28.345891868    0.121539898   -0.060527213
   28.374237760    0.119575956   -0.061027413
   28.402583652    0.117557889   -0.061459094
   28.430929544    0.115616804   -0.061817497
   28.459275436    0.113815437   -0.062099116
   28.487621328    0.112115320   -0.062301567
   28.515967220    0.110368236   -0.062423405
   28.544313112    0.108340381   -0.062463943
   28.572659003    0.105768663   -0.062423139
   28.601004895    0.102438760   -0.062301574
   28.629350787    0.098266602   -0.062100531
   28.657696679    0.093361369   -0.061822103
   28.686042571    0.088050346   -0.061469322
   28.714388463    0.082853789   -0.061046220
   28.742734355    0.078409660   -0.060557817
   28.771080246    0.075360787   -0.060010011
   28.799426138    0.074227329   -0.059409409
   28.827772030    0.075292571   -0.058763130
   28.856117922    0.078528460   -0.058078613
   28.884463814    0.083579129   -0.057363495
   28.912809706    0.089807695   -0.056625540
   28.941155598    0.096397188   -0.055872624
   28.969501490    0.102484059   -0.055112738
   28.997847381    0.107295459   -0.054353963
   29.026193273    0.110261243   -0.053604381
   29.054539165    0.111078349   -0.052871886
   29.082885057    0.109717154   -0.052163926
   29.111230949    0.106373409   -0.051487184
   29.139576841    0.101381970   -0.050847265
   29.167922733    0.095116468   -0.050248455
   29.196268624    0.087900595   -0.049693585
   29.224614516    0.079951627   -0.049184043
   29.252960408    0.071366751   -0.048719909
   29.281306300    0.062150624   -0.048300176
   29.309652192    0.052271640   -0.047922986
   29.337998084    0.041727468   -0.047585805
   29.366343976    0.030599264   -0.047285482
   29.394689868    0.019078524   -0.047018145
   29.423035759    0.007459340   -0.046778966
   29.451381651   -0.003900812   -0.046561833
   29.479727543   -0.014639625   -0.046359018
   29.508073435   -0.024450618   -0.046160957
   29.536419327   -0.033128654   -0.045956216
   29.564765219   -0.040588056   -0.045731723
   29.593111111   -0.046849315   -0.045473278
   29.621457003   -0.051999580   -0.045166311
   29.649802894   -0.056139385   -0.044796804
   29.678148786   -0.059331636   -0.044352273
   29.706494678   -0.061567566   -0.043822665
   29.734840570   -0.062758982   -0.043201074
   29.763186462   -0.062758158   -0.042484179
   29.791532354   -0.061398739   -0.041672366
   29.819878246   -0.058545233   -0.040769527
   29.848224137   -0.054136764   -0.039782609
   29.876570029   -0.048213205   -0.038720962
   29.904915921   -0.040917606   -0.037595609
   29.933261813   -0.032476315   -0.036418504
   29.961607705   -0.023164848   -0.035201883
   29.989953597   -0.013271533   -0.033957738
   30.018299489   -0.003070947   -0.032697455
   30.046645381    0.007184711   -0.031431613
   30.074991272    0.017254656   -0.030169922
   30.103337164    0.026884425   -0.028921252
   30.131683056    0.035777503   -0.027693736
   30.160028948    0.043576528   -0.026494870
   30.188374840    0.049864741   -0.025331599
   30.216720732    0.054192621   -0.024210331
   30.245066624    0.056126882   -0.023136887
   30.273412515    0.055311705   -0.022116360
   30.301758407    0.051527301   -0.021152918
   30.330104299    0.044730334   -0.020249562
   30.358450191    0.035064645   -0.019407895
   30.386796083    0.022838156   -0.018627946
   30.415141975    0.008470717   -0.017908093
   30.443487867   -0.007574458   -0.017245112
   30.471833759   -0.024858677   -0.016634367
   30.500179650   -0.043018055   -0.016070112
   30.528525542   -0.061784300   -0.015545860
   30.556871434   -0.080972455   -0.015054752
   30.585217326   -0.100441499   -0.014589836
   30.613563218   -0.120041526   -0.014144229
   30.641909110   -0.139565108   -0.013711094
   30.670255002   -0.158719235   -0.013283475
   30.698600894   -0.177128215   -0.012854055
   30.726946785   -0.194368727   -0.012414916
   30.755292677   -0.210028496   -0.011957446
   30.783638569   -0.223772637   -0.011472494
   30.811984461   -0.235398735   -0.010950831
   30.840330353   -0.244864291   -0.010383929
   30.868676245   -0.252277491   -0.009764977
   30.897022137   -0.257852553   -0.009089981
   30.925368028   -0.261841050   -0.008358765
   30.953713920   -0.264457919   -0.007575652
   30.982059812   -0.265822898   -0.006749670
   31.010405704   -0.265934407   -0.005894190
   31.038751596   -0.264684076   -0.005026005
   31.067097488   -0.261908791   -0.004163979
   31.095443380   -0.257466241   -0.003327469
   31.123789272   -0.251312782   -0.002534784
   31.152135163   -0.243560975   -0.001801931
   31.180481055   -0.234499131   -0.001141846
   31.208826947   -0.224565237   -0.000564195
   31.237172839   -0.214280246   -0.000075723
   31.265518731   -0.204157239    0.000318996
   31.293864623   -0.194610361    0.000616635
   31.322210515   -0.185888266    0.000814247
   31.350556406   -0.178050860    0.000908691
   31.378902298   -0.170996690    0.000896466
   31.407248190   -0.164534423    0.000773989
   31.435594082   -0.158479295    0.000538202
   31.463939974   -0.152747593    0.000187354
   31.492285866   -0.147421556   -0.000278288
   31.520631758   -0.142763889   -0.000855977
   31.548977650   -0.139173876   -0.001540433
   31.577323541   -0.137092558   -0.002324195
   31.605669433   -0.136878593   -0.003198325
   31.634015325   -0.138685490   -0.004153287
   31.662361217   -0.142372302   -0.005179787
   31.690707109   -0.147473061   -0.006269383
   31.719053001   -0.153236768   -0.007414742
   31.747398893   -0.158732905   -0.008609483
   31.775744785   -0.163001397   -0.009847712
   31.804090676   -0.165214879   -0.011123371
   31.832436568   -0.164817646   -0.012429628
   31.860782460   -0.161610851   -0.013758480
   31.889128352   -0.155765975   -0.015100703
   31.917474244   -0.147765227   -0.016446192
   31.945820136   -0.138284287   -0.017784614
   31.974166028   -0.128045424   -0.019106233
   32.002511919   -0.117674747   -0.020402717
   32.030857811   -0.107594691   -0.021667747
   32.059203703   -0.097972992   -0.022897281
   32.087549595   -0.088734830   -0.024089468
   32.115895487   -0.079629498   -0.025244223
   32.144241379   -0.070330522   -0.026362628
   32.172587271   -0.060541759   -0.027446305
   32.200933163   -0.050082794   -0.028496926
   32.229279054   -0.038934351   -0.029515977
   32.257624946   -0.027236238   -0.030504789
   32.285970838   -0.015243201   -0.031464798
   32.314316730   -0.003254532   -0.032397903
   32.342662622    0.008461067   -0.033306784
   32.371008514    0.019724445   -0.034195042
   32.399354406    0.030473883   -0.035067083
   32.427700297    0.040756720   -0.035927747
   32.456046189    0.050689935   -0.036781758
   32.484392081    0.060403193   -0.037633112
   32.512737973    0.069981865   -0.038484574
   32.541083865    0.079426362   -0.039337387
   32.569429757    0.088638484   -0.040191274
   32.597775649    0.097437141   -0.041044718
   32.626121541    0.105597319   -0.041895433
   32.654467432    0.112899972   -0.042740905
   32.682813324    0.119178214   -0.043578828
   32.711159216    0.124347327   -0.044407346
   32.739505108    0.128411705   -0.045225014
   32.767851000    0.131449215   -0.046030504
   32.796196892    0.133580150   -0.046822143
   32.824542784    0.134932072   -0.047597405
   32.852888676    0.135612213   -0.048352514
   32.881234567    0.135695607   -0.049082257
   32.909580459    0.135231209   -0.049780083
   32.937926351    0.134261613   -0.050438463
   32.966272243    0.132846956   -0.051049439
   32.994618135    0.131081802   -0.051605241
   33.022964027    0.129095901   -0.052098844
   33.051309919    0.127035187   -0.052524357
   33.079655810    0.125026566   -0.052877197
   33.108001702    0.123136671   -0.053154048
   33.136347594    0.121338678   -0.053352665
   33.164693486    0.119500932   -0.053471623
   33.193039378    0.117406303   -0.053510100
   33.221385270    0.114802967   -0.053467774
   33.249731162    0.111477825   -0.053344852
   33.278077054    0.107335728   -0.053142231
   33.306422945    0.102463624   -0.052861705
   33.334768837    0.097160018   -0.052506167
   33.363114729    0.091916997   -0.052079713
   33.391460621    0.087352936   -0.051587613
   33.419806513    0.084106305   -0.051036148
   33.448152405    0.082711477   -0.050432338
   33.476498297    0.083483413   -0.049783644
   33.504844188    0.086437559   -0.049097696
   33.533190080    0.091264405   -0.048382123
   33.561535972    0.097366135   -0.047644491
   33.589881864    0.103948809   -0.046892341
   33.618227756    0.110150796   -0.046133283
   33.646573648    0.115180041   -0.045375052
   33.674919540    0.118431139   -0.044625498
   33.703265432    0.119558557   -0.043892432
   33.731611323    0.118493232   -0.043183361
   33.759957215    0.115403424   -0.042505124
   33.788303107    0.110613651   -0.041863524
   33.816648999    0.104504549   -0.041263016
   33.844994891    0.097419415   -0.040706535
   33.873340783    0.089599566   -0.040195498
   33.901686675    0.081161536   -0.039729952
   33.930032567    0.072117285   -0.039308844
   33.958378458    0.062427061   -0.038930301
   33.986724350    0.052066524   -0.038591840
   34.015070242    0.041087047   -0.038290432
   34.043416134    0.029651354   -0.038022388
   34.071762026    0.018034612   -0.037783078
   34.100107918    0.006591418   -0.037566551
   34.128453810   -0.004301128   -0.037365168
   34.156799701   -0.014307622   -0.037169354
   34.185145593   -0.023187648   -0.036967577
   34.213491485   -0.030823674   -0.036746612
   34.241837377   -0.037216720   -0.036492101
   34.270183269   -0.042452275   -0.036189360
   34.298529161   -0.046647324   -0.035824335
   34.326875053   -0.049894260   -0.035384584
   34.355220945   -0.052217835   -0.034860150
   34.383566836   -0.053557043   -0.034244235
   34.411912728   -0.053776315   -0.033533580
   34.440258620   -0.052701963   -0.032728536
   34.468604512   -0.050172845   -0.031832853
   34.496950404   -0.046090700   -0.030853231
   34.525296296   -0.040456424   -0.029798708
   34.553642188   -0.033383367   -0.028679983
   34.581988079   -0.025085901   -0.027508736
   34.610333971   -0.015848879   -0.026297021
   34.638679863   -0.005988885   -0.025056761
   34.667025755    0.004180078   -0.023799379
   34.695371647    0.014366212   -0.022535561
   34.723717539    0.024300157   -0.021275152
   34.752063431    0.033718174   -0.020027148
   34.780409323    0.042336847   -0.018799761
   34.808755214    0.049831338   -0.017600525
   34.837101106    0.055828711   -0.016436384
   34.865446998    0.059923536   -0.015313738
   34.893792890    0.061715990   -0.014238422
   34.922138782    0.060865232   -0.013215582
   34.950484674    0.057145151   -0.012249484
   34.978830566    0.050487566   -0.011343261
   35.007176458    0.041000275   -0.010498666
   35.035522349    0.028953608   -0.009715872
   35.063868241    0.014737476   -0.008993380
   35.092214133   -0.001200956   -0.008328075
   35.120560025   -0.018423361   -0.007715426
   35.148905917   -0.036553353   -0.007149809
   35.177251809   -0.055303485   -0.006624891
   35.205597701   -0.074470453   -0.006134004
   35.233943592   -0.093902053   -0.005670414
   35.262289484   -0.113447707   -0.005227444
   35.290635376   -0.132909299   -0.004798418
   35.318981268   -0.152009109   -0.004376470
   35.347327160   -0.170386719   -0.003954278
   35.375673052   -0.187628124   -0.003523854
   35.404018944   -0.203320522   -0.003076499
   35.432364836   -0.217118093   -0.002603018
   35.460710727   -0.228800045   -0.002094260
   35.489056619   -0.238303586   -0.001541941
   35.517402511   -0.245721044   -0.000939672
   35.545748403   -0.251260322   -0.000284014
   35.574094295   -0.255178474    0.000424607
   35.602440187   -0.257706316    0.001181339
   35.630786079   -0.258985213    0.001976808
   35.659131970   -0.259034421    0.002797577
   35.687477862   -0.257759172    0.003627092
   35.715823754   -0.254998309    0.004447007
   35.744169646   -0.250598814    0.005238663
   35.772515538   -0.244496358    0.005984500
   35.800861430   -0.236778458    0.006669171
   35.829207322   -0.227710889    0.007280208
   35.857553214   -0.217717738    0.007808161
   35.885899105   -0.207318255    0.008246278
   35.914244997   -0.197036033    0.008589834
   35.942590889   -0.187304420    0.008835321
   35.970936781   -0.178394027    0.008979714
   35.999282673   -0.170382867    0.009019990
   36.027628565   -0.163178456    0.008952997
   36.055974457   -0.156586853    0.008775699
   36.084320349   -0.150410217    0.008485704
   36.112666240   -0.144545590    0.008081921
   36.141012132   -0.139056034    0.007565154
   36.169358024   -0.134191505    0.006938479
   36.197703916   -0.130349644    0.006207277
   36.226049808   -0.127982651    0.005378910
   36.254395700   -0.127471413    0.004462108
   36.282741592   -0.128998070    0.003466193
   36.311087483   -0.132450391    0.002400342
   36.339433375   -0.137384885    0.001273030
   36.367779267   -0.143062024    0.000091787
   36.396125159   -0.148549604   -0.001136702
   36.424471051   -0.152873499   -0.002406209
   36.452816943   -0.155183189   -0.003710419
   36.481162835   -0.154895461   -0.005042393
   36.509508727   -0.151784586   -0.006394209
   36.537854618   -0.145999902   -0.007756906
   36.566200510   -0.138008768   -0.009120756
   36.594546402   -0.128480115   -0.010475837
   36.622892294   -0.118136954   -0.011812767
   36.651238186   -0.107612125   -0.013123446
   36.679584078   -0.097339049   -0.014401635
   36.707929970   -0.087499102   -0.015643243
   36.736275861   -0.078032492   -0.016846283
   36.764621753   -0.068703825   -0.018010521
   36.792967645   -0.059201090   -0.019136935
   36.821313537   -0.049240405   -0.020227127
   36.849659429   -0.038649857   -0.021282843
   36.878005321   -0.027413446   -0.022305715
   36.906351213   -0.015668138   -0.023297251
   36.934697105   -0.003659852   -0.024259053
   36.963042996    0.008325436   -0.025193146
   36.991388888    0.020034073   -0.026102284
   37.019734780    0.031300129   -0.026990091
   37.048080672    0.042069751   -0.027860967
   37.076426564    0.052390219   -0.028719729
   37.104772456    0.062369718   -0.029571053
   37.133118348    0.072121701   -0.030418859
   37.161464240    0.081711170   -0.031265769
   37.189810131    0.091118489   -0.032112793
   37.218156023    0.100230343   -0.032959323
   37.246501915    0.108859037   -0.033803430
   37.274847807    0.116783112   -0.034642394
   37.303193699    0.123796591   -0.035473321
   37.331539591    0.129752454   -0.036293674
   37.359885483    0.134588653   -0.037101579
   37.388231374    0.138330858   -0.037895823
   37.416577266    0.141073462   -0.038675533
   37.444923158    0.142946750   -0.039439624
   37.473269050    0.144081750   -0.040186182
   37.501614942    0.144584042   -0.040911934
   37.529960834    0.144524039   -0.041611965
   37.558306726    0.143945105   -0.042279778
   37.586652618    0.142884471   -0.042907685
   37.614998509    0.141397306   -0.043487452
   37.643344401    0.139572926   -0.044011054
   37.671690293    0.137534640   -0.044471362
   37.700036185    0.135420297   -0.044862622
   37.728382077    0.133347643   -0.045180642
   37.756727969    0.131374800   -0.045422682
   37.785073861    0.129469575   -0.045587128
   37.813419752    0.127500571   -0.045673071
   37.841765644    0.125258058   -0.045679958
   37.870111536    0.122504503   -0.045607412
   37.898457428    0.119045651   -0.045455294
   37.926803320    0.114805689   -0.045223982
   37.955149212    0.109886516   -0.044914772
   37.983495104    0.104592889   -0.044530291
   38.011840996    0.099411968   -0.044074755
   38.040186887    0.094946283   -0.043554009
   38.068532779    0.091810672   -0.042975297
   38.096878671    0.090513433   -0.042346814
   38.125224563    0.091347170   -0.041677150
   38.153570455    0.094314056   -0.040974751
   38.181916347    0.099103459   -0.040247544
   38.210262239    0.105128533   -0.039502787
   38.238608131    0.111615241   -0.038747170
   38.266954022    0.117725470   -0.037987087
   38.295299914    0.122688351   -0.037228982
   38.323645806    0.125912449   -0.036479612
   38.351991698    0.127056486   -0.035746124
   38.380337590    0.126046383   -0.035035879
   38.408683482    0.123039145   -0.034356057
   38.437029374    0.118346252   -0.033713107
   38.465375265    0.112337832   -0.033112196
   38.493721157    0.105351956   -0.032556792
   38.522067049    0.097630309   -0.032048486
   38.550412941    0.089293297   -0.031587101
   38.578758833    0.080356657   -0.031171030
   38.607104725    0.070780659   -0.030797706
   38.635450617    0.060535032   -0.030464044
   38.663796509    0.049659536   -0.030166707
   38.692142400    0.038302499   -0.029902096
   38.720488292    0.026726601   -0.029666049
   38.748834184    0.015280743   -0.029453313
   38.777180076    0.004346388   -0.029256949
   38.805525968   -0.005726428   -0.029067834
   38.833871860   -0.014675743   -0.028874464
   38.862217752   -0.022361776   -0.028663156
   38.890563643   -0.028769904   -0.028418701
   38.918909535   -0.033982656   -0.028125381
   38.947255427   -0.038129368   -0.027768214
   38.975601319   -0.041328040   -0.027334199
   39.003947211   -0.043635656   -0.026813381
   39.032293103   -0.045020527   -0.026199549
   39.060638995   -0.045363829   -0.025490497
   39.088984887   -0.044489406   -0.024687837
   39.117330778   -0.042213305   -0.023796475
   39.145676670   -0.038399550   -0.022823877
   39.174022562   -0.033007502   -0.021779273
   39.202368454   -0.026119136   -0.020672959
   39.230714346   -0.017940546   -0.019515750
   39.259060238   -0.008779225   -0.018318628
   39.287406130    0.000994876   -0.017092541
   39.315752022    0.010992810   -0.015848292
   39.344097913    0.020842736   -0.014596453
   39.372443805    0.030210169   -0.013347250
   39.400789697    0.038799631   -0.012110412
   39.429135589    0.046341249   -0.010894984
   39.457481481    0.052570765   -0.009709167
   39.485827373    0.057213447   -0.008560195
   39.514173265    0.059980995   -0.007454304
   39.542519156    0.060586033   -0.006396766
   39.570865048    0.058772779   -0.005391955
   39.599210940    0.054356629   -0.004443413
   39.627556832    0.047261760   -0.003553844
   39.655902724    0.037545403   -0.002725014
   39.684248616    0.025400617   -0.001957581
   39.712594508    0.011135126   -0.001250881
   39.740940400   -0.004869448   -0.000602749
   39.769286291   -0.022207952   -0.000009459
   39.797632183   -0.040498794    0.000534175
   39.825978075   -0.059415753    0.001034514
   39.854323967   -0.078696998    0.001498677
   39.882669859   -0.098130582    0.001934074
   39.911015751   -0.117522848    0.002347988
   39.939361643   -0.136661509    0.002747332
   39.967707534   -0.155287011    0.003138601
   39.996053426   -0.173083489    0.003528042
   40.024399318   -0.189694747    0.003921946
   40.052745210   -0.204762865    0.004326929
   40.081091102   -0.217979618    0.004750048
   40.109436994   -0.229136136    0.005198629
   40.137782886   -0.238155673    0.005679726
   40.166128778   -0.245098438    0.006199268
   40.194474669   -0.250135025    0.006760989
   40.222820561   -0.253494111    0.007365378
   40.251166453   -0.255397981    0.008008862
   40.279512345   -0.256003757    0.008683435
   40.307858237   -0.255367470    0.009376883
   40.336204129   -0.253442267    0.010073585
   40.364550021   -0.250112645    0.010755808
   40.392895913   -0.245256101    0.011405267
   40.421241804   -0.238815142    0.012004665
   40.449587696   -0.230858695    0.012538960
   40.477933588   -0.221613928    0.012996134
   40.506279480   -0.211457143    0.013367388
   40.534625372   -0.200863629    0.013646788
   40.562971264   -0.190328221    0.013830529
   40.591317156   -0.180277309    0.013916036
   40.619663047   -0.170996531    0.013901164
   40.648008939   -0.162595004    0.013783688
   40.676354831   -0.155017459    0.013561199
   40.704700723   -0.148102400    0.013231396
   40.733046615   -0.141671002    0.012792668
   40.761392507   -0.135621740    0.012244768
   40.789738399   -0.130002626    0.011589386
   40.818084291   -0.125037546    0.010830439
   40.846430182   -0.121094774    0.009973998
   40.874776074   -0.118601218    0.009027850
   40.903121966   -0.117921380    0.008000816
   40.931467858   -0.119231108    0.006901983
   40.959813750   -0.122419727    0.005740035
   40.988159642   -0.127048893    0.004522844
   41.016505534   -0.132383514    0.003257387
   41.044851425   -0.137492569    0.001949989
   41.073197317   -0.141400038    0.000606781
   41.101543209   -0.143253109   -0.000765773
   41.129889101   -0.142469739   -0.002160445
   41.158234993   -0.138832051   -0.003569058
   41.186580885   -0.132504778   -0.004982594
   41.214926777   -0.123975893   -0.006391599
   41.243272669   -0.113935066   -0.007786791
   41.271618560   -0.103119904   -0.009159719
   41.299964452   -0.092166569   -0.010503343
   41.328310344   -0.081498668   -0.011812390
   41.356656236   -0.071277290   -0.013083441
   41.385002128   -0.061418757   -0.014314752
   41.413348020   -0.051669450   -0.015505879
   41.441693912   -0.041713495   -0.016657229
   41.470039804   -0.031282562   -0.017769670
   41.498385695   -0.020238875   -0.018844280
   41.526731587   -0.008611977   -0.019882286
   41.555077479    0.003416174   -0.020885186
   41.583423371    0.015568567   -0.021854960
   41.611769263    0.027552597   -0.022794282
   41.640115155    0.039136484   -0.023706622
   41.668461047    0.050200144   -0.024596161
   41.696806938    0.060746947   -0.025467503
   41.725152830    0.070875207   -0.026325221
   41.753498722    0.080720355   -0.027173322
   41.781844614    0.090387122   -0.028014760
   41.810190506    0.099893338   -0.028851088
   41.838536398    0.109142696   -0.029682353
   41.866882290    0.117934538   -0.030507242
   41.895228182    0.126007289   -0.031323447
   41.923574073    0.133102008   -0.032128173
   41.951919965    0.139026781   -0.032918641
   41.980265857    0.143702788   -0.033692498
   42.008611749    0.147178872   -0.034448020
   42.036957641    0.149611203   -0.035184064
   42.065303533    0.151215335   -0.035899796
   42.093649425    0.152206132   -0.036594261
   42.121995316    0.152744387   -0.037265897
   42.150341208    0.152906348   -0.037912118
   42.178687100    0.152684780   -0.038529065
   42.207032992    0.152019836   -0.039111588
   42.235378884    0.150848296   -0.039653463
   42.263724776    0.149153535   -0.040147816
   42.292070668    0.146998058   -0.040587661
   42.320416560    0.144525776   -0.040966449
   42.348762451    0.141930905   -0.041278551
   42.377108343    0.139401575   -0.041519579
   42.405454235    0.137055459   -0.041686526
   42.433800127    0.134888942   -0.041777737
   42.462146019    0.132759153   -0.041792749
   42.490491911    0.130409672   -0.041732070
   42.518837803    0.127538317   -0.041596971
   42.547183695    0.123892406   -0.041389344
   42.575529586    0.119367215   -0.041111654
   42.603875478    0.114079893   -0.040766982
   42.632221370    0.108395270   -0.040359134
   42.660567262    0.102891022   -0.039892744
   42.688913154    0.098264763   -0.039373337
   42.717259046    0.095200971   -0.038807298
   42.745604938    0.094226977   -0.038201731
   42.773950829    0.095591468   -0.037564209
   42.802296721    0.099194755   -0.036902469
   42.830642613    0.104588306   -0.036224097
   42.858988505    0.111044746   -0.035536275
   42.887334397    0.117682808   -0.034845629
   42.915680289    0.123618891   -0.034158227
   42.944026181    0.128111149   -0.033479701
   42.972372073    0.130664898   -0.032815473
   43.000717964    0.131078548   -0.032170999
   43.029063856    0.129424509   -0.031551965
   43.057409748    0.125975515   -0.030964350
   43.085755640    0.121099395   -0.030414304
   43.114101532    0.115151392   -0.029907813
   43.142447424    0.108391426   -0.029450191
   43.170793316    0.100944938   -0.029045447
   43.199139207    0.092812908   -0.028695652
   43.227485099    0.083922895   -0.028400400
   43.255830991    0.074202305   -0.028156477
   43.284176883    0.063650231   -0.027957829
   43.312522775    0.052386182   -0.027795834
   43.340868667    0.040661909   -0.027659873
   43.369214559    0.028833886   -0.027538103
   43.397560451    0.017305438   -0.027418323
   43.425906342    0.006455881   -0.027288797
   43.454252234   -0.003422988   -0.027138890
   43.482598126   -0.012165576   -0.026959451
   43.510944018   -0.019736714   -0.026742888
   43.539289910   -0.026201993   -0.026482971
   43.567635802   -0.031674463   -0.026174458
   43.595981694   -0.036254340   -0.025812648
   43.624327586   -0.039979686   -0.025393024
   43.652673477   -0.042802211   -0.024911081
   43.681019369   -0.044594551   -0.024362428
   43.709365261   -0.045186047   -0.023743153
   43.737711153   -0.044415918   -0.023050399
   43.766057045   -0.042188068   -0.022283032
   43.794402937   -0.038511823   -0.021442238
   43.822748829   -0.033517511   -0.020531922
   43.851094720   -0.027443449   -0.019558779
   43.879440612   -0.020599282   -0.018532013
   43.907786504   -0.013317271   -0.017462715
   43.936132396   -0.005906133   -0.016363014
   43.964478288    0.001379392   -0.015245148
   43.992824180    0.008345368   -0.014120617
   44.021170072    0.014841546   -0.012999572
   44.049515964    0.020727490   -0.011890521
   44.077861855    0.025834333   -0.010800370
   44.106207747    0.029936027   -0.009734737
   44.134553639    0.032741202   -0.008698421
   44.162899531    0.033910661   -0.007695861
   44.191245423    0.033097938   -0.006731462
   44.219591315    0.030003402   -0.005809681
   44.247937207    0.024428162   -0.004934842
   44.276283098    0.016313755   -0.004110748
   44.304628990    0.005757198   -0.003340185
   44.332974882   -0.007002350   -0.002624470
   44.361320774   -0.021621569   -0.001963184
   44.389666666   -0.037705376   -0.001354175
   44.418012558   -0.054860077   -0.000793864
   44.446358450   -0.072734072   -0.000277781
   44.474704342   -0.091037015    0.000198791
   44.503050233   -0.109535008    0.000640211
   44.531396125   -0.128026459    0.001050086
   44.559742017   -0.146308848    0.001431181
   44.588087909   -0.164149034    0.001785649
   44.616433801   -0.181268360    0.002115526
   44.644779693   -0.197349029    0.002423334
   44.673125585   -0.212061506    0.002712606
   44.701471477   -0.225105997    0.002988159
   44.729817368   -0.236256374    0.003255964
   44.758163260   -0.245393591    0.003522602
   44.786509152   -0.252518196    0.003794341
   44.814855044   -0.257737170    0.004076026
   44.843200936   -0.261227599    0.004369987
   44.871546828   -0.263186324    0.004675195
   44.899892720   -0.263779061    0.004986883
   44.928238611   -0.263102953    0.005296700
   44.956584503   -0.261173154    0.005593413
   44.984930395   -0.257937519    0.005864010
   45.013276287   -0.253315683    0.006095025
   45.041622179   -0.247251797    0.006273820
   45.069968071   -0.239766073    0.006389613
   45.098313963   -0.230990139    0.006434093
   45.126659855   -0.221175291    0.006401571
   45.155005746   -0.210669929    0.006288699
   45.183351638   -0.199870958    0.006093903
   45.211697530   -0.189161310    0.005816698
   45.240043422   -0.178850060    0.005457069
   45.268389314   -0.169131430    0.005015058
   45.296735206   -0.160074367    0.004490621
   45.325081098   -0.151646272    0.003883735
   45.353426989   -0.143765072    0.003194700
   45.381772881   -0.136365555    0.002424487
   45.410118773   -0.129461044    0.001575043
   45.438464665   -0.123181542    0.000649434
   45.466810557   -0.117774631   -0.000348174
   45.495156449   -0.113564525   -0.001412716
   45.523502341   -0.110875623   -0.002538506
   45.551848233   -0.109936891   -0.003719544
   45.580194124   -0.110789835   -0.004949735
   45.608540016   -0.113223912   -0.006223007
   45.636885908   -0.116758391   -0.007533297
   45.665231800   -0.120679964   -0.008874448
   45.693577692   -0.124132816   -0.010240083
   45.721923584   -0.126245517   -0.011623517
   45.750269476   -0.126269907   -0.013017762
   45.778615368   -0.123703320   -0.014415635
   45.806961259   -0.118368273   -0.015809967
   45.835307151   -0.110432419   -0.017193854
   45.863653043   -0.100364366   -0.018560901
   45.891998935   -0.088834884   -0.019905409
   45.920344827   -0.076584792   -0.021222481
   45.948690719   -0.064287864   -0.022508049
   45.977036611   -0.052437547   -0.023758850
   46.005382502   -0.041280275   -0.024972402
   46.033728394   -0.030807092   -0.026146998
   46.062074286   -0.020801737   -0.027281740
   46.090420178   -0.010930660   -0.028376582
   46.118766070   -0.000851550   -0.029432340
   46.147111962    0.009686194   -0.030450602
   46.175457854    0.020772246   -0.031433496
   46.203803746    0.032311872   -0.032383301
   46.232149637    0.044050715   -0.033301938
   46.260495529    0.055638414   -0.034190427
   46.288841421    0.066712378   -0.035048446
   46.317187313    0.076978982   -0.035874104
   46.345533205    0.086271276   -0.036664045
   46.373879097    0.094569450   -0.037413900
   46.402224989    0.101980768   -0.038119058
   46.430570880    0.108686650   -0.038775612
   46.458916772    0.114873193   -0.039381294
   46.487262664    0.120665374   -0.039936195
   46.515608556    0.126083602   -0.040443090
   46.543954448    0.131034614   -0.040907255
   46.572300340    0.135338827   -0.041335795
   46.600646232    0.138785903   -0.041736578
   46.628992124    0.141202232   -0.042116983
   46.657338015    0.142510589   -0.042482701
   46.685683907    0.142764201   -0.042836836
   46.714029799    0.142144538   -0.043179455
   46.742375691    0.140922222   -0.043507686
   46.770721583    0.139390967   -0.043816305
   46.799067475    0.137792423   -0.044098661
   46.827413367    0.136252945   -0.044347754
   46.855759259    0.134750786   -0.044557207
   46.884105150    0.133124449   -0.044721984
   46.912451042    0.131121978   -0.044838710
   46.940796934    0.128479729   -0.044905613
   46.969142826    0.125010610   -0.044922150
   46.997488718    0.120678354   -0.044888462
   47.025834610    0.115637078   -0.044804842
   47.054180502    0.110223716   -0.044671335
   47.082526393    0.104902726   -0.044487584
   47.110872285    0.100174834   -0.044252927
   47.139218177    0.096471223   -0.043966696
   47.167564069    0.094058894   -0.043628617
   47.195909961    0.092980815   -0.043239204
   47.224255853    0.093046246   -0.042800025
   47.252601745    0.093874386   -0.042313805
   47.280947637    0.094981359   -0.041784338
   47.309293528    0.095889729   -0.041216256
   47.337639420    0.096234193   -0.040614729
   47.365985312    0.095838034   -0.039985172
   47.394331204    0.094742245   -0.039333022
   47.422677096    0.093180974   -0.038663629
   47.451022988    0.091510171   -0.037982240
   47.479368880    0.090107631   -0.037294073
   47.507714771    0.089269256   -0.036604404
   47.536060663    0.089126701   -0.035918651
   47.564406555    0.089605669   -0.035242402
   47.592752447    0.090433645   -0.034581382
   47.621098339    0.091193543   -0.033941371
   47.649444231    0.091408763   -0.033328086
   47.677790123    0.090638247   -0.032747043
   47.706136015    0.088558862   -0.032203411
   47.734481906    0.085016898   -0.031701855
   47.762827798    0.080039265   -0.031246354
   47.791173690    0.073805612   -0.030839989
   47.819519582    0.066592223   -0.030484684
   47.847865474    0.058704708   -0.030180946
   47.876211366    0.050417797   -0.029927620
   47.904557258    0.041936856   -0.029721721
   47.932903150    0.033388383   -0.029558400
   47.961249041    0.024837963   -0.029431087
   47.989594933    0.016326349   -0.029331796
   48.017940825    0.007909764   -0.029251591
   48.046286717   -0.000309817   -0.029181124
   48.074632609   -0.008174754   -0.029111155
   48.102978501   -0.015485813   -0.029032987
   48.131324393   -0.022036173   -0.028938722
   48.159670284   -0.027655165   -0.028821344
   48.188016176   -0.032248441   -0.028674641
   48.216362068   -0.035822254   -0.028493049
   48.244707960   -0.038484072   -0.028271515
   48.273053852   -0.040418626   -0.028005468
   48.301399744   -0.041845576   -0.027690969
   48.329745636   -0.042970294   -0.027325043
   48.358091528   -0.043941258   -0.026906145
   48.386437419   -0.044825718   -0.026434638
   48.414783311   -0.045610147   -0.025913182
   48.443129203   -0.046225027   -0.025346885
   48.471475095   -0.046586750   -0.024743143
   48.499820987   -0.046644668   -0.024111163
   48.528166879   -0.046420042   -0.023461214
   48.556512771   -0.046025950   -0.022803750
   48.584858662   -0.045662675   -0.022148548
   48.613204554   -0.045589822   -0.021504033
   48.641550446   -0.046082849   -0.020876914
   48.669896338   -0.047385710   -0.020272162
   48.698242230   -0.049672122   -0.019693321
   48.726588122   -0.053025148   -0.019143038
   48.754934014   -0.057439450   -0.018623658
   48.783279906   -0.062844070   -0.018137727
   48.811625797   -0.069137916   -0.017688276
   48.839971689   -0.076226855   -0.017278807
   48.868317581   -0.084051265   -0.016912992
   48.896663473   -0.092596097   -0.016594168
   48.925009365   -0.101880910   -0.016324749
   48.953355257   -0.111933402   -0.016105696
   48.981701149   -0.122754870   -0.015936190
   49.010047041   -0.134288426   -0.015813562
   49.038392932   -0.146399974   -0.015733504
   49.066738824   -0.158878192   -0.015690503
   49.095084716   -0.171454240   -0.015678388
   49.123430608   -0.183836145   -0.015690872
   49.151776500   -0.195748602   -0.015721975
   49.180122392   -0.206967423   -0.015766245
   49.208468284   -0.217339485   -0.015818757
   49.236814175   -0.226783338   -0.015874941
   49.265160067   -0.235271305   -0.015930310
   49.293505959   -0.242799320   -0.015980200
   49.321851851   -0.249354255   -0.016019645
   49.350197743   -0.254889139   -0.016043454
   49.378543635   -0.259314158   -0.016046533
   49.406889527   -0.262506520   -0.016024424
   49.435235419   -0.264336425   -0.015974004
   49.463581310   -0.264701407   -0.015894201
   49.491927202   -0.263558542   -0.015786635
   49.520273094   -0.260944425   -0.015656023
   49.548618986   -0.256976277   -0.015510280
   49.576964878   -0.251833065   -0.015360253
   49.605310770   -0.245721596   -0.015219099
   49.633656662   -0.238837189   -0.015101381
   49.662002553   -0.231330534   -0.015021981
   49.690348445   -0.223290802   -0.014994987
   49.718694337   -0.214750527   -0.015032696
   49.747040229   -0.205711269   -0.015144866
   49.775386121   -0.196182641   -0.015338322
   49.803732013   -0.186222661   -0.015616928
   49.832077905   -0.175966184   -0.015981917
   49.860423797   -0.165630770   -0.016432485
   49.888769688   -0.155495248   -0.016966504
   49.917115580   -0.145853942   -0.017581227
   49.945461472   -0.136956839   -0.018273825
   49.973807364   -0.128950887   -0.019041675
   50.002153256   -0.121838555   -0.019882349
   50.030499148   -0.115466360   -0.020793354
   50.058845040   -0.109548920   -0.021771691
   50.087190932   -0.103725084   -0.022813386
   50.115536823   -0.097634137   -0.023913126
   50.143882715   -0.090994284   -0.025064098
   50.172228607   -0.083664254   -0.026258110
   50.200574499   -0.075672421   -0.027485967
   50.228920391   -0.067205505   -0.028738021
   50.257266283   -0.058558850   -0.030004791
   50.285612175   -0.050059864   -0.031277480
   50.313958066   -0.041983074   -0.032548311
   50.342303958   -0.034477480   -0.033810593
   50.370649850   -0.027523994   -0.035058535
   50.398995742   -0.020933386   -0.036286901
   50.427341634   -0.014385197   -0.037490612
   50.455687526   -0.007498142   -0.038664456
   50.484033418    0.000084960   -0.039803015
   50.512379310    0.008617824   -0.040900854
   50.540725201    0.018195058   -0.041952959
   50.569071093    0.028732071   -0.042955311
   50.597416985    0.039983334   -0.043905456
   50.625762877    0.051592525   -0.044802894
   50.654108769    0.063160859   -0.045649176
   50.682454661    0.074316622   -0.046447638
   50.710800553    0.084770036   -0.047202820
   50.739146444    0.094342738   -0.047919687
   50.767492336    0.102968573   -0.048602825
   50.795838228    0.110670078   -0.049255808
   50.824184120    0.117520801   -0.049880889
   50.852530012    0.123606043   -0.050479070
   50.880875904    0.128993307   -0.051050534
   50.909221796    0.133719286   -0.051595303
   50.937567688    0.137794250   -0.052113935
   50.965913579    0.141218947   -0.052608047
   50.994259471    0.144005483   -0.053080517
   51.022605363    0.146192989   -0.053535261
   51.050951255    0.147851352   -0.053976641
   51.079297147    0.149070933   -0.054408625
   51.107643039    0.149941445   -0.054833896
   51.135988931    0.150527290   -0.055253153
   51.164334823    0.150848296   -0.055664769
   51.192680714    0.150873369   -0.056064911
   51.221026606    0.150530496   -0.056448099
   51.249372498    0.149731131   -0.056808086
   51.277718390    0.148401919   -0.057138846
   51.306064282    0.146513729   -0.057435448
   51.334410174    0.144098073   -0.057694612
   51.362756066    0.141244403   -0.057914831
   51.391101957    0.138077502   -0.058096052
   51.419447849    0.134720585   -0.058239013
   51.447793741    0.131254856   -0.058344405
   51.476139633    0.127688350   -0.058412086
   51.504485525    0.123945165   -0.058440515
   51.532831417    0.119880877   -0.058426544
   51.561177309    0.115322444   -0.058365589
   51.589523201    0.110123306   -0.058252119
   51.617869092    0.104218991   -0.058080317
   51.646214984    0.097667043   -0.057844765
   51.674560876    0.090658206   -0.057540986
   51.702906768    0.083492893   -0.057165751
   51.731252660    0.076526258   -0.056717126
   51.759598552    0.070094121   -0.056194311
   51.787944444    0.064438039   -0.055597359
   51.816290335    0.059649102   -0.054926900
   51.844636227    0.055646027   -0.054183959
   51.872982119    0.052194610   -0.053369919
   51.901328011    0.048964836   -0.052486612
   51.929673903    0.045611778   -0.051536484
   51.958019795    0.041859614   -0.050522729
   51.986365687    0.037566703   -0.049449318
   52.014711579    0.032754155   -0.048320858
   52.043057470    0.027589685   -0.047142287
   52.071403362    0.022330344   -0.045918447
   52.099749254    0.017238798   -0.044653645
   52.128095146    0.012495250   -0.043351288
   52.156441038    0.008128688   -0.042013695
   52.184786930    0.003986533   -0.040642134
   52.213132822   -0.000248071   -0.039237039
   52.241478714   -0.004994402   -0.037798379
   52.269824605   -0.010682508   -0.036326035
   52.298170497   -0.017654350   -0.034820095
   52.326516389   -0.026082345   -0.033280969
   52.354862281   -0.035925445   -0.031709301
   52.383208173   -0.046933257   -0.030105688
   52.411554065   -0.058696473   -0.028470293
   52.439899957   -0.070730195   -0.026802457
   52.468245848   -0.082568859   -0.025100419
   52.496591740   -0.093849208   -0.023361224
   52.524937632   -0.104361696   -0.021580840
   52.553283524   -0.114059677   -0.019754469
   52.581629416   -0.123027043   -0.017876954
   52.609975308   -0.131415767   -0.015943197
   52.638321200   -0.139371992   -0.013948483
   52.666667092   -0.146971270   -0.011888639
   52.695012983   -0.154179826   -0.009760031
   52.723358875   -0.160850677   -0.007559415
   52.751704767   -0.166753345   -0.005283727
   52.780050659   -0.171626762   -0.002929904
   52.808396551   -0.175239149   -0.000494819
   52.836742443   -0.177437771    0.002024644
   52.865088335   -0.178175421    0.004631350
   52.893434226   -0.177508051    0.007327590
   52.921780118   -0.175566742    0.010114729
   52.950126010   -0.172514632    0.012992933
   52.978471902   -0.168503389    0.015961036
   53.006817794   -0.163643243    0.019016573
   53.035163686   -0.157995822    0.022155973
   53.063509578   -0.151591612    0.025374841
   53.091855470   -0.144465968    0.028668269
   53.120201361   -0.136701727    0.032031065
   53.148547253   -0.128464252    0.035457885
   53.176893145   -0.120016807    0.038943220
   53.205239037   -0.111709861    0.042481295
   53.233584929   -0.103945557    0.046065920
   53.261930821   -0.097125824    0.049690397
   53.290276713   -0.091597409    0.053347527
   53.318622605   -0.087607960    0.057029759
   53.346968496   -0.085284158    0.060729472
   53.375314388   -0.084636539    0.064439327
   53.403660280   -0.085588100    0.068152623
   53.432006172   -0.088017222    0.071863559
   53.460352064   -0.091801698    0.075567342
   53.488697956   -0.096850897    0.079260129
   53.517043848   -0.103117066    0.082938814
   53.545389739   -0.110583336    0.086600752
   53.573735631   -0.119233138    0.090243484
   53.602081523   -0.129011349    0.093864579
   53.630427415   -0.139789962    0.097461637
   53.658773307   -0.151349675    0.101032454
   53.687119199   -0.163384067    0.104575315
   53.715465091   -0.175526299    0.108089325
   53.743810983   -0.187391668    0.111574650
   53.772156874   -0.198624772    0.115032596
   53.800502766   -0.208938760    0.118465448
   53.828848658   -0.218136658    0.121876086
   53.857194550   -0.226110079    0.125267439
   53.885540442   -0.232817323    0.128641894
   53.913886334   -0.238248778    0.132000789
   53.942232226   -0.242391022    0.135344136
   53.970578117   -0.245201026    0.138670614
   53.998924009   -0.246598398    0.141977872
   54.027269901   -0.246477813    0.145263056
   54.055615793   -0.244737383    0.148523441
   54.083961685   -0.241313692    0.151757023
   54.112307577   -0.236212080    0.154962913
   54.140653469   -0.229522140    0.158141449
   54.168999361   -0.221412956    0.161293993
   54.197345252   -0.212108841    0.164422457
   54.225691144   -0.201852513    0.167528680
   54.254037036   -0.190866688    0.170613802
   54.282382928   -0.179325869    0.173677784
   54.310728820   -0.167347239    0.176719196
   54.339074712   -0.155003811    0.179735310
   54.367420604   -0.142356159    0.182722483
   54.395766496   -0.129492924    0.185676747
   54.424112387   -0.116567012    0.188594459
   54.452458279   -0.103814804    0.191472886
   54.480804171   -0.091549951    0.194310603
   54.509150063   -0.080130236    0.197107646
   54.537495955   -0.069903701    0.199865413
   54.565841847   -0.061146531    0.202586367
   54.594187739   -0.054008259    0.205273635
   54.622533630   -0.048478753    0.207930605
   54.650879522   -0.044386343    0.210560605
   54.679225414   -0.041428692    0.213166715
   54.707571306   -0.039229666    0.215751719
   54.735917198   -0.037408754    0.218318159
   54.764263090   -0.035646389    0.220868435
   54.792608982   -0.033729650    0.223404899
   54.820954874   -0.031568017    0.225929876
   54.849300765   -0.029176691    0.228445637
   54.877646657   -0.026633405    0.230954298
   54.905992549   -0.024021333    0.233457726
   54.934338441   -0.021374020    0.235957473
   54.962684333   -0.018637301    0.238454784
   54.991030225   -0.015658296    0.240950693
   55.019376117   -0.012204234    0.243446177
   55.047722008   -0.008005892    0.245942331
   55.076067900   -0.002814158    0.248440509
   55.104413792    0.003544989    0.250942369
   55.132759684    0.011130974    0.253449819
   55.161105576    0.019874240    0.255964853
   55.189451468    0.029589952    0.258489344
   55.217797360    0.040015690    0.261024838
   55.246143252    0.050863328    0.263572445
   55.274489143    0.061872309    0.266132843
   55.302835035    0.072852044    0.268706441
   55.331180927    0.083704608    0.271293631
   55.359526819    0.094424430    0.273895094
   55.387872711    0.105077503    0.276512027
   55.416218603    0.115767368    0.279146245
   55.444564495    0.126597581    0.281800077
   55.472910387    0.137640087    0.284476067
   55.501256278    0.148916290    0.287176539
   55.529602170    0.160393503    0.289903120
   55.557948062    0.171995143    0.292656346
   55.586293954    0.183619765    0.295435476
   55.614639846    0.195162432    0.298238554
   55.642985738    0.206532423    0.301062753
   55.671331630    0.217663342    0.303904913
   55.699677521    0.228514621    0.306762161
   55.728023413    0.239066182    0.309632461
   55.756369305    0.249309883    0.312514968
   55.784715197    0.259241781    0.315410085
   55.813061089    0.268858298    0.318319221
   55.841406981    0.278157487    0.321244317
   55.869752873    0.287144433    0.324187254
   55.898098765    0.295838225    0.327149324
   55.926444656    0.304277278    0.330130903
   55.954790548    0.312520317    0.333131416
   55.983136440    0.320641873    0.336149626
   56.011482332    0.328722970    0.339184176
   56.039828224    0.336839428    0.342234246
   56.068174116    0.345051077    0.345300156
   56.096520008    0.353395013    0.348383742
   56.124865900    0.361884888    0.351488421
   56.153211791    0.370516404    0.354618873
   56.181557683    0.379277333    0.357780435
   56.209903575    0.388159042    0.360978328
   56.238249467    0.397166058    0.364216875
   56.266595359    0.406320849    0.367498913
   56.294941251    0.415662420    0.370825492
   56.323287143    0.425239198    0.374195935
   56.351633034    0.435098316    0.377608193
   56.379978926    0.445274447    0.381059414
   56.408324818    0.455781360    0.384546546
   56.436670710    0.466608534    0.388066831
   56.465016602    0.477723613    0.391618078
   56.493362494    0.489079786    0.395198655
   56.521708386    0.500625808    0.398807241
   56.550054278    0.512315706    0.402442422
   56.578400169    0.524115461    0.406102267
   56.606746061    0.536004932    0.409783996
   56.635091953    0.547974772    0.413483857
   56.663437845    0.560019509    0.417197214
   56.691783737    0.572129033    0.420918834
   56.720129629    0.584281017    0.424643281
   56.748475521    0.596436420    0.428365308
   56.776821412    0.608539151    0.432080158
   56.805167304    0.620519773    0.435783694
   56.833513196    0.632301957    0.439472371
   56.861859088    0.643809781    0.443143086
   56.890204980    0.654973926    0.446792985
   56.918550872    0.665735411    0.450419335
   56.946896764    0.676046436    0.454019523
   56.975242656    0.685868883    0.457591212
   57.003588547    0.695171751    0.461132644
   57.031934439    0.703929027    0.464643000
   57.060280331    0.712119187    0.468122738
   57.088626223    0.719726796    0.471573800
   57.116972115    0.726745827    0.474999633
   57.145318007    0.733183555    0.478404994
   57.173663899    0.739063530    0.481795588
   57.202009791    0.744426296    0.485177616
   57.230355682    0.749327079    0.488557323
   57.258701574    0.753830554    0.491940661
   57.287047466    0.758003648    0.495333108
   57.315393358    0.761907932    0.498739653
   57.343739250    0.765593294    0.502164923
   57.372085142    0.769094281    0.505613346
   57.400431034    0.772429756    0.509089291
   57.428776925    0.775605686    0.512597083
   57.457122817    0.778620070    0.516140876
   57.485468709    0.781468561    0.519724386
   57.513814601    0.784149305    0.523350549
   57.542160493    0.786665882    0.527021178
   57.570506385    0.789027877    0.530736724
   57.598852277    0.791249346    0.534496195
   57.627198169    0.793345978    0.538297248
   57.655544060    0.795332061    0.542136453
   57.683889952    0.797218241    0.546009630
   57.712235844    0.799010688    0.549912200
   57.740581736    0.800711780    0.553839446
   57.768927628    0.802321869    0.557786647
   57.797273520    0.803841410    0.561749070
   57.825619412    0.805272685    0.565721849
   57.853965303    0.806620552    0.569699835
   57.882311195    0.807892070    0.573677483
   57.910657087    0.809095219    0.577648846
   57.939002979    0.810237273    0.581607707
   57.967348871    0.811323450    0.585547838
   57.995694763    0.812356333    0.589463317
   58.024040655    0.813336250    0.593348845
   58.052386547    0.814262446    0.597199966
   58.080732438    0.815134591    0.601013150
   58.109078330    0.815954061    0.604785727
   58.137424222    0.816724521    0.608515697
   58.165770114    0.817451590    0.612201510
   58.194116006    0.818141713    0.615841876
   58.222461898    0.818800641    0.619435707
   58.250807790    0.819432082    0.622982205
   58.279153682    0.820036995    0.626481103
   58.307499573    0.820613824    0.629932984
   58.335845465    0.821159593    0.633339582
   58.364191357    0.821671514    0.636703967
   58.392537249    0.822148546    0.640030523
   58.420883141    0.822592379    0.643324691
   58.449229033    0.823007462    0.646592493
   58.477574925    0.823400064    0.649839927
   58.505920816    0.823776648    0.653072357
   58.534266708    0.824142098    0.656294005
   58.562612600    0.824498411    0.659507673
   58.590958492    0.824844284    0.662714722
   58.619304384    0.825175793    0.665915311
   58.647650276    0.825487936    0.669108807
   58.675996168    0.825776572    0.672294254
   58.704342060    0.826040104    0.675470785
   58.732687951    0.826280353    0.678637852
   58.761033843    0.826502309    0.681795249
   58.789379735    0.826712821    0.684942908
   58.817725627    0.826918630    0.688080560
   58.846071519    0.827124377    0.691207349
   58.874417411    0.827331244    0.694321527
   58.902763303    0.827536674    0.697420318
   58.931109194    0.827735299    0.700500000
   58.959455086    0.827920788    0.703556200
   58.987800978    0.828088029    0.706584338
   59.016146870    0.828234963    0.709580121
   59.044492762    0.828363444    0.712539971
   59.072838654    0.828478855    0.715461312
   59.101184546    0.828588566    0.718342650
   59.129530438    0.828699724    0.721183450
   59.157876329    0.828817066    0.723983862
   59.186222221    0.828941473    0.726744364
   59.214568113    0.829069723    0.729465417
   59.242914005    0.829195558    0.732147213
   59.271259897    0.829311727    0.734789553
   59.299605789    0.829412376    0.737391863
   59.327951681    0.829495017    0.739953334
   59.356297573    0.829561448    0.742473112
   59.384643464    0.829617308    0.744950495
   59.412989356    0.829670403    0.747385086
   59.441335248    0.829728313    0.749776863
   59.469681140    0.829796045    0.752126171
   59.498027032    0.829874465    0.754433660
   59.526372924    0.829960033    0.756700188
   59.554718816    0.830045928    0.758926732
   59.583064707    0.830124229    0.761114336
   59.611410599    0.830188460    0.763264080
   59.639756491    0.830235704    0.765377083
   59.668102383    0.830267605    0.767454514
   59.696448275    0.830289933    0.769497583
   59.724794167    0.830310834    0.771507502
   59.753140059    0.830338309    0.773485416
   59.781485951    0.830377716    0.775432311
   59.809831842    0.830430086    0.777348925
   59.838177734    0.830491786    0.779235686
   59.866523626    0.830555660    0.781092692
   59.894869518    0.830613287    0.782919749
   59.923215410    0.830657657    0.784716448
   59.951561302    0.830685421    0.786482267
   59.979907194    0.830697997    0.788216670
   60.008253085    0.830701183    0.789919170
   60.036598977    0.830703381    0.791589347
   60.064944869    0.830712982    0.793226821
   60.093290761    0.830735742    0.794831176
   60.121636653    0.830772966    0.796401887
   60.149982545    0.830821087    0.797938245
   60.178328437    0.830872772    0.799439335
   60.206674329    0.830919226    0.800904051
   60.235020220    0.830952971    0.802331165
   60.263366112    0.830970218    0.803719419
   60.291712004    0.830972099    0.805067631
   60.320057896    0.830964349    0.806374770
   60.348403788    0.830955541    0.807640005
   60.376749680    0.830954410    0.808862698
   60.405095572    0.830967120    0.810042370
   60.433441464    0.830995320    0.811178637
   60.461787355    0.831035611    0.812271152
   60.490133247    0.831080601    0.813319575
   60.518479139    0.831121220    0.814323564
   60.546825031    0.831149569    0.815282822
   60.575170923    0.831161420    0.816197152
   60.603516815    0.831157569    0.817066536
   60.631862707    0.831143611    0.817891199
   60.660208598    0.831128212    0.818671648
   60.688554490    0.831120403    0.819408678
   60.716900382    0.831126752    0.820103355
   60.745246274    0.831149292    0.820756971
   60.773592166    0.831184876    0.821371001
   60.801938058    0.831226146    0.821947065
   60.830283950    0.831263837    0.822486902
   60.858629842    0.831289685    0.822992368
   60.886975733    0.831299025    0.823465436
   60.915321625    0.831292279    0.823908189
   60.943667517    0.831274840    0.824322805
   60.972013409    0.831255399    0.824711507
   61.000359301    0.831243233    0.825076507
   61.028705193    0.831245295    0.825419917
   61.057051085    0.831264034    0.825743673
   61.085396976    0.831296609    0.826049471
   61.113742868    0.831335776    0.826338738
   61.142088760    0.831372148    0.826612630
   61.170434652    0.831397136    0.826872079
   61.198780544    0.831405652    0.827117846
   61.227126436    0.831397714    0.827350602
   61.255472328    0.831378454    0.827570979
   61.283818220    0.831356526    0.827779620
   61.312164111    0.831341397    0.827977185
   61.340510003    0.831340387    0.828164341
   61.368855895    0.831356369    0.828341739
   61.397201787    0.831386858    0.828509980
   61.425547679    0.831424785    0.828669597
   61.453893571    0.831460705    0.828821046
   61.482239463    0.831485753    0.828964727
   61.510585355    0.831494428    0.829101000
   61.538931246    0.831486320    0.829230219
   61.567277138    0.831466255    0.829352751
   61.595623030    0.831442787    0.829468982
   61.623968922    0.831425526    0.829579314
   61.652314814    0.831422130    0.829684137
   61.680660706    0.831435903    0.829783811
   61.709006598    0.831464755    0.829878642
   61.737352489    0.831501851    0.829968877
   61.765698381    0.831537746    0.830054709
   61.794044273    0.831563341    0.830136299
   61.822390165    0.831572736    0.830213806
   61.850736057    0.831565082    0.830287407
   61.879081949    0.831544852    0.830357316
   61.907427841    0.831520448    0.830423779
   61.935773733    0.831501571    0.830487059
   61.964119624    0.831496192    0.830547409
   61.992465516    0.831508049    0.830605047
   62.020811408    0.831535474    0.830660135
   62.049157300    0.831571917    0.830712776
   62.077503192    0.831607987    0.830763028
   62.105849084    0.831634393    0.830810928
   62.134194976    0.831644854    0.830856523
   62.162540867    0.831638063    0.830899895
   62.190886759    0.831618106    0.830941175
   62.219232651    0.831593180    0.830980532
   62.247578543    0.831573035    0.831018159
   62.275924435    0.831565922    0.831054238
   62.304270327    0.831576011    0.831088914
   62.332616219    0.831602087    0.831122275
   62.360962111    0.831637925    0.831154350
   62.389308002    0.831674237    0.831185124
   62.417653894    0.831701581    0.831214567
   62.445999786    0.831713308    0.831242664
   62.474345678    0.831707648    0.831269445
   62.502691570    0.831688263    0.831294992
   62.531037462    0.831663102    0.831319437
   62.559383354    0.831641918    0.831342933
   62.587729246    0.831633218    0.831365628
   62.616075137    0.831641602    0.831387630
   62.644421029    0.831666325    0.831408989
   62.672766921    0.831701529    0.831429696
   62.701112813    0.831738076    0.831449697
   62.729458705    0.831766403    0.831468924
   62.757804597    0.831779515    0.831487327
   62.786150489    0.831775166    0.831504905
   62.814496380    0.831756570    0.831521715
   62.842842272    0.831731386    0.831537866
   62.871188164    0.831709332    0.831553493
   62.899534056    0.831699145    0.831568726
   62.927879948    0.831705849    0.831583656
   62.956225840    0.831729186    0.831598317
   62.984571732    0.831763701    0.831612678
   63.012917624    0.831800441    0.831626663
   63.041263515    0.831829760    0.831640184
   63.069609407    0.831844328    0.831653171
   63.097955299    0.831841423    0.831665603
   63.126301191    0.831823781    0.831677521
   63.154647083    0.831798741    0.831689021
   63.182992975    0.831775948    0.831700228
   63.211338867    0.831764346    0.831711266
   63.239684758    0.831769375    0.831722218
   63.268030650    0.831791282    0.831733109
   63.296376542    0.831825038    0.831743899
   63.324722434    0.831861914    0.831754502
   63.353068326    0.831892204    0.831764816
   63.381414218    0.831908263    0.831774758
   63.409760110    0.831906890    0.831784294
   63.438106002    0.831890326    0.831793455
   63.466451893    0.831865557    0.831802327
   63.494797785    0.831842129    0.831811033
   63.523143677    0.831829166    0.831819690
   63.551489569    0.831832521    0.831828383
   63.579835461    0.831852950    0.831837132
   63.608181353    0.831885875    0.831845895
   63.636527245    0.831922817    0.831854582
   63.664873137    0.831954043    0.831863081
   63.693219028    0.831971604    0.831871300
   63.721564920    0.831971821    0.831879198
   63.749910812    0.831956430    0.831886795
   63.778256704    0.831932038    0.831894173
   63.806602596    0.831908065    0.831901451
   63.834948488    0.831893795    0.831908746
   63.863294380    0.831895481    0.831916143
   63.891640271    0.831914394    0.831923665
   63.919986163    0.831946424    0.831931270
   63.948332055    0.831983367    0.831938864
   63.976677947    0.832015482    0.831946333
   64.005023839    0.832034539    0.831953577
   64.033369731    0.832036384    0.831960546
   64.061715623    0.832022237    0.831967256
   64.090061515    0.831998314    0.831973782
   64.118407406    0.831973878    0.831980241
   64.146753298    0.831958355    0.831986751
   64.175099190    0.831958387    0.831993399
   64.203445082    0.831975757    0.832000212
   64.231790974    0.832006834    0.832007149
   64.260136866    0.832043708    0.832014118
   64.288482758    0.832076656    0.832021000
   64.316828649    0.832097182    0.832027692
   64.345174541    0.832100669    0.832034137
   64.373520433    0.832087820    0.832040343
   64.401866325    0.832064440    0.832046382
   64.430212217    0.832039621    0.832052368
   64.458558109    0.832022906    0.832058420
   64.486904001    0.832021308    0.832064629
   64.515249893    0.832037118    0.832071025
   64.543595784    0.832067190    0.832077573
   64.571941676    0.832103924    0.832084180
   64.600287568    0.832137638    0.832090728
   64.628633460    0.832159593    0.832097109
   64.656979352    0.832164720    0.832103259
   64.685325244    0.832153207    0.832109180
   64.713671136    0.832130439    0.832114941
   64.742017028    0.832105317    0.832120651
   64.770362919    0.832087479    0.832126433
   64.798708811    0.832084288    0.832132380
   64.827054703    0.832098533    0.832138528
   64.855400595    0.832127554    0.832144845
   64.883746487    0.832164077    0.832151242
   64.912092379    0.832198482    0.832157600
   64.940438271    0.832221809    0.832163808
   64.968784162    0.832228559    0.832169795
   64.997130054    0.832218410    0.832175559
   65.025475946    0.832196321    0.832181162
   65.053821838    0.832170981    0.832186712
   65.082167730    0.832152099    0.832192331
   65.110513622    0.832147363    0.832198118
   65.138859514    0.832160045    0.832204113
   65.167205406    0.832187972    0.832210291
   65.195551297    0.832224208    0.832216564
   65.223897189    0.832259217    0.832222815
   65.252243081    0.832283849    0.832228928
   65.280588973    0.832292193    0.832234829
   65.308934865    0.832283429    0.832240508
   65.337280757    0.832262084    0.832246022
   65.365626649    0.832236617    0.832251478
   65.393972540    0.832216777    0.832256998
   65.422318432    0.832210555    0.832262683
   65.450664324    0.832221683    0.832268581
   65.479010216    0.832248473    0.832274670
   65.507356108    0.832284339    0.832280869
   65.535702000    0.832319859    0.832287059
   65.564047892    0.832345717    0.832293123
   65.592393784    0.832355620    0.832298981
   65.620739675    0.832348259    0.832304618
   65.649085567    0.832327727    0.832310084
   65.677431459    0.832302230    0.832315485
   65.705777351    0.832281529    0.832320941
   65.734123243    0.832273883    0.832326559
   65.762469135    0.832283470    0.832332391
   65.790815027    0.832309079    0.832338422
   65.819160919    0.832344489    0.832344574
   65.847506810    0.832380416    0.832350730
   65.875852702    0.832407416    0.832356771
   65.904198594    0.832418837    0.832362612
   65.932544486    0.832412899    0.832368232
   65.960890378    0.832393251    0.832373675
   65.989236270    0.832367828    0.832379043
   66.017582162    0.832346367    0.832384458
   66.045928053    0.832337365    0.832390029
   66.074273945    0.832345423    0.832395813
   66.102619837    0.832369801    0.832401803
   66.130965729    0.832404662    0.832407924
   66.159311621    0.832440888    0.832414061
   66.187657513    0.832468941    0.832420093
   66.216003405    0.832481840    0.832425932
   66.244349297    0.832477346    0.832431548
   66.272695188    0.832458658    0.832436983
   66.301041080    0.832433415    0.832442332
   66.329386972    0.832411298    0.832447719
   66.357732864    0.832401009    0.832453254
   66.386078756    0.832407545    0.832459002
   66.414424648    0.832430642    0.832464960
   66.442770540    0.832464855    0.832471058
   66.471116431    0.832501270    0.832477185
   66.499462323    0.832530287    0.832483217
   66.527808215    0.832544626    0.832489061
   66.556154107    0.832541601    0.832494683
   66.584499999    0.832523955    0.832500117
   66.612845891    0.832499001    0.832505456
   66.641191783    0.832476333    0.832510823
   66.669537675    0.832464820    0.832516330
   66.697883566    0.832469840    0.832522048
   66.726229458    0.832491598    0.832527979
   66.754575350    0.832525065    0.832534061
   66.782921242    0.832561558    0.832540181
   66.811267134    0.832591454    0.832546217
   66.839613026    0.832607201    0.832552072
   66.867958918    0.832605673    0.832557704
   66.896304810    0.832589151    0.832563144
   66.924650701    0.832564596    0.832568478
   66.952996593    0.832541475    0.832573830
   66.981342485    0.832528797    0.832579314
   67.009688377    0.832532301    0.832585005
   67.038034269    0.832552661    0.832590913
   67.066380161    0.832585284    0.832596979
   67.094726053    0.832621750    0.832603095
   67.123071944    0.832652446    0.832609137
   67.151417836    0.832669572    0.832615005
   67.179763728    0.832669575    0.832620651
   67.208109620    0.832654258    0.832626099
   67.236455512    0.832630205    0.832631433
   67.264801404    0.832606724    0.832636773
   67.293147296    0.832592934    0.832642237
   67.321493188    0.832594916    0.832647904
   67.349839079    0.832613819    0.832653790
   67.378184971    0.832645504    0.832659841
   67.406530863    0.832681845    0.832665954
   67.434876755    0.832713270    0.832672003
   67.463222647    0.832731754    0.832677885
   67.491568539    0.832733322    0.832683547
   67.519914431    0.832719287    0.832689006
   67.548260322    0.832695832    0.832694342
   67.576606214    0.832672074    0.832699674
   67.604952106    0.832657216    0.832705120
   67.633297998    0.832657670    0.832710764
   67.661643890    0.832675060    0.832716629
   67.689989782    0.832705721    0.832722666
   67.718335674    0.832741849    0.832728774
   67.746681566    0.832773941    0.832734830
   67.775027457    0.832793766    0.832740727
   67.803373349    0.832796931    0.832746406
   67.831719241    0.832784248    0.832751878
   67.860065133    0.832761476    0.832757219
   67.888411025    0.832737515    0.832762543
   67.916756917    0.832721627    0.832767973
   67.945102809    0.832720544    0.832773596
   67.973448701    0.832736372    0.832779440
   68.001794592    0.832765933    0.832785462
   68.030140484    0.832801771    0.832791566
   68.058486376    0.832834477    0.832797629
   68.086832268    0.832855628    0.832803540
   68.115178160    0.832860418    0.832809236
   68.143524052    0.832849147    0.832814723
   68.171869944    0.832827130    0.832820070
   68.200215835    0.832803028    0.832825389
   68.228561727    0.832786143    0.832830804
   68.256907619    0.832783520    0.832836406
   68.285253511    0.832797744    0.832842229
   68.313599403    0.832826145    0.832848236
   68.341945295    0.832861630    0.832854335
   68.370291187    0.832894903    0.832860403
   68.398637079    0.832917365    0.832866329
   68.426982970    0.832923797    0.832872043
   68.455328862    0.832913984    0.832877546
   68.483674754    0.832892781    0.832882900
   68.512020646    0.832868590    0.832888216
   68.540366538    0.832850742    0.832893617
   68.568712430    0.832846580    0.832899199
   68.597058322    0.832859175    0.832905000
   68.625404213    0.832886368    0.832910991
   68.653750105    0.832921447    0.832917084
   68.682095997    0.832955244    0.832923157
   68.710441889    0.832978996    0.832929097
   68.738787781    0.832987077    0.832934830
   68.767133673    0.832978754    0.832940349
   68.795479565    0.832958410    0.832945712
   68.823825457    0.832934177    0.832951026
   68.852171348    0.832915398    0.832956415
   68.880517240    0.832909710    0.832961976
   68.908863132    0.832920664    0.832967756
   68.937209024    0.832946617    0.832973730
   68.965554916    0.832981247    0.832979815
   68.993900808    0.833015527    0.832985893
   69.022246700    0.833040540    0.832991846
   69.050592592    0.833050263    0.832997598
   69.078938483    0.833043444    0.833003134
   69.107284375    0.833023993    0.833008507
   69.135630267    0.832999762    0.833013821
   69.163976159    0.832980093    0.833019197
   69.192322051    0.832972905    0.833024739
   69.220667943    0.832982221    0.833030497
   69.249013835    0.833006914    0.833036454
   69.277359726    0.833041057    0.833042531
   69.305705618    0.833075774    0.833048612
   69.334051510    0.833102009    0.833054578
   69.362397402    0.833113350    0.833060349
   69.390743294    0.833108036    0.833065903
   69.419089186    0.833089504    0.833071287
   69.447435078    0.833065318    0.833076601
   69.475780970    0.833044809    0.833081967
   69.504126861    0.833036161    0.833087489
   69.532472753    0.833043859    0.833093225
   69.560818645    0.833067284    0.833099163
   69.589164537    0.833100905    0.833105231
   69.617510429    0.833136007    0.833111314
   69.645856321    0.833163408    0.833117294
   69.674202213    0.833176329    0.833123084
   69.702548104    0.833172509    0.833128656
   69.730893996    0.833154917    0.833134052
   69.759239888    0.833130824    0.833139368
   69.787585780    0.833109536    0.833144723
   69.815931672    0.833099486    0.833150226
   69.844277564    0.833105599    0.833155940
   69.872623456    0.833127754    0.833161859
   69.900969348    0.833160815    0.833167917
   69.929315239    0.833196239    0.833174002
   69.957661131    0.833224738    0.833179994
   69.986007023    0.833239183    0.833185803
   70.014352915    0.833236837    0.833191395
   70.042698807    0.833220206    0.833196803
   70.071044699    0.833196264    0.833202121
   70.099390591    0.833174273    0.833207466
   70.127736483    0.833162892    0.833212951
   70.156082374    0.833167463    0.833218642
   70.184428266    0.833188348    0.833224542
   70.212774158    0.833220806    0.833230590
   70.241120050    0.833256476    0.833236675
   70.269465942    0.833285988    0.833242679
   70.297811834    0.833301894    0.833248507
   70.326157726    0.833300996    0.833254118
   70.354503617    0.833285351    0.833259540
   70.382849509    0.833261628    0.833264860
   70.411195401    0.833239025    0.833270197
   70.439541293    0.833226396    0.833275663
   70.467887185    0.833229476    0.833281332
   70.496233077    0.833249090    0.833287212
   70.524578969    0.833280891    0.833293248
   70.552924861    0.833316717    0.833299335
   70.581270752    0.833347146    0.833305350
   70.609616644    0.833364438    0.833311196
   70.637962536    0.833364964    0.833316827
   70.666308428    0.833350338    0.833322263
   70.694654320    0.833326914    0.833327587
   70.723000212    0.833303803    0.833332915
   70.751346104    0.833290019    0.833338363
   70.779691995    0.833291658    0.833344009
   70.808037887    0.833309993    0.833349870
   70.836383779    0.833341072    0.833355894
   70.864729671    0.833376952    0.833361980
   70.893075563    0.833408191    0.833368007
   70.921421455    0.833426795    0.833373871
   70.949767347    0.833428725    0.833379522
   70.978113239    0.833415161    0.833384972
   71.006459130    0.833392131    0.833390300
   71.034805022    0.833368626    0.833395620
   71.063150914    0.833353783    0.833401051
   71.091496806    0.833354029    0.833406675
   71.119842698    0.833371068    0.833412515
   71.148188590    0.833401346    0.833418527
   71.176534482    0.833437167    0.833424613
   71.204880374    0.833469104    0.833430650
   71.233226265    0.833488945    0.833436533
   71.261572157    0.833492269    0.833442202
   71.289918049    0.833479824    0.833447667
   71.318263941    0.833457292    0.833452999
   71.346609833    0.833433512    0.833458312
   71.374955725    0.833417707    0.833463725
   71.403301617    0.833416600    0.833469328
   71.431647508    0.833432312    0.833475148
   71.459993400    0.833461700    0.833481149
   71.488339292    0.833497341    0.833487233
   71.516685184    0.833529864    0.833493280
   71.545031076    0.833550877    0.833499181
   71.573376968    0.833555595    0.833504869
   71.601722860    0.833544336    0.833510348
   71.630068752    0.833522417    0.833515684
   71.658414643    0.833498483    0.833520990
   71.686760535    0.833481804    0.833526387
   71.715106427    0.833479372    0.833531968
   71.743452319    0.833493716    0.833537769
   71.771798211    0.833522115    0.833543758
   71.800144103    0.833557454    0.833549842
   71.828489995    0.833590457    0.833555899
   71.856835886    0.833612585    0.833561816
   71.885181778    0.833618712    0.833567523
   71.913527670    0.833608718    0.833573016
   71.941873562    0.833587528    0.833578356
   71.970219454    0.833563557    0.833583654
   71.998565346    0.833546083    0.833589034
   72.026911238    0.833542340    0.833594594
   72.055257130    0.833555262    0.833600377
   72.083603021    0.833582568    0.833606356
   72.111948913    0.833617486    0.833612441
   72.140294805    0.833650872    0.833618510
   72.168640697    0.833674075    0.833624445
   72.196986589    0.833681637    0.833630169
   72.225332481    0.833672994    0.833635671
   72.253678373    0.833652646    0.833641009
   72.282024265    0.833628746    0.833646295
   72.310370156    0.833610540    0.833651655
   72.338716048    0.833605487    0.833657196
   72.367061940    0.833616925    0.833662967
   72.395407832    0.833643034    0.833668946
   72.423753724    0.833677420    0.833675045
   72.452099616    0.833711109    0.833681137
   72.480445508    0.833735362    0.833687093
   72.508791399    0.833744396    0.833692825
   72.537137291    0.833737190    0.833698310
   72.565483183    0.833717793    0.833703604
   72.593829075    0.833694054    0.833708828
   72.622174967    0.833675164    0.833714134
   72.650520859    0.833668789    0.833719670
   72.678866751    0.833678675    0.833725542
   72.707212643    0.833703491    0.833731794
   72.735558534    0.833737249    0.833738406
   72.763904426    0.833771178    0.833745318
   72.792250318    0.833796470    0.833752455
   72.820596210    0.833807020    0.833759768
   72.848942102    0.833801334    0.833767256
   72.877287994    0.833782980    0.833774974
   72.905633886    0.833759476    0.833783024
   72.933979777    0.833739932    0.833791526
   72.962325669    0.833732212    0.833800580
   72.990671561    0.833740483    0.833810240
   73.019017453    0.833763921    0.833820494
   73.047363345    0.833796973    0.833831270
   73.075709237    0.833831098    0.833842454
   73.104055129    0.833857430    0.833853929
   73.132401021    0.833869542    0.833865610
   73.160746912    0.833865448    0.833877469
   73.189092804    0.833848214    0.833889546
   73.217438696    0.833824997    0.833901935
   73.245784588    0.833804813    0.833914757
   73.274130480    0.833795722    0.833928119
   73.302476372    0.833802320    0.833942083
   73.330822264    0.833824312    0.833956646
   73.359168156    0.833856603    0.833971740
   73.387514047    0.833890898    0.833987256
   73.415859939    0.833918280    0.834003073
   73.444205831    0.833931995    0.834019102
   73.472551723    0.833929550    0.834035309
   73.500897615    0.833913488    0.834051727
   73.529243507    0.833890591    0.834068447
   73.557589399    0.833869769    0.834085588
   73.585935290    0.833859282    0.834103262
   73.614281182    0.833864164    0.834121534
   73.642627074    0.833884663    0.834140409
   73.670972966    0.833916160    0.834159823
   73.699318858    0.833950614    0.834179670
   73.727664750    0.833979061    0.834199828
   73.756010642    0.833994410    0.834220203
   73.784356534    0.833993649    0.834240757
   73.812702425    0.833978787    0.834261516
   73.841048317    0.833956224    0.834282568
   73.869394209    0.833934759    0.834304031
   73.897740101    0.833922855    0.834326016
   73.926085993    0.833925996    0.834348598
   73.954431885    0.833944982    0.834371784
   73.982777777    0.833975675    0.834395517
   74.011123668    0.834010290    0.834419693
   74.039469560    0.834039812    0.834444191
   74.067815452    0.834056808    0.834468912
   74.096161344    0.834057745    0.834493813
   74.124507236    0.834044088    0.834518915
   74.152853128    0.834021854    0.834544300
   74.181199020    0.833999740    0.834570085
   74.209544912    0.833986413    0.834596384
   74.237890803    0.833987810    0.834623274
   74.266236695    0.834005287    0.834650771
   74.294582587    0.834035185    0.834678822
   74.322928479    0.834069969    0.834707325
   74.351274371    0.834100570    0.834736161
   74.379620263    0.834119209    0.834765229
   74.407966155    0.834121828    0.834794477
   74.436312047    0.834109357    0.834823923
   74.464657938    0.834087438    0.834853642
   74.493003830    0.834064669    0.834883751
   74.521349722    0.834049927    0.834914364
   74.549695614    0.834049604    0.834945563
   74.578041506    0.834065601    0.834977369
   74.606387398    0.834094730    0.835009736
   74.634733290    0.834129697    0.835042566
   74.663079181    0.834161369    0.835075740
   74.691425073    0.834181624    0.835109154
   74.719770965    0.834185884    0.835142751
   74.748116857    0.834174561    0.835176541
   74.776462749    0.834152931    0.835210596
   74.804808641    0.834129506    0.835245029
   74.833154533    0.834113377    0.835279956
   74.861500425    0.834111380    0.835315464
   74.889846316    0.834125951    0.835351578
   74.918192208    0.834154353    0.835388260
   74.946538100    0.834189518    0.835425416
   74.974883992    0.834222243    0.835462927
   75.003229884    0.834244064    0.835500687
   75.031575776    0.834249903    0.835538633
   75.059921668    0.834239666    0.835576770
   75.088267559    0.834218289    0.835615162
   75.116613451    0.834194208    0.835653920
   75.144959343    0.834176732    0.835693161
   75.173305235    0.834173131    0.835732976
   75.201651127    0.834186353    0.835773397
   75.229997019    0.834214090    0.835814394
   75.258342911    0.834249479    0.835855875
   75.286688803    0.834283238    0.835897723
   75.315034694    0.834306564    0.835939829
   75.343380586    0.834313893    0.835982126
   75.371726478    0.834304654    0.836024609
   75.400072370    0.834283466    0.836067339
   75.428418262    0.834258713    0.836110422
   75.456764154    0.834239927    0.836153977
   75.485110046    0.834234805    0.836198098
   75.513455938    0.834246790    0.836242827
   75.541801829    0.834273969    0.836288136
   75.570147721    0.834309655    0.836333942
   75.598493613    0.834344463    0.836380128
   75.626839505    0.834369239    0.836426582
   75.655185397    0.834377941    0.836473229
   75.683531289    0.834369545    0.836520060
   75.711877181    0.834348393    0.836567128
   75.740223072    0.834322861    0.836614536
   75.768568964    0.834302743    0.836662403
   75.796914856    0.834296187    0.836710831
   75.825260748    0.834307126    0.836759865
   75.853606640    0.834334009    0.836809487
   75.881952532    0.834370260    0.836859618
   75.910298424    0.834406304    0.836910143
   75.938644316    0.834432559    0.836960945
   75.966990207    0.834442448    0.837011945
   75.995336099    0.834434494    0.837063123
   76.023681991    0.834412834    0.837114529
   76.052027883    0.834385976    0.837166260
   76.080373775    0.834364170    0.837218439
   76.108719667    0.834356212    0.837271170
   76.137065559    0.834366650    0.837324509
   76.165411450    0.834394296    0.837378444
   76.193757342    0.834432491    0.837432902
   76.222103234    0.834471081    0.837487768
   76.250449126    0.834499509    0.837542922
   76.278795018    0.834510090    0.837598276
   76.307140910    0.834500481    0.837653804
   76.335486802    0.834474587    0.837709544
   76.363832694    0.834441653    0.837765595
   76.392178585    0.834413798    0.837822080
   76.420524477    0.834402755    0.837879110
   76.448870369    0.834416783    0.837936752
   76.477216261    0.834458678    0.837995003
   76.505562153    0.834525424    0.838053794
   76.533908045    0.834609552    0.838113010
   76.562253937    0.834701725    0.838172526
   76.590599829    0.834793715    0.838232241
   76.618945720    0.834880836    0.838292116
   76.647291612    0.834963082    0.838352181
   76.675637504    0.835044667    0.838412533
   76.703983396    0.835132164    0.838473300
   76.732329288    0.835231870    0.838534610
   76.760675180    0.835347306    0.838596547
   76.789021072    0.835477656    0.838659129
   76.817366963    0.835617675    0.838722297
   76.845712855    0.835759105    0.838785933
   76.874058747    0.835893132    0.838849887
   76.902404639    0.836013111    0.838914016
   76.930750531    0.836116668    0.838978218
   76.959096423    0.836206486    0.839042448
   76.987442315    0.836289524    0.839106719
   77.015788207    0.836374870    0.839171082
   77.044134098    0.836470926    0.839235598
   77.072479990    0.836582774    0.839300305
   77.100825882    0.836710578    0.839365198
   77.129171774    0.836849523    0.839430219
   77.157517666    0.836991303    0.839495274
   77.185863558    0.837126718    0.839560257
   77.214209450    0.837248551    0.839625085
   77.242555341    0.837353827    0.839689718
   77.270901233    0.837444750    0.839754179
   77.299247125    0.837528017    0.839818544
   77.327593017    0.837612719    0.839882919
   77.355938909    0.837707500    0.839947409
   77.384284801    0.837817849    0.840012084
   77.412630693    0.837944383    0.840076956
   77.440976585    0.838082653    0.840141977
   77.469322476    0.838224541    0.840207050
   77.497668368    0.838360800    0.840272063
   77.526014260    0.838483951    0.840336920
   77.554360152    0.838590618    0.840401574
   77.582706044    0.838682584    0.840466042
   77.611051936    0.838766229    0.840530397
   77.639397828    0.838850529    0.840594750
   77.667743720    0.838944245    0.840659212
   77.696089611    0.839053189    0.840723861
   77.724435503    0.839178404    0.840788717
   77.752781395    0.839315849    0.840853734
   77.781127287    0.839457663    0.840918818
   77.809473179    0.839594633    0.840983851
   77.837819071    0.839719066    0.841048731
   77.866164963    0.839827198    0.841113404
   77.894510854    0.839920358    0.841177881
   77.922856746    0.840004549    0.841242232
   77.951202638    0.840088568    0.841306569
   77.979548530    0.840181251    0.841371008
   78.007894422    0.840288721    0.841435634
   78.036240314    0.840412477    0.841500473
   78.064586206    0.840548934    0.841565485
   78.092932098    0.840690551    0.841630575
   78.121277989    0.840828186    0.841695623
   78.149623881    0.840953951    0.841760524
   78.177969773    0.841063672    0.841825215
   78.206315665    0.841158180    0.841889701
   78.234661557    0.841243048    0.841954050
   78.263007449    0.841326847    0.842018374
   78.291353341    0.841418469    0.842082794
   78.319699232    0.841524361    0.842147398
   78.348045124    0.841646513    0.842212220
   78.376391016    0.841781850    0.842277225
   78.404736908    0.841923193    0.842342319
   78.433082800    0.842061500    0.842407381
   78.461428692    0.842188682    0.842472300
   78.489774584    0.842300124    0.842537008
   78.518120476    0.842396112    0.842601504
   78.546466367    0.842481743    0.842665853
   78.574812259    0.842565334    0.842730167
   78.603158151    0.842655832    0.842794569
   78.631504043    0.842760027    0.842859153
   78.659849935    0.842880446    0.842923959
   78.688195827    0.843014567    0.842988955
   78.716541719    0.843155608    0.843054051
   78.744887611    0.843294633    0.843119125
   78.773233502    0.843423339    0.843184060
   78.801579394    0.843536627    0.843248784
   78.829925286    0.843634197    0.843313291
   78.858271178    0.843720633    0.843377642
   78.886617070    0.843803984    0.843441947
   78.914962962    0.843893260    0.843506332
   78.943308854    0.843995635    0.843570897
   78.971654745    0.844114213    0.843635687
   79.000000637    0.844247066    0.843700674
   79.028346529    0.844387825    0.843765771
   79.056692421    0.844527658    0.843830854
   79.085038313    0.844658009    0.843895804
   79.113384205    0.844773261    0.843960544
   79.141730097    0.844872478    0.844025061
   79.170075989    0.844959710    0.844089415
   79.198421880    0.845042739    0.844153713
   79.226767772    0.845130666    0.844218083
   79.255113664    0.845231091    0.844282631
   79.283459556    0.845347745    0.844347404
   79.311805448    0.845479323    0.844412381
   79.340151340    0.845619878    0.844477478
   79.368497232    0.845760655    0.844542569
   79.396843123    0.845892802    0.844607533
   79.425189015    0.846010126    0.844672287
   79.453534907    0.846111018    0.844736816
   79.481880799    0.846198977    0.844801172
   79.510226691    0.846281535    0.844865464
   79.538572583    0.846367934    0.844929821
   79.566918475    0.846466261    0.844994351
   79.595264367    0.846580927    0.845059109
   79.623610258    0.846711283    0.845124078
   79.651956150    0.846851792    0.845189173
   79.680302042    0.846993730    0.845254271
   79.708647934    0.847127881    0.845319248
   79.736993826    0.847247400    0.845384016
   79.765339718    0.847349956    0.845448553
   79.793685610    0.847438483    0.845512911
   79.822031502    0.847520304    0.845577197
   79.850377393    0.847604880    0.845641541
   79.878723285    0.847700884    0.845706056
   79.907069177    0.847813495    0.845770802
   79.935415069    0.847942761    0.845835765
   79.963760961    0.848083539    0.845900863
   79.992106853    0.848227057    0.845965971
   80.020452745    0.848363602    0.846030959
   80.048798636    0.848485542    0.846095734
   80.077144528    0.848589715    0.846160271
   80.105490420    0.848678462    0.846224618
   80.133836312    0.848758961    0.846288886
   80.162182204    0.848841049    0.846353213
   80.190528096    0.848934199    0.846417724
   80.218873988    0.849044572    0.846482484
   80.247219880    0.849173054    0.846547484
   80.275565771    0.849314904    0.846612634
   80.303911663    0.849461135    0.846677785
   80.332257555    0.849601225    0.846742769
   80.360603447    0.849726343    0.846807439
   80.388949339    0.849832114    0.846871703
   80.417295231    0.849920057    0.846935541
   80.445641123    0.849997257    0.846998995
   80.473987014    0.850074335    0.847062147
   80.502332906    0.850162312    0.847125077
   80.530678798    0.850269285    0.847187831
   80.559024690    0.850397912    0.847250401
   80.587370582    0.850544437    0.847312714
   80.615716474    0.850699541    0.847374659
   80.644062366    0.850850761    0.847436116
   80.672408258    0.850985750    0.847496993
   80.700754149    0.851095423    0.847557255
   80.729100041    0.851176072    0.847616933
   80.757445933    0.851229885    0.847676121
   80.785791825    0.851263767    0.847734940
   80.814137717    0.851286902    0.847793504
   80.842483609    0.851307852    0.847851884
   80.870829501    0.851332082    0.847910086
   80.899175393    0.851360686    0.847968049
   80.927521284    0.851390626    0.848025663
   80.955867176    0.851416356    0.848082804
   80.984213068    0.851432237    0.848139373
   81.012558960    0.851434913    0.848195327
   81.040904852    0.851424853    0.848250691
   81.069250744    0.851406544    0.848305554
   81.097596636    0.851387267    0.848360034
   81.125942527    0.851374861    0.848414251
   81.154288419    0.851375211    0.848468279
   81.182634311    0.851390296    0.848522132
   81.210980203    0.851417453    0.848575753
   81.239326095    0.851450121    0.848629036
   81.267671987    0.851479856    0.848681858
   81.296017879    0.851498994    0.848734114
   81.324363771    0.851503101    0.848785757
   81.352709662    0.851492442    0.848836806
   81.381055554    0.851471962    0.848887342
   81.409401446    0.851449786    0.848937486
   81.437747338    0.851434682    0.848987356
   81.466093230    0.851433286    0.849037033
   81.494439122    0.851447980    0.849086536
   81.522785014    0.851476083    0.849135815
   81.551130905    0.851510651    0.849184767
   81.579476797    0.851542628    0.849233267
   81.607822689    0.851563691    0.849281210
   81.636168581    0.851568885    0.849328542
   81.664514473    0.851558224    0.849375276
   81.692860365    0.851536725    0.849421487
   81.721206257    0.851512862    0.849467295
   81.749552149    0.851495924    0.849512818
   81.777898040    0.851493079    0.849558143
   81.806243932    0.851507103    0.849603295
   81.834589824    0.851535469    0.849648230
   81.862935716    0.851571112    0.849692848
   81.891281608    0.851604629    0.849737027
   81.919627500    0.851627230    0.849780657
   81.947973392    0.851633515    0.849823678
   81.976319284    0.851623199    0.849866096
   82.004665175    0.851601226    0.849907984
   82.033011067    0.851576240    0.849949454
   82.061356959    0.851557878    0.849990630
   82.089702851    0.851553735    0.850031602
   82.118048743    0.851566960    0.850072402
   82.146394635    0.851595243    0.850112991
   82.174740527    0.851631521    0.850153275
   82.203086418    0.851666182    0.850193131
   82.231432310    0.851690088    0.850232447
   82.259778202    0.851697451    0.850271157
   82.288124094    0.851687677    0.850309260
   82.316469986    0.851665564    0.850346822
   82.344815878    0.851639814    0.850383955
   82.373161770    0.851620301    0.850420782
   82.401507662    0.851614967    0.850457400
   82.429853553    0.851627309    0.850493844
   82.458199445    0.851655270    0.850530086
   82.486545337    0.851691870    0.850566035
   82.514891229    0.851727391    0.850601567
   82.543237121    0.851752432    0.850636568
   82.571583013    0.851760869    0.850670966
   82.599928905    0.851751791    0.850704752
   82.628274796    0.851729798    0.850737987
   82.656620688    0.851703563    0.850770781
   82.684966580    0.851683108    0.850803257
   82.713312472    0.851676655    0.850835517
   82.741658364    0.851688034    0.850867605
   82.770004256    0.851715469    0.850899498
   82.798350148    0.851752132    0.850931108
   82.826696040    0.851788284    0.850962314
   82.855041931    0.851814334    0.850992998
   82.883387823    0.851823859    0.851023080
   82.911733715    0.851815625    0.851052546
   82.940079607    0.851793980    0.851081451
   82.968425499    0.851767493    0.851109902
   82.996771391    0.851746260    0.851138024
   83.025117283    0.851738732    0.851165923
   83.053463175    0.851749057    0.851193651
   83.081809066    0.851775775    0.851221190
   83.110154958    0.851812274    0.851248458
   83.138500850    0.851848868    0.851275335
   83.166846742    0.851875838    0.851301696
   83.195192634    0.851886487    0.851327458
   83.223538526    0.851879243    0.851352599
   83.251884418    0.851858155    0.851377168
   83.280230309    0.851831616    0.851401270
   83.308576201    0.851809731    0.851425031
   83.336922093    0.851801141    0.851448563
   83.365267985    0.851810311    0.851471924
   83.393613877    0.851836132    0.851495104
   83.421959769    0.851872268    0.851518024
   83.450305661    0.851909152    0.851540563
   83.478651553    0.851936984    0.851562595
   83.506997444    0.851948811    0.851584029
   83.535343336    0.851942705    0.851604835
   83.563689228    0.851922361    0.851625057
   83.592035120    0.851895938    0.851644798
   83.620381012    0.851873494    0.851664187
   83.648726904    0.851863831    0.851683341
   83.677072796    0.851871739    0.851702325
   83.705418687    0.851896495    0.851721134
   83.733764579    0.851932096    0.851739695
   83.762110471    0.851969150    0.851757885
   83.790456363    0.851997815    0.851775574
   83.818802255    0.852010888    0.851792663
   83.847148147    0.852006058    0.851809116
   83.875494039    0.851986623    0.851824972
   83.903839931    0.851960450    0.851840332
   83.932185822    0.851937508    0.851855328
   83.960531714    0.851926744    0.851870083
   83.988877606    0.851933280    0.851884670
   84.017223498    0.851956821    0.851899091
   84.045569390    0.851991747    0.851913273
   84.073915282    0.852028883    0.851927095
   84.102261174    0.852058374    0.851940419
   84.130607066    0.852072767    0.851953138
   84.158952957    0.852069341    0.851965207
   84.187298849    0.852050951    0.851976660
   84.215644741    0.852025130    0.851987598
   84.243990633    0.852001726    0.851998159
   84.272336525    0.851989818    0.852008475
   84.300682417    0.851994882    0.852018630
   84.329028309    0.852017082    0.852028635
   84.357374200    0.852051222    0.852038418
   84.385720092    0.852088384    0.852047852
   84.414065984    0.852118711    0.852056785
   84.442411876    0.852134495    0.852065091
   84.470757768    0.852132580    0.852072709
   84.499103660    0.852115342    0.852079661
   84.527449552    0.852089944    0.852086053
   84.555795444    0.852066091    0.852092042
   84.584141335    0.852052995    0.852097804
   84.612487227    0.852056500    0.852103484
   84.640833119    0.852077260    0.852109164
   84.669179011    0.852110537    0.852114857
   84.697524903    0.852147690    0.852120511
   84.725870795    0.852178872    0.852126043
   84.754216687    0.852196108    0.852131374
   84.782562578    0.852195784    0.852136469
   84.810908470    0.852179772    0.852141348
   84.839254362    0.852154839    0.852146090
   84.867600254    0.852130535    0.852150811
   84.895946146    0.852116209    0.852155624
   84.924292038    0.852118088    0.852160606
   84.952637930    0.852137340    0.852165772
   84.980983822    0.852169706    0.852171068
   85.009329713    0.852206834    0.852176387
